pod,group,below_n_min,ateco_l1,ateco_l2,prosumer,f_1,f_2,f_3,f_4,f_5,f_6,f_7,f_8,f_9,f_10
99999E00000053,5,False,25,25.11,False,0.0,0.0,0.050633054,0.0030653568,0.884593,0.016872594,0.0,0.0430248,0.0014832681,0.00032797077
99999E00003209,3,False,DO,DO.01,False,0.0010126124,0.4602595,0.04438768,0.048899233,0.039632026,0.0,0.072103426,0.016039057,0.08574657,0.23191988
99999E00003382,3,False,DO,DO.01,False,0.0,0.1194742,0.118487656,0.066958524,0.10342824,0.036496136,0.08232624,0.029455287,0.33735877,0.10601497
99999E00010037,4,False,DO,DO.01,False,0.008866224,0.012103816,0.23363099,0.38595882,0.23203854,0.0021048659,0.01074004,0.01715626,0.06337894,0.03402155
99999E00010098,6,False,DO,DO.02,False,0.02813245,0.06316891,0.6945563,0.05228236,0.044029605,0.003576978,0.015444435,0.033194926,0.05899774,0.006616349
99999E00010122,4,False,84,84.11,False,0.0,0.032021232,0.5107241,0.020485185,0.11043909,0.07988598,0.0,0.013371478,0.15017077,0.08290226
99999E00010123,5,False,56,56.2,False,0.0,0.0,0.4097887,0.0039619133,0.49430475,0.0,0.0018877527,0.0,0.0,0.0900569
99999E00010132,4,False,68,68.32,False,0.0,0.010453184,0.88352853,0.009920477,0.005515275,0.0,0.0,0.0,0.085083246,0.0054993257
99999E00010156,4,False,DO,DO.01,False,0.0,0.04152288,0.7972692,0.010116574,0.033531953,0.0,0.043279137,0.012096628,0.039073605,0.023110049
99999E00010162,4,False,DO,DO.01,False,0.0,0.23109415,0.43150812,0.015053711,0.08875306,0.025066026,0.0,0.10008344,0.103129506,0.0053119785
99999E00010225,6,False,DO,DO.01,False,0.006396861,0.13661227,0.2369368,0.014300554,0.103078075,0.0,0.03833991,0.010424049,0.25315675,0.20075487
99999E00010235,6,False,DO,DO.01,False,0.079221845,0.03070298,0.7478845,0.028442577,0.023584787,0.006681372,0.009485337,0.0080442205,0.052537765,0.013414512
99999E00010263,3,False,DO,DO.01,False,0.016806973,0.21514842,0.027841352,0.03602036,0.07322198,0.09401369,0.12585177,0.18673839,0.052404318,0.17195272
99999E00010265,6,False,DO,DO.01,False,0.0,0.20209742,0.41846395,0.0058294265,0.0653899,0.016830921,0.108471744,0.07063345,0.07284676,0.03943638
99999E00010292,6,False,DO,DO.01,False,3.7065e-05,0.20803966,0.33691344,0.039747268,0.04735795,0.0036632572,0.09050902,0.045143932,0.14122629,0.0873622
99999E00010324,6,False,DO,DO.01,False,0.0217069,0.045137297,0.50156295,0.03210419,0.0086717075,0.08631148,0.10268003,0.0501858,0.14271876,0.0089209005
99999E00010356,6,False,DO,DO.01,False,0.0,0.113411255,0.25484586,0.0389576,0.29320955,0.035766415,0.049055643,0.047343336,0.1026011,0.06480917
99999E00010368,6,False,47,47.78,False,0.0,0.01673969,0.08560408,0.0,0.041334525,0.08541402,0.0026362843,0.0025082044,0.7657632,0.0
99999E00010385,4,False,DO,DO.01,False,0.0,0.10052207,0.012444492,0.6424251,0.105496325,0.0,0.021333296,0.0025100308,0.09361948,0.021649156
99999E00010398,3,False,DO,DO.01,False,0.0,0.24257763,0.019620035,0.02004835,0.025064556,0.06776408,0.12214337,0.13340308,0.039853714,0.32952517
99999E00010426,6,False,DO,DO.01,False,0.0,0.06585294,0.3142374,0.055223163,0.11882846,0.031791616,0.19228491,0.009784946,0.12755737,0.08443929
99999E00010427,6,False,DO,DO.01,False,0.0,0.015936652,0.41728684,0.0724356,0.12846093,0.0057423147,0.032887105,0.08813417,0.19203602,0.04708033
99999E00010429,6,False,47,47.71,False,0.0,0.0,0.030802812,0.00043807778,0.040230732,0.9049547,0.0,0.017477762,0.0030185538,0.003077331
99999E00010457,5,False,16,16.2,False,0.006274651,0.019146943,0.32062614,0.01648108,0.15799625,0.21142805,0.01016268,0.16878259,0.036462966,0.052638736
99999E00010482,3,False,DO,DO.01,False,0.0,0.0,0.52812433,0.0060668215,0.14381973,0.0,0.0035555556,0.06641181,0.0,0.25202173
99999E00010483,4,False,DO,DO.01,False,0.0,0.025782984,0.80900437,0.01981822,0.02024554,0.0,0.01766488,0.015748829,0.015957566,0.075777516
99999E00010488,6,False,DO,DO.01,False,0.007232994,0.17978466,0.16207296,0.1227632,0.07246757,0.061697748,0.16048889,0.041450202,0.117928416,0.07411338
99999E00010492,6,False,DO,DO.01,False,0.0,0.17821835,0.5296123,0.0,0.009245719,0.0,0.11813798,0.022126779,0.12171673,0.020942112
99999E00010505,6,False,DO,DO.01,False,0.0,0.0569908,0.4359771,0.036342554,0.10969457,0.013826311,0.013706736,0.07639522,0.19889458,0.058172166
99999E00010510,3,False,DO,DO.01,False,0.0,0.057649538,0.0042807013,0.47489744,0.15992156,0.021668771,0.029621772,0.09703004,0.009936387,0.14499386
99999E00010526,4,False,DO,DO.01,False,0.0,0.0075781965,0.9262675,0.010939493,0.007810432,0.0,0.010780596,0.014883414,0.009415706,0.012324754
99999E00010529,6,False,DO,DO.01,False,0.01944831,0.2886353,0.12021462,0.03300504,0.019440655,0.01737002,0.051190004,0.077315986,0.13585111,0.23752894
99999E00010530,6,False,DO,DO.01,False,0.001254229,0.1430675,0.33347446,0.011239682,0.049058374,0.0026192463,0.06095674,0.026569335,0.26252574,0.10923476
99999E00010531,4,False,DO,DO.01,False,0.0,0.033810668,0.16765165,0.0087865405,0.09956293,0.0,0.0,0.01767065,0.46714866,0.20536882
99999E00010550,4,False,DO,DO.01,False,0.004240774,0.0071565513,0.9178032,0.012499535,0.0054328814,0.001770572,0.0033554882,0.023545092,0.016613282,0.0075825825
99999E00010566,6,False,DO,DO.01,False,0.0,0.11038563,0.75584394,0.03820774,0.019321337,0.0078443615,0.049836423,0.0036974319,0.009295247,0.005567754
99999E00010576,6,False,DO,DO.01,False,0.0,0.05274952,0.64840615,0.01493158,0.032305233,0.005250806,0.06434856,0.017590838,0.094420604,0.06999669
99999E00010579,6,False,DO,DO.01,False,0.0,0.0836793,0.020129777,0.015409265,0.119569734,0.0095288735,0.09672204,0.0076521523,0.45208317,0.19522572
99999E00010628,6,False,DO,DO.01,False,0.0,0.046433523,0.047627334,0.004275612,0.13635917,0.014567702,0.24885483,0.010866404,0.14937757,0.34163785
99999E00010631,6,False,DO,DO.01,False,0.0,0.0017415811,0.25006777,0.21055612,0.081142664,0.018017929,0.015964838,0.21524116,0.12589496,0.08137291
99999E00010661,6,False,DO,DO.01,False,0.0,0.2474909,0.048921373,0.011009234,0.030442355,0.004985317,0.04290427,0.008187781,0.20989956,0.39615926
99999E00010670,4,False,DO,DO.01,False,0.0057196077,0.0065538827,0.6895936,0.0,0.052108157,0.0016667098,0.0014015094,0.0040105395,0.19835317,0.04059282
99999E00010682,6,False,DO,DO.01,False,0.0,0.051000934,0.1481601,0.009213637,0.088384815,0.017044669,0.15985003,0.03323375,0.24579926,0.24731283
99999E00010699,6,False,DO,DO.01,False,0.0063541,0.122774586,0.16894846,0.025094852,0.15330893,0.012989288,0.030737896,0.048196767,0.3612166,0.07037851
99999E00010722,6,False,DO,DO.01,False,0.0,0.4240515,0.09051204,0.028921008,0.050318442,0.003850815,0.010943201,0.13779369,0.0747228,0.1788866
99999E00010739,6,False,23,23.3,False,0.0,0.008335746,0.8068815,0.0020641163,0.03628984,0.0022605944,0.009999699,0.011667412,0.09964446,0.022856634
99999E00010740,6,False,DO,DO.01,False,0.013115508,0.14140739,0.23710015,0.03931972,0.056671146,0.00982993,0.02564213,0.054119848,0.30831802,0.114476204
99999E00010743,6,False,DO,DO.01,False,0.0,0.36287418,0.26913658,0.02919994,0.020624384,0.015358571,0.021168662,0.09063103,0.14773218,0.043274477
99999E00010782,3,False,DO,DO.01,False,0.0149348965,0.13531063,0.23930393,0.037023075,0.02457733,0.026788566,0.10630601,0.01787596,0.12945026,0.26842937
99999E00010841,6,False,DO,DO.01,False,0.0,0.036616825,0.3988219,0.11818203,0.06469422,0.009855217,0.04153276,0.015312681,0.23057444,0.08440992
99999E00010881,3,False,DO,DO.01,False,0.039219264,0.33135715,0.2551076,0.017238233,0.016625838,0.007909,0.058503155,0.019746441,0.25230622,0.0019870226
99999E00010889,6,False,DO,DO.01,False,0.042346165,0.29141638,0.07103686,0.012453774,0.014793133,0.092255116,0.12239134,0.102496706,0.14495341,0.105857074
99999E00010920,6,False,DO,DO.01,False,0.0,0.10330287,0.101284154,0.04351951,0.23952632,0.029362109,0.042734306,0.1633295,0.1830151,0.09392613
99999E00010931,4,False,DO,DO.01,False,0.024493186,0.34162492,0.23728734,0.008587963,0.083171204,0.06891136,0.12278643,0.0004875165,0.071416646,0.041233506
99999E00010953,6,False,DO,DO.02,False,0.0025464855,0.025052877,0.7690419,0.01156137,0.016758146,0.0030168558,0.006896597,0.0056476835,0.15319464,0.0062834937
99999E00010956,6,False,DO,DO.01,False,0.016806446,0.14338809,0.047211245,0.16194066,0.24750693,0.064627185,0.1187385,0.043511026,0.08604192,0.070227966
99999E00010967,6,False,DO,DO.01,False,0.0,0.120928384,0.023136461,0.042590544,0.19954394,0.06562618,0.099012285,0.06657187,0.08370127,0.29888913
99999E00010989,6,False,DO,DO.01,False,0.007292694,0.1632587,0.1918212,0.07667686,0.12373085,0.062431775,0.088104166,0.07428816,0.14627804,0.066117585
99999E00011006,6,False,DO,DO.01,False,0.0,0.15568933,0.2623341,0.0029687893,0.026002718,0.0057937885,0.0596671,0.10266409,0.28124052,0.10363963
99999E00011026,6,False,DO,DO.01,False,0.0,0.14286214,0.056584418,0.07985069,0.08765416,0.0042186608,0.08162203,0.028583638,0.4709281,0.04769615
99999E00011044,3,False,DO,DO.01,False,0.011863829,0.051559944,0.5811925,0.006219958,0.041757427,0.0091274055,0.017435685,0.03397123,0.20019084,0.046681188
99999E00011135,3,False,DO,DO.01,False,0.029156534,0.1812877,0.114450745,0.03803181,0.026657403,0.03423376,0.18533054,0.052888412,0.12055053,0.2174126
99999E00011197,3,False,DO,DO.01,False,0.002160922,0.17581367,0.45210758,0.011652973,0.05296126,0.0,0.049551807,0.010297727,0.2028332,0.04262085
99999E00011214,4,False,94,94.99,False,0.0054582646,0.0049144393,0.8541049,0.0024522152,0.042394962,0.0020251628,0.0035865733,0.058786433,0.024612233,0.0016648371
99999E00011246,3,False,DO,DO.01,False,0.02817064,0.67115307,0.25036827,0.0023932224,0.0105231395,0.0,0.011332612,0.017551975,0.008507,0.0
99999E00011247,6,False,DO,DO.01,False,0.0,0.0625598,0.504778,0.04180233,0.08064416,0.0051948703,0.006509562,0.01607227,0.18938574,0.093053326
99999E00011264,4,False,DO,DO.02,False,0.0,0.0,0.875608,0.019769877,0.008326495,0.0,0.0,0.0065648044,0.070453696,0.019277137
99999E00011267,4,False,DO,DO.02,False,0.0027192612,0.018202173,0.7078838,0.01311059,0.081754126,0.005899859,0.001520911,0.040250696,0.06646625,0.06219232
99999E00011278,6,False,DO,DO.01,False,0.011082611,0.1580887,0.506491,0.015626542,0.073869824,0.044448234,0.06002766,0.010019768,0.08677462,0.03357107
99999E00011324,5,False,DO,DO.01,False,0.0,0.0050611855,0.21003217,0.016593358,0.33338973,0.009530255,0.0012406249,0.33862013,0.034878474,0.05065415
99999E00011539,3,False,DO,DO.01,False,0.029944729,0.2883027,0.29834804,0.0170145,0.051502865,0.03297084,0.030109173,0.081679955,0.06394691,0.10618019
99999E00011559,6,False,94,94.9,False,0.13641948,0.049851336,0.21105467,0.0018261832,0.4536383,0.011516547,0.020716295,0.03886772,0.07058322,0.005526275
99999E00011600,3,False,DO,DO.01,False,0.0014413298,0.34506148,0.023341205,0.013213182,0.08402894,0.0,0.08007421,0.084076576,0.14830212,0.22046092
99999E00011601,3,False,DO,DO.01,False,0.0,0.2905562,0.03397458,0.03441651,0.16647275,0.10267232,0.14838965,0.15306148,0.0,0.07045645
99999E00011614,6,False,DO,DO.01,False,0.10253141,0.20496212,0.116821274,0.081841044,0.057041787,0.051315118,0.08066842,0.18789598,0.05057164,0.06635127
99999E00011615,3,False,DO,DO.01,False,0.036463898,0.49550486,0.110215046,0.0,0.038871676,0.09082372,0.08115252,0.0018603574,0.058961757,0.086146116
99999E00011644,1,False,96,96.0,False,0.99432516,0.0,0.00567481,0.0,0.0,0.0,0.0,0.0,0.0,0.0
99999E00011650,5,False,84,84.1,False,0.0,0.0059699663,0.69970745,0.0165242,0.120200045,0.006146367,0.013231811,0.025499035,0.082060225,0.03066093
99999E00011653,1,False,IL,IL.01,False,1.0,0.0,0.0,0.0,0.0,0.0,0.0,0.0,0.0,0.0
99999E00011655,6,False,94,94.99,False,0.0,0.0003795058,0.944814,0.0020165266,0.0009441413,0.0037773692,0.00037829974,0.0,0.04579296,0.0018971269
99999E00011657,6,False,DO,DO.02,False,0.033573553,0.25542623,0.42843792,0.011982992,0.05526877,0.0867906,0.010568934,0.081185475,0.012963829,0.023801701
99999E00011733,2,False,DO,DO.02,False,0.0012755452,0.0,0.8856314,0.001576497,0.0,0.0,0.0,0.0,0.11035389,0.001162711
99999E00011744,4,False,DO,DO.02,False,0.0,0.0,0.6166548,0.006841499,0.059947986,0.0,0.0,0.016315324,0.27831867,0.021921761
99999E00011745,6,False,DO,DO.02,False,0.073621914,0.123509325,0.6236489,0.016573543,0.008977488,0.0036548087,0.023335664,0.026653271,0.09291119,0.0071138237
99999E00011783,6,False,DO,DO.01,False,0.0,0.023094106,0.76209235,0.0025777626,0.016391926,0.032374054,0.006464235,0.06222322,0.04439039,0.05039195
99999E00011787,3,False,DO,DO.01,False,0.0,0.14255653,0.42632508,0.017662596,0.101362005,0.0,0.02327031,0.0,0.2521606,0.036662854
99999E00011810,6,False,DO,DO.01,False,0.026431171,0.32521275,0.055612475,0.08415382,0.027973263,0.06538748,0.1734428,0.03020192,0.1538141,0.057770237
99999E00011817,6,False,DO,DO.01,True,0.009773243,0.018143605,0.29023328,0.015902769,0.04374739,0.011957496,0.023580316,0.058528822,0.4494565,0.078676574
99999E00011826,6,False,DO,DO.01,False,0.0028956914,0.17715354,0.16754013,0.042332336,0.19286199,0.025834786,0.04360349,0.072740525,0.12661274,0.14842479
99999E00011829,6,False,DO,DO.01,True,0.13117753,0.25901005,0.008280879,0.07759473,0.027412117,0.038937602,0.23066609,0.076271296,0.1277444,0.022905374
99999E00011854,6,False,DO,DO.01,False,0.038676854,0.02866304,0.24098724,0.16989146,0.11648498,0.09122882,0.06660437,0.06398891,0.06673854,0.11673574
99999E00011877,6,False,DO,DO.01,False,0.015638562,0.15962626,0.58309627,0.005862748,0.034360617,0.009615016,0.022568427,0.05247054,0.07955412,0.03720748
99999E00011900,6,False,DO,DO.01,False,0.0,0.0036469735,0.10008876,0.2157557,0.12305542,0.0055915457,0.023360077,0.031440854,0.38744792,0.10961266
99999E00011906,6,False,DO,DO.01,False,0.07422013,0.39984784,0.14907853,0.075532876,0.07777562,0.019940712,0.06214032,0.032080375,0.041034732,0.068348974
99999E00011951,2,False,DO,DO.01,False,0.0,0.0,0.99834025,0.0,0.0,0.0,0.0,0.0,0.0016597322,0.0
99999E00011965,6,False,DO,DO.01,False,0.0,0.07289348,0.74529994,0.0053112386,0.032103013,0.00813126,0.010010854,0.024986506,0.07782678,0.023436975
99999E00012028,6,False,DO,DO.01,False,0.0,0.03768624,0.43184152,0.021423766,0.110813074,0.010618315,0.022479594,0.052204408,0.14740191,0.16553113
99999E00012029,4,False,DO,DO.01,False,0.0,0.19120206,0.3325381,0.014205443,0.06588948,0.0,0.023267867,0.11305131,0.17417778,0.085667975
99999E00012030,3,False,DO,DO.01,False,0.03902404,0.1324649,0.21759653,0.023044432,0.20913538,0.0,0.039648324,0.09064822,0.18651131,0.06192696
99999E00012040,6,False,DO,DO.01,False,0.0,0.055095457,0.46202826,0.012831651,0.011167717,0.0035746912,0.03481866,0.025245722,0.20787095,0.18736699
99999E00012063,6,False,DO,DO.01,False,0.0,0.019483902,0.029335558,0.06108391,0.11984317,0.03960902,0.21587849,0.021639826,0.34544772,0.14767839
99999E00012077,6,False,DO,DO.01,False,0.005490378,0.28329846,0.22448048,0.0161229,0.114780895,0.06538119,0.069424644,0.04453509,0.11784352,0.05864234
99999E00012083,3,False,DO,DO.01,False,0.0,0.18361987,0.0,0.0146539975,0.5515211,0.0,0.0,0.108195096,0.07316941,0.068840526
99999E00012127,3,False,DO,DO.01,False,0.0073991073,0.2481537,0.25441292,0.010780951,0.06461746,0.015284235,0.02771968,0.026629593,0.3189594,0.026043054
99999E00012195,6,False,DO,DO.01,False,0.0,0.1942657,0.2735089,0.010080707,0.10474305,0.12615405,0.05892513,0.08526566,0.028041026,0.119015776
99999E00012331,4,False,DO,DO.01,False,0.0,0.0,0.9167133,0.0,0.0,0.0111384755,0.0,0.030113062,0.0,0.04203515
99999E00012377,6,False,DO,DO.01,False,0.0036821975,0.2436114,0.2047997,0.012942104,0.091762565,0.023022262,0.038819816,0.031788394,0.32579732,0.023774292
99999E00012449,6,False,01,01.50,False,0.035341017,0.054122373,0.02818261,0.055943158,0.25068122,0.29925662,0.1775147,0.07245048,0.020401685,0.006106028
99999E00012503,4,False,85,85.3,False,0.0,0.0,0.76550514,0.0,0.17595075,0.0,0.0,0.014582648,0.025073584,0.018887848
99999E00012563,6,False,DO,DO.01,False,0.010136436,0.34114176,0.066631466,0.15457888,0.06337765,0.022564905,0.09281746,0.11529099,0.015234321,0.118226185
99999E00012593,6,False,DO,DO.01,False,0.04688801,0.3520295,0.23682101,0.057208758,0.06760177,0.027410898,0.06083236,0.06067778,0.030185312,0.06034453
99999E00012658,6,False,DO,DO.01,False,0.0,0.12211883,0.68937624,0.006440912,0.079476215,0.009437576,0.006424158,0.021309342,0.036986776,0.028430007
99999E00012660,6,False,DO,DO.01,True,0.28966045,0.24694929,0.24686262,0.08818779,0.010473513,0.006537446,0.048583575,0.0028839118,0.05299324,0.0068682074
99999E00012676,3,False,DO,DO.01,False,0.019878883,0.022787744,0.123920545,0.003912899,0.378353,0.021823002,0.018572785,0.043043435,0.034433976,0.33327374
99999E00012767,6,False,DO,DO.01,False,0.0013070991,0.24257408,0.03173346,0.08187005,0.08764826,0.15686226,0.10947819,0.12013209,0.062626645,0.10576783
99999E00012831,6,False,DO,DO.01,False,0.02313618,0.111062326,0.17961664,0.026377235,0.39294195,0.033548713,0.04405222,0.015123298,0.13450381,0.039637595
99999E00012855,6,False,DO,DO.01,False,0.0,0.017870273,0.61580807,0.03816151,0.029087652,0.034720093,0.014860221,0.09322605,0.054019377,0.102246694
99999E00012917,6,False,DO,DO.01,False,0.0009602216,0.22434269,0.06788437,0.048505347,0.10785389,0.10157352,0.16563116,0.08287043,0.050444666,0.14993377
99999E00012938,6,False,DO,DO.01,False,0.0,0.08221849,0.021591812,0.025924271,0.12181387,0.034716506,0.082166374,0.061054755,0.29482564,0.27568823
99999E00012962,3,False,68,68.31,False,0.0,0.070004605,0.118435204,0.0013825119,0.15952654,0.025200976,0.040169656,0.12504907,0.3096827,0.15054874
99999E00012971,6,False,DO,DO.01,False,0.0031273335,0.2516734,0.3284855,0.009807025,0.0477548,0.050028592,0.037790366,0.11842415,0.09113694,0.061771836
99999E00012980,3,False,DO,DO.01,False,0.0012769954,0.39388818,0.05905591,0.039586857,0.1354571,0.015887324,0.106758855,0.05026035,0.077855736,0.11997268
99999E00013008,6,False,DO,DO.01,False,0.013335586,0.05195494,0.7682249,0.002444661,0.0479578,0.017847598,0.0150609985,0.009621431,0.03371038,0.03984168
99999E00013022,3,False,DO,DO.01,False,0.0,0.17565697,0.34085405,0.03950553,0.0,0.0,0.09362032,0.03613416,0.3142289,0.0
99999E00013032,4,False,DO,DO.01,False,0.0,0.2681787,0.17953302,0.14480689,0.017612817,0.0,0.032039102,0.023678495,0.15257019,0.18158083
99999E00013045,6,False,DO,DO.01,False,0.0,0.37543684,0.0744929,0.011060672,0.08990623,0.011542548,0.04451965,0.12151877,0.11924224,0.15228014
99999E00013076,3,False,DO,DO.01,False,0.12045931,0.17273772,0.25593367,0.047007628,0.047761634,0.058454696,0.08695871,0.034821004,0.11474119,0.06112436
99999E00013080,6,False,DO,DO.01,False,0.0,0.27236617,0.09884855,0.073385276,0.2596123,0.04654194,0.036523525,0.07188671,0.11115554,0.029679993
99999E00013085,4,False,DO,DO.01,False,0.0,0.0,0.92954475,0.0,0.0,0.033846155,0.0,0.03277865,0.0038304555,0.0
99999E00013090,6,False,DO,DO.01,False,0.0,0.046906002,0.0171654,0.1367094,0.10638842,0.020844098,0.092216216,0.08541304,0.28591987,0.20843759
99999E00013142,6,False,DO,DO.01,False,0.0051036193,0.35632744,0.050113592,0.004754465,0.06607635,0.056598354,0.07477869,0.055357534,0.17879243,0.1520976
99999E00013195,3,False,DO,DO.01,False,0.16624048,0.17507271,0.23122984,0.0102803605,0.08865506,0.0,0.062367093,0.1312116,0.052249804,0.08269298
99999E00013241,6,False,DO,DO.01,False,0.0023586075,0.10654741,0.026279349,0.07996355,0.16751334,0.025548536,0.047482166,0.13121636,0.18904908,0.22404161
99999E00013311,3,False,DO,DO.01,False,0.0,0.15932037,0.0030748593,0.03709318,0.14554402,0.13389279,0.12064976,0.010155856,0.37178105,0.01848813
99999E00013325,4,False,55,55.10,False,0.0,0.0,0.22314626,0.0015872625,0.018886082,0.005283495,0.0,0.0014387073,0.74275637,0.0069018803
99999E00013332,4,False,84,84.11,False,0.0,0.0,0.9881442,0.0,0.0,0.0,0.0,0.0,0.011855792,0.0
99999E00013337,6,False,DO,DO.01,False,0.0,0.29906142,0.054512706,0.04464273,0.11080569,0.0,0.014954494,0.041288648,0.29709598,0.13763833
99999E00013346,4,False,DO,DO.02,False,0.0,0.0019790197,0.97555184,0.0,0.0019133973,0.0,0.0,0.0,0.020555785,0.0
99999E00013436,6,False,DO,DO.01,False,0.0008010026,0.1586465,0.22580892,0.02400793,0.13251795,0.025680069,0.07137413,0.07647729,0.26386946,0.02081684
99999E00013437,6,False,DO,DO.01,False,0.005083204,0.01820802,0.16147944,0.45309165,0.12594451,0.017154306,0.023714056,0.03361535,0.0968637,0.064845756
99999E00013557,3,False,DO,DO.01,False,0.0,0.20768549,0.16576459,0.08163785,0.25214028,0.05838343,0.08256743,0.016582454,0.03799271,0.09724575
99999E00013594,6,False,DO,DO.01,False,0.0064449594,0.32313696,0.32333586,0.015096382,0.046471946,0.011716299,0.08064309,0.045934867,0.104585215,0.042634353
99999E00013601,3,False,96,96.0,False,0.0,0.0,0.0016591158,0.023972094,0.7906962,0.0,0.0,0.13962094,0.0013187843,0.04273286
99999E00013622,6,False,DO,DO.01,False,0.0,0.14462493,0.2524295,0.017631035,0.1128047,0.00587079,0.045433298,0.22532322,0.12415681,0.07172576
99999E00013628,6,False,DO,DO.01,False,0.0,0.029291527,0.15609643,0.38272613,0.17628402,0.0050060987,0.0019903765,0.03628889,0.1546471,0.05766947
99999E00013646,6,False,DO,DO.01,False,0.0023485809,0.15888837,0.1483962,0.022260128,0.050583173,0.016438356,0.058756087,0.12375531,0.3021498,0.11642401
99999E00013699,6,False,DO,DO.01,False,0.0,0.1438336,0.18995428,0.11441388,0.24541837,0.0075850687,0.030493703,0.04992527,0.1799213,0.038454577
99999E00013770,6,False,DO,DO.01,False,0.046741817,0.2534794,0.16446929,0.12082669,0.09213272,0.022409398,0.11004031,0.031043919,0.086564824,0.07229166
99999E00013809,3,False,16,16.10,False,0.0,0.36828193,0.0,0.0,0.0,0.6317181,0.0,0.0,0.0,0.0
99999E00013832,3,False,DO,DO.01,False,0.0,0.3082576,0.12684605,0.05051627,0.084887214,0.019167995,0.038555965,0.0066998354,0.16368292,0.20138614
99999E00013841,4,False,68,68.32,False,0.0,0.0027552617,0.95598155,0.002860986,0.003926087,0.0,0.0,0.0,0.026811834,0.0076642996
99999E00013925,6,False,DO,DO.01,False,0.0,0.03732686,0.115840584,0.02169266,0.15972836,0.042716194,0.117435075,0.034432963,0.12329806,0.34752926
99999E00013928,6,False,DO,DO.01,False,0.0,0.04567201,0.04354292,0.013246444,0.0659067,0.0026711784,0.0773677,0.027187338,0.3881351,0.3362706
99999E00013961,3,False,DO,DO.01,False,0.0018468829,0.100449905,0.004147713,0.007247616,0.23837848,0.073057584,0.045761652,0.20641248,0.09657892,0.22611879
99999E00013981,3,False,DO,DO.01,False,0.0,0.5903632,0.009439228,0.0014446717,0.040137615,0.0037217662,0.15405004,0.030236848,0.13256364,0.038043015
99999E00013988,6,False,DO,DO.01,False,0.0,0.10595176,0.5957706,0.004086596,0.016816696,0.014180024,0.05778744,0.046300128,0.15203257,0.0070741726
99999E00014034,6,False,DO,DO.01,False,0.014000212,0.1014124,0.12725037,0.44887462,0.17575872,0.00711131,0.046270803,0.018336874,0.034473456,0.02651121
99999E00014044,6,False,DO,DO.01,False,0.0,0.29221484,0.007609872,0.33121353,0.08372122,0.018790914,0.09552419,0.025296425,0.078579396,0.06704962
99999E00014062,4,False,DO,DO.01,False,0.0,0.012080446,0.9700468,0.0025260425,0.0028494333,0.0,0.009874201,0.0026230593,0.0,0.0
99999E00014130,4,False,DO,DO.02,False,0.020697804,0.7308733,0.13287349,0.0,0.0018996915,0.0069913073,0.08322748,0.0,0.023436895,0.0
99999E00014140,6,False,DO,DO.01,False,0.011955909,0.16358033,0.08844194,0.053302754,0.06768869,0.04725149,0.15973687,0.055621997,0.21090351,0.1415166
99999E00014156,6,False,DO,DO.01,False,0.0,0.0839459,0.31235212,0.0058738203,0.10359268,0.14029285,0.11611614,0.054612566,0.16383599,0.019377833
99999E00014157,6,False,DO,DO.01,False,0.0032781924,0.30754063,0.08291355,0.10621274,0.0759422,0.05009272,0.26741302,0.05729575,0.021773353,0.027537854
99999E00014229,3,False,DO,DO.01,False,0.05600641,0.24726771,0.060031496,0.060744274,0.007975626,0.06338107,0.30073515,0.0043977755,0.18349996,0.01596057
99999E00014235,3,False,DO,DO.01,False,0.0,0.29014114,0.37239227,0.010257455,0.028641874,0.018444268,0.01728327,0.10122204,0.16161774,0.0
99999E00014290,4,False,DO,DO.02,False,0.21408413,0.36774635,0.05656262,0.00024480745,4.6968875e-05,0.0050149946,0.117065646,0.0032351592,0.2343334,0.0016659716
99999E00014308,4,False,DO,DO.01,False,0.0,0.0,0.7500564,0.038452473,0.03186217,0.004403853,0.0,0.03509207,0.09631893,0.043814156
99999E00014350,6,False,DO,DO.01,False,0.0,0.124696605,0.08895273,0.0,0.0018686346,0.003584373,0.15742312,0.010330537,0.49940202,0.113742
99999E00014353,6,False,DO,DO.01,False,0.0004602511,0.11062982,0.13887472,0.06810395,0.050524116,0.04317111,0.07523013,0.09197974,0.21820965,0.20281656
99999E00014365,3,False,DO,DO.01,False,0.0,0.2949552,0.03456794,0.046136614,0.06599055,0.029750213,0.10045109,0.0,0.39918068,0.02896772
99999E00014367,6,False,DO,DO.01,False,0.004305477,0.046908524,0.5000247,0.054488987,0.10982495,0.016558442,0.049050678,0.049283594,0.10930265,0.060251974
99999E00014471,4,False,84,84.11,True,0.050271463,0.048389867,0.6811828,0.0,0.007915417,0.0777162,0.0034659547,0.0052812826,0.12577704,0.0
99999E00014497,6,False,DO,DO.01,False,0.0007118605,0.096792534,0.4723117,0.032480296,0.06230366,0.061749537,0.123386405,0.011167502,0.049600795,0.0894957
99999E00014508,6,False,DO,DO.01,False,0.0,0.06752114,0.078295074,0.025163155,0.14879341,0.16370974,0.08013586,0.13315013,0.29200387,0.011227579
99999E00014522,6,False,DO,DO.01,False,0.0,0.115130305,0.25742078,0.023535887,0.06325424,0.005523002,0.017651591,0.006112856,0.47488135,0.036490016
99999E00014530,4,False,70,70.2,False,0.0,0.0,0.9695988,0.0,0.006468744,0.021433849,0.0,0.0024985445,0.0,0.0
99999E00014554,6,False,DO,DO.01,False,0.0010410544,0.09009197,0.39049023,0.039563857,0.11101167,0.008184318,0.036216937,0.027511144,0.13309188,0.162797
99999E00014660,6,False,DO,DO.01,False,0.008625387,0.32310554,0.10493101,0.012574765,0.041872155,0.043163944,0.121586345,0.1429648,0.03722306,0.163953
99999E00014662,6,False,DO,DO.01,False,0.0069846455,0.16855219,0.2853968,0.014781517,0.10530696,0.02836992,0.16493247,0.024046453,0.10458806,0.09704092
99999E00014676,3,False,DO,DO.01,False,0.15980877,0.16086859,0.44444677,0.017960466,0.03818412,0.031006742,0.010310912,0.07809709,0.033557087,0.025759516
99999E00014727,3,False,DO,DO.01,False,0.004605741,0.2515443,0.3798822,0.049131706,0.117154956,0.049285997,0.04033166,0.013262933,0.086817645,0.007982903
99999E00014728,3,False,DO,DO.01,False,0.002182294,0.12337822,0.049400344,0.036815993,0.031797346,0.0799273,0.33482805,0.04648852,0.058601197,0.2365808
99999E00014748,3,False,DO,DO.01,False,0.051802874,0.22354117,0.07323236,0.06840419,0.104282305,0.15761769,0.13803849,0.10172983,0.0,0.081351064
99999E00014755,6,False,DO,DO.01,False,0.020257015,0.1111882,0.27551672,0.07994142,0.059635773,0.017079407,0.06573102,0.08435154,0.21214597,0.0741529
99999E00014765,4,False,55,55.10,False,0.0,0.19388023,0.26258942,0.0047255103,0.0013872392,0.0,0.030638207,0.0027639777,0.48641625,0.017599095
99999E00014778,4,False,DO,DO.01,False,0.0,0.0,0.036586776,0.0,0.4039427,0.007869361,0.0,0.005316916,0.46522582,0.081058465
99999E00014808,6,False,DO,DO.01,False,0.009957929,0.22541422,0.16624635,0.023181861,0.09969153,0.06032112,0.16362925,0.05452719,0.056427747,0.1406027
99999E00014814,3,False,DO,DO.01,False,0.0,0.2757158,0.06626827,0.15351887,0.120754436,0.003951611,0.020994447,0.0058425656,0.33791122,0.015042789
99999E00014850,6,False,DO,DO.01,False,0.05725415,0.36909607,0.40296367,0.031298112,0.037588872,0.0030501252,0.0,0.014720673,0.015319286,0.068709046
99999E00014957,4,False,DO,DO.01,False,0.0,0.022478532,0.3137883,0.0043880777,0.047995154,0.0,0.014714599,0.003985182,0.5243601,0.068290144
99999E00015000,6,False,DO,DO.01,False,0.0,0.30659005,0.21649939,0.0,0.16054763,0.11808857,0.0012326115,0.111573346,0.083333336,0.002135059
99999E00015012,6,False,DO,DO.01,False,0.0038786961,0.25500053,0.03817498,0.06009266,0.11356035,0.024997924,0.15300336,0.076443195,0.057214156,0.21763417
99999E00015013,6,False,DO,DO.01,False,0.0046458673,0.32214054,0.13630587,0.05769211,0.08049448,0.04014558,0.017577033,0.031514637,0.178566,0.13091789
99999E00015028,6,False,DO,DO.01,False,0.0020268667,0.3833532,0.041689806,0.053205892,0.090853296,0.024186399,0.02413845,0.10686947,0.17329837,0.10037827
99999E00015043,4,False,DO,DO.01,False,0.0092563275,0.395186,0.31638855,0.0030518791,0.014779919,0.0,0.06369869,0.009028576,0.018071536,0.17053844
99999E00015044,6,False,DO,DO.02,False,0.0026598587,0.01982978,0.84758925,0.0043697283,0.007948895,0.00591031,0.0017082264,0.0,0.09962389,0.010360027
99999E00015104,6,False,DO,DO.01,False,0.0,0.018894933,0.39406073,0.005164717,0.1033144,0.029912358,0.1217201,0.01889971,0.17185082,0.13618226
99999E00015117,6,False,DO,DO.01,False,0.019234303,0.044147052,0.36110106,0.05387966,0.10464719,0.113563724,0.17523682,0.021060642,0.056613922,0.05051563
99999E00015131,4,False,01,01.4,False,0.009304764,0.012753643,0.9299259,0.0,0.0,0.0,0.0,0.0024048227,0.04561082,0.0
99999E00015145,6,False,DO,DO.01,False,0.031226367,0.221832,0.27300885,0.03551101,0.011624722,0.053874087,0.10419169,0.063670225,0.070298545,0.13476248
99999E00015244,3,False,DO,DO.01,False,0.0,0.2291403,0.37304,0.028429875,0.013324329,0.0,0.0,0.0026782702,0.34304282,0.010344463
99999E00015469,6,False,DO,DO.02,False,0.0,0.01419146,0.76463,0.007853966,0.024902955,0.0027387028,0.0079105515,0.008391521,0.15913334,0.010247502
99999E00015554,3,False,DO,DO.01,False,0.0,0.08670459,0.5755358,0.17810707,0.0,0.0,0.0,0.037487485,0.0,0.122165054
99999E00015558,6,False,DO,DO.01,False,0.033840355,0.16188766,0.5551781,0.0055594975,0.07553585,0.015479675,0.0044390243,0.03907908,0.062073916,0.04692683
99999E00015563,6,False,DO,DO.01,False,0.009543875,0.16028443,0.14938812,0.08592505,0.09786107,0.07621383,0.11113032,0.098755375,0.06548486,0.1454131
99999E00015636,3,False,DO,DO.01,False,0.0,0.15593845,0.023803586,0.0,0.038322534,0.091506734,0.41160893,0.0,0.0,0.2788198
99999E00015650,6,False,DO,DO.01,False,0.007465315,0.369232,0.24680993,0.054296818,0.044070356,0.030696422,0.046263363,0.047888234,0.107849374,0.045428205
99999E00015652,3,False,DO,DO.01,False,0.008315994,0.21445733,0.17118822,0.009360807,0.029476251,0.08172808,0.17447926,0.04967,0.065467484,0.19585654
99999E00015660,6,False,DO,DO.01,False,0.0,0.003670367,0.083997756,0.16991061,0.07247441,0.025566451,0.043080382,0.008806636,0.56502485,0.027468579
99999E00015675,6,False,DO,DO.01,False,0.0,0.0025359718,0.006585246,0.050122425,0.24983415,0.014783967,0.027586019,0.051624253,0.23145556,0.36547238
99999E00015743,6,False,DO,DO.01,False,0.052229825,0.21548896,0.23284122,0.0937834,0.10361799,0.011328542,0.04461278,0.062404588,0.11338361,0.0703092
99999E00015744,6,False,DO,DO.01,False,0.0,0.10130173,0.32079434,0.0028495153,0.066745594,0.05874485,0.075490385,0.055753022,0.19728848,0.12103194
99999E00015850,6,False,DO,DO.01,False,0.057351492,0.26884747,0.23645476,0.038766578,0.09344474,0.038068615,0.056400027,0.10620562,0.049476363,0.054984346
99999E00015950,3,False,DO,DO.01,False,0.021127034,0.34326562,0.030985279,0.047946915,0.13289146,0.040956523,0.081336364,0.0842198,0.10847186,0.10879917
99999E00015959,6,False,84,84.24,False,0.014944499,0.1684551,0.23831588,0.016721565,0.022362437,0.04752524,0.081045695,0.017603837,0.2690253,0.1240005
99999E00015992,6,False,DO,DO.01,False,0.0,0.040839244,0.26565886,0.034277573,0.10769577,0.002074015,0.058723636,0.009210512,0.37194467,0.10957568
99999E00016040,3,False,DO,DO.01,False,0.0,0.13206352,0.0,0.09434114,0.37161827,0.0,0.15093979,0.068201676,0.18283556,0.0
99999E00016076,6,False,DO,DO.01,False,0.0,0.06807323,0.053433575,0.22200744,0.25004065,0.09392086,0.10007758,0.039109774,0.11507343,0.058263507
99999E00016099,4,False,DO,DO.01,False,0.00860318,0.03650566,0.29915234,0.29518643,0.23100752,0.001969955,0.017772352,0.024492415,0.020393817,0.06491639
99999E00016126,6,False,DO,DO.01,False,0.04124011,0.21563827,0.10385063,0.015268626,0.06632976,0.041234538,0.12737267,0.05509259,0.11191634,0.22205645
99999E00016263,6,False,DO,DO.01,False,0.0008090228,0.39779007,0.083005995,0.016596919,0.09824279,0.016063442,0.101426035,0.041095335,0.17644748,0.06852285
99999E00016300,6,False,68,68.20,False,0.004746468,0.12303807,0.58662254,0.006823426,0.004558389,0.009802355,0.026620261,0.021234728,0.019908065,0.19664572
99999E00016301,6,False,68,68.20,False,0.0012618717,0.22299972,0.0796963,0.05752377,0.10252048,0.06695955,0.12753567,0.11365006,0.10092211,0.12693048
99999E00016303,6,False,68,68.20,False,0.013563705,0.3521835,0.10521692,0.02540034,0.036281303,0.031728644,0.18540491,0.10180993,0.03360142,0.11480937
99999E00016306,6,False,DO,DO.01,False,0.0015363464,0.42877313,0.13902153,0.015764251,0.056731258,0.011876626,0.031790126,0.19903146,0.03101193,0.08446343
99999E00016387,6,False,DO,DO.01,True,0.090475015,0.2371044,0.16139312,0.08786304,0.18618146,0.0159246,0.07546764,0.03178267,0.056083698,0.05772439
99999E00016420,5,False,81,81.22,False,0.014153293,0.05457169,0.21633184,0.055451762,0.14721012,0.12901714,0.025695223,0.174413,0.06422363,0.118932374
99999E00016433,3,False,DO,DO.01,False,0.019360386,0.14166526,0.5210472,0.038385592,0.017560605,0.008262957,0.021320468,0.025357224,0.028169833,0.17887044
99999E00016462,6,False,DO,DO.01,False,0.00603896,0.101172425,0.25324893,0.054856054,0.045967977,0.039151225,0.09200163,0.09694875,0.24072962,0.06988445
99999E00016583,6,False,DO,DO.01,False,0.00042434465,0.2191639,0.056961663,0.12428324,0.19376695,0.0058242464,0.03568536,0.043124605,0.16885963,0.15190606
99999E00016687,3,False,DO,DO.01,False,0.0,0.13143544,0.16816838,0.019108528,0.21895257,0.024194745,0.0,0.21712385,0.18322706,0.037789434
99999E00016750,3,False,DO,DO.01,False,0.01894582,0.24491951,0.15427886,0.013748415,0.1280914,0.01973412,0.08766118,0.0287394,0.2802726,0.023608793
99999E00016781,6,False,DO,DO.01,False,0.013365234,0.23024306,0.10166612,0.033519145,0.07026559,0.088502705,0.19661741,0.04278197,0.18827347,0.034765236
99999E00016784,6,False,DO,DO.02,False,0.06071195,0.14897528,0.51756495,0.017214563,0.015965361,0.002686831,0.021721777,0.042402975,0.13430876,0.038447592
99999E00016785,4,False,DO,DO.02,False,0.0,0.006772783,0.90264875,0.002198648,0.013219233,0.0,0.0,0.012087093,0.05200914,0.011064339
99999E00016823,6,False,DO,DO.01,False,0.011941476,0.16757171,0.28815168,0.04438789,0.072224304,0.05432163,0.09292477,0.08842447,0.09320932,0.08684276
99999E00016824,6,False,DO,DO.01,False,0.0036013953,0.08627225,0.2910582,0.10165838,0.09650719,0.02700635,0.09360008,0.042121023,0.17808563,0.080089495
99999E00016833,4,False,DO,DO.01,False,0.006841662,0.0,0.14762639,0.28041,0.20232439,0.0,0.0016701568,0.00221614,0.31419116,0.044720024
99999E00016879,6,False,74,74.90,False,0.37059057,0.26476866,0.15301156,0.0038707838,0.016233407,0.029915798,0.015173491,0.025459997,0.09423607,0.02673964
99999E00016880,3,False,DO,DO.01,False,0.020965569,0.09929658,0.2924873,0.057210833,0.05253846,0.06404763,0.1403087,0.040402308,0.18054782,0.05219491
99999E00017016,4,False,DO,DO.01,False,0.0,0.0,0.98935825,0.0,0.0026061463,0.0,0.0,0.005429472,0.0026061463,0.0
99999E00017025,6,False,DO,DO.01,False,0.032549676,0.12311704,0.23635732,0.023377212,0.12701416,0.063848175,0.10295198,0.15964395,0.0,0.13114053
99999E00017072,3,False,DO,DO.01,False,0.019793106,0.28920484,0.13515113,0.0,0.13638332,0.051857032,0.10569149,0.08139469,0.10445392,0.076070435
99999E00017133,6,False,DO,DO.01,False,0.15399313,0.174864,0.19554015,0.107564755,0.08597336,0.016888602,0.038299344,0.014770585,0.20235392,0.009752157
99999E00017149,5,False,DO,DO.01,False,0.0,0.007146149,0.033533458,0.12162028,0.13878858,0.13911945,0.05993773,0.09275572,0.18755886,0.21953978
99999E00017174,6,False,74,74.20,False,0.0,0.0059897834,0.42189565,0.001600379,0.02847936,0.410193,0.052292418,0.006221734,0.05134295,0.021984741
99999E00017284,4,False,DO,DO.01,False,0.01439493,0.16295443,0.5438386,0.029049473,0.02429463,0.013525994,0.039844185,0.0,0.14416978,0.027928036
99999E00020150,6,False,DO,DO.01,False,0.0,0.40913862,0.058950856,0.0689228,0.07035682,0.012103429,0.12093508,0.06524608,0.1345116,0.05983471
99999E00020228,6,False,DO,DO.01,False,0.0492796,0.053049676,0.65720814,0.011213323,0.09789562,0.03204121,0.0046509304,0.0026499147,0.08615966,0.0058518336
99999E00020262,3,False,DO,DO.01,False,0.0066785333,0.2560213,0.0069259335,0.057691377,0.18434912,0.06299748,0.1390799,0.05538534,0.14544722,0.08542376
99999E00020263,3,False,DO,DO.01,False,0.0,0.26758623,0.1559677,0.034240484,0.05441484,0.0384847,0.072588965,0.13849618,0.13891198,0.09930888
99999E00020279,6,False,DO,DO.01,False,0.0138896,0.110472314,0.6215569,0.016214909,0.0027281183,0.032517705,0.07432566,0.054837007,0.05095539,0.022502398
99999E00020341,5,False,53,53.10,False,0.00013531465,0.0,0.39678594,0.0020378525,0.57916504,0.0,0.0,0.0047342055,0.0,0.017141588
99999E00020355,6,False,DO,DO.01,False,0.0,0.24482472,0.23204292,0.044297237,0.062469684,0.009291471,0.07162457,0.03130759,0.14864202,0.15549983
99999E00020380,6,False,47,47.71,False,0.0,0.0020772857,0.044199634,0.0023295747,0.039144777,0.83851033,0.012402909,0.016676124,0.038915344,0.005744028
99999E00020387,6,False,DO,DO.01,False,0.009335842,0.3557098,0.06662325,0.14073974,0.052213773,0.054192737,0.089812964,0.04662624,0.049324214,0.13542154
99999E00020395,6,False,DO,DO.01,False,0.0023768276,0.14661328,0.18179563,0.0322826,0.20627694,0.03449569,0.13379426,0.03568938,0.049675696,0.17699969
99999E00020425,5,False,74,74.10,False,0.0,0.0,0.0,0.0,0.13870001,0.14885212,0.0,0.48713216,0.07591411,0.14940162
99999E00020434,4,False,16,16.23,False,0.0,0.0,0.2143191,0.0029017504,0.64782864,0.0,0.0,0.0027860634,0.1321645,0.0
99999E00020458,4,False,91,91.04,False,0.0038242475,0.0,0.41371074,0.003996166,0.18979023,0.1057851,0.0,0.0013200676,0.27222392,0.009349577
99999E00020529,4,False,64,64.19,False,0.0,0.0,0.87950253,0.0,0.03771113,0.0,0.0,0.0,0.08278634,0.0
99999E00020538,6,False,DO,DO.01,False,0.0,0.049946893,0.068145484,0.14422879,0.10389715,0.018446727,0.11625768,0.03014183,0.36699498,0.101940446
99999E00020571,5,False,96,96.02,False,0.0,0.0,0.3448562,0.0,0.36691633,0.0022185538,0.0,0.21579035,0.003976156,0.06624243
99999E00020656,6,False,DO,DO.01,False,0.0,0.040769275,0.031093854,0.029373813,0.22034279,0.10038357,0.1682313,0.02736833,0.13926642,0.24317068
99999E00020697,6,False,DO,DO.01,False,0.0137346685,0.09559406,0.17284895,0.17497681,0.06045463,0.016965015,0.023874415,0.0363208,0.36506772,0.040162865
99999E00020746,6,False,DO,DO.01,False,0.014827452,0.10700926,0.33202,0.0792247,0.121409126,0.01626002,0.020959139,0.063197374,0.1856784,0.059414525
99999E00020774,6,False,01,01.41,False,0.0,0.0034919293,0.00066355197,0.21813522,0.028762678,0.0033468716,0.68264174,0.008651898,0.0015041598,0.052801877
99999E00020823,6,False,DO,DO.01,False,0.0,0.084151894,0.16079904,0.049023286,0.10573779,0.027600244,0.112992965,0.07232004,0.24624494,0.14112988
99999E00020859,4,False,55,55.10,False,0.0,0.0,0.17122523,0.005511167,0.025939116,0.0,0.0,0.0019141698,0.7651682,0.030242126
99999E00020897,6,False,DO,DO.01,False,0.029279841,0.19201952,0.31640077,0.021861201,0.08456548,0.026584364,0.0796017,0.028958116,0.15570226,0.06502666
99999E00020964,6,False,77,77.21,False,0.015278211,0.04309001,0.07654829,0.6251755,0.117088,0.0060545327,0.0063380576,0.02405524,0.028794073,0.05757814
99999E00020983,3,False,DO,DO.01,False,0.014171362,0.29077497,0.19496183,0.012877014,0.086893454,0.10806055,0.18690637,0.06403313,0.04132141,0.0
99999E00020988,3,False,DO,DO.01,False,0.0,0.19609614,0.055023663,0.07161596,0.007895469,0.0,0.20523159,0.3061603,0.11321058,0.0447663
99999E00021006,4,False,DO,DO.01,False,0.0,0.19924566,0.45865417,0.0,0.025579927,0.0,0.026114162,0.01128822,0.13434026,0.14477757
99999E00021029,6,False,DO,DO.02,False,0.0,0.0037833238,0.1871501,0.0074390476,0.18433015,0.0065522315,0.012434565,0.022792451,0.5262648,0.049253386
99999E00021111,6,False,DO,DO.01,False,0.017067373,0.252322,0.19476376,0.009744627,0.0980491,0.08032314,0.14391749,0.048660737,0.104082555,0.05106934
99999E00021135,5,False,25,25.62,False,0.0,0.0002433863,0.03522662,0.0021691804,0.7829314,0.023095839,0.0008843036,0.13677397,0.004193343,0.0144819915
99999E00021203,6,False,DO,DO.01,False,0.0,0.20863564,0.3140855,0.017882137,0.1028266,0.047188625,0.1207459,0.025328277,0.10474636,0.05856096
99999E00021272,6,False,DO,DO.01,True,0.012534074,0.0898538,0.31762174,0.21564752,0.09191489,0.016181912,0.043192856,0.038903903,0.111144364,0.06300505
99999E00021276,3,False,DO,DO.01,False,0.0,0.1248096,0.0,0.29487494,0.26735786,0.0,0.31295756,0.0,0.0,0.0
99999E00021349,4,False,DO,DO.02,False,0.0,0.008537493,0.9676362,0.0,0.0,0.0,0.0,0.002267623,0.013662701,0.007895994
99999E00021537,3,False,DO,DO.01,False,0.010995816,0.19795065,0.1864478,0.027102081,0.07982842,0.0,0.18943225,0.0,0.1272657,0.18097727
99999E00021541,4,False,53,53.10,False,0.0,0.0035705161,0.549086,0.010353539,0.2982289,0.0,0.0,0.0029793424,0.12160239,0.014179326
99999E00021562,6,False,DO,DO.01,False,0.0,0.022261789,0.36896142,0.2560605,0.08809291,0.0120880855,0.056116916,0.060213942,0.045526136,0.09067827
99999E00021609,5,False,41,41.20,False,0.0,0.0,0.2675341,0.14411545,0.23612852,0.0046904297,0.028100422,0.055498812,0.21991208,0.04402018
99999E00021613,5,False,DO,DO.01,False,0.0,0.1186873,0.085403115,0.13989608,0.13190256,0.05095671,0.2353186,0.07681826,0.066325225,0.09469211
99999E00021618,6,False,47,47.78,False,0.0,0.033000898,0.013439932,0.0,0.014585757,0.62710065,0.04215976,0.002242387,0.25580373,0.011666945
99999E00021646,6,False,47,47.74,False,0.006021535,0.19617073,0.15848619,0.0,0.35274833,0.0078947805,0.18442017,0.009719456,0.041484028,0.04305481
99999E00021651,6,False,DO,DO.01,False,0.0,0.16459493,0.09176277,0.07648817,0.0032587354,0.045823812,0.09493515,0.20448276,0.24121553,0.077438146
99999E00021675,3,False,DO,DO.01,False,0.0041321926,0.21530722,0.0918175,0.024726504,0.092912436,0.007983509,0.05021947,0.027078237,0.4167421,0.06908093
99999E00021701,6,False,DO,DO.01,False,0.00031911576,0.05707427,0.31759977,0.1167757,0.029791025,0.05696484,0.06650541,0.11216957,0.13078466,0.11201575
99999E00021713,3,False,DO,DO.01,False,0.018717458,0.30468276,0.11424042,0.043751407,0.08417177,0.04872445,0.026729489,0.024141561,0.30493912,0.029901529
99999E00021801,3,False,01,01.4,False,0.0,0.0014792285,0.08292013,0.0,0.6416726,0.0,0.0026251096,0.1860286,0.068898715,0.016375685
99999E00021881,4,False,55,55.10,False,0.0,0.0008833107,0.09216408,0.0,0.002133468,0.0,0.0,0.0,0.89661056,0.008208559
99999E00021886,4,False,56,56.30,True,0.005844024,0.0074365367,0.14046526,0.17425422,0.040482823,0.0,0.0026065952,0.0,0.62613475,0.0027758414
99999E00021997,6,False,DO,DO.01,False,0.0,0.0,0.9579052,0.0030903704,0.0019566251,0.0009874556,0.005046996,0.023589218,0.002084629,0.0053395755
99999E00021998,6,False,DO,DO.01,False,0.0,0.4084515,0.101590686,0.023518017,0.0027323607,0.006717644,0.3038502,0.0045178155,0.05534964,0.09327218
99999E00022043,6,False,94,94.99,False,0.0,0.013858286,0.06411491,0.003807477,0.20019993,0.32896188,0.0073618107,0.08539442,0.113018,0.18328325
99999E00022048,6,False,DO,DO.01,False,0.0,0.30936632,0.055706725,0.03884029,0.06682134,0.047508344,0.27007204,0.023838736,0.12875292,0.059093375
99999E00022058,4,False,DO,DO.02,False,0.07331521,0.07278332,0.48228192,0.0,0.0056072143,0.014095909,0.0,0.0,0.35191646,0.0
99999E00022065,4,False,56,56.30,True,0.088099256,0.008706363,0.7984048,0.0031002327,0.0,0.0,0.0031369182,0.0026806544,0.092641965,0.0032297699
99999E00022097,4,False,84,84.1,False,0.0,0.003404656,0.5167354,0.0,0.34110045,0.0,0.0,0.0,0.13731219,0.0014473588
99999E00022108,4,False,DO,DO.02,False,0.0,0.0,0.7698185,0.0,0.0,0.0,0.0,0.0,0.23018153,0.0
99999E00022112,3,False,DO,DO.01,False,0.09493735,0.29358652,0.11630549,0.0066558174,0.17357776,0.04570647,0.030041868,0.0,0.16995509,0.0692336
99999E00022126,4,False,47,47.11,False,0.0,0.0029438902,0.20397285,0.015891472,0.17384733,0.050522048,0.0,0.0031045938,0.53914934,0.010568425
99999E00022134,6,False,DO,DO.01,False,0.0,0.012770378,0.2884653,0.31857887,0.23479119,0.03080879,0.03805462,0.023119997,0.026357222,0.027053656
99999E00022149,5,False,43,43.22,False,0.0,0.0,0.13710085,0.14814699,0.45055777,0.04017086,0.019122416,0.029175008,0.16539587,0.010330265
99999E00022185,6,False,DO,DO.01,False,0.0040123262,0.43129295,0.17307302,0.005970341,0.08520842,0.025684237,0.11464285,0.026780939,0.08319959,0.05013535
99999E00022201,3,False,DO,DO.01,False,0.0,0.47726837,0.024749476,0.03166505,0.10434432,0.056818556,0.10834239,0.04188337,0.041718937,0.11320959
99999E00022209,4,False,DO,DO.01,False,0.0,0.032145794,0.530164,0.044559304,0.036405116,0.0,0.06345255,0.020040946,0.23113294,0.042099427
99999E00022293,6,False,DO,DO.01,False,0.0,0.13368353,0.034511,0.0722472,0.10192809,0.07016005,0.2624911,0.0718297,0.16018331,0.09296605
99999E00022304,6,False,DO,DO.01,False,0.0,0.14565153,0.123598814,0.13082348,0.110586695,0.025324376,0.12443003,0.07360238,0.1371178,0.12886491
99999E00022340,6,False,DO,DO.01,False,0.0,0.20725954,0.00515163,0.055385828,0.06421824,0.007222489,0.25747564,0.022797812,0.2912005,0.08928835
99999E00022347,4,False,96,96.02,False,0.0,0.0,0.029781777,0.0,0.42612773,0.36844984,0.0077646333,0.13028303,0.011607224,0.02598578
99999E00022354,4,False,47,47.11,False,0.0,0.0,0.031839408,0.0,0.6433383,0.2941279,0.0007091289,0.018827528,0.009781667,0.001375977
99999E00022393,6,False,DO,DO.01,False,0.0086778,0.18244947,0.44255245,0.0077500986,0.12091615,0.0152276615,0.040977698,0.018415056,0.10829923,0.054734394
99999E00022435,4,False,84,84.1,False,0.0,0.0099113975,0.04353393,0.0,0.17409141,0.1195862,0.015097564,0.40305576,0.23129272,0.003431007
99999E00022490,6,False,DO,DO.01,False,0.015331266,0.18244185,0.17826262,0.06582238,0.07092577,0.014203911,0.1663525,0.058879662,0.14998062,0.09779945
99999E00022494,5,False,53,53.10,False,0.0,0.0,0.47216445,0.0,0.3947501,0.0,0.0,0.001932147,0.0,0.13115337
99999E00022500,6,False,DO,DO.01,False,0.020902276,0.12656312,0.53600574,0.03246356,0.032265935,0.026389502,0.03151777,0.024709655,0.08445407,0.08472832
99999E00022565,5,False,45,45.20,True,0.011458614,0.009903931,0.0017837799,0.064050995,0.13042188,0.52533716,0.06512839,0.12150703,0.061560128,0.008848149
99999E00022604,6,False,47,47.64,False,0.0,0.0,0.00013311906,0.001135169,0.16063714,0.7527516,3.510832e-05,0.043908317,0.03393414,0.007465394
99999E00022626,6,False,DO,DO.01,False,0.0,0.35381123,0.1651148,0.024535885,0.05008386,0.08876006,0.20305361,0.066624254,0.048016313,0.0
99999E00022650,6,False,DO,DO.01,False,0.0039437357,0.2539999,0.2504488,0.01622551,0.02108518,0.016954137,0.051657982,0.03547045,0.23194599,0.11826831
99999E00022763,6,False,01,01.1,False,0.0,0.0,0.3148405,0.0,0.13460837,0.2441784,0.006569822,0.13183445,0.16796847,0.0
99999E00022827,2,False,60,60.10,False,0.0,0.0,1.0,0.0,0.0,0.0,0.0,0.0,0.0,0.0
99999E00023020,6,False,55,55.10,False,0.0,0.08003653,0.089398876,0.008002727,0.027709747,0.0029890626,0.07466331,0.006196171,0.6666196,0.04438401
99999E00023070,6,False,DO,DO.01,False,0.02462699,0.11330679,0.7261049,0.0017752365,0.022448953,0.0018593265,0.005976629,0.01589096,0.062072024,0.025938176
99999E00023103,6,False,DO,DO.01,False,0.0,0.008708812,0.79856455,0.031042466,0.061114,0.014767117,0.007036645,0.010834719,0.053284105,0.014647602
99999E00023144,6,False,DO,DO.01,False,0.0,0.026413215,0.2731061,0.015566238,0.055805385,0.08985907,0.20130952,0.030539446,0.27836838,0.029032728
99999E00023230,3,False,DO,DO.01,False,0.0065348875,0.07210653,0.24748959,0.1992838,0.25286108,0.010817219,0.053811055,6.8759335e-05,0.122355856,0.034671206
99999E00023235,6,False,DO,DO.01,False,0.012903512,0.33093268,0.28548792,0.0056832214,0.057728175,0.013744303,0.052178957,0.0112245595,0.07707688,0.15303971
99999E00023250,3,False,DO,DO.01,False,0.0,0.32283762,0.064950824,0.23764393,0.10119931,0.003967719,0.16650946,0.06718173,0.03570948,0.0
99999E00023287,3,False,DO,DO.01,False,0.004447004,0.084782295,0.503863,0.012070809,0.052257918,0.017127685,0.010012247,0.08027646,0.18562248,0.049540177
99999E00023291,3,False,01,01.4,False,0.035756525,0.2222121,0.08315894,0.072786815,0.12567858,0.21183999,0.117065474,0.06117126,0.025536042,0.044794224
99999E00023334,3,False,DO,DO.01,False,0.008231157,0.04852573,0.5988315,0.0025300314,0.03867366,0.020933785,0.0034186216,0.17617595,0.06668537,0.0359942
99999E00023377,6,False,DO,DO.01,False,0.0,0.06801987,0.010611633,0.03202081,0.1765438,0.03663739,0.07510768,0.10352981,0.20268685,0.29484215
99999E00023382,3,False,DO,DO.01,False,0.0,0.032837372,0.36627147,0.05746147,0.1977369,0.019167215,0.03203386,0.042986058,0.11343295,0.13807276
99999E00023437,6,False,DO,DO.01,False,0.0,0.21210138,0.2747688,0.07712692,0.13513449,0.048857406,0.04301146,0.07662329,0.06846155,0.063914716
99999E00023521,4,False,47,47.30,False,0.0035962553,0.0044309217,0.58646816,0.0,0.020666985,0.005937515,0.006808124,0.0019049569,0.3636311,0.006556027
99999E00023574,5,False,47,47.78,False,0.0,0.017980438,0.05839401,0.0026322566,0.5418454,0.16415328,0.0013932671,0.14399283,0.048143357,0.021465281
99999E00023600,4,False,DO,DO.01,False,0.0027907258,0.028049674,0.78943,0.0,0.007965119,0.0009969013,0.002910339,0.0064740656,0.12099026,0.040393006
99999E00023723,6,False,DO,DO.01,False,0.009835516,0.02991094,0.6314945,0.0059982217,0.03570964,0.00086802297,0.005778655,0.006277467,0.2412476,0.032879323
99999E00023860,6,False,DO,DO.01,False,0.0021655927,0.3585817,0.09765316,0.12802744,0.074038304,0.022049436,0.17174312,0.058743965,0.057733063,0.029264348
99999E00023861,6,False,DO,DO.01,False,0.0,0.18096867,0.42673782,0.0045517143,0.030910613,0.015572318,0.047947362,0.06197784,0.14592038,0.08541327
99999E00023880,6,False,DO,DO.01,False,0.0021283645,0.2609347,0.31700537,0.015356474,0.025125913,0.028679065,0.06983606,0.027737396,0.14786747,0.10532916
99999E00023896,3,False,DO,DO.01,False,0.0026149424,0.4105116,0.07010108,0.019935964,0.10402395,0.06734337,0.09814364,0.06740682,0.032910205,0.12700847
99999E00023911,6,False,47,47.59,False,0.0,0.0,0.26337028,0.029805172,0.0,0.28401846,0.0079531055,0.17664395,0.2379708,0.00023820782
99999E00023956,6,False,77,77.21,False,0.0,0.050408535,0.060356062,0.0027981107,0.07101874,0.20044589,0.20357527,0.020922834,0.37613663,0.014337942
99999E00023984,4,False,84,84.11,False,0.0,0.025225457,0.8573958,0.0045802896,0.06543772,0.0,0.006872264,0.008132964,0.02593972,0.006415761
99999E00023999,6,False,DO,DO.01,False,0.0,0.22053197,0.27961698,0.031117916,0.106605716,0.0076771127,0.029253831,0.056137547,0.09608385,0.1729751
99999E00024247,6,False,DO,DO.01,False,0.007017974,0.18137407,0.4200072,0.0115038585,0.08079,0.007458576,0.019924877,0.19995235,0.00847747,0.063493595
99999E00024304,4,False,64,64.19,False,0.0,0.0031531318,0.98645467,0.0058498667,0.0022755705,0.0,0.0,0.0,0.0022667171,0.0
99999E00024305,3,False,DO,DO.01,False,0.047746643,0.36220288,0.050419055,0.0,0.064578645,0.09197437,0.1323194,0.10596607,0.008660856,0.13613215
99999E00024342,6,False,DO,DO.01,False,0.0,0.023238529,0.42127725,0.025121395,0.027695794,0.017880764,0.0124949915,0.011389831,0.38748044,0.073420994
99999E00024366,6,False,DO,DO.01,False,0.0,0.18617818,0.07020057,0.01264036,0.12027513,0.01677373,0.08249311,0.1004621,0.2967743,0.114202514
99999E00024441,4,False,55,55.10,False,0.0,0.0,0.7970472,0.0,0.0,0.0,0.0,0.0,0.19393508,0.009017751
99999E00024469,4,False,47,47.11,False,0.0,0.023564061,0.40577435,0.04156193,0.12031144,0.0,0.0014209723,0.0,0.36130467,0.046062607
99999E00024491,4,False,46,46.71,False,0.14259394,0.0,0.8574061,0.0,0.0,0.0,0.0,0.0,0.0,0.0
99999E00024503,6,False,DO,DO.01,False,0.0,0.027421875,0.020381808,0.02063825,0.22205532,0.018714482,0.046986382,0.03763542,0.22544377,0.38072267
99999E00024510,6,False,DO,DO.01,False,0.0,0.029212952,0.3177452,0.20364761,0.18511048,0.0077491766,0.013091278,0.012671662,0.050598145,0.1801735
99999E00024518,3,False,DO,DO.01,False,0.003897855,0.11361932,0.04640344,0.0089713875,0.07271923,0.029545743,0.19868527,0.039397836,0.35835615,0.12840377
99999E00024521,6,False,DO,DO.01,False,0.0043346165,0.054774113,0.070532165,0.012091958,0.11552986,0.084759384,0.079766765,0.11923301,0.108086996,0.35089114
99999E00024592,4,False,52,52.10,False,0.0,0.0019792898,0.86876345,0.0039424878,0.05749595,0.0,0.0019068768,0.038177766,0.0049160407,0.022818152
99999E00024644,6,False,94,94.9,False,0.0,0.05388564,0.12356296,0.12104035,0.2784614,0.09348242,0.053874053,0.16064756,0.06306441,0.05198123
99999E00024649,3,False,DO,DO.01,False,0.04127467,0.31333163,0.03455235,0.07579646,0.13419282,0.041253656,0.052355494,0.06079743,0.16597307,0.08047252
99999E00024691,6,False,DO,DO.01,False,0.0009702225,0.264045,0.35472986,0.046142336,0.17040822,0.006383857,0.083000466,0.008370749,0.03493833,0.031010993
99999E00024716,3,False,DO,DO.01,False,0.055339925,0.21957177,0.5108369,0.019885743,0.021673715,0.036588024,0.0,0.08028433,0.0,0.05581963
99999E00024726,3,False,01,01.50,False,0.07973421,0.051495012,0.0,0.0,0.25930232,0.0,0.22425249,0.38521594,0.0,0.0
99999E00024748,6,False,DO,DO.01,False,0.0,0.03803996,0.18957599,0.22883734,0.106518745,0.020351732,0.033820562,0.0955956,0.14249359,0.14476651
99999E00024753,6,False,DO,DO.01,False,0.0,0.15452716,0.0024487006,0.02864839,0.23200995,0.017964486,0.033888083,0.11922032,0.19686843,0.21442449
99999E00024760,6,False,DO,DO.01,False,0.0035930653,0.15497176,0.34409368,0.012027796,0.080625005,0.040472183,0.043877266,0.11233562,0.10495083,0.103052825
99999E00024797,6,False,01,01.4,False,0.036873784,0.14685014,0.21328746,0.0065935645,0.10571203,0.3411094,0.08134451,0.064860605,0.003368451,0.0
99999E00024821,6,False,DO,DO.01,False,0.008494999,0.114935555,0.3116212,0.058897257,0.034411103,0.020187331,0.09608497,0.03255972,0.27270502,0.050102815
99999E00024824,6,False,DO,DO.01,False,0.0072709867,0.21823227,0.46656886,0.01551101,0.07083853,0.01143592,0.038747363,0.052220188,0.05747866,0.061696213
99999E00024894,6,False,45,45.20,True,0.06386833,0.02232071,0.42839137,0.054019768,0.25383136,0.02905985,0.0018189,0.028785964,0.11389051,0.0040132147
99999E00024900,6,False,DO,DO.01,False,0.0020615319,0.13215242,0.1491877,0.067634895,0.044981405,0.009266432,0.07796826,0.062279403,0.42172253,0.03274542
99999E00024942,6,False,DO,DO.01,False,0.0032553826,0.07935227,0.39934367,0.030614212,0.025493026,0.030162929,0.15584652,0.06509586,0.14147146,0.06936469
99999E00025005,4,False,56,56.30,False,0.0037539036,0.030648295,0.7326902,0.00069528975,0.007730542,0.0011575614,0.0016502228,0.0,0.22107083,0.0006031108
99999E00025008,6,False,DO,DO.01,False,0.0,0.2765099,0.018151104,0.004496783,0.037986632,0.21784306,0.16660954,0.17703412,0.0,0.10136891
99999E00025021,4,False,85,85.3,False,0.0,0.0085741775,0.45358586,0.08075135,0.3523437,0.001577424,0.0,0.001670248,0.09412448,0.0073727476
99999E00025049,6,False,DO,DO.01,False,0.008056595,0.21681125,0.22612382,0.0014173071,0.02010779,0.11459766,0.22412652,0.036572244,0.052176923,0.10001002
99999E00025097,6,False,DO,DO.01,False,0.0,0.21479718,0.08697071,0.03173037,0.072912246,0.013293707,0.098593906,0.074709274,0.2870533,0.11993931
99999E00025110,3,False,DO,DO.01,False,0.04988016,0.23252036,0.1262713,0.054409325,0.09615966,0.045221437,0.04548595,0.17396513,0.11892422,0.057162445
99999E00025124,6,False,84,84.1,False,0.004698346,0.2707563,0.31030452,0.019577283,0.043022756,0.03691642,0.06413167,0.03582552,0.14916955,0.0655977
99999E00025146,5,False,96,96.02,False,0.0,0.017379982,0.09944155,0.5093475,0.24608812,0.06995108,0.034048844,0.013076199,0.0,0.010666783
99999E00025179,4,False,DO,DO.01,False,0.0025824066,0.0071552056,0.7547254,0.14836006,0.030235006,0.0,0.0,0.004101083,0.010749577,0.04209133
99999E00025261,6,False,DO,DO.01,False,0.020366464,0.087230444,0.04961749,0.01549217,0.06662762,0.04033374,0.17351544,0.019229304,0.4202031,0.10738419
99999E00025265,5,False,47,47.30,False,0.0,0.0036343236,0.09171141,0.01281615,0.8401286,0.0028589547,0.0005838153,0.019060057,0.029206716,0.0
99999E00025276,6,False,DO,DO.01,False,0.0005049488,0.17788196,0.008519816,0.09487602,0.07355036,0.0210715,0.20793201,0.013121927,0.34222957,0.060311884
99999E00025310,6,False,DO,DO.01,False,0.02453358,0.07707329,0.2956739,0.02161085,0.024157388,0.11450509,0.012497713,0.18794145,0.15650907,0.0854977
99999E00025314,6,False,DO,DO.01,False,0.0,0.22178707,0.0957653,0.061201587,0.07374201,0.0019360158,0.07422536,0.04152495,0.31710982,0.11270792
99999E00025361,4,False,DO,DO.01,False,0.014105486,0.041744713,0.8314637,0.012938784,0.028109772,0.00910543,0.0,0.019554822,0.03463492,0.008342239
99999E00025376,3,False,DO,DO.01,False,0.0,0.5022495,0.0,0.04447374,0.08393272,0.0,0.02472992,0.0060750213,0.22852969,0.11000947
99999E00025487,4,False,DO,DO.01,True,0.3252265,0.0012734128,0.3547948,0.14845163,0.00094012445,0.0,0.035397727,0.016881367,0.086334236,0.03070025
99999E00025495,4,False,56,56.10,False,0.0,0.021343648,0.09756642,0.0,0.0,0.0,0.028253177,0.0004985662,0.6073408,0.2449974
99999E00025499,6,False,DO,DO.01,False,0.0,0.11925496,0.02713739,0.019103132,0.054163087,4.1647894e-05,0.12605304,0.19305693,0.43862805,0.0225618
99999E00025500,4,False,DO,DO.01,False,0.05704964,0.2916896,0.36029923,0.026420875,0.042577453,0.018809648,0.0,0.02399856,0.17909332,6.1699306e-05
99999E00025532,3,False,DO,DO.01,False,0.004844875,0.028135836,0.46201888,0.0,0.27942485,0.046448577,0.013890125,0.05944973,0.066428125,0.03935906
99999E00025534,5,False,DO,DO.01,False,0.0,0.00083882856,0.41070834,0.07881231,0.0754031,0.012549102,0.0036573778,0.037070837,0.04577253,0.33518752
99999E00025600,6,False,DO,DO.01,False,0.0045230924,0.024329592,0.15586582,0.054164942,0.3177334,0.078492954,0.09771175,0.023457518,0.13264999,0.11107091
99999E00025611,6,False,DO,DO.01,False,0.0,0.011856001,0.25395873,0.03725665,0.0304666,0.03406086,0.027023403,0.03159301,0.5146208,0.05916401
99999E00025614,6,False,DO,DO.01,False,0.0,0.1373715,0.061803147,0.021751449,0.08290591,0.036294326,0.4051451,0.026177915,0.16507864,0.063472
99999E00025645,6,False,DO,DO.01,False,0.0,0.06331679,0.5161032,0.01371583,0.021611603,0.05543295,0.0639416,0.028351713,0.09359063,0.14393568
99999E00025650,6,False,DO,DO.01,False,0.0013905076,0.122242555,0.39132187,0.025271246,0.03851428,0.0060012517,0.17540109,0.04966405,0.067995615,0.12219756
99999E00025677,6,False,DO,DO.01,False,0.0,0.022830186,0.38286018,0.089090645,0.26700526,0.055900697,0.029080842,0.10588021,0.013201436,0.034150556
99999E00025679,3,False,DO,DO.01,False,0.0,0.16737624,0.16472952,0.008717184,0.21182126,0.004510195,0.022734163,0.1317495,0.19081157,0.09755035
99999E00025697,6,False,DO,DO.01,False,0.0,0.08430103,0.35156035,0.061832752,0.05771547,0.0044743433,0.044026688,0.041637823,0.2181801,0.13627145
99999E00025698,5,False,77,77.39,False,0.0021188674,0.0052389945,0.008917773,0.007519169,0.15130383,0.75557566,0.0070273485,0.048519786,0.0010170563,0.012761503
99999E00025735,3,False,DO,DO.01,False,0.0,0.057031583,0.033836577,0.7942115,0.0,0.009278791,0.05674717,0.027180653,0.0,0.021713711
99999E00025789,3,False,DO,DO.01,False,0.0034195175,0.0,0.032487568,0.03943212,0.6058058,0.005224024,0.0,0.0,0.0,0.3136309
99999E00025804,4,False,56,56.30,False,0.0005832455,0.0,0.07201258,0.0,0.0,0.0,0.0,0.0,0.8922963,0.035107855
99999E00025817,4,False,56,56.10,False,0.0001699733,0.0,0.020931484,0.0,0.0060772,0.00018550934,0.0,0.0018793974,0.67360413,0.2971523
99999E00025868,4,False,DO,DO.01,False,0.080237545,0.3626822,0.2792038,0.0609578,0.11791937,0.016571227,0.018905658,0.0009100328,0.008852136,0.05376027
99999E00025883,6,False,DO,DO.01,False,0.0038569497,0.022831313,0.04278286,0.032227874,0.46288127,0.013526814,0.019368818,0.16035046,0.1041971,0.13797657
99999E00025888,6,False,DO,DO.01,False,0.0115284985,0.11815716,0.45768014,0.017257322,0.11053257,0.022289697,0.059101045,0.10395003,0.0995035,0.0
99999E00025891,3,False,DO,DO.01,False,0.10056186,0.05638828,0.5041171,0.060718026,0.04935403,0.0053137797,0.0,0.017096784,0.17523411,0.031216076
99999E00025915,4,False,64,64.19,False,0.0,0.0,0.7903389,0.0,0.20269035,0.0,0.0,0.0,0.004779331,0.0021915003
99999E00025950,4,False,55,55.10,False,0.0,0.0,0.07961909,0.0012300509,0.005867081,0.0,0.0,0.008956414,0.8958208,0.008506557
99999E00025981,4,False,DO,DO.01,False,0.0,0.24783905,0.38123524,0.007587063,0.04718879,0.0,0.02024897,0.03702795,0.19551821,0.06335462
99999E00025989,4,False,68,68.10,False,0.0,0.0017165084,0.9929135,0.0,0.0,0.0,0.0,0.0025353932,0.002834601,0.0
99999E00026011,5,False,14,14.21,False,0.0,0.016606381,0.0051885536,0.04943263,0.25648484,0.620129,0.019285036,0.00825852,0.021910213,0.0027049135
99999E00026039,4,False,47,47.76,False,0.00042827873,0.0053640264,0.053400476,0.0,0.17673627,0.63788545,0.0023383829,0.047403943,0.074958846,0.0014843431
99999E00026049,6,False,01,01.4,False,0.0,0.0007488121,0.0,0.026243411,0.61529255,0.16795085,0.008775797,0.16924553,0.0023374131,0.009405639
99999E00026050,6,False,01,01.4,False,0.0,0.0028708624,0.25965273,0.12180762,0.49864835,0.003155034,0.00072864525,0.07754971,0.009443243,0.02614379
99999E00026051,3,False,DO,DO.01,False,0.014249985,0.19609502,0.04975191,0.030240394,0.12862867,0.028095813,0.16230816,0.074519,0.067886904,0.24822417
99999E00026068,6,False,55,55.10,False,0.0,0.03094191,0.106721215,0.0029196301,0.009105339,0.015846703,0.13812086,0.0008959357,0.67092377,0.024524635
99999E00026107,1,False,IL,IL.01,False,0.98095757,0.00056950527,0.01847292,0.0,0.0,0.0,0.0,0.0,0.0,0.0
99999E00026112,1,False,IL,IL.01,False,1.0,0.0,0.0,0.0,0.0,0.0,0.0,0.0,0.0,0.0
99999E00026147,1,False,IL,IL.01,False,1.0,0.0,0.0,0.0,0.0,0.0,0.0,0.0,0.0,0.0
99999E00026156,1,False,IL,IL.01,False,0.99750376,0.0024962318,0.0,0.0,0.0,0.0,0.0,0.0,0.0,0.0
99999E00026158,1,False,IL,IL.01,False,1.0,0.0,0.0,0.0,0.0,0.0,0.0,0.0,0.0,0.0
99999E00026159,1,False,IL,IL.01,False,0.99499243,0.0,0.0050076004,0.0,0.0,0.0,0.0,0.0,0.0,0.0
99999E00026160,1,False,IL,IL.01,False,0.99145865,0.0,0.008541374,0.0,0.0,0.0,0.0,0.0,0.0,0.0
99999E00026161,1,False,IL,IL.01,False,0.99941146,0.0005130573,7.540681e-05,0.0,0.0,0.0,0.0,0.0,0.0,0.0
99999E00026178,3,False,01,01.1,False,0.002737681,0.23419613,0.022274766,0.0027376805,0.05002489,0.28347436,0.30114487,0.0,0.0,0.10340966
99999E00026193,4,False,84,84.24,False,0.016379755,0.008085288,0.85477245,0.015108878,0.0050006798,0.0,0.0059330193,0.03174099,0.026883883,0.03609506
99999E00026195,4,False,55,55.10,True,0.00076274725,0.010532197,0.11204749,0.0029106452,0.03553771,0.012264985,0.0047624307,0.0037148662,0.78333354,0.034133423
99999E00026250,6,False,DO,DO.01,False,0.0016308968,0.092692204,0.31584096,0.03234251,0.1304067,0.03114102,0.024240073,0.097318135,0.0710286,0.20335896
99999E00026251,6,False,DO,DO.01,False,0.015765216,0.30944344,0.08960263,0.0046675256,0.0905843,0.02977874,0.0424566,0.28190178,0.0056419037,0.13015792
99999E00026465,6,False,62,62.09,True,0.05982679,0.023343898,0.7466227,0.009647409,0.07566462,0.008164861,0.0037394487,0.014766472,0.042616487,0.015607251
99999E00026471,2,False,60,60.10,False,0.0,0.0,0.9981095,0.0,0.0,0.0,0.0,0.0,0.0018904912,0.0
99999E00026473,6,False,DO,DO.01,False,0.0016611358,0.05542827,0.31676623,0.22043958,0.15632643,0.0066125207,0.020372171,0.028114587,0.12300326,0.0712758
99999E00026481,6,False,47,47.78,False,0.0023797138,0.33662146,0.0802056,0.0061450414,0.03419945,0.006612431,0.021211043,0.008197527,0.43808085,0.066346966
99999E00026512,6,False,DO,DO.01,False,0.0,0.30733228,0.15796481,0.0,0.037606407,0.00965004,0.14808226,0.07787278,0.15290098,0.108590454
99999E00026517,6,False,DO,DO.01,False,0.0045203813,0.21607493,0.22679688,0.011335106,0.048733573,0.0052713435,0.028978767,0.11376839,0.22607158,0.11844907
99999E00026554,4,False,DO,DO.01,False,0.0035093755,0.011387955,0.91726536,0.0,0.02724065,0.011222359,0.0,0.002311984,0.010782889,0.016279425
99999E00026572,3,False,DO,DO.01,False,0.0010009023,0.26515037,0.40305957,0.06265911,0.042567108,0.0065954365,0.0,0.00889143,0.15771689,0.052359186
99999E00026577,4,False,47,47.26,False,0.0,0.005755639,0.044746816,0.0,0.06802941,0.016578078,0.0023927712,0.0021002984,0.8571983,0.003198734
99999E00026590,5,False,45,45.20,False,0.0,0.0025398275,0.13218239,0.024146218,0.25749028,0.095299,0.009936734,0.105653346,0.33861384,0.03413838
99999E00026591,4,False,69,69.20,False,0.0,0.0020826922,0.38989872,0.03651747,0.10210214,0.0,0.0149198305,0.0066176713,0.43496156,0.012899905
99999E00026592,6,False,DO,DO.01,True,0.29912266,0.25550666,0.13712619,0.07755207,0.08334293,0.00049610646,0.051134404,0.0,0.069230475,0.026488543
99999E00026594,1,False,IL,IL.01,False,1.0,0.0,0.0,0.0,0.0,0.0,0.0,0.0,0.0,0.0
99999E00026644,2,False,55,55.10,False,0.0,0.0,0.9874322,0.0,0.0,0.0,0.0,0.0,0.012567832,0.0
99999E00026650,4,False,41,41.20,True,0.085937425,0.03209246,0.3778377,0.16100927,0.052055653,0.0011728765,0.03093825,0.004791412,0.25153676,0.0026281248
99999E00026658,4,False,55,55.10,False,0.0,0.0,0.14803702,0.0,0.09882121,0.0,0.0,0.0,0.52044004,0.23270176
99999E00026687,6,False,DO,DO.01,False,0.00096106046,0.13511737,0.09659763,0.060938966,0.031778514,0.101960786,0.243256,0.039884012,0.25896713,0.030538527
99999E00026701,4,False,55,55.10,False,0.0,0.0,0.11100212,0.0037361705,0.009864172,0.0,0.0,0.0,0.86773574,0.007661819
99999E00026709,6,False,94,94.91,False,0.0008557567,0.3276006,0.40905872,0.0043526064,0.13809945,0.0014528874,0.032167155,0.011496734,0.04322684,0.03168935
99999E00026719,4,False,55,55.10,False,0.0,0.0006119025,0.18947892,0.00086686196,0.0075735473,0.0,0.0,0.0009604863,0.79836416,0.002144167
99999E00026723,6,False,96,96.02,False,0.0006644359,0.11103104,0.0,0.0,0.018384777,0.82585627,0.0034647053,0.0031490638,0.032420814,0.005028898
99999E00026728,4,False,55,55.10,False,0.0,0.0,0.119615085,0.0018108357,0.27082446,0.0,0.0,0.0026012012,0.58161813,0.02353025
99999E00026745,4,False,56,56.10,False,0.0,0.0,0.07640958,0.0,0.5434838,0.0,0.00039010824,0.0018369647,0.19308935,0.18479022
99999E00026758,6,False,DO,DO.01,False,0.0,0.12704855,0.009825792,0.02957901,0.08694617,0.14284252,0.1255173,0.1505763,0.094341904,0.2333225
99999E00026773,4,False,94,94.91,False,0.0,0.001449701,0.13310526,0.003918991,0.49025887,0.0,0.0,0.0012044888,0.35990465,0.010158032
99999E00026776,6,False,DO,DO.01,False,0.0,0.0038390274,0.17950417,0.25406483,0.14627476,0.02311959,0.050918397,0.0334368,0.16602515,0.14281733
99999E00026778,4,False,55,55.10,False,0.0,0.0,0.31746563,0.0,0.0024657804,0.0,0.0,0.0,0.6800686,0.0
99999E00026808,3,False,DO,DO.01,False,0.071228236,0.20636478,0.38919812,0.0,0.0702948,0.0,0.012634046,0.029700864,0.12010594,0.10047325
99999E00026835,2,False,36,36.00,False,0.004789242,0.017733622,0.9482245,0.0014935443,0.0019250014,0.0063894084,0.010297855,0.0,0.009146861,0.0
99999E00026850,5,False,16,16.23,False,1.0417742e-05,6.466184e-06,0.00055860647,0.026520694,0.7732554,0.0127976565,0.0,0.186465,2.3709343e-05,0.00036210628
99999E00026857,3,False,DO,DO.01,False,0.0,0.42220634,0.13713565,0.015736846,0.048367888,0.03395747,0.03600349,0.1327881,0.12464914,0.0491551
99999E00026858,4,False,55,55.10,False,0.0,0.0013235924,0.036616575,0.0,0.027431414,0.0,0.0,0.0,0.4716257,0.46300274
99999E00026886,4,False,14,14.13,False,0.0,0.0,0.70979214,0.0130969,0.19545285,0.0,0.0,0.01994133,0.011628581,0.050088216
99999E00026888,4,False,55,55.30,False,0.0,0.0,0.9930738,0.0,0.0,0.0,0.0,0.0052493443,0.0016768737,0.0
99999E00026907,6,False,52,52.10,False,0.0,0.021459462,0.53086483,0.0,0.017216891,0.014038388,0.04564074,0.0895735,0.045421537,0.23578463
99999E00026914,4,False,55,55.10,True,0.007960855,0.097472884,0.12546252,0.0039719744,0.023122733,0.0018718716,0.0073030856,0.0050254697,0.6638124,0.06399616
99999E00026916,6,False,DO,DO.01,False,0.0033289802,0.15194759,0.2957649,0.051971097,0.13903321,0.050525546,0.06925656,0.103789225,0.09373919,0.04064377
99999E00026954,6,False,DO,DO.01,False,0.0,0.14270592,0.12936118,0.070928216,0.086675994,0.044703837,0.18201609,0.055667426,0.18644077,0.101500586
99999E00026956,5,False,23,23.70,False,0.0,0.0,0.08415721,0.0023749943,0.571628,0.12634431,0.0,0.14232495,0.05734519,0.015825316
99999E00026961,6,False,DO,DO.01,False,0.029194886,0.18131419,0.033926893,0.072823495,0.15454137,0.018398743,0.12776406,0.0409464,0.15128504,0.18980488
99999E00026965,4,False,10,10.51,False,0.0,0.0,0.08145999,0.0,0.914242,0.0,0.0,0.0,0.00056034024,0.003737629
99999E00026975,6,False,DO,DO.01,False,0.0,0.05637199,0.07486449,0.016951503,0.038289495,0.0014849821,0.011707861,0.021615034,0.6903858,0.088328905
99999E00026993,4,False,41,41.20,True,0.0007297483,0.0,0.5193246,0.005113085,0.041702464,0.0,0.0,0.007714148,0.41472295,0.010693101
99999E00026996,4,False,56,56.10,False,0.0,0.00024895015,0.046202555,0.0,0.106116556,0.0,0.0,0.0,0.15539469,0.6920373
99999E00027016,4,False,DO,DO.01,False,0.0027209637,0.14478253,0.42653263,0.047903936,0.07347706,0.0,0.043664414,0.026027968,0.18852773,0.046362758
99999E00027027,6,False,DO,DO.01,False,0.0,0.2553633,0.044343676,0.04081438,0.049506105,0.010417597,0.0776124,0.059871566,0.33871794,0.12335294
99999E00027047,6,False,DO,DO.01,False,0.008024673,0.37212557,0.07546069,0.12969787,0.024012834,0.024128217,0.12994131,0.046097346,0.13424484,0.056266684
99999E00027055,4,False,55,55.10,False,0.0,0.0,0.64370096,0.0032256008,0.06754535,0.0004981575,0.0006930902,0.0,0.026052391,0.2582844
99999E00027064,6,False,33,33.20,False,0.0,0.0048556267,0.20132181,0.0050465157,0.33722866,0.050191708,0.015063644,0.031128323,0.34454262,0.01062109
99999E00027084,3,False,DO,DO.01,False,0.0,0.33306804,0.0057904213,0.0,0.024422038,0.0,0.10211378,0.07454807,0.15422037,0.3058372
99999E00027094,6,False,47,47.72,False,0.0,0.0021437646,0.015340788,0.0,0.05840603,0.7873619,0.0,0.0044373306,0.1257114,0.0065987464
99999E00027098,4,False,DO,DO.01,False,0.0,0.0055469633,0.9419945,0.0,0.0026697998,0.003106127,0.0060092104,0.00200019,0.038673222,0.0
99999E00027159,6,False,55,55.10,False,0.0,0.007907617,0.0726946,0.009977397,0.025274465,0.14049217,0.029734861,0.017580578,0.6407674,0.05557091
99999E00027199,3,False,DO,DO.01,False,0.0,0.21096504,0.010909818,0.033154044,0.5753396,0.019586267,0.020721039,0.08399989,0.0,0.0453243
99999E00027220,6,False,DO,DO.01,False,0.0,0.148032,0.4199327,0.035956103,0.015669404,0.058848247,0.047354903,0.17896633,0.004076251,0.0911641
99999E00027225,3,False,DO,DO.01,False,0.0,0.10051211,0.10470686,0.0049928594,0.05355807,0.041666098,0.029728059,0.05729213,0.49376267,0.11378117
99999E00027247,6,False,49,49.41,False,0.0155618,0.014695011,0.3959462,0.011240289,0.13854244,0.09857882,0.013584564,0.12369606,0.06233845,0.12581638
99999E00027270,3,False,01,01.1,False,0.0,0.0050321496,0.0044730217,0.0,0.0,0.10483646,0.0,0.60833097,0.0,0.2773274
99999E00027340,4,False,DO,DO.01,False,0.0010961972,0.4548049,0.09255205,0.10853782,0.070424125,0.0,0.0038855493,0.013442636,0.1852348,0.070021905
99999E00027368,6,False,DO,DO.01,False,0.0041761217,0.36490935,0.19321385,0.12222549,0.08672198,0.0032324526,0.0018310272,0.03500748,0.0700874,0.11859475
99999E00027379,5,False,96,96.02,False,0.0,0.0,0.11016941,0.0014370797,0.22127166,0.5204932,0.021534545,0.089324474,0.010827496,0.024942048
99999E00027380,6,False,DO,DO.01,False,0.0,0.080260545,0.2755471,0.10577479,0.016846644,0.02435429,0.15020072,0.03790631,0.23067619,0.078433424
99999E00027400,6,False,DO,DO.01,False,0.0,0.044478644,0.27953595,0.099389546,0.111503206,0.050938826,0.13231151,0.08687318,0.07425615,0.12071299
99999E00027464,2,False,36,36.00,False,0.0028571866,0.0048566256,0.97314745,0.0,0.0,0.0,0.0,0.00038536044,0.018495232,0.00025822106
99999E00027466,4,False,55,55.10,False,0.0,0.0,0.13711333,0.0041204696,0.023052722,0.0,0.0,0.0006810711,0.821817,0.0132154105
99999E00027494,1,False,IL,IL.01,False,0.9836038,0.0,0.014607087,0.0,0.0,0.0,0.0,0.0,0.0017891283,0.0
99999E00027518,4,False,55,55.20,False,0.0,0.019645795,0.28815535,0.001853797,0.0036121649,0.0,0.01699604,0.0049503213,0.65197724,0.01280931
99999E00027520,6,False,47,47.64,False,0.0,0.011605326,0.031121664,0.018974487,0.123632886,0.061483007,0.094284296,0.046549357,0.42696643,0.1853826
99999E00027529,4,False,56,56.30,False,0.0,0.0,0.022575459,0.0,0.0042692437,0.0,0.0,0.0010420739,0.96951187,0.0026013684
99999E00027541,5,False,84,84.11,False,0.0,0.0,0.43303606,0.2196132,0.17136201,0.014966769,0.0013970527,0.099312924,0.014234029,0.046077855
99999E00027550,6,False,95,95.24,False,0.014378666,0.02309846,0.047354415,0.00013761332,0.3650264,0.5345982,0.013348492,0.00047585915,0.0014108581,0.00017105207
99999E00027572,4,False,47,47.4,False,0.0,0.012027719,0.02204536,0.0,0.17247313,0.6550233,0.0,0.003305001,0.10575449,0.029371066
99999E00027587,6,False,DO,DO.01,False,0.0007921237,0.0924769,0.5543587,0.007189848,0.0909844,0.022179464,0.06479004,0.04298273,0.07328502,0.050960824
99999E00027595,1,False,IL,IL.01,False,0.99165195,0.0,0.008348085,0.0,0.0,0.0,0.0,0.0,0.0,0.0
99999E00027637,3,False,DO,DO.01,False,0.0,0.33134967,0.0,0.044835027,0.1421681,0.00070735504,0.23139222,0.17442964,0.02478818,0.050329845
99999E00027658,5,False,DO,DO.01,False,0.0,0.120667666,0.101741895,0.0067020035,0.22223042,0.008503958,0.22748874,0.25536105,0.0014436706,0.05586056
99999E00027668,4,False,DO,DO.01,False,0.0,0.0045611546,0.55477047,0.17175035,0.01217344,0.0,0.0023817122,0.0011229949,0.03909511,0.21414486
99999E00027675,4,False,56,56.30,False,0.0,0.007177772,0.34652144,0.0,0.005186933,1.3953462e-05,0.00041097496,0.0028742552,0.62562144,0.012193232
99999E00027678,4,False,DO,DO.01,False,0.006355551,0.11694045,0.7424756,0.0013550575,0.044131264,0.003959843,0.015789341,0.036355354,0.032637503,0.0
99999E00027711,4,False,DO,DO.01,False,0.0,0.014549747,0.30040598,0.013204761,0.025395738,0.0,0.013025584,0.0073144315,0.5842525,0.04185127
99999E00027712,6,False,DO,DO.01,False,0.0,0.02123758,0.7988421,0.007058982,0.09015674,0.020141933,0.0040773144,0.017580543,0.0025885717,0.0383163
99999E00027722,6,False,DO,DO.01,False,0.01961587,0.5347059,0.033246227,0.02281331,0.029863974,0.0045725983,0.04865912,0.09624911,0.0669992,0.14327475
99999E00027727,6,False,DO,DO.01,False,0.0047952803,0.151453,0.059624504,0.08400455,0.117171794,0.08961105,0.14506148,0.11668165,0.08412905,0.14746764
99999E00027734,6,False,DO,DO.01,False,0.0059397914,0.46011114,0.14854814,0.022951014,0.0779801,0.029277546,0.07905231,0.036702953,0.106190786,0.033246297
99999E00027737,6,False,DO,DO.01,False,0.001817038,0.48073348,0.015122335,0.0026932128,0.0026576149,0.034623247,0.11221465,0.2002386,0.10220658,0.047693137
99999E00027753,6,False,DO,DO.01,False,0.0,0.042348936,0.25742513,0.082588546,0.12692884,0.036244527,0.063847676,0.05853721,0.21682099,0.11525826
99999E00027768,5,False,DO,DO.01,False,0.0,0.0056874035,0.5994291,0.04103618,0.24513458,0.015989544,0.007356982,0.045704108,0.027067864,0.01259424
99999E00027770,4,False,DO,DO.01,False,0.0,0.0,0.55131334,0.00439999,0.020061811,0.0078386245,0.0,0.004636269,0.39522398,0.016526014
99999E00027801,6,False,47,47.59,False,0.0,0.26147288,0.01143399,0.004507512,0.0009687147,0.006388555,0.09124864,0.26881325,0.015807305,0.33935913
99999E00027836,5,False,10,10.51,False,0.0,0.0036758822,0.09600337,0.00973684,0.7889268,0.00076211087,0.00066408096,0.07466378,0.021629386,0.0039378502
99999E00027846,5,False,08,08.11,False,0.0,0.0022795787,0.04046623,0.008939747,0.83104193,0.0,0.0016668979,0.0270486,0.08273964,0.0058173407
99999E00027851,4,False,47,47.11,False,0.0,0.0,0.2835035,0.0,0.008608393,0.0,0.0,0.0,0.70788807,0.0
99999E00027861,6,False,DO,DO.01,False,0.0025342794,0.07009452,0.7816822,0.0077901967,0.014138222,0.009316189,0.056414835,0.0150602255,0.02569779,0.017271558
99999E00027901,3,False,DO,DO.01,False,0.020852944,0.2134169,0.38260314,0.0,0.074641146,0.0,0.079963624,0.021930482,0.15520385,0.05138796
99999E00027914,6,False,DO,DO.01,False,0.0,0.00426092,0.31072825,0.036833107,0.094546676,0.0037442555,0.008046498,0.01505213,0.45176142,0.07502675
99999E00027928,5,False,18,18.12,False,0.0,0.0,0.013122232,0.019918486,0.85023594,0.009363449,8.973826e-05,0.104981266,0.00050207984,0.0017868136
99999E00027987,6,False,DO,DO.01,False,0.0,0.34144515,0.2605255,0.010352643,0.007586816,0.014347726,0.15555854,0.0100261215,0.18959357,0.010563921
99999E00028032,6,False,DO,DO.01,False,0.0182862,0.1784474,0.5778142,0.014306977,0.05464597,0.0023288073,0.023709958,0.08352655,0.040251244,0.0066826646
99999E00028039,5,False,45,45.20,True,0.019489506,0.012095634,0.023206675,0.27129543,0.41932693,0.10081619,0.009525396,0.123716906,0.0188112,0.0017161579
99999E00028046,6,False,DO,DO.01,False,0.0042712297,0.21071094,0.07325722,0.057593003,0.041076973,0.03906544,0.18744022,0.08330879,0.18174829,0.12152791
99999E00028083,4,False,52,52.10,False,0.0,0.0,0.8458815,0.0,8.418266e-05,0.0,0.0,0.0,0.1540343,0.0
99999E00028124,5,False,84,84.11,False,0.0,0.0,0.76969093,0.0075196265,0.027858889,0.043432273,0.005281448,0.05033049,0.08201241,0.013873945
99999E00028158,4,False,DO,DO.02,False,0.004641495,0.01156675,0.88441604,0.0,0.012736073,0.0,0.00205944,0.0,0.064157635,0.02042258
99999E00028174,3,False,DO,DO.01,False,0.0,0.005077578,0.029514225,0.06709473,0.0074556842,0.0,0.39040145,0.0,0.007481393,0.49297494
99999E00028200,3,False,DO,DO.01,False,0.0033401886,0.38267243,0.14222302,0.12240549,0.09720777,0.02826186,0.10006212,0.01985618,0.04964183,0.054329135
99999E00028220,3,False,DO,DO.01,False,0.013110805,0.31060907,0.09208986,0.014647091,0.15557514,0.074701905,0.027853912,0.23461531,0.05857963,0.018217208
99999E00028243,6,False,DO,DO.01,False,0.015197611,0.38779587,0.11420297,0.028132595,0.050062675,0.028883424,0.1878769,0.04022778,0.066975795,0.080644436
99999E00028244,6,False,DO,DO.01,False,0.0005808759,0.12824622,0.3876623,0.016486455,0.019620482,0.0005133322,0.21450724,0.012231201,0.14527301,0.07487895
99999E00028257,5,False,16,16.23,False,0.0005194139,0.002795231,0.004149792,0.03752697,0.7004836,0.02807761,0.0,0.10387673,0.12157213,0.0009985333
99999E00028312,6,False,DO,DO.01,False,0.05589854,0.33230433,0.40047085,0.016133588,0.01051991,0.009430575,0.07333072,0.013878057,0.060694512,0.027338808
99999E00028355,6,False,DO,DO.01,False,0.0030135962,0.10772618,0.24681352,0.008568988,0.10762984,0.053748224,0.027003797,0.24669741,0.099547476,0.099251054
99999E00028363,6,False,DO,DO.01,False,0.0,0.043747485,0.26104197,0.01213673,0.021424307,0.008841249,0.14508936,0.003970624,0.22656567,0.27718267
99999E00028387,4,False,56,56.30,False,0.0,0.0,0.9571308,0.0,0.019220136,0.0,0.0,0.0,0.023649095,0.0
99999E00028397,3,False,DO,DO.01,False,0.039267533,0.22338223,0.32864872,0.0013182617,0.051917292,0.035413764,0.027804716,0.18418795,0.047639254,0.060420338
99999E00028411,6,False,DO,DO.01,False,0.0,0.10948542,0.56110233,0.01910741,0.09341514,0.023065869,0.012505223,0.025815591,0.13601851,0.019484503
99999E00028428,4,False,47,47.11,True,0.0,0.0,0.15441577,0.0,0.006353913,0.0,0.0,0.0012271287,0.8380032,0.0
99999E00028466,4,False,DO,DO.02,False,0.0,0.0,0.97898257,0.0,0.0040822816,0.0,0.0,0.0,0.016935166,0.0
99999E00028502,5,False,DO,DO.01,False,0.0,0.004968695,0.11158711,0.029595913,0.36447048,0.2922468,0.040557936,0.051504515,0.0051128645,0.099955715
99999E00028503,3,False,DO,DO.01,False,0.0,0.26039433,0.03314191,0.09051174,0.051174067,0.0,0.49941933,0.0,0.03132976,0.03402884
99999E00028510,4,False,55,55.10,True,0.12720862,0.22547558,0.29702365,0.0015686823,0.0,0.0,0.02434985,0.0,0.3179223,0.0064513683
99999E00028531,4,False,47,47.78,False,0.0,0.025751418,0.43363896,0.0,0.002674826,0.0008087186,0.0013168708,0.001455261,0.533897,0.00045697647
99999E00028547,5,False,85,85.59,False,0.0,0.0,0.27348062,0.002575087,0.37202114,0.0037746613,0.0,0.11033207,0.2279853,0.009831181
99999E00028556,6,False,DO,DO.01,False,0.0,0.15606643,0.5040562,0.0023078138,0.019695358,0.024291767,0.07746072,0.031675126,0.17114615,0.013300476
99999E00028557,4,False,47,47.30,False,0.0,0.0,0.978533,0.0,0.0,0.0,0.0,0.0,0.021466974,0.0
99999E00028589,6,False,DO,DO.01,False,0.0023637784,0.15396468,0.1754707,0.100592665,0.09640501,0.010558402,0.16898865,0.041251384,0.11907755,0.1313272
99999E00028596,6,False,DO,DO.01,False,0.004003632,0.17067003,0.21128783,0.07184448,0.13166183,0.058628436,0.07125003,0.09364925,0.12131573,0.0656888
99999E00028622,4,False,56,56.10,False,0.0,0.0012912905,0.12699263,0.0,0.2713584,0.0,0.0006564804,0.010763092,0.1745881,0.41435003
99999E00028624,4,False,55,55.10,True,0.0024890385,0.0,0.04105473,0.0010864589,0.01441005,0.0002400515,0.0,0.0006890186,0.920154,0.019876717
99999E00028642,4,False,55,55.10,False,0.0,0.0011688654,0.031317428,0.0,0.018760342,0.0,0.0,0.0,0.78627187,0.16248147
99999E00028648,3,False,DO,DO.01,False,0.0071041016,0.23260203,0.5038857,0.007885957,0.0123411855,0.0,0.0221346,0.0,0.19873959,0.015306844
99999E00028653,6,False,47,47.78,False,0.0,0.0044854823,0.014584952,7.557928e-05,0.022697497,0.5752327,0.0,0.00024359504,0.38024998,0.0024302073
99999E00028677,4,False,DO,DO.01,False,0.0,0.006732921,0.88335556,0.0037682853,0.0,0.0,0.003959388,0.004557921,0.086345695,0.011280141
99999E00028698,4,False,82,82.99,False,0.0,0.0,0.1244797,0.0,0.32065624,0.09745354,0.0,0.11795929,0.33945128,0.0
99999E00028728,6,False,49,49.39,False,0.0,0.041978296,0.08441243,0.0353484,0.18291833,0.0020126828,0.0064763897,0.1142648,0.3824486,0.15014012
99999E00028773,2,False,61,61.10,False,0.0,0.0,1.0,0.0,0.0,0.0,0.0,0.0,0.0,0.0
99999E00028789,6,False,DO,DO.01,False,0.0,0.24297595,0.48243785,0.0021088626,0.074763425,0.0054862224,0.0046304907,0.022545226,0.13887125,0.02618063
99999E00028839,6,False,DO,DO.01,False,0.26747784,0.11254093,0.4337545,0.0055243867,0.031273436,0.0725834,0.027266756,0.020195976,0.009854827,0.019527968
99999E00028849,3,False,DO,DO.01,False,0.0,0.10900627,0.28709924,0.091569,0.11295897,0.0051678824,0.026643306,0.05602946,0.16289912,0.1486267
99999E00028864,4,False,84,84.1,False,0.0,0.0033841839,0.30912763,0.0021979352,0.5732077,0.0,0.0,0.002468254,0.107475586,0.00213883
99999E00028875,6,False,47,47.79,False,0.0,0.0,0.03305734,0.0005941687,0.018421464,0.9100297,0.0023900773,0.00096999167,0.029136606,0.0054005696
99999E00028884,4,False,55,55.10,False,0.0041807326,0.0,0.42280987,0.0,0.0,0.0,0.0,0.0,0.5730094,0.0
99999E00028886,4,False,64,64.19,False,0.0,0.0,0.5022727,0.0,0.45638192,0.0,0.0,0.0032321094,0.017985655,0.020127647
99999E00028952,6,False,47,47.78,False,0.0,0.0,0.0,0.0,0.23121895,0.38806856,0.0,0.0,0.3807125,0.0
99999E00028955,5,False,96,96.0,False,0.0,0.005136133,0.088172086,0.09990494,0.31508833,0.052092828,0.032484327,0.24871564,0.041964937,0.11644066
99999E00028961,4,False,55,55.10,False,0.0,0.002431146,0.9214018,0.048546486,0.017731443,0.0,0.0,0.0,0.007513198,0.0023759413
99999E00028965,6,False,DO,DO.02,True,0.19371091,0.20810497,0.03540265,0.03265331,0.0077285934,0.033787735,0.2739508,0.021026267,0.18817838,0.0054564476
99999E00029008,6,False,DO,DO.01,False,0.0,0.17756823,0.092394784,0.029645154,0.033371355,0.013955349,0.10921088,0.021423394,0.38295433,0.13947655
99999E00029023,5,False,16,16.23,False,0.0,0.00054398726,0.03743825,0.054767873,0.63590914,0.030368285,0.0011921009,0.2219184,0.0062240907,0.011637878
99999E00029045,6,False,DO,DO.01,False,0.0,0.084441915,0.2538049,0.014019326,0.02819962,0.008994239,0.016279288,0.05020688,0.48404598,0.060007825
99999E00029058,6,False,DO,DO.01,False,0.0,0.12174192,0.13863125,0.025893068,0.09788342,0.02728464,0.09241141,0.033301592,0.19235389,0.27049884
99999E00029083,4,False,DO,DO.01,False,0.0,0.047868717,0.45834428,0.059064567,0.0979516,0.0,0.14670356,0.017386641,0.05033697,0.12234371
99999E00029111,6,False,47,47.64,False,0.0067166924,0.007978513,0.043593965,0.0028743367,0.051576722,0.84598905,0.0,0.030662423,0.0077628326,0.0028454661
99999E00029139,6,False,01,01.1,False,0.008859467,0.0056675873,0.35506213,0.0020649068,0.20047772,0.07764485,0.00812148,0.27468348,0.038008098,0.029410377
99999E00029141,6,False,DO,DO.01,False,0.044261254,0.21701646,0.25880373,0.003907052,0.04437328,0.08570309,0.04638983,0.026863903,0.13746569,0.13521576
99999E00029144,5,False,96,96.02,False,0.0,0.0,0.21596508,0.0066020046,0.54151523,0.017503602,0.0014788837,0.20561525,0.010976036,0.00034382573
99999E00029153,5,False,85,85.10,False,0.0,0.0,0.1332741,0.0034336818,0.71693146,0.0029530083,0.0057720663,0.013755134,0.0048369938,0.11904367
99999E00029156,5,False,16,16.23,False,0.0,0.0014609295,0.3431164,0.0038459138,0.42452386,0.014323976,0.0,0.14345191,0.0541208,0.0151563
99999E00029159,6,False,52,52.10,False,0.0,0.07366887,0.18930739,0.041532356,0.14658499,0.029417213,0.104905106,0.06243588,0.29144567,0.060702503
99999E00029165,3,False,DO,DO.01,False,0.004816162,0.46731418,0.024668079,0.028212048,0.051230885,0.004030874,0.033713132,0.2654355,0.044608157,0.07597085
99999E00029181,4,False,DO,DO.02,False,0.0,0.016601702,0.6461018,0.002714542,0.01817924,0.0,0.0,0.0043083117,0.30604866,0.006045905
99999E00029182,5,False,25,25.11,False,0.0021392265,0.025265563,0.08351157,0.04993676,0.44616425,0.0029887739,0.009943566,0.065307215,0.21948753,0.09525553
99999E00029213,5,False,85,85.3,False,0.00081676675,0.0,0.13195695,0.039775673,0.77366793,0.0057184626,0.0004249665,0.014139321,0.02351055,0.009989373
99999E00029221,5,False,41,41.20,False,0.003979899,0.040484175,0.15875444,0.022157062,0.09757937,0.3255624,0.07629909,0.08908018,0.052026086,0.1340774
99999E00029225,3,False,DO,DO.01,False,0.050472986,0.3442994,0.16004153,0.0,0.09006229,0.07022973,0.0422064,0.16996604,0.04419064,0.028530931
99999E00029227,6,False,DO,DO.01,False,0.0,0.19952437,0.43230343,0.017460736,0.083904915,0.0015672677,0.02485911,0.077856645,0.13480854,0.027714938
99999E00029241,4,False,55,55.10,True,0.041095834,0.04822592,0.25235692,0.0,0.0026787233,0.0,0.002998719,0.0,0.6520091,0.00063485774
99999E00029246,6,False,DO,DO.01,False,0.005801512,0.37392905,0.03143396,0.03475869,0.06361511,0.011829728,0.051110197,0.041151058,0.1995409,0.1868298
99999E00029250,5,False,DO,DO.02,False,0.00022664708,0.0039347587,0.16269016,0.025052262,0.19083476,0.29956222,0.04317782,0.1688531,0.09245648,0.013211765
99999E00029270,4,False,DO,DO.01,False,0.0,0.0,0.0617404,0.011584318,0.14944394,0.0032347809,0.0,0.047140878,0.585232,0.14162372
99999E00029288,6,False,01,01.50,False,0.0,0.0,0.67128736,0.010245122,0.007825384,0.00061413,0.03288086,0.0033244032,0.2616906,0.01213221
99999E00029292,6,False,DO,DO.01,True,0.0141439205,0.26239675,0.038250748,0.06889435,0.033488143,0.015727583,0.16612384,0.056966208,0.3177278,0.02628062
99999E00029297,4,False,55,55.10,True,0.039984643,0.0011769626,0.11975417,0.0,0.0061458414,0.0,0.00040210204,0.0,0.8297991,0.0027371638
99999E00029299,4,False,DO,DO.01,False,0.0,0.030369785,0.40936825,0.0075071678,0.026207313,0.0,0.053559154,0.017888658,0.368213,0.08688674
99999E00029339,3,False,DO,DO.01,True,0.2441743,0.103336476,0.112016514,0.17021976,0.030135134,0.0,0.11332546,0.04633981,0.15798825,0.022464242
99999E00029399,4,False,45,45.20,True,0.14136824,0.18365721,0.12894766,0.040429596,0.0018229737,0.0029365052,0.040267304,0.003545746,0.45702472,0.0
99999E00029411,4,False,10,10.71,False,0.0,0.0,0.4434101,0.0,0.459106,0.0,0.0,0.0,0.08989458,0.0075892266
99999E00029412,6,False,47,47.51,False,0.0,0.0,0.065175645,0.0,0.008194641,0.92009044,0.0,0.006539257,0.0,0.0
99999E00029413,6,False,DO,DO.01,False,0.0035164307,0.03912532,0.52894163,0.14960885,0.047112267,0.0073772357,0.037800044,0.041457612,0.12374547,0.02131523
99999E00029440,6,False,DO,DO.01,False,0.012956762,0.2865114,0.20975704,0.07932692,0.049944896,0.07137312,0.08293409,0.07589042,0.06329772,0.068007715
99999E00029442,6,False,DO,DO.01,False,0.0,0.11591176,0.43708685,0.010431966,0.1063035,0.051897638,0.08689901,0.062255356,0.07077542,0.0584385
99999E00029447,4,False,01,01.41,False,0.00051458343,0.0005218431,0.18046835,0.0014365995,0.026815806,0.0,0.0,0.0,0.77229327,0.017949583
99999E00029456,3,False,DO,DO.01,False,0.0,0.7249504,0.0,0.1713703,0.0,0.0,0.06926301,0.0,0.0,0.03441629
99999E00029465,6,False,93,93.1,False,0.033964843,0.31734532,0.19534297,0.03755784,0.011690503,0.14847605,0.048401706,0.033109743,0.15226986,0.02184115
99999E00029474,6,False,DO,DO.01,False,0.044500273,0.28507537,0.17567724,0.026040707,0.0814808,0.08636097,0.016578535,0.15107031,0.0017801865,0.13143563
99999E00029504,6,False,DO,DO.01,False,0.023394985,0.08593847,0.58762294,0.015246995,0.08908073,0.035305873,0.023393422,0.067546085,0.072470516,0.0
99999E00029517,6,False,DO,DO.01,False,0.0,0.039940927,0.35340488,0.018329684,0.032434043,0.013750348,0.07413403,0.0359211,0.29928204,0.13280298
99999E00029574,6,False,45,45.20,False,0.0,0.03890694,0.024922363,0.012792485,0.06274518,0.014007527,0.03096445,0.16947383,0.29289496,0.35329226
99999E00029583,4,False,56,56.10,False,0.0,0.0,0.64295197,0.0017974062,0.05175502,0.0,0.0,0.0,0.27736828,0.026127428
99999E00029587,3,False,DO,DO.01,False,0.0024125145,0.20125659,0.21227755,0.067626394,0.32735798,0.0,0.047306813,0.066519864,8.548281e-05,0.0751568
99999E00029604,5,False,16,16.29,False,0.0,0.0006379926,0.019329187,0.002928689,0.30613658,0.5356491,0.006396218,0.12189946,0.0012340053,0.005788711
99999E00029606,3,False,DO,DO.01,False,0.0,0.39433438,0.0,0.07432336,0.07741819,0.25918716,0.0,0.0,0.0,0.1947369
99999E00029636,4,False,49,49.4,False,0.0,0.026549214,0.88599396,0.0023331577,0.0042335973,0.0,0.0020105527,0.006859294,0.064498454,0.007521808
99999E00029650,4,False,47,47.59,False,0.0,0.0,0.24406141,0.028673977,0.34195533,0.018029314,0.0,0.09331203,0.24411383,0.029854042
99999E00029660,6,False,DO,DO.01,False,0.0017312588,0.18635073,0.29844296,0.062365476,0.113743156,0.021379687,0.064342044,0.057978176,0.14440326,0.04926327
99999E00029691,6,False,DO,DO.01,False,0.0,0.0018414202,0.00894619,0.0061310926,0.18400863,0.015283264,0.001487326,0.015742641,0.58428997,0.18226954
99999E00029702,3,False,DO,DO.01,False,0.011602098,0.19358356,0.24850826,0.00665844,0.08577486,0.061628822,0.04416507,0.16941965,0.08108752,0.097571686
99999E00029721,4,False,56,56.30,False,0.0,0.06495396,0.1328108,0.0,0.008842813,0.0010650024,0.0009975465,0.0012059292,0.75309,0.03703398
99999E00029722,4,False,94,94.99,False,0.003240464,0.0,0.8404648,0.026225992,0.08185871,0.0,0.00024944803,0.0026874666,0.045095265,0.0001779178
99999E00029723,6,False,DO,DO.01,False,0.0,0.18128066,0.44172192,0.005348235,0.02299415,0.026705427,0.06531218,0.05582581,0.047018625,0.15379302
99999E00029733,4,False,55,55.10,False,0.0,0.00071446603,0.1280178,0.005013751,0.008617407,0.0,0.0,0.005979354,0.84776276,0.0038944804
99999E00029736,6,False,DO,DO.01,False,0.08552265,0.05547141,0.22495851,0.09763993,0.117756374,0.082996614,0.067579016,0.06282211,0.12446346,0.080789946
99999E00029737,6,False,47,47.71,False,0.0,0.000495521,0.026661696,0.0,0.024463177,0.9244062,0.00020157271,0.015811702,0.003689335,0.004270828
99999E00029744,6,False,DO,DO.01,False,0.006653004,0.4639902,0.036052197,0.06122921,0.10459701,0.07535962,0.09704256,0.08740398,0.0070209033,0.06065136
99999E00029782,6,False,25,25.73,False,0.3237216,0.08552972,0.27897677,0.04676867,0.052894916,0.028675754,0.027069494,0.043408915,0.02519839,0.087755814
99999E00029788,6,False,DO,DO.01,False,0.0,0.11830607,0.5309602,0.010048244,0.060604382,0.03183453,0.07928625,0.03331254,0.07577686,0.059870914
99999E00029825,6,False,47,47.64,False,0.0026472143,0.004938122,0.026525255,0.0030056129,0.13940112,0.7652457,0.021905804,0.0005988643,0.028731683,0.00700069
99999E00029838,4,False,43,43.22,True,0.08613136,0.11408148,0.13547611,0.070102766,0.0,0.0,0.07772587,0.0012579958,0.5120698,0.0031547
99999E00029840,3,False,DO,DO.01,False,0.0,0.13937639,0.0,0.08609061,0.18934873,0.08502536,0.0,0.02827901,0.404434,0.06744588
99999E00029842,3,False,49,49.39,False,0.0,0.0,0.03401273,0.0,0.8787394,0.0,0.0,0.036915306,0.001799879,0.048532706
99999E00029860,6,False,DO,DO.01,False,0.0,0.1861172,0.45354477,0.013103335,0.07933143,0.011435852,0.010809304,0.07169278,0.12253704,0.051428378
99999E00029874,6,False,DO,DO.01,False,0.031157315,0.28642032,0.43693456,0.0,0.068670236,0.016888535,0.014110691,0.07317394,0.043395713,0.029248595
99999E00029879,6,False,56,56.10,False,0.023889,0.002703075,0.87423944,0.026895054,0.010216672,0.0020631421,0.01575663,0.0041707875,0.027522271,0.012543952
99999E00029895,6,False,DO,DO.01,False,0.0,0.15036936,0.096468054,0.0033046282,0.022935675,0.02677025,0.20936891,0.07967893,0.246589,0.16451529
99999E00029907,6,False,DO,DO.01,False,0.054025233,0.11761246,0.65717614,0.013369317,0.010205571,0.0012389214,0.024257632,0.0063333884,0.08835555,0.027425801
99999E00029934,4,False,85,85.3,False,0.0,0.005229748,0.19159786,0.08192512,0.68354493,0.0010382893,0.0,0.00087774626,0.02337044,0.012415834
99999E00029963,4,False,68,68.31,False,0.09148498,0.0,0.8794366,0.0,0.0,0.0,0.0,0.0,0.02907844,0.0
99999E00029973,6,False,47,47.78,False,0.14254642,0.11027738,0.055659514,0.0,0.024226747,0.5599853,0.0042375415,0.08141522,0.02095122,0.0007007261
99999E00029976,4,False,71,71.12,False,0.0,0.0,0.06592337,0.00678125,0.41272965,0.20940313,0.09799597,0.011381577,0.18618968,0.009595483
99999E00029979,4,False,55,55.10,False,0.0,0.0044447146,0.2794599,0.0064550643,0.0,0.0,0.002755556,0.0031779467,0.69350004,0.010206834
99999E00029987,6,False,DO,DO.01,False,0.0029543517,0.21674149,0.07859435,0.08790443,0.051617373,0.0431568,0.124828525,0.0728845,0.19069569,0.1306225
99999E00029988,6,False,DO,DO.01,False,0.0,0.12553555,0.6451515,0.0060404516,0.03890176,0.079067655,0.026247945,0.0028396354,0.016053906,0.060161658
99999E00030002,4,False,49,49.4,False,0.0,0.0,0.96290195,0.006425023,0.021000272,0.0,0.0,0.0066165747,0.0021429101,0.0009132703
99999E00030051,6,False,DO,DO.01,False,0.006232298,0.13631488,0.60191506,0.018121189,0.048261616,0.004002792,0.024711946,0.021855135,0.08971793,0.048867192
99999E00030069,2,False,61,61.20,False,0.0,0.0,1.0,0.0,0.0,0.0,0.0,0.0,0.0,0.0
99999E00030080,6,False,94,94.91,False,0.0,0.01423253,0.089290686,0.008918089,0.1436391,0.49794537,0.051208142,0.027164906,0.16090275,0.0066983365
99999E00030103,4,False,56,56.10,False,0.0,0.0,0.09883717,0.0,0.05924615,0.0,0.0,0.00047571165,0.6001701,0.24127088
99999E00030114,4,False,49,49.39,False,0.0,0.066256925,0.2728918,0.0,0.22436042,0.0,0.0,0.011550876,0.013212351,0.4117277
99999E00030123,6,False,DO,DO.01,False,0.0045854202,0.068390444,0.38241616,0.031061096,0.100341566,0.016263656,0.074239425,0.041546047,0.21793984,0.06321632
99999E00030124,6,False,43,43.21,True,0.1728575,0.015404213,0.3238925,0.3019783,0.062076613,0.019773578,0.014574781,0.017348673,0.067774534,0.0043193186
99999E00030125,6,False,47,47.64,False,0.0,0.23074012,0.0,0.0015832081,0.22313276,0.24563622,0.20881419,0.05500403,0.0,0.035089467
99999E00030126,6,False,47,47.64,False,0.0,0.014648104,0.0011680244,0.002189881,0.11132049,0.8214848,0.01839737,0.0,0.030791333,0.0
99999E00030131,6,False,55,55.10,False,0.0010600458,0.066467114,0.15371113,0.010617069,0.03546258,0.0020672593,0.0037690515,0.0056753634,0.7033084,0.017862007
99999E00030133,6,False,DO,DO.01,False,0.01855041,0.1629292,0.3051324,0.048902556,0.019878741,0.014081251,0.1754042,0.043060392,0.15748134,0.054579526
99999E00030151,2,False,61,61.20,False,0.0,0.0,1.0,0.0,0.0,0.0,0.0,0.0,0.0,0.0
99999E00030158,6,False,DO,DO.01,False,0.0,0.07036325,0.4318863,0.0016870558,0.027707765,0.16378869,0.029659666,0.23149917,0.010628344,0.032779697
99999E00030180,6,False,DO,DO.01,False,0.027182667,0.1970504,0.12079121,0.045501698,0.022619667,0.08648062,0.039771136,0.123541914,0.22032247,0.11673826
99999E00030183,2,False,10,10.51,True,0.00010181207,0.0,0.9986548,0.0,0.0012434034,0.0,0.0,0.0,0.0,0.0
99999E00030233,5,False,16,16.23,False,0.0,0.0,0.019196162,0.008983903,0.47884074,0.28006867,0.0038670239,0.17573118,0.018429207,0.01488309
99999E00030256,6,False,DO,DO.01,False,0.04169533,0.24057741,0.20409465,0.028722543,0.07930928,0.096653886,0.07606863,0.10916299,0.03609553,0.08761981
99999E00030328,6,False,DO,DO.01,False,0.014776142,0.32453057,0.35461152,0.0009996502,0.023679588,0.036166273,0.026710335,0.06973703,0.06167822,0.087110676
99999E00030335,6,False,DO,DO.01,False,0.023563249,0.11025123,0.21794467,0.035680488,0.12999897,0.089942314,0.103493884,0.046153776,0.14805762,0.09491377
99999E00030358,6,False,DO,DO.01,False,0.0,0.013681339,0.22233042,0.20518385,0.05582112,0.0027006762,0.075297624,0.008677096,0.21411635,0.20219152
99999E00030365,6,False,DO,DO.01,False,0.0,0.09076709,0.10389628,0.19698602,0.24887015,0.0062591243,0.028456457,0.08323503,0.15151519,0.09001465
99999E00030372,6,False,DO,DO.01,False,0.0,0.07755578,0.24497123,0.0028065536,0.03373387,0.009879608,0.2468144,0.030500863,0.22231758,0.13142009
99999E00030384,6,False,DO,DO.01,False,0.0,0.323364,0.17353638,0.07510811,0.070661485,0.017629204,0.0869043,0.04742053,0.17626974,0.029106317
99999E00030394,4,False,DO,DO.01,False,0.0009449563,0.0,0.9788566,0.0,0.016394991,0.0,0.0,0.0,0.0038034492,0.0
99999E00030407,6,False,DO,DO.01,False,0.0441868,0.42540148,0.19479449,0.015521894,0.03639309,0.03804484,0.08361128,0.043071985,0.047081683,0.07189251
99999E00030415,6,False,DO,DO.01,False,0.0027171837,0.16214764,0.048363753,0.0052376236,0.07296146,0.035775863,0.06930465,0.07890572,0.2657955,0.2587907
99999E00030435,3,False,DO,DO.01,False,0.0,0.3059521,0.07004669,0.01492504,0.3225604,0.12130802,0.05911662,0.0,0.04690727,0.059183955
99999E00030454,6,False,10,10.85,False,0.0,0.0,0.008918601,0.00045611383,0.21415932,0.03230281,0.0005616588,0.0005714256,0.7423084,0.0007216694
99999E00030481,6,False,DO,DO.01,False,0.0,0.17888963,0.13790251,0.036117468,0.09787857,0.021538178,0.07923555,0.104488045,0.23736323,0.1065869
99999E00030512,4,False,49,49.12,True,0.011128553,0.00032370104,0.030107014,0.0021118831,0.17298283,0.0021676072,0.0065106484,0.004769112,0.4738936,0.29600504
99999E00030530,6,False,DO,DO.01,False,0.001281064,0.17819919,0.08932133,0.02127825,0.0365702,0.018062346,0.07044629,0.08258301,0.34740195,0.15485638
99999E00030547,6,False,DO,DO.01,False,0.0041565485,0.055843584,0.6770625,0.017657526,0.018974286,0.009274187,0.039182827,0.022494197,0.04804448,0.10730986
99999E00030549,6,False,43,43.22,False,0.0,0.15387037,0.11323639,0.09823572,0.107212946,0.033815913,0.05268985,0.16497655,0.17901154,0.09695069
99999E00030551,6,False,DO,DO.01,False,0.0011962622,0.48444375,0.03880514,0.01883545,0.045987304,0.0095813265,0.06700268,0.1020082,0.17005911,0.06208082
99999E00030577,3,False,DO,DO.01,False,0.0049910983,0.2359679,0.13872069,0.006698071,0.14423029,0.047202542,0.05697842,0.21820503,0.119370624,0.027635336
99999E00030588,6,False,47,47.78,False,0.0,0.1998149,0.00037475344,0.0,0.0024463595,0.658164,0.07688913,0.059575327,0.0,0.0027355095
99999E00030599,2,False,61,61.10,False,0.0,0.0,1.0,0.0,0.0,0.0,0.0,0.0,0.0,0.0
99999E00030602,4,False,47,47.59,False,0.0,0.0,0.213817,0.0,0.0,0.024604538,0.031121131,0.16117045,0.49507323,0.07421368
99999E00030605,6,False,DO,DO.01,True,0.18384835,0.44174808,0.084503375,0.010803387,0.049048983,0.011200984,0.0,0.092559725,0.09892931,0.02735787
99999E00030611,4,False,DO,DO.01,False,0.018612267,0.28545687,0.16372782,0.028963462,0.06779349,0.0,0.17431262,0.023195127,0.1508143,0.087124
99999E00030631,5,False,16,16.2,False,0.0,0.0022004317,0.5214686,0.041218236,0.2414345,0.031058293,0.01592971,0.09639829,0.021424215,0.028867722
99999E00030670,6,False,DO,DO.02,False,0.029722987,0.05616605,0.5995324,0.006814397,0.071278445,0.016879633,0.029410267,0.045035385,0.11585566,0.029304815
99999E00030677,4,False,DO,DO.01,False,0.016917756,0.14514045,0.55140674,0.0009029504,0.0143764615,0.024394559,0.099592656,0.029350547,0.10092939,0.016988501
99999E00030681,6,False,DO,DO.01,False,0.0,0.09050715,0.050207898,0.0837431,0.11359605,0.042101502,0.16956517,0.06844044,0.28984722,0.091991454
99999E00030715,4,False,47,47.11,False,0.0,0.00085126975,0.08087284,0.0,0.0039106207,0.0028813155,0.0,0.0007218679,0.90771395,0.0030481464
99999E00030794,2,False,61,61.10,False,0.0,0.0,1.0,0.0,0.0,0.0,0.0,0.0,0.0,0.0
99999E00030835,4,False,55,55.10,False,0.0,0.10284032,0.51954836,0.01595526,0.03619972,0.0027944276,0.0,0.010638166,0.30164304,0.010380774
99999E00030838,6,False,47,47.25,False,0.0010090009,0.0026063058,0.0147658875,0.006373243,0.25360706,0.24144635,0.015612327,0.006167799,0.37587416,0.08253796
99999E00030844,6,False,DO,DO.01,False,0.0,0.041501172,0.48620778,0.041902453,0.064086325,0.03725612,0.058529675,0.032812286,0.0906973,0.14700693
99999E00030863,4,False,56,56.30,False,0.0,0.002988437,0.89905334,0.0,0.006888179,0.002129294,9.604962e-05,0.002294875,0.084668025,0.0018818266
99999E00030919,4,False,10,10.71,False,0.16796625,0.0,0.8316454,0.0,0.000388324,0.0,0.0,0.0,0.0,0.0
99999E00030958,6,False,94,94.9,False,0.045276817,0.14054029,0.4528037,0.0,0.044485915,0.23747444,0.0005509642,0.021221006,0.053950056,0.003696792
99999E00030959,4,False,DO,DO.01,False,0.0,0.15180188,0.33208808,0.0,0.025248233,0.0,0.23391151,0.0,0.25695032,0.0
99999E00030988,6,False,DO,DO.01,False,0.0,0.0,0.022732744,0.2604385,0.009083643,0.24167033,0.04255923,0.38784954,0.03276417,0.0029019325
99999E00030995,6,False,DO,DO.01,False,0.0,0.18655445,0.2928176,0.024229163,0.05243956,0.017850878,0.012975814,0.13894948,0.06978337,0.20439969
99999E00031012,4,False,56,56.30,False,0.0,0.0,0.081731245,0.0,0.07770888,0.0,0.0,0.0024369864,0.0,0.8381229
99999E00031042,4,False,49,49.4,False,0.0,0.0,0.0,0.0,0.0,0.0,0.0,0.0,1.0,0.0
99999E00031074,4,False,DO,DO.01,False,0.0,0.42234176,0.20043959,0.0,0.06914427,0.0,0.016983582,0.028694484,0.051250458,0.21114591
99999E00031081,6,False,DO,DO.01,False,0.0014732128,0.32022077,0.21187824,0.030257525,0.061804112,0.0,0.08342068,0.15106098,0.09777978,0.042104613
99999E00031083,6,False,DO,DO.01,False,0.03592384,0.15119985,0.05985029,0.026261473,0.17655635,0.08396458,0.10098203,0.17388622,0.036478776,0.1548966
99999E00031089,4,False,56,56.30,False,0.0,0.0,0.22461171,0.0038633852,0.051285222,3.950448e-05,0.0,0.0,0.7202002,0.0
99999E00031117,4,False,55,55.10,False,0.0,0.0030932508,0.10747401,0.0019626862,0.0019802798,0.0,0.0,0.0,0.88548976,0.0
99999E00031136,6,False,47,47.71,False,0.0,0.010869822,0.05533325,0.0,0.009301184,0.8144929,0.0112681,0.00069079903,0.098043986,0.0
99999E00031143,6,False,84,84.11,False,0.0036287801,0.021538971,0.47533265,0.059265107,0.111173384,0.012219149,0.019332131,0.01792271,0.22925884,0.050328344
99999E00031144,4,False,47,47.11,False,0.0050003934,0.0,0.97553784,0.0,0.008355633,0.0,0.0,0.0024481504,0.0029393665,0.0057186293
99999E00031188,4,False,55,55.10,True,0.02855219,0.0029651232,0.09479218,0.00069971645,0.004054938,0.0073049027,0.0,0.004584296,0.8511829,0.005863777
99999E00031193,4,False,DO,DO.01,False,0.004744742,0.06388789,0.52195424,0.019448973,0.056077853,0.0,0.05909844,0.057611104,0.10834493,0.108831845
99999E00031202,6,False,DO,DO.01,False,0.0,0.106373206,0.18166573,0.0611962,0.11376023,0.009709726,0.15943572,0.020533076,0.28079933,0.06652674
99999E00031218,4,False,47,47.11,True,0.0,0.0,0.069330305,0.0014931078,0.01834765,0.0,0.0,0.0,0.91082895,0.0
99999E00031235,6,False,DO,DO.01,False,0.020006508,0.27104792,0.13518724,0.081454605,0.08096799,0.019982355,0.030616783,0.05158657,0.21723501,0.09191499
99999E00031282,4,False,93,93.1,True,0.0,0.031249288,0.5598668,0.0,0.0750517,0.0,0.0046904813,0.024173759,0.28491548,0.020052537
99999E00031296,4,False,16,16.10,False,0.0,0.0,0.84634525,0.0,0.0014861412,0.0,0.0019405637,0.0,0.15022811,0.0
99999E00031300,3,False,49,49.4,False,0.021521429,0.060065106,0.2005142,0.0,0.1538015,0.06456428,0.0,0.31911013,0.09759282,0.08283055
99999E00031304,6,False,55,55.10,False,0.0,0.06212613,0.2093565,0.0033306107,0.029975498,0.016624654,0.022947036,0.14162125,0.4155985,0.0984198
99999E00031306,6,False,DO,DO.01,False,0.002708636,0.22804716,0.30510312,0.0120693995,0.08766741,0.05272332,0.05064247,0.1141272,0.06158429,0.08532691
99999E00031307,3,False,DO,DO.01,False,0.0,0.12167206,0.037187163,0.048500538,0.08122707,0.12951727,0.15122168,0.115776695,0.2178533,0.09704423
99999E00031342,4,False,DO,DO.01,False,0.0,0.18950872,0.49265948,0.0,0.03390613,0.007106654,0.0059150546,0.0,0.26559928,0.0053046863
99999E00031369,6,False,36,36.00,False,0.00050724065,0.015356548,0.5452305,0.060108043,0.048029333,0.05972272,0.04931644,0.005738392,0.20026481,0.01572599
99999E00031370,2,False,36,36.00,False,0.009788299,0.0,0.85491174,0.011852221,0.03600984,0.0026630403,0.0024496329,0.00643717,0.05801647,0.017871594
99999E00031372,1,False,IL,IL.01,False,0.98452634,0.0,0.015473643,0.0,0.0,0.0,0.0,0.0,0.0,0.0
99999E00031374,1,False,IL,IL.01,False,1.0,0.0,0.0,0.0,0.0,0.0,0.0,0.0,0.0,0.0
99999E00031376,4,False,75,75.00,False,0.0010285346,0.0032389585,0.17789155,0.0027313016,0.51712555,0.06274987,0.0007132319,0.14468296,0.050215095,0.03962304
99999E00031377,4,False,84,84.1,False,0.0,0.0,0.24701087,0.0,0.0,0.0060414453,0.0,0.0024054046,0.74454224,0.0
99999E00031378,1,False,IL,IL.01,False,1.0,0.0,0.0,0.0,0.0,0.0,0.0,0.0,0.0,0.0
99999E00031379,1,False,IL,IL.01,False,1.0,0.0,0.0,0.0,0.0,0.0,0.0,0.0,0.0,0.0
99999E00031381,4,False,IL,IL.01,False,0.0,0.012631215,0.93309426,0.0024882283,0.0,0.0,0.0,0.0,0.051786255,0.0
99999E00031382,4,False,36,36.00,False,0.0,0.0,0.9788532,0.0,0.009560599,0.0,0.0,0.00233837,0.0,0.00924785
99999E00031385,1,False,96,96.0,False,0.98725504,0.008957221,0.0037877655,0.0,0.0,0.0,0.0,0.0,0.0,0.0
99999E00031386,4,False,36,36.00,False,0.0,0.0,0.95372516,0.0,0.020124778,0.0,0.0,0.011250884,0.0,0.014899217
99999E00031387,1,False,IL,IL.01,False,0.98161554,0.0015377202,0.013873907,0.0,0.0,0.0,0.0,0.0,0.0029728366,0.0
99999E00031388,1,False,IL,IL.01,False,0.93445003,0.0,0.06554997,0.0,0.0,0.0,0.0,0.0,0.0,0.0
99999E00031389,1,False,IL,IL.01,False,0.99464977,0.0015794997,0.0037707011,0.0,0.0,0.0,0.0,0.0,0.0,0.0
99999E00031393,4,False,36,36.00,False,0.06758793,0.0062215906,0.2120105,0.032460388,0.002722772,0.0002704321,0.007506831,0.00075456605,0.6645045,0.0059605218
99999E00031394,4,False,85,85.3,False,0.0,0.0,0.7938165,0.0,0.1004932,0.0,0.0,0.007208817,0.07592773,0.022553788
99999E00031425,6,False,68,68.31,False,0.016881173,0.16407098,0.28289816,0.014170677,0.076153554,0.11276561,0.06064043,0.025116893,0.15499055,0.092311926
99999E00031482,3,False,DO,DO.01,False,0.0061604735,0.2533914,0.10534231,0.036857493,0.024546271,0.027862327,0.22082242,0.034633826,0.07567933,0.2147041
99999E00031610,1,False,IL,IL.01,False,0.9965585,0.0011081912,0.0023333475,0.0,0.0,0.0,0.0,0.0,0.0,0.0
99999E00031651,4,False,DO,DO.01,False,0.0,0.0020584853,0.8737059,0.0036931648,0.0062359995,0.02088757,0.0,0.050493434,0.03620512,0.0067203487
99999E00031652,2,False,60,60.10,False,0.0,0.0,1.0,0.0,0.0,0.0,0.0,0.0,0.0,0.0
99999E00031656,2,False,60,60.10,False,0.0,0.0,1.0,0.0,0.0,0.0,0.0,0.0,0.0,0.0
99999E00031672,6,False,36,36.00,False,0.0,0.043256167,0.17869757,0.028978104,0.06301288,0.0094222445,0.009832328,0.065620065,0.5381427,0.06303799
99999E00031755,3,False,DO,DO.01,False,0.00347041,0.14036256,0.3630839,0.095858425,0.117755674,0.0,0.02961244,0.039302394,0.13750334,0.073050834
99999E00031823,6,False,52,52.10,False,0.09430055,0.006035744,0.38709316,0.04816355,0.28966948,0.023379643,0.0067970664,0.08538023,0.05179438,0.0073861782
99999E00031834,6,False,93,93.11,False,0.015256772,0.05626743,0.12041022,0.011167932,0.060423635,0.4301733,0.13845502,0.021527134,0.11818956,0.02812898
99999E00031857,4,False,41,41.20,False,0.0,0.0,0.42713094,0.0,0.5513616,0.0,0.0,0.0,0.013226023,0.008281421
99999E00031885,4,False,56,56.10,False,0.00055217807,0.4516292,0.08103217,0.0017419627,0.0073685525,0.0,6.777332e-05,0.0019492955,0.45552537,0.0001335403
99999E00031886,4,False,55,55.10,False,0.0,0.0,0.07100091,0.0018720034,0.043017674,0.0,0.0027080942,0.0,0.8761818,0.005219567
99999E00031914,4,False,DO,DO.01,False,0.0072989156,0.18702815,0.2800883,0.033961188,0.073708944,0.0,0.10700696,0.032905776,0.05445072,0.22355103
99999E00031930,4,False,93,93.1,False,0.0,0.01453301,0.32769024,0.0,0.16875541,0.046624027,0.009544222,0.012507921,0.3791523,0.041192964
99999E00031966,6,False,01,01.42,False,0.03372702,0.014199009,0.33923143,0.006569452,0.033083364,0.04023834,0.046369392,0.024317175,0.44587263,0.016392188
99999E00031980,6,False,DO,DO.01,False,0.0,0.037627425,0.25810143,0.008655754,0.013123959,0.0034014487,0.027314674,0.007280743,0.6074012,0.037093382
99999E00031993,6,False,DO,DO.01,False,0.06506278,0.098974995,0.16701347,0.11153701,0.15758768,0.052162603,0.048241884,0.111026354,0.052898698,0.13549456
99999E00032000,6,False,DO,DO.01,False,0.0051125484,0.12098196,0.53608686,0.010855719,0.017990265,0.036523566,0.21364595,0.03561016,0.008708599,0.014484303
99999E00032033,6,False,47,47.78,False,0.001332474,0.0,0.023644328,0.0,0.031278245,0.91250485,0.0012321569,0.004204599,0.019253269,0.0065500587
99999E00032034,4,False,55,55.10,False,0.0,0.0,0.15990417,0.0,0.023093222,0.0,0.0,0.0016725902,0.81454176,0.0007882903
99999E00032062,6,False,DO,DO.01,False,0.097694874,0.09988037,0.6067326,0.0,0.0031707347,0.0077061015,0.015089915,0.073393196,0.08695311,0.009379117
99999E00032087,6,False,43,43.22,False,0.010813274,0.031393133,0.18969716,0.0,0.0060279677,0.57184416,0.0042885463,0.006621953,0.17274956,0.0065642255
99999E00032096,4,False,82,82.30,False,0.0012444642,0.108825855,0.82976437,0.00030567605,0.012637373,0.007046092,0.0007678168,0.009861421,0.029546957,0.0
99999E00032109,6,False,46,46.34,False,0.10952417,0.28515702,0.05007787,0.00044161023,0.054242935,0.09099371,0.05019171,0.12646638,0.10389569,0.12900884
99999E00032122,4,False,55,55.10,False,0.0,0.0,0.32901794,0.0,0.0078066546,0.0,0.0,0.0,0.6631754,0.0
99999E00032136,4,False,55,55.20,False,0.0,0.00029900653,0.18609108,0.0,0.113206506,0.0,0.0,0.00050249713,0.6435296,0.056371387
99999E00032161,6,False,DO,DO.01,False,0.0,0.12597103,0.020852854,0.05235707,0.19716282,0.06459231,0.10741389,0.12232217,0.05801197,0.25131586
99999E00032181,6,False,55,55.10,False,0.0,0.033383824,0.78107184,0.004744619,0.03842206,0.016151454,0.017920941,0.045286946,0.041298453,0.021719754
99999E00032192,4,False,36,36.00,False,0.08163123,0.1532366,0.5524956,0.040920693,0.02346888,0.006468537,0.031400815,0.0213127,0.07360588,0.015459102
99999E00032208,6,False,DO,DO.01,False,0.0,0.007994672,0.23670015,0.017025083,0.0057969573,0.002302084,0.02207456,0.002422357,0.6960872,0.009596987
99999E00032234,5,False,43,43.33,False,0.0,0.0,0.10434541,0.020479565,0.6916348,0.010703551,0.0,0.066799656,0.09405563,0.011981418
99999E00032238,6,False,47,47.71,False,0.0,0.0,0.028863622,0.0002574128,0.26617515,0.44569466,0.0,0.013563984,0.2377382,0.0077070086
99999E00032278,6,False,DO,DO.01,False,0.0,0.089117385,0.28326553,0.046814907,0.05604374,0.14275141,0.091108665,0.15988225,0.04190927,0.08910687
99999E00032282,6,False,DO,DO.01,False,0.09841688,0.08372162,0.48702288,0.08684419,0.052046545,0.006462565,0.011965979,0.034750603,0.11008257,0.028686166
99999E00032289,5,False,43,43.22,False,0.0,0.0,0.63016534,0.037473954,0.13853374,0.0061697937,0.008987654,0.04445977,0.1136086,0.020601097
99999E00032294,3,False,DO,DO.01,False,0.19318968,0.27820045,0.029783936,0.06593283,0.09343068,0.11322181,0.05377232,0.13565701,0.029485138,0.007326183
99999E00032299,3,False,DO,DO.01,False,0.036952116,0.13313374,0.4136537,0.00041521605,0.06713691,0.047423303,0.0056546796,0.028109422,0.23845436,0.029066531
99999E00032300,4,False,47,47.11,True,0.009333316,0.0,0.9906666,0.0,0.0,0.0,0.0,0.0,0.0,0.0
99999E00032330,5,False,16,16.10,True,0.027934123,0.0006500793,0.029324012,0.08438334,0.69814146,0.010712781,0.0007845414,0.14645426,0.0013103369,0.00030508457
99999E00032343,6,False,DO,DO.01,False,0.0,0.16942409,0.15294378,0.036866173,0.04273677,0.01010788,0.12139354,0.022494461,0.28565967,0.15837364
99999E00032358,6,False,DO,DO.01,False,0.0,0.2009091,0.36987424,0.014688979,0.0746729,0.032666612,0.10254268,0.057729516,0.10893147,0.03798449
99999E00032367,6,False,74,74.90,False,0.0058914497,0.11813672,0.50607777,0.0107541075,0.15456703,0.006247377,0.00565165,0.050978463,0.12087429,0.020821096
99999E00032370,3,False,27,27.5,False,0.0035524801,0.015778547,0.009227221,0.02636678,0.49280277,0.070888124,0.0,0.3466436,0.0,0.034740485
99999E00032390,3,False,DO,DO.01,False,0.03304301,0.3547635,0.006275956,0.042648725,0.03825093,0.12228195,0.0,0.15671375,0.12725179,0.11877032
99999E00032392,4,False,55,55.10,False,0.0,0.0,0.06698276,0.0,0.011004048,0.0,0.0,0.0,0.9194016,0.0026116522
99999E00032393,4,False,55,55.10,False,0.0,0.0,0.06997877,0.0019634163,0.02018018,0.0063970895,0.0,0.0066623515,0.89085585,0.003962359
99999E00032396,6,False,DO,DO.01,False,0.020680554,0.20589407,0.16283578,0.0110422,0.11501069,0.0,0.06107782,0.048013665,0.087845206,0.28760004
99999E00032405,4,False,55,55.10,False,0.0,0.0,0.1826551,0.0078422325,0.15415221,0.0009624233,0.0,0.002566278,0.43675497,0.21506685
99999E00032407,6,False,DO,DO.01,False,0.0049805217,0.0032751453,0.55099696,0.027220279,0.012743069,0.035492383,0.13429329,0.0,0.14873762,0.0822608
99999E00032410,6,False,DO,DO.01,False,0.09244473,0.15212117,0.38183847,0.0,0.039465282,0.06916669,0.034325916,0.029123923,0.14674139,0.05477243
99999E00032422,6,False,16,16.23,False,0.0,0.017840365,0.062114213,0.0367831,0.26221204,0.1667995,0.024246532,0.11570071,0.24869561,0.06560798
99999E00032429,2,False,61,61.90,False,0.0,0.0,1.0,0.0,0.0,0.0,0.0,0.0,0.0,0.0
99999E00032445,6,False,55,55.10,False,0.0029115428,0.007562208,0.06424833,0.0017882558,0.0074356454,0.2650411,0.00096002454,0.63683283,0.0072125318,0.0060075275
99999E00032454,2,False,61,61.90,False,0.0,0.0,0.997689,0.0,0.0,0.0,0.0,0.0,0.0,0.0023110171
99999E00032455,6,False,47,47.78,False,0.036949657,0.02207052,0.10770217,0.71725976,0.08229054,0.0030967002,0.000709941,0.007675227,0.0060028527,0.016242594
99999E00032462,6,False,47,47.71,False,0.0,0.0,0.037099913,0.0,0.0502546,0.5358497,0.0,0.0010871388,0.36992592,0.0057827365
99999E00032463,4,False,55,55.10,True,0.017099664,0.005846595,0.0546867,0.0023678667,0.016400624,0.00046081745,0.007222923,0.004620001,0.8814514,0.009843374
99999E00032466,6,False,47,47.64,False,0.0,0.16845879,0.025368735,0.010767213,0.20299678,0.222516,0.29508868,0.054571487,0.0045532268,0.015679013
99999E00032468,4,False,56,56.10,False,0.0,0.00028299383,0.24904309,0.00026287115,0.5171107,0.00030587844,0.00030402167,0.0002578811,0.035167452,0.19726504
99999E00032481,2,False,61,61.20,False,0.0,0.0,1.0,0.0,0.0,0.0,0.0,0.0,0.0,0.0
99999E00032482,4,False,56,56.30,False,0.0,0.0071327738,0.041765183,0.0,0.007819451,0.00064475415,0.005409574,0.00048501123,0.27802205,0.6587212
99999E00032499,5,False,41,41.20,False,0.032592673,0.015007691,0.15537998,0.17432784,0.23519649,0.13180782,0.015840271,0.12338654,0.06927931,0.04718142
99999E00032523,2,False,61,61.10,False,0.0,0.0,1.0,0.0,0.0,0.0,0.0,0.0,0.0,0.0
99999E00032531,4,False,47,47.75,False,0.009547174,0.0036546483,0.09706755,0.0,0.05720348,0.24300042,0.004545379,0.06931013,0.3263246,0.1893466
99999E00032543,5,False,DO,DO.02,False,0.0,0.0,0.6967924,0.03500477,0.056416404,0.004623133,0.049167547,0.01673227,0.109691225,0.03157226
99999E00032575,4,False,DO,DO.01,False,0.0027961486,0.07891968,0.6639266,0.009670624,0.040080566,0.0,0.02744569,0.038381785,0.080189325,0.058589652
99999E00032587,6,False,DO,DO.01,False,0.015774624,0.50191104,0.08132387,0.011674613,0.0734991,0.06316799,0.044386692,0.007704317,0.046406586,0.1541512
99999E00032606,6,False,47,47.72,False,0.006502998,0.20343378,0.04366862,0.041646406,0.08863255,0.037375104,0.057758212,0.18791544,0.16538797,0.16767892
99999E00032607,3,False,01,01.50,False,0.0016895579,0.0002031985,0.004165569,0.036481656,0.6031307,0.011785512,0.0,0.33171025,0.0,0.01083349
99999E00032608,2,False,61,61.10,False,0.0,0.0,0.969197,0.0,0.0,0.0,0.0,0.0,0.030802997,0.0
99999E00032632,6,False,52,52.10,False,0.021416388,0.10157902,0.1734526,0.006422968,0.015571422,0.021712966,0.03339857,0.22016688,0.07425921,0.33202004
99999E00032650,6,False,DO,DO.01,True,0.6773758,0.13048956,0.07316414,0.008189345,0.005309575,0.0449964,0.042926565,0.0,0.0056695463,0.011879048
99999E00032682,4,False,71,71.12,False,0.0,0.0,0.9612077,0.0,0.0042054984,0.0,0.0,0.0,0.034586765,0.0
99999E00032700,6,False,DO,DO.01,False,0.019812554,0.32757488,0.22497934,0.017068906,0.057750195,0.09538434,0.21540083,0.020443838,0.021585003,0.0
99999E00032745,6,False,DO,DO.01,False,0.29729056,0.2393907,0.17544551,0.0009959276,0.017869562,0.04083335,0.06751979,0.04855171,0.024569582,0.08753336
99999E00032750,6,False,DO,DO.01,False,0.0,0.08420496,0.77573025,0.0034223972,0.011324944,0.0063421433,0.008785464,0.013798861,0.037462793,0.05892817
99999E00032766,6,False,DO,DO.01,False,0.0,0.022156514,0.72903806,0.030335007,0.040753584,0.029243683,0.05688939,0.038310323,0.03616454,0.017108824
99999E00032786,4,False,77,77.21,False,0.0,0.0,0.13262127,0.0,0.4332638,0.00068638497,0.0026040557,0.027034687,0.029359203,0.37443057
99999E00032811,4,False,56,56.11,False,0.0,0.0,0.15257606,0.00018881148,0.02739483,0.0,0.0,0.0,0.22646259,0.5933777
99999E00032824,6,False,DO,DO.01,False,0.02443606,0.06845324,0.05617382,0.084352806,0.28194427,0.049066804,0.14106335,0.11805324,0.07761062,0.09884571
99999E00032845,6,False,15,15.20,False,0.007786708,0.20600908,0.022673976,0.05839833,0.08292984,0.24124978,0.031288195,0.04126757,0.2354707,0.07292584
99999E00032891,6,False,DO,DO.02,False,0.0,0.021108476,0.33813787,0.00898947,0.014776555,0.002775235,0.00270176,0.009440905,0.5833019,0.018767864
99999E00032908,3,False,52,52.10,False,0.008205482,0.26128596,0.35851747,0.03164282,0.038427856,0.055804167,0.031718668,0.063175306,0.05194966,0.099272534
99999E00032925,2,False,62,62.02,False,0.0,0.0,0.95878536,0.025768144,0.0073929345,0.0,0.0,0.0,0.0043963497,0.003657126
99999E00032939,3,False,DO,DO.01,False,0.023852255,0.2637528,0.037797082,0.03803822,0.100938044,0.047986995,0.15591124,0.11109352,0.08832984,0.13230011
99999E00032961,6,False,DO,DO.01,False,0.0,0.021128427,0.24391969,0.08624337,0.06572358,0.042343393,0.23858342,0.03493933,0.21215826,0.054960504
99999E00032975,4,False,35,35.11,False,0.0,0.0,0.8968883,0.0,0.0,0.0,0.0,0.0,0.09998617,0.0031255032
99999E00032983,2,False,60,60.10,False,0.0,0.0,1.0,0.0,0.0,0.0,0.0,0.0,0.0,0.0
99999E00032996,4,False,55,55.30,True,0.15780641,0.33893043,0.2219613,0.0035148293,0.0017170919,0.0,0.041504737,0.0048695183,0.22192499,0.0077707428
99999E00033009,6,False,DO,DO.01,False,0.0,0.00945403,0.918943,0.009611598,0.01824403,0.0051659527,0.0037253383,0.019437036,0.002858719,0.012560355
99999E00033015,4,False,38,38.11,False,0.00024609093,0.0,0.38560283,0.21959803,0.2729703,0.0,0.0004401908,0.00059962994,0.02015346,0.1003895
99999E00033016,6,False,DO,DO.01,False,0.046529263,0.3522401,0.02546805,0.0048429174,0.0068962276,0.030165242,0.07543666,0.07447027,0.29906112,0.08489021
99999E00033076,6,False,DO,DO.01,False,0.005988391,0.25984892,0.17361853,0.05848828,0.0938059,0.03652552,0.10368407,0.03341583,0.19695342,0.03767105
99999E00033085,2,False,61,61.10,False,0.0,0.0,1.0,0.0,0.0,0.0,0.0,0.0,0.0,0.0
99999E00033092,6,False,01,01.41,True,0.0015207824,0.021135526,0.0,0.10069074,0.17712094,0.05608631,0.37883997,0.09490275,0.01784474,0.15185829
99999E00033098,2,False,61,61.10,False,0.0,0.0,1.0,0.0,0.0,0.0,0.0,0.0,0.0,0.0
99999E00033108,6,False,DO,DO.01,False,0.04278393,0.13181807,0.30429178,0.07039798,0.04530015,0.02391233,0.16826792,0.08647437,0.052584305,0.07416919
99999E00033124,6,False,DO,DO.01,False,0.02124693,0.19684237,0.13544796,0.07469362,0.10573161,0.04025541,0.16497612,0.091258146,0.11848973,0.05105809
99999E00033126,5,False,25,25.11,False,0.0,0.001261896,0.06447074,0.010338501,0.7408394,0.03699418,0.0,0.092981525,0.0509403,0.0021735076
99999E00033129,4,False,56,56.30,True,0.0,0.0,0.051427007,0.0,0.19367325,0.0,0.0,0.0,0.0009952859,0.75390446
99999E00033158,6,False,68,68.31,False,0.0014093368,0.2729471,0.35989508,0.003468923,0.04219792,0.066384315,0.04194582,0.013629142,0.17896135,0.019160982
99999E00033160,6,False,71,71.11,False,0.006656602,0.0462792,0.4013155,0.017332627,0.10585763,0.015356588,0.021821009,0.010409923,0.34462968,0.03034113
99999E00033163,2,False,38,38.1,False,0.0,0.0,0.9881519,0.0014548093,0.004131719,0.0,0.0,0.0,0.0040040202,0.0022575147
99999E00033178,2,False,60,60.10,False,0.0,0.0,1.0,0.0,0.0,0.0,0.0,0.0,0.0,0.0
99999E00033182,6,False,DO,DO.01,False,0.0,0.008535323,0.09132224,0.19309154,0.13391487,0.102527775,0.09447731,0.069893025,0.10880675,0.19743107
99999E00033183,2,False,60,60.10,False,0.0,0.0,1.0,0.0,0.0,0.0,0.0,0.0,0.0,0.0
99999E00033200,6,False,96,96.02,False,0.0,0.004238924,0.0028517302,0.00078487996,0.079171464,0.568224,0.037417956,0.04438887,0.22573298,0.037189174
99999E00033207,6,False,DO,DO.01,False,0.023640607,0.26549023,0.28230187,0.044718552,0.05988156,0.02409284,0.045359813,0.07005085,0.12776217,0.056701567
99999E00033208,4,False,DO,DO.01,False,0.0,0.19960146,0.067353815,0.33613688,0.15747955,0.0,0.10683708,0.024084382,0.108506836,0.0
99999E00033212,3,False,DO,DO.01,False,0.0,0.44322753,0.05148848,0.043053497,0.053300504,0.01874958,0.18093196,0.0,0.14134623,0.067902274
99999E00033226,6,False,85,85.51,False,0.0,0.0016116212,0.42869797,0.0,0.42965233,0.004401479,0.0,0.0054763253,0.048806507,0.08135377
99999E00033238,4,False,49,49.39,False,0.0,0.0,0.72693694,0.0,0.10451936,0.0,0.0,0.0031771483,0.15741268,0.00795388
99999E00033250,6,False,DO,DO.01,False,0.0,0.12221553,0.044446267,0.021839214,0.094618365,0.053543143,0.09334435,0.13194364,0.26886415,0.1691853
99999E00033266,6,False,52,52.10,False,0.022026105,0.006261826,0.8151874,0.03609749,0.020989388,0.019277195,0.0037348594,0.02326882,0.046309404,0.006847522
99999E00033270,2,False,61,61.10,False,0.0,0.0,1.0,0.0,0.0,0.0,0.0,0.0,0.0,0.0
99999E00033273,2,False,61,61.90,False,0.0,0.0,0.963463,0.0,0.0,0.0,0.0,0.0,0.036537003,0.0
99999E00033301,4,False,38,38.11,False,0.0014184697,0.0,0.8897484,0.008274271,0.03899701,0.0,0.0,0.0,0.044834804,0.016727082
99999E00033308,4,False,DO,DO.01,False,0.0,0.15359195,0.7313524,0.0043702545,0.006090778,0.0,0.0,0.005310431,0.05366528,0.045618936
99999E00033336,3,False,DO,DO.01,False,0.0,0.51466113,0.05863788,0.010703411,0.006114057,0.019313624,0.069988206,0.060336836,0.2016528,0.058592137
99999E00033337,6,False,DO,DO.01,False,0.0030980723,0.23820208,0.07205076,0.0045853714,0.07575721,0.0061781844,0.0066941557,0.042010307,0.3012243,0.25019962
99999E00033359,6,False,01,01.19,False,0.013725954,0.040647212,0.38713408,0.0040354105,0.051106483,0.14543986,0.09596998,0.040666282,0.19051257,0.030762173
99999E00033373,4,False,85,85.31,False,0.0,0.0,0.30056134,0.0,0.68139046,0.0,0.0,0.0,0.008655798,0.009392384
99999E00033409,4,False,55,55.10,False,0.014962476,0.0039311964,0.28243673,0.00379286,0.060320947,0.0010915125,0.009244585,0.009742478,0.600368,0.014109112
99999E00033437,6,False,DO,DO.01,False,0.000955971,0.17718637,0.06332328,0.20227382,0.04368516,0.015147768,0.09303076,0.092129074,0.050868515,0.26139927
99999E00033488,2,False,47,47.11,False,0.0,0.0,0.9590748,0.0,0.0,0.0,0.0,0.0,0.040925227,0.0
99999E00033497,4,False,47,47.78,False,0.0001816991,0.0,0.010049063,0.0,0.9602692,0.028509663,0.0,0.0,0.0009903439,0.0
99999E00033498,4,False,49,49.31,False,0.0,0.0,0.9935001,0.0,0.0,0.0,0.0,0.0,0.004153385,0.0023465576
99999E00033513,4,False,56,56.30,False,0.0,0.0,0.14703627,0.0,0.008322431,0.0,0.0,0.0,0.84327704,0.0013641837
99999E00033514,6,False,47,47.71,False,0.0,0.3036579,0.0,0.0,0.046820305,0.08455978,0.564962,0.0,0.0,0.0
99999E00033515,6,False,47,47.71,False,0.005220393,0.0073246513,0.06321641,0.0006099558,0.13447344,0.48742506,0.0077421153,0.0,0.29398796,0.0
99999E00033520,6,False,DO,DO.01,False,0.02897587,0.10852872,0.71326,0.021373447,0.013801631,0.0,0.01108894,0.024733704,0.042369068,0.035868555
99999E00033549,2,False,61,61.10,False,0.0,0.0,1.0,0.0,0.0,0.0,0.0,0.0,0.0,0.0
99999E00033558,4,False,68,68.32,False,0.0,0.0,0.2483382,0.0,0.004321695,0.00067357376,0.0,0.0,0.74126506,0.005401569
99999E00033563,6,False,47,47.78,False,0.0,0.11263756,0.0010858538,0.0,0.0024944865,0.55203027,0.06166022,0.0,0.2644996,0.0055920677
99999E00033592,6,False,DO,DO.01,False,0.065626785,0.13673726,0.35974327,0.0024895184,0.0,0.012116423,0.057244003,0.022005022,0.091470726,0.25256696
99999E00033602,2,False,61,61.10,False,0.0,0.0,1.0,0.0,0.0,0.0,0.0,0.0,0.0,0.0
99999E00033633,4,False,35,35.11,False,0.0008592252,0.00079366576,0.79289997,0.0007747927,0.028853081,0.0,0.0,0.0025270162,0.14288667,0.030405644
99999E00033634,6,False,DO,DO.01,True,0.042623676,0.19354042,0.0038600513,0.16478774,0.07449104,0.03355839,0.25903946,0.07077036,0.045728028,0.1116008
99999E00033667,2,False,60,60.10,False,0.0,0.0,1.0,0.0,0.0,0.0,0.0,0.0,0.0,0.0
99999E00033700,4,False,55,55.30,False,0.23196164,0.024222996,0.73673654,0.0,0.0012419743,0.0,0.0,0.0,0.0058368747,0.0
99999E00033724,4,False,56,56.30,False,0.0,0.0,0.45835388,0.0,0.003489703,0.0,0.0,0.0,0.5367272,0.0014292153
99999E00033725,2,False,61,61.10,False,0.0,0.0,1.0,0.0,0.0,0.0,0.0,0.0,0.0,0.0
99999E00033728,6,False,DO,DO.01,False,0.0,0.1954127,0.31414917,0.030140696,0.04331878,0.014160842,0.045830276,0.077395976,0.23174569,0.047845844
99999E00033729,6,False,85,85.51,False,0.0,0.2646597,0.15053032,0.0,0.028272351,0.5455481,0.0070849485,0.0035886187,0.000315912,0.0
99999E00033738,4,False,84,84.1,False,0.063345075,0.005625071,0.59169877,0.0,0.03491388,0.0,0.00213265,0.07183435,0.22368234,0.0067678583
99999E00033746,6,False,DO,DO.01,False,0.0011932914,0.003926761,0.2955084,0.04335625,0.08855447,0.0020940413,0.10510329,0.019365543,0.21773635,0.22316165
99999E00033767,6,False,DO,DO.01,False,0.0,0.14281441,0.6088034,0.013221852,0.07586707,0.0,0.032076877,0.0074572163,0.06668112,0.05307803
99999E00033772,4,False,55,55.10,False,0.0,0.004467901,0.11931524,0.0,0.001325828,0.0038954902,0.046663888,0.0,0.82433164,0.0
99999E00033774,6,False,85,85.51,False,0.0,0.00955267,0.7403685,0.0057732915,0.010984524,0.009002805,0.009238544,0.0015253379,0.19696835,0.016585946
99999E00033788,6,False,14,14.20,False,0.0,0.14760537,0.05487773,0.0,0.012400653,0.6556243,0.061484892,0.0026025013,0.04561919,0.019785382
99999E00033794,6,False,DO,DO.01,False,0.009431634,0.2188099,0.12731054,0.05958359,0.12659769,0.016765125,0.043010037,0.05664007,0.118842736,0.22300866
99999E00033818,4,False,84,84.1,False,0.7383178,0.008365466,0.0,0.0,0.0,0.0,0.0,0.11665904,0.13665771,0.0
99999E00033824,4,False,56,56.30,False,0.045557767,0.17816186,0.56890213,0.0,0.003234209,0.0004173025,0.0031014031,0.0008652642,0.19358057,0.0061794864
99999E00033825,4,False,55,55.10,False,0.0,0.0,0.09497789,0.0,0.028981877,0.0,0.0,0.001743814,0.104435034,0.76986134
99999E00033827,6,False,15,15.12,False,0.0,0.0,0.0057960544,0.0154322,0.014014283,0.005746396,0.005762306,0.0,0.9393246,0.013924127
99999E00033829,6,False,10,10.71,False,0.0021373057,0.00026145516,0.07368302,0.0,0.21492535,0.24257918,0.0,0.015101194,0.4159234,0.035389166
99999E00033830,6,False,DO,DO.01,False,0.030643875,0.20302683,0.49358794,0.0030007963,0.0072312206,0.0040799724,0.0743584,0.022952195,0.10989709,0.05122165
99999E00033838,5,False,10,10.85,False,0.0,0.0,0.0,0.13347845,0.7510476,0.0,0.0,0.0,0.0,0.1154739
99999E00033857,6,False,84,84.1,False,0.0,0.0,0.79739726,0.0015490483,0.017972274,0.0061247116,0.0012892755,0.0,0.16841127,0.0072562057
99999E00033859,4,False,79,79.90,False,0.002893138,0.006390184,0.09589575,0.0,0.61320776,0.046396993,0.0,0.05068095,0.18247414,0.0020610993
99999E00033864,6,False,DO,DO.01,False,0.0011964601,0.28112194,0.053201936,0.03622506,0.30505812,0.00014676203,0.0,0.058546863,0.07003763,0.19446528
99999E00033883,4,False,71,71.11,False,0.00049903,0.0040286114,0.8945063,0.0,0.010504235,0.0034290263,0.0,0.0046538697,0.05364867,0.02873033
99999E00033887,5,False,86,86.23,False,0.0009698439,0.009590782,0.073350936,0.0019620901,0.34674892,0.48570418,0.0022125633,0.060438666,0.004574166,0.014447779
99999E00033923,6,False,43,43.12,False,0.004790939,0.012108927,0.16574341,0.027342116,0.15896136,0.11208297,0.02710299,0.39273322,0.049475126,0.049658976
99999E00033929,3,False,DO,DO.01,False,0.009233735,0.17641224,0.38374618,0.04496808,0.048113834,0.025864245,0.10709483,0.040160563,0.072568804,0.091837525
99999E00033930,4,False,85,85.51,False,0.0,0.0,1.0,0.0,0.0,0.0,0.0,0.0,0.0,0.0
99999E00033936,6,False,02,02.20,False,0.0027504102,0.003973475,0.8717965,0.016283574,0.022534555,0.004106969,0.012394681,0.0007212463,0.043672826,0.021765748
99999E00033956,6,False,DO,DO.01,False,0.0,0.07807929,0.13932401,0.0710778,0.1447963,0.012933738,0.0495211,0.017946776,0.45991758,0.026403505
99999E00033982,6,False,93,93.1,False,0.00012444182,0.0,0.8133357,0.001091259,0.024588427,0.01734687,0.07083292,0.022389954,0.039178435,0.011112016
99999E00033987,6,False,79,79.90,False,0.010001183,0.19458875,0.37166002,0.001024717,0.14781635,0.06748597,0.018133136,0.065764755,0.092511974,0.031013208
99999E00034001,6,False,47,47.76,False,0.0,0.0,0.10204645,0.00040125125,0.12444474,0.17232685,0.010619673,0.0,0.557509,0.032651976
99999E00034032,5,False,02,02.20,False,0.0,0.0,0.7101087,0.040304378,0.07173751,0.028565282,0.011272721,0.09568968,0.012306086,0.030015662
99999E00034035,6,False,47,47.78,False,0.0,0.0050471043,0.040558152,0.0,0.053005237,0.8597907,0.002883634,0.0044401577,0.032523137,0.0017518875
99999E00034041,6,False,DO,DO.01,False,0.0040225387,0.02678416,0.74957484,0.008564651,0.06486488,0.018861635,0.08112482,0.017702492,0.027590966,0.0009089328
99999E00034059,6,False,47,47.73,False,0.008105077,0.067412466,0.4374597,0.053934034,0.10058136,0.05697153,0.017793613,0.13225055,0.06968742,0.055804238
99999E00034062,6,False,01,01.41,False,0.0,0.0014071582,0.0016796383,0.04789153,0.05429346,0.12922402,0.6376686,0.054098547,0.05203702,0.02170002
99999E00034079,6,False,01,01.50,False,0.0,0.0007489223,0.7409107,0.008901028,0.045877524,0.015952047,0.009782203,0.040564734,0.12164181,0.0156210605
99999E00034097,6,False,DO,DO.01,False,0.0,0.1684005,0.061220247,0.16904534,0.086073026,0.0116947945,0.1230903,0.075637765,0.1472466,0.15759139
99999E00034134,6,False,DO,DO.01,False,0.0,0.18835081,0.15209915,0.092281245,0.06523475,0.007265422,0.07825027,0.11232953,0.17599864,0.12819022
99999E00034164,6,False,DO,DO.01,False,0.014184977,0.068672895,0.49046943,0.013892644,0.072245486,0.16291478,0.027871964,0.055725235,0.08206756,0.011955084
99999E00034199,6,False,DO,DO.01,False,0.0,0.05119183,0.6722483,0.021210747,0.100963935,0.01384103,0.022686083,0.06272862,0.03125136,0.023878166
99999E00034200,4,False,DO,DO.02,False,0.0,0.0,0.69990003,0.00427521,0.01488363,0.0,0.0,0.0038161913,0.2652374,0.011887606
99999E00034245,3,False,DO,DO.01,False,0.006291043,0.098706484,0.2409459,0.01890339,0.12806691,0.019522069,0.045096446,0.04584626,0.29064882,0.10597262
99999E00034285,6,False,DO,DO.01,False,0.0,0.13203628,0.263934,0.024398863,0.14505807,0.026665542,0.08846954,0.05437399,0.19637945,0.06868437
99999E00034294,2,False,64,64.92,False,0.0,0.0,0.9968492,0.0,0.0031508154,0.0,0.0,0.0,0.0,0.0
99999E00034339,4,False,68,68.32,False,0.00646633,0.013261079,0.7763593,0.02965089,0.008854581,0.0,0.0014653674,0.004652222,0.14918159,0.01010872
99999E00034344,5,False,45,45.20,False,0.0,0.0011411746,0.053807955,0.030472549,0.33771464,0.15685669,0.157778,0.08384049,0.119179346,0.05920911
99999E00034346,6,False,DO,DO.01,False,0.0,0.09338823,0.20422094,0.0,0.029419282,0.022620793,0.20374618,0.063020624,0.29318208,0.090401895
99999E00034363,6,False,DO,DO.01,False,0.0013706585,0.082453065,0.0041513937,0.030140016,0.06945102,0.18701231,0.38508368,0.024804575,0.12744279,0.08809038
99999E00034369,4,False,55,55.10,False,0.0,0.027942277,0.19594386,0.0009703179,0.014999166,0.0,0.0,0.0010395766,0.72314477,0.035960015
99999E00034370,4,False,47,47.22,False,0.0,0.0,0.22186415,0.020301456,0.2898987,0.0,0.0,0.0,0.4434427,0.02449293
99999E00034378,6,False,DO,DO.01,True,0.1055619,0.074169695,0.5932276,0.057354063,0.02245535,0.003264789,0.023148183,0.017019719,0.08460514,0.0191935
99999E00034388,6,False,DO,DO.02,False,0.002297519,0.012252966,0.9836654,0.0,0.000107739914,0.0003917815,0.00049532374,0.0001287282,0.0004197659,0.00024066577
99999E00034389,4,False,55,55.10,False,0.0,0.0,0.08887041,0.00071483833,0.02578646,0.0,0.0,0.0,0.8807844,0.00384391
99999E00034421,3,False,DO,DO.01,False,0.028499413,0.2329715,0.22042932,0.008763971,0.17750716,0.013903088,0.09089612,0.029470583,0.07348638,0.12407249
99999E00034455,3,False,DO,DO.01,False,0.044078343,0.32937092,0.20436437,0.00405442,0.0025903243,0.002353975,0.052656706,0.033369657,0.2366554,0.0905059
99999E00034461,6,False,DO,DO.01,False,0.0034818398,0.5080554,0.07890645,0.024203012,0.049982894,0.0041550933,0.13693969,0.026121166,0.10613057,0.062023908
99999E00034465,6,False,DO,DO.01,False,0.010425655,0.30758908,0.17126839,0.035308994,0.036312673,0.018956522,0.022868898,0.11399891,0.21180908,0.071461864
99999E00034471,4,False,56,56.10,False,0.00022042808,0.0018869695,0.202224,0.002386138,0.03912003,0.0003545947,0.0030594927,0.0,0.16536753,0.58538085
99999E00034472,5,False,81,81.22,False,0.0,0.0,0.05871787,0.030300833,0.8740502,0.0,0.0,0.013523729,0.0165275,0.006879914
99999E00034512,4,False,55,55.20,False,0.0,0.0,0.14079253,0.0,0.0023769145,0.0,0.0009922823,0.0,0.85070896,0.0051293476
99999E00034513,2,False,61,61.10,False,0.0,0.0,1.0,0.0,0.0,0.0,0.0,0.0,0.0,0.0
99999E00034517,2,False,61,61.10,False,0.0,0.0,0.99851596,0.0,0.0,0.0,0.0,0.0,0.0014840371,0.0
99999E00034525,4,False,DO,DO.01,False,0.0,0.13669989,0.67330533,0.0,0.04101241,0.0,0.0,0.054866407,0.07537669,0.01873934
99999E00034530,6,False,47,47.72,False,0.0,0.029458687,0.031046046,0.00033041253,0.034357063,0.7706561,0.030930957,0.007425,0.031942878,0.06385288
99999E00034545,4,False,85,85.3,True,0.90075725,0.0,0.09924275,0.0,0.0,0.0,0.0,0.0,0.0,0.0
99999E00034581,5,False,43,43.22,False,0.0,0.0062507996,0.386284,0.2803044,0.11781404,0.03429318,0.0023923297,0.043205503,0.09150622,0.03794956
99999E00034594,4,False,94,94.9,False,0.0,0.003659665,0.98941994,6.423932e-05,0.004337307,6.0945e-05,0.0,0.0024578955,0.0,0.0
99999E00034597,6,False,47,47.62,False,0.0,0.0,0.053965416,0.0,0.21418597,0.0024178305,0.0,0.0,0.7294308,0.0
99999E00034600,6,False,DO,DO.01,False,0.015515546,0.1903249,0.07538332,0.29907435,0.046239927,0.045685396,0.094912425,0.035866354,0.10504258,0.09195521
99999E00034609,6,False,DO,DO.01,False,0.010284652,0.24082527,0.06788,0.015643258,0.0022962382,0.018862728,0.0,0.49359226,0.058038663,0.09257692
99999E00034621,5,False,96,96.02,False,0.0,0.0,0.030596908,0.01645103,0.20587683,0.62358195,0.009080614,0.078477785,0.006127431,0.029807527
99999E00034623,5,False,94,94.91,False,0.0,0.0063504954,0.16039053,0.0018531963,0.54738647,0.0,0.0,0.0017011216,0.008106989,0.2742112
99999E00034640,4,False,84,84.11,False,0.14539497,0.0040385523,0.84866935,0.0018971639,0.0,0.0,0.0,0.0,0.0,0.0
99999E00034680,4,False,DO,DO.02,False,0.0,0.0005042653,0.42947572,0.003322614,0.06608537,0.0024186457,0.0,0.013518933,0.43857667,0.046097804
99999E00034685,2,False,61,61.10,False,0.0,0.0,1.0,0.0,0.0,0.0,0.0,0.0,0.0,0.0
99999E00034688,2,False,61,61.10,False,0.0,0.0,0.9750104,0.0,0.0,0.0,0.0,0.0,0.024989624,0.0
99999E00034690,6,False,01,01.50,False,0.0072769197,0.005845033,0.0,0.12094666,0.026566997,0.20163895,0.5087749,0.09474681,0.01335693,0.020846795
99999E00034746,6,False,71,71.12,True,0.25173536,0.28162035,0.27953878,0.008498011,0.028108098,0.006273565,0.023980832,0.023646556,0.089524366,0.007074059
99999E00034752,4,False,55,55.10,False,0.0,0.0013133823,0.0373365,0.0004704817,0.004155279,0.0,0.0,0.0,0.95672435,0.0
99999E00034755,6,False,DO,DO.01,True,0.29583994,0.21966673,0.14470209,0.14735773,0.041954853,0.0002443489,0.048439607,0.00431049,0.096676566,0.00080766826
99999E00034760,6,False,47,47.61,False,0.0023239823,0.042783126,0.038850095,0.024989842,0.105947785,0.24876635,0.06512307,0.0061942823,0.42479774,0.040223718
99999E00034775,6,False,DO,DO.01,False,0.0,0.048083007,0.055206757,0.3316482,0.006280263,0.0048484323,0.10902707,0.024133207,0.36352256,0.05725054
99999E00034782,4,False,DO,DO.01,False,0.014040374,0.050666224,0.2454927,0.07175468,0.21045683,0.0,0.06637099,0.1373911,0.15375605,0.050071135
99999E00034791,4,False,55,55.20,False,0.0,0.013829656,0.47397235,0.009380417,0.19363782,0.027995775,0.0,0.011114842,0.2652347,0.0048345085
99999E00034810,4,False,55,55.10,False,0.0,0.0,0.073126756,0.0,0.033499397,0.0,0.0,0.0017700016,0.8743131,0.017290767
99999E00034815,6,False,01,01.4,False,0.010404216,0.019388087,0.023280451,0.09773986,0.25260395,0.3643416,0.107348524,0.09779418,0.0037681812,0.023330899
99999E00034833,2,False,38,38.1,False,0.0,0.0,1.0,0.0,0.0,0.0,0.0,0.0,0.0,0.0
99999E00034850,3,False,DO,DO.01,False,0.07736123,0.048842497,0.35068867,0.0,0.16681619,0.011403986,0.07373136,0.07590286,0.10366171,0.09159137
99999E00034872,6,False,DO,DO.01,False,0.0014326059,0.22373137,0.14170238,0.019786028,0.18971711,0.0018308132,0.016808018,0.11644656,0.14897735,0.13956779
99999E00034878,6,False,DO,DO.01,False,0.0,0.39297852,0.006546638,0.033766568,0.07344892,0.06571677,0.1562461,0.050656993,0.13538133,0.085258186
99999E00034886,6,False,DO,DO.01,False,0.013974413,0.16439518,0.41693893,0.017883833,0.02173569,0.049936373,0.053214606,0.08445813,0.13183996,0.045622952
99999E00034887,3,False,DO,DO.01,False,0.0,0.0698578,0.026611358,0.56810826,0.12059194,0.0077697323,0.01921926,0.041505497,0.117345236,0.028990937
99999E00034899,6,False,DO,DO.01,False,0.0,0.15436122,0.0835046,0.015003301,0.09200414,0.010803464,0.05735242,0.12300491,0.22608656,0.2378794
99999E00040016,2,False,55,55.10,False,0.0,0.0,0.996099,0.0,0.0,0.0,0.0,0.0,0.0039010309,0.0
99999E00040039,6,False,DO,DO.01,False,0.0035621256,0.15293215,0.08120583,0.028519748,0.12049909,0.03568092,0.03927642,0.06701079,0.22401813,0.24729481
99999E00040067,4,False,84,84.11,False,0.04569188,0.007285727,0.9306522,0.0,0.0,0.0,0.0,0.0,0.01637023,0.0
99999E00040070,6,False,47,47.71,False,0.0,0.02915287,0.11708506,0.004762904,0.14176573,0.20692892,0.04354264,0.036318358,0.39253423,0.027909314
99999E00040072,3,False,46,46.41,False,0.0,0.0,0.0,0.0,0.0,0.0,0.0,1.0,0.0,0.0
99999E00040080,4,False,84,84.11,False,0.18848251,0.007925936,0.8004961,0.0,0.0,0.0,0.0,0.0,0.0030953358,0.0
99999E00040106,6,False,DO,DO.01,False,0.0,0.09532065,0.6222064,0.02856824,0.032288834,0.003122353,0.020484695,0.011655804,0.16224712,0.024105988
99999E00040109,4,False,DO,DO.01,False,0.0056466036,0.02349586,0.8002396,0.022648176,0.045438405,0.0,0.013030266,0.020792224,0.044343673,0.024365162
99999E00040118,6,False,DO,DO.01,False,0.0,0.029169695,0.11798805,0.13941377,0.1319741,0.0585369,0.05333052,0.058441285,0.33880702,0.07233869
99999E00040134,4,False,56,56.10,False,0.0,0.0,0.36730742,0.0007644796,0.075430475,0.0,0.0,0.0077392953,0.48592845,0.06282988
99999E00040150,6,False,DO,DO.01,False,0.022836976,0.11051915,0.22821721,0.17549363,0.07236182,0.05570943,0.10702308,0.009581954,0.15676165,0.061495144
99999E00040223,6,False,DO,DO.01,False,0.0,0.02599502,0.20884246,0.054511745,0.11325795,0.038978394,0.056088563,0.15491217,0.27660206,0.07081163
99999E00040241,6,False,DO,DO.02,False,0.0042377673,0.028124647,0.7812951,0.014384865,0.014852589,0.008608945,0.007912069,0.009569505,0.10766283,0.023351666
99999E00040264,4,False,84,84.11,False,0.11857321,0.022331927,0.82589453,0.0,0.0,0.0,0.0,0.0,0.033200298,0.0
99999E00040270,2,False,62,62.02,False,0.0,0.0,1.0,0.0,0.0,0.0,0.0,0.0,0.0,0.0
99999E00040295,6,False,01,01.30,False,0.009807121,0.0023980294,0.368849,0.0075305696,0.10758967,0.1675922,0.008728657,0.03471022,0.2824891,0.0103053525
99999E00040318,5,False,52,52.10,False,7.660577e-05,0.002147908,0.14663327,0.030871145,0.48820072,0.013263602,0.0009948929,0.25633568,0.035518564,0.025957573
99999E00040344,6,False,68,68.20,False,0.0,0.08509762,0.47371656,0.0383731,0.06657809,0.041930586,0.076661244,0.03485358,0.052357197,0.13043204
99999E00040345,3,False,68,68.32,False,0.0,0.32752103,0.0,0.043380618,0.021139696,0.0,0.073007934,0.035696078,0.15593652,0.3433181
99999E00040346,6,False,68,68.20,False,0.0,0.06873424,0.009999404,0.005568183,0.06121087,0.01439068,0.12522131,0.0149159245,0.4670096,0.23294981
99999E00040347,6,False,68,68.20,False,0.0,0.18721156,0.030602738,0.07891412,0.07765655,0.0117627205,0.26255256,0.069082506,0.12632892,0.15588833
99999E00040348,3,False,68,68.32,False,0.0008808955,0.052426785,0.19997407,0.07565433,0.09226974,0.06298402,0.19021127,0.07618935,0.057325758,0.19208384
99999E00040349,3,False,68,68.32,False,0.04980981,0.35002097,0.06372844,0.039528586,0.00025671438,0.0,0.061240837,0.043697484,0.09987273,0.29184443
99999E00040351,4,False,62,62.02,False,0.0,0.0034030897,0.9311934,0.0,0.0,0.0,0.0,0.045789815,0.019613653,0.0
99999E00040352,2,False,62,62.02,False,0.0,0.0,1.0,0.0,0.0,0.0,0.0,0.0,0.0,0.0
99999E00040357,2,False,60,60.10,False,0.0,0.0,1.0,0.0,0.0,0.0,0.0,0.0,0.0,0.0
99999E00040358,2,False,60,60.10,False,0.0,0.0,1.0,0.0,0.0,0.0,0.0,0.0,0.0,0.0
99999E00040359,4,False,01,01.1,False,0.0011623526,0.00059211015,0.68053305,0.006689836,0.20599714,0.02069694,0.0,0.08249508,0.0018335228,0.0
99999E00040361,6,False,DO,DO.01,False,0.0067948094,0.059935533,0.77163696,0.004451771,0.03147235,0.021946803,0.02023628,0.020194253,0.029458184,0.03387318
99999E00040364,2,False,60,60.10,False,0.0,0.0,1.0,0.0,0.0,0.0,0.0,0.0,0.0,0.0
99999E00040388,6,False,DO,DO.01,False,0.0,0.005792646,0.934513,0.0018746143,0.0,0.0,0.0,0.019114846,0.007809412,0.030895596
99999E00040390,4,False,55,55.10,False,0.0,0.040326178,0.44632417,0.0999571,0.09985011,0.0,0.0,0.0,0.29507008,0.018472364
99999E00040398,2,False,84,84.11,False,0.0,0.0,1.0,0.0,0.0,0.0,0.0,0.0,0.0,0.0
99999E00040400,6,False,85,85.51,False,0.0,0.2473849,0.10985409,0.0,0.028056571,0.06949972,0.29418918,0.004996424,0.23684165,0.009177478
99999E00040401,4,False,56,56.30,False,0.0,0.0,0.2793826,0.0,0.031005906,0.0,0.00017342425,0.0010901192,0.6707218,0.017626204
99999E00040405,6,False,DO,DO.01,False,0.012278239,0.07330586,0.5934517,0.02473827,0.06560612,0.016268851,0.040617153,0.07488627,0.05956009,0.039287437
99999E00040407,6,False,DO,DO.01,False,0.0,0.18354446,0.42901435,0.0061436845,0.037014417,0.031876583,0.037433647,0.064778626,0.065782964,0.14441127
99999E00040411,3,False,52,52.10,False,0.0,0.0071011526,0.6499921,0.0,0.0,0.15606752,0.0,0.16522016,0.011993057,0.009626006
99999E00040433,5,False,43,43.22,False,0.0,0.01482472,0.012507643,0.27671853,0.5159107,0.012587157,0.0047421237,0.0854848,0.021403113,0.05582127
99999E00040436,6,False,DO,DO.01,False,0.0,0.19214246,0.19840397,0.035758607,0.12527172,0.011059363,0.08098063,0.0447311,0.27817914,0.033473097
99999E00040440,6,False,96,96.0,False,0.057476234,0.06649274,0.43123546,0.03190072,0.035896532,0.056344446,0.08646852,0.104991734,0.043230146,0.08596349
99999E00040504,6,False,DO,DO.01,False,0.0071540456,0.20513996,0.19064276,0.050047558,0.05083017,0.0,0.25607607,0.023166347,0.15588413,0.061058864
99999E00040515,6,False,94,94.99,False,0.013437586,0.017053682,0.2330973,0.002934896,0.025877466,0.06509612,0.011594975,0.030310279,0.5739572,0.026640523
99999E00040613,6,False,49,49.4,False,0.0,0.07267473,0.17774245,0.019598935,0.20709614,0.1086657,0.25500962,0.12862591,0.011780964,0.018805591
99999E00040651,5,False,10,10.85,False,0.0,0.0,0.034052867,0.0018117161,0.129536,0.0,0.0,9.411512e-05,0.00012772766,0.8343775
99999E00040660,6,False,47,47.78,False,0.00012542242,0.01366925,0.016088111,0.0033953632,0.06493207,0.8672117,0.0044901217,0.008961431,0.009963018,0.011163489
99999E00040704,5,False,43,43.34,False,0.0,0.008575738,0.14768872,0.3951543,0.16929077,0.102639906,0.03166987,0.0856306,0.024347542,0.035002545
99999E00040705,6,False,52,52.21,False,0.0,0.0028256786,0.77391845,0.0017546552,0.06973501,0.02966203,0.008473998,0.04145544,0.028404146,0.043770675
99999E00040706,6,False,49,49.39,False,0.0039968574,0.021077529,0.103381045,0.09324858,0.2820224,0.12558936,0.05668048,0.17421697,0.03762504,0.102161765
99999E00040709,4,False,43,43.21,False,0.0,0.0046833027,0.8060559,0.0039772866,0.06690106,0.006963803,0.0,0.06518883,0.029559411,0.016670445
99999E00040710,5,False,45,45.20,False,0.0,0.0,0.050467398,0.0006153957,0.87064433,0.011628871,0.0,0.048367936,0.0004953303,0.017780779
99999E00040711,5,False,16,16.23,False,0.0007127295,0.015107727,0.089485444,0.08352976,0.53412503,0.0677102,0.014286906,0.11240333,0.06828453,0.014354436
99999E00040712,5,False,43,43.99,False,0.0007460666,0.002311917,0.24972895,0.09140841,0.16016348,0.25275007,0.021309925,0.1385968,0.029525554,0.053458788
99999E00040713,6,False,41,41.20,False,0.0030594175,0.15636322,0.08020599,0.031037137,0.059015565,0.016170261,0.30727652,0.036640517,0.20339848,0.10683286
99999E00040714,6,False,47,47.64,False,0.0,0.0062856525,0.09193946,0.0,0.32203135,0.052406702,0.005993004,0.0,0.5213438,0.0
99999E00040715,6,False,43,43.34,False,0.025019195,0.055305593,0.35686454,0.13223858,0.15480074,0.06992515,0.030187,0.056360103,0.05452489,0.06477423
99999E00040716,4,False,DO,DO.02,False,0.9057619,0.0009758132,0.093262285,0.0,0.0,0.0,0.0,0.0,0.0,0.0
99999E00040717,5,False,25,25.99,False,0.0,0.0074594836,0.19442026,0.13711633,0.28508848,0.13279526,0.083391935,0.039349902,0.09239678,0.027981646
99999E00040718,6,False,43,43.33,False,0.0081425775,0.0145760365,0.23316728,0.14798829,0.19091038,0.080282986,0.010292373,0.11569002,0.14927569,0.04967437
99999E00040748,4,False,68,68.31,False,0.011326678,0.004968159,0.30747727,0.0,0.023530446,0.0,0.0,0.0,0.64840955,0.0042879246
99999E00040839,6,False,56,56.10,False,0.0,0.11045026,0.027023232,0.0,0.0035014814,0.21063545,0.19481938,0.21647775,0.23709245,0.0
99999E00040907,2,False,DO,DO.01,False,0.0,0.0,1.0,0.0,0.0,0.0,0.0,0.0,0.0,0.0
99999E00040993,1,False,IL,IL.01,False,0.99872714,0.0012728377,0.0,0.0,0.0,0.0,0.0,0.0,0.0,0.0
99999E00041045,6,False,68,68.20,False,0.007125149,0.30129394,0.31996077,0.024196932,0.079808086,0.015142582,0.032210283,0.036776096,0.11255665,0.07092957
99999E00041046,6,False,68,68.20,False,0.014653456,0.32791612,0.10820887,0.029163234,0.11909659,0.04583989,0.07350205,0.04826907,0.16397624,0.06937446
99999E00041058,4,False,93,93.11,False,0.028527053,0.030277707,0.7722035,0.0,0.011781461,0.02993366,0.051770322,0.0056532915,0.06555208,0.0043007866
99999E00041059,5,False,84,84.1,False,0.0,0.00039608774,0.02035635,0.045388177,0.8916351,0.0,0.0,0.029756367,0.0,0.012467943
99999E00041145,2,False,62,62.02,False,0.0,0.0012913278,0.99667436,0.0,0.0,0.0,0.0,0.0,0.0020343342,0.0
99999E00041169,1,False,IL,IL.01,False,0.95118326,0.00059437804,0.0482223,0.0,0.0,0.0,0.0,0.0,0.0,0.0
99999E00041170,1,False,IL,IL.01,False,1.0,0.0,0.0,0.0,0.0,0.0,0.0,0.0,0.0,0.0
99999E00041182,6,False,49,49.32,False,0.0063931122,0.034250632,0.82545555,0.00895082,0.0120203,0.033193585,0.012147376,0.006043074,0.052926287,0.008619265
99999E00041195,4,False,35,35.30,False,0.0,0.018758656,0.41293934,0.03926111,0.030318342,0.0,0.0015976651,0.005947593,0.48279563,0.008381737
99999E00041202,4,False,55,55.10,False,0.0,0.16499105,0.22670802,0.016107522,0.030061144,0.0,0.0064031067,0.0020191926,0.5375931,0.01611681
99999E00041205,2,False,61,61.90,False,0.0,0.0,1.0,0.0,0.0,0.0,0.0,0.0,0.0,0.0
99999E00041224,6,False,96,96.0,False,0.0022350296,0.041172195,0.4611082,0.0025753896,0.061956834,0.12748745,0.03818837,0.15750718,0.045676295,0.062092982
99999E00639916,6,False,49,49.4,False,0.041209195,0.035305317,0.78696847,0.0044405707,0.039666995,0.008460089,0.022280917,0.0065923412,0.04287389,0.0122022275
99999E00639917,4,False,55,55.20,False,0.00020356356,0.00055764406,0.016270835,0.0,0.01546839,5.698279e-05,0.0,0.0014457507,0.5542159,0.41178095
99999E00656629,4,False,49,49.4,False,0.06590367,0.011795721,0.8962158,0.0,0.0,0.0,0.0,0.0,0.026084838,0.0
99999E10004622,6,False,01,01.41,False,0.0,0.0034381975,0.0,0.0562977,0.00035653124,0.0,0.78620654,0.0,0.15370105,0.0
99999E10004633,6,False,DO,DO.01,True,0.015295623,0.058514193,0.076829515,0.21243976,0.1539699,0.013645653,0.18488863,0.022278985,0.1814773,0.08066049
99999E10004638,6,False,DO,DO.01,True,0.18900962,0.061827652,0.13772629,0.118597776,0.071080334,0.03942134,0.17038175,0.039769568,0.072928555,0.099257044
99999E10004644,6,False,DO,DO.01,True,0.54241735,0.039969813,0.098215915,0.031166796,0.081507064,0.012658295,0.084103644,0.09136824,0.013452572,0.0051403707
99999E10004711,6,False,84,84.1,False,0.013770617,0.033591963,0.7274436,0.013987486,0.008860531,0.01593456,0.00931446,0.04472309,0.07622308,0.056150664
99999E10004722,4,False,55,55.10,False,0.0,0.0017112978,0.071967475,0.0,0.0,0.0,0.0,0.09616476,0.8285477,0.0016087132
99999E10004800,6,False,93,93.1,False,0.055732314,0.45745826,0.21510147,0.0,0.0015409031,0.0032330845,0.2496232,0.0017534156,0.014286381,0.0012710012
99999E10004837,6,False,DO,DO.01,False,0.0,0.005793472,0.42984554,0.3386526,0.16490857,0.001359045,0.00086818595,0.02628934,0.015537189,0.016745972
99999E10004846,5,False,43,43.31,False,0.0010498565,0.0,0.05604315,0.14208844,0.46874297,0.0776158,0.01542755,0.13324337,0.077260286,0.028528625
99999E10004863,4,False,43,43.32,False,0.0,0.005618536,0.1995024,0.0,0.41871667,0.024313876,0.0,0.018588055,0.31307045,0.020190042
99999E10004896,6,False,47,47.73,False,0.00015948211,0.0,0.079181224,0.00013862479,0.024529723,0.11055748,0.01714344,0.009652611,0.7464422,0.012195168
99999E10004914,6,False,DO,DO.01,False,0.0,0.33998495,0.11393576,0.020539809,0.041770604,0.00827021,0.06325842,0.089289546,0.2768632,0.046087593
99999E10004933,5,False,79,79.11,False,0.00015251698,0.004932114,0.08540402,0.019132651,0.2251359,0.41648105,0.014142384,0.16071449,0.025433028,0.048471868
99999E10004938,6,False,DO,DO.01,False,0.0052041486,0.063701674,0.3671666,0.009808216,0.105355546,0.017105749,0.01609527,0.12946224,0.12333038,0.16277017
99999E10004941,6,False,DO,DO.01,False,0.0,0.13378228,0.5079231,0.020479027,0.07004989,0.006685526,0.03304044,0.047161132,0.14740321,0.033475257
99999E10004951,4,False,DO,DO.01,False,0.004313012,0.0071254964,0.7152219,0.00855672,0.10501283,0.007355975,0.0,0.064169765,0.023969777,0.06427453
99999E10004955,4,False,38,38.11,False,0.0,0.0,0.58160585,0.062759615,0.33611587,0.0,0.0,0.0,0.015351429,0.004167239
99999E10004968,5,False,52,52.10,False,0.10360062,0.02992148,0.058858972,0.120288365,0.2643131,0.10269695,0.015241881,0.28774825,0.0014257887,0.015904572
99999E10004971,4,False,84,84.1,False,0.0,0.0,0.75726235,0.00534345,0.0041458476,0.0,0.0,0.0,0.20420116,0.029047249
99999E10004985,4,False,47,47.73,True,0.0,0.0,0.17572619,0.0,0.031140985,0.0,0.0,0.0,0.79313284,0.0
99999E10004999,6,False,DO,DO.01,True,0.023887351,0.19347563,0.13141109,0.13458243,0.06648107,0.03766439,0.21218674,0.0034609775,0.14291377,0.05393656
99999E10005010,6,False,DO,DO.01,False,0.0,0.174044,0.40207282,0.011298915,0.053807646,0.016515315,0.037804127,0.0010235953,0.24845149,0.05498215
99999E10005015,4,False,01,01.4,True,0.32961684,0.0,0.67038316,0.0,0.0,0.0,0.0,0.0,0.0,0.0
99999E10005038,4,False,84,84.11,False,0.3283992,0.022717202,0.6390708,0.0,7.9559926e-05,0.0,0.0,6.5352804e-05,0.0077187335,0.0019492182
99999E10005067,3,False,DO,DO.01,False,0.0,0.015088242,0.78062236,0.01091222,0.013262544,0.0,0.0,0.042295344,0.065242484,0.072576754
99999E10005075,3,False,94,94.99,False,0.0,0.5189933,0.0887939,0.0,0.013770179,0.0,0.3376068,0.0,0.0408357,0.0
99999E10005118,4,False,55,55.10,True,0.0844693,0.06628468,0.398099,0.0,0.0,0.0034671891,0.0146605605,0.0,0.4314132,0.0016061061
99999E20000010,2,False,49,49.39,False,0.0,0.0,0.99769825,0.0,0.0,0.0,0.0,0.0,0.0023017381,0.0
99999E20000020,3,False,DO,DO.01,False,0.0,0.08939081,0.018087698,0.0052999724,0.30425537,0.037500385,0.020830125,0.01543771,0.07728099,0.43191692
99999E20000023,4,False,56,56.10,True,0.012417431,0.0066235247,0.104605496,0.0,0.0065493016,0.0,0.0062914933,0.0,0.7413451,0.12216765
99999E20000033,6,False,93,93.1,False,0.02993387,0.053332902,0.780767,0.057791214,0.0050067264,0.014006764,0.050656494,0.0,0.008504868,0.0
99999E20000037,1,False,IL,IL.01,False,1.0,0.0,0.0,0.0,0.0,0.0,0.0,0.0,0.0,0.0
99999E20000049,6,False,DO,DO.01,False,0.0,0.13805796,0.07880392,0.0,0.013871215,0.019952824,0.07893472,0.0222066,0.35169718,0.2964756
99999E20000095,4,False,DO,DO.01,False,0.0,0.11526564,0.77090865,0.013527434,0.015750216,0.0,0.013815939,0.015573069,0.041616146,0.013542871
99999E20000099,4,False,DO,DO.01,False,0.0,0.0,0.62488824,0.048113998,0.08244617,0.0,0.0,0.0034097102,0.17484036,0.06630154
99999E20000137,4,False,47,47.11,False,0.0,0.0,0.6154801,0.0,0.04321156,0.0,0.0,0.0,0.34130827,0.0
99999E20000148,5,False,DO,DO.01,False,0.0,0.02316669,0.015896883,0.11076311,0.49994215,0.079002775,0.042463984,0.12050257,0.027270133,0.08099169
99999E20000149,6,False,01,01.11,False,0.37367186,0.01694817,0.15393917,0.0,0.35948145,0.012485775,0.061540864,0.008393762,0.0003436043,0.013195296
99999E20000152,4,False,38,38.11,False,0.0,0.15624322,0.8164875,0.0,0.0,0.0,0.0,0.0272693,0.0,0.0
99999E20000165,1,False,IL,IL.01,False,0.9926673,0.0,0.007332665,0.0,0.0,0.0,0.0,0.0,0.0,0.0
99999E20000168,6,False,CO,CO.02,False,0.0081361495,0.08791824,0.0076493863,0.023193253,0.10900761,0.18982492,0.10367035,0.18253118,0.08364963,0.20441926
99999E20000207,2,False,61,61.20,False,0.0,0.0,1.0,0.0,0.0,0.0,0.0,0.0,0.0,0.0
99999E20000229,6,False,DO,DO.01,False,0.0,0.021075077,0.020033915,0.0723646,0.17566913,0.023500632,0.09724463,0.06167746,0.2885164,0.23991814
99999E20000235,4,False,75,75.00,False,0.01271523,0.04964584,0.6248754,0.0,0.050930742,0.0036363457,0.00218514,0.014115179,0.19447683,0.047419284
99999E20000237,6,False,47,47.71,False,0.0,0.0,0.03454569,0.0,0.011438054,0.8855994,0.0005541503,0.0069358973,0.045049082,0.015877765
99999E20000251,4,False,52,52.21,False,0.0,0.012068158,0.32857767,0.0025567545,0.0100324815,0.0,0.0,0.036795028,0.6042034,0.0057665925
99999E20000252,4,False,11,11.05,False,0.0,0.0032430661,0.3171204,0.015902288,0.38641572,0.021083532,0.0068063787,0.042105176,0.10909919,0.09822424
99999E20000256,5,False,88,88.10,False,0.019349137,0.04425571,0.104510225,0.0007052262,0.54653174,0.0,0.009392907,0.20449518,0.03303777,0.037722185
99999E20000264,1,False,58,58.2,False,0.99849534,0.0015046758,0.0,0.0,0.0,0.0,0.0,0.0,0.0,0.0
99999E20000293,6,False,DO,DO.01,False,0.0,0.07240725,0.36463055,0.0056322766,0.029477855,0.012487935,0.0833136,0.029541697,0.274666,0.12784283
99999E20000305,4,False,43,43.21,False,0.0,0.005885596,0.5689786,0.040511277,0.008931317,0.0,0.0020203926,0.01562457,0.33971408,0.01833416
99999E20000333,4,False,01,01.41,False,0.0,0.0,0.095242254,0.0,0.0033059486,0.0,0.0,0.0016186595,0.89024264,0.0095905205
99999E20000342,4,False,55,55.30,False,0.07116377,0.049328733,0.7424008,0.008550461,0.00039485606,0.00017685835,0.0008600155,0.0,0.12696858,0.00015584065
99999E20000352,1,False,IL,IL.01,False,1.0,0.0,0.0,0.0,0.0,0.0,0.0,0.0,0.0,0.0
99999E20000353,1,False,IL,IL.01,False,0.9960782,0.0039218105,0.0,0.0,0.0,0.0,0.0,0.0,0.0,0.0
99999E20000354,3,False,DO,DO.01,False,0.16668485,0.3266339,0.39774257,0.010249409,0.006389951,0.0,0.009648644,0.0075914795,0.05807391,0.016985252
99999E20000388,2,False,36,36.00,False,0.0,0.0,1.0,0.0,0.0,0.0,0.0,0.0,0.0,0.0
99999E20000392,4,False,84,84.11,False,0.057902195,0.7442405,0.02527842,0.00081367756,0.048298817,0.01672862,0.0,0.0,0.10665607,8.1615086e-05
99999E20000409,2,False,36,36.00,False,0.0,0.0,1.0,0.0,0.0,0.0,0.0,0.0,0.0,0.0
99999E20000467,6,False,DO,DO.01,False,0.0014786746,0.16318004,0.16696383,0.063867606,0.044435393,0.0032315978,0.05541642,0.06871636,0.2981221,0.13458797
99999E20000469,6,False,DO,DO.01,False,0.0,0.23264414,0.26397774,0.047423407,0.03071221,0.08254014,0.08716782,0.07515193,0.15195312,0.02842955
99999E20000480,4,False,DO,DO.02,False,0.0,0.0,0.98140144,0.0,0.005387178,0.0,0.0,0.0,0.013211412,0.0
99999E20000483,3,False,84,84.1,False,0.0,0.9826451,0.0,0.0,0.0,0.0,0.017354876,0.0,0.0,0.0
99999E20000502,6,False,DO,DO.01,False,0.0,0.19994703,0.4564942,0.07510155,0.04014523,0.07641566,0.056968927,0.014834359,0.00359432,0.07649877
99999E20000505,4,False,52,52.21,False,0.020295586,0.050254587,0.74337,0.0,0.0,0.0,0.052091334,0.0,0.13398848,0.0
99999E20000519,6,False,55,55.10,False,0.30158126,0.19863963,0.2772214,0.006680105,0.0024360798,0.017525949,0.076158054,0.026355077,0.0789581,0.014444337
99999E20000528,4,False,DO,DO.02,False,0.0,0.0,0.9740427,0.0,0.0042536207,0.0,0.0,0.002070727,0.017427213,0.0022057625
99999E20000564,6,False,45,45.20,False,0.0,0.014564734,0.67483467,0.0050463006,0.12685458,0.011377115,0.0,0.08682378,0.05329649,0.027202282
99999E20000615,6,False,68,68.20,False,0.002731765,0.036704887,0.10667103,0.06549644,0.54433113,0.05555729,0.00534387,0.030985378,0.14720075,0.0049775443
99999E20000624,4,False,01,01.41,False,0.0,0.0018444404,0.91463375,0.0,0.0,0.0,0.0,0.0020880457,0.07409083,0.0073429607
99999E20000661,5,False,16,16.23,False,0.0,0.0,0.086806946,0.17675515,0.498837,0.06716219,0.013307876,0.12924674,0.011068004,0.016816027
99999E20000662,3,False,01,01.11,False,0.0,0.051880695,0.3017851,0.0006216528,0.12827897,0.18211564,0.010880224,0.11422025,0.059176665,0.15104082
99999E20000663,3,False,96,96.0,False,0.0,0.0,0.0,0.0,1.0,0.0,0.0,0.0,0.0,0.0
99999E20000702,1,False,IL,IL.01,False,1.0,0.0,0.0,0.0,0.0,0.0,0.0,0.0,0.0,0.0
99999E20000727,6,False,47,47.78,False,0.0037785554,0.011115506,0.046512768,0.0016500243,0.112182796,0.72070277,0.0040765028,0.017305925,0.054765724,0.027909454
99999E20000735,6,False,45,45.20,False,0.0,0.023640342,0.031133667,0.028436858,0.15883033,0.44825926,0.062033035,0.1296366,0.045441832,0.072588116
99999E20000737,2,False,IL,IL.01,False,0.0,0.0,1.0,0.0,0.0,0.0,0.0,0.0,0.0,0.0
99999E20000752,6,False,16,16.29,False,0.1251762,0.22275014,0.05298835,0.0657915,0.06469467,0.09726117,0.08868528,0.11032375,0.06417947,0.10814944
99999E20000756,6,False,DO,DO.01,False,0.0,0.059768196,0.04316416,0.102694534,0.16546625,0.080404766,0.17775272,0.09982921,0.026795061,0.2441251
99999E20000790,4,False,55,55.10,True,0.0061528306,0.03822553,0.6399287,0.0,0.0034442982,0.0,0.0,0.0014063371,0.3094979,0.0013445294
99999E20000791,6,False,DO,DO.01,False,0.0015132782,0.52067333,0.14109975,0.0066745467,0.024402553,0.003251849,0.051834974,0.060772672,0.15086703,0.038909994
99999E20000833,6,False,CO,CO.02,False,0.013459101,0.14359088,0.027060732,0.0008653733,0.047005042,0.28561392,0.18511353,0.22265546,0.0,0.07463591
99999E20000834,6,False,CO,CO.02,False,0.08354373,0.2973691,0.16230206,0.016974695,0.046265077,0.086827055,0.08420861,0.11723867,0.0,0.10527102
99999E20000835,6,False,CO,CO.02,False,0.08094781,0.20877323,0.10162437,0.048665393,0.06116512,0.1072661,0.0801858,0.12543686,0.0,0.18593523
99999E20000855,3,False,01,01.4,False,0.0,0.0,0.05480314,0.19196524,0.004485268,0.6300849,0.0394873,0.07909557,0.0,7.863585e-05
99999E20000885,6,False,DO,DO.01,False,0.0,0.25832456,0.17816564,0.0056104115,0.06529179,0.012127642,0.05336994,0.061709657,0.21163204,0.15376829
99999E20000892,6,False,DO,DO.01,False,0.0,0.17418538,0.41652656,0.009086993,0.03059127,0.025440753,0.04286054,0.055849917,0.21418628,0.031272296
99999E20000894,6,False,47,47.72,False,0.0,0.011883203,0.042989,0.0,0.036896937,0.74428654,0.0017312663,0.0030927726,0.15740383,0.0017164758
99999E20000895,6,False,47,47.77,False,0.00011410134,0.0,0.016100049,0.00039841948,0.0692825,0.86655056,0.0,0.0027747736,0.023734417,0.021045154
99999E20000903,4,False,56,56.30,False,0.007637765,0.002216718,0.121458925,0.0,0.005101139,0.0,0.0,0.003922271,0.8174271,0.042236105
99999E30431885,3,False,DO,DO.01,False,0.0,0.0,0.0,0.13789901,0.07435756,0.058271434,0.0,0.13656896,0.0,0.592903
99999E30431895,3,False,DO,DO.01,False,0.0,0.47120607,0.5103224,0.0,0.0,0.0,0.0,0.0,0.0,0.018471567
99999E30431908,6,False,DO,DO.01,False,0.025770023,0.2297974,0.3286399,0.05334633,0.077029444,0.0037018422,0.049971044,0.014121086,0.12763575,0.089987166
99999E30431925,6,False,DO,DO.01,False,0.0026620014,0.058069523,0.11074595,0.007569714,0.07520611,0.055539187,0.10081277,0.025602752,0.39764637,0.16614565
99999E30431958,3,False,DO,DO.01,False,0.023810701,0.48152357,0.23376283,0.027343085,0.029646818,0.029789431,0.019768203,0.0,0.050901473,0.10345396
99999E30431982,3,False,DO,DO.01,False,0.0053436025,0.0825827,0.12890881,0.2772441,0.07222527,0.028830856,0.050708324,0.037122946,0.30684912,0.010184146
99999E30461097,4,False,56,56.10,False,0.0,0.033218592,0.22116315,0.0043094708,0.044689983,0.0,0.0026855876,0.02136428,0.23390442,0.43866453
99999E30461099,4,False,DO,DO.01,False,0.0018850731,0.0021731574,0.8218105,0.0,0.012779043,0.0046500554,0.0027242752,0.052415684,0.05057758,0.05098465
99999E30461109,6,False,DO,DO.01,False,0.013168845,0.1973057,0.23907663,0.036527503,0.21280059,0.055791736,0.049491767,0.028554453,0.08360073,0.08368201
99999E30461111,6,False,DO,DO.01,False,0.004227503,0.22602849,0.3543576,0.0060974928,0.05437196,0.0006546346,0.034286834,0.068526715,0.1726219,0.078826845
99999E30461114,6,False,DO,DO.01,False,0.008448236,0.17261304,0.12999481,0.0,0.027724275,0.005625364,0.21184282,0.017115576,0.0,0.4266359
99999E30478515,6,False,DO,DO.01,False,0.03154355,0.16068958,0.39240664,0.0045772465,0.024363331,0.0,0.0017561615,0.068633035,0.19535251,0.12067796
99999E30478561,6,False,DO,DO.01,False,0.0119278105,0.026927263,0.7629263,0.0033799915,0.020371858,0.00776805,0.016200237,0.018157076,0.078641124,0.05370035
99999E30478605,4,False,DO,DO.01,False,0.0,0.5237791,0.35659918,0.0,0.0022395558,0.0,0.013375454,0.0,0.104006745,0.0
99999E30478613,3,False,DO,DO.01,False,0.0,0.57277787,0.0,0.024121648,0.06649865,0.0,0.0,0.0,0.18268071,0.15392108
99999E30478644,6,False,DO,DO.01,False,0.06830364,0.089459114,0.36609617,0.028436594,0.13657741,0.021441013,0.011108572,0.040686004,0.20588692,0.032004472
99999E30478656,4,False,DO,DO.01,False,0.0,0.16228898,0.47848004,0.0080921445,0.0041328566,0.0,0.1436943,0.030323315,0.13340713,0.03958123
99999E30478684,6,False,DO,DO.01,False,0.007392371,0.12590869,0.3731009,0.06687785,0.03507198,0.03710439,0.0675414,0.08579622,0.13006198,0.07114419
99999E30478696,6,False,DO,DO.01,False,0.0050976966,0.2921155,0.062989764,0.0016007952,0.006322523,0.037109047,0.2131191,0.08005732,0.14681393,0.15477432
99999E30478782,6,False,DO,DO.01,False,0.0,0.07616495,0.16119632,0.112093724,0.1048588,0.06405083,0.17229076,0.059510898,0.10652268,0.14331102
99999E30478798,6,False,DO,DO.01,False,0.0,0.18163173,0.19140972,0.071047254,0.052809343,0.013528781,0.07342879,0.057115074,0.23434073,0.12468867
99999E30478802,6,False,DO,DO.01,True,0.03973643,0.0882479,0.13766178,0.08955591,0.22863236,0.05073452,0.100624174,0.07787504,0.13503663,0.05189517
99999E30478822,6,False,DO,DO.01,True,0.14513111,0.22303794,0.28582725,0.02578462,0.043813847,0.0061746044,0.02003591,0.015923798,0.21337461,0.020896284
99999E30478857,6,False,DO,DO.01,False,0.0,0.045085337,0.91010314,0.0025554441,0.0071187373,0.0026467098,0.0024641783,0.0126859555,0.017340513,0.0
99999E30478900,4,False,DO,DO.01,False,0.0,0.0,0.8948141,0.0,0.043752313,0.0,0.0,0.0,0.061433647,0.0
99999E30478951,4,False,DO,DO.01,False,0.0,0.0,0.44923958,0.056933705,0.1810448,0.0,0.0,0.0,0.04052109,0.27226087
99999E30478992,3,False,DO,DO.01,False,0.0,0.0,0.06124981,0.0,0.0,0.0,0.7131583,0.2255919,0.0,0.0
99999E30479027,6,False,DO,DO.01,False,0.0,0.0,0.47239807,0.0038048287,0.094099894,0.010205866,0.020610716,0.0,0.3602931,0.038587548
99999E30479116,6,False,DO,DO.01,False,0.0032882777,0.3923389,0.23331496,0.026284257,0.050706968,0.015805399,0.10777833,0.053190526,0.071967706,0.04532452
99999E30479161,6,False,DO,DO.01,False,0.0026283243,0.014961771,0.020197337,0.0061280713,0.33963007,0.0429738,0.021342836,0.04151206,0.30137885,0.20924693
99999E30479188,3,False,DO,DO.01,False,0.0,0.2553296,0.4451922,0.007957699,0.103592016,0.0024655336,0.031206986,0.056614853,0.061337985,0.036303084
99999E30479247,4,False,DO,DO.01,False,0.0149432495,0.13829541,0.5303618,0.02057256,0.03778913,0.0,0.0074164583,0.0056328503,0.18427096,0.06071761
99999E30479337,6,False,DO,DO.01,False,0.0,0.18410493,0.1776717,0.0033527778,0.029762285,0.078032926,0.0278689,0.07786699,0.3639253,0.05741419
99999E30479348,6,False,DO,DO.01,False,0.0,0.04248923,0.34521845,0.010264724,0.029487558,0.0038628925,0.01580359,0.034324456,0.43682292,0.08172616
99999E30479367,3,False,74,74.90,False,0.0,0.10258997,0.8040128,0.0,0.085355386,0.0,0.008041838,0.0,0.0,0.0
99999E30479384,3,False,DO,DO.01,False,0.0066778157,0.112396546,0.060621813,0.10415594,0.21789132,0.038098693,0.05414997,0.17287123,0.039558496,0.19357818
99999E30479410,5,False,DO,DO.01,False,0.0,0.0,0.06598279,0.05273721,0.36288822,0.09765737,0.0005924833,0.36138996,0.022272406,0.036479596
99999E30479436,6,False,DO,DO.01,True,0.22995259,0.28815326,0.18713239,0.030442685,0.0039631277,0.00841617,0.079203546,0.0718432,0.08824373,0.0126492875
99999E30479476,6,False,DO,DO.01,False,0.0148567045,0.035017073,0.6962051,0.008821925,0.06868904,0.0062145307,0.0,0.019413086,0.088554524,0.062228106
99999E30479484,6,False,DO,DO.01,False,0.18859822,0.2005116,0.19229594,0.021587037,0.059924975,0.047671434,0.02403665,0.070524424,0.1375829,0.057266887
99999E30479506,6,False,DO,DO.01,False,0.1926933,0.19887567,0.3759708,0.1259627,0.044795763,0.0,0.00017060412,0.0,0.0,0.061531216
99999E30479520,4,False,DO,DO.01,False,0.013104946,0.01046854,0.9728959,0.0008171321,0.0,0.00029293416,0.0,0.0002158462,0.001942616,0.00026209897
99999E30479540,3,False,DO,DO.01,False,0.0,0.11711479,0.6344364,0.0,0.0,0.0,0.0,0.0,0.0,0.24844882
99999E30479578,3,False,DO,DO.01,False,0.0,0.0,0.834708,0.0,0.0,0.0,0.0,0.0,0.0,0.16529201
99999E30479586,5,False,DO,DO.01,False,0.008304319,0.015137872,0.18103413,0.027334213,0.4140853,0.02433265,0.0015608117,0.12086285,0.0061031734,0.20124464
99999E30479632,3,False,DO,DO.01,False,0.123031795,0.011860603,0.3940692,0.051808085,0.016265573,0.013697932,0.04272775,0.022671958,0.31298402,0.010883004
99999E30479657,6,False,DO,DO.01,False,0.0023347833,0.3291111,0.049518973,0.015745817,0.09753425,0.054910477,0.07902627,0.10556035,0.19732635,0.06893167
99999E30479666,3,False,DO,DO.01,False,0.0015833272,0.13259855,0.04444567,0.02444747,0.07615723,0.059475005,0.14385366,0.13924482,0.2388717,0.13932256
99999E30479727,6,False,DO,DO.01,False,0.027592257,0.10610195,0.6181088,0.05956916,0.015516198,0.01153267,0.038728748,0.018063206,0.046973426,0.05781352
99999E30479754,3,False,DO,DO.01,False,0.0,0.02329895,0.14972262,0.13429628,0.04235944,0.17059599,0.13308771,0.057189852,0.1403896,0.14905956
99999E30479783,3,False,DO,DO.01,False,0.0,0.08246484,0.078968115,0.06352792,0.06777517,0.036976643,0.17757249,0.061092142,0.24388413,0.1877386
99999E30479790,6,False,DO,DO.01,False,0.004380205,0.16910839,0.079588205,0.14193477,0.112871975,0.01543619,0.12021057,0.034672488,0.20072941,0.12106779
99999E30479802,3,False,DO,DO.01,False,0.0,0.27578697,0.05120894,0.016255345,0.2645106,0.0,0.009327425,0.10236683,0.2008651,0.079678774
99999E30479810,3,False,DO,DO.01,False,0.027213322,0.3132813,0.0822357,0.028432732,0.22747116,0.06889667,0.0274088,0.09691982,0.046989176,0.08115127
99999E30479841,3,False,DO,DO.01,False,0.004113496,0.11174998,0.45125967,0.07412519,0.03546748,0.01509196,0.018967789,0.048338145,0.14853378,0.092352554
99999E30479917,6,False,DO,DO.01,False,0.036192656,0.07695518,0.4264769,0.0021728794,0.012024812,0.011104458,0.014041399,0.030531276,0.31769732,0.072803065
99999E30479963,4,False,DO,DO.01,False,0.0,0.00300846,0.8645231,0.0045022084,0.056401096,0.0,0.0010123489,0.0031098472,0.057409253,0.010033537
99999E30480034,3,False,DO,DO.01,False,0.0019824603,0.051182754,0.13416888,0.0,0.098047785,0.04671382,0.010097106,0.040044017,0.400919,0.2168442
99999E30480082,6,False,DO,DO.01,False,0.0,0.038292926,0.24600738,0.03864338,0.06305366,0.16815804,0.085671484,0.016470395,0.24983715,0.09386556
99999E30480124,6,False,DO,DO.01,False,0.0,0.17028177,0.10634411,0.11822429,0.16447234,0.002270981,0.017182626,0.052700352,0.1663487,0.20217481
99999E30480162,3,False,DO,DO.01,False,0.017992485,0.14774635,0.07261125,0.03614614,0.34180462,0.032613903,0.061379943,0.05033106,0.13882174,0.10055243
99999E30480249,6,False,DO,DO.01,False,0.0028990651,0.15511593,0.255676,0.029751308,0.024199419,0.029467182,0.29344362,0.036819525,0.066550896,0.10607707
99999E30480303,6,False,DO,DO.01,False,0.0014278411,0.069484375,0.3242058,0.026407259,0.099008694,0.054094113,0.07053379,0.14711446,0.18337226,0.024351325
99999E30480337,6,False,DO,DO.01,False,0.0052818554,0.16294558,0.06630484,0.03581279,0.036452696,0.017140694,0.23371914,0.04292892,0.1368056,0.2626079
99999E30480357,3,False,DO,DO.01,False,0.0076822434,0.12204292,0.06844181,0.080754444,0.21336403,0.0102557475,0.034132414,0.12150239,0.08261282,0.25921115
99999E30480415,6,False,DO,DO.01,True,0.32981464,0.12824188,0.36633372,0.008972781,0.01616961,0.007545193,0.088146135,0.0089012375,0.035051852,0.010823032
99999E30480472,3,False,DO,DO.01,False,0.0,0.14302373,0.33926627,0.0,0.13420366,0.004272006,0.09384609,0.028019916,0.20539819,0.051970117
99999E30480496,6,False,DO,DO.01,False,0.04425104,0.009225387,0.3158312,0.0873362,0.113920316,0.0059273196,0.026461056,0.061412334,0.16461715,0.17101799
99999E30480505,3,False,DO,DO.01,False,0.0054924376,0.35329133,0.06458382,0.06649614,0.20830666,0.0,0.08424018,0.07864993,0.08629435,0.052645225
99999E30480529,6,False,DO,DO.01,False,0.0,0.0,0.048228644,0.0,0.012592975,0.0027960574,0.0044682445,0.03125985,0.8299861,0.070668094
99999E30480558,4,False,DO,DO.01,False,0.0,0.24103817,0.31916288,0.09131163,0.07967871,0.0,0.041926175,0.05227149,0.15955923,0.015051766
99999E30480571,6,False,DO,DO.01,False,0.0,0.02133709,0.14468944,0.046360258,0.15353142,0.0052647884,0.0413226,0.013543039,0.5120424,0.061909042
99999E30480599,6,False,DO,DO.01,False,0.062248424,0.032079563,0.4927228,0.10292747,0.047000915,0.020368062,0.070907705,0.011434272,0.11175798,0.04855285
99999E30480642,3,False,DO,DO.01,False,0.00977946,0.19870116,0.5314038,0.0020723308,0.0,0.06431849,0.05056071,0.047483403,0.057775747,0.037904937
99999E30480652,6,False,DO,DO.01,False,0.0,0.013491413,0.52514005,0.13183406,0.053600285,0.006168132,0.11095431,0.014847761,0.1221144,0.021849722
99999E30480656,6,False,DO,DO.01,False,0.005601571,0.15488103,0.2844851,0.021117441,0.11611625,0.0675808,0.058666155,0.1322909,0.11142625,0.047834538
99999E30480667,4,False,DO,DO.01,False,0.001816669,0.16596241,0.30788797,0.0038225744,0.053341474,0.00581636,0.026565168,0.024951344,0.3637716,0.04606438
99999E30480720,6,False,DO,DO.01,False,0.014950737,0.030878467,0.12955645,0.019264024,0.35594785,0.07331165,0.022445302,0.014070447,0.20444098,0.13513401
99999E30480751,6,False,DO,DO.01,False,0.0,0.046767943,0.15492427,0.006525889,0.031299893,0.013084344,0.012402354,0.017176282,0.5191441,0.1986749
99999E30480785,6,False,DO,DO.01,False,0.0,0.11859192,0.3518238,0.008218531,0.064328045,0.022138793,0.13948129,0.017326925,0.2053374,0.07275331
99999E30480800,3,False,DO,DO.01,False,0.0,0.06776135,0.2782662,0.0845283,0.23319735,0.13700153,0.0,0.0,0.17633861,0.022906683
99999E30480865,6,False,DO,DO.01,False,0.0,0.09447813,0.13781898,0.0035541535,0.0917213,0.012238413,0.05416277,0.06531799,0.43547,0.10523829
99999E30480897,6,False,DO,DO.01,True,0.0072543807,0.38100424,0.031492017,0.08259144,0.02799764,0.0022058703,0.11144284,0.04129123,0.26556194,0.04915843
99999E30480925,3,False,DO,DO.01,False,0.002580964,0.3403169,0.009908657,0.070639856,0.21769868,0.0043764166,0.22314115,0.0,0.0,0.13133739
99999E30480960,3,False,DO,DO.01,False,0.00086512236,0.16516264,0.09354099,0.008263812,0.14773786,0.01747722,0.07813483,0.061822753,0.36698666,0.060008038
99999E30480977,6,False,DO,DO.01,False,0.0,0.31878027,0.18114504,0.003290965,0.0775087,0.0040406473,0.033852775,0.04092702,0.18077725,0.15967739
99999E30480995,6,False,DO,DO.01,False,0.0059068194,0.076460496,0.5885102,0.051991154,0.03179559,0.024630321,0.07820034,0.038138922,0.053997245,0.050368946
99999E30481005,4,False,DO,DO.01,False,0.0,0.0,0.942825,0.0076230173,0.019947372,0.0048678825,0.0,0.006385824,0.0,0.018350916
99999E30481011,6,False,DO,DO.01,False,0.0,0.41117823,0.11714501,0.14882927,0.080060415,0.06778701,0.0,0.0,0.020015106,0.15498489
99999E30481034,6,False,DO,DO.01,True,0.015589974,0.554848,0.030380394,0.014715714,0.010784523,0.0060640606,0.16238658,0.08768312,0.109097876,0.008449734
99999E30481070,6,False,DO,DO.01,False,0.0,0.0022610861,0.0019100872,0.049286783,0.19335634,0.048245214,0.07279881,0.13109891,0.12660614,0.37443668
99999E30481085,3,False,DO,DO.01,False,0.0,0.26539063,0.07529059,0.042714555,0.088366024,0.030246766,0.11298653,0.021649845,0.20211771,0.16123731
99999E30481093,6,False,DO,DO.01,False,0.0,0.06833511,0.10381998,0.09867028,0.12590575,0.0033457228,0.067228355,0.053043358,0.34871328,0.13093822
99999E30481157,6,False,DO,DO.01,False,0.0,0.19375588,0.121561185,0.07573735,0.06792545,0.010070713,0.1467831,0.03857851,0.13322183,0.212366
99999E30481195,6,False,DO,DO.01,False,0.10397221,0.018809872,0.5080857,0.07289319,0.13722077,0.015243666,0.005645153,0.056723274,0.008594834,0.07281137
99999E30481226,6,False,DO,DO.01,False,0.0,0.1512584,0.012757651,0.056212574,0.0940191,0.055263594,0.019198079,0.024094036,0.4673087,0.11988788
99999E30481251,3,False,DO,DO.01,False,0.0,0.0,0.0,0.0,0.81119215,0.0,0.0,0.1888079,0.0,0.0
99999E30481286,6,False,DO,DO.01,False,0.005783318,0.26875374,0.11223297,0.1145676,0.13350885,0.016842613,0.077558376,0.039352935,0.14358595,0.08781366
99999E30481297,6,False,DO,DO.01,False,0.0017896788,0.06743978,0.06993727,0.25667828,0.24474396,0.03144287,0.06621535,0.041231677,0.1421753,0.07834583
99999E30481329,6,False,DO,DO.01,False,0.0,0.32539922,0.0773291,0.023145111,0.0924056,0.011757758,0.057965096,0.06738775,0.25822127,0.086389124
99999E30481333,4,False,DO,DO.01,False,0.0,0.21267289,0.63738793,0.0,0.004580119,0.0,0.0050352155,0.0,0.12317554,0.017148267
99999E30481337,6,False,DO,DO.01,False,0.0,0.0,0.32703912,0.06655374,0.31234655,0.0018550012,0.011466034,0.01758308,0.021341087,0.24181536
99999E30481364,6,False,DO,DO.01,False,0.0,0.0,0.37033978,0.0,0.036266383,0.21184584,0.0,0.38154793,0.0,0.0
99999E30481373,3,False,DO,DO.01,False,0.002888898,0.10725034,0.124556966,0.247188,0.04907114,0.1332638,0.14534098,0.17330712,0.0,0.017132768
99999E30481445,6,False,DO,DO.01,False,0.0,0.093949094,0.21269122,0.014346905,0.2587543,0.023012662,0.16004024,0.0,0.06376298,0.17344266
99999E30481465,6,False,DO,DO.01,False,0.0,0.11941714,0.40157282,0.0070170765,0.02263996,0.00093947985,0.028356383,0.019380804,0.38822016,0.01245617
99999E30481479,6,False,DO,DO.01,False,0.005096667,0.05658762,0.5689422,0.0040819244,0.03838386,0.039727185,0.02623473,0.04089776,0.15064222,0.069406
99999E30481527,3,False,DO,DO.01,False,0.09289261,0.3760694,0.023077462,0.046504583,0.057367306,0.037972912,0.021538962,0.08198327,0.21606566,0.046527892
99999E30481538,6,False,DO,DO.01,False,0.0044603082,0.061912186,0.37156096,0.0136143565,0.026182033,0.036653843,0.11792331,0.16541292,0.09579496,0.10648514
99999E30481551,4,False,DO,DO.01,False,0.0,0.04089359,0.8289104,0.009160222,0.026402442,0.0,0.010229845,0.0034596208,0.08094394,0.0
99999E30481614,6,False,DO,DO.01,False,0.11864737,0.096389085,0.29248768,0.05129312,0.044291697,0.06548235,0.12000875,0.09409377,0.061201673,0.05610457
99999E30481625,3,False,DO,DO.01,False,0.0,0.373631,0.055245515,0.012375809,0.07051041,0.0,0.06596444,0.10599291,0.22257914,0.09370085
99999E30481663,6,False,DO,DO.01,False,0.0,0.030105934,0.11290178,0.36575225,0.094261795,0.016187295,0.083728775,0.031785335,0.23307405,0.03220275
99999E30481706,6,False,DO,DO.01,False,0.019219443,0.108691856,0.51307505,0.031590544,0.025573596,0.010990881,0.018513635,0.032076567,0.22142202,0.018846445
99999E30481723,4,False,DO,DO.01,False,0.027416222,0.09774542,0.30100575,0.010395122,0.019892007,0.0,0.0030148027,0.028617602,0.3573213,0.15459178
99999E30481735,6,False,DO,DO.01,False,0.003216186,0.24001198,0.19263887,0.14715283,0.10801708,0.024749044,0.071108885,0.092038706,0.08348957,0.037576865
99999E30481755,6,False,DO,DO.01,False,0.0,0.0059663095,0.4069508,0.02216004,0.053445425,0.015185256,0.023327034,0.0051744753,0.4092878,0.058502898
99999E30481803,6,False,DO,DO.01,False,0.06168265,0.10859669,0.42461917,0.100832716,0.06893934,0.03110374,0.06424459,0.07108333,0.025022732,0.043875128
99999E30481814,5,False,DO,DO.01,False,0.0,0.0,0.0040410324,0.0,0.9322794,0.0,0.0,0.06367956,0.0,0.0
99999E30481850,4,False,DO,DO.01,False,0.0,0.079721734,0.62590146,0.017346516,0.020255916,0.0,0.0,0.020410944,0.23218068,0.004182731
99999E30481853,4,False,DO,DO.01,False,0.0,0.051541522,0.84194344,0.0,0.0230791,0.0,0.0,0.007890174,0.06708441,0.008461439
99999E30481881,3,False,DO,DO.01,False,0.051507134,0.16715655,0.5724918,0.049791947,0.030058902,0.020230113,0.018342447,0.0,0.07415312,0.016267931
99999E30481894,6,False,DO,DO.01,False,0.003864033,0.11165985,0.12672985,0.063600585,0.12162567,0.028304182,0.1801688,0.042605363,0.18491982,0.13652185
99999E30481912,4,False,DO,DO.01,False,0.00466029,0.3109149,0.14564306,0.0,0.10021421,0.03598725,0.0,0.16818905,0.204572,0.029819313
99999E30481935,6,False,DO,DO.01,False,0.0023996676,0.14218563,0.20558865,0.011329675,0.024404414,0.028830672,0.05929491,0.052147895,0.3467139,0.12710457
99999E30481938,6,False,DO,DO.01,False,0.0,0.08715756,0.27035916,0.07431468,0.093954675,0.051654413,0.050200406,0.059603956,0.19590078,0.11685441
99999E30481979,6,False,DO,DO.01,False,0.0,0.0,0.0,0.5012951,0.0,0.0,0.0,0.0,0.14429972,0.35440516
99999E30481986,3,False,DO,DO.01,False,0.0,0.07917417,0.0,0.019715901,0.4963965,0.11903134,0.048750505,0.014786455,0.0,0.22214502
99999E30482011,3,False,DO,DO.01,False,0.0,0.15839203,0.14018211,0.07713451,0.13296685,0.0,0.0,0.0,0.4913245,0.0
99999E30482042,3,False,DO,DO.01,False,0.0,0.0,0.6852459,0.0,0.0,0.0,0.0,0.0,0.12740047,0.18735366
99999E30482122,6,False,DO,DO.01,False,0.020505322,0.057030573,0.16345353,0.033290364,0.09452146,0.04275362,0.17348167,0.18783587,0.09583956,0.13128811
99999E30482126,6,False,DO,DO.01,False,0.03802234,0.07995305,0.79956174,0.038172185,0.0,0.0,0.012705332,0.009602358,0.0014984173,0.020484615
99999E30482248,6,False,DO,DO.01,False,0.0,0.010451952,0.007944779,0.41522676,0.34692636,0.021454256,0.037785053,0.027658042,0.026553735,0.10599912
99999E30482303,6,False,DO,DO.01,False,0.0027254678,0.10183703,0.083436854,0.13531694,0.08949771,0.040519614,0.14492613,0.040973548,0.23717639,0.123590335
99999E30482367,6,False,DO,DO.01,False,0.0,0.025919922,0.4305916,0.13242017,0.20742173,0.006147197,0.034786947,0.032798644,0.07126,0.05865381
99999E30482370,6,False,DO,DO.01,False,0.011310849,0.15804768,0.61088425,0.009707766,0.04238335,0.012276342,0.06945907,0.0054249815,0.048772004,0.031733774
99999E30482430,5,False,96,96.04,False,0.003798637,0.012130899,0.010477767,0.2195764,0.33689886,0.07669583,0.002911416,0.22817984,0.00495464,0.10437569
99999E30482522,6,False,DO,DO.01,False,0.2652855,0.042675037,0.46626484,0.008401626,0.08150809,0.024965659,0.009996412,0.03647349,0.053798676,0.010630703
99999E30482534,3,False,DO,DO.01,False,0.05994473,0.22998749,0.052872602,0.044500608,0.056082916,0.012315644,0.064735025,0.122750424,0.27117392,0.08563669
99999E30482559,4,False,DO,DO.01,False,0.0,0.049964808,0.35378012,0.0039052507,0.012064237,0.0,0.004617894,0.054981895,0.49309275,0.027593048
99999E30482585,4,False,DO,DO.01,False,0.0,0.004718827,0.6066386,0.0,0.0,0.014116528,0.0,0.059646774,0.2476489,0.06723034
99999E30482621,4,False,DO,DO.01,False,0.0014625642,0.1634994,0.32615185,0.01324052,0.038207043,0.0,0.002448717,0.002622225,0.433665,0.01870259
99999E30482658,3,False,DO,DO.01,False,0.0,0.0,0.056753352,0.24375787,0.58776027,0.0,0.0,0.010557902,0.0,0.10117063
99999E30482681,3,False,DO,DO.01,False,0.0,0.099318825,0.120126106,0.04580782,0.33719507,0.04756443,0.0,0.128062,0.19446735,0.027458474
99999E30482688,4,False,DO,DO.01,False,0.0,0.04341649,0.8168399,0.005779052,0.008089393,0.0,0.017637948,0.0076158056,0.057752125,0.042869303
99999E30482793,3,False,DO,DO.01,False,0.011262314,0.03808076,0.20932524,0.09863934,0.17183961,0.009093912,0.06249008,0.11175864,0.12125567,0.1662543
99999E30482813,3,False,DO,DO.01,False,0.0,0.1819894,0.056952108,0.0,0.0,0.12276219,0.0,0.6327577,0.0,0.0055385646
99999E30482845,4,False,DO,DO.01,False,0.0016868787,0.025041793,0.9055044,0.0,0.022497796,0.0050393613,0.0,0.013707791,0.02652199,0.0
99999E30482850,6,False,DO,DO.01,False,0.0,0.19072147,0.12963688,0.049070615,0.15432096,0.04645305,0.02869692,0.071717136,0.20801021,0.12137278
99999E30482899,6,False,DO,DO.01,False,0.0,0.14538938,0.17043798,0.015417898,0.11413304,0.018612787,0.15056564,0.08314031,0.18426993,0.118033014
99999E30482923,6,False,DO,DO.01,False,0.0,0.05152264,0.48312992,0.0039490648,0.033341102,0.0047138757,0.09984704,0.0022835627,0.304981,0.016231852
99999E30482932,6,False,DO,DO.01,False,0.0047153262,0.1296084,0.37923416,0.03798019,0.038031444,0.032456636,0.09932017,0.045032155,0.19572547,0.03789608
99999E30482954,6,False,DO,DO.01,False,0.0,0.03720379,0.64213216,0.007531365,0.08054134,0.022152903,0.025128732,0.08022303,0.026850568,0.078236185
99999E30482957,6,False,74,74.90,False,0.0,0.11781752,0.14125426,0.041967925,0.12930167,0.031202257,0.039570082,0.08586397,0.12087575,0.2921466
99999E30482965,3,False,DO,DO.01,False,0.0,0.0,0.14936799,0.12506084,0.084299006,0.19360226,0.12356137,0.14436975,0.0,0.17973877
99999E30482972,3,False,DO,DO.01,False,0.081872515,0.26805022,0.12102894,0.0,0.30633354,0.0,0.0,0.041842967,0.0,0.18087177
99999E30482983,6,False,DO,DO.01,False,0.0015892715,0.13309641,0.268455,0.017211469,0.111529656,0.06358438,0.04597728,0.10143271,0.17547247,0.081651345
99999E30483009,6,False,DO,DO.01,False,0.0,0.05069053,0.40199712,0.13721237,0.003467547,0.0,0.04585265,0.0,0.13181445,0.22896534
99999E30483027,6,False,DO,DO.01,False,0.0051312903,0.09610738,0.70470434,0.01213737,0.05725696,0.023407785,0.018254822,0.036325417,0.032229055,0.014445637
99999E30483033,6,False,DO,DO.01,False,0.09620367,0.10090378,0.28965622,0.060658336,0.08704024,0.03019879,0.059114147,0.0307617,0.11952698,0.12593615
99999E30483051,3,False,DO,DO.01,False,0.019113211,0.13661082,0.418357,0.040389806,0.010608528,0.037184425,0.142059,0.034505006,0.08008495,0.08108725
99999E30483083,4,False,84,84.11,False,0.00837872,0.021465402,0.5278551,0.2661172,0.09009151,0.008647624,0.010363491,0.00919397,0.016202558,0.04168445
99999E30483090,3,False,DO,DO.01,False,0.0,0.06293418,0.14506477,0.115150124,0.37807298,0.0,0.0,0.009711628,0.1333683,0.15569794
99999E30483181,6,False,DO,DO.01,False,0.0,0.056951858,0.12359398,0.2318588,0.299419,0.004679152,0.018812027,0.043168526,0.13451117,0.087005496
99999E30483185,3,False,DO,DO.01,False,0.0,0.0,0.13743407,0.059464443,0.39369613,0.0,0.048568875,0.13055947,0.030553717,0.19972329
99999E30483235,6,False,DO,DO.01,False,0.0,0.013997598,0.018118573,0.16076972,0.2370403,0.15281667,0.061085016,0.080039255,0.18086232,0.095270514
99999E30483251,4,False,DO,DO.01,False,0.0,0.26324958,0.42991456,0.026575536,0.004965724,0.0,0.04296497,0.020509714,0.19278723,0.01903273
99999E30483254,4,False,DO,DO.01,False,0.0,0.12529235,0.38939917,0.008530849,0.12893349,0.0,0.07719581,0.03390833,0.056809593,0.1799304
99999E30483265,3,False,DO,DO.01,False,0.00114074,0.06631666,0.09027979,0.060948912,0.5343104,0.012751233,0.03622656,0.04221307,0.07249867,0.083313875
99999E30483305,6,False,DO,DO.01,False,0.031636134,0.20936166,0.0,0.0,0.25123397,0.0,0.0,0.3155663,0.0,0.19220193
99999E30483444,4,False,DO,DO.01,False,0.0,0.0132928835,0.59167373,0.0,0.017894194,0.009639155,0.0,0.011367153,0.3397241,0.01640882
99999E30483479,6,False,DO,DO.01,False,0.0007214027,0.028306156,0.85052085,0.009035325,0.041543733,0.0,0.012108566,0.0,0.05412461,0.003639363
99999E30483558,4,False,DO,DO.01,False,0.0,0.0,0.82896066,0.0035502356,0.024022982,0.0,0.0,0.0,0.140318,0.0031480219
99999E30483613,6,False,DO,DO.01,False,0.044918012,0.08690305,0.13614158,0.080668695,0.23856595,0.012731874,0.00038755423,0.095989056,0.045157246,0.25853696
99999E30483635,3,False,DO,DO.01,False,0.0,0.25934288,0.0,0.0,0.0244628,0.26508006,0.30717948,0.14393476,0.0,0.0
99999E30483682,3,False,DO,DO.01,False,0.15929937,0.0,0.3271344,0.0,0.0,0.0,0.0,0.5135662,0.0,0.0
99999E30483714,6,False,DO,DO.01,False,0.0017572994,0.074052796,0.32652038,0.07376947,0.04640597,0.046564497,0.087218486,0.050419763,0.22636557,0.06692578
99999E30483722,6,False,DO,DO.01,False,0.0,0.11404077,0.08686132,0.118124224,0.2087247,0.007526512,0.037322685,0.00473764,0.24285224,0.17980996
99999E30483736,6,False,DO,DO.01,False,0.02682199,0.14934596,0.37329787,0.007826211,0.14180209,0.08625082,0.016328814,0.066934116,0.08627519,0.045117
99999E30483739,6,False,DO,DO.01,False,0.0,0.10716239,0.43186888,0.11820853,0.015052776,0.017011471,0.14198379,0.011497166,0.13297762,0.02423744
99999E30483746,6,False,DO,DO.01,False,0.0,0.23325251,0.050921645,0.036753546,0.03813818,0.03327523,0.108213715,0.053517666,0.32849255,0.117434986
99999E30483860,6,False,DO,DO.01,False,0.0,0.0,0.73006034,0.006628212,0.026175957,0.0,0.015473945,0.006488856,0.15814894,0.057023726
99999E30483908,6,False,DO,DO.01,False,0.0053797374,0.112166665,0.39618117,0.010674372,0.08701715,0.028251147,0.11465295,0.019760616,0.13685532,0.089060895
99999E30484007,6,False,DO,DO.01,False,0.00971301,0.0962412,0.399337,0.019686192,0.1489798,0.012102237,0.0089758625,0.11157604,0.058993533,0.13439511
99999E30484177,6,False,DO,DO.01,False,0.0,0.0047855,0.37956604,0.3096411,0.08399508,0.011566312,0.020450793,0.0063976934,0.13673851,0.046858888
99999E30484187,4,False,DO,DO.01,False,0.0,0.14857052,0.12678039,0.14939363,0.027576618,0.0,0.11219431,0.005814288,0.4076533,0.022016926
99999E30484213,6,False,DO,DO.01,False,0.0,0.030495144,0.80676943,0.0,0.03301239,0.0038860545,0.047726,0.07811096,0.0,0.0
99999E30484218,4,False,DO,DO.01,False,0.0,0.27871886,0.094414376,0.000612734,0.04007758,0.006700067,0.03465562,0.040500805,0.4814566,0.022863468
99999E30484227,6,False,DO,DO.01,False,0.0,0.15784095,0.26791945,0.010843402,0.063594505,0.023796888,0.05449125,0.04580134,0.2569034,0.11880884
99999E30484398,6,False,DO,DO.01,False,0.0,0.18294615,0.21695058,0.1914828,0.041979507,0.012078953,0.13852426,0.014574588,0.16644475,0.035018522
99999E30484404,3,False,DO,DO.01,False,0.046650354,0.14869481,0.29716018,0.0,0.4379015,0.0,0.0,0.0,0.0,0.06959315
99999E30484567,6,False,DO,DO.01,False,0.0,0.031059412,0.16026583,0.064373165,0.20482883,0.026894886,0.04418577,0.040678114,0.26897377,0.15874022
99999E30484592,4,False,DO,DO.01,False,0.0,0.061696235,0.2757041,0.021015737,0.011673594,0.0,0.053888887,0.027458625,0.45825112,0.09031169
99999E30484618,4,False,DO,DO.01,False,0.003930927,0.0043858215,0.96796435,0.0,0.00052014634,0.0,0.0,0.0,0.018486636,0.0047120783
99999E30484628,3,False,DO,DO.01,False,0.008517308,0.0,0.29957074,0.0,0.068700604,0.22151811,0.0,0.0,0.21714024,0.18455301
99999E30484632,3,False,DO,DO.01,False,0.025268935,0.16926555,0.007830338,0.055385046,0.045368798,0.05758967,0.120636605,0.1594664,0.18217887,0.1770098
99999E30484635,6,False,DO,DO.01,False,0.0,0.12737016,0.06849842,0.0015384915,0.024816211,0.041763615,0.007135331,0.08802861,0.50063616,0.14021304
99999E30484706,3,False,DO,DO.01,False,0.0,0.2637975,0.0,0.0885791,0.35813046,0.013399824,0.021356158,0.0,0.031679094,0.22305784
99999E30484719,3,False,DO,DO.01,False,0.004192556,0.11063316,0.0045447308,0.016778609,0.07708433,0.23572226,0.23737413,0.0,0.0,0.31367025
99999E30484765,3,False,DO,DO.01,False,0.0010703672,0.17012317,0.054816924,0.03868535,0.032149043,0.13678965,0.072578505,0.06769936,0.054306198,0.37178144
99999E30484817,6,False,DO,DO.01,False,0.023422813,0.028122414,0.69321,0.002819761,0.052297164,0.014474773,0.01921197,0.06669674,0.06000451,0.039739825
99999E30484918,6,False,DO,DO.01,False,0.004607289,0.31524426,0.107828535,0.009255218,0.027874742,0.026694044,0.0708483,0.04581836,0.25171754,0.14011164
99999E30484933,6,False,DO,DO.01,False,0.0,0.04710075,0.5223894,0.01885316,0.11625197,0.020414611,0.032854795,0.041038644,0.14070706,0.060389627
99999E30484945,3,False,DO,DO.01,False,0.0,0.13232763,0.06534698,0.080979854,0.081788,0.11918003,0.0,0.16525313,0.034003023,0.3211213
99999E30484958,6,False,DO,DO.01,False,0.0,0.08929162,0.04214695,0.51749766,0.23475863,0.0,0.0,0.0,0.0,0.116305165
99999E30484996,6,False,DO,DO.01,False,0.00525123,0.07446041,0.35676476,0.11319176,0.01866391,0.022908105,0.13749331,0.089228235,0.06782783,0.11421055
99999E30485017,3,False,DO,DO.01,False,0.0051911944,0.1391795,0.3264469,0.0112484,0.067576356,0.03380196,0.108835086,0.10636841,0.072606996,0.1287452
99999E30485199,4,False,DO,DO.01,False,0.0074563483,0.017907752,0.32978025,0.020873751,0.06016486,0.062142942,0.06416125,0.0,0.34562275,0.091890104
99999E30485258,3,False,DO,DO.01,False,0.0034834659,0.36682063,0.0011178793,0.03393492,0.07430237,0.024981318,0.054741364,0.0705049,0.33175954,0.0383536
99999E30485287,3,False,DO,DO.01,False,0.0,0.09556056,0.093491815,0.21323603,0.14564136,0.025975125,0.09585516,0.09703792,0.10212202,0.13108005
99999E30485301,3,False,DO,DO.01,False,0.0019112282,0.22499976,0.027693858,0.0785282,0.25353822,0.0,0.09568053,0.022994295,0.15601145,0.13864255
99999E30485319,6,False,DO,DO.01,False,0.0,0.007333538,0.0675556,0.006347684,0.019717462,0.012782649,0.048648663,0.090710096,0.55466163,0.19224267
99999E30485322,6,False,DO,DO.01,False,0.0,0.002602777,0.32685074,0.017452221,0.02383146,0.17457886,0.0644483,0.03617353,0.30200064,0.052061502
99999E30485344,3,False,DO,DO.01,False,0.02010823,0.065992296,0.3293363,0.05098799,0.15354815,0.06708892,0.026472759,0.0109457625,0.21620956,0.05931005
99999E30485393,3,False,DO,DO.01,False,0.0,0.36319625,0.0,0.0,0.0,0.039049894,0.0,0.5176531,0.0,0.08010069
99999E30485399,6,False,DO,DO.01,False,0.0,0.013672025,0.6198597,0.0068705045,0.059868507,0.0031022734,0.05714166,0.015387993,0.082312725,0.14178458
99999E30485428,6,False,DO,DO.01,False,0.0,0.13596539,0.21865886,0.033999026,0.087759405,0.0343228,0.041577,0.11111018,0.18104249,0.15556484
99999E30485544,3,False,DO,DO.01,False,0.0034674203,0.18575175,0.026050525,0.018593531,0.117733195,0.03823545,0.08848857,0.04703046,0.19064695,0.28400213
99999E30485559,6,False,DO,DO.01,False,0.084403075,0.15393013,0.24248096,0.024809975,0.09196129,0.048446327,0.064522676,0.14633274,0.10049723,0.0426156
99999E30485601,6,False,DO,DO.01,False,0.0045707067,0.2458919,0.07561868,0.17467289,0.082878545,0.021019623,0.107500166,0.07506915,0.13880876,0.07396967
99999E30485635,6,False,DO,DO.01,False,0.021732435,0.11264656,0.2926713,0.041356705,0.14965194,0.0123997405,0.12018264,0.029604295,0.104071975,0.11568245
99999E30485648,6,False,DO,DO.01,False,0.0,0.116012335,0.18173099,0.06280897,0.04627782,0.0060184756,0.18260463,0.02753502,0.29569075,0.08132105
99999E30594373,6,False,DO,DO.01,False,0.0,0.06786478,0.5036037,0.0038521714,0.05692645,0.048923936,0.13925646,0.027686544,0.10888409,0.04300186
99999E30594381,6,False,DO,DO.01,True,0.047607407,0.30587232,0.099492274,0.06623573,0.045828637,0.029754478,0.13884589,0.034801237,0.1812889,0.050273124
99999E30594392,6,False,DO,DO.01,False,0.0025253752,0.119452626,0.3666537,0.039254084,0.057978712,0.016738577,0.052823044,0.011927575,0.2576091,0.07503724
99999E30594394,6,False,82,82.11,False,0.010338673,0.051822513,0.6791419,0.0066380105,0.009313746,0.0038728626,0.03952837,0.028159805,0.08140132,0.08978286
99999E30594402,6,False,DO,DO.01,False,0.004444281,0.2658149,0.108800694,0.04667594,0.08383364,0.011033825,0.02165031,0.03428027,0.33348218,0.08998389
99999E30594417,3,False,DO,DO.01,False,0.0144836195,0.19212173,0.12995589,0.06814265,0.24318023,0.033890612,0.024524303,0.20375358,0.034582615,0.0553648
99999E30594428,3,False,DO,DO.01,False,0.0059770467,0.089388736,0.32958236,0.08086945,0.053924922,0.021485493,0.08517293,0.029112205,0.19453296,0.10995376
99999E30594440,3,False,DO,DO.01,False,0.0050466135,0.16321121,0.53581315,0.015798246,0.035098657,0.024889857,0.0586717,0.005249739,0.13965218,0.016568722
99999E30594453,4,False,DO,DO.01,False,0.0,0.18166791,0.39434794,0.028036881,0.16227975,0.0,0.030574316,0.023024553,0.18006861,0.0
99999E30594456,6,False,DO,DO.01,False,0.0,0.104861304,0.66568863,0.06438179,0.019365069,0.008893226,0.0019131588,0.03265612,0.08572275,0.016517982
99999E30594463,6,False,DO,DO.01,False,0.0,0.0058664586,0.25818485,0.008550926,0.043752376,0.04642471,0.03884321,0.025234807,0.44898432,0.12415832
99999E30594465,6,False,DO,DO.01,False,0.016048014,0.4136617,0.04640677,0.017793404,0.034993358,0.025285909,0.17567128,0.045220427,0.15503228,0.06988688
99999E30594468,6,False,DO,DO.01,False,0.0016166957,0.31431955,0.13668203,0.01155274,0.07091348,0.017628862,0.06559411,0.024569843,0.16567446,0.19144823
99999E30594475,6,False,DO,DO.01,False,0.0,0.19323763,0.14857753,0.10094792,0.19132417,0.04703571,0.06773943,0.0602159,0.08051422,0.110407464
99999E30594478,6,False,DO,DO.01,False,0.0,0.05877096,0.34290478,0.1466775,0.08862568,0.009105483,0.009573634,0.021540403,0.3080892,0.014712382
99999E30594480,3,False,DO,DO.01,False,0.0,0.024158955,0.37157357,0.0030137978,0.025680639,0.026459958,0.0051532346,0.07561844,0.34694365,0.12139775
99999E30594500,6,False,DO,DO.01,False,0.0,0.07876718,0.124982774,0.049248632,0.36209616,0.053690966,0.10456335,0.05997151,0.11415266,0.052526765
99999E30594511,3,False,DO,DO.01,False,0.0,0.0,0.3629993,0.0,0.17238963,0.10231254,0.05448493,0.3078136,0.0,0.0
99999E30594530,6,False,DO,DO.01,False,0.0028897852,0.066648975,0.34806082,0.06945443,0.10157346,0.002385058,0.028725792,0.024788836,0.26279965,0.092673145
99999E30601128,6,False,01,01.1,False,0.0055692447,0.2963762,0.15729992,0.039585106,0.08928451,0.026740527,0.085030146,0.028701987,0.10628292,0.16512947
99999E30601131,6,False,01,01.1,False,0.0030725112,0.171173,0.0,0.057589408,0.3617742,0.045094535,0.07347957,0.062133003,0.07756384,0.14811987
99999E30601137,3,False,01,01.4,False,0.0,0.0,0.0,0.0,0.0,0.0,0.0,1.0,0.0,0.0
99999E30601138,6,False,49,49.41,False,0.0,0.003277835,0.24002984,0.011794666,0.1869086,0.007235243,0.0133458655,0.055084243,0.35652685,0.12579684
99999E30601142,4,False,29,29.10,False,0.0,0.011993618,0.91052663,0.0,0.0,0.0127966255,0.015092397,0.028918518,0.019148609,0.0015236528
99999E30601147,5,False,70,70.22,False,0.0,0.0,0.295498,0.09240951,0.08727837,0.09489338,0.0,0.31974837,0.009706676,0.100465715
99999E30601152,6,False,DO,DO.01,False,0.0,0.35084376,0.0,0.06041369,0.007512034,0.005713378,0.3365074,0.0,0.18764216,0.051367506
99999E30601154,4,False,01,01.4,False,0.006215684,0.0,0.9837357,0.0,0.0,0.0,0.0,0.0,0.010048689,0.0
99999E30601155,4,False,49,49.4,False,0.0,0.008431019,0.92786527,0.0,0.017946731,0.0,0.0,0.0062083327,0.009066644,0.030481996
99999E30601156,3,False,55,55.20,False,0.0,0.33081865,0.25122938,0.0074843485,0.022453044,0.0,0.03844403,0.0,0.1275324,0.22203815
99999E30601158,3,False,01,01.4,False,0.0,0.0,0.0,0.0,0.0,0.0,0.0,1.0,0.0,0.0
99999E30601161,4,False,84,84.11,True,0.45167437,0.0,0.31292996,0.1541643,0.019522274,0.0,0.0040313755,0.05228662,0.0053911214,0.0
99999E30601165,4,False,56,56.10,False,0.0,0.045079794,0.1765383,0.0,0.028712457,0.0,0.100312084,0.04230962,0.08145303,0.5255947
99999E30601166,4,False,84,84.11,False,0.009762693,0.15194596,0.68694603,0.0,0.014966314,0.0061336816,0.026197283,0.015916066,0.08813204,0.0
99999E30601167,6,False,94,94.91,False,0.19299705,0.10262112,0.39113066,0.043028943,0.114247605,0.023907121,0.09139099,0.036471326,0.0042052553,0.0
99999E30601174,4,False,55,55.10,False,0.0,0.0,0.2236305,0.0,0.013691482,0.0,0.0,0.0,0.53646874,0.22620925
99999E30601175,5,False,41,41.20,False,0.00016386947,0.0015183006,0.4932722,0.1449743,0.22836381,0.01400415,0.00792593,0.06696576,0.022503626,0.020308109
99999E30601179,6,False,01,01.1,False,0.39295465,0.021905433,0.3834075,0.097661145,0.022065183,0.0071790568,0.03418428,0.011283777,0.019262,0.010097007
99999E30601183,2,False,49,49.3,False,0.0,0.0,1.0,0.0,0.0,0.0,0.0,0.0,0.0,0.0
99999E30601187,4,False,56,56.10,False,0.0031259228,0.0,0.87739015,0.021925488,0.02519837,0.0,0.0,0.0,0.07236008,0.0
99999E30601188,3,False,16,16.23,False,0.00018563989,0.0,0.0017005698,0.058346476,0.3831783,0.1450037,0.0,0.34137413,0.0,0.07021117
99999E30601191,5,False,96,96.21,False,0.0,0.0,0.02943035,0.003742127,0.3118395,0.38698754,0.0056037023,0.2545026,0.0031102162,0.004783926
99999E30601192,4,False,84,84.11,False,0.0,0.0,0.42570314,0.0,0.5380708,0.0,0.0,0.0,0.0033122378,0.032913886
99999E30601194,6,False,94,94.91,False,0.004845548,0.0034583143,0.20460065,0.1545365,0.16421457,0.20448992,0.14959978,0.069999926,0.04225526,0.0019994394
99999E30601195,6,False,84,84.11,False,0.197192,0.5490379,0.0,0.0,0.0,0.20841533,0.02818894,0.00965172,0.0,0.0075141485
99999E30601202,2,False,36,36.00,False,0.0,0.0,1.0,0.0,0.0,0.0,0.0,0.0,0.0,0.0
99999E30601204,3,False,49,49.4,False,0.0073794993,0.17630021,0.36141658,0.012479951,0.09256396,0.012739588,0.0,0.013126162,0.2178712,0.10612285
99999E30601206,4,False,84,84.11,False,0.0,0.0,0.8573974,0.063544005,0.043219123,0.0,0.0,0.002240797,0.033598814,0.0
99999E30601208,1,False,IL,IL.01,False,1.0,0.0,0.0,0.0,0.0,0.0,0.0,0.0,0.0,0.0
99999E30601209,5,False,43,43.99,False,0.0,0.007472288,0.2510359,0.013698519,0.35218996,0.11945074,0.0,0.1669302,0.038036276,0.051186096
99999E30601210,4,False,56,56.30,False,0.0,0.0,0.33734134,0.002642822,0.29345858,0.0,0.0,0.0,0.34395462,0.022602621
99999E30601211,4,False,47,47.11,False,0.0,0.0,0.95300436,0.0,0.013471114,0.0,0.0,0.0,0.033524532,0.0
99999E30601212,1,False,74,74.90,False,0.8904348,0.0,0.09175129,0.0012936003,0.0,0.0,0.0,0.005423689,0.0,0.011096665
99999E30601214,4,False,94,94.91,False,0.0,0.0,0.90816337,0.0,0.059913553,0.0,0.0,0.027065195,0.0048578554,0.0
99999E30601215,1,False,IL,IL.01,False,1.0,0.0,0.0,0.0,0.0,0.0,0.0,0.0,0.0,0.0
99999E30601217,1,False,IL,IL.01,False,0.99725413,0.0027458747,0.0,0.0,0.0,0.0,0.0,0.0,0.0,0.0
99999E30601219,5,False,01,01.41,False,0.0,0.0,0.018063335,0.011940983,0.15411638,0.66961914,0.01531179,0.10254345,0.0008880156,0.027517004
99999E30601220,3,False,01,01.1,False,0.0,0.08652279,0.1832159,0.0,0.20215075,0.09590045,0.0058778655,0.3443263,0.0,0.08200595
99999E30601221,5,False,16,16.23,False,0.0,0.0,0.30519238,0.035456583,0.37954783,0.041491162,0.02628976,0.12305817,0.05373117,0.035233002
99999E30601223,5,False,81,81.30,False,0.0,0.013495952,0.044349518,0.13879414,0.39543116,0.15297921,0.14154896,0.048701607,0.016601687,0.04809788
99999E30601224,4,False,27,27.52,False,0.0,0.0,0.12824632,0.0,0.709208,0.012657244,0.0,0.08296018,0.06556291,0.0013653903
99999E30601225,5,False,81,81.30,True,0.033093188,0.029545054,0.05532808,0.115642816,0.33834898,0.13472211,0.13651322,0.087491624,0.021301726,0.04801321
99999E30601226,5,False,81,81.30,False,0.005991797,0.004333551,0.20480451,0.15328829,0.25394386,0.06728059,0.010236909,0.2839692,0.0025758096,0.013575511
99999E30601227,6,False,01,01.1,False,0.042457182,0.02730488,0.7247928,0.0034263483,0.033923384,0.0043646037,0.002137552,0.056903936,0.06563613,0.039053213
99999E30601229,3,False,49,49.4,False,0.0,0.02782176,0.6977047,0.0,0.041969426,0.028798485,0.041599452,0.017018631,0.0945348,0.05055273
99999E30601230,4,False,94,94.91,False,0.0,0.02895448,0.23336238,0.0040969253,0.030105103,0.0013201359,0.0,0.0046093026,0.6607741,0.036777534
99999E30601231,4,False,56,56.10,False,0.0,0.39644846,0.116832346,0.0,0.015996855,0.0,0.0077659604,0.0011779655,0.25354493,0.20823345
99999E30601235,6,False,01,01.1,False,0.0,0.20661357,0.28889775,0.055335686,0.11832445,0.0004745512,0.11886528,0.04140949,0.043307696,0.12677146
99999E30601236,3,False,01,01.4,False,0.0,0.11502324,0.20777082,0.0,0.019026242,0.02341938,0.0,0.09016087,0.35230613,0.19229332
99999E30601237,6,False,01,01.4,False,0.051329803,0.16295311,0.15717503,0.0939108,0.07143798,0.1369844,0.04064464,0.094482094,0.18464653,0.006435615
99999E30601239,2,False,61,61.10,False,0.0,0.0,1.0,0.0,0.0,0.0,0.0,0.0,0.0,0.0
99999E30601240,2,False,43,43.21,False,0.0,0.0,1.0,0.0,0.0,0.0,0.0,0.0,0.0,0.0
99999E30601243,2,False,60,60.10,False,0.0,0.0,1.0,0.0,0.0,0.0,0.0,0.0,0.0,0.0
99999E30601244,2,False,60,60.10,False,0.0,0.0,0.99790746,0.0,0.0,0.0,0.0,0.0,0.0020925873,0.0
99999E30601245,2,False,60,60.10,False,0.0,0.0,1.0,0.0,0.0,0.0,0.0,0.0,0.0,0.0
99999E30601246,2,False,60,60.10,False,0.0,0.0,0.9980825,0.0,0.0,0.0,0.0,0.0,0.0019175003,0.0
99999E30601247,2,False,61,61.10,False,0.0,0.0,0.9779983,0.0,0.0,0.0,0.0,0.0,0.022001665,0.0
99999E30601248,2,False,61,61.10,False,0.0,0.0,1.0,0.0,0.0,0.0,0.0,0.0,0.0,0.0
99999E30601249,2,False,61,61.10,False,0.0,0.0,1.0,0.0,0.0,0.0,0.0,0.0,0.0,0.0
99999E30601252,6,False,96,96.0,False,0.01808893,0.16411224,0.076382294,0.065061115,0.2344589,0.07240121,0.07537618,0.08613242,0.112889186,0.09509754
99999E30601254,4,False,94,94.91,False,0.00640307,0.1699748,0.54671764,0.0,0.027839439,0.0820699,0.05495279,0.016741283,0.08165984,0.013641324
99999E30601256,5,False,43,43.91,False,0.08758448,0.0,0.30573902,0.039843705,0.25498238,0.071117386,0.0033673148,0.21290295,0.0,0.024462754
99999E30601262,6,False,96,96.02,False,0.0,0.0043677,0.17282265,0.025816562,0.018807292,0.54817456,0.03150609,0.18093798,0.0021492853,0.015417876
99999E30601263,6,False,DO,DO.02,False,0.007253726,0.13136289,0.5570945,0.05029282,0.015018279,0.009117568,0.029350976,0.047362965,0.1284606,0.024685657
99999E30601267,4,False,55,55.10,False,0.0,0.0,0.9145889,0.0,0.009440224,0.0,0.0,0.0,0.02593453,0.05003631
99999E30601269,4,False,47,47.30,False,0.0,0.0,0.87195677,0.0,0.008010715,0.0,0.0,0.0,0.10716341,0.012869187
99999E30601270,5,False,28,28.29,False,0.022961564,0.14318803,0.18835482,0.0028460235,0.30147955,0.0054188906,0.007577666,0.05239842,0.22250098,0.053274043
99999E30601271,5,False,47,47.79,False,0.0023852177,0.00087671546,0.03603576,0.0069789896,0.7765735,0.057639256,0.0016354577,0.06671062,0.04701866,0.004145834
99999E30601272,6,False,DO,DO.02,False,0.0,0.009458026,0.23759088,0.007856423,0.09508117,0.11540768,0.009411889,0.08677656,0.276873,0.1615444
99999E30601273,1,False,IL,IL.01,False,1.0,0.0,0.0,0.0,0.0,0.0,0.0,0.0,0.0,0.0
99999E30601275,6,False,49,49.41,False,0.37051624,0.010859866,0.07986822,0.056567043,0.22751485,0.021367554,0.006655183,0.024406578,0.008422087,0.1938225
99999E30601278,6,False,84,84.11,True,0.17552297,0.2679865,0.033265937,0.07654948,0.09089721,0.12378859,0.12671444,0.05919847,0.023391994,0.022684475
99999E30601281,2,False,47,47.11,True,0.0,0.0,0.95944273,0.0,0.0,0.0,0.0,0.0,0.040557258,0.0
99999E30601287,5,False,16,16.23,False,0.0,0.0022230707,0.048795354,0.063279904,0.72439975,0.00094288937,0.0,0.14236785,0.009142361,0.008848872
99999E30601288,6,False,86,86.90,False,0.0034400974,0.02387756,0.8579891,0.00691757,0.013326519,0.009731235,0.016974615,0.019811029,0.03639077,0.01154147
99999E30601289,4,False,56,56.10,False,0.0,0.0039219228,0.082181364,0.0,0.035426814,0.0,0.003346593,0.0,0.8160882,0.059035137
99999E30601291,4,False,94,94.91,False,0.3812759,0.03374878,0.58497536,0.0,0.0,0.0,0.0,0.0,0.0,0.0
99999E30601292,6,False,52,52.10,False,0.0,0.18702854,0.06888609,0.07293294,0.1049869,0.011162805,0.14270122,0.03378416,0.31008595,0.06843141
99999E30601293,3,False,01,01.1,False,0.0,0.04159178,0.42644975,0.065903574,0.03689339,0.029766971,0.18544446,0.11771198,0.020811655,0.07542648
99999E30601295,3,False,01,01.4,False,0.009073962,0.0,0.4761369,0.07718144,0.058734566,0.013241655,0.0152815385,0.04264411,0.15889987,0.14880598
99999E30601298,1,False,IL,IL.01,False,0.9785093,0.010702851,0.010787893,0.0,0.0,0.0,0.0,0.0,0.0,0.0
99999E30601299,6,False,84,84.11,False,0.0,0.12065227,0.15725759,0.0,0.092187285,0.13584806,0.35716802,0.06664143,0.047855586,0.02238975
99999E30601300,4,False,47,47.11,False,0.0,0.0,0.95030457,0.0,0.02514711,0.0,0.0,0.0,0.024548242,0.0
99999E30601302,6,False,55,55.10,False,0.01130864,0.49638218,0.35622215,0.09617134,0.015429584,0.010541952,0.0,0.013944128,0.0,0.0
99999E30601303,4,False,56,56.10,False,0.0,0.0,0.6570986,0.0,0.0,0.0,0.27287677,0.0,0.065692216,0.004332446
99999E30601305,4,False,IL,IL.01,False,0.8408377,0.0,0.15916231,0.0,0.0,0.0,0.0,0.0,0.0,0.0
99999E30601306,1,False,IL,IL.01,False,1.0,0.0,0.0,0.0,0.0,0.0,0.0,0.0,0.0,0.0
99999E30601308,6,False,74,74.90,False,0.0,0.005079452,0.092734054,0.0,0.22230385,0.012304534,0.05718762,0.0030505904,0.0118034,0.59553653
99999E30601310,6,False,01,01.4,False,0.0016198809,0.010130633,0.007488897,0.04541636,0.01538317,0.007866055,0.8628409,0.009206459,0.02627897,0.013768717
99999E30601311,3,False,52,52.10,False,0.016774418,0.02354927,0.34708235,0.04594786,0.17669116,0.10531619,0.03818893,0.06553281,0.12338765,0.057529416
99999E30601313,4,False,01,01.4,False,0.0,0.0,0.983312,0.0,0.0,0.0,0.0,0.0,0.009612687,0.007075328
99999E30601314,6,False,55,55.10,False,0.0,0.00648681,0.16706446,0.035238232,0.044590827,0.044992402,0.037622586,0.0011385572,0.6626882,0.00017797088
99999E30601317,4,False,64,64.19,False,0.008711831,0.0,0.97366756,0.017620666,0.0,0.0,0.0,0.0,0.0,0.0
99999E30601320,6,False,84,84.11,False,0.0,0.033580415,0.8330842,0.002130894,0.014552219,0.01682492,0.0104368925,0.031243797,0.041485548,0.016661102
99999E30601325,4,False,70,70.2,False,0.0,0.09678891,0.79818743,0.053751823,0.020991351,0.0,0.010128123,0.0032151595,0.016937131,0.0
99999E30601329,5,False,16,16.23,True,0.023776606,0.01341555,0.05218264,0.030997748,0.64790237,0.017840955,0.007056101,0.18343045,0.01384764,0.009549954
99999E30601337,4,False,DO,DO.02,False,0.0,0.19415925,0.69972867,0.0,0.030114954,0.010240801,0.0,0.0,0.06575637,0.0
99999E30601338,4,False,47,47.11,False,0.0,0.0,0.9564988,0.0,0.003258512,0.0,0.0,0.0,0.04024267,0.0
99999E30601339,5,False,94,94.99,False,0.0,0.0032741525,0.23881409,0.006794444,0.07941228,0.028087517,0.0,0.2670748,0.025170336,0.35137245
99999E30601342,2,False,56,56.30,False,0.0,0.0,1.0,0.0,0.0,0.0,0.0,0.0,0.0,0.0
99999E30601343,4,False,84,84.11,False,0.0,0.03140359,0.08613346,0.094954446,0.10887805,0.0,0.07978647,0.0,0.58538425,0.013459733
99999E30601344,4,False,84,84.11,False,0.0,0.0017580143,0.28356415,0.0,0.5440457,0.041840322,0.0,0.05902863,0.05507467,0.0146885365
99999E30601345,4,False,84,84.11,False,0.0059776977,0.16086663,0.4599817,0.017316908,0.0037148134,0.0,0.010630952,0.0,0.2709441,0.07056729
99999E30601346,4,False,84,84.11,False,0.3992733,0.0926524,0.5080743,0.0,0.0,0.0,0.0,0.0,0.0,0.0
99999E30601347,6,False,43,43.22,False,0.0,0.049179982,0.011892862,0.016061118,0.1799015,0.22638543,0.08419213,0.15617636,0.020971544,0.2552391
99999E30601348,2,False,64,64.19,False,0.0,0.0,1.0,0.0,0.0,0.0,0.0,0.0,0.0,0.0
99999E30601349,6,False,94,94.91,False,0.0,0.27215323,0.030864233,0.04251443,0.04433631,0.4775327,0.03119208,0.073273286,0.01315828,0.014975477
99999E30601350,4,False,94,94.91,True,0.34479016,0.22707416,0.27797732,0.011371248,0.0,0.027557293,0.0221811,0.0,0.089048766,0.0
99999E30601351,1,False,IL,IL.01,False,0.9871028,0.005388791,0.0075083976,0.0,0.0,0.0,0.0,0.0,0.0,0.0
99999E30601352,2,False,56,56.30,False,0.0,0.0,0.98222876,0.0,0.0,0.0,0.0,0.0,0.017771257,0.0
99999E30601355,4,False,84,84.24,False,0.014728535,0.022024672,0.79106957,0.0,0.018096084,0.0,0.0,0.026716242,0.10545644,0.02190855
99999E30601356,4,False,84,84.11,False,0.0,0.009996627,0.80583376,0.0,0.0040308004,0.0,0.0,0.0,0.18013872,0.0
99999E30601357,4,False,84,84.11,False,0.9892432,0.01075677,0.0,0.0,0.0,0.0,0.0,0.0,0.0,0.0
99999E30601359,6,False,43,43.22,False,0.013279474,0.056058813,0.13137744,0.06374874,0.2656608,0.074477434,0.041726235,0.11218632,0.09001995,0.15146482
99999E30601360,4,False,84,84.11,False,0.0,0.0,0.946277,0.003662798,0.015157701,0.0,0.0,0.0,0.008877558,0.026024822
99999E30601363,4,False,90,90.01,False,0.010774453,0.35992962,0.6089087,0.0,0.00890262,0.0,0.0,0.0,0.0074619674,0.004022665
99999E30601366,6,False,16,16.23,False,0.01557143,0.0017429481,0.54450685,0.0,0.004390256,0.22608995,0.19503343,0.007843266,0.002195128,0.0026267543
99999E30601367,5,False,46,46.73,False,0.0013113352,0.0,0.013380291,0.009429293,0.96659774,0.0,0.0,0.008721229,0.0005600788,0.0
99999E30601368,1,False,46,46.73,False,0.9904662,0.0,0.009533865,0.0,0.0,0.0,0.0,0.0,0.0,0.0
99999E30601369,5,False,51,51.10,False,0.0,0.0093397135,0.54999405,0.06449714,0.083495274,0.047012843,0.06838352,0.04725187,0.10572467,0.02430096
99999E30601372,3,False,01,01.1,False,0.0,0.0,0.0,0.0,0.5463414,0.2865854,0.0,0.0,0.0,0.16707316
99999E30601374,4,False,56,56.10,False,0.0,0.029598521,0.1695646,0.0,0.039030004,0.020158328,0.0016401443,0.0983779,0.5610747,0.08055588
99999E30601376,4,False,DO,DO.02,False,0.0,0.005170441,0.6690251,0.043308586,0.07703731,0.0,0.016302047,0.034404736,0.07920669,0.075544976
99999E30601381,6,False,47,47.73,True,0.37002477,0.012087046,0.43494242,0.06664732,0.0026156728,0.00120233,0.0016379912,0.0005856543,0.109838136,0.00041861672
99999E30601382,4,False,71,71.12,False,0.0,0.006011327,0.37676078,0.0,0.14260706,0.0,0.0,0.0038372197,0.46283817,0.007945478
99999E30601383,5,False,96,96.02,False,0.0,5.0400304e-05,0.0098708235,0.0003589113,0.48900968,0.22959171,0.0,0.26141262,0.0,0.009705877
99999E30601384,4,False,84,84.12,False,0.0,0.0,0.3000595,0.0,0.63045686,0.03666601,0.0,0.0,0.030649707,0.0021678475
99999E30601385,4,False,91,91.04,False,0.0,0.031601757,0.80129004,0.0,0.049334686,0.0,0.0,0.00425155,0.113521986,0.0
99999E30601386,3,False,43,43.12,False,0.0,0.5125743,0.0,0.0,0.0,0.0,0.0,0.48742574,0.0,0.0
99999E30601391,5,False,16,16.23,False,0.008904619,0.013424155,0.028307503,0.09036372,0.5091347,0.09096487,0.0033754718,0.21823008,0.022648104,0.014646852
99999E30601393,3,False,49,49.4,False,0.0,0.0,0.49074507,0.0,0.011365686,0.042576224,0.021612843,0.049900774,0.0,0.3837994
99999E30601394,6,False,01,01.1,False,0.0,0.794177,0.028990895,0.0,0.03177431,0.0055461735,0.03795566,0.022065924,0.07192985,0.007560148
99999E30601397,6,False,DO,DO.01,False,0.0027435238,0.16337973,0.209101,0.06213711,0.14842217,0.054184597,0.082439594,0.05137928,0.14469616,0.08151685
99999E30601402,6,False,94,94.91,False,0.014440342,0.0,0.56794983,0.026822822,0.18399206,0.009613446,0.0023554454,0.09088388,0.009174637,0.09476759
99999E30601404,6,False,82,82.99,False,0.0,0.25174823,0.31829062,0.019945696,0.1195781,0.03153707,0.018502146,0.02048781,0.111444846,0.10846557
99999E30601405,4,False,84,84.11,False,0.0,0.0,0.67815673,0.0,0.033219032,0.083762795,0.0,0.0,0.2013342,0.0035271978
99999E30601406,4,False,55,55.10,False,0.0,0.0,0.072100796,0.0,0.041659936,0.0,0.0,0.0032105634,0.50398684,0.37904182
99999E30601408,5,False,16,16.10,False,0.019432664,0.0,0.004245318,0.012445147,0.77824885,0.009757159,0.0,0.1742982,0.000675427,0.00089718564
99999E30601409,4,False,47,47.11,True,0.05672181,0.0,0.60996896,0.08580056,0.0,0.0,0.013102583,0.0,0.23440611,0.0
99999E30601411,6,False,96,96.0,False,0.006488465,0.1624953,0.51838183,0.015525818,0.05078152,0.041040286,0.062130995,0.059051007,0.076144546,0.007960208
99999E30601419,4,False,43,43.12,False,0.16936849,0.010975949,0.7590728,0.001959991,0.0,0.0017829593,0.0023014087,0.009028602,0.03616499,0.009344729
99999E30601421,4,False,47,47.11,False,0.0,0.0,0.9372355,0.0,0.0029721626,0.0,0.0,0.0,0.059792355,0.0
99999E30601422,6,False,84,84.11,False,0.12668742,0.0,0.21594039,0.0013888644,0.14395534,0.29369318,0.0,0.035084303,0.0150593,0.16819116
99999E30601425,4,False,91,91.04,False,0.0,0.0,0.6462189,0.0018287224,0.052925657,0.26505497,0.0,0.0023576685,0.023232212,0.00838188
99999E30601426,4,False,91,91.04,False,0.0,0.0,0.99364734,0.003905335,0.0024473432,0.0,0.0,0.0,0.0,0.0
99999E30601427,4,False,64,64.19,False,0.0,0.0,0.7859141,0.0,0.01122917,0.0,0.0,0.19817443,0.002281821,0.0024004525
99999E30601428,5,False,96,96.02,False,0.0,0.00024520644,0.026636789,0.010047793,0.15685982,0.5613555,0.09616202,0.07040685,0.010302923,0.06798312
99999E30601432,5,False,43,43.32,False,0.0,0.0,0.008187889,0.15438649,0.5540967,0.026119253,0.0,0.24361305,0.0029149142,0.010681824
99999E30601437,4,False,47,47.11,True,0.06864227,0.0277256,0.64313287,0.0,0.0033980028,0.0,0.0025116086,0.0,0.24193674,0.012652902
99999E30601439,1,False,IL,IL.01,False,0.99787426,0.0,0.0021257263,0.0,0.0,0.0,0.0,0.0,0.0,0.0
99999E30601441,6,False,94,94.99,False,0.006954289,0.101720475,0.34425884,0.00972911,0.21878001,0.032651547,0.007031846,0.022650987,0.16429183,0.091931045
99999E30601444,6,False,94,94.91,False,0.011845041,0.031075893,0.8160831,0.0010842761,0.058707923,0.035952084,0.0002817548,0.031416964,0.013553015,0.0
99999E30601447,6,False,84,84.11,False,0.0030250342,0.004362197,0.6588651,0.006410933,0.011646518,0.2417062,0.020033067,0.014036484,0.038026877,0.0018875998
99999E30601449,3,False,84,84.11,False,0.0,0.92541933,0.0,0.0,0.0,0.0,0.033813436,0.040767215,0.0,0.0
99999E30601452,6,False,94,94.91,False,0.0,0.05550154,0.71023667,0.017878698,0.021706332,0.0052827555,0.009449873,0.04168414,0.13193455,0.0063253986
99999E30601454,5,False,84,84.11,False,0.0,0.0,0.3235476,0.030902348,0.47589618,0.0,0.0,0.09394314,0.0,0.07571075
99999E30601455,6,False,01,01.1,False,0.012225351,0.020831605,0.576634,0.0060488465,0.15628171,0.025582597,0.0020212466,0.10548034,0.046269525,0.04862481
99999E30601456,1,False,84,84.11,False,0.949934,0.0,0.03310723,0.0,0.013543062,0.0,0.0,0.0034157103,0.0,0.0
99999E30601458,2,False,36,36.00,False,0.0,0.0,1.0,0.0,0.0,0.0,0.0,0.0,0.0,0.0
99999E30601468,3,False,DO,DO.01,False,0.030529348,0.21087591,0.023950554,0.01789686,0.044385955,0.09716681,0.07266774,0.2600814,0.0,0.24244542
99999E30601474,2,False,84,84.11,False,0.0,0.0,1.0,0.0,0.0,0.0,0.0,0.0,0.0,0.0
99999E30601478,2,False,61,61.10,False,0.0,0.0,0.9999916,0.0,0.0,0.0,0.0,0.0,0.0,8.433087e-06
99999E30601480,2,False,61,61.10,False,0.0,0.0,1.0,0.0,0.0,0.0,0.0,0.0,0.0,0.0
99999E30601482,2,False,61,61.20,False,0.0,0.0,1.0,0.0,0.0,0.0,0.0,0.0,0.0,0.0
99999E30601494,4,False,55,55.10,False,0.0,2.9715387e-05,0.20059758,0.0,0.005807352,0.0,0.0049670106,0.0,0.51649517,0.27210322
99999E30601498,6,False,49,49.31,False,0.0,0.0,0.9668566,0.0,0.0,0.0,0.007638666,0.023005947,0.0,0.0024987818
99999E30601502,6,False,36,36.00,False,0.00389625,0.023493065,0.837854,0.014901032,0.033020247,0.007925755,0.007951698,0.006089659,0.026427044,0.038441267
99999E30604264,4,False,94,94.91,False,0.0,0.014564097,0.8596739,0.0,0.036481805,0.0071942513,0.003767807,0.008779729,0.06095183,0.008586617
99999E30604268,1,False,IL,IL.01,False,0.99594784,0.0,0.0040521948,0.0,0.0,0.0,0.0,0.0,0.0,0.0
99999E30617066,4,False,IL,IL.01,False,0.0,0.0,0.06886755,0.0,0.30325732,0.0,0.0,0.03138926,0.38628998,0.21019593
99999E30617068,4,False,61,61.10,False,0.0,0.0,1.0,0.0,0.0,0.0,0.0,0.0,0.0,0.0
99999E30617070,1,False,IL,IL.01,False,0.9728085,0.0010637112,0.026127812,0.0,0.0,0.0,0.0,0.0,0.0,0.0
99999E30617072,2,False,61,61.90,False,0.0,0.0012420497,0.99875796,0.0,0.0,0.0,0.0,0.0,0.0,0.0
99999E30617074,4,False,55,55.10,False,0.0,0.0,0.61388695,0.0,0.0014872326,0.0,0.0,0.0,0.28948793,0.09513786
99999E30617076,2,False,61,61.10,False,0.0,0.0,1.0,0.0,0.0,0.0,0.0,0.0,0.0,0.0
99999E30617084,1,False,IL,IL.01,False,0.99438506,0.0,0.0056149387,0.0,0.0,0.0,0.0,0.0,0.0,0.0
99999E30617089,2,False,35,35.13,False,0.0,0.0,1.0,0.0,0.0,0.0,0.0,0.0,0.0,0.0
99999E30629011,6,False,36,36.00,False,0.0033829426,0.052097317,0.57216203,0.01900405,0.013544536,0.028663522,0.12656885,0.03672301,0.005595685,0.14225805
99999E30639921,1,False,84,84.11,False,1.0,0.0,0.0,0.0,0.0,0.0,0.0,0.0,0.0,0.0
99999E30639923,4,False,94,94.91,False,0.0,0.0,0.58132297,0.0,0.29786512,0.005440288,0.0,0.112707764,0.0,0.002663865
99999E30639924,1,False,IL,IL.01,False,1.0,0.0,0.0,0.0,0.0,0.0,0.0,0.0,0.0,0.0
99999E30639925,1,False,IL,IL.01,False,0.9985128,0.0014871826,0.0,0.0,0.0,0.0,0.0,0.0,0.0,0.0
99999E30639926,2,False,84,84.11,False,0.0001973228,0.0,0.9979581,0.0,0.00030885302,0.0,0.0,0.0,0.0015356861,0.0
99999E30639927,4,False,84,84.11,False,0.0019052197,0.0,0.9454184,0.0031986644,0.021370357,0.0,0.0,0.0028435697,0.012824584,0.012439162
99999E30639928,6,False,49,49.4,False,0.022578232,0.124672994,0.44741312,0.009379563,0.06514641,0.043569457,0.02727593,0.07827384,0.030683443,0.15100703
99999E30639929,1,False,IL,IL.01,False,1.0,0.0,0.0,0.0,0.0,0.0,0.0,0.0,0.0,0.0
99999E30639931,4,False,47,47.11,False,0.0,0.0,0.2652769,0.0,0.06939708,0.0,0.0,0.0,0.66047144,0.004854538
99999E30639932,4,False,84,84.11,True,0.6819324,0.011990713,0.30341563,0.0,0.0,0.0,0.0,0.0,0.0026612876,0.0
99999E30639934,6,False,94,94.91,False,0.45586312,0.0104912855,0.33941352,0.097607546,0.062066823,0.004317939,0.0018837787,0.017698726,0.0015248961,0.009132355
99999E30639935,6,False,84,84.11,False,0.0,0.09371487,0.5362259,0.002764804,0.29602057,0.0105239125,0.023962464,0.017443694,0.019343682,0.0
99999E30639936,1,False,IL,IL.01,False,1.0,0.0,0.0,0.0,0.0,0.0,0.0,0.0,0.0,0.0
99999E30639937,2,False,84,84.11,False,0.0,0.0,0.9960747,0.0,0.0,0.0,0.0,0.0,0.003925346,0.0
99999E30639938,2,False,61,61.90,False,0.0,0.0013591122,0.9973168,0.0,0.0,0.0,0.0,0.0,0.0013241397,0.0
99999E30639939,2,False,61,61.10,False,0.0,0.0,1.0,0.0,0.0,0.0,0.0,0.0,0.0,0.0
99999E30639940,1,False,IL,IL.01,False,0.9991452,0.00084751647,7.2792827e-06,0.0,0.0,0.0,0.0,0.0,0.0,0.0
99999E30639943,6,False,01,01.4,False,0.0,0.037544,0.24806969,0.12363832,0.34640434,0.029766347,0.011798518,0.0154442135,0.113556676,0.073777914
99999E30639944,4,False,43,43.22,False,0.0,0.024399724,0.3220456,0.104037724,0.04189144,0.0,0.045986105,0.0015765473,0.36436984,0.095693015
99999E30639945,4,False,56,56.10,False,0.0,0.04325078,0.059544675,0.0,0.0057168137,0.0,0.0,0.0028902742,0.4227552,0.46584222
99999E30639947,3,False,96,96.0,False,0.0,0.0,0.0,0.0,0.29743317,0.2326012,0.0,0.2923172,0.0,0.1776484
99999E30639948,6,False,43,43.12,False,0.039879203,0.02438141,0.50169414,0.044649977,0.08624504,0.014115249,0.014115248,0.14333208,0.016747003,0.11484072
99999E30639950,6,False,94,94.91,False,0.0,0.038634878,0.54882073,0.1709678,0.08771781,0.021887274,0.011189173,0.09615036,0.010975271,0.013656573
99999E30639951,4,False,84,84.11,False,0.0,0.004195835,0.87984776,0.0,0.007896773,0.0,0.0,0.0,0.10805967,0.0
99999E30639953,3,False,52,52.10,False,0.0,0.0,0.0,0.0,0.0,0.0,0.0,1.0,0.0,0.0
99999E30639954,4,False,84,84.11,False,0.0058658402,0.0,0.94651634,0.008008752,0.0014212817,0.0,0.0022662363,0.0036582137,0.027915245,0.0043480964
99999E30639955,1,False,IL,IL.01,False,1.0,0.0,0.0,0.0,0.0,0.0,0.0,0.0,0.0,0.0
99999E30639960,5,False,01,01.4,False,4.8291953e-05,0.0,0.0003937652,0.0015453425,0.14746876,0.6328549,0.012173286,0.2019458,0.0,0.0035698898
99999E30656667,6,False,DO,DO.01,False,0.0,0.1933029,0.17010143,0.17793584,0.07012933,0.002542158,0.035644732,0.11582351,0.15925954,0.07526056
99999E30656670,2,False,61,61.10,False,0.0,0.0,1.0,0.0,0.0,0.0,0.0,0.0,0.0,0.0
99999E30656702,6,False,DO,DO.01,False,0.021477168,0.055615053,0.2192159,0.09132183,0.13884339,0.005093684,0.039456554,0.019281304,0.0951916,0.3145035
99999E30663115,3,False,52,52.10,False,0.0,0.08629131,0.24490935,0.0,0.0,0.46149996,0.10498498,0.10231446,0.0,0.0
99999E30663127,5,False,DO,DO.01,False,0.0,0.0,0.5014436,0.048580904,0.1656686,0.0056374017,0.010965499,0.026302945,0.20891064,0.03249037
99999E30663144,4,False,87,87.30,True,0.0,0.0,0.08997881,0.09505291,0.5880378,0.0,0.0,0.0,0.2269305,0.0
99999E30663276,3,False,DO,DO.01,False,0.0,0.06018834,0.82140946,0.043566465,0.032817297,0.0,0.012535674,0.0,0.022683714,0.006799091
99999E30663278,5,False,53,53.10,False,0.0,0.0,0.74334824,0.0074706534,0.14971969,0.0,0.017384062,0.0062228716,0.052214667,0.023639834
99999E30663298,2,False,61,61.10,False,0.0,0.0,1.0,0.0,0.0,0.0,0.0,0.0,0.0,0.0
99999E30663378,2,False,61,61.10,False,0.0,0.0,0.9933026,0.0,0.0,0.0,0.0,0.0,0.006697408,0.0
99999E30664710,3,False,DO,DO.01,False,0.003237094,0.34079713,0.020337,0.011979078,0.093107596,0.0058584698,0.06129142,0.010875661,0.37107095,0.08144553
99999E30684619,6,False,DO,DO.01,False,0.0061032097,0.25606224,0.059703276,0.04334003,0.24294224,0.025554262,0.057275623,0.019455312,0.09555804,0.19400585
99999E30685539,5,False,52,52.10,False,0.0024388672,0.0,0.18777868,0.0105623845,0.68113863,0.017853314,0.0019083066,0.060865972,0.025886223,0.01156763
99999E30685810,6,False,DO,DO.01,False,0.010222765,0.14141557,0.51409066,0.019243974,0.05590098,0.0212027,0.0028513123,0.13666846,0.06614282,0.032260835
99999E30685840,6,False,DO,DO.01,False,0.0693784,0.011665698,0.39314428,0.15206458,0.06811263,0.03677603,0.037220757,0.11915432,0.009818343,0.102664985
99999E30688135,6,False,DO,DO.01,False,0.0,0.19173838,0.63208646,0.004586453,0.031627104,0.014730433,0.023511173,0.018024612,0.05528394,0.028411359
99999E30689635,4,False,DO,DO.01,False,0.022329362,0.15330376,0.58579654,0.0036337909,0.0,0.005101638,0.012488874,0.0053823376,0.19742091,0.014542816
99999E30695836,4,False,DO,DO.01,False,0.0,0.030531025,0.45847207,0.060274597,0.048845924,0.0,0.01169562,0.0025230502,0.33703002,0.05062774
99999E30696587,3,False,DO,DO.01,False,0.0018260814,0.31185064,0.11341383,0.18160853,0.0,0.061921477,0.15524055,0.00854008,0.059749074,0.10584976
99999E30708004,4,False,DO,DO.01,False,0.0,0.11779405,0.557255,0.0,0.033417676,0.007213969,0.010190048,0.119217396,0.089528486,0.065383255
99999E30708610,3,False,94,94.91,False,0.018530656,0.046880648,0.3447048,0.017572321,0.042428795,0.0,0.0,0.0,0.5198832,0.009999586
99999E30711382,2,False,62,62.02,False,0.0,0.0,1.0,0.0,0.0,0.0,0.0,0.0,0.0,0.0
99999E30713153,2,False,64,64.19,False,0.0,0.0,1.0,0.0,0.0,0.0,0.0,0.0,0.0,0.0
99999E30713594,6,False,DO,DO.01,False,0.01123998,0.21721438,0.1487863,0.0393874,0.07424001,0.030700874,0.05999004,0.079404704,0.19971831,0.13931797
99999E30715817,4,False,36,36.00,False,0.0061233384,0.0,0.98969406,0.0,0.0,0.0,0.0,0.004182526,0.0,0.0
99999E30715855,6,False,01,01.41,True,0.0,0.020058077,0.00801935,0.0021256872,0.0,0.017409816,0.9461908,0.0,0.006196321,0.0
99999E30722932,3,False,DO,DO.01,False,0.0,0.08927708,0.0,0.028646084,0.20566791,0.09187393,0.118165106,0.0,0.0,0.46636987
99999E30730075,6,False,55,55.20,False,0.0,0.0,0.2752007,0.0054468247,0.11552332,0.04487612,0.019560536,0.035205826,0.4793338,0.024852928
99999E30730494,6,False,96,96.0,False,0.103547476,0.01963553,0.8049202,0.010377586,0.009569883,0.01743802,0.0,0.005222215,0.012800693,0.016488273
99999E30734226,3,False,DO,DO.01,False,0.0,0.0,0.0,0.0,0.0,0.0,1.0,0.0,0.0,0.0
99999E30734315,6,False,94,94.99,False,0.0,0.14485823,0.1732565,0.0,0.0,0.12217932,0.02842667,0.07199625,0.0,0.459283
99999E30737010,4,False,84,84.11,False,0.008446472,0.0,0.99155354,0.0,0.0,0.0,0.0,0.0,0.0,0.0
99999E30737012,4,False,84,84.11,False,0.1089964,0.0072179157,0.88129985,0.0024858196,0.0,0.0,0.0,0.0,0.0,0.0
99999E30740297,4,False,96,96.0,False,0.0,0.040886786,0.582647,0.0,0.004472474,0.0,0.011516427,0.034780487,0.100292854,0.22540395
99999E30742899,6,False,84,84.11,False,0.0,0.080266014,0.8027727,0.0,0.0006358754,0.0005166487,0.0030733976,0.0024838878,0.10240904,0.0078424625
99999E30747669,6,False,DO,DO.01,False,0.07372388,0.22127259,0.39725432,0.00070661865,0.046098456,0.06601837,0.047208853,0.09236515,0.010565632,0.044786163
99999E30748447,6,False,DO,DO.01,False,0.0,0.18625337,0.058280677,0.20307444,0.1517099,0.010154412,0.06447659,0.07675807,0.21512385,0.034168668
99999E30748871,6,False,96,96.09,False,0.0097319335,0.227546,0.03660618,0.19990917,0.09955217,0.082293674,0.15516382,0.03346501,0.013652591,0.14207947
99999E30752867,6,False,DO,DO.01,False,0.0014661994,0.10547938,0.56757283,0.03052022,0.017851938,0.013923246,0.06595413,0.066637516,0.11875651,0.011838036
99999E30753062,2,False,62,62.02,False,0.0,0.0,1.0,0.0,0.0,0.0,0.0,0.0,0.0,0.0
99999E30754156,3,False,DO,DO.01,False,0.0,0.0,0.09600342,0.118535236,0.0,0.24882281,0.38128963,0.13608593,0.0,0.019262947
99999E30755146,6,False,DO,DO.01,False,0.002240188,0.19481426,0.56656706,0.03926565,0.0345611,0.033110265,0.010732063,0.00687212,0.05366979,0.058167532
99999E30758135,2,False,74,74.90,False,0.0,0.0,1.0,0.0,0.0,0.0,0.0,0.0,0.0,0.0
99999E30780137,4,False,84,84.11,False,0.0025274525,0.0,0.9437339,0.005089172,0.019851614,0.0,0.0,0.0019075309,0.020360218,0.0065301526
99999E30795274,2,False,62,62.02,False,0.0,0.0,1.0,0.0,0.0,0.0,0.0,0.0,0.0,0.0
99999E30800039,4,False,36,36.00,True,0.080886535,0.09530076,0.6391439,0.015217025,0.00222645,0.0015171249,0.012282788,0.003304286,0.13794027,0.012180852
99999E30800382,6,False,84,84.11,False,0.0,0.0066208607,0.76488763,0.0,0.006115101,0.025276516,0.0066725863,0.16433471,0.007347891,0.018744737
99999E30800864,6,False,56,56.30,False,0.0,0.0027820866,0.6708858,0.00079177367,0.0056363815,0.0,0.00060604897,0.0012281793,0.3178205,0.00024926208
99999E30803271,4,False,DO,DO.01,False,0.058910128,0.13545749,0.44190833,0.0,0.042345006,0.0,0.011086998,0.022961065,0.24831472,0.039016295
99999E30804807,4,False,70,70.2,False,0.0,0.0,0.6386063,0.0,0.054290015,0.0501256,0.0,0.028147519,0.20672272,0.022107888
99999E30827443,4,False,DO,DO.02,False,0.0,0.0,0.99439055,0.0,0.0,0.0,0.0,0.0056094793,0.0,0.0
99999E30827768,4,False,DO,DO.01,False,0.0,0.02345056,0.43744433,0.019552026,0.04332695,0.0,0.009732013,0.012683031,0.20767428,0.24613674
99999E30832020,5,False,70,70.22,False,0.0,0.0,0.058083057,0.16599973,0.51485854,0.017091004,0.0012690981,0.23439683,0.0,0.008301792
99999E30832026,5,False,84,84.11,False,0.0,0.0,0.05440659,0.022752434,0.88152623,0.02932506,0.0,0.01198968,0.0,0.0
99999E30832030,5,False,10,10.85,False,0.0,0.00066361134,0.1451423,0.00016367892,0.8371679,0.0,0.0,0.0,0.0,0.016862487
99999E30832031,5,False,84,84.11,False,0.0,0.0,0.08221926,0.0020599407,0.88116115,0.0014871021,0.0,0.028292678,0.0042174314,0.00056251406
99999E30832032,5,False,84,84.11,False,0.0,0.0,0.10716713,0.01433996,0.8489924,0.0,0.0,0.021968687,0.006212713,0.0013191048
99999E30832648,6,False,01,01.4,False,0.0,0.04642143,0.25523064,0.028985418,0.021579906,0.03164902,0.20542061,0.018675117,0.37608424,0.015953494
99999E30833610,6,False,DO,DO.01,True,0.11759785,0.25500417,0.11486782,0.035720516,0.0035099774,0.013211703,0.1766096,0.033975426,0.20988633,0.039616548
99999E30836446,6,False,DO,DO.01,False,0.0006590703,0.32138708,0.24961677,0.024785925,0.057707705,0.02182255,0.032926664,0.10839021,0.09846998,0.08423406
99999E30893170,2,False,61,61.20,False,0.0,0.0,1.0,0.0,0.0,0.0,0.0,0.0,0.0,0.0
99999E30906519,5,False,16,16.11,False,0.002048435,0.0,0.16589102,0.08751536,0.49524602,0.03793978,0.001176124,0.052027952,0.08930717,0.06884813
99999E30908018,6,False,DO,DO.01,False,0.026315348,0.060974702,0.25697148,0.12838519,0.18625693,0.04345109,0.017585862,0.038320184,0.08615517,0.15558402
99999E30909838,3,False,47,47.78,False,0.013870993,0.10943281,0.016530056,0.03582883,0.1277447,0.1609693,0.43222123,0.06644918,0.0,0.036952764
99999E30913189,6,False,96,96.0,False,0.0,0.029763341,0.17505507,0.014133523,0.08536155,0.015915625,0.011673327,0.07140175,0.014503394,0.5821924
99999E30914250,4,False,DO,DO.01,False,0.008432039,0.051250525,0.6902194,0.047596928,0.05080954,0.0,0.014923306,0.003591819,0.11958244,0.013593948
99999E30925507,6,False,DO,DO.01,True,0.05931016,0.16501008,0.28931653,0.049636684,0.14372393,0.038927905,0.070599094,0.09426995,0.023792658,0.06541298
99999E30925891,6,False,IL,IL.01,False,0.00897244,0.14393924,0.6284787,0.0,0.013607893,0.01950614,0.06379344,0.017075067,0.07753067,0.0270964
99999E30927020,6,False,DO,DO.01,True,0.01609129,0.1365963,0.04644827,0.18890575,0.041501228,0.022511203,0.18836588,0.018486623,0.24651803,0.09457543
99999E30927186,4,False,DO,DO.01,False,0.016487615,0.12457725,0.79717505,0.0,0.0049612056,0.0,0.014423557,0.0059186313,0.036456782,0.0
99999E30928389,6,False,01,01.45,True,0.3290551,0.26550406,0.12002294,0.04342007,0.0,0.031903796,0.1382934,0.011436705,0.05223778,0.008126157
99999E30939797,4,False,52,52.10,False,0.0,0.0,0.98818326,0.0,0.0,0.0067721647,0.005044571,0.0,0.0,0.0
99999E31000625,6,False,DO,DO.01,False,0.0,0.0023959472,0.039572854,0.0028749064,0.025734846,0.0030441543,0.0024949627,0.018141732,0.8897588,0.015981808
99999E31001646,5,False,49,49.3,False,0.001374433,0.021609465,0.084066816,0.063851915,0.38813654,0.09601413,0.014324133,0.17331094,0.092335045,0.06497661
99999E31001791,6,False,DO,DO.01,False,0.121959254,0.005256716,0.70798564,0.102457024,0.0026389295,0.0033389898,0.011442148,0.027962472,0.0024846657,0.014474175
99999E31003248,4,False,55,55.10,False,0.00086016563,0.0035832715,0.13677366,0.0,0.0018685772,0.0,0.0016374711,0.0,0.84963787,0.0056389887
99999E31005224,1,False,01,01.45,True,0.985902,0.003364952,0.010733037,0.0,0.0,0.0,0.0,0.0,0.0,0.0
99999E31005308,4,False,56,56.10,False,0.0,0.0,0.42173785,0.0,0.0,0.0,0.0,0.0,0.47168055,0.106581576
99999E31005684,6,False,DO,DO.01,True,0.12714912,0.10333106,0.21466434,0.32844248,0.106824726,0.003535169,0.0027730514,0.004802849,0.02054699,0.08793025
99999E31007089,6,False,55,55.20,False,0.0011206976,0.1097443,0.026475884,0.015828818,0.071644954,0.0,0.0,0.12985468,0.35673535,0.28859526
99999E31007663,4,False,10,10.71,False,0.020338263,0.0,0.9139975,0.06321162,0.0024526522,0.0,0.0,0.0,0.0,0.0
99999E31011204,6,False,77,77.21,False,0.0058626663,0.10130255,0.44951126,0.0,0.0021909762,0.14129388,0.18843599,0.039269034,0.0077887997,0.064344876
99999E31012096,6,False,DO,DO.01,False,0.0,0.021153973,0.24122262,0.053065278,0.121241644,0.08786991,0.06853283,0.11439972,0.21622029,0.07629378
99999E31012625,2,False,62,62.02,False,0.0,0.0020964283,0.9979036,0.0,0.0,0.0,0.0,0.0,0.0,0.0
99999E31012626,2,False,62,62.02,False,0.0,0.0,1.0,0.0,0.0,0.0,0.0,0.0,0.0,0.0
99999E31012909,4,False,DO,DO.01,False,0.0,0.09955165,0.6310646,0.007188422,0.020241495,0.0,0.017975152,0.024139103,0.14135766,0.05848197
99999E31014923,6,False,84,84.11,False,0.018649492,0.033795234,0.2781098,0.078265905,0.059514187,0.026731972,0.02830262,0.05853834,0.36490116,0.053191327
99999E31014981,2,False,61,61.90,False,0.0,0.0,0.99714077,0.0,0.0,0.0,0.0,0.0,0.0,0.0028592532
99999E31022481,6,False,84,84.11,False,0.0,0.0050251223,0.92924273,0.024730347,0.0015414985,0.0047738757,0.0061012874,0.0018310146,0.018335845,0.008418342
99999E31023047,3,False,DO,DO.01,False,0.0,0.11426721,0.015150534,0.037053138,0.078324005,0.035092257,0.09192989,0.0,0.33801967,0.29016325
99999E31023497,6,False,96,96.0,False,0.0,0.15271112,0.0,0.06052269,0.20622751,0.21794654,0.034252256,0.26216298,0.031158384,0.03501853
99999E31023930,3,False,84,84.11,False,0.0,0.0823531,0.71863985,0.08189265,0.051100936,0.0,0.0,0.010613526,0.053965252,0.0014346079
99999E31024186,6,False,DO,DO.01,False,0.024164781,0.12463075,0.088932276,0.31361568,0.095669284,0.015876409,0.042749997,0.07951711,0.09021852,0.12462512
99999E31025941,6,False,43,43.91,False,0.019610235,0.07820713,0.37023598,0.000935273,0.13218863,0.040770784,0.012590605,0.03838686,0.26767105,0.039403457
99999E31026107,6,False,56,56.30,False,0.0013133937,0.002298439,0.75069404,0.0,0.044356886,0.00811916,0.006507268,0.0,0.0,0.18671083
99999E31026643,2,False,61,61.10,False,0.0,0.0,1.0,0.0,0.0,0.0,0.0,0.0,0.0,0.0
99999E31027863,4,False,84,84.11,True,0.0,0.0,0.7852163,0.118422285,0.055677578,0.0,0.0,0.0052048513,0.0,0.035478942
99999E31028218,3,False,DO,DO.01,False,0.0,0.0,0.0,0.0,0.0,0.0,0.0,1.0,0.0,0.0
99999E31028219,6,False,DO,DO.01,False,0.007240907,0.01152719,0.49352506,0.055434354,0.2816958,0.0061014644,0.0045042643,0.012409019,0.09955751,0.028004514
99999E31028220,6,False,DO,DO.01,False,0.004119119,0.28343868,0.1256159,0.032123223,0.051865462,0.029921437,0.14441423,0.041234493,0.084772155,0.20249529
99999E31029211,6,False,96,96.0,False,0.0,0.0252443,0.16505674,0.003257329,0.65969336,0.044900596,0.0,0.10184768,0.0,0.0
99999E31029382,6,False,DO,DO.01,False,0.0,0.12391162,0.2933588,0.08204833,0.04065514,0.007972732,0.040562466,0.03745932,0.31523553,0.05879605
99999E31029428,2,False,61,61.10,False,0.0,0.0,1.0,0.0,0.0,0.0,0.0,0.0,0.0,0.0
99999E31030586,4,False,87,87.30,False,0.0,0.0,0.7034103,0.0,0.06432683,0.0,0.0,0.0040539023,0.0320068,0.19620219
99999E40000074,6,False,01,01.41,True,0.0,0.0003142885,0.018947845,0.16547245,0.060513716,0.17033352,0.2653185,0.14732356,0.09858658,0.07318956
99999E40000090,6,False,DO,DO.01,False,0.0,0.09857597,0.17686632,0.15428758,0.0765388,0.0039504827,0.0674795,0.027480198,0.19131547,0.2035057
99999E40000094,2,False,61,61.90,False,0.0,0.0,1.0,0.0,0.0,0.0,0.0,0.0,0.0,0.0
99999E40000097,2,False,62,62.02,False,0.0,0.0,0.99869573,0.0,0.0,0.0,0.0,0.0,0.0013043154,0.0
99999E40000104,6,False,DO,DO.01,False,0.0,0.08814413,0.28983095,0.03762738,0.10272616,0.03654022,0.20704348,0.029067729,0.07374788,0.1352721
99999E40000116,3,False,01,01.4,False,0.007955913,0.016901463,0.0022703458,0.007043894,0.042942528,0.91630775,0.003531649,0.0030465324,0.0,0.0
99999E40000128,6,False,43,43.91,False,0.009759874,0.0514097,0.035647828,0.33589658,0.21968988,0.061515395,0.09943792,0.07030574,0.039691057,0.07664609
99999E40000129,3,False,98,98.10,False,0.112586945,0.20805912,0.008501356,0.08175644,0.058224577,0.1636623,0.035887975,0.18273434,0.0,0.14858697
99999E40000149,2,False,35,35.30,False,0.0,0.0,0.9958101,0.0,0.0,0.0,0.0,0.0,0.0041899295,0.0
99999E40000155,3,False,93,93.11,False,0.0,0.0,0.24938267,0.0,0.04372576,0.00022012941,0.0,0.0,0.23116565,0.4755058
99999E40000163,5,False,52,52.10,False,0.008024216,0.01063097,0.0122614475,0.2291125,0.4304178,0.0,0.00046919374,0.15497322,0.00013819482,0.15397243
99999E40000164,4,False,94,94.99,False,0.0,0.012738875,0.89065814,0.0,0.0,0.0,0.0017548827,0.0,0.08491814,0.00992997
99999E40000167,5,False,16,16.23,False,0.0,0.010382431,0.0032795134,0.06500012,0.59297395,0.105570324,0.0,0.21415497,0.004925853,0.0037128201
99999E40000172,6,False,DO,DO.01,False,0.0028222431,0.1183799,0.28951567,0.01574186,0.018531036,0.02343062,0.16040984,0.006624525,0.30219647,0.062347904
99999E40000181,6,False,DO,DO.01,False,0.0,0.4637046,0.0,0.118272826,0.06217593,0.19269621,0.0,0.07478097,0.0,0.08836939
99999E40000193,4,False,DO,DO.01,False,0.022871347,0.09757613,0.740522,0.0024238653,0.007955251,0.0064636418,0.0,0.0156619,0.10652578,0.0
99999E40000216,6,False,DO,DO.01,False,0.0,0.3115174,0.23119302,0.011853825,0.023512406,0.024364807,0.14149587,0.03237093,0.19196123,0.03173044
99999E40000223,6,False,56,56.30,False,0.0,0.0011956185,0.15307146,0.003970745,0.079097554,0.005970644,0.0037400639,0.044385385,0.5717676,0.13680087
99999E40000225,2,False,61,61.10,False,0.0,0.0,1.0,0.0,0.0,0.0,0.0,0.0,0.0,0.0
99999E40000228,4,False,91,91.04,False,0.024659865,0.031262506,0.9297469,0.0,0.0,0.0,0.0,0.008203281,0.0016756703,0.0044517806
99999E40000234,6,False,CO,CO.02,False,0.027439646,0.15219313,0.12114927,0.0,0.13204692,0.07174431,0.1782387,0.19505271,0.0,0.12213533
99999E40000235,6,False,CO,CO.02,False,0.025295306,0.21840967,0.2096514,0.0,0.109046385,0.16825123,0.09080957,0.063555166,0.0,0.11498128
99999E40000240,4,False,56,56.30,False,0.32682893,0.3739374,0.27664137,0.0,0.0006379096,0.0,0.0,0.0012526931,0.020203745,0.0004979256
99999E40000241,6,False,01,01.41,True,0.0024708326,0.006361006,0.0003192649,0.006721914,0.01444847,0.039099537,0.92525905,0.0003539676,0.004769887,0.0001960703
99999E40000243,1,False,IL,IL.01,False,1.0,0.0,0.0,0.0,0.0,0.0,0.0,0.0,0.0,0.0
99999E40000245,4,False,56,56.10,False,0.0,0.0006468782,0.15985125,0.0,0.39821732,0.0,0.0,0.006880928,0.05922518,0.37517843
99999E40000247,6,False,56,56.10,False,0.0,0.0,0.021255584,0.69264823,0.043475825,0.07943302,0.10968672,0.0024496976,0.037133507,0.013917395
99999E40000260,6,False,DO,DO.01,False,0.0,0.26096866,0.0941533,0.054112315,0.16846327,0.0019424935,0.18489976,0.14266866,0.04547569,0.04731572
99999E40000262,1,False,IL,IL.01,False,0.9966337,0.0,0.0033663034,0.0,0.0,0.0,0.0,0.0,0.0,0.0
99999E40000268,2,False,61,61.10,False,0.0,0.0,1.0,0.0,0.0,0.0,0.0,0.0,0.0,0.0
99999E40000278,4,False,56,56.10,False,0.0,0.0,0.03268803,0.00020830413,0.6608102,0.0,0.0,0.0008928256,0.020437388,0.28496334
99999E40000279,3,False,DO,DO.01,False,0.0,0.0,0.0,0.0,1.0,0.0,0.0,0.0,0.0,0.0
99999E40000282,6,False,DO,DO.01,False,0.013997414,0.17068261,0.5632207,0.0028593487,0.03307549,0.04109821,0.054615125,0.03242564,0.0431541,0.044871286
99999E40000314,3,False,55,55.20,False,0.00095150946,0.0,0.2418343,0.0046869754,0.11340606,0.0,0.00050252356,0.0017728255,0.45084882,0.185997
99999E40000321,4,False,DO,DO.01,False,0.0,0.09806191,0.6217636,0.0,0.0,0.016242974,0.044147998,0.044466816,0.0,0.17531672
99999E40000336,6,False,47,47.12,False,0.0002450555,0.03418614,0.027968524,0.00014130939,0.034361433,0.6582513,0.06312952,0.11085453,0.060442857,0.0104193315
99999E40000346,1,False,IL,IL.01,False,0.9880781,0.0,0.011921895,0.0,0.0,0.0,0.0,0.0,0.0,0.0
99999E40000353,2,False,80,80.20,False,0.0,0.0,1.0,0.0,0.0,0.0,0.0,0.0,0.0,0.0
99999E40000368,6,False,DO,DO.01,False,0.0010870359,0.0045232363,0.88723284,0.003100606,0.002217845,0.0036842488,0.0049828556,0.08661268,0.00072955433,0.0058291387
99999E40000385,2,False,61,61.10,False,0.0,0.0,1.0,0.0,0.0,0.0,0.0,0.0,0.0,0.0
99999E40000405,6,False,DO,DO.01,False,0.0,0.2707016,0.21252723,0.04070294,0.103184894,0.01965778,0.20397933,0.0028919994,0.067938104,0.078416176
99999E40000434,6,False,68,68.20,False,0.0051630028,0.47868675,0.119844005,0.02697261,0.0960655,0.033771418,0.027772374,0.1202612,0.053039923,0.038423233
99999E40000440,6,False,DO,DO.01,False,0.0,0.07227128,0.26772726,0.06546012,0.19287746,0.06348975,0.050207984,0.09088035,0.016857624,0.18022816
99999E40000444,4,False,DO,DO.01,False,0.0,0.09226419,0.60915476,0.006764346,0.015721643,1.8389195e-05,0.011698408,0.012232813,0.18549758,0.06664789
99999E40000445,6,False,56,56.30,False,0.005779245,0.72918236,0.0018424125,0.0,0.001391339,0.1087108,0.057930104,0.010035854,0.080839545,0.0042883735
99999E40000459,6,False,CO,CO.02,False,0.004205096,0.104419716,0.06132261,0.036584336,0.10245306,0.19815233,0.06416362,0.24957244,0.00028204915,0.17884478
99999E40000461,4,False,46,46.71,False,0.21783619,0.0,0.7746306,0.0,0.0,0.0,0.0,0.0,0.0075332397,0.0
99999E40000471,4,False,16,16.10,False,0.0,0.0,0.27581197,0.0,0.6905681,0.0,0.0,0.00420539,0.029414538,0.0
99999E40000478,1,False,IL,IL.01,False,1.0,0.0,0.0,0.0,0.0,0.0,0.0,0.0,0.0,0.0
99999E40000485,6,False,CO,CO.02,False,0.16705653,0.08228771,0.08045855,0.016172605,0.026417064,0.26469886,0.09089921,0.123005964,0.0,0.14900348
99999E40000489,6,False,DO,DO.01,False,0.0013866962,0.07803482,0.11964097,0.03907946,0.05913955,0.008620281,0.2694914,0.0386006,0.21035287,0.17565337
99999E40000520,2,False,52,52.10,False,0.0,0.0,1.0,0.0,0.0,0.0,0.0,0.0,0.0,0.0
99999E40000521,2,False,52,52.10,False,0.0,0.0,1.0,0.0,0.0,0.0,0.0,0.0,0.0,0.0
99999E40000522,6,False,52,52.10,False,0.016437111,0.06448648,0.7653681,0.0033421728,0.020319266,0.022691278,0.006195504,0.044914767,0.02978926,0.026456108
99999E40000523,4,False,52,52.10,False,0.0,0.0020764812,0.8924322,0.0,0.0,0.015262893,0.014065506,0.025736239,0.0,0.05042666
99999E40000526,2,False,DO,DO.02,False,0.0,0.0,1.0,0.0,0.0,0.0,0.0,0.0,0.0,0.0
99999E40000535,6,False,68,68.32,False,0.0,0.0004514991,0.37685442,0.007832388,0.27017257,0.07227507,0.09020054,0.07588707,0.09143658,0.014889863
99999E40000540,6,False,DO,DO.01,True,0.23816878,0.23167668,0.050214756,0.16061004,0.14579499,0.09630267,0.008154702,0.006739505,0.045434754,0.016903194
99999E40000541,4,False,52,52.10,False,0.0,0.0,0.9976492,0.0,0.0,0.0,0.0,0.0,0.0,0.002350818
99999E40000547,2,False,61,61.90,False,0.0,0.0,1.0,0.0,0.0,0.0,0.0,0.0,0.0,0.0
99999E40000554,6,False,46,46.73,True,0.03413301,0.013302894,0.33283597,0.07146736,0.32722062,0.029997507,0.006026941,0.12391396,0.048083726,0.0130181
99999E40000557,6,False,DO,DO.01,False,0.0033748304,0.083517626,0.3056822,0.022783486,0.078932464,0.12806852,0.14442183,0.07319817,0.0247822,0.1352387
99999E40000579,1,False,IL,IL.01,False,0.99523735,0.0,0.0047626346,0.0,0.0,0.0,0.0,0.0,0.0,0.0
99999E40000580,1,False,IL,IL.01,False,1.0,0.0,0.0,0.0,0.0,0.0,0.0,0.0,0.0,0.0
99999E40000599,1,False,IL,IL.01,False,1.0,0.0,0.0,0.0,0.0,0.0,0.0,0.0,0.0,0.0
99999E40000600,4,False,IL,IL.01,False,0.73109245,0.26890758,0.0,0.0,0.0,0.0,0.0,0.0,0.0,0.0
99999E40000605,4,False,CO,CO.02,False,0.0,0.0023411508,0.9860455,0.0,0.0,0.0,0.0,0.0,0.0,0.01161334
99999E40000615,6,False,CO,CO.02,False,0.023822075,0.098795906,0.016831044,0.023251072,0.044967376,0.26308516,0.20772487,0.15308818,0.050293736,0.11814057
99999E40000625,1,False,IL,IL.01,False,1.0,0.0,0.0,0.0,0.0,0.0,0.0,0.0,0.0,0.0
99999E40000643,3,False,DO,DO.01,False,0.005072687,0.13363124,0.06752891,0.065472685,0.15836501,0.03886567,0.13153763,0.11514683,0.18130624,0.10307313
99999E40000646,6,False,DO,DO.01,False,0.0,0.38282797,0.049651276,0.013278774,0.013712572,0.005546232,0.26465234,0.0034333677,0.07612911,0.19076836
99999E40000648,1,False,IL,IL.01,False,1.0,0.0,0.0,0.0,0.0,0.0,0.0,0.0,0.0,0.0
99999E40000649,1,False,IL,IL.01,False,1.0,0.0,0.0,0.0,0.0,0.0,0.0,0.0,0.0,0.0
99999E40000650,1,False,IL,IL.01,False,1.0,0.0,0.0,0.0,0.0,0.0,0.0,0.0,0.0,0.0
99999E40000652,1,False,IL,IL.01,False,1.0,0.0,0.0,0.0,0.0,0.0,0.0,0.0,0.0,0.0
99999E40000683,4,False,DO,DO.02,False,0.0,0.0504158,0.94958425,0.0,0.0,0.0,0.0,0.0,0.0,0.0
99999E40000686,6,False,DO,DO.01,False,0.0,0.004501608,0.6928725,0.0,0.005814576,0.05589496,0.06677385,0.09646301,0.015058949,0.06262058
99999E40000687,4,False,70,70.22,False,0.0,0.0,0.047460366,0.0,0.91076344,0.00838212,0.0016564423,0.0017015337,0.021553643,0.008482471
99999E40000704,6,False,74,74.90,False,0.06467682,0.13070424,0.6186102,0.0041628904,0.06256614,0.016669104,0.0,0.0060513928,0.055994388,0.040564794
99999E40000705,4,False,52,52.21,False,0.0,0.0,0.99653006,0.0,0.003469984,0.0,0.0,0.0,0.0,0.0
99999E40000715,6,False,DO,DO.01,False,0.0,0.26862743,0.040973824,0.04023034,0.09283387,0.052452255,0.25322425,0.023818173,0.13423114,0.09360873
99999E40000716,4,False,55,55.30,False,0.02119503,0.13596632,0.7051939,0.004505951,0.003681365,0.0,0.0013196715,0.0015187096,0.12306146,0.0035575938
99999E40000726,1,False,IL,IL.01,False,1.0,0.0,0.0,0.0,0.0,0.0,0.0,0.0,0.0,0.0
99999E40000757,4,False,CO,CO.02,False,0.0,0.0,0.9973953,0.0,0.0,0.0,0.0,0.0,0.0,0.0026047565
99999E40000758,4,False,CO,CO.02,False,0.0,0.0,0.98152953,0.002781429,0.0,0.0,0.007583741,0.008105259,0.0,0.0
99999E40000761,6,False,CO,CO.02,False,0.0074037053,0.053669542,0.033633694,0.021196641,0.14712302,0.046158534,0.110767804,0.17548682,0.00032677746,0.4042335
99999E40000764,4,False,52,52.10,False,0.0,0.0,0.9927338,0.0,0.0,0.0,0.0,0.0,0.004679731,0.002586469
99999E40000765,4,False,CO,CO.02,False,0.018687276,0.013927516,0.9209639,0.0,0.0,0.0,0.044409756,0.0,0.00201163,0.0
99999E40000767,4,False,CO,CO.02,False,0.0,0.0,0.99241906,0.0,0.0,0.0,0.0,0.0,0.0,0.0075809527
99999E40000768,3,False,DO,DO.01,False,0.1973002,0.07554109,0.5249197,0.0026702175,0.019381976,0.006037933,0.010596326,0.017056983,0.06267613,0.083819464
99999E40000773,6,False,52,52.10,False,0.0017423902,0.16208628,0.03237502,0.019148692,0.058906868,0.29383034,0.15165834,0.12618248,0.04839973,0.105669804
99999E40000777,6,False,41,41.20,False,0.0,0.058009498,0.4219433,0.06408856,0.0732846,0.030398065,0.14529857,0.010562633,0.0669314,0.1294834
99999E40000807,2,False,CO,CO.02,False,0.0,0.0,1.0,0.0,0.0,0.0,0.0,0.0,0.0,0.0
99999E40000813,4,False,47,47.29,False,0.0,0.0,0.37769872,0.0,0.0071380553,0.0,0.0,0.0,0.60556036,0.0096029285
99999E40000815,6,False,DO,DO.01,False,0.018227527,0.33407745,0.08687056,0.060386185,0.051240385,0.0077889515,0.13370173,0.027869761,0.10455858,0.17527889
99999E40000819,2,False,61,,False,0.0,0.0,1.0,0.0,0.0,0.0,0.0,0.0,0.0,0.0
99999E40000821,2,False,61,,False,0.0,0.0,0.98894554,0.0,0.0,0.0,0.0,0.0,0.011054474,0.0
99999E40000823,4,False,43,43.33,False,0.6351,0.024574196,0.2978583,0.0,0.026363518,0.0,0.0,0.0024610835,0.012262668,0.001380161
99999E40000835,6,False,52,52.10,False,0.020006768,0.15639195,0.27638793,0.09688408,0.19367743,0.039703395,0.028275738,0.055161413,0.04567196,0.08783939
99999E40000840,6,False,52,52.10,False,0.00017490775,0.018322038,0.6461309,0.024808051,0.07304653,0.0010566592,0.07808639,0.016601814,0.06937527,0.07239739
99999E40000850,4,False,84,84.11,False,0.28083003,0.009703793,0.63669366,0.071175076,0.0005329314,0.0,0.0,0.00034745038,0.0,0.00071710616
99999E40000875,4,False,52,52.10,False,0.0,0.0,0.9924711,0.0,0.0,0.0,0.0,0.0,0.007528944,0.0
99999E40000877,6,False,56,56.10,False,0.0,0.0,0.088934384,0.00034064226,0.3552353,0.038220022,0.014503447,0.0017497689,0.49353808,0.0074783685
99999E40000878,6,False,DO,DO.01,False,0.0,0.110235155,0.32316095,0.06983369,0.0,0.001695404,0.16598003,0.084515885,0.07547938,0.16909958
99999E40000884,6,False,41,41.20,False,0.0007665503,0.10482468,0.2813337,0.028333608,0.2355995,0.03140531,0.02404325,0.008246685,0.24245624,0.04299044
99999E40000898,5,False,41,41.20,False,0.0,0.0,0.19078399,0.042867962,0.60337615,0.017873013,0.0,0.08533701,0.036814515,0.022947343
99999E40000918,3,False,41,41.20,False,0.014099149,0.003981235,0.20509699,0.30168632,0.24911879,0.0,0.0021300875,0.05462152,0.11857485,0.050691005
99999E40000929,5,False,41,41.20,False,0.0,0.010732837,0.011247872,0.023669854,0.7560081,0.014787657,0.0,0.16257693,0.0,0.020976825
99999E40000933,4,False,DO,DO.01,True,0.2648656,0.031601354,0.5153497,0.0015469245,0.0,0.0,0.0055128783,0.01759914,0.16156752,0.001956924
99999E40000935,5,False,41,41.20,False,0.032487933,0.0,0.44471377,0.04089486,0.4256779,0.0,0.0,0.049906168,0.0,0.006319337
99999E40000937,6,False,52,52.10,False,0.05793042,0.07713719,0.5557954,0.018158063,0.08292147,0.020571271,0.015086057,0.03931732,0.09287368,0.040209167
99999E40000954,6,False,98,98.1,True,0.28876102,0.111657314,0.1933253,0.09595865,0.1136802,0.079925746,0.019006094,0.062574536,0.0,0.035111196
99999E40000966,6,False,DO,DO.01,False,0.024141988,0.46471885,0.14836538,0.06922219,0.028855827,0.01541316,0.08003937,0.032114405,0.04444987,0.092679024
99999E40000968,6,False,DO,DO.01,False,0.0,0.045507416,0.65613604,0.002661219,0.062144678,0.05217451,0.02334845,0.05234783,0.068318605,0.03736124
99999E40000979,3,False,41,41.20,False,0.0,0.0,0.0,0.04759265,0.76611197,0.007470612,0.0,0.16112715,0.0,0.017697677
99999E40000982,3,False,41,41.20,False,0.0,0.0,0.0,0.028722603,0.44142106,0.0,0.0,0.5298563,0.0,0.0
99999E40000985,5,False,41,41.20,False,0.0,0.0,0.032616705,0.08034602,0.7762629,0.041279405,0.0049224915,0.05056752,0.007918576,0.0060864114
99999E40000991,2,False,46,46.51,False,0.0,0.0,0.9982823,0.0,0.0,0.0,0.0,0.0,0.0017177252,0.0
99999E40001002,6,False,DO,DO.01,True,0.4639151,0.070247,0.17343374,0.20353983,0.007821244,4.09678e-05,0.015582512,0.0,0.044833522,0.020586155
99999E40001004,4,False,DO,DO.01,False,0.0076188063,0.25161073,0.25758186,0.021610089,0.011780279,0.0,0.14766543,0.040495154,0.0,0.2616377
99999E40001005,4,False,DO,DO.01,False,0.0,0.04440592,0.75816846,0.0,0.0052863234,0.0,0.031321228,0.008192388,0.031135647,0.12148995
99999E40001010,1,False,IL,IL.01,False,1.0,0.0,0.0,0.0,0.0,0.0,0.0,0.0,0.0,0.0
99999E40001016,5,False,85,85.59,False,0.0,0.0,0.12115207,0.0064084586,0.8163107,0.0020630374,0.0,0.04470112,0.0,0.009364688
99999E40001028,3,False,DO,DO.01,False,0.0,0.0,0.0,0.052727938,0.4990846,0.0,0.0,0.0,0.0,0.4481875
99999E40001037,6,False,DO,DO.01,False,0.0029146683,0.12107179,0.19214195,0.0009020395,0.09082708,0.019797128,0.13306966,0.09330455,0.05581338,0.2901577
99999E40001039,6,False,DO,DO.01,False,0.0,0.12937343,0.47330832,0.0022238798,0.041995928,0.025349483,0.0,0.07914194,0.21046084,0.038146242
99999E40001048,6,False,DO,DO.01,False,0.0,0.15291026,0.2830563,0.004495096,0.37445977,0.062536694,0.0,0.04808886,0.0046491036,0.06980393
99999E40001065,2,False,61,61.90,False,0.0,0.0,0.994622,0.0,0.0,0.0,0.0,0.0,0.005378041,0.0
99999E40001074,5,False,DO,DO.01,False,0.0,0.0,0.17008616,0.021974718,0.5169227,0.027240895,0.0,0.21266311,0.011246299,0.03986608
99999E40001081,1,False,IL,IL.01,False,1.0,0.0,0.0,0.0,0.0,0.0,0.0,0.0,0.0,0.0
99999E40001082,1,False,IL,IL.01,False,1.0,0.0,0.0,0.0,0.0,0.0,0.0,0.0,0.0,0.0
99999E40001084,5,False,41,41.20,False,0.0,0.0,0.36486098,0.0663245,0.42374742,0.01767417,0.0,0.0942018,0.002521938,0.030669158
99999E40001098,4,False,69,69.10,False,0.0,0.0,0.14200483,0.0,0.79421294,0.003201838,0.0,0.0077778776,0.004069136,0.048733383
99999E40001099,4,False,DO,DO.01,True,0.13624671,0.27365178,0.39155808,0.0,0.0003353765,0.01289447,0.023638718,0.002176511,0.15488862,0.0046097087
99999E40001100,5,False,DO,DO.01,False,0.0,0.0,0.09838173,0.06049594,0.5359872,0.20134562,0.00091745466,0.08575143,0.0064680553,0.010652669
99999E40001109,5,False,41,41.20,False,0.0,0.0,0.18497126,0.010248799,0.49402544,0.07299998,0.0020169923,0.16317537,0.062419374,0.010142787
99999E40001128,3,False,52,52.10,False,0.0,0.0,0.20781153,0.14068139,0.06118659,0.0,0.0,0.46762893,0.001432817,0.12125876
