pod,group,below_n_min,ateco_l1,ateco_l2,prosumer,f_1,f_2,f_3,f_4,f_5,f_6,f_7,f_8,f_9,f_10,f_11,f_12,f_13,f_14
99999E00000053,6,False,25,25.11,False,0.0,0.0,0.0,0.0,0.00018809384,0.0020776254,0.050803002,0.005638996,0.0,0.003825848,0.038544916,0.00013987691,0.89878166,0.0
99999E00010122,9,False,84,84.11,False,0.0,0.0,0.03202123,0.0,0.012765469,0.279277,0.46674922,0.014510759,0.0,0.07789048,0.007555154,0.037969816,0.07126091,0.0
99999E00010123,6,False,56,56.2,False,0.0,0.0,0.0,0.0,0.009676524,0.013605758,0.41453028,0.0076053655,0.0,0.0,0.30446106,0.20099813,0.04912292,0.0
99999E00010129,4,False,DO,DO.02,False,0.038747996,0.0,0.0038099934,0.009386386,0.011284692,0.09948996,0.80326056,0.010820152,0.0020455057,0.0,0.0,0.0012292152,0.01992552,0.0
99999E00010132,4,False,68,68.32,False,0.0035311796,0.0,0.0035407494,0.011368675,0.006628538,0.08341176,0.88291293,0.004673151,0.0013397429,0.0,0.0025933594,0.0,0.0,0.0
99999E00010169,9,False,DO,DO.01,False,0.0,0.010531093,0.012510369,0.092462756,0.049021937,0.33435646,0.010596506,0.036464043,0.0023886217,0.06573514,0.11959206,0.1373386,0.117508024,0.011494412
99999E00010219,7,False,DO,DO.01,False,0.0,0.026537754,0.07629994,0.2409507,0.16693535,0.06659155,0.1801931,0.057430927,0.0,0.0,0.045865472,0.030888718,0.049953684,0.05835278
99999E00010237,5,False,DO,DO.01,False,0.0,0.053098056,0.03947169,0.23863691,0.103587426,0.28348377,0.17174502,0.0,0.0,0.0781801,0.0025990256,0.01145568,0.005066006,0.012676287
99999E00010263,7,False,DO,DO.01,False,0.027302602,0.05419017,0.043790318,0.2378936,0.2085238,0.056899875,0.019484757,0.022475813,0.009689501,0.10535337,0.037654568,0.053270306,0.037909973,0.08556132
99999E00010294,9,False,DO,DO.02,False,0.0,0.0,0.001889429,0.024602285,0.008767071,0.18843523,0.7665834,0.0,0.0,0.009722592,0.0,0.0,0.0,0.0
99999E00010359,9,False,DO,DO.01,False,0.03921288,0.03269762,0.25305733,0.11846594,0.018860284,0.054510213,0.30412748,0.038001854,0.0023739832,0.03347923,0.06467351,0.013757757,0.022868399,0.003913566
99999E00010368,2,False,47,47.78,False,0.0,0.0,0.0,0.0077464483,0.0,0.8240509,0.10620363,0.0,0.0,0.057489425,0.0,0.0,0.0045094923,0.0
99999E00010385,8,False,DO,DO.01,False,0.0,0.01096073,0.026780782,0.17651767,0.06739315,0.07060375,0.021900386,0.57035255,0.0051580397,0.0,0.046472102,0.0,0.0038608727,0.0
99999E00010427,7,False,DO,DO.01,False,0.0,0.010893247,0.0015744646,0.03901088,0.0776019,0.22091146,0.4324811,0.06416135,0.016453795,0.009800081,0.047134094,0.0126264375,0.040221807,0.027129434
99999E00010429,9,False,47,47.71,False,0.0,0.0,0.0,0.0,0.0,0.0042469334,0.029747248,0.00043807784,0.00011601358,0.9059634,0.013729887,0.015137901,0.017080633,0.013539907
99999E00010438,4,False,DO,DO.01,False,0.0071216063,0.0036606393,0.069568776,0.1033598,0.08492016,0.13959347,0.2961324,0.1177328,0.0017437952,0.017787376,0.100098506,0.011976944,0.030266827,0.016036928
99999E00010457,8,False,16,16.2,False,0.008272186,0.013830103,0.007002549,0.013945524,0.03541579,0.07593712,0.29607853,0.023759145,0.0012249574,0.20481454,0.07398053,0.08048789,0.03572296,0.12952806
99999E00010483,9,False,DO,DO.01,False,0.0,0.013686074,0.0010683014,0.040954836,0.015708461,0.05775129,0.79322314,0.014624407,0.014295546,0.0,0.0033722878,0.008719702,0.033779986,0.0028159833
99999E00010492,4,False,DO,DO.01,False,0.0005675801,0.030026931,0.07525475,0.21291678,0.009424305,0.11992384,0.52301353,0.0,0.0060312017,0.00059940695,0.00924572,0.0,0.0065015326,0.006494459
99999E00010508,7,False,DO,DO.01,False,0.017222244,0.023915863,0.05973149,0.18685114,0.06744918,0.071282275,0.032434493,0.02301003,0.0,0.28965634,0.08050078,0.078935124,0.0129066715,0.056104347
99999E00010622,8,False,DO,DO.01,False,0.016424773,0.112197295,0.106114544,0.25818145,0.13349031,0.05426964,0.14486006,0.050104175,0.0220282,0.027154865,0.034037612,0.022616688,0.005653746,0.012866556
99999E00010632,8,False,DO,DO.01,False,0.0,0.026975507,0.0,0.006057542,0.01690973,0.39055616,0.0289095,0.12543437,0.14468428,0.042939533,0.060274847,0.06355658,0.084390394,0.009311571
99999E00010670,4,False,DO,DO.01,False,0.005719608,0.0,0.0013536261,0.008391869,0.0029245692,0.29865965,0.6376193,0.0021885158,0.0,0.0005469755,0.0066361446,0.0047545736,0.031205228,0.0
99999E00010690,7,False,DO,DO.01,False,0.003724627,0.0065028537,0.001057741,0.052425776,0.020219022,0.028354878,0.4467723,0.016664058,0.02418489,0.09761968,0.066889524,0.19053918,0.04440922,0.0006362352
99999E00010714,8,False,DO,DO.01,False,0.0029192863,0.024969066,0.002345771,0.07060701,0.038534813,0.25581244,0.15019517,0.22847764,0.023739768,0.039750006,0.08307743,0.03345662,0.03182539,0.014289695
99999E00010739,9,False,23,23.3,False,0.0,0.0019315643,0.0,0.014146733,0.019243881,0.11444988,0.8244683,0.0020641163,0.0,0.0,0.008946176,0.012483094,0.002266235,0.0
99999E00010783,5,False,DO,DO.01,False,0.0,0.103498526,0.05654177,0.37506723,0.15395676,0.08341892,0.0,0.13228291,0.032501,0.0,0.016402103,0.019179797,0.027151005,0.0
99999E00010790,5,False,DO,DO.01,False,0.015166765,0.058323756,0.14971434,0.14161666,0.1363357,0.1290844,0.09858908,0.07915464,0.0017012798,0.049349036,0.07494827,0.027492955,0.013274751,0.025248423
99999E00010828,7,False,DO,DO.01,False,0.0097474875,0.043473642,0.022603823,0.06170384,0.055659935,0.16652216,0.45768976,0.03685431,0.047451418,0.039034363,0.011104953,0.008216238,0.024175623,0.01576243
99999E00010835,8,False,DO,DO.01,False,0.0031470675,0.07027898,0.0344731,0.2136051,0.13699691,0.26032025,0.032865208,0.102426015,0.011375863,0.024309162,0.019831715,0.025307968,0.05766212,0.007400582
99999E00010868,8,False,DO,DO.01,False,0.0,0.03208382,0.0011306588,0.004313538,0.042994224,0.28077662,0.08419844,0.045468945,0.011502289,0.062135994,0.13100858,0.1882779,0.09857211,0.017536934
99999E00010874,9,False,DO,DO.01,False,0.0,0.13858257,0.01160957,0.46751335,0.15856762,0.08933538,0.034321606,0.0082634,0.0005427851,0.02188831,0.0105702365,0.029147057,0.027735313,0.0019228664
99999E00010886,7,False,DO,DO.01,False,0.015023086,0.057046503,0.02776276,0.1792501,0.016781356,0.2564389,0.22928686,0.023748305,0.007978341,0.020823041,0.02435125,0.09840473,0.027821109,0.015283716
99999E00010901,9,False,DO,DO.01,False,0.0,0.0021658028,0.0075244172,0.0,0.0,0.02482988,0.9371655,0.0,0.0,0.011938114,0.004668702,0.008186385,0.0,0.003521176
99999E00010911,9,False,DO,DO.01,False,0.0011835928,0.011614241,0.14710644,0.14039956,0.069052294,0.17194048,0.02540295,0.12209102,0.0060817106,0.032451604,0.07585155,0.024983088,0.11536104,0.056480344
99999E00010943,5,False,DO,DO.01,False,0.0,0.16201878,0.0,0.57820964,0.0,0.067176275,0.18727204,0.0,0.0053232643,0.0,0.0,0.0,0.0,0.0
99999E00010989,8,False,DO,DO.01,False,0.0010981786,0.04239824,0.030610902,0.20508976,0.060597092,0.15195142,0.20308739,0.0745101,0.001870849,0.06723878,0.046227068,0.043108437,0.042396594,0.029815217
99999E00011026,8,False,DO,DO.01,False,0.0,0.009930922,0.020085631,0.20414568,0.056885757,0.52809167,0.06223515,0.055887353,0.0060852394,0.004218661,0.005604371,0.006721199,0.04010847,0.0
99999E00011132,9,False,DO,DO.01,False,0.0005449419,0.029632205,0.034936305,0.081152126,0.033059813,0.037346687,0.68163073,0.012633176,0.0,0.052143835,0.0037877418,0.0,0.009603615,0.023528855
99999E00011156,4,False,DO,DO.02,False,0.005920684,0.0,0.005003022,0.0,0.0,0.025195997,0.95912,0.0,0.0,0.004760371,0.0,0.0,0.0,0.0
99999E00011204,5,False,DO,DO.01,False,0.0,0.04460962,0.15916839,0.3104767,0.16700494,0.17409705,0.04987971,0.004231743,0.0,0.0037811405,0.012910735,0.0,0.0,0.07384
99999E00011213,8,False,DO,DO.01,False,0.0,0.0017074731,0.00654225,0.034844227,0.062849365,0.45114946,0.31479356,0.043261617,0.035631143,0.0030560142,0.007367669,0.020683426,0.018113771,0.0
99999E00011214,9,False,94,94.99,False,0.005458265,0.0,0.0012511302,0.008501014,0.0016648372,0.027247949,0.8589059,0.0,0.001267812,0.002025163,0.021335943,0.013742413,0.007960525,0.050639078
99999E00011219,7,False,DO,DO.01,False,0.0,0.08339464,0.019161182,0.27927375,0.060999647,0.054067016,0.25192794,0.018381007,0.0062065986,0.17368326,0.023877038,0.010534782,0.011566317,0.006926835
99999E00011222,8,False,DO,DO.01,False,0.0,0.07472595,0.0,0.104748055,0.057120614,0.24554174,0.25310788,0.045604907,0.0012340872,0.026177831,0.09810749,0.06453248,0.029098995,0.0
99999E00011228,5,False,DO,DO.01,True,0.16091657,0.00036442853,0.10077568,0.11002077,0.0021845351,0.00019748362,0.15875441,0.14592613,0.000706462,0.033682153,0.02152775,0.007942099,0.19751619,0.05948532
99999E00011237,6,False,DO,DO.01,False,0.0,0.0,0.0,0.0,0.008866155,0.0,0.21270247,0.027877236,0.0,0.02855925,0.0,0.43895987,0.16726342,0.1157715
99999E00011326,8,False,DO,DO.01,False,0.0,0.008776083,0.0,0.013796423,0.0017962246,0.14841802,0.017325599,0.72466236,0.010004152,0.0,0.01689747,0.0009464914,0.05737721,0.0
99999E00011522,9,False,DO,DO.01,False,0.0,0.055820774,0.08246918,0.09577871,0.08556545,0.06261495,0.277568,0.0492027,0.011587751,0.027871255,0.041493833,0.011846996,0.14272158,0.055458814
99999E00011530,9,False,DO,DO.02,False,0.0,0.040754214,0.17680487,0.3111165,0.09935605,0.094463624,0.23618306,0.014372382,0.0,0.01457847,0.0,0.0,0.0,0.012370808
99999E00011539,5,False,DO,DO.01,False,0.020610798,0.018759025,0.16923161,0.17687643,0.097595185,0.07700763,0.32439977,0.033653636,0.0,0.02231064,0.020065632,0.013857906,0.0,0.025631674
99999E00011552,9,False,DO,DO.01,False,0.0,0.0,0.018171776,0.03614135,0.0,0.02229951,0.87833935,0.005611483,0.0,0.0030469904,0.020720929,0.0,0.009216275,0.006452368
99999E00011559,4,False,94,94.9,False,0.1457957,0.012617199,0.0013553994,0.049552254,0.005564455,0.07104265,0.21066162,0.0018261832,0.0,0.01991737,0.018182714,0.0074803624,0.4469822,0.00902189
99999E00011602,8,False,DO,DO.01,False,0.0,0.039338004,0.0,0.011683755,0.03476587,0.33737624,0.45204496,0.0039020143,0.027328638,0.009785805,0.01852597,0.037333455,0.018763393,0.009152024
99999E00011614,7,False,DO,DO.01,False,0.07075192,0.033533733,0.120763585,0.19204724,0.079022415,0.05153534,0.116014734,0.06943906,0.026225992,0.070832856,0.0345106,0.023290658,0.009101501,0.10293044
99999E00011615,5,False,DO,DO.01,False,0.078348644,0.00035159866,0.29734567,0.23990603,0.062037136,0.042334266,0.09870577,0.0,0.0,0.090823725,0.023882005,0.06626523,0.0,0.0
99999E00011644,4,False,96,96.0,False,0.99432516,0.0,0.0,0.0,0.0,0.0,0.0026951756,0.0,0.0,0.0,0.0,0.0029796343,0.0,0.0
99999E00011650,9,False,84,84.1,False,0.002876894,0.013231811,0.0022728934,0.0036992347,0.029563611,0.22418329,0.6543391,0.016464533,0.0063340096,0.004492175,0.010878932,0.0074421368,0.011165151,0.013056274
99999E00011653,3,False,IL,IL.01,False,1.0,0.0,0.0,0.0,0.0,0.0,0.0,0.0,0.0,0.0,0.0,0.0,0.0,0.0
99999E00011655,4,False,94,94.99,False,0.0056869593,0.00037829974,0.0,0.0003795058,0.0018971269,0.04579296,0.9391271,0.0020165266,0.0,0.0037773692,0.0009441413,0.0,0.0,0.0
99999E00011701,4,False,DO,DO.02,False,0.0059130765,0.0,0.0,0.0038581062,0.0040948307,0.1183119,0.8119904,0.0,0.05583173,0.0,0.0,0.0,0.0,0.0
99999E00011703,4,False,DO,DO.02,False,0.026642561,0.0,0.0,0.03878303,0.0,0.033591483,0.89009124,0.0027644618,0.0,0.0,0.004728287,0.0033989286,0.0,0.0
99999E00011730,4,False,DO,DO.02,False,0.0025410706,0.0029735505,0.013402901,0.020671358,0.012288815,0.1555155,0.77297765,0.006507133,0.0,0.0,0.0026626436,0.0,0.008761213,0.001698033
99999E00011744,2,False,DO,DO.02,False,0.0,0.0,0.0,0.0,0.014023626,0.39566925,0.53938353,0.006492763,0.0,0.0,0.0027945295,0.001770332,0.03739479,0.0024712814
99999E00011752,9,False,DO,DO.02,False,0.0,0.0052185515,0.032232814,0.049450725,0.02062649,0.15532456,0.64867914,0.00303865,0.0,0.008640335,0.027998518,0.014638366,0.015163525,0.01898826
99999E00011783,8,False,DO,DO.01,False,0.0146602,0.006464235,0.0,0.021415256,0.009702962,0.059539706,0.7630838,0.0025777626,0.0,0.033259746,0.012055996,0.029227858,0.026160983,0.021851493
99999E00011891,2,False,DO,DO.01,False,0.0,0.0,0.0,0.028295154,0.0,0.06090496,0.87918967,0.014489282,0.0029478364,0.010378629,0.0,0.003794447,0.0,0.0
99999E00011893,9,False,DO,DO.01,False,0.0,0.030545296,0.0073700575,0.20629038,0.28370395,0.18822792,0.13634454,0.018877061,0.0,0.0034651987,0.049596995,0.0056401393,0.06273128,0.007207291
99999E00011942,9,False,DO,DO.01,False,0.0043218303,0.08526083,0.16656165,0.29738104,0.111368015,0.16785029,0.05734452,0.016526047,0.0,0.027585842,0.017775813,0.024208395,0.017426532,0.00638931
99999E00011949,9,False,DO,DO.01,False,0.0,0.0,0.06839361,0.07170345,0.01555489,0.3796736,0.356532,0.013646101,0.0,0.0060361954,0.056052335,0.023284905,0.0,0.009122878
99999E00011953,5,False,DO,DO.01,False,0.0,0.0,0.0,0.0,0.0,0.0,0.0,0.0,0.0,0.0,1.0,0.0,0.0,0.0
99999E00011984,7,False,DO,DO.01,False,0.0,0.16869366,0.010811987,0.35929674,0.037274566,0.050697714,0.1982377,0.030400377,0.0,0.04500276,0.057468947,0.029756943,0.0,0.012358561
99999E00011999,8,False,DO,DO.01,False,0.0,0.034033656,0.018119136,0.12314229,0.016896375,0.35808364,0.21130829,0.051400747,0.031875398,0.10650861,0.010833682,0.0,0.03270312,0.005095103
99999E00012003,9,False,DO,DO.01,False,0.15246582,0.035563443,0.2056498,0.18812688,0.10919545,0.022461316,0.15460806,0.006176217,0.11884382,0.0039381906,0.0,0.0,0.0,0.0029711418
99999E00012024,5,False,DO,DO.01,False,0.035622597,0.06981394,0.23359159,0.17163824,0.032964535,0.002158257,0.14242224,0.0,0.003248745,0.034441244,0.008065066,0.23209216,0.0106776925,0.02326374
99999E00012030,4,False,DO,DO.01,False,0.04541463,0.0,0.090246595,0.1934367,0.10547914,0.13520758,0.20993446,0.0,0.0,0.0,0.07237748,0.05158048,0.06487567,0.0314473
99999E00012034,8,False,DO,DO.01,False,0.0,0.08951626,0.0090695815,0.483181,0.09803578,0.2353129,0.007791248,0.026189633,0.0075777574,0.01784545,0.002313125,0.007970769,0.01519654,0.0
99999E00012040,9,False,DO,DO.01,False,0.0,0.012610359,0.002710275,0.070545875,0.018936817,0.39609486,0.44433403,0.0054567223,0.0,0.0025650533,0.0022586514,0.032154128,0.0112820845,0.0010511293
99999E00012088,4,False,DO,DO.01,False,0.052227654,0.0,0.14532043,0.0,0.0,0.03465231,0.5775607,0.0,0.0,0.014585202,0.0,0.0959168,0.079736866,0.0
99999E00012179,5,False,DO,DO.01,False,0.01442302,0.00034542524,0.07186663,0.1704401,0.03834827,0.040578377,0.6146933,0.01377459,0.0,0.0,0.016659195,0.0073933126,0.011477815,0.0
99999E00012191,5,False,DO,DO.01,False,0.0055398582,0.037552673,0.14946805,0.40390888,0.023186598,0.07499153,0.10303226,0.012115417,0.0,0.038323756,0.05875323,0.038559917,0.02756841,0.026999343
99999E00012294,4,False,DO,DO.01,False,0.03704897,0.0171986,0.03496165,0.14206427,0.1264029,0.046958406,0.38082036,0.004392411,0.0,0.058631387,0.029895904,0.02265831,0.04806725,0.050899535
99999E00012408,9,False,DO,DO.01,False,0.0,0.0,0.0045412183,0.057884514,0.016049985,0.064269654,0.8319177,0.013578681,0.0,0.0,0.0047436,0.0,0.007014772,0.0
99999E00012432,9,False,DO,DO.01,False,0.0,0.0,0.060775213,0.11856214,0.12001857,0.0,0.56626445,0.0,0.0,0.052164324,0.0,0.057491,0.024724383,0.0
99999E00012449,7,False,01,01.50,False,0.027381912,0.17443329,0.05051644,0.0336316,0.005090399,0.02136943,0.024051048,0.02344412,0.03961513,0.24547839,0.069248796,0.019358214,0.23919417,0.027187027
99999E00012471,9,False,DO,DO.01,False,0.0,0.041297775,0.0027079605,0.02572286,0.07061117,0.6045441,0.017894091,0.064013146,0.0031735636,0.007790636,0.016672745,0.0703144,0.07311741,0.0021401176
99999E00012503,2,False,85,85.3,False,0.0,0.0,0.0,0.0,0.014095706,0.29601607,0.56909037,0.0,0.0,0.0,0.0,0.0,0.120797954,0.0
99999E00012530,4,False,DO,DO.02,False,0.034168944,0.0,0.011380804,0.011647688,0.008956999,0.18349439,0.69089687,0.010684722,0.006940542,0.0026766425,0.018358802,0.0033399502,0.014789426,0.002664157
99999E00012594,8,False,DO,DO.01,False,0.0210815,0.07163927,0.03440609,0.20089802,0.075129375,0.2299105,0.21619353,0.027692484,0.008228767,0.051023588,0.01802904,0.03310522,0.0023793904,0.010283193
99999E00012622,7,False,DO,DO.01,False,0.0022477158,0.0,0.033949308,0.23837307,0.10162076,0.36744317,0.19056313,0.014462173,0.0,0.008965267,0.0046442123,0.00823256,0.02904753,0.00045114296
99999E00012631,9,False,DO,DO.01,False,0.012916032,0.013621451,0.0,0.29242578,0.091515616,0.22126587,0.26718834,0.021371696,0.021120427,0.019450521,0.019556643,0.010194239,0.0,0.009373331
99999E00012647,4,False,DO,DO.01,False,0.03382987,0.055773485,0.0974704,0.11301757,0.0015702944,0.075875744,0.3580832,0.06614242,0.012045154,0.034107164,0.10110326,0.007904437,0.021354754,0.021722402
99999E00012649,9,False,DO,DO.01,False,0.0,0.028899597,0.034569368,0.07140801,0.02681314,0.07634192,0.69568133,0.012166809,0.0038415487,0.0020933126,0.021179935,0.015247359,0.011757744,0.0
99999E00012652,4,False,DO,DO.01,False,0.08853371,0.00678192,0.04526305,0.071124926,0.014804126,0.059539337,0.68997514,0.0045536705,0.0016851017,0.009974476,0.0011841631,0.0047992696,0.0,0.001781115
99999E00012669,9,False,DO,DO.01,False,0.0066729835,0.005750378,0.04276319,0.18184285,0.042704843,0.2198605,0.44282728,0.017956885,0.0036447295,0.0033755049,0.01973918,0.004351182,0.008510461,0.0
99999E00012676,5,False,DO,DO.01,False,0.014387879,0.0052428837,0.014199092,0.017740581,0.046856157,0.11431706,0.12568049,0.005065656,0.001114999,0.008123234,0.08218783,0.31111398,0.23772518,0.016244926
99999E00012693,9,False,DO,DO.01,False,0.0,0.049438942,0.06957022,0.096118204,0.06945253,0.06289902,0.5038895,0.0270908,0.0,0.021789147,0.016452188,0.0040689153,0.06930249,0.009928096
99999E00012706,4,False,DO,DO.01,False,0.0004454487,0.012620812,0.06423551,0.1835773,0.18295284,0.32445446,0.057556584,0.029937368,0.0030076527,0.0,0.06308728,0.027331108,0.04764063,0.003153105
99999E00012767,7,False,DO,DO.01,False,0.0,0.06982261,0.13386354,0.16148552,0.14566548,0.06619869,0.03173346,0.076613985,0.0072443713,0.14269857,0.032532245,0.10850305,0.0,0.023638437
99999E00012855,9,False,DO,DO.01,False,0.0,0.0031696744,0.0064932723,0.022915531,0.082117,0.058855608,0.6119486,0.012469666,0.045190662,0.053816058,0.0,0.027907578,0.050043993,0.025072353
99999E00012952,5,False,DO,DO.01,False,0.007059865,0.025885094,0.04158678,0.18143734,0.075266466,0.3226341,0.021982145,0.01786389,0.0006082378,0.07777585,0.06710424,0.026939016,0.12723958,0.0066174115
99999E00012962,5,False,68,68.31,False,0.0,0.02749663,0.008431617,0.08340303,0.18440321,0.3320333,0.124263935,0.021189984,0.0,0.025200976,0.07677209,0.010360308,0.049770433,0.05667446
99999E00012964,9,False,DO,DO.01,False,0.0,0.005631863,0.0765231,0.12552166,0.4483827,0.032294746,0.28146347,0.0029361318,0.0028253852,0.0,0.0008400524,0.0015477492,0.010396661,0.011636482
99999E00012965,7,False,DO,DO.01,False,0.067325614,0.021440564,0.19997422,0.20397615,0.090580426,0.057431497,0.20210242,0.04107348,0.0042762156,0.011744722,0.042071488,0.008050125,0.031324767,0.018628307
99999E00013045,7,False,DO,DO.01,False,0.0010268049,0.039228007,0.0891519,0.28578958,0.24781805,0.12011593,0.07706217,0.011891573,0.018669387,0.021040497,0.038430877,0.01142771,0.025460713,0.012886853
99999E00013081,5,False,DO,DO.01,False,0.002516457,0.050620906,0.1799267,0.13060048,0.051751487,0.30359778,0.02122577,0.0,0.0,0.11371469,0.061853793,0.015317567,0.06077791,0.008096428
99999E00013085,9,False,DO,DO.01,False,0.0,0.0,0.0,0.0,0.0,0.0038304555,0.92954475,0.0,0.0,0.033846155,0.0,0.0,0.0,0.03277865
99999E00013164,8,False,DO,DO.01,False,0.034095623,0.031870637,0.25399783,0.39282268,0.024034778,0.03284583,0.024600705,0.06188242,0.0024423797,0.03742254,0.07117491,0.010191985,0.0038787632,0.018738994
99999E00013195,5,False,DO,DO.01,False,0.29334906,0.0,0.09601309,0.1534357,0.05181928,0.053502236,0.10412128,0.025472596,0.0,0.049516637,0.039914675,0.04597461,0.027070748,0.059810042
99999E00013325,2,False,55,55.10,False,0.0,0.0,0.0,0.0,0.00061796384,0.8170581,0.17068172,0.0,0.0,0.0,0.0,0.0,0.01164217,0.0
99999E00013332,2,False,84,84.11,False,0.0,0.0,0.0,0.0043813623,0.0,0.0074744304,0.9881442,0.0,0.0,0.0,0.0,0.0,0.0,0.0
99999E00013346,2,False,DO,DO.02,False,0.0,0.0,0.0019790195,0.0,0.0,0.023602022,0.97441894,0.0,0.0,0.0,0.0,0.0,0.0,0.0
99999E00013376,9,False,DO,DO.01,False,0.0,0.0035947396,0.006837708,0.005627051,0.018919885,0.027729563,0.89974916,0.018882653,0.0026344303,0.0,0.009095975,0.0053972444,0.0,0.001531616
99999E00013601,5,False,96,96.0,False,0.0,0.0,0.0,0.0,0.022738393,0.0,0.0016591158,0.01544254,0.008529557,0.0039988942,0.38248995,0.004339226,0.42518032,0.13562207
99999E00013622,9,False,DO,DO.01,False,0.002245202,0.018246569,0.042299222,0.13341013,0.2203077,0.11947436,0.253797,0.021681774,0.0048284493,0.0067231627,0.027572474,0.013157224,0.08810624,0.048150517
99999E00013630,8,False,DO,DO.01,False,0.0,0.035476673,0.0,0.0614612,0.09972934,0.3351253,0.16960664,0.022065734,0.0011292411,0.039801914,0.06753207,0.09272047,0.060821805,0.014529632
99999E00013697,9,False,DO,DO.01,False,0.007203093,0.0,0.0060186083,0.06287385,0.047430206,0.020384945,0.81749195,0.0056173676,0.0,0.0093948,0.0006513288,0.0022769028,0.016744925,0.003912096
99999E00013703,5,False,DO,DO.01,False,0.016490202,0.0770685,0.087779626,0.10370771,0.0,0.33742735,0.17461981,0.071220115,0.0,0.07557079,0.029438265,0.026677705,0.0,0.0
99999E00013753,2,False,DO,DO.02,False,0.0,0.0,0.0,0.002317495,0.0,0.06057181,0.9371107,0.0,0.0,0.0,0.0,0.0,0.0,0.0
99999E00013783,9,False,DO,DO.02,False,0.02552589,0.017667882,0.05812096,0.09004855,0.0101334965,0.06922533,0.6913937,0.0009506473,0.0,0.018487057,0.0070691747,0.003276699,0.0025788837,0.0055218446
99999E00013809,5,False,16,16.10,False,0.0,0.0,0.36828193,0.0,0.0,0.0,0.0,0.0,0.0,0.6317181,0.0,0.0,0.0,0.0
99999E00013826,5,False,DO,DO.01,False,0.0,0.08772302,0.1039423,0.3143977,0.105165295,0.1618766,0.009600945,0.029468412,0.0,0.044052865,0.10836838,0.0035441965,0.0,0.031860333
99999E00013841,2,False,68,68.32,False,0.0,0.0,0.0,0.0,0.0,0.044682104,0.94853085,0.002860986,0.0,0.0,0.0,0.0,0.003926087,0.0
99999E00013925,8,False,DO,DO.01,False,0.0,0.05313649,0.010546226,0.040315367,0.17408822,0.34151277,0.1261149,0.01876994,0.0072995946,0.03677615,0.06836784,0.06921176,0.048911233,0.0049495148
99999E00013961,5,False,DO,DO.01,False,0.0,0.011476169,0.048777606,0.08351393,0.32643187,0.19429891,0.004147713,0.007247616,0.0,0.047213662,0.07162735,0.0649456,0.080407806,0.059911758
99999E00013973,9,False,DO,DO.01,False,0.040327355,0.037792195,0.15278247,0.12981917,0.12377793,0.041633893,0.24360779,0.0038237197,0.00089749537,0.074357264,0.041430123,0.030057853,0.054628845,0.025063941
99999E00013976,7,False,DO,DO.01,False,0.0,0.040608414,0.06125197,0.5016105,0.09802324,0.12865208,0.066374466,0.018717406,0.018048182,0.020706119,0.003763198,0.012167357,0.0066372575,0.023439888
99999E00013984,7,False,DO,DO.01,False,0.032772508,0.036610782,0.08956041,0.14561345,0.08441439,0.093892545,0.25999326,0.01689394,0.028387036,0.10258249,0.009286531,0.065872945,0.002461395,0.03165836
99999E00014027,8,False,DO,DO.01,False,0.008610708,0.051706105,0.049616843,0.11421355,0.05431529,0.1878269,0.2304508,0.14279959,0.04189721,0.029095368,0.050369743,0.024807414,0.012223424,0.0020670742
99999E00014045,4,False,DO,DO.01,False,0.08522255,0.025976012,0.1506953,0.12069917,0.044627324,0.14817527,0.3123859,0.0,0.0031838254,0.031472225,0.00997582,0.021998918,0.03968946,0.005898225
99999E00014098,7,False,DO,DO.01,False,0.001673316,0.16345379,0.009155363,0.11172461,0.05645731,0.40214524,0.06932862,0.056103956,0.0270489,0.05988145,0.0,0.042692352,0.00033511914,0.0
99999E00014116,4,False,DO,DO.01,False,0.026715836,0.03208088,0.12584385,0.047414795,0.09249122,0.062425077,0.41408405,0.017407913,0.0064635817,0.06327747,0.023260692,0.022818541,0.015981182,0.04973494
99999E00014172,8,False,DO,DO.01,False,0.011076156,0.051031396,0.1391297,0.06489876,0.21771847,0.026816292,0.10245972,0.02839347,0.048212737,0.09476384,0.10529738,0.04462344,0.014855478,0.050723135
99999E00014239,4,False,DO,DO.01,False,0.54991406,0.0,0.0,0.00548068,0.0,0.14794135,0.2966639,0.0,0.0,0.0,0.0,0.0,0.0,0.0
99999E00014341,8,False,DO,DO.01,True,0.016755551,0.004655236,0.08239933,0.002975204,0.10942436,0.00379205,0.0020578236,0.09604301,0.0021528604,0.0059370557,0.47766554,0.14918041,0.040094566,0.0068670036
99999E00014367,9,False,DO,DO.01,False,0.0,0.011610673,0.010294326,0.0803889,0.105452426,0.13460264,0.49047503,0.06704899,0.0,0.016558444,0.02427301,0.0,0.053172644,0.0061229533
99999E00014471,4,False,84,84.11,True,0.050048325,0.0008739888,0.07071116,0.0076530045,0.0064755166,0.115946524,0.657437,0.0,0.001146282,0.07522087,0.0,0.0,0.014487321,0.0
99999E00014483,8,False,DO,DO.01,False,0.0,0.004223247,0.015346699,0.3617551,0.089764796,0.22221771,0.082478814,0.047207274,0.0,0.0026846805,0.1359927,0.013375663,0.02415265,0.00080070045
99999E00014492,9,False,DO,DO.01,False,0.0,0.020983577,0.0024827707,0.06764966,0.055105843,0.12457177,0.68251365,0.01092919,0.0,0.0110474955,0.0075732837,0.011867311,0.005275471,0.0
99999E00014502,9,False,DO,DO.01,False,0.000730096,0.0,0.0,0.00023508766,0.008413489,0.011032564,0.7149446,0.11212687,0.006304322,0.006872175,0.0842127,0.026341405,0.028786648,0.0
99999E00014503,9,False,DO,DO.01,False,0.019146595,0.002533444,0.09853742,0.23031346,0.23591004,0.12261951,0.12568265,0.053033978,0.009706744,0.009234548,0.02511682,0.038810555,0.029354282,0.0
99999E00014511,8,False,DO,DO.01,False,0.0,0.011305862,0.0,0.0036747982,0.0022085444,0.7377553,0.20414308,0.010043182,0.0017667046,0.0031131702,0.017705012,0.0033448911,0.0025823081,0.0023571334
99999E00014530,4,False,70,70.2,False,0.0,0.0,0.0,0.0,0.0,0.0,0.9720974,0.0,0.0,0.02143385,0.0064687445,0.0,0.0,0.0
99999E00014566,9,False,DO,DO.01,False,0.004414079,0.109611556,0.031609025,0.19727401,0.23026934,0.034720305,0.1151457,0.074157156,0.008889596,0.028247267,0.022221625,0.027333574,0.075927824,0.040178828
99999E00014575,8,False,DO,DO.01,False,0.0,0.008571104,0.0,0.012780262,0.061960008,0.021447232,0.71310925,0.011872521,0.016126618,0.028945828,0.037316207,0.00015877963,0.0793329,0.008379371
99999E00014626,4,False,DO,DO.01,False,0.0016733453,0.016340414,0.108711615,0.0824172,0.013342144,0.15030436,0.49914822,0.05080967,0.07081033,0.0,0.0,0.0,0.0051246355,0.0013180977
99999E00014627,7,False,DO,DO.01,False,0.0,0.11603513,0.006451792,0.06514229,0.06874975,0.018758759,0.6496053,0.033355072,0.0,0.017995644,0.011127608,0.0127787115,0.0,0.0
99999E00014631,9,False,DO,DO.01,False,0.0,0.0,0.04980962,0.076533884,0.011279374,0.054162756,0.7325713,0.00806458,0.0,0.0321921,0.028422322,0.004193897,0.0027701792,0.0
99999E00014648,9,False,DO,DO.01,False,0.049402025,0.10425781,0.12069613,0.17302936,0.09605373,0.0175438,0.14428326,0.035740845,0.013517134,0.09271716,0.08350138,0.025466481,0.031945333,0.011845498
99999E00014698,9,False,DO,DO.01,False,0.0,0.031697337,0.10973171,0.13004349,0.07775404,0.13851894,0.23411746,0.0427691,0.012366739,0.041282993,0.0404595,0.041566513,0.06254888,0.037143223
99999E00014765,9,False,55,55.10,False,0.0,0.0,0.0083166575,0.26148993,0.0091584325,0.41101485,0.30607316,0.0025596912,0.0,0.0,0.0,0.0,0.0013872392,0.0
99999E00014784,5,False,DO,DO.01,False,0.034929257,0.027341831,0.17969994,0.23365073,0.03195264,0.14332405,0.056831896,0.102144584,0.011823119,0.07680859,0.020141676,0.031659145,0.024825422,0.024867104
99999E00014806,9,False,DO,DO.01,False,0.0,0.01995644,0.055699483,0.25264445,0.21532725,0.15231335,0.13096155,0.05127333,0.0006801769,0.031935804,0.040410507,0.020050215,0.016985668,0.011761809
99999E00014810,4,False,DO,DO.01,False,0.3440491,0.0,0.0031520822,0.0,0.0017097335,0.0,0.6089493,0.022797972,0.0,0.018764285,0.0,0.0005775507,0.0,0.0
99999E00014816,7,False,DO,DO.01,False,0.0145035805,0.0,0.09103112,0.03939409,0.03336535,0.39826223,0.26687813,0.004171188,0.0,0.0002618031,0.054434784,0.004258975,0.09124357,0.002195198
99999E00014850,9,False,DO,DO.01,False,0.0721576,0.0,0.45322207,0.029584471,0.033413082,0.03796893,0.2718818,0.008368986,0.048780724,0.0030501252,0.02158974,0.014620097,0.0,0.0053623784
99999E00014877,4,False,DO,DO.01,False,0.0,0.05820121,0.01521923,0.07125877,0.0,0.33923396,0.3197969,0.093108915,0.0,0.017991463,0.0817753,0.0034142258,0.0,0.0
99999E00014907,5,False,DO,DO.01,False,0.0006896973,0.005110495,0.033378907,0.16470505,0.34603426,0.13640398,0.05979452,0.055110496,0.00696125,0.020280775,0.013517456,0.029308058,0.06334911,0.06535597
99999E00014909,9,False,DO,DO.01,False,0.0,0.04333795,0.07125552,0.3292863,0.051820047,0.124768436,0.14913465,0.017226819,0.0060013486,0.06817973,0.024951795,0.019243829,0.04639482,0.048398815
99999E00014912,9,False,DO,DO.01,False,0.0034049796,0.0072889253,0.094510555,0.18020351,0.10324092,0.1732992,0.27465668,0.05310017,0.0,0.020976296,0.029749144,0.02233407,0.031535298,0.00570026
99999E00014967,7,False,DO,DO.01,False,0.0,0.0,0.04027003,0.39252323,0.11874281,0.07822045,0.12983622,0.0,0.0,0.11381584,0.03015051,0.016219564,0.0,0.08022133
99999E00014973,5,False,DO,DO.01,False,0.0010348206,0.010352011,0.016393539,0.07989804,0.025754478,0.062928125,0.0035229553,0.131154,0.029009216,0.054113127,0.41753867,0.12796393,0.026538203,0.013798875
99999E00014983,7,False,DO,DO.01,False,0.0007166075,0.03350048,0.01901766,0.052191075,0.04680182,0.28703436,0.27674276,0.08963106,0.01932084,0.0041618356,0.06256351,0.02137879,0.0818917,0.005047489
99999E00014995,9,False,DO,DO.01,False,0.0,0.038785033,0.0024297878,0.08707885,0.2741187,0.19420452,0.12302232,0.0041282265,0.0020826755,0.0049864175,0.0508919,0.11540627,0.09451207,0.0083532855
99999E00015015,9,False,DO,DO.01,False,0.0,0.01760217,0.058536604,0.1183827,0.070631355,0.3695079,0.2423605,0.00832836,0.004977033,0.038809165,0.018744256,0.007161826,0.033173665,0.01178438
99999E00015040,8,False,DO,DO.01,False,0.019914005,0.054725416,0.046034813,0.12688027,0.22076967,0.27460358,0.07816866,0.020982428,0.0026499925,0.00546695,0.04088188,0.042280406,0.06657915,6.28033e-05
99999E00015044,4,False,DO,DO.02,False,0.011721456,0.0,0.014337487,0.013355174,0.0064850147,0.09993782,0.8373958,0.0032942798,0.0,0.0018747756,0.0,0.0,0.011598188,0.0
99999E00015078,7,False,DO,DO.01,False,0.0060721575,0.0,0.11816496,0.29860097,0.057194073,0.11475285,0.2844786,0.00030906807,0.003461562,0.023365546,0.03991717,0.018142294,0.016500114,0.019040653
99999E00015106,8,False,DO,DO.01,False,0.0,0.005481273,0.0016515745,0.06706205,0.043452345,0.3990158,0.42211,0.019698787,0.006208117,0.0024104246,0.0130246915,0.017122481,0.0027624897,0.0
99999E00015108,8,False,DO,DO.01,False,0.0,0.011327093,0.01772819,0.05275128,0.051617995,0.2248838,0.40365234,0.106739834,0.034235474,0.0046939454,0.036889117,0.03755638,0.008615677,0.009308937
99999E00015117,4,False,DO,DO.01,False,0.0020336406,0.1082369,0.017200662,0.06149466,0.0,0.09408276,0.41246426,0.06354929,0.007838043,0.113563724,0.05718859,0.05051563,0.01183185,0.0
99999E00015131,5,False,01,01.4,False,0.009304764,0.0,0.008367735,0.0043859077,0.0025708233,0.028827295,0.9354564,0.0,0.0,0.0,0.0,0.0,0.008682262,0.0024048227
99999E00015200,8,False,DO,DO.01,False,0.0,0.025276419,0.0,0.0035959946,0.028933203,0.28950927,0.06358318,0.28753832,0.18365517,0.0054316646,0.04744744,0.023975011,0.041054275,0.0
99999E00015243,5,False,DO,DO.01,False,0.0,0.0,0.080599286,0.0,0.09044258,0.016053269,0.3578475,0.01948395,0.008431948,0.06009481,0.082329094,0.040437154,0.16532405,0.07895631
99999E00015251,9,False,DO,DO.01,False,0.016102986,0.035256907,0.0969751,0.09446739,0.0,0.059902515,0.5195148,0.052915126,0.028373701,0.028276963,0.013171112,0.01657179,0.0,0.038471553
99999E00015265,8,False,DO,DO.01,False,0.0,0.0016656439,0.0,0.0057486277,0.0061812946,0.30908418,0.0017896098,0.15712593,0.037184387,0.014799375,0.15667807,0.18882178,0.119446285,0.0014748331
99999E00015413,9,False,DO,DO.01,False,0.05346993,0.020364463,0.10319264,0.23147866,0.11213202,0.060536865,0.17332567,0.13305612,0.018038096,0.011681585,0.011638057,0.012367137,0.05173973,0.006979103
99999E00015545,7,False,DO,DO.01,False,0.0,0.067693405,0.08801044,0.23521146,0.10378755,0.08791167,0.12051769,0.054165468,0.010455691,0.04452246,0.06003445,0.07151942,0.024129184,0.03204113
99999E00015558,9,False,DO,DO.01,False,0.033840355,0.0,0.07149741,0.09616999,0.05469623,0.14460754,0.49958166,0.0050022174,0.0016067998,0.016728751,0.022709534,0.026947524,0.01193348,0.014678491
99999E00015644,7,False,DO,DO.01,False,0.005186236,0.039739404,0.0582937,0.34558266,0.13492161,0.13311203,0.14765184,0.039947264,0.014368626,0.020873327,0.030636493,0.010219637,0.018910913,0.00055632315
99999E00015675,8,False,DO,DO.01,False,0.0,0.0029969867,0.0,0.013667172,0.16471876,0.39499798,0.006585246,0.07465005,0.0033203026,0.009859184,0.012865164,0.0112564955,0.30508265,0.0
99999E00015728,9,False,DO,DO.01,False,0.04542135,0.084242195,0.0116393855,0.05512118,0.002362595,0.060302556,0.594913,0.034679987,0.0015342857,0.022291224,0.005881543,0.08161067,0.0,0.0
99999E00015936,8,False,DO,DO.01,False,0.0,0.19647026,0.0,0.058623128,0.052812867,0.30510005,0.15580666,0.051068846,0.02689749,0.082064375,0.03197647,0.019705907,0.008803714,0.010670206
99999E00015959,9,False,84,84.24,False,0.028676797,0.025981005,0.03536049,0.2306807,0.07603044,0.2558564,0.23935908,0.0095455535,0.021244867,0.052225295,0.0032971064,0.003705102,0.007879694,0.010157547
99999E00015966,8,False,DO,DO.01,False,0.0,0.026064418,0.0066556116,0.08163951,0.05343414,0.2621378,0.34543243,0.0150796985,0.14353105,0.0057389843,0.0046673496,0.014665111,0.028802734,0.012151211
99999E00015970,5,False,DO,DO.01,False,0.024366712,0.02037842,0.10806277,0.30949757,0.11974441,0.16723718,0.023845028,0.056528453,0.0021363692,0.11770609,0.009490806,0.010513601,0.030492589,0.0
99999E00016040,5,False,DO,DO.01,False,0.0,0.15093979,0.050129086,0.08193444,0.1722572,0.18283556,0.0,0.09434114,0.0,0.0,0.26756275,0.0,0.0,0.0
99999E00016045,9,False,DO,DO.01,False,0.010601331,0.034406796,0.15701379,0.27667707,0.2929331,0.015079198,0.088646024,0.016987044,0.027873572,0.0,0.029391324,0.028778322,0.0,0.021612426
99999E00016089,8,False,DO,DO.01,False,0.024650436,0.012446081,0.23617716,0.21334885,0.12703364,0.058982663,0.17078838,0.011437694,0.006163606,0.022605741,0.052028462,0.014645545,0.006451603,0.04324018
99999E00016229,9,False,DO,DO.01,False,0.0019084021,0.078368776,0.024049735,0.19673389,0.026908195,0.16985056,0.40796998,0.036991518,0.0027231327,0.0214785,0.015910715,0.0070646787,0.005363411,0.0046784854
99999E00016231,8,False,DO,DO.01,False,0.0,0.22573085,0.014890313,0.3021238,0.018706834,0.2619464,0.051316474,0.03230898,0.022807496,0.009621433,0.021023411,0.027908253,0.010307302,0.0013084206
99999E00016296,9,False,DO,DO.02,False,0.0,0.011717025,0.04577206,0.2397352,0.14390005,0.16954805,0.32010472,0.005912195,0.0,0.021088813,0.0068967976,0.010916113,0.013557494,0.01085149
99999E00016300,9,False,68,68.20,False,0.004746468,0.0040345984,0.014378944,0.13952431,0.21902308,0.015699543,0.571647,0.0073087914,0.0,0.016037276,0.0021072943,0.0,0.0,0.0054927166
99999E00016301,8,False,68,68.20,False,0.0,0.07391931,0.09147,0.19368789,0.19670632,0.0922899,0.08091925,0.047990046,0.017195355,0.0708858,0.066933185,0.026243163,0.025755994,0.016003797
99999E00016303,7,False,68,68.20,False,0.004445523,0.13927403,0.16131166,0.25517762,0.1645401,0.030191563,0.10195421,0.018432068,0.008521063,0.024666086,0.029901575,0.0246518,0.006322587,0.030610114
99999E00016420,6,False,81,81.22,False,0.03404869,0.01691614,0.016656445,0.046160504,0.042077545,0.046737604,0.20134896,0.04839675,0.006867448,0.14802524,0.09273219,0.10099188,0.09801984,0.10102074
99999E00016429,8,False,DO,DO.01,False,0.0,0.023807004,0.0,0.017243618,0.032693733,0.37280658,0.3678611,0.0217187,0.002496951,0.024430992,0.039801646,0.043867413,0.03316114,0.020111155
99999E00016473,8,False,DO,DO.01,False,0.0,0.026940048,0.05247773,0.2651533,0.04477818,0.19544613,0.28294292,0.026255922,0.010625188,0.027175272,0.02945569,0.024197562,0.005137822,0.0094143525
99999E00016486,8,False,DO,DO.01,False,0.00054146326,0.016377967,0.044801872,0.43883425,0.25541973,0.07868607,0.010366495,0.061935686,0.026825747,0.0016486777,0.005685364,0.0069331257,0.040794656,0.011148896
99999E00016495,9,False,DO,DO.01,False,0.00023173494,0.056543328,0.06346351,0.27611795,0.13092445,0.03963247,0.26569858,0.032121364,0.0013150958,0.0002722886,0.009411335,0.027272306,0.030334104,0.066661455
99999E00016498,9,False,DO,DO.01,False,0.0,0.019947348,0.099899635,0.23588946,0.0428374,0.008943726,0.41491112,0.0042038667,0.0,0.018076627,0.12516487,0.0,0.016011477,0.014114482
99999E00016499,5,False,DO,DO.01,False,0.04208346,0.084632985,0.06918397,0.31335607,0.06258146,0.045717,0.26999527,0.009985761,0.0,0.0,0.06483408,0.012031243,0.02559876,0.0
99999E00016506,9,False,DO,DO.01,False,0.0,0.015550615,0.044705454,0.08199454,0.13296881,0.03728045,0.60230047,0.0068971105,0.0,0.007318127,0.0059503643,0.0107315965,0.042089753,0.01221271
99999E00016586,7,False,DO,DO.01,False,0.0,0.06342444,0.11165078,0.2376284,0.19926472,0.043697044,0.12657405,0.07290644,0.0043521984,0.011755821,0.02312894,0.04496322,0.03151985,0.02913408
99999E00016676,8,False,DO,DO.01,False,0.0,0.12279163,0.032398645,0.14396943,0.0722863,0.3158068,0.034113776,0.10320003,0.061726175,0.02258443,0.018180354,0.0042291135,0.053772133,0.014941179
99999E00016687,5,False,DO,DO.01,False,0.0,0.0,0.037950426,0.10352665,0.058872588,0.20236075,0.18222216,0.01910853,0.0,0.058121726,0.08110403,0.03565886,0.20428883,0.016785523
99999E00016727,5,False,DO,DO.01,False,0.0,0.111650944,0.0016004572,0.20800228,0.16704772,0.1813661,0.07099171,0.09865676,0.053929694,0.039392207,0.023454322,0.007573593,0.029541774,0.006792417
99999E00016774,5,False,DO,DO.01,False,0.01641775,0.024849713,0.097942926,0.09290253,0.062151957,0.24443127,0.21167292,0.034959007,0.0072880187,0.059822142,0.04024429,0.030500652,0.047362898,0.029453995
99999E00016805,7,False,DO,DO.02,False,0.0028181847,0.013804044,0.014597185,0.02865436,0.020537311,0.037429545,0.80313206,0.0037463298,0.0,0.033396333,0.008876439,0.022562355,0.0,0.010445846
99999E00016820,7,False,DO,DO.01,False,0.0,0.035826217,0.011685477,0.16454001,0.08268497,0.2560999,0.027810426,0.19450803,0.0893668,0.019391406,0.032246463,0.0149989,0.064252935,0.0065884735
99999E00016822,5,False,DO,DO.01,False,0.0,0.20204909,0.00654719,0.17276411,0.06345077,0.22084136,0.032628443,0.06314975,0.013255642,0.022286247,0.05220551,0.10009998,0.05072191,0.0
99999E00016829,7,False,DO,DO.01,False,0.0006235427,0.0048730643,0.16365114,0.030364955,0.11982499,0.20891823,0.15841128,0.043752782,0.0,0.074929915,0.035473812,0.062747255,0.08886269,0.00756635
99999E00016879,4,False,74,74.90,False,0.40282238,0.0017855858,0.14011809,0.15104409,0.031386245,0.066704854,0.13738461,0.00091618637,0.003323253,0.041785218,0.0021378412,0.0010804893,0.014095563,0.0054154797
99999E00016883,9,False,DO,DO.01,False,0.061203953,0.0036686389,0.14268544,0.036241665,0.009799829,0.035819963,0.6817293,0.0020422908,0.008639796,0.0023790745,0.0014349287,0.0112016555,0.0,0.0031533884
99999E00016951,5,False,DO,DO.01,False,0.0023890678,0.0,0.0,0.010593862,0.5728951,0.36891958,0.03370327,0.0,0.0,0.0,0.0,0.0,0.011499111,0.0
99999E00017086,8,False,DO,DO.01,False,0.0,0.043932647,0.050531525,0.22576778,0.17436942,0.24333121,0.07914187,0.04035493,0.0044971253,0.02412461,0.043423425,0.014593087,0.036756177,0.019176107
99999E00017124,5,False,DO,DO.01,False,0.0,0.0,0.0,0.0,0.0,0.0,0.0,0.0,0.0,0.0,0.88634574,0.11365429,0.0,0.0
99999E00017174,4,False,74,74.20,False,0.0,0.036734875,0.0065082605,0.006270692,0.0063140322,0.07786557,0.41938993,0.001600379,0.0,0.4170793,0.0,0.021902077,0.0042810533,0.0020538464
99999E00017204,9,False,DO,DO.01,False,0.0,0.005391406,0.005665444,0.06535048,0.01953043,0.059487157,0.80404747,0.010106413,0.011300905,0.016532205,0.0,0.0,0.0,0.0025880667
99999E00017216,8,False,DO,DO.01,False,0.006083815,0.26446924,0.0,0.19407964,0.009156624,0.263862,0.14237891,0.0030686092,0.0,0.049929406,0.007810733,0.022272918,0.034551557,0.0023365594
99999E00017232,8,False,DO,DO.01,False,0.0,0.011263706,0.00110874,0.016313564,0.08329766,0.47712135,0.08587706,0.09862385,0.0354176,0.055221897,0.0059565287,0.018712627,0.099751525,0.011333856
99999E00017274,5,False,DO,DO.01,False,0.0004903278,0.09557135,0.17531714,0.14446466,0.07952706,0.054342706,0.014545412,0.008963897,0.00058575085,0.09750623,0.06034849,0.14169444,0.062471285,0.064171284
99999E00020341,6,False,53,53.10,False,0.00013531467,0.0,0.0,0.0,0.0028775262,0.0,0.396786,0.0020378528,0.0,0.0018566799,0.004311094,0.0,0.5919956,0.0
99999E00020380,8,False,47,47.71,False,0.0012339666,0.0087608555,0.0,0.002077286,0.0,0.0641256,0.045611914,0.002329575,0.0,0.81811976,0.016756121,0.02203448,0.009927476,0.009023003
99999E00020425,6,False,74,74.10,False,0.0,0.0,0.0,0.0,0.19834076,0.07449619,0.0,0.0,0.0,0.21988805,0.05831506,0.04500243,0.1517206,0.25223684
99999E00020434,2,False,16,16.23,False,0.0,0.0,0.0,0.0,0.0,0.43231654,0.16169557,0.0029017502,0.0027742733,0.0,0.0,0.0,0.40031183,0.0
99999E00020458,7,False,91,91.04,False,0.006830939,0.0,0.0,0.0,0.0075861644,0.35827553,0.3562023,0.0024769641,0.0,0.09375102,0.0020361722,0.00040361378,0.17186111,0.0005761399
99999E00020459,4,False,DO,DO.02,False,0.009249753,0.020516453,0.023137037,0.076383665,0.05112486,0.23141012,0.4650866,0.034248307,0.036803827,0.007771384,0.027883003,0.004117026,0.00983532,0.0024326239
99999E00020477,8,False,DO,DO.01,False,0.0014358851,0.038811654,0.0,0.055489875,0.06732943,0.1439947,0.18083888,0.17036934,0.1325111,0.02788275,0.030051887,0.0706675,0.06347767,0.017139325
99999E00020513,9,False,DO,DO.01,False,0.008928016,0.0,0.02492905,0.03218,0.0825519,0.31929109,0.30103472,0.008069467,0.0,0.12524356,0.009412895,0.0,0.051962208,0.03639712
99999E00020516,4,False,DO,DO.02,False,0.0024028006,0.00596667,0.007535945,0.021050781,0.0087825665,0.21375883,0.6506774,0.047916684,0.011300251,0.00426051,0.0014201701,0.00244191,0.022485618,0.0
99999E00020529,2,False,64,64.19,False,0.0,0.0,0.0,0.0,0.0,0.53388584,0.46023965,0.0,0.0,0.0,0.0,0.0,0.005874585,0.0
99999E00020552,7,False,DO,DO.01,False,0.015010633,0.13664162,0.076753244,0.15196054,0.041228235,0.059852112,0.27149704,0.020555178,0.0037628582,0.08021235,0.055060133,0.021847244,0.022599816,0.043018993
99999E00020570,9,False,DO,DO.01,False,0.0027143718,0.023237392,0.034406267,0.19776103,0.19431548,0.20727026,0.2624342,0.027930912,0.0,0.010760864,0.0131236585,0.0026989444,0.010771014,0.012575588
99999E00020571,6,False,96,96.02,False,0.0,0.0,0.0,0.0,0.06229406,0.002370305,0.34658885,0.0,0.0,0.0074186902,0.03854399,0.027813142,0.4515149,0.06345606
99999E00020590,5,False,DO,DO.01,False,0.0,0.14621022,0.009966932,0.2039795,0.13246419,0.08116042,0.07287281,0.09657802,0.0064421683,0.21585158,0.002922595,0.0,0.0032314663,0.028320104
99999E00020601,4,False,DO,DO.01,False,0.016520167,0.019977706,0.10912119,0.17863676,0.0,0.14351788,0.39210555,0.002232047,0.0,0.045665123,0.025322538,0.06690102,0.0,0.0
99999E00020716,8,False,DO,DO.01,False,0.0044297404,0.086741894,0.0049649496,0.092959255,0.2012771,0.16480528,0.12615095,0.107943565,0.08923696,0.03176961,0.046652634,0.01986751,0.013907205,0.009293407
99999E00020744,9,False,DO,DO.01,False,0.0,0.002332882,0.0027681964,0.00828316,0.13832158,0.072379425,0.74839294,0.0036547922,0.0,0.0,0.010518978,0.008847892,0.0028745038,0.0016257061
99999E00020774,8,False,01,01.41,False,0.0,0.68854505,0.0,0.0,0.024157159,0.007016611,0.0,0.064340144,0.15693232,0.0054958872,0.009671823,0.042370584,0.0,0.0014705306
99999E00020790,5,False,DO,DO.01,False,0.07611589,0.08935265,0.10229968,0.25410596,0.082562245,0.05213219,0.025776371,0.06660028,0.07850612,0.082933456,0.0,0.057148032,0.0,0.03246718
99999E00020842,7,False,DO,DO.01,False,0.003322851,0.026480364,0.079249926,0.09418544,0.07852634,0.45639712,0.07004896,0.0197921,0.005961076,0.0086440295,0.04149452,0.011243299,0.100867935,0.0037860014
99999E00020859,2,False,55,55.10,False,0.0,0.0,0.0,0.0,0.012863039,0.8540417,0.11724728,0.0,0.0,0.0,0.0,0.0,0.015847959,0.0
99999E00020883,8,False,DO,DO.01,False,0.0,0.0,0.0013447796,0.024882715,0.110975586,0.37571302,0.21606337,0.10099949,0.057652827,0.0055902367,0.025737202,0.0193683,0.056420248,0.0052522025
99999E00020894,4,False,DO,DO.01,True,0.019609438,0.017246833,0.002839315,0.07987253,0.0085178595,0.08857117,0.74505144,0.012323784,0.01503931,0.0013815983,0.008117439,0.0014292693,0.0,0.0
99999E00020964,4,False,77,77.21,False,0.014709631,0.004007481,0.03546285,0.021592846,0.041844103,0.04304576,0.080789044,0.35179973,0.2554453,0.0060545327,0.012200631,0.0047482466,0.12551911,0.002780756
99999E00021006,9,False,DO,DO.01,False,0.0,0.0,0.07364241,0.23397836,0.04682339,0.14547126,0.46561933,0.0,0.0,0.0,0.007988931,0.018827112,0.0076491665,0.0
99999E00021090,4,False,DO,DO.01,False,0.022251219,0.0,0.07542232,0.09981695,0.01784674,0.096829906,0.6582208,0.009202602,0.0,0.005000506,0.0057280054,0.0,0.009680958,0.0
99999E00021135,6,False,25,25.62,False,0.0,0.00046091282,0.0,0.0002433863,0.0,0.0058072987,0.036368508,0.0066956584,0.00023780872,0.021830231,0.03699776,0.0018198198,0.870338,0.019200645
99999E00021184,5,False,DO,DO.01,False,0.0,0.0,0.028427761,0.0930963,0.057779364,0.46059838,0.16770267,0.0038801127,0.0,0.050626226,0.0,0.065090865,0.0727983,0.0
99999E00021199,4,False,DO,DO.01,False,0.0047330055,0.011518646,0.024646454,0.09760204,0.020500584,0.2883706,0.488392,0.0106925955,0.004641656,0.0,0.03222301,0.003572787,0.008781279,0.0043254457
99999E00021245,8,False,DO,DO.01,False,0.00059895514,0.012565834,0.005324663,0.25551865,0.2914904,0.26652652,0.016403668,0.043240342,0.0020009622,0.020397443,0.03782678,0.017277097,0.02398117,0.0068474244
99999E00021272,4,False,DO,DO.01,True,0.02703498,0.017210739,0.008282144,0.09140962,0.060258575,0.16268001,0.2805415,0.12003326,0.116066776,0.018767718,0.009134665,0.039217208,0.036085304,0.013277455
99999E00021276,5,False,DO,DO.01,False,0.0,0.16583951,0.0,0.27192768,0.0,0.0,0.0,0.22136506,0.0735099,0.0,0.0,0.0,0.26735786,0.0
99999E00021293,5,False,DO,DO.01,False,0.019946517,0.023713153,0.047894534,0.56241477,0.20557295,0.060973708,0.039997086,0.0,0.0,0.0,0.021299176,0.011008563,0.0,0.0071794977
99999E00021383,5,False,DO,DO.01,False,0.00073589606,0.034247473,0.008697943,0.34028223,0.2819244,0.12152735,0.016509764,0.044269152,0.019148536,0.03510529,0.021826504,0.040613625,0.03511182,0.0
99999E00021401,7,False,DO,DO.01,False,0.001142659,0.018561777,0.054577947,0.19997928,0.1166651,0.25786322,0.22281188,0.01891229,0.0019076157,0.051443167,0.0114618605,0.0009765876,0.034966834,0.008729767
99999E00021541,2,False,53,53.10,False,0.0029019718,0.0,0.0017988901,0.0017716261,0.0,0.1742777,0.5288939,0.0016661497,0.012608757,0.0,0.0012808763,0.0019356306,0.27286452,0.0
99999E00021609,6,False,41,41.20,False,0.0,0.0072578476,0.0,0.00821857,0.053855542,0.34141994,0.12604046,0.056707423,0.13683212,0.00469043,0.025142271,0.0024152678,0.22107138,0.016348844
99999E00021618,8,False,47,47.78,False,0.002567868,0.01524945,2.7676959e-05,0.262522,0.0043331045,0.05424296,0.01081062,0.0,6.144284e-05,0.62622434,0.0038780947,0.004583858,0.015335248,0.00016329405
99999E00021646,9,False,47,47.74,False,0.006021535,0.09964622,0.0016138379,0.2782844,0.022594834,0.045624595,0.15848619,0.0,0.0,0.0078947805,0.21283564,0.057442475,0.101223625,0.008331908
99999E00021663,7,False,DO,DO.01,False,0.003691405,0.02919098,0.2887897,0.16512606,0.045332342,0.10151416,0.26950932,0.03139217,0.010054483,0.008822615,0.021152852,0.006204501,0.015370527,0.003848933
99999E00021788,9,False,DO,DO.01,False,0.0,0.07278512,0.038600177,0.15362911,0.03770357,0.55179775,0.077631526,0.004260271,0.0,0.022855306,0.0036237326,0.012586928,0.023184069,0.0013424885
99999E00021801,5,False,01,01.4,False,0.00093753904,0.0026251092,0.0,0.0014792283,0.020438349,0.0688987,0.081982575,0.0,0.0,0.0034376427,0.565086,0.08054501,0.0,0.17456976
99999E00021844,5,False,DO,DO.01,False,0.03077619,0.013189796,0.060327616,0.28802747,0.022717852,0.14734887,0.18218876,0.025368372,0.005828634,0.12414111,0.013497558,0.022026958,0.025236476,0.039324433
99999E00021851,9,False,DO,DO.01,False,0.0,0.0,0.024637435,0.07636811,0.027771333,0.15279731,0.64656216,0.0039260252,0.0,0.027830383,0.006528442,0.009004607,0.01948351,0.0050907996
99999E00021871,8,False,DO,DO.01,False,0.0,0.038016174,0.0,0.0038159862,0.06667219,0.51557666,0.2883963,0.011730624,0.026953347,0.0020159557,0.0025506648,0.015715033,0.02475994,0.0037971418
99999E00021878,5,False,DO,DO.01,False,0.0,0.10583694,0.104621656,0.45297924,0.31572366,0.0,0.0,0.0,0.0,0.0,0.0,0.02083855,0.0,0.0
99999E00021881,2,False,55,55.10,False,0.0,0.0,0.00027292248,0.0040119486,0.00066973973,0.9009466,0.092146024,0.0,0.0,0.0,0.0,0.0,0.0019526994,0.0
99999E00021886,9,False,56,56.30,True,0.011516074,0.0010191363,0.008060188,0.0041840784,0.0,0.72240806,0.0836553,0.039135363,0.11031291,0.0,0.0007228054,0.0005524284,0.018433632,0.0
99999E00021956,8,False,DO,DO.01,False,0.0,0.023812165,0.0050676973,0.08297159,0.1292388,0.45422024,0.022481432,0.05821631,0.013023491,0.014036675,0.017750576,0.023080828,0.14951114,0.0065891366
99999E00022005,5,False,DO,DO.01,False,0.0,5.8637026e-05,0.028153552,0.15719749,0.43036523,0.1533801,0.033314805,0.0379226,0.0,0.021331312,0.016201768,0.048425805,0.06263631,0.011012392
99999E00022043,9,False,94,94.99,False,0.0036602411,0.003673156,0.0016144322,0.018417442,0.030764623,0.13284582,0.06104104,0.0,0.00014723623,0.23076825,0.010929061,0.13667396,0.3663599,0.0031048763
99999E00022065,4,False,56,56.30,True,0.13914949,0.0,0.00093294744,0.013991799,0.0,0.1432651,0.67278105,0.0,0.029879611,0.0,0.0,0.0,0.0,0.0
99999E00022097,2,False,84,84.1,False,0.0,0.0,0.0,0.003404656,0.0,0.44967592,0.38203973,0.0,0.0,0.0,0.0,0.0,0.16487968,0.0
99999E00022126,2,False,47,47.11,False,0.0,0.0,0.0,0.006926363,0.009191085,0.8218744,0.110763565,0.014597994,0.0,0.0040874053,0.0,0.0,0.032559194,0.0
99999E00022146,9,False,DO,DO.02,False,0.0,0.0,0.001888164,0.032524288,0.010008156,0.055527978,0.8206245,0.0042638816,0.0,0.006249557,0.006364795,0.0,0.05379051,0.008758243
99999E00022149,6,False,43,43.22,False,0.0,0.009592014,0.0,0.0,0.017756982,0.15070489,0.068799086,0.038602076,0.22230722,0.023255737,0.036694556,0.012856122,0.4180399,0.0013914044
99999E00022163,9,False,DO,DO.02,False,0.0049693324,0.003856402,0.04355706,0.030544335,0.017801614,0.17014529,0.6675408,0.00070331927,0.0,0.026179543,0.005631822,0.007359827,0.01852074,0.003189961
99999E00022176,2,False,DO,DO.02,False,0.0,0.0,0.0,0.0,0.0,0.25647873,0.7341224,0.0,0.0,0.0,0.0,0.0,0.009398934,0.0
99999E00022195,7,False,DO,DO.01,False,0.0011097013,0.009943937,0.00814022,0.12599629,0.04471699,0.27641687,0.3639134,0.051971618,0.0019880645,0.023343492,0.029734213,0.02169882,0.04102642,0.0
99999E00022208,8,False,DO,DO.01,False,0.0030753158,0.010095834,0.05527896,0.116462804,0.18082428,0.19095834,0.062940225,0.072573565,0.009001292,0.015704338,0.08948873,0.017303301,0.17629291,0.0
99999E00022224,5,False,DO,DO.01,False,0.0,0.024106942,0.064776726,0.46151543,0.11059701,0.15991151,0.028402595,0.040862124,0.0,0.010055245,0.012053472,0.020313518,0.038308237,0.029097164
99999E00022228,8,False,DO,DO.01,False,0.0,0.10327427,0.0022653276,0.03653548,0.11132174,0.20375612,0.14729178,0.01693124,0.0030201732,0.20158254,0.033765998,0.038955413,0.07498832,0.026311649
99999E00022293,8,False,DO,DO.01,False,0.0,0.1647898,0.02028385,0.21754475,0.07295061,0.18420085,0.033142317,0.084343456,0.022299953,0.069539234,0.030479493,0.027774328,0.048734996,0.023916403
99999E00022347,6,False,96,96.02,False,0.0,0.0040819743,0.0,0.0,0.08221067,0.0046548266,0.029156685,0.0,0.0,0.3819417,0.012800934,0.012905159,0.4683898,0.00385825
99999E00022354,2,False,47,47.11,False,0.0,0.0007091289,0.0,0.0,0.0115452185,0.3628184,0.032162473,0.0015008062,0.0,0.15770388,0.038253363,0.0010337862,0.38909134,0.005181515
99999E00022366,4,False,DO,DO.01,False,0.0025198709,0.0062269196,0.031593237,0.07071487,0.03571378,0.217035,0.5981329,0.016002165,0.007413377,0.0,0.0,0.0,0.01464786,0.0
99999E00022376,5,False,DO,DO.01,False,0.0067369794,0.13785252,0.13089874,0.3319085,0.0,0.0965169,0.19088107,0.0,0.0,0.0503957,0.054809585,0.0,0.0,0.0
99999E00022411,9,False,DO,DO.01,False,0.008969133,0.09432432,0.15669927,0.14025182,0.15074916,0.07948424,0.11516287,0.010372003,0.0,0.08869524,0.051765464,0.0,0.03922759,0.06429894
99999E00022435,9,False,84,84.1,False,0.0,0.011529049,0.0015836607,0.01022195,0.09363065,0.33363685,0.042193867,0.0010547438,0.0,0.23072158,0.02432245,0.004169534,0.20112902,0.045806672
99999E00022464,7,False,DO,DO.01,False,0.031708058,0.0,0.032100193,0.10414106,0.05586919,0.18250646,0.44647154,0.010815441,0.07252063,0.0370161,0.0003636547,0.0008981833,0.0,0.025589459
99999E00022465,9,False,DO,DO.01,False,0.0024117678,0.011813298,0.008184735,0.008714014,0.07976296,0.036793105,0.7974714,0.014792543,0.0,0.02211515,0.010067223,0.0,0.0052873385,0.0025863757
99999E00022494,2,False,53,53.10,False,0.0,0.0,0.0,0.0,0.0021060165,0.10413509,0.49813595,0.0,0.0,0.0,0.0018671849,0.0014852935,0.39227054,0.0
99999E00022500,9,False,DO,DO.01,False,0.011658086,0.010859503,0.09472875,0.105523735,0.039916996,0.08571849,0.5279917,0.002016621,0.01950879,0.03283664,0.014553955,0.023888893,0.023544049,0.007253785
99999E00022541,8,False,DO,DO.01,False,0.0,0.015568861,0.0021116186,0.02265791,0.016988559,0.13685262,0.3344786,0.2701167,0.08939562,0.03972573,0.03182524,0.021358985,0.016428731,0.0024909175
99999E00022551,5,False,DO,DO.01,False,0.0,0.0,0.16512012,0.14348812,0.0566024,0.10481628,0.0,0.026954219,0.0,0.0,0.45900285,0.04401597,0.0,0.0
99999E00022565,6,False,45,45.20,True,0.011077769,0.042111076,0.0017721285,0.013020035,0.0,0.06426198,0.0038595456,0.09125606,0.0,0.52212054,0.009824055,0.005930538,0.22355576,0.011210566
99999E00022570,2,False,DO,DO.01,False,0.021031931,0.0,0.059261452,0.21576332,0.116913244,0.35893232,0.108063884,0.0,0.053904764,0.0009642799,0.0010743748,0.020473864,0.043438155,0.00017842973
99999E00022578,9,False,DO,DO.01,False,0.004217838,0.0051824474,0.2219756,0.04240371,0.03241311,0.048282605,0.5871957,0.0,0.0,0.013709369,0.0093909735,0.0,0.0022290298,0.032999694
99999E00022604,9,False,47,47.64,False,0.0,0.0,0.0,0.0,0.0,0.030446226,0.00013311904,0.0012941316,0.0,0.5617375,0.02002198,0.009308092,0.36799952,0.009059409
99999E00022674,5,False,DO,DO.01,False,0.0,0.030929236,0.03318308,0.25813287,0.0,0.26682237,0.34619567,0.018329443,0.019497097,0.0,0.02107207,0.005838267,0.0,0.0
99999E00022763,5,False,01,01.1,False,0.009270751,0.006569822,0.0,0.0,0.21337326,0.0,0.30556974,0.0,0.0,0.2441784,0.055186514,0.07942186,0.0,0.08642967
99999E00022827,1,False,60,60.10,False,0.0,0.0,0.0,0.0,0.0,0.0,1.0,0.0,0.0,0.0,0.0,0.0,0.0,0.0
99999E00023020,9,False,55,55.10,False,0.0,0.006741231,0.0063692457,0.2699789,0.030359779,0.55069077,0.097461544,0.006701789,0.0013507976,0.009111984,0.0019157386,0.0018410012,0.016773982,0.0007031463
99999E00023092,5,False,DO,DO.01,False,0.0067853914,0.21590216,0.09059194,0.078661636,0.009004248,0.0061623235,0.028219447,0.19471787,0.0049792835,0.25955632,0.008528403,0.079778954,0.0,0.017112015
99999E00023095,8,False,DO,DO.01,False,0.023207087,0.045462973,0.061260793,0.27655953,0.26322088,0.04784597,0.0803641,0.03493858,0.0033104834,0.043785263,0.031127531,0.032790884,0.025179397,0.030946527
99999E00023177,8,False,DO,DO.01,False,0.0,0.08847559,0.04999964,0.36682883,0.10213911,0.10700772,0.06684882,0.07911494,0.05539473,0.020809388,0.025333555,0.0087645715,0.020616643,0.008666414
99999E00023231,8,False,DO,DO.01,False,0.002421853,0.027777301,0.30900383,0.13200057,0.061815947,0.080184005,0.13353814,0.11345577,0.03601326,0.015422406,0.040924594,0.00790037,0.008624502,0.030917544
99999E00023291,5,False,01,01.4,False,0.051223725,0.06014011,0.14921299,0.12992448,0.02641555,0.0077639283,0.06769174,0.05128438,0.0,0.21411458,0.019591786,0.091499105,0.08027779,0.050859794
99999E00023306,9,False,DO,DO.01,False,0.0,0.02102932,0.040738005,0.13784683,0.06125738,0.56281435,0.12006675,0.0029056105,0.0,0.020435357,0.006888841,0.009331906,0.014067445,0.0026182162
99999E00023429,5,False,DO,DO.01,False,0.036729027,0.01503561,0.04877995,0.121472575,0.052582838,0.2779784,0.19149067,0.027539618,0.019106835,0.036473885,0.028472198,0.1050711,0.01025395,0.02901327
99999E00023449,9,False,DO,DO.01,False,0.05279052,0.0044913758,0.13056241,0.104274884,0.04281615,0.19703436,0.35569593,0.03041942,0.01128563,0.006798338,0.020315358,0.00583021,0.036557022,0.0011284607
99999E00023482,9,False,DO,DO.01,False,0.4130619,0.010497687,0.21047539,0.13707063,0.041142568,0.08433956,0.057859216,0.0046316185,0.0031731355,0.0053808037,0.0062601916,0.007658637,0.017655661,0.0007928964
99999E00023521,4,False,47,47.30,False,0.01296429,0.0,0.0014846283,0.0031689378,0.0,0.4075904,0.5645611,0.0,0.0,0.005937515,0.0042931424,0.0,0.0,0.0
99999E00023574,6,False,47,47.78,False,0.0012882381,0.0,0.0029821175,0.019119691,0.014353669,0.080652565,0.05843443,0.0025798301,0.0,0.12281491,0.025854433,0.03059133,0.6162129,0.025115877
99999E00023702,9,False,DO,DO.01,False,0.0041641574,0.021168195,0.037763167,0.3180541,0.037357662,0.15790954,0.28265524,0.0,0.0,0.048560098,0.027905308,0.009409668,0.05505296,0.0
99999E00023771,9,False,DO,DO.01,False,0.0026079188,0.12919368,0.01850885,0.23969291,0.0,0.061023347,0.51211363,0.0073948954,0.0054124696,0.019682284,0.0015133049,0.0014056657,0.0,0.0014510098
99999E00023810,4,False,DO,DO.01,False,0.014002251,0.010440455,0.01466893,0.064679705,0.02261962,0.32629463,0.500335,0.0044177845,0.0015785809,0.016548077,0.009092294,0.0,0.014342203,0.0009804681
99999E00023861,9,False,DO,DO.01,False,0.0,0.008857707,0.09152844,0.15607692,0.07175094,0.14504911,0.43198085,0.0023762162,0.0021754983,0.03336694,0.012467936,0.014234796,0.026565019,0.0035697252
99999E00023911,7,False,47,47.59,False,0.0,0.0035474286,0.0,0.0,0.0044126837,0.34549713,0.19870271,0.023102658,0.009299447,0.34898034,0.0,0.0,0.0,0.06645766
99999E00023948,5,False,DO,DO.01,False,0.0056230915,0.13111572,0.031123439,0.2586744,0.16876513,0.078792416,0.007289765,0.056317132,0.001360832,0.051269937,0.09794737,0.013755547,0.075223185,0.022742081
99999E00023956,9,False,77,77.21,False,0.0,0.055760734,0.0,0.16191064,0.011768285,0.38801768,0.06271193,0.0039955038,0.0,0.22592413,0.0056049107,0.0,0.08430619,0.0
99999E00023980,8,False,DO,DO.01,False,0.0,0.0075016776,0.0017086036,0.005502651,0.027775265,0.5078913,0.20719837,0.05347219,0.03010812,0.014942981,0.04076342,0.089416005,0.011852894,0.0018664425
99999E00023981,9,False,DO,DO.01,False,0.013787132,0.015170621,0.03816381,0.15184718,0.048076637,0.17295656,0.5001217,0.027280388,0.0071662585,0.0018202588,0.004762484,0.008108356,0.008286299,0.0024523041
99999E00023984,4,False,84,84.11,False,0.0,0.0026863415,0.01145897,0.013766488,0.009567818,0.052782368,0.8637036,0.0,0.0015863089,0.0024088044,0.0,0.0,0.042039305,0.0
99999E00023999,8,False,DO,DO.01,False,0.0,0.010227735,0.01515086,0.2583955,0.19551714,0.12786512,0.26827008,0.016252661,0.022290895,0.010031874,0.031136002,0.03002806,0.010407559,0.0044266502
99999E00024080,8,False,DO,DO.01,False,0.0,0.0025810213,0.0041797496,0.04646828,0.046797838,0.4624847,0.38193822,0.008391288,0.002065565,0.0021466343,0.01088321,0.006717211,0.025346344,0.0
99999E00024099,9,False,DO,DO.01,False,0.0,0.0048592873,0.02523221,0.14622939,0.040255304,0.57288605,0.18283658,0.0075719627,0.0,0.0018752435,0.0021432552,0.00491534,0.011195408,0.0
99999E00024230,7,False,DO,DO.01,False,0.0034807103,0.13858448,0.00421646,0.087663025,0.0886991,0.06858731,0.43616033,0.032285098,0.044047907,0.009955567,0.021928214,0.020603603,0.008042093,0.03574614
99999E00024232,5,False,DO,DO.01,False,0.0,0.04054618,0.14089218,0.15832317,0.10046184,0.055289537,0.3012079,0.006325204,0.007058896,0.038167465,0.03831421,0.095519066,0.010789145,0.007105234
99999E00024247,9,False,DO,DO.01,False,0.0018766914,0.0112766735,0.09148563,0.08917384,0.19768876,0.017226186,0.42007056,0.014519233,0.0067907874,0.017464386,0.03147968,0.031604975,0.022912713,0.046429876
99999E00024304,2,False,64,64.19,False,0.0,0.0,0.0026875206,0.0031531323,0.0,0.00815525,0.9819223,0.0,0.004081826,0.0,0.0,0.0,0.0,0.0
99999E00024366,9,False,DO,DO.01,False,0.0,0.03689411,0.022327993,0.24245617,0.20894094,0.27107793,0.06425539,0.012538787,0.0,0.01677373,0.04878673,0.028469203,0.030638585,0.016840445
99999E00024399,4,False,DO,DO.01,False,0.028749548,0.0,0.00024149513,0.12593792,0.0,0.0,0.7997549,0.00364121,0.000862227,0.007828914,0.028505368,0.0015133694,0.0,0.0029650233
99999E00024429,7,False,DO,DO.01,False,0.00016435885,0.14012472,0.010439108,0.19755003,0.13232371,0.2093096,0.08538488,0.056882087,0.009653528,0.012875704,0.04645598,0.05752188,0.028194504,0.013119921
99999E00024441,2,False,55,55.10,False,0.0,0.0,0.0,0.0,0.0,0.5073542,0.49264583,0.0,0.0,0.0,0.0,0.0,0.0,0.0
99999E00024469,9,False,47,47.11,False,0.0,0.0,0.015570408,0.015398339,0.024441985,0.5793877,0.3128,0.017235976,0.0,0.0,0.0,0.0018116031,0.03335397,0.0
99999E00024491,4,False,46,46.71,False,0.22497492,0.0,0.0,0.0,0.0,0.0,0.7750251,0.0,0.0,0.0,0.0,0.0,0.0,0.0
99999E00024552,4,False,DO,DO.01,False,0.008732543,0.0,0.076083414,0.41631877,0.10016918,0.16620718,0.07013793,0.00053265516,0.0,0.057177905,0.05452213,0.022592831,0.015203181,0.012322339
99999E00024581,9,False,DO,DO.01,False,0.0,0.0049846238,0.0,0.073516235,0.0037378343,0.6546519,0.144103,0.029447798,0.0,0.00472741,0.07691576,0.007915339,0.0,0.0
99999E00024592,9,False,52,52.10,False,0.0,0.0,0.0,0.0019792898,0.009164272,0.011175746,0.86893237,0.0062033837,0.0019551523,0.0,0.024185956,0.040486936,0.018304406,0.017612461
99999E00024598,8,False,DO,DO.01,False,0.0,0.04900319,0.01797282,0.09119328,0.15289198,0.24569026,0.27084824,0.050806757,0.008486626,0.0043168594,0.011777508,0.035454545,0.04321707,0.018340886
99999E00024617,9,False,DO,DO.01,False,0.00595919,0.007879457,0.18605138,0.23483545,0.053690936,0.16332623,0.26693335,0.014540554,0.00056820945,0.010582496,0.018782178,0.0049521546,0.031898435,0.0
99999E00024640,8,False,DO,DO.01,False,0.0,0.0023686094,0.060611233,0.1287306,0.057749905,0.26846552,0.38147175,0.015774792,0.04952715,0.0,0.0016089939,0.007716129,0.023550905,0.0024244667
99999E00024644,9,False,94,94.9,False,0.0,0.05596149,0.019117061,0.048734624,0.032022785,0.08367117,0.11215389,0.12104035,0.0,0.09769784,0.1595158,0.09848787,0.056631044,0.11496609
99999E00024669,4,False,DO,DO.01,False,0.018114828,0.0018457414,0.022094753,0.043977726,0.053667415,0.13018198,0.6132833,0.012754278,0.015719352,0.016387973,0.013211615,0.0050588585,0.052054152,0.0016480365
99999E00024671,8,False,DO,DO.01,False,0.0,0.048311844,0.0,0.013416402,0.487657,0.033884253,0.0017077512,0.2428759,0.0,0.009191233,0.028969469,0.0042546415,0.097625524,0.032106057
99999E00024695,5,False,DO,DO.01,False,0.0,0.068787925,0.018520283,0.22174975,0.27444395,0.19453435,0.027935058,0.0120554315,0.0018199122,0.032490786,0.001956703,0.017550852,0.12815511,0.0
99999E00024726,4,False,01,01.50,False,0.07973421,0.22425249,0.051495012,0.0,0.0,0.0,0.0,0.0,0.0,0.0,0.0,0.0,0.25930232,0.38521594
99999E00024797,8,False,01,01.4,False,0.036873788,0.07360424,0.039059702,0.11782412,0.0,0.0058410377,0.21432666,0.006593565,0.0,0.3612485,0.08331541,0.02562173,0.0,0.03569125
99999E00024894,4,False,45,45.20,True,0.0955033,0.0010976958,0.011416467,0.013658179,0.0,0.14272927,0.39957878,0.044256315,0.0032079865,0.027326053,0.024281805,0.0027555504,0.23165986,0.0025287939
99999E00024983,9,False,DO,DO.01,False,0.001801733,0.006860286,0.012657539,0.10887045,0.18422358,0.21150748,0.16066223,0.0462034,0.025742419,0.018910933,0.031606354,0.035609916,0.11239893,0.042944767
99999E00025005,4,False,56,56.30,False,0.024548601,0.0007107141,0.0,0.05755269,0.0,0.17548074,0.7364037,0.00069528975,0.0,0.0011575614,0.0028475388,0.0006031108,0.0,0.0
99999E00025021,2,False,85,85.3,False,0.0,0.0,0.0012623909,0.008850938,0.0,0.2501646,0.43942127,0.055461876,0.0,0.003247672,0.0,0.0,0.24159126,0.0
99999E00025041,9,False,DO,DO.01,False,0.0017846064,0.08907866,0.013860028,0.05113741,0.003539644,0.20236872,0.33686757,0.16520676,0.11021303,0.006878031,0.010525934,0.0035754123,0.0,0.004964181
99999E00025110,5,False,DO,DO.01,False,0.036217097,0.0100246165,0.160572,0.2119529,0.14755672,0.1492356,0.0947831,0.048600767,0.011422772,0.027903736,0.041545205,0.016076094,0.0,0.04410939
99999E00025124,9,False,84,84.1,False,0.004698346,0.022178786,0.083271585,0.26256153,0.070795655,0.11156848,0.31604245,0.021272928,0.0039262227,0.04869593,0.007930667,0.019674009,0.018699184,0.008684287
99999E00025140,9,False,DO,DO.01,False,0.014448883,0.039476413,0.07770797,0.089225575,0.041330405,0.05131056,0.4429838,0.051760092,0.027886983,0.06370595,0.06048475,0.009312507,0.0,0.030366061
99999E00025146,6,False,96,96.02,False,0.0,0.031097064,0.005313395,0.013680017,0.0010164417,7.6086806e-05,0.054796156,0.28719354,0.34201407,0.057546005,0.0021021417,0.015161756,0.17692716,0.013076199
99999E00025202,9,False,DO,DO.01,False,0.0,0.0019948645,0.068074435,0.33858526,0.114047766,0.32528794,0.12134473,0.01591482,0.0,0.007250864,0.0013827753,0.0015937368,0.0013897906,0.0031331049
99999E00025222,4,False,DO,DO.01,False,0.0,0.14318752,0.08913753,0.15670894,0.06855347,0.11678029,0.1187385,0.0060112737,0.0044015353,0.1755189,0.041744296,0.022936298,0.0,0.056281444
99999E00025224,9,False,DO,DO.01,False,0.0014054092,0.0021480706,0.0027385885,0.033488158,0.005476024,0.47335508,0.22199969,0.0008264175,0.0,0.102270216,0.010522511,0.012848468,0.11991812,0.0130033
99999E00025239,5,False,DO,DO.01,False,0.0056064944,0.050182134,0.099006474,0.23656018,0.2950436,0.106059894,0.00028819818,0.048396498,0.008283469,0.010612823,0.042558253,0.021231588,0.02251511,0.053655364
99999E00025265,6,False,47,47.30,False,0.0,0.0005838152,0.0009815376,0.004486517,0.0,0.030394904,0.09137701,0.012452744,0.0,0.0028589545,0.027597247,0.0007279354,0.8285393,0.0
99999E00025487,4,False,DO,DO.01,True,0.3838412,0.004329603,0.019201806,0.010454561,0.016368855,0.08986835,0.31124723,0.124351114,0.019267835,0.0,0.0037447768,0.00044333623,0.0,0.016881367
99999E00025495,2,False,56,56.10,False,0.0,0.0016762089,0.0,0.31217808,0.019264089,0.5706307,0.09625083,0.0,0.0,0.0,0.0,0.0,0.0,0.0
99999E00025500,4,False,DO,DO.01,False,0.09014145,0.0,0.038636107,0.20469485,0.037505776,0.24533494,0.28869846,0.0052752905,0.0,0.01880965,0.032531574,0.014373469,0.022056269,0.0019422941
99999E00025552,5,False,DO,DO.01,False,0.0,0.016818823,0.0,0.008245498,0.039629843,0.30442154,0.14852269,0.1754212,0.06404473,0.0220039,0.094655156,0.06261308,0.06362354,0.0
99999E00025570,7,False,DO,DO.01,False,0.024739703,0.007795667,0.054713376,0.13261235,0.13008058,0.27589566,0.20516837,0.036579583,0.0,0.005781039,0.044238485,0.01965959,0.05908028,0.0036552874
99999E00025586,7,False,DO,DO.01,False,0.013812276,0.024222651,0.06643729,0.088426806,0.068068646,0.07974809,0.33471024,0.045493722,0.03645679,0.07263521,0.0072602467,0.030492214,0.04386032,0.08837564
99999E00025600,7,False,DO,DO.01,False,0.00566216,0.05569265,0.029816391,0.094804846,0.07269967,0.13082688,0.13093905,0.08664337,0.0,0.03390661,0.12231624,0.071984,0.16470818,0.0
99999E00025613,9,False,DO,DO.01,False,0.0,0.008987657,0.009625121,0.10826532,0.24311596,0.12958321,0.3809118,0.007950016,0.0,0.020718222,0.021910302,0.034717925,0.022308467,0.011905919
99999E00025618,4,False,DO,DO.01,False,0.0004917416,0.023401115,0.0,0.0,0.0,0.069451265,0.861647,0.003557895,0.0,0.028839197,0.0,0.011628242,0.0,0.0009834832
99999E00025633,5,False,DO,DO.01,False,0.0,0.010021629,0.0,0.10532097,0.067490675,0.6583393,0.016469384,0.047184613,0.0,0.010242045,0.010285643,0.0,0.0746457,0.0
99999E00025649,7,False,DO,DO.01,False,0.0,0.052153606,0.062133685,0.20838979,0.22312841,0.11460054,0.11687848,0.03593048,0.0060747406,0.03421859,0.016350897,0.03714227,0.07423508,0.018763483
99999E00025654,5,False,DO,DO.01,False,0.036875002,0.035168417,0.07196846,0.10376517,0.2566816,0.013502757,0.044406306,0.022755003,0.011188501,0.15644601,0.037713937,0.07542628,0.0063366946,0.1277658
99999E00025660,5,False,DO,DO.01,False,0.0,0.026244072,0.38579983,0.20701048,0.03344032,0.09496082,0.03166927,0.021697173,0.00054215826,0.034293313,0.04501359,0.0,0.005548086,0.11378095
99999E00025687,9,False,DO,DO.01,False,0.0,0.03819964,0.028508984,0.13071771,0.05093726,0.31652302,0.015060358,0.05672017,0.05172492,0.00946511,0.11521595,0.09386079,0.08640477,0.0066613173
99999E00025698,6,False,77,77.39,False,0.0008110932,0.003178149,0.0028965448,0.003649616,0.0067992094,0.0012941038,0.007913476,0.006461102,0.006244507,0.6915603,0.027332628,0.038560953,0.19677185,0.006526415
99999E00025703,7,False,DO,DO.01,False,0.00022525444,0.0,0.004122839,0.07853189,0.06928281,0.3639156,0.2121692,0.0,0.0033105575,0.0,0.009474339,0.014621058,0.23210761,0.012238824
99999E00025745,7,False,DO,DO.01,False,0.0,0.0119774025,0.24540596,0.0123839555,0.10224276,0.1845821,0.13554122,0.02749005,0.020207448,0.0047054086,0.03433428,0.012019826,0.20296182,0.0061477874
99999E00025790,5,False,DO,DO.01,False,0.070080094,0.0,0.0,0.06450229,0.29061785,0.1485984,0.20308924,0.0,0.0,0.0,0.0,0.18621281,0.036899317,0.0
99999E00025804,2,False,56,56.30,False,0.0005832455,0.0,0.0,0.0128406305,0.0,0.91341037,0.07201258,0.0,0.0,0.0,0.0,0.0,0.0011531505,0.0
99999E00025817,2,False,56,56.10,False,0.0001699733,0.0,0.0,0.0,0.061871137,0.8673953,0.021640912,0.0,0.0,0.00018550934,0.00012505728,0.0039469963,0.044271976,0.00039316903
99999E00025915,2,False,64,64.19,False,0.0,0.0,0.0,0.0,0.0,0.41390043,0.5095771,0.0,0.0,0.0,0.0,0.0,0.076522484,0.0
99999E00025933,8,False,DO,DO.01,False,0.00012761792,0.081603214,0.03462387,0.28651726,0.046116985,0.06802974,0.41605133,0.007886037,0.0001257412,0.030257648,0.009356458,0.011396469,0.007531334,0.00037628523
99999E00025944,4,False,DO,DO.01,True,0.23177637,0.0108890785,0.22728823,0.079726696,0.009355917,0.015822561,0.16221973,0.09234223,0.15855113,0.0,0.0051569263,0.0,0.006871004,0.0
99999E00025950,2,False,55,55.10,False,0.0,0.0,0.0,0.00050175615,0.0019892198,0.9401794,0.051942088,0.0012300509,0.0,0.0,0.001625925,0.0,0.0025315105,0.0
99999E00025981,9,False,DO,DO.01,False,0.001989223,0.0,0.08515804,0.1718841,0.07646537,0.23511949,0.39426413,0.013287177,0.0,0.0,0.006055886,0.0007997608,0.0149768535,0.0
99999E00025989,1,False,68,68.10,False,0.0,0.0,0.0,0.0017165084,0.0025353932,0.002834601,0.9929135,0.0,0.0,0.0,0.0,0.0,0.0,0.0
99999E00025995,5,False,DO,DO.01,False,0.0,0.0,0.0,0.2743382,0.0003866187,0.078703746,0.5218816,0.0,0.0,0.01755893,0.028985662,0.0,0.078145295,0.0
99999E00026009,8,False,DO,DO.01,False,0.011761583,0.17120673,0.035225585,0.1961033,0.08286654,0.15146431,0.07327415,0.034589544,0.037963517,0.07809993,0.031023273,0.03687781,0.053343136,0.0062006614
99999E00026011,6,False,14,14.21,False,0.0,0.017062055,0.0069376044,0.005853013,0.0,0.040541675,0.005188553,0.05249555,0.01891838,0.548747,0.096910946,0.055491865,0.14563364,0.006219667
99999E00026013,9,False,DO,DO.01,False,0.004643265,0.022156768,0.07147323,0.046335448,0.011800958,0.044987507,0.7935286,0.0,0.0,0.0050742174,0.0,0.0,0.0,0.0
99999E00026018,9,False,DO,DO.01,False,0.0,0.0,0.013881261,0.03758092,0.049648553,0.041471094,0.8396172,0.0024717122,0.0,0.0,0.0078079663,0.0036801486,0.0038411696,0.0
99999E00026032,8,False,DO,DO.01,False,0.072739705,0.010396364,0.086599596,0.090399876,0.053162456,0.11833932,0.48780167,0.025439786,0.024161408,0.009772176,0.0026573967,0.010499913,0.008030254,0.0
99999E00026039,9,False,47,47.76,False,0.00042827878,0.0006041846,0.005364027,0.0017341987,0.027575362,0.17420593,0.056899402,0.0,0.0,0.5685519,0.0435057,0.015328669,0.10542707,0.00037541267
99999E00026042,9,False,DO,DO.01,False,0.0,0.11653987,0.08049472,0.33927864,0.18601593,0.05741534,0.0663935,0.0492594,0.004138205,0.05864867,0.011081897,0.010429844,0.0,0.02030401
99999E00026049,5,False,01,01.4,False,0.0,0.0063054166,0.00074881205,0.0,0.011932003,0.002337413,0.0,0.061423577,0.0,0.12741001,0.38496634,0.020364886,0.31160378,0.07290769
99999E00026050,9,False,01,01.4,False,0.0,0.00045176005,0.0025502585,0.0003206039,0.02559002,0.007898515,0.2602138,0.09661107,0.0,0.003155034,0.11617519,0.014878934,0.39637572,0.0757791
99999E00026068,9,False,55,55.10,False,0.0,0.013240111,0.0,0.20380071,0.01529773,0.63406163,0.10429401,0.0016849554,0.0,0.015846703,0.0,0.0026687884,0.009105339,0.0
99999E00026100,8,False,DO,DO.01,False,0.003518018,0.039463434,0.031475067,0.11404927,0.13067706,0.36553305,0.19183946,0.024549088,0.0073025785,0.0035847398,0.00915634,0.017404715,0.061447177,0.0
99999E00026107,3,False,IL,IL.01,False,0.9834075,0.0,0.00056950527,0.0,0.0,0.0,0.016022976,0.0,0.0,0.0,0.0,0.0,0.0,0.0
99999E00026112,3,False,IL,IL.01,False,1.0,0.0,0.0,0.0,0.0,0.0,0.0,0.0,0.0,0.0,0.0,0.0,0.0,0.0
99999E00026147,3,False,IL,IL.01,False,1.0,0.0,0.0,0.0,0.0,0.0,0.0,0.0,0.0,0.0,0.0,0.0,0.0,0.0
99999E00026156,3,False,IL,IL.01,False,0.99750376,0.0,0.0,0.0024962318,0.0,0.0,0.0,0.0,0.0,0.0,0.0,0.0,0.0,0.0
99999E00026158,3,False,IL,IL.01,False,1.0,0.0,0.0,0.0,0.0,0.0,0.0,0.0,0.0,0.0,0.0,0.0,0.0,0.0
99999E00026159,3,False,IL,IL.01,False,1.0,0.0,0.0,0.0,0.0,0.0,0.0,0.0,0.0,0.0,0.0,0.0,0.0,0.0
99999E00026160,3,False,IL,IL.01,False,0.99436957,0.0,0.0,0.0,0.0,0.0,0.0056304215,0.0,0.0,0.0,0.0,0.0,0.0,0.0
99999E00026161,3,False,IL,IL.01,False,0.99941146,0.0,0.0005130573,0.0,0.0,0.0,7.540681e-05,0.0,0.0,0.0,0.0,0.0,0.0,0.0
99999E00026178,5,False,01,01.1,False,0.0027376807,0.30114484,0.0,0.23419611,0.07242409,0.0,0.022274764,0.0,0.0027376802,0.28347436,0.0018666004,0.07466401,0.0044798404,0.0
99999E00026193,4,False,84,84.24,False,0.016379755,0.0021136818,0.0,0.013783522,0.04971382,0.019205648,0.8793718,0.0,0.014603106,0.0,0.0,0.0023465243,0.0024821502,0.0
99999E00026195,7,False,55,55.10,True,0.0021626514,0.0,0.006048139,0.008350662,0.0109988805,0.83476925,0.08762928,0.0047876583,0.00329692,0.0058536087,0.004435294,0.00401899,0.025425572,0.0022231329
99999E00026283,9,False,DO,DO.01,False,0.0057742246,0.006357578,0.13172713,0.026830468,0.054238874,0.27509913,0.24366978,0.061480418,0.030902026,0.021438917,0.037734088,0.05466136,0.02707773,0.02300834
99999E00026409,7,False,DO,DO.01,False,0.12330444,0.012676647,0.13488653,0.1976749,0.06264786,0.071544886,0.21417466,0.09248338,0.0,0.019391483,0.053619754,0.011540494,0.0060550724,0.0
99999E00026465,4,False,62,62.09,True,0.062308773,0.0024018334,0.022410342,0.025189055,0.016870752,0.07126117,0.70862734,0.0072345966,0.0039307717,0.008664442,0.010866169,0.0066732536,0.046933744,0.0066276877
99999E00026471,1,False,60,60.10,False,0.0,0.0,0.0,0.0,0.0,0.0018904912,0.9981095,0.0,0.0,0.0,0.0,0.0,0.0,0.0
99999E00026481,8,False,47,47.78,False,0.0023797138,0.0113191595,0.049339946,0.37918508,0.036481217,0.39762077,0.07138838,0.0046131955,0.008650569,0.0094413245,0.0068491604,0.013532776,0.009198801,0.0
99999E00026483,7,False,DO,DO.01,False,0.0025271792,0.025129417,0.033373006,0.19645794,0.04869412,0.097391084,0.15362546,0.17235647,0.07364556,0.027675107,0.101041615,0.026331076,0.03916772,0.0025841298
99999E00026512,9,False,DO,DO.01,False,0.0,0.035300735,0.007829856,0.4579378,0.091568545,0.1549207,0.16332403,0.0,0.002198833,0.017174307,0.0,0.03518918,0.021428999,0.013127008
99999E00026518,9,False,DO,DO.01,False,0.020380756,0.01268737,0.10250934,0.08719495,0.0827488,0.16917023,0.4178012,0.07717332,0.0037826826,0.001972967,0.0010443887,0.0034232163,0.016345171,0.00376559
99999E00026520,9,False,DO,DO.01,False,0.0053505334,0.07548845,0.05071606,0.09525387,0.07628805,0.02511596,0.19786668,0.0012712594,0.0071496624,0.025696931,0.14552328,0.11531915,0.06593994,0.113020256
99999E00026530,8,False,DO,DO.01,False,0.0,0.032042786,0.02432771,0.031268325,0.073639445,0.33776793,0.21944928,0.042964,0.010818391,0.14301498,0.013920613,0.0372879,0.017124563,0.016374165
99999E00026537,7,False,DO,DO.01,False,0.0,0.004549859,0.08106289,0.024903078,0.026922246,0.12351927,0.6577375,0.023341589,0.0,0.039521858,0.01844174,0.0,0.0,0.0
99999E00026577,2,False,47,47.26,False,0.0028763087,0.0,0.0,0.0064593875,0.0018379793,0.91381735,0.041774407,0.0015134048,0.0,0.0035501046,0.0007502217,0.0017567854,0.025664082,0.0
99999E00026590,8,False,45,45.20,False,0.0,0.0035202166,0.0006954079,0.0034490773,0.0046135844,0.45197096,0.10601679,0.021519613,0.0018466031,0.112153254,0.05883442,0.054028332,0.16198963,0.019362107
99999E00026591,2,False,69,69.20,False,0.0,0.0,0.0,0.0020826922,0.0062220944,0.6800945,0.22554325,0.02970712,0.0,0.0,0.011338324,0.0,0.04501202,0.0
99999E00026592,4,False,DO,DO.01,True,0.34557357,0.02355029,0.13185799,0.1179434,0.029459272,0.04549119,0.13274981,0.045644745,0.026391089,0.0004961064,0.027386256,0.073456235,0.0,0.0
99999E00026594,3,False,IL,IL.01,False,1.0,0.0,0.0,0.0,0.0,0.0,0.0,0.0,0.0,0.0,0.0,0.0,0.0,0.0
99999E00026644,2,False,55,55.10,False,0.0,0.0,0.0,0.0,0.0,0.03663134,0.96336865,0.0,0.0,0.0,0.0,0.0,0.0,0.0
99999E00026650,4,False,41,41.20,True,0.1116724,0.0055720317,0.0,0.054117233,0.0038923789,0.26988044,0.387656,0.09803144,0.034750678,0.0033825124,0.0022241198,0.0,0.028820636,0.0
99999E00026658,2,False,55,55.10,False,0.0,0.0,0.0,0.0,0.0046867486,0.89482254,0.04740163,0.0,0.0,0.0,0.0,0.0,0.053089,0.0
99999E00026701,2,False,55,55.10,False,0.0,0.0,0.0,0.0,0.0017608335,0.8721865,0.1108858,0.00373617,0.0,0.0,0.0,0.0,0.011430641,0.0
99999E00026708,9,False,DO,DO.01,False,0.001422187,0.011300243,0.11165538,0.13239074,0.21924828,0.18738039,0.1820903,0.03453325,0.0019626918,0.024210135,0.019706016,0.013280598,0.03150616,0.029313555
99999E00026709,4,False,94,94.91,False,0.007072432,0.0012831439,0.0,0.36763585,0.007195525,0.04424808,0.40812567,0.0013946148,0.0,0.0014528873,0.016567763,0.003253446,0.13549763,0.0062729837
99999E00026719,2,False,55,55.10,False,0.0,0.0,0.0,0.00061190245,0.0005241296,0.80353475,0.19247405,0.0008668619,0.0,0.0,0.0,0.0,0.001988265,0.0
99999E00026723,9,False,96,96.02,False,0.0,0.0017843045,0.009039269,0.11037379,0.0020098847,0.03147458,0.0008302031,0.0,0.0,0.81329423,0.0022968156,0.0017622592,0.027134724,0.0
99999E00026728,2,False,55,55.10,False,0.0,0.0,0.0,0.0,0.0051284176,0.8406947,0.07000068,0.001744299,0.0,0.0,0.0,0.0015831765,0.080848776,0.0
99999E00026734,8,False,DO,DO.01,False,0.0,0.021504356,0.006822477,0.11917922,0.04774136,0.5263154,0.14721292,0.030198652,0.0076698903,0.010768582,0.005759648,0.024165312,0.045959763,0.006702466
99999E00026745,2,False,56,56.10,False,0.0,0.00039010824,0.0,0.0,0.04748607,0.2003812,0.07732744,0.0,0.0,0.0,0.0012856498,0.0,0.67312956,0.0
99999E00026773,2,False,94,94.91,False,0.0,0.0,0.0,0.0045896927,0.0,0.44047686,0.12743479,0.0028956598,0.0022874721,0.0,0.0,0.0,0.42231554,0.0
99999E00026778,2,False,55,55.10,False,0.0,0.0,0.0,0.0,0.0,0.8486528,0.1504611,0.0,0.0,0.0,0.0,0.0,0.0008861691,0.0
99999E00026808,5,False,DO,DO.01,False,0.07122824,0.0,0.09800721,0.09868884,0.12562412,0.120105945,0.42990494,0.0,0.0,0.0,0.01424478,0.011183955,0.0,0.031012027
99999E00026834,9,False,DO,DO.01,False,0.005961246,0.0662573,0.029268024,0.25512624,0.04767133,0.31455415,0.18078981,0.01424399,0.0044733807,0.03062961,0.0055996478,0.016333899,0.022311918,0.0067795017
99999E00026835,4,False,36,36.00,False,0.005048844,0.0015018218,0.022238256,0.0039553004,0.0,0.01086292,0.9479434,0.0,0.0,0.0050307973,0.001493544,0.001925001,0.0,0.0
99999E00026850,6,False,16,16.23,False,1.0417742e-05,0.0,0.0,0.0,0.00019434476,2.3709343e-05,0.0005650727,0.018751934,0.0013992104,0.0057681953,0.017797813,0.007703021,0.9274893,0.020296993
99999E00026858,2,False,55,55.10,False,0.0,0.0,0.0,0.0013235924,0.08361213,0.8773514,0.028282791,0.0,0.0,0.0,0.0,0.0,0.009430079,0.0
99999E00026886,2,False,14,14.13,False,0.0,0.0,0.0,0.0,0.023524705,0.1969907,0.6805248,0.014602085,0.0,0.0,0.0,0.0026290705,0.07905329,0.0026754164
99999E00026888,9,False,55,55.30,False,0.0,0.0,0.0,0.0,0.0,0.0016768737,0.9930738,0.0,0.0,0.0,0.0,0.0,0.0,0.0052493443
99999E00026907,7,False,52,52.10,False,0.0,0.022811238,0.016997686,0.02427262,0.17040156,0.13613218,0.5419348,0.0,0.0,0.023313591,0.0059688273,0.024975909,0.0027629232,0.030428685
99999E00026914,2,False,55,55.10,True,0.01234327,0.0022832516,0.0069292746,0.14127418,0.059209876,0.6115748,0.14285803,0.0039719744,0.0,0.002986103,0.002702771,0.0,0.013866376,0.0
99999E00026916,9,False,DO,DO.01,False,0.00681093,0.045278724,0.075753905,0.10627689,0.07279014,0.12877476,0.30371165,0.05403618,0.007262187,0.044504322,0.050198577,0.01581505,0.059973273,0.028813561
99999E00026925,7,False,DO,DO.01,False,0.0,0.0,0.039011303,0.24330372,0.2022936,0.14071745,0.080896236,0.19094755,0.0,0.0,0.026737431,0.07609272,0.0,0.0
99999E00026932,5,False,DO,DO.01,False,0.0,0.03339194,0.028194433,0.32025015,0.0,0.37096718,0.0,0.0,0.0,0.078524694,0.07978798,0.0,0.046958067,0.041925557
99999E00026956,6,False,23,23.70,False,0.0,0.0,0.0,0.0,0.0041907467,0.08722642,0.07641492,0.005468141,0.0,0.10750224,0.032395776,0.01017942,0.663747,0.0128752915
99999E00026959,5,False,DO,DO.01,False,0.0,0.0,0.23299377,0.42809916,0.08496386,0.08861784,0.07689028,0.0087347645,0.0,0.030284576,0.0243686,0.025047198,0.0,0.0
99999E00026965,2,False,10,10.51,False,0.0,0.0,0.0,0.0,0.0,0.0019425969,0.084470965,0.0,0.0,0.0,0.0,0.0,0.91358644,0.0
99999E00026985,8,False,DO,DO.01,False,0.003668192,0.07784543,0.008251058,0.56255,0.032793764,0.011302083,0.13347915,0.023650186,0.021741712,0.04956332,0.022752916,0.0,0.0,0.05240229
99999E00026993,2,False,41,41.20,True,0.005702987,0.0,0.0,0.0,0.0048521524,0.5206979,0.43991268,0.004356767,0.0,0.0,0.0,0.0,0.024477532,0.0
99999E00026996,2,False,56,56.10,False,0.0,0.0,0.0,0.0005038888,0.17254323,0.63752747,0.040131815,0.0,0.0,0.0,0.0,0.0,0.14929365,0.0
99999E00027055,2,False,55,55.10,False,0.0,0.0,0.0,0.0,0.03547157,0.25953698,0.6153275,0.0003639439,0.0006839791,0.0,0.0,0.00035866545,0.088257484,0.0
99999E00027064,9,False,33,33.20,False,0.0013627025,0.009074298,0.0023097827,0.0048578926,0.005214747,0.50180924,0.17410955,0.013312793,0.0,0.040551547,0.020055642,0.010007925,0.21481147,0.002522479
99999E00027094,9,False,47,47.72,False,0.0,0.0,0.0,0.0021437646,0.000337404,0.1700419,0.016373307,0.0,0.0,0.6955359,0.0054875007,0.032186307,0.07459205,0.0033018724
99999E00027127,7,False,DO,DO.01,False,0.07440446,0.03722385,0.077309795,0.10015753,0.08676132,0.14002727,0.03741188,0.04726493,0.011870768,0.14210598,0.047973797,0.058710996,0.10752145,0.031256035
99999E00027135,4,False,DO,DO.01,False,0.07425133,0.002507918,0.004788038,0.018996624,0.0,0.14095573,0.5827341,0.038740076,0.028720906,0.075179294,0.009595592,0.0010145725,0.020705266,0.0018104948
99999E00027159,8,False,55,55.10,False,0.0,0.011809803,0.0034554217,0.0044521964,0.018987449,0.755109,0.05506867,0.002660318,0.03217518,0.08010335,0.0017523166,0.009231506,0.015674356,0.009520502
99999E00027182,9,False,DO,DO.01,False,0.014476816,0.017421093,0.10134535,0.16677955,0.07033972,0.19031654,0.27954185,0.06462981,0.018504418,0.009543579,0.03279017,0.002968158,0.021696119,0.009646753
99999E00027247,8,False,49,49.41,False,0.0155618,0.0064221337,0.0056600627,0.011533712,0.072191454,0.120232,0.40752658,0.012755099,0.0,0.09790798,0.07199757,0.07933419,0.038692474,0.060184952
99999E00027270,5,False,01,01.1,False,0.0,0.0,0.0,0.0050321496,0.0,0.0,0.0044730217,0.0,0.0,0.10483646,0.0,0.0,0.2773274,0.60833097
99999E00027281,7,False,DO,DO.01,False,0.0026007746,0.04243698,0.041586082,0.08960833,0.10649385,0.17616414,0.21838701,0.037665416,0.16656929,0.03926017,0.021141835,0.022293907,0.025843548,0.00994862
99999E00027340,8,False,DO,DO.01,False,0.0016188192,0.0,0.14483519,0.28467992,0.11492726,0.22721803,0.09318828,0.06851791,0.031708926,0.0,0.0062821074,0.0002811165,0.026742537,0.0
99999E00027379,6,False,96,96.02,False,0.0,0.010583849,0.0,0.0018484045,0.0046977666,0.034766227,0.10636318,0.0033342922,0.00090058567,0.5367683,0.04735474,0.076726116,0.15726475,0.019391717
99999E00027441,9,False,DO,DO.01,False,0.0,0.01577214,0.001928861,0.03549069,0.050605584,0.3025528,0.5273103,0.005871161,0.0,0.027701827,0.0,0.0050136293,0.004934924,0.022818005
99999E00027442,8,False,DO,DO.01,False,0.00025991665,0.0,0.001708952,0.23592308,0.17452753,0.025968924,0.42592865,0.06697077,0.007602561,0.021673799,0.025276894,0.0067675803,0.007391379,0.0
99999E00027464,1,False,36,36.00,False,0.0032956689,0.0,0.0016755783,0.0031810463,0.0,0.018753449,0.9727088,0.0,0.0,0.00038536036,0.0,0.0,0.0,0.0
99999E00027466,2,False,55,55.10,False,0.0,0.0,0.0,0.0006472368,0.0010824873,0.8868927,0.095892556,0.0032712715,0.0,0.0,0.0,0.0,0.012213749,0.0
99999E00027485,9,False,DO,DO.01,False,0.010173119,0.039778225,0.07421641,0.22293365,0.07552558,0.16378845,0.32192457,0.01574342,0.0016941784,0.025334995,0.014151374,0.0052403784,0.024829898,0.004665645
99999E00027494,4,False,IL,IL.01,False,0.9860201,0.0,0.0006111071,0.0017891281,0.0,0.0,0.011579585,0.0,0.0,0.0,0.0,0.0,0.0,0.0
99999E00027518,2,False,55,55.20,False,0.0,0.00059281714,0.0,0.032230206,0.0062612267,0.6691891,0.28734428,0.0,0.001853797,0.0,0.0,0.0,0.0025285913,0.0
99999E00027520,8,False,47,47.64,False,0.0,0.05340522,0.0023110285,0.028566424,0.061404705,0.59375805,0.02657553,0.010026931,0.0009794399,0.053147383,0.007987152,0.010812776,0.14768066,0.0033447617
99999E00027529,2,False,56,56.30,False,0.0,0.0,0.0,0.0,0.0003011345,0.9728995,0.022034429,0.0,0.0,0.0,4.2682652e-05,0.0003265953,0.004226561,0.00016917376
99999E00027541,6,False,84,84.11,False,0.0,0.0,0.0,0.0,0.03133726,0.05213042,0.46066925,0.10924473,0.078391366,0.012790764,0.022356398,0.008612493,0.21201076,0.01245661
99999E00027550,9,False,95,95.24,False,0.014378666,0.013348492,0.0,0.02309846,0.0,0.0014108581,0.047354415,0.00013761332,0.0,0.43569407,0.43186146,0.029905818,0.002334282,0.00047585915
99999E00027572,9,False,47,47.4,False,0.0,0.0,0.0,0.012027719,0.0,0.09819077,0.02204536,0.0,0.0,0.39339778,0.0,0.03933878,0.43499961,0.0
99999E00027595,3,False,IL,IL.01,False,0.9947489,0.0,0.0,0.0,0.0,0.0,0.005251133,0.0,0.0,0.0,0.0,0.0,0.0,0.0
99999E00027675,2,False,56,56.30,False,0.0,0.00041097496,0.0,0.009584961,0.008493746,0.48994437,0.48116708,0.0,0.0,1.3953462e-05,0.0,0.00028891177,0.009798652,0.00029737083
99999E00027676,8,False,DO,DO.01,False,0.0014134308,0.02431185,0.0,0.03684727,0.14523917,0.18532047,0.122698694,0.14032002,0.010739632,0.07703732,0.014781495,0.10812288,0.11191098,0.021256793
99999E00027678,9,False,DO,DO.01,False,0.011865311,0.011680195,0.05632705,0.0642341,0.02668273,0.026818078,0.73755443,0.0149459215,0.0007017544,0.0117423395,0.013457359,0.0043587773,0.015685858,0.0039461507
99999E00027686,5,False,DO,DO.01,False,0.0,0.0,0.25710437,0.5540741,0.0,0.0,0.09481481,0.094006725,0.0,0.0,0.0,0.0,0.0,0.0
99999E00027703,8,False,DO,DO.01,True,0.6089097,0.0071203806,0.047497995,0.0041093356,0.14672674,0.0035046588,0.0030357256,0.02946875,0.08385266,0.0005553157,0.060776204,0.00048127354,0.0037884868,0.00017276488
99999E00027711,8,False,DO,DO.01,False,0.0,0.008750946,0.0017413467,0.013802791,0.030223418,0.5624185,0.3509469,0.016336858,0.0019825755,0.0,0.0073190858,0.004115628,0.0023618713,0.0
99999E00027722,7,False,DO,DO.01,False,0.002404539,0.028268237,0.115940504,0.4828314,0.19459873,0.024548154,0.039649058,0.014228511,0.026827497,0.0045725983,0.0064485357,0.036270782,0.0054131933,0.01799827
99999E00027727,9,False,DO,DO.01,False,0.0,0.08179628,0.03503608,0.18526372,0.19619367,0.07955394,0.04755833,0.124978706,0.0,0.098351076,0.06797529,0.010652101,0.04463319,0.028007632
99999E00027737,9,False,DO,DO.01,False,0.0,0.055760153,0.05339804,0.5757428,0.117497355,0.045817923,0.019850388,0.00094890204,0.0019288091,0.043424807,0.0,0.0039173313,0.008623946,0.07308958
99999E00027741,8,False,DO,DO.01,False,0.011180916,0.17076616,0.0,0.32525417,0.052664347,0.09262919,0.014705409,0.07948975,0.04438272,0.07017598,0.07056769,0.03506896,0.008709711,0.024404956
99999E00027759,5,False,DO,DO.01,False,0.007362015,0.10420907,0.0,0.15911452,0.24712807,0.16247655,0.009522658,0.05242816,0.067440905,0.11592962,0.027231539,0.015315413,0.0,0.03184153
99999E00027787,5,False,DO,DO.01,False,0.0028110163,0.10627682,0.087896675,0.4840997,0.05014556,0.11529248,0.11533331,0.004133957,0.0,0.0,0.016556237,0.017454278,0.0,0.0
99999E00027801,5,False,47,47.59,False,0.0,0.0004961985,0.0,0.3627504,0.5582278,0.0042819674,0.010386336,0.005555168,0.0,0.0063885553,0.0005131143,0.0011773437,0.0032681436,0.046955034
99999E00027823,5,False,DO,DO.01,False,0.0,0.007414749,0.030133374,0.17673929,0.018478679,0.25287342,0.028332356,0.13804205,0.006657142,0.0,0.052231036,0.0,0.28909788,0.0
99999E00027836,6,False,10,10.51,False,0.0,0.0,0.0,0.0052479287,0.0006455219,0.02328352,0.09695987,0.012163554,0.0,0.0007621108,0.008715379,0.0,0.84592324,0.0062988945
99999E00027846,6,False,08,08.11,False,0.0,0.0,0.0,0.0028594371,0.0013484445,0.099388294,0.03968006,0.012774861,0.0,0.0,0.009679027,0.0013828299,0.83288705,0.0
99999E00027851,2,False,47,47.11,False,0.0,0.0,0.0,0.0,0.0,0.84551674,0.15448327,0.0,0.0,0.0,0.0,0.0,0.0,0.0
99999E00027921,9,False,DO,DO.01,False,0.0,0.0,0.030527301,0.12190167,0.07509348,0.10127478,0.60840416,0.005781376,0.0,0.0,0.01511541,0.02667305,0.0060891025,0.009139788
99999E00027927,9,False,DO,DO.01,False,0.0,0.005540113,0.021378346,0.22049262,0.028312689,0.54071987,0.09600909,0.024873847,0.0,0.010327177,0.017844586,0.010344126,0.010277296,0.013880307
99999E00027928,6,False,18,18.12,False,0.00060885696,0.0,0.0,0.0,0.0,0.0006213522,0.012987056,0.019272143,0.0,0.00444034,0.06902235,0.0118818,0.8773687,0.003797405
99999E00027949,8,False,DO,DO.01,False,0.0,0.057758838,0.003598203,0.0041462784,0.022013795,0.73328376,0.109803274,0.004913984,0.0062357727,0.019741386,0.010253211,0.017865514,0.007949426,0.0024366314
99999E00027963,7,False,DO,DO.01,False,0.013812967,0.12098516,0.058698468,0.13571627,0.08507286,0.115419604,0.09489341,0.100638926,0.011278612,0.08228064,0.058785208,0.04571042,0.061652362,0.015055065
99999E00027993,8,False,DO,DO.01,False,0.0,0.043578725,0.0,0.04070161,0.030834334,0.50975174,0.28101796,0.03283212,0.016832726,0.0076767444,0.006782968,0.019289374,0.008752623,0.0019491245
99999E00028000,8,False,DO,DO.01,False,0.0051973783,0.060694452,0.010210812,0.07918001,0.039586287,0.36846018,0.18478958,0.06283769,0.05840582,0.016431035,0.014641752,0.050493393,0.045368947,0.0037025916
99999E00028039,6,False,45,45.20,True,0.020040018,0.007964699,0.0063227527,0.011577266,0.010183388,0.037385207,0.027550967,0.20482972,0.036815498,0.101891294,0.06980523,0.025486618,0.39622927,0.04391796
99999E00028083,2,False,52,52.10,False,0.0,0.0,0.0,0.0,0.0,0.6805109,0.319405,0.0,0.0,0.0,8.418266e-05,0.0,0.0,0.0
99999E00028124,4,False,84,84.11,False,0.0,0.0,0.0,0.0032976924,0.01365448,0.12999247,0.7356357,0.0026847092,0.003556077,0.044818062,0.002825554,0.0011879228,0.060225915,0.0021214222
99999E00028140,8,False,DO,DO.01,False,0.0,0.019891908,0.015796402,0.046447624,0.030429224,0.020779906,0.68458474,0.029522087,0.008979491,0.042562637,0.02994695,0.037276752,0.0039730235,0.029809156
99999E00028157,7,False,DO,DO.01,False,0.13951156,0.027070599,0.1121782,0.17204146,0.11111207,0.0435091,0.35719222,0.007085542,0.0,0.008722581,0.008365762,0.0062594544,0.0,0.006951465
99999E00028200,5,False,DO,DO.01,False,0.017059807,0.06113097,0.10232847,0.24497385,0.045525942,0.084341146,0.14863287,0.08384977,0.07347586,0.02826186,0.087788984,0.017507005,0.0,0.0051234625
99999E00028235,5,False,DO,DO.01,False,0.012282892,0.014908402,0.028177707,0.11298845,0.14690447,0.17571123,0.4279698,0.0549703,0.0038097939,0.010528617,0.0043975064,0.0026077891,0.004743046,0.0
99999E00028257,6,False,16,16.23,False,0.0005194139,0.0,0.0,0.0051428056,0.0011619197,0.11861186,0.004149792,0.024448888,0.000517758,0.025794066,0.015780028,0.004813273,0.7941476,0.0049126297
99999E00028387,2,False,56,56.30,False,0.0,0.0,0.0,0.0,0.0,0.3396695,0.66033053,0.0,0.0,0.0,0.0,0.0,0.0,0.0
99999E00028394,9,False,DO,DO.01,False,0.005426785,0.08238287,0.07352219,0.1805862,0.0,0.15415746,0.28351116,0.0976208,0.001839588,0.03715967,0.03832475,0.03918322,0.0011650724,0.005120186
99999E00028400,8,False,DO,DO.01,False,0.004398088,0.12493439,0.029313628,0.26968366,0.155825,0.23992202,0.088413864,0.022003857,0.010758915,0.015388834,0.003367519,0.015280001,0.020710148,0.0
99999E00028415,7,False,DO,DO.01,False,0.0028841232,0.031878985,0.16141707,0.21232398,0.025278267,0.21516876,0.20007384,0.034244705,0.016688712,0.03012172,0.012061704,0.026719196,0.031138845,0.0
99999E00028428,2,False,47,47.11,True,0.0,0.0,0.0,0.0,0.0012271286,0.8865944,0.11217842,0.0,0.0,0.0,0.0,0.0,0.0,0.0
99999E00028439,9,False,DO,DO.01,False,0.0,0.01019881,0.12286275,0.015716288,0.020865003,0.092993125,0.62675405,0.018068211,0.0,0.035971336,0.010452869,0.02105903,0.017804502,0.007254083
99999E00028453,8,False,DO,DO.01,False,0.026555123,0.044868518,0.19368963,0.2056017,0.14309904,0.0919638,0.060222205,0.07353533,0.010325519,0.029658496,0.032717936,0.022319889,0.023293441,0.042149406
99999E00028457,5,False,DO,DO.01,False,0.028808592,0.033209205,0.15419571,0.21635497,0.09431292,0.25107676,0.044128045,0.038600072,0.0,0.0075498223,0.0591167,0.05527323,0.004437615,0.012936334
99999E00028510,4,False,55,55.10,True,0.16169468,0.0,0.006428912,0.2640996,0.002413872,0.2431037,0.32225928,0.0,0.0,0.0,0.0,0.0,0.0,0.0
99999E00028514,9,False,DO,DO.01,False,0.0,0.084789686,0.0054173805,0.12108294,0.04770123,0.117903665,0.20750712,0.1297632,0.06745498,0.06520774,0.049653493,0.0433953,0.04630697,0.0138163725
99999E00028531,2,False,47,47.78,False,0.0,0.0013168709,0.00021983885,0.027374623,0.0004569765,0.52989167,0.43631238,0.0,0.0,0.0008087187,0.0,0.0,0.0023807466,0.0012383055
99999E00028547,2,False,85,85.59,False,0.0,0.0,0.0,0.0,0.020765437,0.33330047,0.24971144,0.0039031494,0.0,0.005835797,0.0023527658,0.0,0.37860656,0.005524441
99999E00028557,2,False,47,47.30,False,0.0,0.0,0.0,0.0,0.0,0.09046446,0.9095355,0.0,0.0,0.0,0.0,0.0,0.0,0.0
99999E00028590,9,False,DO,DO.01,False,0.0,0.0020126502,0.0,0.0022173827,0.03287439,0.045632184,0.76771635,0.022915157,0.033554632,0.022500739,0.020575596,0.01829382,0.008927318,0.022779768
99999E00028600,2,False,DO,DO.02,False,0.0,0.0,0.0,0.0009497369,0.0,0.5915126,0.4075376,0.0,0.0,0.0,0.0,0.0,0.0,0.0
99999E00028622,2,False,56,56.10,False,0.0,0.0006564804,0.0020535728,0.003567939,0.07959538,0.35913047,0.124241784,0.0012555984,0.0,0.0,0.0,0.0,0.4294988,0.0
99999E00028624,2,False,55,55.10,True,0.0038465627,0.0,0.0,0.0,0.00043761163,0.9492096,0.035592947,0.0010864589,0.0,0.0002400515,0.0,0.0,0.009586797,0.0
99999E00028642,2,False,55,55.10,False,0.0,0.0,0.0011688655,0.0,0.0019491921,0.81744945,0.031415287,0.0,0.0,0.0,0.0006600821,0.03722567,0.110131525,0.0
99999E00028648,5,False,DO,DO.01,False,0.0071041016,0.0221346,0.04211236,0.17617363,0.015306844,0.1298352,0.5762343,0.0,0.0,0.0,0.025356386,0.005742594,0.0,0.0
99999E00028653,9,False,47,47.78,False,0.0,0.0,0.0,0.01211362,0.0,0.37816578,0.014584952,7.557928e-05,0.0,0.56352717,0.0031995233,0.024876514,0.003256578,0.00020024809
99999E00028698,2,False,82,82.99,False,0.0,0.0,0.0,0.022136806,0.0,0.3247275,0.11396889,0.0,0.0,0.080752306,0.0,0.0030104944,0.45540395,0.0
99999E00028728,9,False,49,49.39,False,0.0,0.0014785504,0.010419859,0.045500524,0.2416745,0.41188014,0.06684044,0.02254098,0.0015281158,0.0020126828,0.007202104,0.0045068595,0.18086156,0.003553758
99999E00028754,4,False,DO,DO.01,False,0.016754828,0.0,0.0035328642,0.0029065153,0.010639347,0.03220333,0.92033255,0.0022608615,0.001401777,0.0,0.0,0.0026190814,0.006038259,0.001310613
99999E00028768,8,False,DO,DO.01,True,0.15955478,0.07900041,0.055361893,0.1018271,0.13220915,0.115491346,0.09092017,0.09661166,0.07098817,0.010111665,0.010386147,0.0224369,0.053403344,0.0016971378
99999E00028773,1,False,61,61.10,False,0.0,0.0,0.0,0.0,0.0,0.0,1.0,0.0,0.0,0.0,0.0,0.0,0.0,0.0
99999E00028795,7,False,DO,DO.01,False,0.0,0.038872533,0.111031644,0.19861096,0.058906406,0.22555915,0.3022236,0.0,0.023164362,0.009676332,0.003520636,0.02004007,0.0029075441,0.005486867
99999E00028816,9,False,DO,DO.01,False,0.0,0.0,0.0,0.0,0.02281665,0.024723886,0.6494215,0.19631034,0.040534727,0.009976515,0.026661582,0.003817238,0.0032144187,0.022523087
99999E00028839,4,False,DO,DO.01,False,0.29530606,0.01664966,0.07307791,0.07786188,0.02370131,0.011992727,0.39410433,0.0066691535,0.0040954775,0.07051244,0.014488535,0.0071568396,0.0,0.004383718
99999E00028864,2,False,84,84.1,False,0.0,0.0,0.0075214854,0.0012178762,0.0,0.3382608,0.29691353,0.00763738,0.0,0.0,0.0017236974,0.0,0.3467252,0.0
99999E00028875,9,False,47,47.79,False,0.0,0.0040391195,0.0,0.00546814,0.00093425234,0.02384549,0.033057343,0.0005941688,0.0,0.90309465,0.0001736715,0.011015576,0.016807605,0.0009699918
99999E00028884,4,False,55,55.10,False,0.01545544,0.0,0.0,0.004701816,0.0,0.5568056,0.42303714,0.0,0.0,0.0,0.0,0.0,0.0,0.0
99999E00028886,2,False,64,64.19,False,0.0,0.0,0.0,0.0,0.0,0.32576355,0.2854985,0.0,0.0,0.0,0.0,0.0,0.38873792,0.0
99999E00028899,5,False,DO,DO.01,False,0.0,0.039836366,0.13738187,0.15669845,0.06584704,0.21985474,0.08120406,0.0,0.0,0.034476724,0.058037277,0.14121018,0.0,0.065453276
99999E00028913,7,False,DO,DO.01,False,0.0,0.098471805,0.024498671,0.09711548,0.19109501,0.34363973,0.11150123,0.0,0.0,0.062603,0.025601566,0.018655743,0.02681772,0.0
99999E00028923,9,False,DO,DO.01,False,0.009745017,0.015960546,0.049910564,0.08811473,0.06387013,0.31241447,0.41505107,0.005116558,0.0,0.013538683,0.0044860546,0.0034246803,0.012061741,0.0063056974
99999E00028942,9,False,DO,DO.02,False,0.10787767,0.008247334,0.07219693,0.03208892,0.04187389,0.0946565,0.58501136,0.0,0.0,0.0410319,0.002749293,0.006279964,0.0036977583,0.0042885696
99999E00028952,2,False,47,47.78,False,0.0,0.0,0.0,0.0,0.0,0.37391147,0.0,0.0,0.0,0.2809477,0.033907443,0.0,0.31123343,0.0
99999E00028955,8,False,96,96.0,False,0.0018119036,0.024056451,0.00039582758,0.012339233,0.12609935,0.06535005,0.08588135,0.12239253,0.0,0.070833884,0.13026938,0.09427554,0.12276069,0.14353381
99999E00028961,2,False,55,55.10,False,0.0,0.0,0.0,0.002431146,0.0,0.35022414,0.64363533,0.0,0.0,0.0,0.0,0.0,0.0037093558,0.0
99999E00028963,8,False,DO,DO.01,False,0.008995543,0.003283823,0.032469735,0.17650655,0.16669868,0.38704503,0.15310341,0.007449316,0.0031660837,0.002713492,0.005507822,0.013602987,0.03816618,0.0012913543
99999E00028986,8,False,DO,DO.01,False,0.0042457106,0.005995553,0.05954933,0.24298075,0.32300913,0.1417263,0.11092842,0.037437033,0.044428695,0.0,0.0018206913,0.0076909536,0.016187098,0.00400035
99999E00029010,5,False,DO,DO.01,False,0.021475492,0.024597036,0.021568863,0.15538883,0.03761415,0.14599308,0.27936083,0.06764505,0.16839679,0.004983486,0.048637502,0.0,0.011404164,0.012934728
99999E00029023,6,False,16,16.23,False,0.0007105609,0.00026416074,0.0014643819,0.0,0.014095234,0.008156575,0.029283255,0.041004818,0.027436215,0.022517407,0.073298074,0.029110072,0.7088913,0.043767978
99999E00029035,5,False,DO,DO.01,False,0.0012494373,0.06456047,0.08081116,0.17389023,0.0595574,0.30521438,0.054197345,0.009827664,0.0,0.035538368,0.06247986,0.0192797,0.023624755,0.10976933
99999E00029050,5,False,DO,DO.01,False,0.0044687344,0.04371702,0.039305978,0.46521515,0.17949942,0.07553839,0.0033305706,0.0137890875,0.0,0.038419574,0.098354116,0.020707233,0.013028564,0.004626084
99999E00029073,9,False,DO,DO.01,False,0.0,0.03307559,0.11566329,0.16966844,0.065100074,0.19688877,0.15616286,0.0718661,0.0019182118,0.06591025,0.064074114,0.018366648,0.034779344,0.006526422
99999E00029083,9,False,DO,DO.01,False,0.0,0.1051224,0.020137204,0.06565059,0.013385815,0.1096072,0.46465194,0.075334035,0.0026820027,0.0,0.06608616,0.025735129,0.045085877,0.0065215016
99999E00029111,9,False,47,47.64,False,0.0072737285,0.0,0.0,0.007978514,0.0,0.008410727,0.043353666,0.001522507,0.0,0.78698665,0.014836164,0.012440742,0.10046848,0.016728895
99999E00029139,8,False,01,01.1,False,0.008859467,0.0052749636,0.0014614305,0.0151123535,0.044886272,0.04912151,0.3481767,0.001875866,0.0023702802,0.072060876,0.063419536,0.13510597,0.05278963,0.19948524
99999E00029140,7,False,DO,DO.01,False,0.0,0.03563782,0.16305365,0.06802531,0.07259543,0.12281762,0.065140024,0.097151935,0.0,0.06823591,0.06332531,0.038951334,0.08597234,0.119093426
99999E00029144,8,False,96,96.02,False,0.004922261,0.00034973337,0.0,0.0,0.0013166203,0.040188227,0.20712252,0.024528205,0.004289748,0.028741548,0.13311097,0.0012055563,0.48723808,0.066986546
99999E00029153,6,False,85,85.10,False,0.0,0.005772066,0.0,0.0,0.029057618,0.0063341414,0.13467176,0.009551297,0.0,0.002953008,0.03802221,0.03614925,0.7374886,0.0
99999E00029156,6,False,16,16.23,False,0.0,0.0,0.0,0.0,0.06929117,0.11536082,0.32091123,0.005627055,0.0,0.015669258,0.07981453,0.06353327,0.2930776,0.03671514
99999E00029159,9,False,52,52.10,False,0.00423534,0.028961798,0.04989928,0.092959,0.02913159,0.44614103,0.13028093,0.049917765,0.0,0.034764875,0.04563828,0.01034932,0.07224829,0.005472549
99999E00029170,9,False,DO,DO.01,False,0.16681504,0.011661303,0.11601804,0.2426824,0.110580035,0.06926783,0.056663737,0.07960573,0.038886324,0.004499587,0.01826303,0.055677198,0.00989603,0.019483628
99999E00029182,9,False,25,25.11,False,0.0031142726,0.0046053613,0.011712327,0.03058057,0.06709542,0.3065057,0.07624314,0.047761783,0.0012757039,0.0010266218,0.019561859,0.02308675,0.40743056,0.0
99999E00029186,7,False,DO,DO.01,False,0.077549055,0.016250094,0.122619584,0.07692072,0.12997365,0.1051724,0.1870169,0.017123988,0.004114885,0.04376511,0.065751486,0.03694007,0.098486386,0.01831566
99999E00029194,8,False,DO,DO.01,False,0.0027019763,0.012861838,0.023986775,0.17451884,0.20890145,0.23703443,0.25302348,0.014343592,0.0015128991,0.00826205,0.014660627,0.02545735,0.019494796,0.0032398158
99999E00029213,6,False,85,85.3,False,0.0022079987,0.0,0.0,0.0,0.0039623072,0.034389123,0.13086125,0.051716976,0.0005474315,0.008344106,0.019158944,0.0,0.7488119,0.0
99999E00029221,6,False,41,41.20,False,0.002724075,0.066439934,0.0050961864,0.051986516,0.079304315,0.08661433,0.1645233,0.026911695,0.008859492,0.31084237,0.035537932,0.0560393,0.053992078,0.05112847
99999E00029227,8,False,DO,DO.01,False,0.0,0.0,0.047150146,0.13021715,0.05369611,0.21070701,0.44578993,0.014546995,0.015232901,0.0015672678,0.015015726,0.024853682,0.030941771,0.0102813495
99999E00029241,4,False,55,55.10,True,0.0625915,0.0,0.0,0.18438819,0.0,0.484194,0.26697803,0.0,0.0,0.0,0.0,0.0,0.0018482744,0.0
99999E00029259,7,False,DO,DO.01,False,0.0,0.13282984,0.010079398,0.085092746,0.057189774,0.2445242,0.31337416,0.039101414,0.020416936,0.033530135,0.026253005,0.025672859,0.011935604,0.0
99999E00029277,9,False,DO,DO.01,False,0.0,0.02737321,0.16055103,0.109691255,0.13414657,0.09027307,0.22912662,0.0055640126,0.0,0.036667127,0.002114225,0.092489,0.08154105,0.030462844
99999E00029288,2,False,01,01.50,False,0.0,0.026559377,0.0,0.0,0.0056030634,0.3543949,0.58656305,0.0072866827,0.013242673,0.00061413005,0.00078454055,0.0027172575,0.0022344275,0.0
99999E00029297,2,False,55,55.10,True,0.052592333,0.0,0.0,0.0008427375,0.0004973876,0.8352425,0.108334415,0.0,0.0,0.0,0.0,0.0,0.0024906467,0.0
99999E00029399,9,False,45,45.20,True,0.16213596,0.0019686732,0.007164254,0.30708924,0.0,0.36194238,0.13064669,0.005564315,0.020551959,0.0029365052,0.0,0.0,0.0,0.0
99999E00029411,2,False,10,10.71,False,0.0,0.0,0.0,0.0,0.0,0.7707648,0.18234271,0.0,0.0,0.0,0.0,0.0,0.04689251,0.0
99999E00029412,9,False,47,47.51,False,0.0,0.0,0.0,0.0,0.0,0.0,0.065175645,0.0,0.0,0.8991153,0.0036421907,0.0033729102,0.027377995,0.0013159066
99999E00029447,2,False,01,01.41,False,0.0005145834,0.0,0.0,0.0005218431,0.0,0.95796895,0.017811712,0.00018372184,0.0012528775,0.0,0.0,0.0012352556,0.020511083,0.0
99999E00029456,5,False,DO,DO.01,False,0.0,0.0,0.34232885,0.45188457,0.0,0.0,0.0,0.1616948,0.009675488,0.0,0.03441629,0.0,0.0,0.0
99999E00029465,9,False,93,93.1,False,0.02973447,0.05317696,0.043011084,0.29347023,0.025184842,0.15525933,0.17117232,0.0024479774,0.06812146,0.13926062,0.00065317005,0.00033955826,0.014047107,0.004120951
99999E00029474,7,False,DO,DO.01,False,0.021257002,0.011185358,0.28548753,0.035086337,0.10106724,0.064064786,0.18604265,0.021520087,0.008361614,0.06787071,0.020489683,0.04948129,0.07980146,0.04828427
99999E00029504,9,False,DO,DO.01,False,0.0087139085,0.0100458525,0.03242312,0.08226311,0.042714413,0.07679621,0.59850675,0.008751428,0.0,0.035305873,0.053199556,0.002438769,0.012490874,0.036350165
99999E00029574,8,False,45,45.20,False,0.0,0.015419756,0.0,0.10113601,0.3410596,0.42777157,0.010497313,0.00867395,0.0056646816,0.0123204775,0.0014798864,0.007297047,0.062476747,0.0062029487
99999E00029583,2,False,56,56.10,False,0.0,0.0,0.0,0.0,0.00080525863,0.8925737,0.10155584,0.0,0.0,0.0,0.0,0.0,0.005065182,0.0
99999E00029589,9,False,DO,DO.01,False,0.02287467,0.019924896,0.09057275,0.23748097,0.13098869,0.03955349,0.31832078,0.02004659,0.0124155255,0.022805888,0.028214699,0.021062477,0.020883903,0.014854714
99999E00029591,5,False,DO,DO.01,False,0.0013202358,0.0,0.0627712,0.059392136,0.0,0.15427369,0.0783463,0.17639457,0.0,0.11427887,0.16143803,0.19178501,0.0,0.0
99999E00029604,6,False,16,16.29,False,0.0,0.0066747842,0.0003296412,0.0003125494,0.0020176282,0.0023791539,0.018966364,0.006386024,0.0,0.4375261,0.15416454,0.17479639,0.14109053,0.05535633
99999E00029636,4,False,49,49.4,False,0.0,0.0,0.0023900995,0.028294394,0.0030262216,0.11541377,0.8472943,0.0023331577,0.0,0.0,0.0,0.001248076,0.0,0.0
99999E00029650,2,False,47,47.59,False,0.0,0.0,0.0,0.002998726,0.023881514,0.34111992,0.21830623,0.029094262,0.003555669,0.018029314,0.015815293,0.0,0.34254837,0.004650647
99999E00029721,2,False,56,56.30,False,0.0,0.0009975464,0.0065398663,0.07549436,0.12961319,0.5385819,0.2340219,0.0,0.0,0.0010650023,0.0,0.0,0.013686189,0.0
99999E00029722,4,False,94,94.99,False,0.005069749,0.000249448,0.0,0.0005490035,0.0007848353,0.0741191,0.82234764,0.034376077,0.009378809,0.0,0.024048492,0.0010217564,0.02652028,0.0015348132
99999E00029733,2,False,55,55.10,False,0.0,0.0,0.0006710753,0.00071446603,0.003474225,0.8855123,0.10091492,0.0015435474,0.0,0.0,0.0,0.0,0.0071695307,0.0
99999E00029737,9,False,47,47.71,False,0.0,0.00020157271,0.000495521,0.0,0.0018246202,0.0135217635,0.027085628,0.0,0.0,0.9155445,0.0038744202,0.01834087,0.0113964565,0.0077146245
99999E00029782,9,False,25,25.73,False,0.3635434,0.009976068,0.07357873,0.057808433,0.06835093,0.03662556,0.19668272,0.018212596,0.058103986,0.026701452,0.011887244,0.008873469,0.059241615,0.010413901
99999E00029791,5,False,DO,DO.01,False,0.0,0.0,0.0,0.0060134237,0.0,0.008837872,0.98514867,0.0,0.0,0.0,0.0,0.0,0.0,0.0
99999E00029825,9,False,47,47.64,False,0.002647214,0.0076769213,0.0,0.009570955,0.0,0.05251688,0.019963674,0.0030056126,0.0024218033,0.685002,0.0090001095,0.001813739,0.20578222,0.0005988642
99999E00029831,8,False,DO,DO.01,False,0.0,0.046740085,0.023349805,0.21715428,0.11935911,0.23408136,0.06454948,0.133539,0.018749176,0.036206365,0.022833074,0.0075890454,0.06388684,0.011962482
99999E00029838,9,False,43,43.22,True,0.0940145,0.017816419,0.0039693937,0.21530217,0.0043607317,0.45308825,0.17635162,0.016482465,0.016980505,0.0016339623,0.0,0.0,0.0,0.0
99999E00029840,5,False,DO,DO.01,False,0.0,0.0,0.0,0.19026096,0.24896713,0.28615066,0.0,0.08609062,0.0,0.036700923,0.0,0.0,0.12355075,0.028279012
99999E00029841,5,False,DO,DO.01,False,0.0,0.0,0.05802866,0.24084376,0.0,0.5098066,0.0,0.05518576,0.0,0.0,0.03679355,0.04392355,0.0,0.055418115
99999E00029842,5,False,49,49.39,False,0.0,0.0,0.0,0.0,0.001557998,0.001799879,0.03401273,0.0,0.0,0.0,0.0026571336,0.0038060683,0.9543806,0.0017856507
99999E00029860,7,False,DO,DO.01,False,0.0,0.0,0.047316987,0.16889884,0.062782966,0.13468248,0.4544854,0.007856222,0.007467112,0.0114358505,0.044647392,0.013405773,0.024488624,0.022532245
99999E00029879,9,False,56,56.10,False,0.038246654,0.0036514502,0.012003256,0.0060878037,0.0033877091,0.034907717,0.84294343,0.00071523053,0.0467724,0.002063142,0.0,0.0,0.00922111,0.0
99999E00029906,7,False,DO,DO.01,False,0.00539445,0.00788955,0.014590923,0.11080249,0.096046664,0.21664344,0.06879598,0.124998465,0.021157542,0.013648421,0.019991325,0.004127729,0.29591304,0.0
99999E00029934,6,False,85,85.3,False,0.0,0.0,0.0,0.01116517,0.0071198205,0.024169486,0.19113767,0.1497309,0.0011271357,0.0010382893,0.07307726,0.0,0.5414342,0.0
99999E00029936,5,False,DO,DO.01,False,0.015204336,0.12105974,0.106183946,0.22409512,0.1475715,0.100671686,0.014602004,0.07755489,0.004471863,0.085850656,0.023472717,0.029988863,0.0,0.049272634
99999E00029963,4,False,68,68.31,False,0.20717914,0.0,0.0,0.0,0.0,0.010479996,0.7823409,0.0,0.0,0.0,0.0,0.0,0.0,0.0
99999E00029973,9,False,47,47.78,False,0.14958684,0.0038763494,0.048384678,0.07568155,0.005447918,0.01552426,0.0473542,0.0,0.0,0.5484065,0.014262535,0.013710267,0.010595424,0.06716944
99999E00029976,6,False,71,71.12,False,0.0,0.01830404,0.0,0.0,0.0,0.25923073,0.06592336,0.014021451,0.0,0.20482585,0.0016751385,0.0008415321,0.43517792,0.0
99999E00029979,2,False,55,55.10,False,0.0,0.0015461778,0.0,0.010216453,0.0067568356,0.7813708,0.19565831,0.0,0.0023518002,0.0,0.0,0.0,0.0020996463,0.0
99999E00030002,9,False,49,49.4,False,0.0,0.0,0.0,0.0021429101,0.004158531,0.0,0.9605428,0.002915297,0.003509726,0.0,0.004356262,0.0100472085,0.0075100726,0.0048172222
99999E00030069,1,False,61,61.20,False,0.0,0.0,0.0,0.0,0.0,0.0,1.0,0.0,0.0,0.0,0.0,0.0,0.0,0.0
99999E00030076,5,False,DO,DO.01,False,0.0,0.0,0.0,0.0,0.0,0.013626834,0.015723271,0.22641511,0.010482181,0.11425577,0.22798744,0.080188684,0.31132078,0.0
99999E00030080,8,False,94,94.91,False,0.0029002249,0.0402657,0.006050431,0.010879177,0.0,0.20962133,0.089193925,0.00955297,0.0,0.45610416,0.020737644,0.009744334,0.12198343,0.022966703
99999E00030098,8,False,DO,DO.01,False,0.0,0.05890433,0.00843956,0.110285714,0.046428617,0.24260499,0.39828232,0.007541019,0.002101612,0.023642005,0.030249866,0.04620737,0.02338915,0.0019235093
99999E00030103,2,False,56,56.10,False,0.0,0.0,0.0,0.010087704,0.014450855,0.7037109,0.09832302,0.0,0.0,0.0,0.0,0.0,0.17342752,0.0
99999E00030114,4,False,49,49.39,False,0.045085493,0.0,0.01268328,0.05357363,0.25790337,0.016213482,0.22879042,0.0,0.0,0.0,0.0006816306,0.0019904883,0.38307813,0.0
99999E00030124,4,False,43,43.21,True,0.16237615,0.0043043047,0.0023548394,0.01814741,0.011784874,0.13304043,0.23687923,0.12460998,0.24771856,0.016002432,0.027190423,0.0,0.015591387,0.0
99999E00030125,8,False,47,47.64,False,0.0,0.17772757,0.09871651,0.15335213,0.0,0.0037538956,0.0,0.0037638536,0.0,0.2633204,0.14757691,0.11506637,0.01887901,0.017843453
99999E00030126,9,False,47,47.64,False,0.0,0.015795324,0.004876205,0.0132672805,0.0,0.077971876,0.0019681277,0.002189881,0.0,0.7903758,0.037423395,0.0021169288,0.054015134,0.0
99999E00030131,7,False,55,55.10,False,0.0010600457,0.0,0.0045925775,0.0844857,0.02002145,0.65465355,0.18609214,0.0075751385,0.0,0.002067259,0.0026217236,0.002250946,0.033637825,0.0009415819
99999E00030151,1,False,61,61.20,False,0.0,0.0,0.0,0.0,0.0,0.0029081777,0.9970918,0.0,0.0,0.0,0.0,0.0,0.0,0.0
99999E00030183,1,False,10,10.51,True,0.000101812075,0.0,0.0,0.0,0.0,0.027968071,0.97068673,0.0012434035,0.0,0.0,0.0,0.0,0.0,0.0
99999E00030198,9,False,DO,DO.01,False,0.020528544,0.08906313,0.10538824,0.24117783,0.045374658,0.09386222,0.35591814,0.0029604186,0.002189997,0.02554253,0.0031842336,0.0003281428,0.014166319,0.0003156591
99999E00030233,6,False,16,16.23,False,0.0,0.003867024,0.0,0.0,0.0036413132,0.025954435,0.018734762,0.014046272,0.00047368556,0.2718556,0.044362914,0.06523425,0.50171745,0.050112396
99999E00030263,4,False,DO,DO.01,False,0.044574533,0.0030046282,0.12828289,0.18797275,0.023557132,0.19578382,0.38525227,0.0058857542,0.010817897,0.0,0.0013770477,0.0,0.013491275,0.0
99999E00030290,9,False,DO,DO.01,False,0.00022528747,0.0062034507,0.015177401,0.0099153295,0.07366631,0.30045566,0.51377606,0.04320155,0.0,0.0153651405,0.0,0.0061605386,0.015853263,0.0
99999E00030323,7,False,DO,DO.01,False,0.00078658015,0.08473309,0.009717891,0.26521698,0.22328834,0.13070062,0.07509331,0.09597394,0.0062201195,0.029767316,0.003006856,0.016557233,0.038202137,0.020735592
99999E00030361,5,False,DO,DO.01,False,0.0,0.0,0.0,0.0,0.0,0.010901454,0.98909855,0.0,0.0,0.0,0.0,0.0,0.0,0.0
99999E00030372,8,False,DO,DO.01,False,0.0,0.1938472,0.0,0.15455495,0.087176055,0.24426478,0.26336798,0.0049085873,0.0,0.013023773,0.010923181,0.0095227845,0.015000943,0.003409742
99999E00030407,8,False,DO,DO.01,False,0.0074697295,0.04735288,0.21801819,0.33427677,0.04105803,0.043446016,0.16122258,0.008423467,0.017217325,0.024156494,0.016745009,0.03656509,0.03053052,0.013517953
99999E00030443,8,False,DO,DO.01,False,0.0,0.023725191,0.02965397,0.2308152,0.13752648,0.28432602,0.16544124,0.032046676,0.0029708166,0.006124378,0.0084674,0.021174062,0.05033504,0.0073935157
99999E00030454,9,False,10,10.85,False,0.0,0.0002615276,0.0,8.544114e-05,0.00070331217,0.91071284,0.00826726,0.00045589998,0.00024281394,0.017326018,0.0052810614,0.0026354159,0.05375011,0.0002782808
99999E00030486,2,False,DO,DO.01,False,0.0009100366,0.0,0.0013734456,0.0,0.0031225232,0.016086351,0.9570475,0.0037330864,0.0,0.0056357738,0.002692676,0.0029650417,0.0038634608,0.002570047
99999E00030509,4,False,DO,DO.01,False,0.13987477,0.059124928,0.019179361,0.039965656,0.052031007,0.024480553,0.37143317,0.014743568,0.0,0.1475127,0.039962307,0.0396359,0.023563264,0.028492851
99999E00030512,2,False,49,49.12,True,0.011891472,0.004907483,0.00015151962,0.0025842863,0.08074932,0.6738909,0.030108264,0.0025216746,0.0,0.0025827207,0.0,0.0026634894,0.18794881,0.0
99999E00030527,7,False,DO,DO.01,False,0.009634187,0.01426862,0.12691297,0.16178712,0.06361865,0.24296229,0.2773564,0.0,0.0,0.035317935,0.02271668,0.027586466,0.004880321,0.0129583785
99999E00030532,4,False,DO,DO.01,False,0.0,0.0,0.0016663967,0.0098563945,0.0013909009,0.02300367,0.9633268,0.0007558476,0.0,0.0,0.0,0.0,0.0,0.0
99999E00030547,9,False,DO,DO.01,False,0.0,0.011815168,0.03848487,0.040715892,0.07780372,0.059227474,0.6790728,0.009892988,0.004376195,0.022266747,0.00921621,0.042558912,0.004569082,0.0
99999E00030549,9,False,43,43.22,False,0.0,0.026302217,0.12880918,0.089024134,0.1382536,0.27883697,0.08905523,0.079140574,0.0024162987,0.048195213,0.009321542,0.014908248,0.079244174,0.016492685
99999E00030576,5,False,DO,DO.01,False,0.0061888355,0.07651545,0.1356299,0.14756468,0.12581247,0.049638893,0.053349085,0.07877654,0.0019502796,0.09169423,0.108702846,0.060703427,0.04051298,0.022960464
99999E00030588,9,False,47,47.78,False,0.0,0.0111912405,0.004171748,0.26015595,0.001185134,0.0,0.00037475346,0.0,0.0,0.67730975,0.0024463597,0.0027355098,0.0,0.04042962
99999E00030589,4,False,DO,DO.01,False,0.010287078,0.0024854285,0.015732344,0.026547536,0.019790186,0.011872172,0.90370905,0.0,0.0,0.0,0.00070788455,0.006702898,0.0021654256,0.0
99999E00030597,9,False,DO,DO.01,False,0.0,0.008132431,0.022481931,0.047179047,0.27632633,0.35681266,0.2107546,0.004072174,0.0,0.0014792676,0.01456418,0.00398081,0.053201646,0.0010148485
99999E00030599,1,False,61,61.10,False,0.0,0.0,0.0,0.0,0.0,0.0,1.0,0.0,0.0,0.0,0.0,0.0,0.0,0.0
99999E00030602,9,False,47,47.59,False,0.0,0.00503391,0.0,0.0042944653,0.35534096,0.3216697,0.23781669,0.0,0.0,0.06944141,0.0,0.002648728,0.0,0.0037541022
99999E00030631,6,False,16,16.2,False,0.0034337582,0.015929712,0.002200432,0.0,0.017677404,0.03251594,0.5217036,0.035319477,0.005820709,0.035335086,0.10367911,0.08274625,0.067244634,0.076393925
99999E00030697,8,False,DO,DO.01,False,0.0,0.020817831,0.16115138,0.08810547,0.13955551,0.06914369,0.2879666,0.032742675,0.16203694,0.0,0.015392665,0.004630384,0.013210132,0.005246729
99999E00030715,2,False,47,47.11,False,0.0,0.0,0.0,0.0016482424,0.0010062811,0.9206013,0.07163298,0.0,0.0,0.00050726515,0.0,0.00046946655,0.0034125894,0.0007218679
99999E00030794,1,False,61,61.10,False,0.0,0.0,0.0,0.0,0.0,0.0,1.0,0.0,0.0,0.0,0.0,0.0,0.0,0.0
99999E00030835,7,False,55,55.10,False,0.0031731576,0.0,0.02575919,0.080732726,0.00822888,0.27761453,0.57504475,0.0054712445,0.0026640578,0.0027944276,0.0,0.0011608236,0.016022308,0.0013339553
99999E00030838,9,False,47,47.25,False,0.0010090008,0.0027161743,0.00067743205,0.004055623,0.002261003,0.6040028,0.017977312,0.0028338912,0.0067973025,0.15446794,0.0175412,0.066794455,0.117322974,0.0015429305
99999E00030844,7,False,DO,DO.01,False,0.0,0.035723444,0.006370361,0.057766117,0.07164566,0.13848336,0.4874209,0.038435813,0.018631775,0.029685624,0.008025653,0.0723219,0.017866366,0.017622996
99999E00030863,2,False,56,56.30,False,0.0,9.604962e-05,0.00045075713,0.0025376799,0.000104791994,0.54649734,0.44419184,0.0,8.561705e-05,0.002079579,4.9715003e-05,0.0006349299,0.00327169,0.0
99999E00030919,4,False,10,10.71,False,0.82076573,0.0,0.0,0.0,0.0,0.00044792873,0.17878637,0.0,0.0,0.0,0.0,0.0,0.0,0.0
99999E00030920,7,False,DO,DO.01,False,0.006837395,0.0,0.0073772827,0.024429925,0.08051432,0.056610078,0.60315055,0.008524545,0.009593665,0.0012893373,0.039003342,0.008790936,0.11496414,0.038914543
99999E00030953,8,False,DO,DO.01,False,0.003560204,0.018957747,0.011583881,0.05213752,0.050878096,0.16712901,0.57211304,0.031166533,0.027941067,0.010698092,0.01757247,0.023995433,0.010050464,0.0022164423
99999E00030958,9,False,94,94.9,False,0.08148939,0.0110015115,0.011445838,0.12945881,0.0,0.10822004,0.34884927,0.0,0.0012263397,0.24419267,0.0057940115,0.0119523695,0.042708617,0.0036612465
99999E00030959,9,False,DO,DO.01,False,0.0,0.1376339,0.008643529,0.24630067,0.001909392,0.19793488,0.40181947,0.0,0.0,0.0,0.0057582012,0.0,0.0,0.0
99999E00031012,2,False,56,56.30,False,0.0,0.0,0.0,0.0,0.42943066,0.015053065,0.091422044,0.0,0.0,0.0,0.0,0.0009991217,0.46309507,0.0
99999E00031042,5,False,49,49.4,False,0.0,0.0,0.0,0.0,0.0,1.0,0.0,0.0,0.0,0.0,0.0,0.0,0.0,0.0
99999E00031081,9,False,DO,DO.01,False,0.0,0.0,0.0662757,0.32957947,0.17338584,0.091797225,0.18828325,0.050599203,0.0,0.0,0.041462447,0.0,0.0,0.058616877
99999E00031082,9,False,DO,DO.01,False,0.002008483,0.012136627,0.033037912,0.0044700997,0.01267957,0.005821335,0.90943867,0.0027351296,0.0043925364,0.0030372182,0.0044660177,0.0021227868,0.0036536427,0.0
99999E00031089,2,False,56,56.30,False,0.00013150524,0.0,0.0,0.0,0.0,0.8327929,0.15243733,0.001754187,0.0,3.950448e-05,0.0,0.0,0.0128446,0.0
99999E00031102,5,False,DO,DO.01,False,0.012408105,0.097137734,0.097725496,0.11561462,0.019451806,0.04585868,0.25920343,0.009511326,0.0032886146,0.13724017,0.038614396,0.011363213,0.00868101,0.14390138
99999E00031117,2,False,55,55.10,False,0.0,0.0,0.0,0.0030932508,0.0,0.8930157,0.10389106,0.0,0.0,0.0,0.0,0.0,0.0,0.0
99999E00031131,9,False,DO,DO.01,False,0.0,0.052140564,0.06094421,0.26668993,0.036824036,0.029624466,0.3209335,0.06263949,0.019935623,0.070960306,0.04400751,0.02318133,0.0023766097,0.009742489
99999E00031136,9,False,47,47.71,False,0.0,0.0012059759,0.0,0.02411272,0.0006690502,0.16751836,0.050062407,0.0,0.0,0.74032456,0.003992008,0.0039156154,0.00819933,0.0
99999E00031143,9,False,84,84.11,False,0.0036287801,0.010298189,0.003903033,0.039104555,0.020085134,0.43356395,0.37346685,0.057298835,0.0,0.012578956,0.009664128,0.014191085,0.020374887,0.0018416663
99999E00031144,4,False,47,47.11,False,0.020821422,0.0,0.02494298,0.0,0.0053543067,0.0067902836,0.9399576,0.0,0.0,0.0,0.0,0.0,0.0021333953,0.0
99999E00031148,7,False,DO,DO.01,False,0.0,0.022158012,0.03609102,0.24469887,0.17488188,0.11228507,0.2979016,0.02104043,0.024275534,0.027964044,0.01977825,0.0,0.012315452,0.0066099055
99999E00031188,2,False,55,55.10,True,0.032996032,0.0,0.0,0.0047508953,0.0014028501,0.86180234,0.090539545,0.00069971645,0.0,0.0037536921,0.0,0.0,0.004054938,0.0
99999E00031218,2,False,47,47.11,True,0.0,0.0,0.0,0.0,0.0,0.921054,0.078946054,0.0,0.0,0.0,0.0,0.0,0.0,0.0
99999E00031235,9,False,DO,DO.01,False,0.00807421,0.025329405,0.16033907,0.17768234,0.09548609,0.1918147,0.14259371,0.066294335,0.016983831,0.018442247,0.038380556,0.0074980897,0.04588646,0.0051950286
99999E00031258,5,False,DO,DO.01,False,0.0,0.0,0.0,0.0,0.0,0.0,0.0,0.02477343,0.0,0.20261706,0.15049247,0.09678053,0.2424906,0.2828458
99999E00031264,5,False,DO,DO.01,False,0.00668142,0.30523872,0.01150098,0.2232105,0.25218105,0.0,0.0,0.09544429,0.0,0.021448635,0.03352413,0.0,0.050770283,0.0
99999E00031282,9,False,93,93.1,True,0.0,0.0,0.007527354,0.034088645,0.014741486,0.35110366,0.565593,0.0,0.0,0.0,0.0,0.0,0.026945833,0.0
99999E00031296,2,False,16,16.10,False,0.0,0.0,0.0,0.0,0.0019369647,0.21901642,0.77904665,0.0,0.0,0.0,0.0,0.0,0.0,0.0
99999E00031300,5,False,49,49.4,False,0.021521429,0.0,0.0,0.060065106,0.0,0.09759282,0.2005142,0.0,0.0,0.06456428,0.08652112,0.18521284,0.08579545,0.19821277
99999E00031303,9,False,DO,DO.01,False,0.003028208,0.05026636,0.0035947447,0.17581272,0.11477037,0.1654431,0.31449664,0.04017587,0.0049516084,0.023901759,0.03648101,0.023149122,0.03512297,0.008805477
99999E00031304,9,False,55,55.10,False,0.0,0.0039483528,0.051498007,0.053045545,0.08667061,0.5032835,0.22051331,0.001879208,0.0,0.02054138,0.0013310796,0.015820827,0.031386495,0.010081694
99999E00031312,9,False,DO,DO.01,False,0.0,0.011057979,0.0,0.036145825,0.042338178,0.13816468,0.66426086,0.03138634,0.0,0.024275046,0.009298312,0.02443984,0.018632933,0.0
99999E00031320,8,False,DO,DO.01,False,0.0,0.02352584,0.0,0.016767845,0.1400796,0.46984,0.0053982898,0.0017888809,0.0,0.13505052,0.017660618,0.033627853,0.11319808,0.043062508
99999E00031369,4,False,36,36.00,False,0.00050724065,0.029161507,0.0041254903,0.013318578,0.009911856,0.26980063,0.48731545,0.059818365,0.02805029,0.055606592,0.0045059533,0.017201664,0.01815912,0.0025172676
99999E00031370,2,False,36,36.00,False,0.018548151,0.0,0.0,0.0017580749,0.007722123,0.06988361,0.85063946,0.0028159202,0.010069779,0.0012279816,0.0008979414,0.0,0.036437,0.0
99999E00031372,3,False,IL,IL.01,False,0.9965769,0.0,0.0,0.0,0.0,0.0,0.0034230994,0.0,0.0,0.0,0.0,0.0,0.0,0.0
99999E00031374,3,False,IL,IL.01,False,1.0,0.0,0.0,0.0,0.0,0.0,0.0,0.0,0.0,0.0,0.0,0.0,0.0,0.0
99999E00031376,9,False,75,75.00,False,0.0020570692,0.0,0.0011190933,0.0028231821,0.0464784,0.07605273,0.18365492,0.0027313016,0.0,0.05134807,0.06433894,0.13327523,0.38032776,0.055793375
99999E00031377,2,False,84,84.1,False,0.0,0.0,0.0,0.0,0.0024054048,0.84407604,0.1508461,0.0,0.0,0.0026725172,0.0,0.0,0.0,0.0
99999E00031378,3,False,IL,IL.01,False,1.0,0.0,0.0,0.0,0.0,0.0,0.0,0.0,0.0,0.0,0.0,0.0,0.0,0.0
99999E00031379,3,False,IL,IL.01,False,1.0,0.0,0.0,0.0,0.0,0.0,0.0,0.0,0.0,0.0,0.0,0.0,0.0,0.0
99999E00031381,2,False,IL,IL.01,False,0.0,0.0,0.0,0.012631215,0.0,0.051786255,0.93309426,0.0024882283,0.0,0.0,0.0,0.0,0.0,0.0
99999E00031382,4,False,36,36.00,False,0.0,0.0,0.0,0.0,0.00924785,0.0044986177,0.9832959,0.0,0.0,0.0,0.0,0.0,0.002957655,0.0
99999E00031385,4,False,96,96.0,False,0.98725504,0.0,0.0016017039,0.0073555172,0.0,0.0,0.0037877655,0.0,0.0,0.0,0.0,0.0,0.0,0.0
99999E00031386,9,False,36,36.00,False,0.0,0.0,0.0,0.0,0.019060547,0.010604063,0.95176876,0.0,0.0,0.0,0.00079020654,0.014067589,0.0,0.003708873
99999E00031387,3,False,IL,IL.01,False,0.98161554,0.0,0.0,0.0015377202,0.0,0.0029728366,0.013873907,0.0,0.0,0.0,0.0,0.0,0.0,0.0
99999E00031388,3,False,IL,IL.01,False,0.95830333,0.0,0.0,0.0,0.0,0.0,0.041696683,0.0,0.0,0.0,0.0,0.0,0.0,0.0
99999E00031389,3,False,IL,IL.01,False,0.99464977,0.0,0.0,0.0015794997,0.0,0.0,0.0037707011,0.0,0.0,0.0,0.0,0.0,0.0,0.0
99999E00031393,4,False,36,36.00,False,0.07408572,0.0035285603,0.011319868,0.024350177,0.0009027253,0.64649516,0.2235804,0.008188419,0.00013218676,0.00027043207,0.0,0.005812362,0.0013339848,0.0
99999E00031394,2,False,85,85.3,False,0.0,0.0,0.0,0.0,0.0020418356,0.34519416,0.6162383,0.0,0.0,0.0,0.0,0.0,0.0365257,0.0
99999E00031425,9,False,68,68.31,False,0.022578085,0.041425314,0.08836287,0.10952637,0.042930786,0.17153053,0.2692476,0.014170679,0.010401233,0.10199253,0.03996493,0.07325479,0.0038430244,0.010771289
99999E00031433,9,False,DO,DO.01,False,0.0020730128,0.07458851,0.0048362897,0.022186117,0.030684583,0.16180152,0.60296255,0.008318685,0.0,0.050635666,0.01051155,0.019618157,0.0,0.011783324
99999E00031446,7,False,DO,DO.01,False,0.031687476,0.014553288,0.0126009695,0.030876782,0.009526607,0.018530376,0.83534145,0.00076565327,0.0,0.025346845,0.008498556,0.008757038,0.0,0.0035149558
99999E00031570,8,False,DO,DO.01,False,0.0,0.0,0.045465622,0.3493499,0.016666666,0.125516,0.258248,0.07732812,0.032033153,0.0582155,0.00807736,0.0,0.029099625,0.0
99999E00031610,3,False,IL,IL.01,False,0.9965585,0.0,0.0,0.0011081912,0.0,0.0,0.0023333475,0.0,0.0,0.0,0.0,0.0,0.0,0.0
99999E00031652,1,False,60,60.10,False,0.0,0.0,0.0,0.0,0.0,0.0,1.0,0.0,0.0,0.0,0.0,0.0,0.0,0.0
99999E00031656,1,False,60,60.10,False,0.0,0.0,0.0,0.0,0.0,0.0,1.0,0.0,0.0,0.0,0.0,0.0,0.0,0.0
99999E00031672,7,False,36,36.00,False,0.008907767,0.004683152,0.018059557,0.02830021,0.11576265,0.5443913,0.1561055,0.022422044,0.0029137558,0.009209935,0.0041695554,0.008443064,0.06696308,0.009668471
99999E00031679,9,False,DO,DO.01,False,0.016570864,0.025503842,0.006475482,0.063836575,0.139122,0.11666482,0.43927118,0.07133114,0.018513508,0.05230278,0.008067813,0.0032483563,0.022579258,0.016512478
99999E00031692,4,False,DO,DO.02,False,0.0031318057,0.0,0.005835032,0.0029909648,0.0035876434,0.02289186,0.9536544,0.0036179316,0.00175369,0.0,0.0,0.0,0.0025366412,0.0
99999E00031719,2,False,DO,DO.01,False,0.0,0.0,0.0,0.0,0.008261822,0.02587102,0.9576159,0.0070257187,0.0,0.0,0.0,0.0012255388,0.0,0.0
99999E00031725,4,False,DO,DO.01,False,0.30190867,0.010628786,0.029652944,0.07120322,0.0019889683,0.18596306,0.35378742,0.005279031,0.011288876,0.010650396,0.004681527,0.0017891453,0.00892103,0.0022569892
99999E00031797,8,False,DO,DO.01,False,0.0,0.011536763,0.004786785,0.07907188,0.11876416,0.15856561,0.07331826,0.21632671,0.13319327,0.005408683,0.090934545,0.030326145,0.07603037,0.0017367293
99999E00031823,6,False,52,52.10,False,0.14155382,0.004097985,0.0039723455,0.0020633996,0.009274688,0.06634952,0.31754738,0.03032949,0.06473385,0.024227407,0.033364173,0.0061885226,0.29322684,0.003070641
99999E00031834,9,False,93,93.11,False,0.015256772,0.10503723,0.013511988,0.07065496,0.012298798,0.14374945,0.12097266,0.005315054,0.010623128,0.41111344,0.0015674817,0.004885604,0.08301321,0.002000234
99999E00031837,8,False,DO,DO.01,False,0.0,0.022992069,0.0009064279,0.022423057,0.089161314,0.52731675,0.13110855,0.021985868,0.0071316953,0.06277391,0.028378028,0.036407083,0.008194737,0.0412204
99999E00031857,2,False,41,41.20,False,0.0,0.0,0.0,0.0,0.0,0.18517771,0.400155,0.0,0.0,0.0,0.0,0.0,0.41466728,0.0
99999E00031861,8,False,DO,DO.01,False,0.0,0.056503493,0.05557064,0.19901639,0.11942293,0.29306677,0.09184617,0.044135753,0.03238435,0.014571948,0.012447625,0.0041743205,0.070268735,0.006590886
99999E00031875,9,False,DO,DO.01,False,0.08810406,0.0031917263,0.14240943,0.18244477,0.021218771,0.09532306,0.40333122,0.030767657,0.0,0.0038695117,0.01446502,0.00820208,0.0054317773,0.0012409023
99999E00031885,9,False,56,56.10,False,0.0009694112,0.0,0.042009983,0.55572045,0.0014102788,0.18564908,0.20487201,0.0016005976,0.00014136492,0.0,0.001360482,0.0011838862,0.00485793,0.00022446648
99999E00031886,2,False,55,55.10,False,0.0,0.0,0.0,0.0059962515,0.0011039199,0.9050495,0.06291703,0.0028001042,0.0007654831,0.0,0.0,0.0,0.021367721,0.0
99999E00031892,9,False,DO,DO.01,False,0.0,0.0082279295,0.0,0.06469137,0.047720086,0.36160907,0.44433343,0.0015399697,0.0,0.012093663,0.0,0.022581743,0.02976695,0.0074358084
99999E00031930,2,False,93,93.1,False,0.0,0.005563975,0.0012421417,0.012078215,0.0027048935,0.61547947,0.23139203,0.0,0.0,0.02118578,0.0,0.0,0.11035353,0.0
99999E00031952,7,False,DO,DO.01,False,0.00038284238,0.14681214,0.0001835112,0.08266864,0.059039988,0.31770852,0.096935056,0.004024591,0.0,0.053911164,0.09080325,0.106930085,0.024970181,0.015630092
99999E00031966,7,False,01,01.42,False,0.041757602,0.023818858,0.0,0.03306972,0.009074077,0.49984425,0.30281588,0.004914334,0.00019517331,0.06341591,0.0054779043,0.00055704487,0.008811869,0.0062473263
99999E00031969,7,False,DO,DO.01,False,0.0,0.070358,0.11342694,0.50428635,0.19325538,0.036335524,0.012852726,0.0028928765,0.00096637034,0.019367931,0.027463622,0.0,0.018794345,0.0
99999E00032022,7,False,DO,DO.01,False,0.010180564,0.015801404,0.22702147,0.18683489,0.061424196,0.27930942,0.030801497,0.04599134,0.011708014,0.056263126,0.016374288,0.017435402,0.03648875,0.004365601
99999E00032033,9,False,47,47.78,False,0.0026791233,0.0,0.0,0.0,0.0,0.024124105,0.023763182,0.0,0.0007785487,0.90187013,0.020051444,0.021767741,0.0038414944,0.0011242068
99999E00032034,2,False,55,55.10,False,0.005518513,0.0,0.0009848814,0.0,0.0024608802,0.84870434,0.12488155,0.0,0.0,0.0,0.0008101871,0.0,0.016639635,0.0
99999E00032068,7,False,DO,DO.01,False,0.18269347,0.0076001384,0.08915657,0.090670936,0.121091306,0.041238893,0.32597664,0.029466461,0.004586974,0.034993194,0.000554796,0.0054573813,0.0,0.066513255
99999E00032087,9,False,43,43.22,False,0.017371424,0.0024215172,0.009215133,0.022177998,0.019815726,0.12936431,0.20991394,0.0,0.0,0.5794961,0.0,0.0,0.010223847,0.0
99999E00032096,4,False,82,82.30,False,0.0015895155,0.0007678168,0.051240634,0.052585606,0.005045209,0.027579233,0.8363421,0.0,0.0011128681,0.008763059,0.0040494306,0.00026319225,0.0057943743,0.0048669847
99999E00032109,9,False,46,46.34,False,0.11348493,0.011954859,0.048902847,0.3120781,0.20221356,0.054203548,0.047475632,0.0006489014,0.00082160597,0.08349665,0.024133958,0.04998305,0.018002264,0.032600142
99999E00032122,2,False,55,55.10,False,0.0,0.0,0.0,0.0,0.0,0.7966165,0.20194583,0.0,0.0,0.0,0.0,0.0,0.0014377162,0.0
99999E00032136,2,False,55,55.20,False,0.0019421581,0.0,0.0,0.00029900653,0.006155589,0.77156,0.1234146,0.0,0.004199934,0.0,0.0,0.0,0.09242866,0.0
99999E00032155,5,False,DO,DO.01,False,0.0031826366,0.030061133,0.0,0.07818764,0.4873434,0.106240064,0.08800512,0.06481361,0.041043837,0.02174802,0.0,0.012765329,0.011365318,0.05524396
99999E00032161,8,False,DO,DO.01,False,0.00048765645,0.042599913,0.0065103145,0.18366714,0.2765264,0.041821577,0.019930942,0.04892937,0.009322399,0.058575198,0.10662044,0.0869832,0.066858806,0.051166646
99999E00032181,7,False,55,55.10,False,0.0,0.013503717,0.004799185,0.028938022,0.018825175,0.046617318,0.7919565,0.0,0.0,0.016151454,0.005900893,0.011627695,0.01596697,0.045713082
99999E00032182,9,False,DO,DO.01,False,0.0017171064,0.021971159,0.10474105,0.26669785,0.12885128,0.14619796,0.17041552,0.014363693,0.0074586812,0.03313723,0.038588554,0.019502817,0.025646837,0.020710157
99999E00032192,9,False,36,36.00,False,0.08421553,0.007885233,0.022612635,0.17086744,0.017498521,0.06920011,0.55300933,0.028528504,0.021398325,0.006468537,0.0,0.012742473,0.002732198,0.0028411744
99999E00032208,9,False,DO,DO.01,False,0.0,0.018327216,0.0,0.036021255,0.0021211777,0.7494019,0.17729029,0.0037413838,0.00837239,0.0023020841,0.0,0.0,0.0,0.0024223572
99999E00032220,7,False,DO,DO.01,False,0.0019671817,0.0,0.15262452,0.4382817,0.0036944635,0.0068131657,0.2505518,0.009260149,0.003902377,0.0639414,0.0,0.047180373,0.0,0.021782938
99999E00032234,6,False,43,43.33,False,0.0,0.0,0.0,0.0,0.0024327796,0.15263486,0.08944823,0.018126886,0.0,0.0066007324,0.021180574,0.0076243537,0.70195156,0.0
99999E00032238,9,False,47,47.71,False,0.0,0.0,0.0,0.0,0.003689195,0.5777253,0.027837545,0.0002574128,0.0010260792,0.24066699,0.009092845,0.0095398035,0.122761756,0.0074031604
99999E00032264,9,False,DO,DO.01,False,0.0019983326,0.03808099,0.0053180708,0.05160962,0.013334837,0.020879285,0.7315835,0.00786714,0.023477029,0.067216806,0.002284066,0.0020181625,0.0024327917,0.03189941
99999E00032267,7,False,DO,DO.01,False,0.0052279066,0.064353004,0.041857984,0.3142094,0.050647814,0.18298425,0.20503438,0.049666055,0.0055995854,0.036874108,0.009885156,0.011026471,0.002247906,0.020386023
99999E00032283,4,False,DO,DO.01,False,0.026025454,0.012209995,0.0037741268,0.025559481,0.13335936,0.06929492,0.17646964,0.14793146,0.23627585,0.001190875,0.007107972,0.0,0.14828005,0.0125208115
99999E00032289,4,False,43,43.22,False,0.002005752,0.0,0.0,0.0038736968,0.0018036104,0.18065864,0.6310631,0.033614244,0.0,0.0061697946,0.0039727166,0.00428749,0.132551,0.0
99999E00032294,4,False,DO,DO.01,False,0.20167157,0.022965146,0.043768235,0.2552212,0.0073261824,0.013538919,0.020216769,0.081879035,0.0,0.2488788,0.06493214,0.039601974,0.0,0.0
99999E00032298,7,False,DO,DO.01,False,0.007877054,0.0,0.06792354,0.10670328,0.06726096,0.22350086,0.42474434,0.011549123,0.006627746,0.031917952,0.00629127,0.020357158,0.010169502,0.015077264
99999E00032300,4,False,47,47.11,True,0.017341191,0.0,0.03744506,0.0,0.0,0.0,0.9452138,0.0,0.0,0.0,0.0,0.0,0.0,0.0
99999E00032330,6,False,16,16.10,True,0.03406635,0.0005823124,0.0,0.0006500793,0.0006950786,0.0035964625,0.022866076,0.11323567,0.003429322,0.016481532,0.10879707,0.0037352103,0.65922374,0.032641105
99999E00032367,9,False,74,74.90,False,0.009883365,0.00565165,0.032588907,0.09060332,0.06138838,0.123488195,0.5169442,0.0071260845,0.0,0.009855277,0.025541635,0.015927415,0.09797801,0.0030234922
99999E00032370,5,False,27,27.5,False,0.0127797,0.0,0.0,0.015778545,0.0030680504,0.0,0.0,0.038846593,0.0,0.07088812,0.2544867,0.21757783,0.16198382,0.22459054
99999E00032392,2,False,55,55.10,False,0.0,0.0,0.0,0.0,0.0,0.9480047,0.050460394,0.0,0.0,0.0,0.0,0.0,0.0015348729,0.0
99999E00032393,2,False,55,55.10,False,0.0,0.0,0.0,0.0,0.0024250597,0.8998044,0.061304647,0.004273016,0.00089151086,0.010763461,0.0013580888,0.0,0.019179821,0.0
99999E00032396,7,False,DO,DO.01,False,0.024567325,0.03137703,0.043393537,0.19220132,0.24481416,0.19535473,0.13044253,0.038804848,0.0027972178,0.0,0.0,0.047165066,0.049082268,0.0
99999E00032399,9,False,DO,DO.01,False,0.036605317,0.036848865,0.0791063,0.3814945,0.027975576,0.20233119,0.12911774,0.0070512183,0.009163907,0.016586708,0.00825449,0.011991476,0.04640573,0.00706698
99999E00032405,2,False,55,55.10,False,0.0,0.0,0.0,0.0,0.024015903,0.7538702,0.15492599,0.002674654,0.0,0.00096242316,0.0,0.0,0.063550815,0.0
99999E00032422,8,False,16,16.23,False,0.0,0.011830337,0.0020306502,0.027783956,0.08725849,0.3065933,0.055087693,0.03684867,0.007330318,0.16034698,0.06544701,0.018544257,0.2051995,0.015698867
99999E00032423,4,False,DO,DO.01,False,0.041600995,0.020084618,0.19032985,0.1867402,0.041933373,0.069393635,0.32977676,0.04127374,0.0,0.0,0.023588356,0.019904621,0.034680452,0.00069338403
99999E00032425,9,False,DO,DO.01,False,0.0,0.0,0.045519635,0.005446864,0.0,0.014387686,0.8707454,0.06390041,0.0,0.0,0.0,0.0,0.0,0.0
99999E00032429,1,False,61,61.90,False,0.0,0.0,0.0,0.0,0.0,0.0,1.0,0.0,0.0,0.0,0.0,0.0,0.0,0.0
99999E00032445,9,False,55,55.10,False,0.0,0.00027147526,0.012913168,0.0017416091,0.00032300927,0.01698727,0.061745364,0.0017882555,0.0,0.8249416,0.0011638453,0.0004179313,0.0023660194,0.0753404
99999E00032454,1,False,61,61.90,False,0.0,0.0,0.0,0.0,0.0023110171,0.0,0.997689,0.0,0.0,0.0,0.0,0.0,0.0,0.0
99999E00032455,4,False,47,47.78,False,0.03694966,0.0007099411,0.008533163,0.015433407,0.005646267,0.007879241,0.08145388,0.3366529,0.41013962,0.0030967004,0.03875966,0.002247653,0.050089628,0.0024083052
99999E00032462,9,False,47,47.71,False,0.0010035362,0.0,0.0,0.0,0.0008281393,0.4615458,0.03896045,0.0,0.0,0.43231156,0.008309645,0.006212385,0.0508284,0.0
99999E00032463,2,False,55,55.10,True,0.02217288,0.0017775898,0.0,0.00617922,0.010909674,0.8886293,0.052154105,0.0015687223,0.00032797872,0.00046081745,0.004185794,0.0,0.010865324,0.0007685219
99999E00032466,8,False,47,47.64,False,0.0,0.23717561,0.03241959,0.16610181,0.0035857288,0.05114293,0.021368999,0.0100671705,0.0030154327,0.192037,0.035107117,0.018213203,0.21437645,0.015388852
99999E00032468,2,False,56,56.10,False,0.0,0.00021689307,0.00018973791,8.687328e-05,0.02610912,0.09838439,0.21809258,8.640909e-05,0.00021791429,0.00030587844,0.0002233221,0.00050053676,0.6554582,0.00012809341
99999E00032481,1,False,61,61.20,False,0.0,0.0,0.0,0.0,0.0,0.0,1.0,0.0,0.0,0.0,0.0,0.0,0.0,0.0
99999E00032482,2,False,56,56.30,False,0.0,0.0,0.0,0.11240119,0.30190036,0.52429646,0.041896734,0.0,0.0,0.0020860543,0.0015396036,0.0057789343,0.00988599,0.0002146771
99999E00032499,8,False,41,41.20,False,0.032926768,0.026260804,0.0045235194,0.010484172,0.028498702,0.08298245,0.10374398,0.059733786,0.19583179,0.10625233,0.11366601,0.13141009,0.018422866,0.08526277
99999E00032504,9,False,DO,DO.01,False,0.0016600116,0.028802281,0.019699764,0.13441303,0.1271957,0.041735042,0.4373807,0.02219577,0.013869361,0.03512853,0.03636935,0.050681856,0.013957991,0.03691071
99999E00032510,5,False,DO,DO.01,False,0.028374024,0.07925779,0.05030487,0.074837044,0.075182885,0.29366437,0.13465254,0.015224533,0.004323016,0.13807337,0.016322203,0.025381742,0.054357227,0.010044434
99999E00032523,1,False,61,61.10,False,0.0,0.0,0.0,0.0,0.0,0.0052351034,0.9947649,0.0,0.0,0.0,0.0,0.0,0.0,0.0
99999E00032531,9,False,47,47.75,False,0.010338444,0.004545379,0.0039618732,0.0,0.07988617,0.4027816,0.095233046,0.0,0.0,0.25641334,0.021031635,0.06665341,0.044218265,0.014936869
99999E00032552,9,False,DO,DO.01,False,0.003772461,0.026508538,0.017623765,0.07475676,0.03027544,0.15719002,0.6156519,0.011258083,0.005269833,0.007816106,0.021250442,0.016319742,0.00293297,0.009374014
99999E00032586,7,False,DO,DO.01,False,0.002912305,0.0030623109,0.010782114,0.15293261,0.18112636,0.1123323,0.12193266,0.06714766,0.004723349,0.025083873,0.10616011,0.15537295,0.029624289,0.02680711
99999E00032588,5,False,DO,DO.01,False,0.024393447,0.035615988,0.20001641,0.29472715,0.050407104,0.20158331,0.04126828,0.015837077,0.0,0.008548166,0.027231894,0.038470846,0.013023237,0.04887713
99999E00032606,9,False,47,47.72,False,0.0010615572,0.015475684,0.07248353,0.20335108,0.23468077,0.1712134,0.036862522,0.05596671,0.002544502,0.048068725,0.02582617,0.038310487,0.06603998,0.028114887
99999E00032607,5,False,01,01.50,False,0.0016895579,0.0,0.0,0.0002031985,0.032865476,0.0,0.0,0.023808088,0.009971779,0.008662276,0.23937158,0.13358796,0.3062013,0.24363875
99999E00032608,1,False,61,61.10,False,0.0,0.0,0.0,0.0,0.0,0.030713107,0.9692869,0.0,0.0,0.0,0.0,0.0,0.0,0.0
99999E00032625,9,False,DO,DO.01,False,0.0,0.0058619436,0.0,0.0076529523,0.0,0.19361944,0.76714754,0.019944794,0.0020184948,0.0037547853,0.0,0.0,0.0,0.0
99999E00032631,5,False,DO,DO.01,False,0.0049554533,0.09397858,0.12432392,0.24303502,0.14877835,0.13841428,0.011295632,0.12893903,0.006581339,0.013357163,0.006522995,0.017686378,0.03032006,0.031811755
99999E00032632,7,False,52,52.10,False,0.014792093,0.018872743,0.061915506,0.082996346,0.36153492,0.10026714,0.16411148,0.0047755535,0.0030913374,0.027317636,0.0067628417,0.038942624,0.044447716,0.07017206
99999E00032682,2,False,71,71.12,False,0.0,0.0,0.0,0.0,0.0,0.13079956,0.8692004,0.0,0.0,0.0,0.0,0.0,0.0,0.0
99999E00032684,9,False,DO,DO.01,False,0.0056978776,0.017980268,0.035564475,0.103457436,0.07314076,0.115307756,0.60055,0.011008696,0.0,0.020752698,0.0054278355,0.009451454,0.00085513166,0.0008056241
99999E00032700,4,False,DO,DO.01,False,0.013135531,0.15409362,0.17344485,0.19839266,0.0,0.041251883,0.22903414,0.017068908,0.0,0.06441509,0.088719465,0.0,0.0,0.02044384
99999E00032774,5,False,DO,DO.01,False,0.0,0.0,0.04660945,0.15119003,0.038277913,0.6429676,0.10178624,0.019040028,0.0,0.0,0.0,0.0001287404,0.0,0.0
99999E00032778,9,False,DO,DO.02,False,0.59491867,0.010217323,0.02041039,0.05937924,0.045736272,0.07459125,0.07785266,0.0064702113,0.0030927844,0.03812749,0.004082604,0.008685981,0.050305746,0.0061294585
99999E00032786,2,False,77,77.21,False,0.0,0.0,0.0,0.0010176573,0.11654786,0.052909143,0.13262127,0.0,0.0,0.00068638497,0.0033921911,0.018341515,0.67448395,0.0
99999E00032796,9,False,DO,DO.01,False,0.083831444,0.0,0.10135451,0.11777191,0.09998503,0.0,0.47023243,0.0,0.0,0.062327426,0.018784339,0.014234242,0.018563503,0.012915159
99999E00032798,9,False,DO,DO.01,False,0.0,0.068757564,0.05574458,0.08482357,0.15756403,0.04817652,0.40934184,0.0055846698,0.0,0.04201672,0.041903842,0.0053642937,0.04180709,0.038915318
99999E00032811,2,False,56,56.11,False,0.0,0.0,0.0,0.0,0.37638202,0.42062846,0.14345069,0.00018881148,0.0,0.0,0.0006772246,0.00043067738,0.058242097,0.0
99999E00032824,7,False,DO,DO.01,False,0.016089004,0.08109397,0.008347059,0.13208486,0.1510486,0.09310153,0.050526097,0.08186922,0.0013663286,0.049066808,0.19674079,0.042929728,0.04137047,0.054365497
99999E00032845,8,False,15,15.20,False,0.0,0.016646326,0.12146472,0.092906035,0.10279806,0.26142535,0.021829788,0.047357168,0.022673976,0.19529432,0.039961185,0.042894006,0.022757363,0.011991771
99999E00032853,4,False,DO,DO.01,False,0.011844089,0.0,0.009469156,0.039599217,0.0014881559,0.076334246,0.8223387,0.00182452,0.0,0.013485139,0.0,0.0,0.023616828,0.0
99999E00032890,4,False,DO,DO.02,False,0.0008052712,0.0,0.0027899938,0.0,0.006634031,0.050021213,0.9397495,0.0,0.0,0.0,0.0,0.0,0.0,0.0
99999E00032892,9,False,DO,DO.01,False,0.0024316646,0.017963717,0.014526971,0.2336183,0.03565379,0.19396453,0.40718845,0.031086173,0.014573068,0.0013473829,0.01838007,0.0077400347,0.019340033,0.0021857272
99999E00032906,9,False,DO,DO.01,True,0.2747619,0.016186262,0.021617714,0.3091924,0.009626122,0.17470112,0.14484414,0.022627814,0.023098495,0.003344087,0.0,0.0,0.0,0.0
99999E00032907,7,False,DO,DO.01,False,0.0008702988,0.0017092573,0.0034956601,0.085057855,0.041834615,0.070899226,0.2037295,0.25412244,0.12875119,0.018437799,0.11225408,0.030024106,0.04170684,0.0071070385
99999E00032908,5,False,52,52.10,False,0.008205482,0.005688674,0.100382686,0.20107567,0.08784692,0.08657817,0.3499948,0.0212653,0.010377521,0.055804167,0.012280641,0.017727977,0.0072539207,0.035518013
99999E00032913,9,False,DO,DO.01,False,0.0031050968,0.0016803273,0.016038587,0.021206684,0.0,0.009958158,0.6865329,0.039040137,0.21160606,0.0,0.0017551411,0.006828564,0.0022483813,0.0
99999E00032925,1,False,62,62.02,False,0.0,0.0,0.0,0.0,0.0036571266,0.00439635,0.9919466,0.0,0.0,0.0,0.0,0.0,0.0,0.0
99999E00032930,7,False,DO,DO.01,False,0.0,0.09401316,0.023759864,0.17033362,0.14465359,0.056249335,0.37620077,0.019992717,0.0053876135,0.01250721,0.024838433,0.026032,0.030546654,0.015485034
99999E00032931,8,False,DO,DO.01,False,0.0,0.01845909,0.023988785,0.0686251,0.11297101,0.26279983,0.18677124,0.13391122,0.07330477,0.015037026,0.057629853,0.019363659,0.023140024,0.0039983415
99999E00032966,8,False,DO,DO.01,False,0.0,0.020686865,0.0,0.1574178,0.010782007,0.24836339,0.008042898,0.33017194,0.0,0.0,0.1991771,0.0120981475,0.01325989,0.0
99999E00032975,2,False,35,35.11,False,0.0,0.0,0.0,0.0,0.0019642687,0.06894536,0.9290904,0.0,0.0,0.0,0.0,0.0,0.0,0.0
99999E00032983,1,False,60,60.10,False,0.0,0.0,0.0,0.0,0.0,0.0,1.0,0.0,0.0,0.0,0.0,0.0,0.0,0.0
99999E00032995,8,False,DO,DO.01,False,0.0,0.11555099,0.0,0.0019269611,0.038097665,0.51212156,0.08288241,0.0758602,0.052556712,0.020246344,0.005225193,0.041383926,0.04842409,0.005724032
99999E00032996,9,False,55,55.30,True,0.20640066,0.0010894618,0.02471776,0.38810134,0.0010100688,0.13203852,0.23923115,0.0029545703,0.0,0.0,0.000490383,0.0012267089,0.002739433,0.0
99999E00033015,8,False,38,38.11,False,0.0,0.0,0.001149002,0.0,0.0,0.05468071,0.4095447,0.1280418,0.06251403,0.00059962994,0.057042837,0.27003974,0.016387574,0.0
99999E00033085,1,False,61,61.10,False,0.0,0.0,0.0,0.0,0.0,0.0,1.0,0.0,0.0,0.0,0.0,0.0,0.0,0.0
99999E00033092,8,False,01,01.41,True,0.0,0.17171003,0.015442047,0.021748476,0.10012844,0.019762903,0.0,0.02187788,0.28758335,0.06002246,0.07466315,0.0539048,0.14859569,0.024560815
99999E00033098,1,False,61,61.10,False,0.0,0.0,0.0,0.0,0.0,0.0,1.0,0.0,0.0,0.0,0.0,0.0,0.0,0.0
99999E00033104,9,False,DO,DO.01,False,0.0023646688,0.04905718,0.028227499,0.12872846,0.07594115,0.18275127,0.42195082,0.009878948,0.009399601,0.028246066,0.020379025,0.023629813,0.016687712,0.0027579367
99999E00033126,6,False,25,25.11,False,0.0,0.0,0.001261896,0.0,0.0015555029,0.06427019,0.07019519,0.0068338853,0.0,0.024636539,0.018083045,0.0014843832,0.81001955,0.0016598662
99999E00033129,2,False,56,56.30,True,0.0,0.0,0.0,0.0,0.12619874,0.0013149483,0.052212697,0.0,0.0,0.0,0.0,0.043928403,0.7763452,0.0
99999E00033158,8,False,68,68.31,False,0.0,0.0136302505,0.08160715,0.24983408,0.015002939,0.123546295,0.39679936,0.003210711,0.00025821177,0.061879765,0.014116134,0.0050404053,0.030630585,0.00444402
99999E00033160,4,False,71,71.11,False,0.0011514567,0.011871832,0.0056809043,0.040816765,0.040677965,0.3938073,0.37170458,0.016039088,0.0018282047,0.012467272,0.046951022,0.0073177465,0.039276015,0.010409925
99999E00033163,1,False,38,38.1,False,0.0,0.0,0.0,0.0,0.0,0.014029738,0.9845154,0.0014548093,0.0,0.0,0.0,0.0,0.0,0.0
99999E00033167,9,False,DO,DO.01,False,0.0,0.0361966,0.03906864,0.2562749,0.20622808,0.08960322,0.046610385,0.028270435,0.0,0.06481035,0.08521128,0.048618037,0.09910818,0.0
99999E00033178,1,False,60,60.10,False,0.0,0.0,0.0,0.0,0.0,0.0,1.0,0.0,0.0,0.0,0.0,0.0,0.0,0.0
99999E00033183,1,False,60,60.10,False,0.0,0.0,0.0,0.0,0.0,0.0,1.0,0.0,0.0,0.0,0.0,0.0,0.0,0.0
99999E00033200,8,False,96,96.02,False,0.0,0.015560101,0.0038546957,0.015709057,0.025842791,0.25040784,0.0029926652,0.00078488,0.0,0.5580664,0.006873906,0.024675976,0.09160198,0.0036297354
99999E00033204,7,False,DO,DO.01,False,0.00018250731,0.06487389,0.12964101,0.20179798,0.17545035,0.08490722,0.056138787,0.009408882,0.010299611,0.041414235,0.077067435,0.04506553,0.051757466,0.051995065
99999E00033226,4,False,85,85.51,False,0.0017689094,0.0,0.0,0.0016116212,0.028933905,0.19951907,0.4086489,0.00081662915,0.0,0.0010074738,0.01441895,0.0031847626,0.33932316,0.00076661806
99999E00033238,2,False,49,49.39,False,0.0,0.0,0.0,0.0,0.0,0.4443139,0.526618,0.0,0.0,0.0,0.0,0.0,0.029068094,0.0
99999E00033248,4,False,DO,DO.02,False,0.073195145,0.0,0.028390832,0.04169492,0.0071169436,0.58381236,0.23874949,0.0042247195,0.0,0.0,0.0028555505,0.0013418427,0.017163504,0.0014547416
99999E00033258,9,False,DO,DO.01,False,0.0,0.034860402,0.0013394096,0.11029364,0.055815153,0.050314497,0.6814185,0.02927449,0.001284403,0.0,0.018449198,0.00394672,0.01300355,0.0
99999E00033266,4,False,52,52.10,False,0.03309307,0.002284885,0.0006582784,0.0056035477,0.0075225825,0.053035256,0.7927862,0.013287239,0.038874928,0.014096136,0.005063583,0.0044384496,0.020765767,0.008490071
99999E00033270,1,False,61,61.10,False,0.0,0.0,0.0,0.0,0.0,0.0,1.0,0.0,0.0,0.0,0.0,0.0,0.0,0.0
99999E00033273,1,False,61,61.90,False,0.0,0.0,0.0,0.0,0.0,0.023617018,0.976383,0.0,0.0,0.0,0.0,0.0,0.0,0.0
99999E00033301,4,False,38,38.11,False,0.006199483,0.0,0.0,0.0,0.0033062347,0.102354966,0.84005207,0.007720068,0.0,0.0,0.0068806843,0.0030699305,0.030416552,0.0
99999E00033359,8,False,01,01.19,False,0.022752916,0.050982803,0.006628162,0.037953123,0.00976845,0.26789358,0.37869763,0.0033069984,0.0007284114,0.15129928,0.007887764,0.02359628,0.028977916,0.009526554
99999E00033373,2,False,85,85.31,False,0.0,0.0,0.0,0.0,0.0,0.2868515,0.2503647,0.0,0.0,0.0,0.0,0.0,0.4627838,0.0
99999E00033392,8,False,DO,DO.01,False,0.0007572612,0.05460948,0.004997451,0.14421846,0.08017197,0.27440277,0.25885567,0.06252487,0.024319036,0.028578926,0.0030652923,0.0075828554,0.040754203,0.015161771
99999E00033409,7,False,55,55.10,False,0.015687428,0.0,0.0042329673,0.0011072723,0.00174642,0.6571372,0.26812917,0.0043929005,0.0023382881,0.0001867829,0.0034461443,0.0037274861,0.036049098,0.0018187984
99999E00033477,9,False,DO,DO.01,False,0.0,0.057253256,0.017071066,0.13229728,0.08191756,0.1394064,0.0709704,0.11700698,0.005919274,0.083579555,0.1916108,0.055674113,0.03768771,0.009605594
99999E00033488,2,False,47,47.11,False,0.0,0.0,0.0,0.0,0.0,0.13809602,0.861904,0.0,0.0,0.0,0.0,0.0,0.0,0.0
99999E00033497,6,False,47,47.78,False,0.00091498473,0.0,0.0,0.0,0.0,0.0,0.010306121,0.0,0.0,0.015042229,0.0067454046,0.013057634,0.9539336,0.0
99999E00033498,2,False,49,49.31,False,0.0,0.0,0.0,0.0,0.0,0.04718399,0.95281607,0.0,0.0,0.0,0.0,0.0,0.0,0.0
99999E00033504,4,False,DO,DO.02,False,0.04785966,0.0,0.004939877,0.010854815,0.0,0.039861843,0.8937547,0.0,0.0,0.0,0.0,0.0,0.0014238647,0.0013052939
99999E00033513,2,False,56,56.30,False,0.0,0.0,0.0,0.0,0.0,0.9237985,0.07087031,0.0,0.0,0.0,0.0025763644,0.0027548273,0.0,0.0
99999E00033514,8,False,47,47.71,False,0.0,0.49674916,0.01173497,0.29192293,0.0,0.0,0.0,0.0,0.0,0.15277268,0.032302234,0.014518071,0.0,0.0
99999E00033515,2,False,47,47.71,False,0.007909699,0.004816679,0.0,0.006519414,0.0,0.49247533,0.06670319,0.00060995587,0.0,0.38026693,0.0065255915,0.0014197765,0.032753497,0.0
99999E00033524,4,False,DO,DO.01,False,0.0034712143,0.008492153,0.12033544,0.116421446,0.03817814,0.14541402,0.4109233,0.024824822,0.0056830174,0.039352965,0.026834035,0.024138726,0.013166388,0.022764442
99999E00033549,1,False,61,61.10,False,0.0,0.0,0.0,0.0,0.0,0.0,1.0,0.0,0.0,0.0,0.0,0.0,0.0,0.0
99999E00033551,9,False,DO,DO.01,False,0.009846066,0.011864019,0.10045723,0.20565793,0.11972611,0.06458729,0.30246407,0.010106861,0.0,0.04205848,0.05221878,0.038531337,0.035756655,0.006725081
99999E00033552,8,False,DO,DO.01,False,0.0,0.004194898,0.0,0.0028026418,0.118284084,0.66445315,0.09135285,0.052344132,0.008163591,0.012633313,0.008849624,0.01001691,0.019190392,0.007714475
99999E00033558,2,False,68,68.32,False,0.0,0.0,0.0,0.0,0.0,0.76502585,0.23017499,0.0009872627,0.0,0.0,0.0,0.0011205697,0.0026912147,0.0
99999E00033563,9,False,47,47.78,False,0.0,0.02262075,0.057115246,0.1333079,0.0,0.23113976,0.0010858538,0.0,0.0,0.5365577,0.0,0.014935733,0.003237124,0.0
99999E00033602,2,False,61,61.10,False,0.0,0.0,0.0,0.0,0.0,0.84225214,0.15774788,0.0,0.0,0.0,0.0,0.0,0.0,0.0
99999E00033633,2,False,35,35.11,False,0.0012525814,0.0,0.00034964998,0.0,0.005454341,0.27120918,0.70355535,0.00077479257,0.00029005055,0.0003536233,0.00028210395,0.00092081114,0.015557437,0.0
99999E00033667,1,False,60,60.10,False,0.0,0.0,0.0,0.0,0.0,0.0,1.0,0.0,0.0,0.0,0.0,0.0,0.0,0.0
99999E00033700,4,False,55,55.30,False,0.25558546,0.0,0.054869905,0.0,0.0,0.0015585384,0.6879861,0.0,0.0,0.0,0.0,0.0,0.0,0.0
99999E00033713,9,False,DO,DO.01,False,0.0,0.08095713,0.005315208,0.09109291,0.0585801,0.18991673,0.46021676,0.007870847,0.0065377057,0.014620077,0.059874192,0.0,0.017177885,0.007840474
99999E00033714,9,False,DO,DO.01,False,0.048528492,0.035594888,0.059410095,0.1390023,0.07454224,0.16913836,0.36218703,0.020654181,0.0042009107,0.027284058,0.015759028,0.012321489,0.007197679,0.024179166
99999E00033724,2,False,56,56.30,False,0.0,0.0,0.0,0.0,0.0,0.8194003,0.18059967,0.0,0.0,0.0,0.0,0.0,0.0,0.0
99999E00033725,1,False,61,61.10,False,0.0,0.0,0.0,0.0,0.0,0.0,1.0,0.0,0.0,0.0,0.0,0.0,0.0,0.0
99999E00033729,4,False,85,85.51,False,0.0,0.0052604675,0.22152176,0.044962447,0.0,0.00077735656,0.15053032,0.0,0.0,0.5450866,0.0,0.028272351,0.0,0.0035886187
99999E00033738,4,False,84,84.1,False,0.063345075,0.0,0.0,0.008040834,0.004912121,0.3562249,0.5314184,0.004864591,0.0,0.006871183,0.008414875,0.0,0.013267067,0.0026410145
99999E00033757,7,False,DO,DO.01,False,0.0,0.341967,0.0,0.20454426,0.15098369,0.08288185,0.07352545,0.033927657,0.020508392,0.033180308,0.0070658345,0.02045598,0.010866632,0.020092983
99999E00033758,9,False,DO,DO.01,False,0.00016401676,0.07641899,0.012708735,0.28875917,0.20416753,0.090147704,0.1883066,0.027644508,0.014771758,0.007872804,0.0104125,0.06509671,0.003364906,0.0101639135
99999E00033772,2,False,55,55.10,False,0.0,0.0,0.0,0.08678682,0.0,0.7794237,0.117896594,0.0,0.0,0.014955403,0.0,0.0,0.0009375167,0.0
99999E00033774,4,False,85,85.51,False,0.0,0.0014585648,0.004434339,0.007773593,0.0100543415,0.2433469,0.7047405,0.0074153384,0.007905398,0.00449879,0.0008024428,0.0061472235,0.0009650218,0.00045754338
99999E00033788,9,False,14,14.20,False,0.0012343292,0.013305687,0.0005693636,0.21615846,0.0013363047,0.048958894,0.0536434,0.0,0.0,0.6337718,0.0014085376,0.02585718,0.0011535988,0.0026025015
99999E00033818,5,False,84,84.1,False,0.7383178,0.0,0.0,0.008365466,0.0,0.13665771,0.0,0.0,0.0,0.0,0.0,0.0,0.0,0.11665904
99999E00033824,4,False,56,56.30,False,0.09022022,0.0,0.027552592,0.12119258,0.00024779726,0.09203301,0.663959,0.0,0.0,0.0007377339,0.00018624935,0.0023973868,0.00092857063,0.0005448328
99999E00033825,2,False,55,55.10,False,0.0,0.0,0.0,0.0005094057,0.12683628,0.74883354,0.09088132,0.0,0.0,0.0,0.0024197341,0.0065337415,0.023263969,0.00072202116
99999E00033827,2,False,15,15.12,False,0.0,0.0,0.0,0.009020961,0.010159248,0.9545115,0.010277367,0.0047267117,0.0,0.008174357,0.0,0.0,0.0031299277,0.0
99999E00033829,9,False,10,10.71,False,0.00298961,0.0,0.0,0.0011324155,0.0056389663,0.5688827,0.03982861,0.0,0.0,0.21364811,0.0011070775,0.010036369,0.15673609,0.0
99999E00033838,6,False,10,10.85,False,0.0,0.0,0.0,0.0,0.012818376,0.0,0.0,0.13448331,0.0021971397,0.0,0.03344415,0.006431041,0.810626,0.0
99999E00033857,2,False,84,84.1,False,0.0,0.0012892756,0.0,0.0,0.0,0.2538565,0.73803306,0.0015490485,0.0,0.0021496639,0.0,0.003122505,0.0,0.0
99999E00033859,2,False,79,79.90,False,0.006088202,0.0,0.002959683,0.003430501,0.0,0.34746128,0.07150434,0.0,0.0,0.029124778,0.0034320746,0.0026346012,0.53336453,0.0
99999E00033883,4,False,71,71.11,False,0.00049903,0.0,0.0040286114,0.009381016,0.020151079,0.09743976,0.84133416,0.0,0.0,0.0034290263,0.0,0.0,0.023737356,0.0
99999E00033884,8,False,DO,DO.01,False,0.0,0.07438329,0.07266235,0.112732,0.15683727,0.13439614,0.06602332,0.06662415,0.011227091,0.10113408,0.040585108,0.055734176,0.051920947,0.05574016
99999E00033887,6,False,86,86.23,False,0.0,0.0018310978,0.006291696,0.0039506285,0.0025087753,0.0021643357,0.07398444,0.0061171423,0.0,0.23288453,0.031720776,0.019083556,0.6080284,0.011434638
99999E00033888,7,False,DO,DO.01,False,0.0,0.04534888,0.08087464,0.22695413,0.044649724,0.15335068,0.27333426,0.0094473185,0.0,0.061219674,0.060363207,0.022871073,0.0,0.02158638
99999E00033923,8,False,43,43.12,False,0.0047909394,0.02422146,0.0,0.013882549,0.17272134,0.08809344,0.17182612,0.03213186,0.0,0.13559547,0.094034344,0.026349565,0.057782065,0.17857093
99999E00033930,5,False,85,85.51,False,0.0,0.0,0.0,0.0,0.0,0.0,1.0,0.0,0.0,0.0,0.0,0.0,0.0,0.0
99999E00033936,9,False,02,02.20,False,0.004830107,0.00627287,0.0020721306,0.009352421,0.0009941794,0.082478255,0.8477014,0.011541832,0.00846255,0.004106969,0.0048990157,0.012840562,0.003726484,0.0007212463
99999E00033982,9,False,93,93.1,False,0.00012444182,0.071152,0.0,0.0,0.0,0.0498549,0.81286347,0.001091259,0.0,0.019353895,0.01482453,0.015224976,0.0069400244,0.008570531
99999E00033987,9,False,79,79.90,False,0.0009133044,0.0047081616,0.13355878,0.09917784,0.015522702,0.08472352,0.37248078,0.00655747,0.0,0.069251195,0.018933404,0.017502647,0.16446996,0.012200246
99999E00033991,8,False,DO,DO.01,False,0.0,0.03530716,0.0,0.024391096,0.024585446,0.3255983,0.26715836,0.015084655,0.0,0.0,0.18314874,0.08557938,0.039146848,0.0
99999E00034001,2,False,47,47.76,False,0.0,0.0010888143,0.0,0.0,0.01312677,0.7397958,0.077983424,0.0004012513,0.0,0.112680666,0.0074681705,0.0,0.047455125,0.0
99999E00034032,8,False,02,02.20,False,0.0,0.011272721,0.0,0.0,0.04830362,0.0210533,0.7212023,0.034490835,0.0,0.03087374,0.035577986,0.013521697,0.04382908,0.039874706
99999E00034035,9,False,47,47.78,False,0.0,0.0,0.0021830492,0.0035493171,0.0006707907,0.036021803,0.04055815,0.0,0.0,0.8456938,0.005262898,0.010053348,0.054922268,0.0010845017
99999E00034059,9,False,47,47.73,False,0.018797232,0.008979279,0.035772473,0.05007055,0.06426712,0.0912887,0.4266039,0.06318484,0.00873567,0.05525739,0.056571867,0.033408705,0.02615245,0.060909882
99999E00034062,8,False,01,01.41,False,0.0,0.5184089,0.0,0.010429263,0.012387935,0.12242978,0.0016796383,0.03021641,0.058966026,0.14453378,0.014617275,0.025494387,0.051113833,0.009722734
99999E00034063,8,False,DO,DO.01,False,0.022222955,0.109219596,0.116527006,0.25626788,0.094018325,0.10530704,0.05522963,0.025787964,0.023639714,0.07787929,0.02630018,0.018136192,0.03348567,0.035978578
99999E00034067,5,False,DO,DO.01,False,0.08071184,0.045321297,0.03534428,0.27329543,0.116104245,0.017835,0.10167449,0.097754754,0.059754744,0.025141485,0.004400917,0.0,0.1388195,0.0038420116
99999E00034072,7,False,DO,DO.01,False,0.005157168,0.045985423,0.014489953,0.20623845,0.31574583,0.021154314,0.0803156,0.14498268,0.008321732,0.0,0.07667098,0.021441272,0.028920904,0.0305756
99999E00034079,2,False,01,01.50,False,0.0032823877,0.0076841055,0.0,0.003076561,0.01666935,0.16851705,0.7272987,0.00158956,0.008701586,0.020674514,0.0033011362,0.0029441062,0.032267,0.0039940164
99999E00034197,9,False,DO,DO.01,False,0.0,0.031143973,0.019506134,0.108818546,0.06364925,0.11141363,0.6504882,0.009739721,0.0,0.0017854177,0.0,0.0034551688,0.0,0.0
99999E00034199,9,False,DO,DO.01,False,0.0,0.0,0.018239228,0.069561385,0.042376313,0.06381992,0.6720519,0.021210747,0.0,0.0,0.02757606,0.04287852,0.042285953,0.0
99999E00034214,6,False,DO,DO.02,False,0.032379918,0.0038736842,0.008562654,0.016321525,0.024005627,0.027916694,0.3056889,0.063155144,0.019691948,0.038915142,0.16960524,0.056328025,0.16187657,0.071678974
99999E00034225,9,False,DO,DO.01,False,0.0,0.11257703,0.04371265,0.19687729,0.121200725,0.13020888,0.23824543,0.0064539425,0.0,0.013318538,0.081888765,0.0394139,0.01610282,0.0
99999E00034258,9,False,DO,DO.01,False,0.0254381,0.05598534,0.030012194,0.20653188,0.018017566,0.21101919,0.4049401,0.012508664,0.0009277386,0.0029404894,0.0025305173,0.0044164285,0.022416323,0.0023155175
99999E00034280,9,False,DO,DO.01,False,0.0,0.009147141,0.046921793,0.0655151,0.095374994,0.017120706,0.62626576,0.011458012,0.0,0.014847371,0.03560016,0.017890163,0.036402144,0.023456518
99999E00034294,1,False,64,64.92,False,0.0,0.0,0.0,0.0,0.0,0.0,1.0,0.0,0.0,0.0,0.0,0.0,0.0,0.0
99999E00034339,4,False,68,68.32,False,0.04244509,0.0,0.006588246,0.010408314,0.004652222,0.15272427,0.74940425,0.019101283,0.003119281,0.0,0.0,0.0016265059,0.00993057,0.0
99999E00034344,6,False,45,45.20,False,0.0,0.068331346,5.8827718e-05,0.0,0.0,0.2550641,0.060685508,0.0613351,0.0010014198,0.14339986,0.049088772,0.039233312,0.30750003,0.014301671
99999E00034348,7,False,DO,DO.01,False,0.0,0.01980412,0.15224141,0.14100656,0.007176052,0.052543268,0.5786487,0.0,0.0,0.00942652,0.0,0.03308904,0.0,0.0060643363
99999E00034369,2,False,55,55.10,False,0.0,0.0,0.00073905586,0.07947888,0.009258376,0.7043997,0.19951014,0.0009703179,0.0,0.0,0.0,0.0,0.0056435186,0.0
99999E00034370,2,False,47,47.22,False,0.0,0.0,0.0,0.0,0.0,0.75914365,0.16057123,0.030454097,0.0,0.0,0.0028048393,0.0,0.047026098,0.0
99999E00034378,7,False,DO,DO.01,True,0.09863298,0.013813158,0.06510287,0.055879004,0.024223313,0.08948263,0.57524276,0.026321808,0.030853461,0.0032159733,0.0071865353,0.00064225355,0.004779261,0.0046239905
99999E00034389,2,False,55,55.10,False,0.0011766027,0.0,0.0,0.0,0.0,0.91785485,0.058751605,0.0,0.0,0.0,0.0,0.0,0.022216963,0.0
99999E00034419,5,False,DO,DO.01,False,0.0,0.11640408,0.093336836,0.5336326,0.16014045,0.0,0.0,0.006443264,0.0,0.048378777,0.04166403,0.0,0.0,0.0
99999E00034471,2,False,56,56.10,False,0.0026038839,0.0,0.00080628716,0.004076874,0.39063266,0.29641375,0.17673963,0.0,0.0,0.0008846092,0.0033923073,0.002147417,0.12230264,0.0
99999E00034472,6,False,81,81.22,False,0.0,0.0,0.0,0.0,0.002134904,0.022703614,0.07346511,0.01870242,0.0,0.0,0.6052008,0.01619836,0.26159477,0.0
99999E00034512,2,False,55,55.20,False,0.0,0.0,0.0,0.0,0.0,0.87841356,0.121586464,0.0,0.0,0.0,0.0,0.0,0.0,0.0
99999E00034513,1,False,61,61.10,False,0.0,0.0,0.0,0.0,0.0,0.0,1.0,0.0,0.0,0.0,0.0,0.0,0.0,0.0
99999E00034517,1,False,61,61.10,False,0.0,0.0,0.0,0.0,0.0,0.0014840371,0.99851596,0.0,0.0,0.0,0.0,0.0,0.0,0.0
99999E00034530,8,False,47,47.72,False,0.0,0.029861754,0.0,0.029458683,0.003975556,0.036371887,0.03162254,0.0009785087,0.0,0.74468553,0.0024990425,0.11300477,0.00057172496,0.0069699525
99999E00034536,8,False,DO,DO.01,False,0.0,0.061263688,0.05004423,0.18396345,0.11156787,0.24373198,0.08505661,0.06296075,0.021778561,0.025374955,0.008337672,0.013753725,0.13062054,0.0015459718
99999E00034544,4,False,DO,DO.01,False,0.016902853,0.029995764,0.13383047,0.0536517,0.09366045,0.1643345,0.35184547,0.035049774,0.009939553,0.0030612038,0.025395317,0.023653053,0.04875752,0.009922273
99999E00034545,4,False,85,85.3,True,0.9478609,0.0,0.0,0.0,0.0,0.0,0.052139103,0.0,0.0,0.0,0.0,0.0,0.0,0.0
99999E00034552,9,False,DO,DO.01,False,0.0075229798,0.015533348,0.046307612,0.07485517,0.04567114,0.07537506,0.6438875,0.03268559,0.0037729577,0.0,0.02140494,0.007215256,0.024063597,0.0017049027
99999E00034581,9,False,43,43.22,False,0.004230662,0.0,0.0,0.0062507996,0.019890824,0.1677549,0.34480682,0.20003808,0.10808789,0.031608246,0.02345747,0.013182001,0.06632902,0.014363341
99999E00034594,5,False,94,94.9,False,0.0049141436,0.0,0.0,0.003659665,0.0,0.0,0.98450583,0.0,0.0,6.0945e-05,0.0005027139,0.0005237975,0.0044091237,0.001423807
99999E00034597,2,False,47,47.62,False,0.0,0.0,0.0,0.0,0.0,0.88246214,0.07058702,0.0,0.0,0.0,0.0,0.0016552117,0.045295604,0.0
99999E00034609,9,False,DO,DO.01,False,0.0,0.0,0.056209426,0.23997307,0.3375987,0.031325255,0.067880005,0.0049411096,0.0,0.01886273,0.0022962384,0.0,0.029128011,0.21178551
99999E00034621,6,False,96,96.02,False,0.0,0.007221872,0.0,0.0,0.0076859733,0.014711666,0.030459639,0.0152982585,0.0017179748,0.5350492,0.0073157805,0.019700326,0.3580815,0.0027577812
99999E00034623,6,False,94,94.91,False,0.0,0.0,0.0,0.0063504954,0.0046963952,0.03058359,0.14302532,0.008898906,0.0,0.0,0.0022667611,0.006052995,0.7981255,0.0
99999E00034631,9,False,DO,DO.01,False,0.0,0.012658322,0.07578788,0.35286313,0.09299292,0.31269354,0.085281864,0.0,0.00097233476,0.01145336,0.008826487,0.029788537,0.013036671,0.0036449486
99999E00034640,4,False,84,84.11,False,0.2287144,0.0,0.004038552,0.0,0.0,0.0,0.7622139,0.0018971638,0.0031359834,0.0,0.0,0.0,0.0,0.0
99999E00034641,9,False,DO,DO.01,False,0.0,0.0,0.030489352,0.05728447,0.067256846,0.028341098,0.80730736,0.0047963536,0.0,0.0001857358,0.00314112,0.0,0.00083444535,0.00036327736
99999E00034683,9,False,DO,DO.01,False,0.0,0.11694237,0.022316258,0.10434695,0.08724126,0.09193314,0.14992109,0.14048135,0.0063400017,0.015723752,0.17342646,0.048239738,0.03649761,0.00659002
99999E00034685,1,False,61,61.10,False,0.0,0.0,0.0,0.0,0.0,0.0,1.0,0.0,0.0,0.0,0.0,0.0,0.0,0.0
99999E00034688,1,False,61,61.10,False,0.0,0.0,0.0,0.0,0.0,0.01196888,0.98803115,0.0,0.0,0.0,0.0,0.0,0.0,0.0
99999E00034690,8,False,01,01.50,False,0.007276919,0.25486106,0.0,0.0058450326,0.016815484,0.0,0.0,0.0064838747,0.5634509,0.06019796,0.026566995,0.00605798,0.0,0.05244375
99999E00034702,5,False,DO,DO.01,False,0.0013922565,0.10637313,0.040581107,0.31911543,0.06998857,0.043373536,0.010030574,0.0,0.001214269,0.026986832,0.13466915,0.05146206,0.10410676,0.09070629
99999E00034746,4,False,71,71.12,True,0.19326785,0.003853406,0.2733852,0.13330601,0.014911691,0.10759845,0.23025928,0.0094930995,0.0,0.012282565,0.0037916112,0.0,0.016635235,0.0012155877
99999E00034750,7,False,DO,DO.01,False,0.030080147,0.023124686,0.14369084,0.10843683,0.06479727,0.26923105,0.1867189,0.012851595,0.01903182,0.033267766,0.038287543,0.042120393,0.028361144,0.0
99999E00034752,2,False,55,55.10,False,0.0,0.0,0.0,0.0013133823,0.0,0.9642014,0.034014754,0.0,0.0004704817,0.0,0.0,0.0,0.0,0.0
99999E00034760,9,False,47,47.61,False,0.001388765,0.034444045,0.01777057,0.0635616,0.022015462,0.43280008,0.035006832,0.050284334,0.0005963182,0.23505211,0.015893646,0.036832564,0.049292512,0.0050611338
99999E00034784,8,False,DO,DO.01,False,0.0021266444,0.123904675,0.0353172,0.12480254,0.13598305,0.06610066,0.057584066,0.023403505,0.058122538,0.11321216,0.06582581,0.12037697,0.03934332,0.0338969
99999E00034791,2,False,55,55.20,False,0.0,0.0,0.0,0.01732444,0.0025372682,0.45606434,0.4004227,0.0053782254,0.0,0.025687924,0.010319307,0.0070407363,0.073811606,0.0014135231
99999E00034796,9,False,DO,DO.01,False,0.005513501,0.028903762,0.031534735,0.2307316,0.05808216,0.022561738,0.5363259,0.03445419,0.016104316,0.008834526,0.0137641365,0.0020886222,0.0054027233,0.0056981305
99999E00034803,9,False,DO,DO.01,False,0.0024274844,0.01008793,0.115017354,0.097763374,0.06458345,0.07356327,0.57915986,0.01813499,0.0029621348,0.0,0.008633452,0.008469608,0.011760869,0.0074362373
99999E00034810,2,False,55,55.10,False,0.0,0.0,0.0,0.0,0.008217499,0.9136934,0.063517444,0.0,0.0,0.0,0.0004775789,0.0006131426,0.013480915,0.0
99999E00034813,4,False,DO,DO.01,False,0.055507123,0.02664468,0.14126159,0.13775095,0.0330365,0.0023945107,0.5099388,0.007001946,0.0,0.009139815,0.05190689,0.02541716,0.0,0.0
99999E00034815,8,False,01,01.4,False,0.010404217,0.1332446,0.00013970601,0.02052514,0.013958958,0.005176884,0.020164235,0.07684606,0.034720823,0.32379583,0.14918661,0.05443877,0.08704072,0.070357494
99999E00034827,5,False,DO,DO.01,False,0.010926387,0.015017459,0.026846917,0.24653076,0.1738802,0.050256714,0.08070424,0.032421045,0.0036356417,0.11512216,0.10071195,0.01869981,0.06042405,0.06482264
99999E00034833,1,False,38,38.1,False,0.0,0.0,0.0,0.0,0.0,0.0,1.0,0.0,0.0,0.0,0.0,0.0,0.0,0.0
99999E00034872,9,False,DO,DO.01,False,0.0,0.00796329,0.06662837,0.18671562,0.16972002,0.171594,0.13580832,0.015812501,4.913501e-05,0.0018308134,0.04620443,0.025884753,0.16182168,0.009967145
99999E00034875,5,False,DO,DO.01,False,0.013915085,0.02580626,0.045372214,0.10409652,0.23004402,0.12331983,0.17387797,0.040772416,0.002459103,0.03225149,0.054528844,0.027974501,0.11310442,0.012477303
99999E00034890,8,False,DO,DO.01,False,0.0,0.088932246,0.009592806,0.08273837,0.017527595,0.05684118,0.073780015,0.14646539,0.3930174,0.020650757,0.059380647,0.03903612,0.0087773325,0.0032602006
99999E00034903,8,False,DO,DO.01,False,0.0034969826,0.047668662,0.015283923,0.06078742,0.12518036,0.21917789,0.081512965,0.09032037,0.075986326,0.11962761,0.04014905,0.05470147,0.034953855,0.031153051
99999E00040016,1,False,55,55.10,False,0.0,0.0,0.0,0.0,0.0,0.0039010309,0.996099,0.0,0.0,0.0,0.0,0.0,0.0,0.0
99999E00040067,4,False,84,84.11,False,0.18035321,0.0,0.0074544013,0.0031406167,0.0,0.010231235,0.79882056,0.0,0.0,0.0,0.0,0.0,0.0,0.0
99999E00040070,4,False,47,47.71,False,0.0,0.025583401,0.0,0.05335617,0.01697956,0.38993388,0.1272722,0.0063608335,0.00071280997,0.20238194,0.0008897256,0.0039029801,0.16057758,0.012048954
99999E00040072,5,False,46,46.41,False,0.0,0.0,0.0,0.0,0.0,0.0,0.0,0.0,0.0,0.0,0.0,0.0,0.0,1.0
99999E00040080,4,False,84,84.11,False,0.3403838,0.0,0.012449347,0.0,0.0,0.0,0.6392338,0.0,0.007932971,0.0,0.0,0.0,0.0,0.0
99999E00040091,8,False,DO,DO.01,False,0.0029760692,0.14374715,0.00074096053,0.15099047,0.11903217,0.16210896,0.036863804,0.11109599,0.031471666,0.048036087,0.069327496,0.06034875,0.04714188,0.01611854
99999E00040109,4,False,DO,DO.01,False,0.005646604,0.007383664,0.002881204,0.029142465,0.033263545,0.032516222,0.81474763,0.01990285,0.008036799,0.0,0.021641454,0.0037644028,0.01474108,0.0063321632
99999E00040111,4,False,DO,DO.01,False,0.0,0.01280351,0.025889784,0.0,0.003718334,0.15380895,0.5786831,0.021518268,0.0,0.097782284,0.038153216,0.035840213,0.031802356,0.0
99999E00040123,8,False,DO,DO.01,False,0.0,0.006772991,0.0,0.02037006,0.09059991,0.41493967,0.1735935,0.077322684,0.051648345,0.080328375,0.0074487436,0.016388955,0.051060174,0.009526664
99999E00040134,2,False,56,56.10,False,0.0,0.0,0.0,0.0,0.025917873,0.61339056,0.2472514,0.0007644795,0.011068735,0.0,0.00051392394,0.0012826744,0.099810265,0.0
99999E00040207,8,False,DO,DO.01,False,0.0,0.016735096,0.05479016,0.3477675,0.20924987,0.15030396,0.049768005,0.04665604,0.021398459,0.015395718,0.051999282,0.01726412,0.015030805,0.0036409898
99999E00040208,5,False,DO,DO.01,False,0.0,0.0110060265,0.026204824,0.07458846,0.10748744,0.14815255,0.0,0.39483523,0.0,0.04869333,0.03592443,0.048693325,0.078614466,0.02579984
99999E00040209,7,False,DO,DO.01,False,0.006233803,0.00044373097,0.0037254905,0.03934414,0.014353462,0.0,0.87330556,0.0,0.018020405,0.014901963,0.0034080998,0.0064340974,0.019622765,0.00020645813
99999E00040211,9,False,DO,DO.01,False,0.07386406,0.012303743,0.10784907,0.13515541,0.066466324,0.15474537,0.27472252,0.03348378,0.017664764,0.017204555,0.023821691,0.023282614,0.048730493,0.010705576
99999E00040264,4,False,84,84.11,False,0.21563023,0.0,0.018095154,0.0073818723,0.0,0.0,0.7588927,0.0,0.0,0.0,0.0,0.0,0.0,0.0
99999E00040268,9,False,DO,DO.01,False,0.011035393,0.02323068,0.034223616,0.092725866,0.1316624,0.05001438,0.6000529,0.0034179226,0.0,0.006610042,0.0059693023,0.0139399525,0.009167212,0.017950365
99999E00040270,1,False,62,62.02,False,0.0,0.0,0.0,0.0,0.0,0.0,1.0,0.0,0.0,0.0,0.0,0.0,0.0,0.0
99999E00040295,9,False,01,01.30,False,0.021767065,0.0024055806,0.0023980297,0.0,0.012757035,0.38283265,0.34663263,0.02269186,0.0,0.15094458,0.003830462,0.006692942,0.044841774,0.0022054138
99999E00040318,6,False,52,52.10,False,7.660578e-05,0.0,0.0,0.0024248676,0.081907295,0.052440584,0.14902869,0.048243962,0.0,0.019823218,0.19804166,0.051961306,0.25967592,0.13637598
99999E00040344,9,False,68,68.20,False,0.013335141,0.039661966,0.04818691,0.105419375,0.11476138,0.055122916,0.46886295,0.05800795,0.0,0.030755602,0.030056035,0.010766449,0.020822486,0.004240781
99999E00040345,5,False,68,68.32,False,0.0,0.03176725,0.0,0.4091272,0.27557588,0.1816783,0.0,0.013753307,0.008473191,0.0,0.036850207,0.022038953,0.0031305603,0.017605195
99999E00040346,8,False,68,68.20,False,0.0,0.054189377,0.01770391,0.12685575,0.16483366,0.52068627,0.010919877,0.0047092196,0.001604889,0.018086158,0.015687812,0.025414208,0.0393088,0.0
99999E00040347,7,False,68,68.20,False,0.0,0.12421292,0.05847463,0.29978505,0.1511897,0.12692909,0.026695037,0.062357385,0.02831065,0.01763381,0.042022087,0.039063796,0.015353459,0.007972413
99999E00040348,4,False,68,68.32,False,0.00088089536,0.09929527,0.011829937,0.13916795,0.17264467,0.1381168,0.19997406,0.045412045,0.003593837,0.056344878,0.029966654,0.0028318353,0.09620944,0.0037316452
99999E00040349,5,False,68,68.32,False,0.09234665,0.010154679,0.108165324,0.31186095,0.37537605,0.03725612,0.002917866,0.03568149,0.0074067516,0.0,0.00025671438,0.0,0.018577442,0.0
99999E00040351,4,False,62,62.02,False,0.0,0.0,0.0,0.00340309,0.029829998,0.036296953,0.93047,0.0,0.0,0.0,0.0,0.0,0.0,0.0
99999E00040352,1,False,62,62.02,False,0.0,0.0,0.0,0.0,0.0,0.0,1.0,0.0,0.0,0.0,0.0,0.0,0.0,0.0
99999E00040357,1,False,60,60.10,False,0.0,0.0,0.0,0.0,0.0,0.0,1.0,0.0,0.0,0.0,0.0,0.0,0.0,0.0
99999E00040358,1,False,60,60.10,False,0.0,0.0,0.0,0.0,0.0,0.0,1.0,0.0,0.0,0.0,0.0,0.0,0.0,0.0
99999E00040359,6,False,01,01.1,False,0.0011623526,0.0,0.0,0.00059211015,0.0,0.0018335228,0.68053305,0.006689836,0.0,0.02649861,0.12352898,0.064055555,0.07070334,0.024402676
99999E00040364,1,False,60,60.10,False,0.0,0.0,0.0,0.0,0.0,0.0,1.0,0.0,0.0,0.0,0.0,0.0,0.0,0.0
99999E00040376,9,False,DO,DO.01,False,0.0,0.012821538,0.05350036,0.21222933,0.11793633,0.06733965,0.37784266,0.0,0.0046287715,0.054709993,0.011070112,0.051965278,0.014677373,0.021278618
99999E00040382,9,False,DO,DO.01,False,0.0,0.048313104,0.026039124,0.08889278,0.067915805,0.059143208,0.6658468,0.014689871,0.0,0.0023596166,0.006420796,0.0055682785,0.008769127,0.0060414164
99999E00040390,9,False,55,55.10,False,0.0,0.0,0.0,0.08598361,0.005149761,0.2960938,0.50619614,0.03661356,0.023122445,0.0,0.0043514036,0.003383431,0.039105874,0.0
99999E00040398,1,False,84,84.11,False,0.0,0.0,0.0,0.0,0.0,0.0,1.0,0.0,0.0,0.0,0.0,0.0,0.0,0.0
99999E00040400,9,False,85,85.51,False,0.0,0.09124708,0.0248797,0.43433666,0.008990001,0.230084,0.10912778,0.0,0.0,0.083330736,0.0017389518,0.005771716,0.010493382,0.0
99999E00040401,2,False,56,56.30,False,0.0,0.00017342424,0.0,0.0,0.0018580097,0.80628467,0.17788307,0.0,0.0,0.0,0.00048611278,0.0006556211,0.012659094,0.0
99999E00040411,5,False,52,52.10,False,0.0,0.0,0.0071011526,0.0,0.0,0.018305194,0.653306,0.0,0.0,0.15606752,0.0,0.0,0.0,0.16522016
99999E00040419,8,False,DO,DO.01,False,0.0,0.16552146,0.005760871,0.091770776,0.034546725,0.3013036,0.03614384,0.046593223,0.14713848,0.09948757,0.007331596,0.0073707695,0.050628036,0.006403144
99999E00040433,8,False,43,43.22,False,0.0,0.0029678158,0.0034308059,0.014113082,0.042555712,0.043905858,0.0,0.19035853,0.11426144,0.006055302,0.12605904,0.048149887,0.38866287,0.019479616
99999E00040434,7,False,DO,DO.01,False,0.07427388,0.027634732,0.038841587,0.022648245,0.008324412,0.08154456,0.7008311,0.006811809,0.0,0.014731727,0.0120906215,0.0024201637,0.007634393,0.0022128182
99999E00040440,7,False,96,96.0,False,0.027126797,0.049066767,0.06600416,0.051080305,0.102330044,0.06924983,0.37683052,0.030739317,0.05083519,0.05136325,0.018445892,0.038056478,0.036016624,0.032854844
99999E00040468,9,False,DO,DO.01,False,0.002855028,0.01648461,0.018362511,0.050846986,0.15228921,0.24996614,0.37270275,0.006879463,0.019802172,0.030778725,0.005514075,0.014657152,0.02241633,0.036444817
99999E00040510,7,False,DO,DO.01,False,0.00231174,0.122249275,0.07725087,0.21531485,0.057787154,0.25510204,0.09705735,0.023588777,0.0059075975,0.048275236,0.051365864,0.02432511,0.014919694,0.0045444863
99999E00040512,9,False,DO,DO.01,False,0.0,0.013314157,0.022401622,0.13543577,0.008101762,0.09067865,0.62646574,0.0,0.0,0.04271079,0.03221683,0.0031084137,0.016300078,0.009266157
99999E00040515,9,False,94,94.99,False,0.01669171,0.004845716,0.0022991686,0.03485405,0.009280347,0.60818374,0.19667897,0.0029348962,0.0,0.06557815,0.0,0.0138323,0.04187979,0.0029412622
99999E00040613,8,False,49,49.4,False,0.0015941358,0.22781245,0.023133595,0.063325934,0.013233562,0.014216863,0.1795526,0.007259278,0.01758019,0.13234681,0.058122642,0.053779736,0.1431184,0.06492379
99999E00040651,6,False,10,10.85,False,0.00010419887,0.0,0.0,0.0,0.03952835,0.00012772766,0.033948667,0.0018117161,0.0,0.0,0.004776343,0.835154,0.08454899,0.0
99999E00040660,8,False,47,47.78,False,0.00036999607,0.0030603067,0.0,0.015099065,0.005338514,0.009963018,0.015843537,0.0033953632,0.0,0.7302289,0.03268508,0.16649197,0.0129928645,0.0045313323
99999E00040704,6,False,43,43.34,False,0.006093557,0.021296144,0.0,0.008156396,0.022670684,0.035780665,0.12136303,0.15585075,0.2517201,0.11387695,0.08153367,0.0354419,0.12835121,0.017864924
99999E00040705,9,False,52,52.21,False,0.0,0.002126855,0.003729592,0.0028256786,0.0038830296,0.071655266,0.77010834,0.0017546552,0.0,0.03584358,0.01935286,0.05232215,0.022275766,0.014122316
99999E00040706,6,False,49,49.39,False,0.0008990686,0.03429433,0.014459748,0.029393505,0.06734571,0.07278417,0.09500797,0.1003106,0.020600663,0.1163633,0.15072331,0.14359684,0.06981774,0.08440313
99999E00040709,9,False,43,43.21,False,0.0,0.0,0.0019447876,0.0027385151,0.030310826,0.10408211,0.78243154,0.0064183855,0.0,0.006963803,0.015186143,0.009414785,0.03726938,0.003239768
99999E00040710,6,False,45,45.20,False,0.0,0.0,0.0,0.0008634828,0.00519476,0.0014510321,0.04883916,0.0009376197,0.0013556789,0.006654472,0.07812778,0.001679952,0.8538229,0.0010732358
99999E00040711,6,False,16,16.23,False,0.0015906035,0.005358843,0.00456499,0.018925887,0.015095913,0.1293098,0.077435225,0.08322665,0.027025329,0.08218185,0.2162726,0.05688397,0.26350397,0.018624347
99999E00040712,6,False,43,43.99,False,0.010031864,0.0151234185,0.0,0.0035530312,0.027456397,0.03606921,0.121392794,0.045354374,0.2114794,0.22734061,0.07090493,0.07013281,0.09539994,0.06576127
99999E00040713,8,False,41,41.20,False,0.006301828,0.14239241,0.016077703,0.29094452,0.065859765,0.2780627,0.077476434,0.02471453,0.014817762,0.020436494,0.009349439,0.01302466,0.03553028,0.005011428
99999E00040714,2,False,47,47.64,False,0.0,0.0,0.0,0.013326908,0.0,0.73490787,0.0976531,0.0,0.0,0.041872516,0.003959315,0.0,0.10828036,0.0
99999E00040715,9,False,43,43.34,False,0.025019195,0.02052386,0.0022186001,0.057645023,0.01423778,0.12933359,0.35494092,0.093319714,0.05822318,0.071102634,0.04046661,0.02212197,0.09869408,0.01215287
99999E00040717,8,False,25,25.99,False,0.0,0.046842825,0.0011650719,0.013605905,0.019977158,0.15219414,0.20367093,0.13346103,0.007572789,0.12314169,0.105042525,0.042413596,0.14734317,0.003569211
99999E00040718,9,False,43,43.33,False,0.0046975436,0.0049427864,0.00929522,0.0076220036,0.033138916,0.23566699,0.24641016,0.103836186,0.026166681,0.07960035,0.029864542,0.020903561,0.18506752,0.012787531
99999E00040748,4,False,68,68.31,False,0.016654732,0.0,0.0,0.0022109896,0.0,0.72147244,0.25966188,0.0,0.0,0.0,0.0,0.0,0.0,0.0
99999E00040839,7,False,56,56.10,False,3.345752e-06,0.074034296,0.0,0.340871,0.009912451,0.1519373,0.027019888,0.0,0.0,0.3464945,0.0035014816,0.0,0.006979137,0.039246686
99999E00040993,3,False,IL,IL.01,False,0.99872714,0.0,0.0012728377,0.0,0.0,0.0,0.0,0.0,0.0,0.0,0.0,0.0,0.0,0.0
99999E00041045,9,False,68,68.20,False,0.012560501,0.004209772,0.15081523,0.18769717,0.052248765,0.15259075,0.33022755,0.023422161,0.00094622915,0.016805556,0.022593154,0.014753011,0.0301487,0.0009815124
99999E00041046,9,False,68,68.20,False,0.012952219,0.017317403,0.12139727,0.33485597,0.045103833,0.13656157,0.09896804,0.020058662,0.008364983,0.053290535,0.076962434,0.031238329,0.037128236,0.0058005922
99999E00041058,4,False,93,93.11,False,0.028527057,0.029430496,0.0,0.054635167,0.0013744272,0.0704501,0.77261305,0.0,0.0,0.027215218,0.001017649,0.0016230051,0.008385881,0.0047279317
99999E00041059,6,False,84,84.1,False,0.0,0.0,0.0,0.00039608774,0.003786396,0.0003661214,0.013038271,0.012628892,0.02614445,0.0,0.04759868,0.0074896594,0.8885515,0.0
99999E00041065,9,False,DO,DO.01,False,0.0,0.0048368853,0.015076307,0.011405353,0.017240783,0.023468707,0.90487844,0.0,0.0,0.013298549,0.0,0.0,0.0,0.009794982
99999E00041069,2,False,DO,DO.02,False,0.0,0.0,0.0,0.0,0.0,0.45335153,0.5466485,0.0,0.0,0.0,0.0,0.0,0.0,0.0
99999E00041145,1,False,62,62.02,False,0.0,0.0,0.0,0.0012913278,0.0,0.0,0.9987087,0.0,0.0,0.0,0.0,0.0,0.0,0.0
99999E00041169,3,False,IL,IL.01,False,0.9844033,0.0,0.0005943781,0.0,0.0,0.0,0.015002338,0.0,0.0,0.0,0.0,0.0,0.0,0.0
99999E00041170,3,False,IL,IL.01,False,1.0,0.0,0.0,0.0,0.0,0.0,0.0,0.0,0.0,0.0,0.0,0.0,0.0,0.0
99999E00041182,4,False,49,49.32,False,0.013202113,0.007484817,0.0071463306,0.032686435,0.0,0.047701124,0.8201853,0.009582737,0.010735669,0.03405886,0.0038111457,0.006054627,0.0058720983,0.0014787106
99999E00041183,4,False,DO,DO.01,False,0.0123975845,0.011831609,0.020173026,0.0023851877,0.0,0.002034821,0.93170553,0.0057945233,0.0,0.008287516,0.0,0.0053902543,0.0,0.0
99999E00041195,2,False,35,35.30,False,0.0022400157,0.00047992848,0.0,0.018483251,0.0013453632,0.5215705,0.41063136,0.012412848,0.016184233,0.0,0.0,0.0,0.016652588,0.0
99999E00041202,9,False,55,55.10,False,0.0,0.0,0.004795225,0.19539283,0.020238575,0.48118144,0.2611845,0.011761457,0.0,0.0,0.0051182676,0.0,0.02032768,0.0
99999E00041205,1,False,61,61.90,False,0.0,0.0,0.0,0.0,0.0,0.0,1.0,0.0,0.0,0.0,0.0,0.0,0.0,0.0
99999E00041224,8,False,96,96.0,False,0.0022350298,0.03570375,0.019933742,0.03301491,0.031732887,0.05275578,0.46926552,0.0065575996,0.0,0.15335481,0.03195979,0.045608222,0.0028930588,0.11498491
99999E00639916,4,False,49,49.4,False,0.06852821,0.008283197,0.026066659,0.028345076,0.011908652,0.038902957,0.764607,0.0019238045,0.0025167663,0.0,0.0055687767,0.0028389923,0.03617857,0.004331363
99999E00639917,2,False,55,55.20,False,0.00020356353,0.0,8.659883e-05,0.00047104515,0.2857604,0.67545515,0.014106236,0.0,0.0,5.6982783e-05,0.0013655248,0.00055389514,0.021852428,8.809838e-05
99999E00656629,4,False,49,49.4,False,0.10758993,0.0,0.0054327436,0.008934181,0.0,0.016946258,0.86109686,0.0,0.0,0.0,0.0,0.0,0.0,0.0
99999E10004622,9,False,01,01.41,False,0.0,0.5636754,0.0,0.009232526,0.0,0.27963376,0.0,0.008925885,0.1381758,0.0,0.0003565312,0.0,0.0,0.0
99999E10004638,8,False,DO,DO.01,True,0.18796301,0.09962071,0.020894747,0.09852779,0.08726965,0.102007195,0.12636302,0.07602019,0.08853234,0.027392464,0.055792958,0.019206652,0.00034437122,0.0100649
99999E10004711,9,False,84,84.1,False,0.026465671,0.0053459625,0.023274628,0.02914649,0.08144742,0.07709625,0.7044908,0.0061471676,0.0048457137,0.017049074,0.0009988347,0.0061687836,0.008271918,0.009251275
99999E10004722,2,False,55,55.10,False,0.00081222533,0.0,0.0,0.0017112978,0.0012525814,0.92948765,0.066736236,0.0,0.0,0.0,0.0,0.0,0.0,0.0
99999E10004762,8,False,DO,DO.01,False,0.0,0.022748176,0.3653006,0.25831562,0.056706496,0.19705449,0.024370193,0.007184165,0.010486338,0.01890688,0.002951802,0.017791817,0.016407384,0.0017760809
99999E10004800,9,False,93,93.1,False,0.08173381,0.17462066,0.027441217,0.50203097,0.0,0.014657174,0.19358467,0.0,0.0016657249,0.0042658625,0.0,0.0,0.0,0.0
99999E10004825,7,False,DO,DO.01,False,0.0,0.11361462,0.077797875,0.22614032,0.1493793,0.031754524,0.2246726,0.0,0.0010842085,0.08309108,0.04866628,0.0,0.005889761,0.03790942
99999E10004846,6,False,43,43.31,False,0.0010498565,0.0061721317,0.0,0.0,0.025538879,0.14166631,0.048282392,0.074001916,0.036152024,0.06899116,0.088161126,0.025247687,0.44158602,0.04315052
99999E10004853,9,False,DO,DO.01,False,0.0,0.16299686,0.0,0.18914276,0.11689568,0.02742553,0.49453565,0.009003504,0.0,0.0,0.0,0.0,0.0,0.0
99999E10004863,2,False,43,43.32,False,0.0,0.0,0.0,0.0,0.015539054,0.49018812,0.18388388,0.002994698,0.0022854274,0.014995346,0.017532429,0.0021112557,0.26486653,0.005603304
99999E10004866,8,False,DO,DO.01,False,0.0,0.04104724,0.0019513376,0.06448597,0.17436734,0.36979154,0.061971694,0.032260213,0.08549884,0.03427095,0.015778244,0.0081123235,0.104174495,0.006289759
99999E10004886,9,False,DO,DO.02,False,0.0,0.0,0.001953194,0.019838812,0.01709343,0.4658029,0.47777668,0.0019344405,0.0,0.0022407458,0.0,0.0058107087,0.0075490912,0.0
99999E10004887,9,False,DO,DO.01,False,0.0,0.046049975,0.08330218,0.1458467,0.021257717,0.061296597,0.55222726,0.00382538,0.0,0.006193613,0.026734628,0.038946763,0.0,0.0143192075
99999E10004896,9,False,47,47.73,False,0.00015948211,0.010751689,0.0,0.0020849681,0.0063100997,0.80263335,0.07321832,0.00013862479,0.0,0.074627966,0.00053593115,0.0037840758,0.022728618,0.0030268538
99999E10004910,5,False,DO,DO.01,False,0.0,0.0,0.0,0.0,0.0,0.0,0.0,0.017990978,0.0,0.0,0.7564763,0.22553279,0.0,0.0
99999E10004912,9,False,DO,DO.01,False,0.0,0.018342204,0.060950454,0.0636536,0.0029292887,0.10967834,0.62803197,0.042362373,0.0052560247,0.025448386,0.022147246,0.009731917,0.011468242,0.0
99999E10004914,9,False,DO,DO.01,False,0.0055543073,0.015909217,0.17324096,0.2152982,0.10784767,0.28209004,0.13870476,0.017712079,0.0019723384,0.010236676,0.004910829,0.006482294,0.016119529,0.0039211903
99999E10004933,6,False,79,79.11,False,0.0020946395,0.010973542,0.003661505,0.0055377926,0.034266945,0.02260543,0.066474356,0.018729962,0.017989323,0.4081826,0.054194,0.074001454,0.24717185,0.034116622
99999E10004946,9,False,DO,DO.01,False,0.0,0.0,0.0030872186,0.036749166,0.01239257,0.7419963,0.1454001,0.0026754776,0.0,0.0052635646,0.020308085,0.0137185445,0.0064618164,0.011947217
99999E10004948,7,False,DO,DO.01,False,0.0050575137,0.00078408956,0.015888877,0.078855366,0.018428564,0.2504923,0.5873743,6.611487e-05,0.0027964949,0.019716984,0.0042406404,0.004305116,0.009164286,0.002829279
99999E10004951,9,False,DO,DO.01,False,0.013093765,0.0,0.0,0.007125497,0.08190051,0.030026691,0.7079611,0.0164897,0.0,0.0073559755,0.051238786,0.047584973,0.022053422,0.015169685
99999E10004955,8,False,38,38.11,False,0.0,0.0,0.0,0.0,0.0,0.094671465,0.5807708,0.06991113,0.0,0.0,0.06461925,0.039735474,0.15029186,0.0
99999E10004957,8,False,DO,DO.01,False,0.00918074,0.018599907,0.16900192,0.36395523,0.13831115,0.0651818,0.078067414,0.028740976,0.019977482,0.016108353,0.026291806,0.017598517,0.023112789,0.025871912
99999E10004968,5,False,52,52.10,False,0.10360062,0.0027310879,0.0,0.012510793,0.057272527,0.01690865,0.043376107,0.1365544,0.0,0.14063096,0.22951181,0.033777133,0.04488222,0.17824367
99999E10004971,2,False,84,84.1,False,0.0,0.0,0.0,0.0,0.0076125693,0.33557132,0.6510477,0.0035986977,0.0,0.0,0.0,0.0,0.0021697455,0.0
99999E10004982,4,False,DO,DO.02,True,0.5068186,0.0,0.005044685,0.001731871,0.0,0.013956852,0.47244796,0.0,0.0,0.0,0.0,0.0,0.0,0.0
99999E10004985,2,False,47,47.73,True,0.0,0.0,0.0,0.00054243667,0.0,0.86565405,0.13275404,0.0010495079,0.0,0.0,0.0,0.0,0.0,0.0
99999E10004987,4,False,DO,DO.01,False,0.29606804,0.0,0.28549805,0.11402058,0.013220498,0.105748884,0.1828948,0.0,0.0,0.0,0.0,0.0,0.0025491423,0.0
99999E10005015,4,False,01,01.4,True,0.3338499,0.0,0.0,0.0,0.0,0.0068295896,0.65932053,0.0,0.0,0.0,0.0,0.0,0.0,0.0
99999E10005029,8,False,DO,DO.01,False,0.0,0.023827882,0.022678122,0.03731704,0.038044766,0.031985708,0.0,0.014392543,0.002714713,0.04441636,0.34137177,0.43571603,0.0047838264,0.0027512133
99999E10005038,4,False,84,84.11,False,0.34629875,0.0,0.00091920124,0.026811695,0.0,0.0,0.6238762,0.0,0.0,6.53528e-05,7.955992e-05,0.0019492181,0.0,0.0
99999E10005054,5,False,DO,DO.01,False,0.04186021,0.009500228,0.034862876,0.10297386,0.14017816,0.08133057,0.2881772,0.03335038,0.0,0.013994672,0.007374115,0.13382672,0.08811798,0.024452996
99999E10005075,4,False,94,94.99,False,0.0759734,0.33760682,0.30531815,0.2136752,0.0,0.040835705,0.012820514,0.0,0.0,0.0,0.007122507,0.0,0.0066476734,0.0
99999E10005118,4,False,55,55.10,True,0.12576373,0.010844653,0.0,0.072696604,0.0,0.39490834,0.38970912,0.0,0.0,0.00607758,0.0,0.0,0.0,0.0
99999E20000010,1,False,49,49.39,False,0.0,0.0,0.0,0.0,0.0,0.0023017381,0.99769825,0.0,0.0,0.0,0.0,0.0,0.0,0.0
99999E20000020,5,False,DO,DO.01,False,0.0,0.020830125,0.0,0.14245215,0.06249037,0.024219641,0.018087698,0.0052999724,0.0,0.04175269,0.041999195,0.3031461,0.33972204,0.0
99999E20000023,2,False,56,56.10,True,0.013955595,0.001241401,0.0,0.14141344,0.023739934,0.7044749,0.10202228,0.0010726873,0.0,0.0013178617,0.0,0.0,0.010761879,0.0
99999E20000033,4,False,93,93.1,False,0.0760522,0.02939788,0.09785213,0.0130643435,0.0,0.015575694,0.73323256,0.013300394,0.0,0.016518116,0.0,0.0,0.005006727,0.0
99999E20000037,3,False,IL,IL.01,False,1.0,0.0,0.0,0.0,0.0,0.0,0.0,0.0,0.0,0.0,0.0,0.0,0.0,0.0
99999E20000137,2,False,47,47.11,False,0.0,0.0,0.0,0.0,0.0,0.89028704,0.10971294,0.0,0.0,0.0,0.0,0.0,0.0,0.0
99999E20000149,7,False,01,01.11,False,0.39391333,0.035453714,0.0,0.018005757,0.0023606063,0.008130481,0.07344207,0.0,0.029532118,0.008648118,0.3731944,0.048925683,0.0,0.008393762
99999E20000152,4,False,38,38.11,False,0.0,0.0,0.0,0.15458122,0.0028243768,0.008680138,0.82873267,0.0,0.0,0.0,0.0,0.0,0.0,0.0051816236
99999E20000165,3,False,IL,IL.01,False,0.99501204,0.0,0.0,0.0,0.0,0.0,0.004987984,0.0,0.0,0.0,0.0,0.0,0.0,0.0
99999E20000168,8,False,CO,CO.02,False,0.005556646,0.07468306,0.03992061,0.10385375,0.13966599,0.09161267,0.0048239296,0.011843436,0.008186712,0.19976844,0.050700538,0.11299341,0.050780233,0.10561055
99999E20000207,1,False,61,61.20,False,0.0,0.0,0.0,0.0,0.0,0.0,1.0,0.0,0.0,0.0,0.0,0.0,0.0,0.0
99999E20000235,4,False,75,75.00,False,0.007499298,0.0,0.024982795,0.025178775,0.014275452,0.3038771,0.575993,0.0,0.0,0.0036363453,0.008234025,0.0041524004,0.032170746,0.0
99999E20000237,9,False,47,47.71,False,0.0,0.0005541503,0.0,0.0008284855,0.00041144577,0.13648263,0.03503408,0.0,0.0,0.7944366,0.0023195767,0.012534026,0.016637295,0.000761814
99999E20000251,9,False,52,52.21,False,0.0,0.0,0.0031125704,0.02102027,0.003744811,0.6479565,0.28737083,0.0,0.0,0.036795024,0.0,0.0,0.0,0.0
99999E20000252,9,False,11,11.05,False,0.00091096625,0.004389796,0.0032430657,0.0051989253,0.063922845,0.1668093,0.26811057,0.012710958,0.0,0.02441697,0.037637442,0.034903564,0.37039062,0.0073548565
99999E20000256,6,False,88,88.10,False,0.019349135,0.0,0.01508723,0.050145976,0.001788595,0.034357958,0.10554086,0.0005957619,0.0,0.011436215,0.022614151,0.008357032,0.68832767,0.0423994
99999E20000264,4,False,58,58.2,False,0.99849534,0.0,0.0015046758,0.0,0.0,0.0,0.0,0.0,0.0,0.0,0.0,0.0,0.0,0.0
99999E20000304,8,False,DO,DO.01,True,0.073689744,0.06300362,0.04807161,0.17431936,0.021859273,0.34373426,0.066817656,0.03456131,0.12867971,0.0048987046,0.014061114,0.014693528,0.009688224,0.0019219565
99999E20000305,2,False,43,43.21,False,0.0,0.0,0.0,0.0043983627,0.009446237,0.4244982,0.54168737,0.011288343,0.0044409554,0.0,0.0,0.0,0.0042405194,0.0
99999E20000321,8,False,DO,DO.01,False,0.0046862885,0.04179382,0.041819084,0.115666494,0.117600836,0.4338987,0.11068566,0.065686695,0.005778148,0.0047373883,0.008141388,0.009568747,0.039936796,0.0
99999E20000333,2,False,01,01.41,False,0.0,0.0,0.0,0.0,0.00387676,0.9506885,0.04182567,0.0,0.0,0.0,4.477752e-05,0.0019707894,0.0014772499,0.000116333074
99999E20000342,9,False,55,55.30,False,0.07857374,0.0,0.01660106,0.05405503,0.0,0.06980471,0.77030385,0.008550461,0.0013835846,0.00017685835,0.00039485606,0.00015584065,0.0,0.0
99999E20000352,3,False,IL,IL.01,False,1.0,0.0,0.0,0.0,0.0,0.0,0.0,0.0,0.0,0.0,0.0,0.0,0.0,0.0
99999E20000353,3,False,IL,IL.01,False,0.9960782,0.0,0.0,0.0039218105,0.0,0.0,0.0,0.0,0.0,0.0,0.0,0.0,0.0,0.0
99999E20000354,4,False,DO,DO.01,False,0.1595485,0.0,0.33326045,0.114964485,0.0005461496,0.019042416,0.34039682,0.010249407,0.0,0.0075914785,0.0,0.0,0.014400144,0.0
99999E20000361,4,False,DO,DO.01,True,0.52332556,0.0019663635,0.046282876,0.06057568,0.0020119434,0.014307995,0.32267058,0.00658571,0.022273375,0.0,0.0,0.0,0.0,0.0
99999E20000386,9,False,DO,DO.01,False,0.0,0.0,0.012963106,0.15465637,0.325424,0.33689708,0.14438528,0.004698894,0.0,0.0059488886,0.008554088,0.0020987124,0.0043735574,0.0
99999E20000388,1,False,36,36.00,False,0.0,0.0,0.0,0.0,0.0,0.0,1.0,0.0,0.0,0.0,0.0,0.0,0.0,0.0
99999E20000392,4,False,84,84.11,False,0.073925965,0.0,0.007827629,0.736413,0.0,0.106571995,0.009338746,0.0008136777,0.0,0.016728621,0.008478077,0.001043684,0.03885868,0.0
99999E20000400,8,False,DO,DO.01,False,0.0,0.03236366,0.00980567,0.16994488,0.09754158,0.40957206,0.10756663,0.07015335,0.010159304,0.0062182522,0.011826024,0.0015966389,0.073251985,0.0
99999E20000409,1,False,36,36.00,False,0.011787428,0.0,0.0,0.0,0.0,0.0,0.9882126,0.0,0.0,0.0,0.0,0.0,0.0,0.0
99999E20000462,7,False,DO,DO.01,False,0.0008238122,0.1399738,0.029562704,0.17543599,0.20909299,0.06573391,0.11188541,0.1554214,0.015947293,0.034413293,0.036292754,0.015440851,0.009539114,0.00043666552
99999E20000468,8,False,DO,DO.01,False,0.03840278,0.0489641,0.18809621,0.11828327,0.03846311,0.074092604,0.1896954,0.039265953,0.030591542,0.04735656,0.06328811,0.0513188,0.049792003,0.022389557
99999E20000473,8,False,DO,DO.01,False,0.0,0.013184328,0.0,0.029058667,0.046032097,0.35157776,0.33181185,0.06442772,0.095709845,0.0045473324,0.013459614,0.010318764,0.039871987,0.0
99999E20000474,8,False,DO,DO.01,False,0.021929597,0.026195472,0.16460519,0.07261174,0.08188765,0.12838048,0.26924622,0.010026184,0.011652299,0.08918832,0.00556738,0.06031328,0.0036350274,0.054761212
99999E20000481,9,False,DO,DO.01,False,0.15182687,0.01973438,0.16117804,0.19541381,0.08493522,0.043835238,0.2864423,0.010054644,0.012017736,0.0030745743,0.010742803,0.009345795,0.007067383,0.0043313014
99999E20000483,4,False,84,84.1,False,0.0,0.017354876,0.9694793,0.013165769,0.0,0.0,0.0,0.0,0.0,0.0,0.0,0.0,0.0,0.0
99999E20000505,4,False,52,52.21,False,0.023358483,0.021249328,0.027876398,0.05987942,0.0,0.3036304,0.564006,0.0,0.0,0.0,0.0,0.0,0.0,0.0
99999E20000519,7,False,55,55.10,False,0.3022364,0.047641132,0.0671284,0.18684563,0.023961578,0.077650554,0.25399968,0.0041437624,0.006133922,0.017525949,0.0020762305,0.0016664782,6.546878e-05,0.008924815
99999E20000527,8,False,DO,DO.01,False,0.0009098863,0.0,0.012704488,0.084539615,0.038074553,0.06123475,0.6314332,0.11571419,0.018810304,0.0063342853,0.0,0.010407822,0.016507654,0.003329266
99999E20000564,8,False,45,45.20,False,0.0,0.0,0.0,0.014564735,0.067329414,0.08656638,0.6641049,0.010933722,0.0,0.014247134,0.025549104,0.023536813,0.071537085,0.021630801
99999E20000615,6,False,68,68.20,False,0.0046753488,0.0,0.023764027,0.016542673,0.0043668826,0.28381568,0.09980347,0.064595945,0.004041579,0.039842926,0.017346976,0.009257369,0.4281523,0.003794914
99999E20000624,5,False,01,01.41,False,0.000591613,0.0,0.0018444404,0.0,0.0076909685,0.072211586,0.9140421,0.0,0.0,0.0,0.0,0.0,0.0036192795,0.0
99999E20000661,6,False,16,16.23,False,0.001392843,0.011233335,0.0,0.0,0.025179883,0.013015722,0.05971786,0.102350175,0.10206255,0.06284553,0.09258216,0.027324634,0.4581706,0.044124812
99999E20000662,7,False,01,01.11,False,0.0027649242,0.008172523,0.059938774,0.031293325,0.059527807,0.04669939,0.2707779,0.0029261904,0.00047339252,0.18845963,0.070792995,0.17931692,0.0018441499,0.077012114
99999E20000663,5,False,96,96.0,False,0.0,0.0,0.0,0.0,0.0,0.0,0.0,0.0,0.0,0.0,1.0,0.0,0.0,0.0
99999E20000685,4,False,DO,DO.01,False,0.0,0.0,0.018043963,0.037421178,0.01263979,0.028169082,0.8875182,0.013446383,0.0027613956,0.0,0.0,0.0,0.0,0.0
99999E20000696,9,False,DO,DO.01,False,0.0,0.009607872,0.015087712,0.088784136,0.055566456,0.14285146,0.61949134,0.0021345397,0.0,0.0038878364,0.003742601,0.049802434,0.009043689,0.0
99999E20000702,3,False,IL,IL.01,False,1.0,0.0,0.0,0.0,0.0,0.0,0.0,0.0,0.0,0.0,0.0,0.0,0.0,0.0
99999E20000713,9,False,DO,DO.01,False,0.39669245,0.0,0.107661515,0.0950243,0.023764519,0.011374995,0.29333425,0.0010395491,0.0,0.00036653178,0.01342532,0.035303388,0.010035215,0.011977958
99999E20000727,9,False,47,47.78,False,0.007808385,0.0032288611,0.0010635584,0.020742688,0.008570697,0.05327268,0.04220196,0.0016500241,0.0,0.63456535,0.02675019,0.072257385,0.12727861,0.00060956605
99999E20000735,8,False,45,45.20,False,0.0,0.05483269,0.01652224,0.014570308,0.0385092,0.07570212,0.031125529,0.033817198,0.0073622544,0.4668919,0.0700485,0.061700646,0.069126725,0.05979069
99999E20000737,1,False,IL,IL.01,False,0.0,0.0,0.0,0.0,0.0,0.0,1.0,0.0,0.0,0.0,0.0,0.0,0.0,0.0
99999E20000752,8,False,16,16.29,False,0.093029715,0.059824057,0.1180434,0.17519103,0.10001762,0.090574004,0.032813895,0.046842024,0.03357179,0.112128265,0.034482937,0.049606327,0.02021787,0.033657048
99999E20000790,4,False,55,55.10,True,0.010696967,0.0,0.0036784054,0.029052163,0.0,0.18459085,0.76942384,0.0,0.0,0.0,0.0,0.0,0.0025578232,0.0
99999E20000791,9,False,DO,DO.01,False,0.005063512,0.0082097845,0.1825388,0.3655306,0.03183991,0.17039378,0.17081188,0.0057066027,0.0,0.006934431,0.0068580303,0.008430264,0.025606921,0.012075547
99999E20000833,9,False,CO,CO.02,False,0.012420653,0.18531208,0.073281854,0.08385977,0.060362335,0.001873279,0.027060734,0.00086537335,0.0,0.2804115,0.025615053,0.06870556,0.0,0.18023182
99999E20000834,9,False,CO,CO.02,False,0.073480405,0.084208615,0.111435436,0.19121979,0.081647635,0.0,0.16230208,0.028794603,0.0,0.08083502,0.027284283,0.051789243,0.0,0.10700297
99999E20000835,9,False,CO,CO.02,False,0.050116133,0.08018581,0.12218372,0.090077154,0.16165383,0.0,0.101624385,0.0309196,0.0177458,0.1175531,0.016456261,0.12791337,0.0029893832,0.08058147
99999E20000855,8,False,01,01.4,False,0.00015424725,0.021434318,0.0,0.0,0.0,0.0,0.00067142927,0.015473115,0.75668854,0.15660934,0.007128642,0.0029851377,0.0,0.038855184
99999E20000893,9,False,DO,DO.01,False,0.0,0.0,0.007750904,0.103104495,0.08835604,0.14074165,0.5812085,0.0055575036,0.0,0.0021934006,0.023906067,0.018820576,0.025868794,0.0024920765
99999E20000894,9,False,47,47.72,False,0.0,0.0006608353,0.0,0.014478426,0.0012526487,0.25884372,0.043017793,0.0,0.0,0.6293398,0.012987949,0.011601199,0.025030296,0.0027873013
99999E20000895,9,False,47,47.77,False,0.00011410134,0.0,0.0,0.0,0.0,0.05000632,0.016100049,0.00039841948,0.0,0.8397924,0.01346102,0.037564997,0.041009147,0.0015535954
99999E20000898,4,False,DO,DO.01,True,0.54117656,2.2268701e-05,0.03164872,0.05150798,0.0021828064,0.0068146964,0.28336135,0.008976498,0.07426438,0.0,4.4695338e-05,0.0,0.0,0.0
99999E20000903,2,False,56,56.30,False,0.007637765,0.0,0.0,0.002216718,0.05631951,0.8133689,0.11434958,0.0,0.0,0.0,0.0,0.0010728922,0.0045387247,0.00049592723
99999E20000909,9,False,DO,DO.01,False,0.0,0.029657997,0.060837436,0.12037331,0.11653211,0.429339,0.13213827,0.01626388,0.0,0.04225949,0.013868304,0.011300557,0.025825014,0.0016045268
99999E30431901,9,False,DO,DO.01,False,0.0,0.0,0.005716066,0.10534421,0.030408235,0.35910052,0.407684,0.0,0.0,0.008800275,0.057944044,0.025002647,0.0,0.0
99999E30431948,9,False,DO,DO.01,False,0.0,0.0,0.07527768,0.013699524,0.004565217,0.5789352,0.162324,0.00042915886,0.0,0.013381364,0.047057748,0.0073802406,0.096949875,0.0
99999E30431976,4,False,DO,DO.01,False,0.00846391,0.024686474,0.058919948,0.17457582,0.071150884,0.31558263,0.27512082,0.016158836,0.017960211,0.021465242,0.0011425698,0.0048399186,0.009089576,0.0008431905
99999E30431982,5,False,DO,DO.01,False,0.014256131,0.011905729,0.019309077,0.090779774,0.06881846,0.35470682,0.057281647,0.2015254,0.09176913,0.038285576,0.025890768,0.0,0.010991838,0.014479713
99999E30461097,9,False,56,56.10,False,0.0013456102,0.00048675798,0.0024528797,0.05269066,0.3592879,0.26289457,0.23782231,0.0037720148,0.00053745543,0.0,0.0005694386,0.00815365,0.069540925,0.00044576195
99999E30461109,7,False,DO,DO.01,False,0.0044111013,0.029675445,0.103618845,0.12064391,0.020009696,0.10036237,0.2761226,0.097615935,0.004671732,0.055791743,0.12711202,0.045075066,0.01488957,0.0
99999E30478609,9,False,DO,DO.01,False,0.03353365,0.016334241,0.13129488,0.103076935,0.035822574,0.09390046,0.51337636,0.035929095,0.01790869,0.0,0.014796169,0.0,0.0040270523,0.0
99999E30478671,7,False,DO,DO.01,False,0.033690568,0.08717584,0.17388101,0.2540055,0.044777285,0.18355633,0.086142845,0.05034108,0.019057734,0.015358033,0.036845904,0.007863878,0.0028141013,0.0044899285
99999E30478692,5,False,DO,DO.01,False,0.02821376,0.036615323,0.103581354,0.17598864,0.35383254,0.05183672,0.105934985,0.0176617,0.008737408,0.013701968,0.0125265075,0.037861202,0.027628738,0.02587909
99999E30478786,9,False,DO,DO.01,False,0.0,0.06315404,0.045469094,0.30367118,0.16104761,0.28639403,0.04689687,0.0065470417,0.0,0.01520205,0.016534114,0.017450472,0.029041454,0.008592144
99999E30478862,8,False,DO,DO.01,False,0.0025690333,0.041718733,0.013874474,0.061536077,0.046337906,0.05974008,0.20793708,0.117893845,0.091553316,0.07704558,0.09449298,0.03715462,0.076007806,0.07213838
99999E30478936,8,False,DO,DO.01,False,0.0,0.0,0.012460725,0.13128933,0.41735733,0.12953098,0.13161892,0.0049220533,0.006877825,0.008468876,0.0022853587,0.007291064,0.14789751,0.0
99999E30478956,7,False,DO,DO.01,False,0.0018546466,0.0149107855,0.03136745,0.19572963,0.07319208,0.24684384,0.08604783,0.21173234,0.0526417,0.02690771,0.021249712,0.011234211,0.012868017,0.013420116
99999E30478992,5,False,DO,DO.01,False,0.06124981,0.33161265,0.0,0.0,0.38154566,0.0,0.2255919,0.0,0.0,0.0,0.0,0.0,0.0,0.0
99999E30479000,7,False,DO,DO.01,False,0.0,0.08942826,0.060191926,0.026139893,0.024824126,0.49917546,0.03423624,0.14387468,0.0,0.040683493,0.038350202,0.0,0.043095738,0.0
99999E30479056,9,False,DO,DO.01,False,0.0,0.0028216022,0.07195374,0.248918,0.04218497,0.17154701,0.059302885,0.058312137,0.07798803,0.0,0.10424862,0.046869293,0.09404276,0.021810923
99999E30479112,9,False,DO,DO.01,False,0.0,0.03213857,0.03601731,0.11113553,0.05072742,0.10639377,0.5165153,0.059716392,0.0014545266,0.03169575,0.01988176,0.020053074,0.0,0.014270523
99999E30479144,9,False,DO,DO.01,False,0.069563136,0.0,0.053526983,0.1255716,0.07813438,0.07812906,0.5555286,0.0031367645,0.0036189351,0.0,0.005236294,0.0,0.027554326,0.0
99999E30479157,5,False,DO,DO.01,False,0.0,0.012792211,0.008899931,0.07455327,0.035407424,0.06955331,0.020530611,0.058307245,0.010738378,0.2462904,0.036953565,0.26261336,0.07428405,0.08907623
99999E30479196,8,False,DO,DO.01,False,0.0,0.03501005,0.008753883,0.19243103,0.06789604,0.2841312,0.25749588,0.032533348,0.0033528227,0.033611365,0.024623608,0.02508679,0.033040382,0.0020336194
99999E30479254,9,False,DO,DO.01,False,0.25090313,0.0,0.055496644,0.005717113,0.022636019,0.29243493,0.31535754,0.013410511,0.010305528,0.0,0.0035954046,0.023809744,0.0,0.0063334852
99999E30479286,8,False,DO,DO.01,False,0.0,0.01298428,0.040435996,0.09940779,0.045952667,0.3178218,0.3653796,0.031714074,0.0153511865,0.0,0.011048471,0.006236692,0.05366747,0.0
99999E30479293,7,False,DO,DO.01,False,0.0056618424,0.076309696,0.016625386,0.02719398,0.066984855,0.24623594,0.31310967,0.04662686,0.03650409,0.07911317,0.020337917,0.023826864,0.014475252,0.026994497
99999E30479313,5,False,DO,DO.01,False,0.0,0.018242553,0.0,0.04394084,0.12710732,0.4693974,0.024009673,0.062275663,0.0,0.0,0.06390891,0.076753445,0.050289284,0.06407501
99999E30479318,8,False,DO,DO.01,False,0.041923128,0.11466991,0.18250267,0.19916528,0.077082686,0.06903972,0.017892746,0.02929939,0.04380745,0.08197642,0.033094116,0.060317922,0.019256182,0.029972414
99999E30479337,9,False,DO,DO.01,False,0.0,0.019346548,0.039437685,0.14804555,0.036574207,0.34277472,0.24913947,0.0033527778,0.0,0.07857329,0.02718388,0.0,0.0150747355,0.040497128
99999E30479341,4,False,DO,DO.01,False,0.0068610637,0.13210006,0.08556656,0.19239259,0.015105407,0.23402621,0.2055245,0.0,0.0026743393,0.0497673,0.05933959,0.0,0.008951352,0.0076910304
99999E30479360,9,False,DO,DO.01,False,0.020899478,0.0046703815,0.011611353,0.06306092,0.020184087,0.14133526,0.55848026,0.10891536,0.0036307909,0.0,0.047601048,0.019611057,0.0,0.0
99999E30479367,4,False,74,74.90,False,0.0,0.008041839,0.033573374,0.07915732,0.0,0.0,0.7938721,0.0,0.0,0.0,0.056562476,0.0,0.028792914,0.0
99999E30479399,7,False,DO,DO.01,False,0.0,0.0,0.21554941,0.15218645,0.050848078,0.31089318,0.23009412,0.01112758,0.0,0.0,0.009900917,0.016472323,0.0016063437,0.0013215827
99999E30479403,7,False,DO,DO.01,False,0.07370287,0.09092561,0.066404276,0.095144205,0.08123119,0.16976097,0.316735,0.024874782,0.0,0.036823664,0.019729668,0.012946095,0.011570194,0.00015147537
99999E30479415,7,False,DO,DO.01,False,0.015594642,0.15690762,0.010976794,0.21094327,0.04213529,0.044389483,0.2505028,0.07805872,0.053443883,0.037975807,0.07602687,0.023044769,0.0,0.0
99999E30479422,8,False,DO,DO.01,False,0.0,0.06140772,0.01530543,0.025152557,0.028650736,0.07602281,0.5927268,0.062105205,0.024673257,0.002124661,0.0,0.017208325,0.08261498,0.012007556
99999E30479433,8,False,DO,DO.01,False,0.0049714115,0.115412496,0.03888465,0.12804794,0.073013976,0.17826359,0.018601133,0.07605822,0.13564977,0.09257351,0.024557259,0.01578493,0.06725479,0.030926408
99999E30479436,9,False,DO,DO.01,True,0.25002483,0.03736855,0.09372668,0.24760833,0.032125205,0.040746998,0.2151595,0.028650206,0.013864243,0.011817864,0.003963128,0.0,0.0036001615,0.021344388
99999E30479452,8,False,DO,DO.01,False,0.0,0.009979825,0.0,0.01876216,0.046562374,0.057064906,0.0028478377,0.38959616,0.056604158,0.008409458,0.27824998,0.08497326,0.042742353,0.0042075454
99999E30479467,9,False,DO,DO.01,False,0.0,0.009547321,0.0,0.013528174,0.0428339,0.71682,0.11710667,0.010322183,0.0,0.05242395,0.008554244,0.007275724,0.021587875,0.0
99999E30479484,9,False,DO,DO.01,False,0.19815938,0.019594155,0.14523348,0.1002462,0.06381199,0.13785996,0.18763536,0.021847632,0.015609763,0.049749352,0.019581812,0.02413403,0.0073707816,0.009166159
99999E30479499,7,False,DO,DO.01,False,0.0035156184,0.03899711,0.089460835,0.20013985,0.0873375,0.16393135,0.058718774,0.075450465,0.06387205,0.051475562,0.049338564,0.05739985,0.051508952,0.008853552
99999E30479540,5,False,DO,DO.01,False,0.0,0.0,0.0,0.11711478,0.0,0.0,0.8828852,0.0,0.0,0.0,0.0,0.0,0.0,0.0
99999E30479671,5,False,DO,DO.01,False,0.0342441,0.0396687,0.23579095,0.26025102,0.038634703,0.106741,0.036447197,0.004325653,0.004299673,0.07088095,0.08285509,0.04539987,0.022038748,0.018422345
99999E30479684,5,False,DO,DO.01,False,0.0076587503,0.0,0.09404588,0.04463574,0.039171595,0.2922776,0.19884983,0.16339563,0.020136692,0.0,0.019993369,0.046463087,0.07337172,0.0
99999E30479688,9,False,DO,DO.01,False,0.0012940184,0.021718478,0.01883278,0.03406156,0.104501784,0.15463163,0.535647,0.00615639,0.007949479,0.042424552,0.00075751764,0.0,0.053413015,0.018611763
99999E30479716,5,False,DO,DO.01,False,0.0,0.0,0.21956384,0.20746152,0.15842392,0.0,0.21006818,0.0,0.020550655,0.0,0.18393184,0.0,0.0,0.0
99999E30479746,5,False,DO,DO.01,False,0.051569793,0.0018731756,0.24504125,0.12138293,0.012233101,0.33253467,0.12497988,0.01118734,0.0,0.016013926,0.028700955,0.05448298,0.0,0.0
99999E30479810,5,False,DO,DO.01,False,0.027213322,0.0,0.0,0.30764502,0.21552375,0.08682478,0.0822357,0.014595686,0.028432732,0.06889667,0.077995695,0.0906366,0.0,0.0
99999E30479817,7,False,DO,DO.01,False,0.0060778093,0.0053832023,0.02005677,0.21518783,0.0029186844,0.07335448,0.56175655,0.027937885,0.005343129,0.0006211387,0.040400732,0.03123059,0.0,0.0097311735
99999E30479892,7,False,DO,DO.01,False,0.0005757918,0.027554557,0.08773731,0.21537113,0.2037385,0.1883006,0.12893562,0.068218805,0.023916218,0.023991322,0.019860644,0.002954062,0.003997163,0.004848333
99999E30479900,8,False,DO,DO.01,False,0.036919795,0.054792766,0.1778871,0.35205686,0.03309523,0.053161863,0.06237495,0.059227914,0.009796485,0.07094927,0.058132593,0.007064725,0.011793333,0.0127472095
99999E30479905,9,False,DO,DO.01,False,0.0,0.15179557,0.0045790006,0.06754238,0.016898386,0.63355416,0.033445034,0.007994064,0.0,0.052649975,0.0058942903,0.008584559,0.0,0.01706253
99999E30479913,7,False,DO,DO.01,False,0.0,0.011647662,0.14404443,0.088766366,0.0,0.09713844,0.29479262,0.003265414,0.0,0.20557867,0.0,0.052409388,0.054738913,0.047618076
99999E30479917,4,False,DO,DO.01,False,0.050551724,0.010476021,0.014225617,0.09080802,0.07685003,0.24339008,0.45745826,0.0014701025,0.0024307098,0.016246192,0.0,0.01925457,0.008918525,0.007920204
99999E30479987,7,False,DO,DO.01,False,0.0012974704,0.0313842,0.0,0.19166565,0.12688896,0.18837698,0.008977493,0.057179827,0.01597062,0.020215021,0.114948586,0.017064184,0.21349823,0.01253272
99999E30480006,7,False,DO,DO.01,False,0.0,0.0,0.0,0.06778836,0.10494833,0.39303303,0.34874973,0.0,0.0,0.0,0.0,0.07093788,0.0,0.014542687
99999E30480031,4,False,DO,DO.01,False,0.0026728292,0.0039025159,0.022641322,0.108177654,0.11782257,0.019904688,0.6828278,0.0065254616,0.0,0.0043027448,0.0035394104,0.0,0.020717906,0.0069651324
99999E30480103,8,False,DO,DO.01,False,0.0,0.041572146,0.01647309,0.1583457,0.05652948,0.4714832,0.0981139,0.024407275,0.0,0.042163808,0.016657116,0.044659864,0.029594492,0.0
99999E30480281,4,False,DO,DO.01,False,0.01716652,0.025925877,0.0637641,0.1382331,0.06321453,0.16775563,0.43277326,0.010887022,0.0012379276,0.025972411,0.024963137,0.013499267,0.008752942,0.0058542825
99999E30480284,5,False,DO,DO.01,False,0.0032112345,0.0724235,0.05708198,0.28319317,0.121976525,0.23954576,0.024816627,0.03651776,0.0,0.060300678,0.029171666,0.0,0.0717611,0.0
99999E30480307,9,False,DO,DO.01,False,0.01006287,0.025547368,0.023737328,0.04043277,0.059235677,0.26358205,0.41925982,0.019712176,0.0,0.0,0.071279965,0.038081698,0.0248293,0.0042390106
99999E30480330,4,False,DO,DO.01,False,0.06410492,0.069773965,0.088070445,0.12539725,0.053836912,0.014779275,0.048670743,0.0036224574,0.0062508583,0.43306345,0.025322119,0.012829171,0.007203983,0.0470744
99999E30480334,8,False,DO,DO.01,False,0.022649497,0.061625395,0.0,0.026124926,0.06231711,0.31069034,0.38179454,0.03510082,0.01814794,0.017464431,0.010231439,0.014063313,0.037185907,0.0026044133
99999E30480365,9,False,DO,DO.01,False,0.0036033862,0.0049950453,0.067881405,0.029033994,0.7949992,0.014333237,0.020166302,0.011469613,0.0,0.0,0.013153209,0.008232802,0.024233574,0.00789835
99999E30480398,8,False,DO,DO.01,True,0.11836841,0.017578738,0.0090038115,0.077809386,0.108602546,0.23281243,0.14927845,0.09363945,0.049577564,0.029780775,0.041974526,0.025602372,0.03598211,0.009989508
99999E30480415,4,False,DO,DO.01,True,0.37070063,0.038504694,0.046964552,0.14403503,0.0031771257,0.03296935,0.29874337,0.004324589,0.009820857,0.021352177,0.007030071,0.012310604,0.006224921,0.003841939
99999E30480488,5,False,DO,DO.01,False,0.0018313578,0.14228381,0.04439985,0.14208436,0.12917422,0.06838278,0.0,0.20069385,0.009289758,0.09911696,0.06148648,0.07845224,0.0,0.022804335
99999E30480516,9,False,DO,DO.01,False,0.0,0.0,0.0,0.0,0.0,0.015031478,0.8037581,0.0,0.0,0.0098227095,0.051296726,0.018635819,0.06293608,0.038519166
99999E30480562,8,False,DO,DO.01,False,0.0,0.014733128,0.0,0.02556693,0.058021486,0.28208587,0.4239526,0.012542786,0.0064579593,0.031230161,0.06548901,0.037258454,0.02192928,0.020732343
99999E30480679,7,False,DO,DO.01,False,0.0021928186,0.028516145,0.0,0.012160931,0.34477285,0.09581249,0.50051403,0.0038935894,0.0022914652,0.0065748887,0.0011421671,0.0021286383,0.0,0.0
99999E30480781,5,False,DO,DO.01,False,0.0052855876,0.07060884,0.1299924,0.07655512,0.31928912,0.07235308,0.0,0.013709491,0.070146345,0.094856456,0.07421625,0.07298735,0.0,0.0
99999E30480793,5,False,DO,DO.01,False,0.0,0.057286892,0.0,0.09346871,0.43840042,0.22680908,0.0,0.031904392,0.009882724,0.0,0.0,0.09122424,0.0,0.051023528
99999E30480856,7,False,DO,DO.01,False,0.0,0.02631062,0.013855452,0.07379748,0.18674152,0.29016608,0.21370316,0.025610477,0.0,0.024738371,0.0069768582,0.08792316,0.0,0.05017688
99999E30480869,9,False,DO,DO.01,False,0.042174984,0.016393332,0.028231682,0.07723684,0.07490874,0.15392615,0.26389444,0.051917583,0.0058386573,0.008845405,0.011718723,0.019245945,0.21289246,0.03277516
99999E30480883,8,False,DO,DO.01,False,0.0034898764,0.06333638,0.09987834,0.1738215,0.14207262,0.20114408,0.07697376,0.052170817,0.020575026,0.043954205,0.04468458,0.037491772,0.03403762,0.006369296
99999E30480912,5,False,DO,DO.01,False,0.0,0.062480114,0.009349481,0.027958956,0.03972452,0.5311208,0.18473923,0.046790488,0.015202434,0.0189641,0.01955735,0.0,0.037729345,0.006383233
99999E30480921,9,False,DO,DO.01,True,0.60717857,0.008496989,0.010987009,0.06990829,0.0,0.023083761,0.2140203,0.01948952,0.02263103,0.016105078,0.008099468,0.0,0.0,0.0
99999E30480966,5,False,DO,DO.01,False,0.033505347,0.0,0.33149937,0.09414039,0.08438417,0.16491705,0.25065464,0.0,0.0,0.040899005,0.0,0.0,0.0,0.0
99999E30480989,8,False,DO,DO.01,False,0.002067614,0.023007886,0.07834781,0.20544738,0.39651707,0.09543592,0.005558133,0.025039526,0.0063514756,0.05513164,0.024858704,0.01703983,0.046050806,0.019146258
99999E30481001,8,False,DO,DO.01,False,0.0,0.030589918,0.01613265,0.110902905,0.16094224,0.14192131,0.22794509,0.038768467,0.09991883,0.014462935,0.051731713,0.013219433,0.029429166,0.064035244
99999E30481031,5,False,DO,DO.01,False,0.0,0.0,0.0,0.039915793,0.0,0.05428152,0.90580267,0.0,0.0,0.0,0.0,0.0,0.0,0.0
99999E30481070,8,False,DO,DO.01,False,0.0,0.044063427,0.0,0.020514663,0.3263082,0.18949045,0.0025622922,0.04496378,0.04413281,0.044121385,0.030771995,0.093297966,0.13838908,0.021383997
99999E30481085,5,False,DO,DO.01,False,0.0,0.042804576,0.010476095,0.3425154,0.031754605,0.27465147,0.08594673,0.005626259,0.030809395,0.030246768,0.018645423,0.030190503,0.09633281,0.0
99999E30481102,9,False,DO,DO.01,False,0.07577122,0.026696889,0.02495124,0.19913916,0.06104979,0.07808349,0.3464733,0.016994478,0.0050582434,0.056030776,0.010800798,0.034928247,0.03030805,0.033714358
99999E30481118,8,False,DO,DO.01,False,0.0,0.038865037,0.0043161088,0.067225784,0.09437636,0.4857169,0.19844376,0.033040937,0.015546137,0.008676588,0.0039781625,0.013004245,0.03328832,0.003521692
99999E30481222,8,False,DO,DO.01,False,0.0057917903,0.115261674,0.019948605,0.2924211,0.21379673,0.075861655,0.01890714,0.009767043,0.0052991887,0.13464878,0.004897301,0.03810364,0.0068699997,0.058425426
99999E30481247,8,False,DO,DO.01,False,0.0,0.025184156,0.010809584,0.28585967,0.021501075,0.1633719,0.22422609,0.034965646,0.13506874,0.026902739,0.011367395,0.021178754,0.028857509,0.010706775
99999E30481270,9,False,DO,DO.01,False,0.0,0.017046573,0.0067620673,0.04597418,0.03406859,0.53967404,0.3237477,0.0045838277,0.0,0.0,0.0047417446,0.0075503825,0.015850976,0.0
99999E30481300,7,False,DO,DO.01,False,0.051045552,0.0019530649,0.016094893,0.043120813,0.03350887,0.08472826,0.74808526,0.001431566,0.0041617667,0.0032926016,0.0027711028,0.006033028,0.0,0.0037731987
99999E30481333,9,False,DO,DO.01,False,0.002459649,0.0,0.017661324,0.20548667,0.004601725,0.10970303,0.65550745,0.0,0.0,0.0,0.0,0.0,0.004580119,0.0
99999E30481348,5,False,DO,DO.01,False,0.0019016353,0.018996337,0.024561122,0.1859199,0.080028825,0.3091659,0.079668514,0.06423524,0.0,0.0,0.11245671,0.09293991,0.030125909,0.0
99999E30481373,5,False,DO,DO.01,False,0.052575257,0.106942706,0.009562786,0.14564858,0.14974119,0.027230533,0.04802792,0.042009387,0.23592663,0.13326378,0.049071133,0.0,0.0,0.0
99999E30481398,5,False,DO,DO.01,False,0.0038923458,0.062261682,0.065511905,0.09279004,0.07473938,0.15268935,0.10655991,0.038154498,0.0,0.020801459,0.18991636,0.14079036,0.049276624,0.0026160367
99999E30481456,9,False,DO,DO.01,False,0.005027974,0.01732567,0.099736474,0.2473562,0.010589789,0.11242875,0.40820882,0.019978436,0.012326708,0.022652479,0.011285137,0.02006354,0.008835463,0.0041846596
99999E30481476,7,False,DO,DO.01,False,0.0,0.0,0.0,0.4259874,0.09595598,0.23237765,0.16732621,0.0,0.0,0.0,0.026832445,0.051520333,0.0,0.0
99999E30481559,8,False,DO,DO.01,False,0.0,0.02901265,0.022913242,0.36392224,0.1981599,0.26121533,0.05223038,0.0026043889,0.0,0.041204356,0.0037563695,0.014370828,0.010610398,0.0
99999E30481567,5,False,DO,DO.01,False,0.0,0.0,0.44549376,0.27908245,0.046186786,0.06944127,0.002548829,0.04302223,0.005427001,0.0443396,0.028080076,0.0,0.0030428437,0.03333525
99999E30481625,7,False,DO,DO.01,False,0.0,0.01722684,0.19401728,0.33233443,0.13257489,0.093270175,0.058744717,0.030368285,0.0,0.0,0.048737597,0.05459353,0.03813233,0.0
99999E30481633,4,False,DO,DO.01,True,0.2116958,0.054785214,0.11323544,0.17356709,0.038036663,0.050654177,0.02087385,0.050510336,0.009527864,0.025545722,0.13610576,0.003872133,0.11158994,0.0
99999E30481641,9,False,DO,DO.01,False,0.0,0.015677817,0.0064789164,0.08310774,0.18959375,0.29522565,0.24860494,0.011231529,0.0023540491,0.0,0.036233492,0.009480327,0.10201181,0.0
99999E30481649,5,False,DO,DO.01,False,0.0,0.0,0.0,0.0,0.110598095,0.0,0.0,0.036999263,0.0,0.08999318,0.09988905,0.23524751,0.34287545,0.08439746
99999E30481653,8,False,DO,DO.01,False,0.0049254503,0.0069112317,0.093491696,0.1409772,0.06791904,0.3871053,0.18776403,0.04334916,0.0016613185,0.0024001217,0.011502891,0.0060203713,0.045972284,0.0
99999E30481663,8,False,DO,DO.01,False,0.0,0.027567536,0.0031664476,0.049349993,0.0018957251,0.35330725,0.0735313,0.12613934,0.28794447,0.019817265,0.010911642,0.002377324,0.04399167,0.0
99999E30481675,8,False,DO,DO.01,False,0.0,0.0036899515,0.0034673642,0.0103693595,0.022662848,0.3750056,0.47020575,0.051567666,0.0046100584,0.0019396051,0.018378934,0.002427631,0.03358808,0.0020872033
99999E30481690,8,False,DO,DO.01,False,0.06456539,0.045633946,0.18091102,0.28550425,0.031817712,0.10118749,0.08527699,0.048518393,0.046771936,0.008516845,0.028578054,0.013168302,0.059549674,0.0
99999E30481715,9,False,DO,DO.01,False,0.0,0.019818943,0.0033954242,0.16862352,0.0037656827,0.25278646,0.47108892,0.016024686,0.0,0.008658808,0.017452147,0.0016334228,0.036752015,0.0
99999E30481861,5,False,DO,DO.01,False,0.0,0.05452736,0.0,0.1686875,0.03111347,0.103262626,0.0,0.22356981,0.003645773,0.02701654,0.20665461,0.0,0.099248625,0.08227371
99999E30481872,5,False,DO,DO.01,False,0.018821131,0.024773348,0.0,0.28118715,0.039736558,0.0440905,0.15051393,0.04880267,0.020529637,0.2147207,0.1344209,0.0,0.022403482,0.0
99999E30481875,9,False,DO,DO.01,False,0.0,0.024723094,0.0056850137,0.0052433265,0.0,0.0068142754,0.7124299,0.07319939,0.021030225,0.0,0.11441972,0.0,0.012474245,0.023980876
99999E30481918,9,False,DO,DO.01,False,0.0,0.05458438,0.00621475,0.13932048,0.5655704,0.12568997,0.048403215,0.012109336,0.0,0.0,0.0027384558,0.0027238287,0.037983544,0.0046616043
99999E30481944,8,False,DO,DO.01,False,0.0,0.013717142,0.02069401,0.08930754,0.118758515,0.37446666,0.04298819,0.18203278,0.017173985,0.015560426,0.030919971,0.01620118,0.07817951,0.0
99999E30481955,8,False,DO,DO.01,False,0.0,0.118746966,0.05835418,0.36666384,0.032966774,0.042854153,0.24017106,0.042334788,0.04345447,0.018278826,0.016249284,0.0074751116,0.009276055,0.003174478
99999E30481973,9,False,DO,DO.01,False,0.0,0.0,0.023520296,0.054452244,0.07133221,0.26634434,0.14651045,0.21826829,0.0,0.0,0.12375884,0.003320432,0.08843157,0.004061229
99999E30482002,5,False,DO,DO.01,False,0.0,0.036674816,0.007179413,0.068878114,0.39213574,0.38825792,0.03684132,0.008266075,0.004272156,0.015565984,0.009733943,0.016823532,0.015370998,0.0
99999E30482011,5,False,DO,DO.01,False,0.0,0.0,0.0,0.49742317,0.0,0.15229343,0.0,0.07713452,0.074299954,0.0,0.0,0.19884902,0.0,0.0
99999E30482035,5,False,DO,DO.01,False,0.009632381,0.029225323,0.06455941,0.26579154,0.33281517,0.06743242,0.01743386,0.0071220896,0.0,0.0,0.19823243,0.0,0.0074732993,0.00028211993
99999E30482045,5,False,DO,DO.01,False,0.01626477,0.09472879,0.040842652,0.20094977,0.3421908,0.07235121,0.022533242,0.040515512,0.015460108,0.015958738,0.03254538,0.028461376,0.06396686,0.013230793
99999E30482126,7,False,DO,DO.01,False,0.0847917,0.0,0.0,0.09265838,0.0,0.009602357,0.75279236,0.03817218,0.0,0.0014984172,0.0,0.020484615,0.0,0.0
99999E30482172,9,False,DO,DO.01,False,0.0,0.006226075,0.0,0.009555599,0.010586006,0.42241484,0.3622854,0.03233699,0.10894792,0.0068704984,0.021029366,0.0045445315,0.0,0.015202699
99999E30482192,5,False,DO,DO.01,False,0.10175334,0.0,0.2822712,0.0,0.0,0.0,0.46468896,0.0,0.09317663,0.0,0.0,0.0,0.0,0.05810987
99999E30482205,9,False,DO,DO.01,False,0.015081969,0.0,0.10311742,0.010701545,0.019307138,0.07932562,0.7288761,0.0061070886,0.0,0.031229658,0.0,0.0,0.0,0.006253472
99999E30482224,2,False,DO,DO.01,False,0.0,0.0,0.0,0.0,0.02985012,0.31346425,0.5202835,0.020683443,0.0,0.00073713384,0.007065465,0.004694479,0.10033569,0.002885841
99999E30482228,8,False,DO,DO.01,False,0.0,0.016752113,0.011958693,0.0068215374,0.1368669,0.054136854,0.005744121,0.17011279,0.24292205,0.087702684,0.07367457,0.1119736,0.033362806,0.047971286
99999E30482231,8,False,DO,DO.01,False,0.020486578,0.045120616,0.009860711,0.08612689,0.15292616,0.190478,0.11613831,0.03460118,0.28326422,0.04145685,0.0027969033,0.0,0.0061697443,0.010573832
99999E30482236,8,False,DO,DO.01,False,0.0,0.017186614,0.037925944,0.15132436,0.1313031,0.1298356,0.019475654,0.00017246194,0.012793539,0.04902622,0.040757455,0.15408061,0.2011972,0.054921284
99999E30482269,5,False,DO,DO.01,False,0.0,0.0,0.0,0.0,0.0,0.0,0.08649399,0.0,0.0,0.0,0.10846438,0.0,0.8050416,0.0
99999E30482292,7,False,DO,DO.01,True,0.11707394,0.014162204,0.16777709,0.33574235,0.13143913,0.037490305,0.0041759266,0.013990939,0.0,0.052610327,0.037386697,0.08193273,0.0,0.0062184297
99999E30482347,5,False,DO,DO.01,False,0.0031009049,0.13397586,0.0008045592,0.066736504,0.0010308415,0.12508382,0.005631914,0.119594365,0.12359201,0.24483742,0.0,0.026676161,0.14833221,0.00060341926
99999E30482430,6,False,96,96.04,False,0.0047191577,0.0029114159,0.00091576396,0.01217847,0.16009456,0.004995076,0.010415923,0.20686275,0.035165332,0.07446945,0.23879078,0.07514974,0.03711817,0.13621335
99999E30482472,9,False,DO,DO.01,False,0.0,0.05625161,0.010426409,0.09881823,0.13925658,0.4074758,0.10173711,0.013395978,0.0,0.0090796985,0.024849819,0.08413001,0.037402213,0.0171766
99999E30482508,4,False,DO,DO.01,False,0.0,0.0,0.030587751,0.1539108,0.028237656,0.3840658,0.39377448,0.004845354,0.004578055,0.0,0.0,0.0,0.0,0.0
99999E30482566,4,False,DO,DO.01,False,0.99443245,0.0,0.0,0.0,0.0,0.0,0.005567557,0.0,0.0,0.0,0.0,0.0,0.0,0.0
99999E30482638,7,False,DO,DO.01,False,0.0,0.0035567197,0.00846254,0.110139616,0.00018594641,0.098025404,0.6514692,0.01461064,0.0011829357,0.041758813,0.03847508,0.01923556,0.012723481,0.00017407749
99999E30482647,5,False,DO,DO.01,False,0.0,0.008929485,0.020609003,0.110117234,0.23726724,0.19751558,0.0043751234,0.23697363,0.0,0.0,0.089511655,0.0075638597,0.08713717,0.0
99999E30482667,9,False,DO,DO.01,False,0.0,0.005004761,0.04951306,0.0233546,0.014893118,0.39739025,0.4058275,0.025009546,0.0036477307,0.0,0.020723214,0.040636774,0.0045357873,0.009463574
99999E30482670,8,False,DO,DO.01,True,0.16423541,0.012294171,0.011648958,0.23050359,0.017041342,0.27151313,0.08591712,0.044081833,0.014672771,0.0067296172,0.100258924,0.022789767,0.0,0.018313386
99999E30482684,9,False,DO,DO.01,False,0.029722285,0.037053425,0.11136289,0.18351127,0.046523143,0.12837385,0.4075127,0.0058829263,0.0012681308,0.0042321053,0.044557165,0.0,0.0,0.0
99999E30482716,7,False,DO,DO.01,False,0.0018685675,0.009229047,0.061907277,0.15373361,0.03943756,0.35630548,0.14483295,0.019008083,0.006367304,0.014984475,0.025140816,0.010129393,0.15249288,0.0045626187
99999E30482751,5,False,DO,DO.01,False,0.005459253,0.050449822,0.07728091,0.16059157,0.18507044,0.026760878,0.20909293,0.022784922,0.0074252873,0.0,0.0,0.0,0.13115373,0.12393032
99999E30482761,9,False,DO,DO.01,False,0.0,0.0051137717,0.0026291655,0.009794621,0.023620324,0.04301682,0.83654517,0.0,0.012018719,0.017670823,0.021538528,0.013249728,0.011789081,0.0030131498
99999E30482779,7,False,DO,DO.01,False,0.16778962,0.028023642,0.048216328,0.09877113,0.035693824,0.18564384,0.052967813,0.095584966,0.0792566,0.023348162,0.040588535,0.03549798,0.08842632,0.020191228
99999E30482793,5,False,DO,DO.01,False,0.034100268,0.02899545,0.007737469,0.08045631,0.122210935,0.17321041,0.18574512,0.08941171,0.005171686,0.014925674,0.0309174,0.013480391,0.19150047,0.022136806
99999E30482796,4,False,DO,DO.01,False,0.0,0.0,0.014092333,0.1628675,0.07831782,0.35513306,0.36860082,0.014548049,0.0033312985,0.0,0.0031090397,0.0,0.0,0.0
99999E30482803,5,False,DO,DO.01,False,0.0,0.0,0.0,0.0,0.19376393,0.0,0.0,0.0,0.0,0.0,0.0,0.0,0.4721604,0.33407572
99999E30482831,8,False,DO,DO.01,True,0.014020941,0.026786286,0.08613633,0.06337924,0.065400355,0.101481505,0.010219403,0.030599989,0.008903854,0.012830516,0.03313464,0.5471069,0.0,0.0
99999E30482852,5,False,DO,DO.01,False,0.0,0.11366041,0.05134943,0.15246171,0.0,0.32693738,0.15211877,0.012969574,0.0,0.0,0.0,0.0,0.19050275,0.0
99999E30482937,9,False,DO,DO.01,False,0.0,0.0,0.0018294238,0.003273318,0.10219971,0.20755734,0.24201927,0.117962226,0.017066438,0.030788343,0.00833677,0.08950917,0.11265567,0.06680221
99999E30482957,7,False,74,74.90,False,0.0,0.019189052,0.043233134,0.09279865,0.21777055,0.18022203,0.1497673,0.078901514,0.01267485,0.036164615,0.039642055,0.036045924,0.089404546,0.004185807
99999E30482972,5,False,DO,DO.01,False,0.06367116,0.0,0.3372288,0.0,0.108939484,0.1055813,0.14581233,0.0,0.0,0.0,0.16528982,0.016656592,0.03546242,0.021358047
99999E30483033,8,False,DO,DO.01,False,0.1128832,0.016341064,0.05321559,0.093073174,0.09544974,0.16376871,0.2158832,0.04664445,0.06514853,0.033720784,0.03488655,0.053761065,0.009771373,0.005452589
99999E30483083,9,False,84,84.11,False,0.00837872,0.010363491,0.007947619,0.013517782,0.01135801,0.0337411,0.45703077,0.12904851,0.2152345,0.008647624,0.034086835,0.03488501,0.030245345,0.005514675
99999E30483121,9,False,DO,DO.01,False,0.012468176,0.02469834,0.011620845,0.21358514,0.1813103,0.13176319,0.18582498,0.019201146,0.027008036,0.044912476,0.02566944,0.0020564494,0.06894437,0.050937112
99999E30483188,9,False,DO,DO.01,False,0.0,0.06312007,0.026228694,0.0044575757,0.15388104,0.0183234,0.49461344,0.013120264,0.0,0.022706024,0.031565953,0.06994449,0.018477244,0.0835618
99999E30483265,5,False,DO,DO.01,False,0.0060947025,0.0,0.019405864,0.05781711,0.1769248,0.1412221,0.072842225,0.07463969,0.0011407401,0.012751233,0.19526395,0.009983848,0.2196959,0.0122178765
99999E30483295,9,False,DO,DO.01,False,0.001698982,0.040647745,0.08405167,0.2629747,0.08781979,0.021511562,0.28879765,0.067421354,0.021168036,0.0393775,0.04637315,0.0031423178,0.007011629,0.028003909
99999E30483305,7,False,DO,DO.01,False,0.03163613,0.0,0.0,0.20936164,0.14499618,0.0,0.14605623,0.0,0.0,0.0,0.10461456,0.1851459,0.008679233,0.16951005
99999E30483319,7,False,DO,DO.01,False,0.008875205,0.00649189,0.058690473,0.057307594,0.0337537,0.02296019,0.7923615,0.0066424413,0.00069690385,0.00018940248,0.0003278119,0.0,0.0,0.011702887
99999E30483333,9,False,DO,DO.01,False,0.05845045,0.005710322,0.03646304,0.14136396,0.059002507,0.28352606,0.3366285,0.0033295387,0.001960959,0.012474355,0.0019069983,0.031192113,0.025944311,0.00204694
99999E30483350,5,False,DO,DO.01,False,0.0014389211,0.0,0.14638843,0.10634063,0.2644868,0.27492988,0.041273057,0.0008916951,0.002657644,0.020027166,0.02056349,0.014711879,0.08858086,0.017709631
99999E30483404,9,False,DO,DO.01,False,0.011850549,0.0045196246,0.07002224,0.013731423,0.034255147,0.13331653,0.67285156,0.022171995,0.0,0.0,0.023052372,0.0044333506,0.009795221,0.0
99999E30483424,9,False,DO,DO.01,False,0.0032193512,0.0054090763,0.0,0.07406238,0.0069951727,0.2188766,0.4907263,0.026554933,0.0,0.031820964,0.07701607,0.05734784,0.0,0.007971353
99999E30483452,4,False,DO,DO.01,False,0.0,0.0,0.0029417183,0.030897608,0.029317928,0.22554846,0.7076805,0.0023103252,0.0013034445,0.0,0.0,0.0,0.0,0.0
99999E30483464,5,False,DO,DO.01,False,0.0,0.0,0.0,0.0,0.0,0.0,0.0,0.076776475,0.0,0.0,0.53008443,0.07051457,0.32262456,0.0
99999E30483476,5,False,DO,DO.01,False,0.012014969,0.03560173,0.04039459,0.17374106,0.056775656,0.10642768,0.4930241,0.040624388,0.0,0.0,0.022946622,0.0,0.018449217,0.0
99999E30483479,4,False,DO,DO.01,False,0.0,0.008805642,0.0007214027,0.03160908,0.008391562,0.053477608,0.8556548,0.0059944345,0.0,0.0,0.022942545,0.0,0.01240295,0.0
99999E30483573,9,False,DO,DO.01,False,0.0,0.020252854,0.0,0.11302829,0.0334015,0.0,0.83331734,0.0,0.0,0.0,0.0,0.0,0.0,0.0
99999E30483753,5,False,DO,DO.01,False,0.013047602,0.07200997,0.14240967,0.19876914,0.07832972,0.0030330438,0.07092911,0.089303836,0.09299863,0.01027926,0.005503596,0.18772885,0.0,0.035657562
99999E30483790,7,False,DO,DO.01,False,0.0028886574,0.09378599,0.24197273,0.13618247,0.0073374617,0.014395596,0.019048788,0.068626046,0.06498116,0.09229396,0.14909968,0.07931544,0.018190365,0.011881647
99999E30483811,9,False,DO,DO.01,False,0.0,0.0103373835,0.04987435,0.13690735,0.10510954,0.12679413,0.45010528,0.013366864,0.006097391,0.023157705,0.023595367,0.00917811,0.036138143,0.009338233
99999E30483817,9,False,DO,DO.01,False,0.004505095,0.020601531,0.017351257,0.14913125,0.15032819,0.23702657,0.27078584,0.023484044,0.00317536,0.020104371,0.01562311,0.01397499,0.059902783,0.014005636
99999E30483871,9,False,DO,DO.01,False,0.0016656192,0.005540497,0.017064113,0.1152007,0.045866217,0.16826455,0.40458968,0.046381325,0.0046830117,0.0032117146,0.061923247,0.09596048,0.022092588,0.0075562047
99999E30483876,6,False,DO,DO.01,False,0.0,0.0,0.0,0.00389219,0.020751119,0.0,0.09653498,0.104308516,0.0,0.0022767684,0.17079015,0.075241774,0.4159439,0.11026064
99999E30483884,5,False,DO,DO.01,False,0.0,0.04644104,0.117411934,0.0943184,0.12381085,0.08999696,0.01918425,0.025275081,0.020999428,0.120034784,0.09685798,0.029042821,0.13444379,0.082182534
99999E30483931,5,False,DO,DO.01,False,0.0,0.10383351,0.0100921355,0.26945832,0.0408539,0.11927297,0.0,0.097632624,0.0,0.0,0.16522314,0.0,0.14855354,0.045079876
99999E30483946,5,False,DO,DO.01,False,0.012714377,0.038174324,0.051206872,0.056428622,0.058512334,0.0916271,0.38104448,0.17381513,0.04985932,0.031012345,0.013837334,0.017973559,0.0075362935,0.01625793
99999E30483977,8,False,DO,DO.01,False,0.0,0.041454546,0.037939616,0.19738464,0.09257327,0.17779545,0.2828341,0.05661043,0.02078766,0.048240352,0.0062154983,0.009390761,0.026416078,0.0023575448
99999E30484021,7,False,DO,DO.01,False,0.018327342,0.08166105,0.013455517,0.026099062,0.0067277583,0.03108688,0.117967755,0.0022039209,0.0,0.021227237,0.19452499,0.42094886,0.0026679041,0.06310173
99999E30484070,5,False,DO,DO.01,False,0.0,0.0,0.090217724,0.24713278,0.0,0.21931922,0.17154247,0.0656547,0.0,0.0,0.0,0.07767556,0.0,0.12845752
99999E30484181,9,False,DO,DO.01,False,0.0009856531,0.032707002,0.0585566,0.17745951,0.1075376,0.4957462,0.03620161,0.0,0.002048278,0.06678566,0.0,0.005454854,0.011680808,0.004836315
99999E30484210,7,False,DO,DO.01,False,0.0015138525,0.0,0.019356685,0.049000908,0.0060640057,0.05770475,0.81022704,0.004343865,0.018205984,0.010462666,0.009949095,0.005367784,0.0067827906,0.0010206954
99999E30484218,7,False,DO,DO.01,False,0.0,0.0,0.12678258,0.26721376,0.04420528,0.33102584,0.17919484,0.014352573,0.0,0.0,0.021417614,0.012900401,0.0,0.0029071525
99999E30484232,9,False,DO,DO.01,False,0.0,0.035264276,0.023760634,0.008074856,0.09857949,0.5396543,0.18752454,0.032016736,0.0029283129,0.0070431437,0.020316465,0.01073827,0.030934544,0.0031643666
99999E30484238,9,False,DO,DO.01,False,0.0026810972,0.011350694,0.05656136,0.066733435,0.0,0.02565118,0.7719218,0.023353651,0.0056088227,0.00944128,0.015953537,0.010743211,0.0,0.0
99999E30484264,5,False,DO,DO.01,False,0.0,0.0,0.0,0.017005095,0.023566356,0.054510612,0.038440548,0.31826314,0.027866285,0.03491111,0.31451905,0.06298808,0.08991332,0.018016374
99999E30484288,5,False,DO,DO.01,False,0.00080905046,0.06638699,0.037613086,0.31180182,0.10248202,0.23881479,0.0,0.027771646,0.10509548,0.0,0.019456888,0.06689761,0.011885623,0.010985145
99999E30484298,5,False,DO,DO.01,False,0.0,0.043965492,0.011967888,0.09355621,0.0057087815,0.36244807,0.03713877,0.21574852,0.04714451,0.020860488,0.066060126,0.025130548,0.07027064,0.0
99999E30484313,5,False,DO,DO.01,False,0.01781445,0.06875036,0.012158142,0.0771182,0.12857893,0.18904893,0.060528316,0.08886816,0.0,0.13948335,0.013382704,0.0,0.0,0.20426847
99999E30484395,9,False,DO,DO.01,False,0.009718325,0.0024819907,0.091413274,0.06308185,0.07996298,0.39261696,0.22146314,0.0065481523,0.0,0.016213428,0.0067138867,0.0051703257,0.101421,0.0031946849
99999E30484454,5,False,DO,DO.01,False,0.0,0.10376011,0.0,0.0066634943,0.36887196,0.006663494,0.41361257,0.0,0.0,0.057115663,0.0,0.0,0.0,0.043312714
99999E30484503,5,False,DO,DO.01,False,0.003820065,0.09205494,0.0,0.05922058,0.17967229,0.021292793,0.18150574,0.09058053,0.26081756,0.059258875,0.0113836005,0.016122779,0.0,0.024270335
99999E30484513,5,False,DO,DO.01,False,0.0,0.056147054,0.012004611,0.18952478,0.12640195,0.0,0.0,0.06586653,0.046627384,0.022802614,0.20791085,0.12303062,0.14968361,0.0
99999E30484535,5,False,DO,DO.01,False,0.002101301,0.0367226,0.06461859,0.30079278,0.13115788,0.20540433,0.10474828,0.009911662,0.0,0.06302613,0.005405188,0.016185464,0.0,0.05992578
99999E30484632,5,False,DO,DO.01,False,0.025268933,0.1206366,0.121516205,0.085531086,0.14171338,0.1951034,0.007830338,0.055385042,0.020148521,0.05322908,0.045368794,0.01752094,0.032646365,0.078101255
99999E30484695,8,False,DO,DO.01,False,0.07177639,0.019496605,0.015223591,0.1071072,0.10235174,0.23925038,0.23191833,0.07514754,0.068628795,0.011744717,0.014240395,0.020143412,0.01900309,0.003967706
99999E30484787,5,False,DO,DO.01,False,0.00080930546,0.011337912,0.0,0.01162804,0.079697505,0.0,0.0,0.024615102,0.83485204,0.0129030775,0.0,0.014048322,0.0,0.010108683
99999E30484838,8,False,DO,DO.01,False,0.009563601,0.07176118,0.0,0.0972388,0.017532,0.3478522,0.14539103,0.020414753,0.007337917,0.059424974,0.08004483,0.08557105,0.020160282,0.037707474
99999E30484859,8,False,DO,DO.01,False,0.0,0.00615364,0.062102623,0.073004805,0.019355293,0.35370925,0.17575315,0.13063234,0.01464214,0.016157428,0.038840078,0.08123835,0.022915093,0.005495729
99999E30484958,9,False,DO,DO.01,False,0.0,0.0,0.046454754,0.042836867,0.039942563,0.0,0.04214695,0.60501677,0.0,0.0,0.05606318,0.03673415,0.13080473,0.0
99999E30485058,5,False,DO,DO.01,False,0.0,0.03702416,0.018399885,0.26844758,0.012161874,0.109872,0.17838912,0.19318756,0.13950254,0.0,0.0,0.019600363,0.0,0.023414975
99999E30485068,5,False,DO,DO.01,False,0.0,0.11474371,0.00374791,0.2677161,0.3283169,0.10799747,0.055007786,0.0010955429,0.0,0.0,0.0,0.12137463,0.0,0.0
99999E30485071,8,False,DO,DO.01,False,0.0,0.043138497,0.06881701,0.10727042,0.04669246,0.27096212,0.10652624,0.16436516,0.03863945,0.07225921,0.025079355,0.036778994,0.011898421,0.007572687
99999E30485123,5,False,DO,DO.01,False,0.0,0.13825025,0.0069156378,0.23717454,0.045426134,0.30528533,0.0686279,0.15132573,0.007924287,0.0191416,0.0,0.01341645,0.006512177,0.0
99999E30485146,5,False,DO,DO.01,False,0.04825492,0.020391863,0.015516452,0.02277965,0.014243522,0.12016306,0.29605225,0.005540996,0.0,0.004634136,0.1706144,0.042447682,0.17159614,0.06776488
99999E30485163,2,False,DO,DO.01,False,0.0,0.007616983,0.0,0.0,0.0072541996,0.62265384,0.33128443,0.007923953,0.011291817,0.0,0.011974791,0.0,0.0,0.0
99999E30485179,9,False,DO,DO.01,False,0.0,0.036607143,0.034528974,0.11099942,0.19614337,0.18569016,0.3927455,0.009020911,0.002250909,0.010534313,0.0,0.005345849,0.016133513,0.0
99999E30485186,5,False,DO,DO.01,False,0.0,0.0,0.023030212,0.0,0.0,0.034869954,0.013711188,0.032654777,0.020547684,0.13925067,0.044074398,0.3368216,0.19547035,0.1595692
99999E30485271,9,False,DO,DO.01,False,0.03006633,0.073629335,0.00880258,0.07703172,0.0,0.117024586,0.61549884,0.0,0.008265763,0.029723193,0.0034328839,0.00067254633,0.03192231,0.0039300495
99999E30485328,5,False,DO,DO.01,False,0.0,0.16934836,0.0,0.1316975,0.111423984,0.0,0.44690263,0.09115045,0.0,0.0,0.0,0.0,0.0,0.04947707
99999E30485331,7,False,DO,DO.01,False,0.0,0.0154451495,0.010732323,0.20407565,0.19591261,0.25236374,0.048222046,0.014006343,0.005358821,0.039236847,0.013118099,0.055511504,0.08822967,0.057787172
99999E30485341,5,False,DO,DO.01,False,0.0073354505,0.06245512,0.076814614,0.12501405,0.13504839,0.21476951,0.052412134,0.03496449,0.0,0.1600391,0.019307455,0.03437627,0.04528429,0.03217909
99999E30485459,5,False,DO,DO.01,False,0.0,0.38789853,0.2852554,0.061609574,0.0,0.0,0.046331633,0.012279246,0.021856109,0.13888822,0.045881234,0.0,0.0,0.0
99999E30485462,5,False,DO,DO.01,False,0.0,0.0,0.0,0.0,0.0,0.0,0.8095035,0.0,0.0,0.019177498,0.039633498,0.13168548,0.0,0.0
99999E30485478,5,False,DO,DO.01,False,0.02951922,0.17554438,0.0,0.2818939,0.11672513,0.23074676,0.07164256,0.015252815,0.061559264,0.0,0.0,0.01711603,0.0,0.0
99999E30485497,5,False,DO,DO.01,False,0.0,0.0,0.037438553,0.02622852,0.048125613,0.4585838,0.21552546,0.16813202,0.0,0.0,0.023872077,0.0,0.022093976,0.0
99999E30485528,5,False,DO,DO.01,False,0.03748273,0.005920627,0.086098336,0.099990375,0.027766604,0.06681475,0.67592657,0.0,0.0,0.0,0.0,0.0,0.0,0.0
99999E30485601,8,False,DO,DO.01,False,0.0030087417,0.046371344,0.044305757,0.26810497,0.12017256,0.15190898,0.06539683,0.15910086,0.011164129,0.024040919,0.022252044,0.015062328,0.052009054,0.0171015
99999E30594375,5,False,DO,DO.01,False,0.004395097,0.06505191,0.019757647,0.14938712,0.10361991,0.3821468,0.056005657,0.058906335,0.0,0.007816305,0.032318868,0.049072288,0.06404304,0.0074790814
99999E30594385,9,False,DO,DO.01,False,0.0,0.0,0.0,0.0,0.0077477708,0.07743438,0.7609473,0.028811822,0.03050484,0.004380989,0.04111229,0.037036207,0.009270687,0.0027537644
99999E30594387,4,False,DO,DO.01,False,0.056598656,0.024332289,0.0070569348,0.031002354,0.015009816,0.15277949,0.39646322,0.046466287,0.14760773,0.0,0.034550708,0.014432043,0.06009856,0.0136019
99999E30594390,7,False,DO,DO.01,False,0.003450282,0.020015258,0.035271786,0.14378053,0.08433866,0.19345132,0.35448125,0.048048295,0.020313183,0.009249735,0.06051883,0.013219371,0.0,0.013861518
99999E30594392,8,False,DO,DO.01,False,0.0057301084,0.01585632,0.07914547,0.12000669,0.038605507,0.2841396,0.3409382,0.019509768,0.021576457,0.016738575,0.013909289,0.0075288694,0.03631511,0.0
99999E30594394,7,False,82,82.11,False,0.010338673,0.019062964,0.01003401,0.034912065,0.08381544,0.08077046,0.7252122,0.0075023267,0.0,0.0038728626,0.003660923,0.015019556,0.0048332135,0.000965318
99999E30594396,8,False,DO,DO.01,False,0.0,0.017432941,0.0021963469,0.034581225,0.08970863,0.12386138,0.3356815,0.09777189,0.079353146,0.048505407,0.03254968,0.0334426,0.059451185,0.04546408
99999E30594400,8,False,DO,DO.01,False,0.0,0.019095311,0.088379726,0.19633847,0.16698824,0.19258305,0.15486722,0.04162243,0.012790978,0.022404097,0.02471684,0.018710924,0.040625397,0.02087742
99999E30594403,7,False,DO,DO.01,False,0.0038083366,0.02914052,0.05878982,0.07620553,0.03965114,0.1853114,0.3316718,0.066597834,0.022278637,0.031106852,0.047441524,0.03257146,0.06066004,0.01476513
99999E30594404,7,False,DO,DO.01,False,0.008118808,0.05244457,0.012516838,0.06291118,0.09624153,0.10844436,0.02361213,0.09437396,0.04287822,0.117343724,0.10651523,0.11874884,0.112804085,0.043046508
99999E30594409,8,False,DO,DO.01,False,0.005452177,0.043642472,0.075785264,0.29966277,0.10243557,0.1687555,0.050587054,0.09499642,0.047611505,0.023385538,0.027850766,0.011105883,0.043587457,0.0051417137
99999E30594413,7,False,DO,DO.01,False,0.0,0.012772217,0.041369826,0.040785786,0.033036508,0.16318746,0.45798832,0.06552775,0.037731815,0.035785,0.032561675,0.048682258,0.025685301,0.004886032
99999E30594415,9,False,DO,DO.01,False,0.0,0.0,0.059075277,0.165325,0.1032445,0.3655064,0.21151376,0.050687216,0.026692834,0.008137278,0.0,0.009817755,0.0,0.0
99999E30594418,4,False,DO,DO.01,False,0.0,0.028069545,0.08784077,0.17572269,0.089441754,0.10553012,0.44393572,0.016305324,0.006026124,0.0,0.015744232,0.015400096,0.008012389,0.007971242
99999E30594429,9,False,DO,DO.01,False,0.032465156,0.034143023,0.119040586,0.070670255,0.043782905,0.09985006,0.44304612,0.02338708,0.0033180295,0.010424143,0.017703697,0.044797167,0.03949209,0.017879654
99999E30594430,5,False,DO,DO.01,False,0.042555593,0.07662798,0.02695504,0.17302832,0.19288976,0.20116216,0.09524232,0.05133869,0.0,0.008501023,0.07342412,0.030524103,0.027750805,0.0
99999E30594432,8,False,DO,DO.01,False,0.0,0.022548784,0.0,0.0,0.017302314,0.35623708,0.1487999,0.07613889,0.1585596,0.18340743,0.01369718,0.0065072495,0.016801488,0.0
99999E30594440,5,False,DO,DO.01,False,0.0051201587,0.04661376,0.08828947,0.107782505,0.013717964,0.12200828,0.54141307,0.022508385,0.0,0.030139593,0.0033655767,0.010895222,0.008146026,0.0
99999E30594442,9,False,DO,DO.01,False,0.0027720663,0.17947155,0.0249031,0.03317684,0.005792829,0.17850102,0.46339297,0.0014588225,0.0041853953,0.036115713,0.0039397306,0.021133212,0.045156773,0.0
99999E30594446,8,False,DO,DO.01,False,0.0,0.05243453,0.005660291,0.15286785,0.07702453,0.3702125,0.2461531,0.020761503,0.006651907,0.009980478,0.0064208293,0.010554435,0.029682687,0.0115954075
99999E30594454,5,False,DO,DO.01,False,0.009579592,0.05855311,0.015721934,0.6304163,0.10838838,0.025855506,0.09905175,0.0,0.0,0.0094597265,0.013165865,0.00086822145,0.028939633,0.0
99999E30594458,2,False,DO,DO.01,False,0.0,0.0,0.0,0.008527587,0.008114424,0.58342344,0.32838255,0.03336524,0.00766907,0.0,0.0,0.0028454824,0.027672205,0.0
99999E30594474,8,False,DO,DO.01,False,0.0,0.14819907,0.0015747598,0.07655191,0.06922485,0.42296502,0.0550644,0.033752058,0.0123025905,0.033844065,0.0075827343,0.012494127,0.12644437,0.0
99999E30594476,9,False,DO,DO.01,False,0.0,0.0148547655,0.22878966,0.11053305,0.02884173,0.33679324,0.23415278,0.020826243,0.0,0.0,0.0071801795,0.0042904974,0.01373788,0.0
99999E30594480,5,False,DO,DO.01,False,0.0,0.0,0.0071553933,0.020577034,0.09961267,0.37530544,0.37674898,0.0015396344,0.002212301,0.06307749,0.0,0.0,0.044445597,0.009325455
99999E30594486,7,False,DO,DO.01,False,0.0,0.0,0.20296758,0.28882918,0.10866647,0.1348325,0.17303216,0.0023960758,0.0,0.00495189,0.0051737484,0.015113026,0.0056063733,0.058430966
99999E30594493,9,False,DO,DO.01,False,0.0,0.0,0.025246646,0.11277886,0.02061116,0.47560635,0.32217532,0.0,0.0021490573,0.0,0.0014776879,0.002061341,0.037893586,0.0
99999E30594506,8,False,DO,DO.01,False,0.0,0.0,0.0,0.13798039,0.10304556,0.26542705,0.2724755,0.12120238,0.042403053,0.0058268784,0.012722805,0.023577137,0.015339234,0.0
99999E30594509,9,False,DO,DO.01,False,0.0,0.052518774,0.016954575,0.18394639,0.22594985,0.3038906,0.040750694,0.022032142,0.0,0.029725574,0.022236066,0.021722427,0.07401431,0.0062586567
99999E30594510,9,False,DO,DO.01,False,0.0,0.009465343,0.0085773505,0.10386844,0.27938724,0.25584286,0.075711526,0.0029495284,0.002895359,0.048430614,0.008001607,0.052188814,0.14134057,0.011340768
99999E30594511,5,False,DO,DO.01,False,0.0,0.05448493,0.0,0.048703574,0.0,0.0,0.3629993,0.0,0.0,0.0,0.0,0.32883674,0.062543795,0.14243168
99999E30594526,9,False,DO,DO.01,True,0.038914677,0.045902252,0.19240749,0.4354979,0.029798793,0.10211234,0.06596273,0.022507172,0.029798793,0.015832044,0.002485251,0.0066820486,0.0,0.012098482
99999E30601128,7,False,01,01.1,False,0.014966325,0.017036457,0.19317402,0.16059257,0.0970407,0.1389812,0.1417332,0.031274706,0.03565675,0.012119221,0.043258093,0.06189469,0.050582327,0.0016897905
99999E30601131,5,False,01,01.1,False,0.003072511,0.028025022,0.0,0.18117262,0.1644259,0.1298648,0.0,0.0025759437,0.010955518,0.067880765,0.13651259,0.018093677,0.25742054,0.0
99999E30601132,8,False,DO,DO.02,False,0.09983736,0.054894462,0.020031793,0.09140195,0.016778924,0.1275235,0.29481655,0.037757173,0.017817268,0.028062887,0.08936201,0.048875734,0.02257712,0.05026326
99999E30601134,2,False,DO,DO.02,False,0.0,0.0,0.0,0.0,0.0,1.0,0.0,0.0,0.0,0.0,0.0,0.0,0.0,0.0
99999E30601137,5,False,01,01.4,False,0.0,0.0,0.0,0.0,0.0,0.0,0.0,0.0,0.0,0.0,0.0,0.0,0.0,1.0
99999E30601138,8,False,49,49.41,False,0.0,0.0070210295,0.0,0.0279844,0.021275457,0.53870434,0.13124266,0.008841844,0.0,0.0032612148,0.0039518685,0.1265355,0.087561585,0.043620132
99999E30601142,9,False,29,29.10,False,0.0,0.013527565,0.0,0.013558452,0.010469965,0.019148609,0.91052663,0.0,0.0,0.0127966255,0.0,0.0,0.0,0.019972207
99999E30601147,6,False,70,70.22,False,0.0,0.0,0.0,0.0,0.052357227,0.012468341,0.25047803,0.06979329,0.084435016,0.15661412,0.06443337,0.02936515,0.08608546,0.19397011
99999E30601154,5,False,01,01.4,False,0.006215684,0.0,0.0,0.0,0.0,0.010048689,0.9837357,0.0,0.0,0.0,0.0,0.0,0.0,0.0
99999E30601155,4,False,49,49.4,False,0.0,0.0,0.008431019,0.0065201484,0.013827833,0.019741673,0.930084,0.0,0.004364089,0.0,0.0,0.005869866,0.0049530743,0.0062083327
99999E30601156,5,False,55,55.20,False,0.066433854,0.03844403,0.13894175,0.16670771,0.02322909,0.23880519,0.2584973,0.0074843485,0.0,0.0,0.0,0.0380187,0.023438023,0.0
99999E30601158,5,False,01,01.4,False,0.0,0.0,0.0,0.0,0.0,0.0,0.0,0.0,0.0,0.0,0.0,0.0,0.0,1.0
99999E30601161,4,False,84,84.11,True,0.5232902,0.0,0.004220838,0.0040313755,0.01950233,0.0,0.30326575,0.10304797,0.019412186,0.0,0.0060033863,0.0,0.01722598,0.0
99999E30601165,2,False,56,56.10,False,0.0,0.0,0.0,0.20228669,0.26669374,0.20412247,0.1934213,0.0,0.0,0.002588659,0.0036633136,0.033772204,0.09345162,0.0
99999E30601166,9,False,84,84.11,False,0.009762692,0.011068192,0.06144576,0.122271925,0.006919343,0.059135377,0.70049256,0.0,0.0,0.0082044955,0.003117052,0.00858584,0.0,0.008996721
99999E30601167,9,False,94,94.91,False,0.24655361,0.0052106497,0.055699494,0.13165511,0.0027777243,0.008523296,0.3349639,0.040251218,0.002777724,0.022366801,0.08553264,0.02721654,0.0,0.036471326
99999E30601174,2,False,55,55.10,False,0.0,0.0,0.0,0.0053414647,0.011961697,0.7980254,0.1808015,0.0,0.0,0.0,0.0,0.0,0.0038699086,0.0
99999E30601175,6,False,41,41.20,False,0.0,0.0076550446,0.0016821702,0.0,0.01769623,0.064475946,0.4026657,0.06314827,0.21089667,0.01800056,0.060400948,0.00837072,0.117638215,0.027369546
99999E30601179,4,False,01,01.1,False,0.48043007,0.025871424,0.006026338,0.015879096,0.0062684845,0.027555099,0.31138867,0.05939695,0.041860245,0.0071790568,0.009942302,0.0,0.006216776,0.0019855176
99999E30601183,1,False,49,49.3,False,0.0,0.0,0.0,0.0,0.0,0.0,1.0,0.0,0.0,0.0,0.0,0.0,0.0,0.0
99999E30601187,2,False,56,56.10,False,0.003125923,0.0,0.0,0.0,0.0,0.29416505,0.6866403,0.016068755,0.0,0.0,0.0,0.0,0.0,0.0
99999E30601188,5,False,16,16.23,False,0.00018563987,0.0,0.0,0.0,0.078401,0.0,0.0017005696,0.07944844,0.001562356,0.1569104,0.19513461,0.12188815,0.111198284,0.2535705
99999E30601191,6,False,96,96.21,False,0.0,0.0056037027,0.0,0.0,0.003256334,0.0022183303,0.030016722,0.0,0.0037421274,0.41160744,0.09512442,0.03657683,0.29556733,0.1162868
99999E30601192,2,False,84,84.11,False,0.0,0.0,0.0,0.0,0.007371071,0.0033122376,0.4257031,0.0,0.0,0.0,0.0,0.008353632,0.55525994,0.0
99999E30601194,8,False,94,94.91,False,0.028584823,0.17471978,0.006512834,0.0,0.008447145,0.07482595,0.13450956,0.1388015,0.028877905,0.17677784,0.09600568,0.06618993,0.0021166708,0.06363038
99999E30601195,9,False,84,84.11,False,0.009181541,0.02818894,0.2592599,0.47778842,0.0075141485,0.0,0.0,0.0,0.0,0.111131914,0.0,0.0,0.10491511,0.002020026
99999E30601202,1,False,36,36.00,False,0.0,0.0,0.0,0.0,0.0,0.0,1.0,0.0,0.0,0.0,0.0,0.0,0.0,0.0
99999E30601204,5,False,49,49.4,False,0.0073794993,0.0,0.062613234,0.10686715,0.011527944,0.25946525,0.51390505,0.0,0.0,0.0,0.024734879,0.013506964,0.0,0.0
99999E30601206,4,False,84,84.11,False,0.0,0.0,0.0,0.0,0.0045407354,0.033598814,0.8252048,0.00419903,0.0869968,0.0,0.015232163,0.002240797,0.027986964,0.0
99999E30601208,3,False,IL,IL.01,False,1.0,0.0,0.0,0.0,0.0,0.0,0.0,0.0,0.0,0.0,0.0,0.0,0.0,0.0
99999E30601209,6,False,43,43.99,False,0.0,0.0,0.0035471632,0.0039251246,0.06548512,0.08198344,0.24761038,0.018037194,0.0,0.11427956,0.08048241,0.030544166,0.31062186,0.043483607
99999E30601210,2,False,56,56.30,False,0.0,0.0,0.0,0.0,0.0060684322,0.77053833,0.109532565,0.0,0.0,0.0,0.0,0.0,0.11386072,0.0
99999E30601211,2,False,47,47.11,False,0.0,0.0,0.0,0.0,0.0,0.56109726,0.4389027,0.0,0.0,0.0,0.0,0.0,0.0,0.0
99999E30601212,4,False,74,74.90,False,0.9028857,0.0,0.0,0.0,0.0051609264,0.0,0.08584925,0.006104176,0.0,0.0,0.0,0.0,0.0,0.0
99999E30601214,9,False,94,94.91,False,0.0,0.0,0.0,0.0,0.0,0.008327753,0.9081634,0.012503805,0.0,0.0,0.040664762,0.006744993,0.0,0.023595301
99999E30601215,3,False,IL,IL.01,False,1.0,0.0,0.0,0.0,0.0,0.0,0.0,0.0,0.0,0.0,0.0,0.0,0.0,0.0
99999E30601217,3,False,IL,IL.01,False,0.99725413,0.0,0.0,0.0027458747,0.0,0.0,0.0,0.0,0.0,0.0,0.0,0.0,0.0,0.0
99999E30601219,6,False,01,01.41,False,0.0,0.0030945735,0.0,0.0,0.014825077,0.0018901424,0.01740702,0.004830422,0.6047501,0.089573026,0.03233455,0.114428766,0.06776664,0.04909969
99999E30601220,5,False,01,01.1,False,0.0,0.005563781,0.05662494,0.029897848,0.0064910785,0.0,0.23264681,0.0,0.0,0.14883116,0.028013345,0.19953337,0.051225677,0.24117199
99999E30601221,8,False,16,16.23,False,0.0,0.014815409,0.0,0.0,0.020763509,0.08862668,0.31870425,0.047162943,0.0,0.044591766,0.12739901,0.053507585,0.2475717,0.036857124
99999E30601223,6,False,81,81.30,False,0.0,0.10551888,0.0,0.021467874,0.007655683,0.051752377,0.040233344,0.06052758,0.08892227,0.15018888,0.12836586,0.054862347,0.28017735,0.010327646
99999E30601224,6,False,27,27.52,False,0.0,0.0,0.0,0.0,0.0049104886,0.066818625,0.1254915,0.0,0.0,0.012657244,0.008551213,0.0,0.781571,0.0
99999E30601225,6,False,81,81.30,True,0.037177242,0.10582463,0.0003572814,0.03424025,0.024289258,0.021326408,0.02418466,0.06403563,0.11168686,0.13841362,0.14649945,0.06893415,0.18550777,0.03752277
99999E30601226,6,False,81,81.30,False,0.008114353,0.006843031,0.0,0.004333551,0.025315896,0.006411887,0.17739922,0.06420729,0.04929414,0.06728059,0.20051514,0.00970627,0.32898507,0.051593572
99999E30601227,4,False,01,01.1,False,0.050637458,0.0,0.0075418446,0.03322976,0.05030333,0.06924297,0.71991503,0.0027909002,0.0040886467,0.0,0.0057608,0.012917794,0.017716475,0.025854982
99999E30601229,9,False,49,49.4,False,0.0,0.020659141,0.013526113,0.0410371,0.0061711045,0.10937802,0.6817368,0.0,0.0012431002,0.028798489,0.0065410743,0.011883445,0.07106389,0.00796176
99999E30601230,2,False,94,94.91,False,0.0,0.0,0.0033172735,0.057118837,0.029541753,0.6235216,0.24873948,0.0,0.0,0.001320136,0.0,0.0,0.03558519,0.0008557665
99999E30601231,2,False,56,56.10,False,0.0,0.0,0.0,0.5313969,0.16282879,0.1733627,0.12399569,0.0,0.0,0.0,0.004960168,0.001801088,0.0016546879,0.0
99999E30601235,7,False,01,01.1,False,0.0,0.07771191,0.053994894,0.2141085,0.13432965,0.039905995,0.2944041,0.051891807,0.011788456,0.011057798,0.056301367,0.008936629,0.032385487,0.013183486
99999E30601236,5,False,01,01.4,False,0.0,0.0,0.017946662,0.09707657,0.3504142,0.13999252,0.20777081,0.0,0.0,0.12379884,0.0,0.01902624,0.043974135,0.0
99999E30601237,4,False,01,01.4,False,0.043978594,0.020880751,0.18394206,0.06964993,0.03148344,0.15970995,0.11249197,0.052750856,0.062322177,0.12542753,0.013788333,0.018120361,0.0677234,0.037730638
99999E30601239,1,False,61,61.10,False,0.0,0.0,0.0,0.0,0.0,0.0,1.0,0.0,0.0,0.0,0.0,0.0,0.0,0.0
99999E30601240,1,False,43,43.21,False,0.0,0.0,0.0,0.0,0.0,0.0,1.0,0.0,0.0,0.0,0.0,0.0,0.0,0.0
99999E30601243,1,False,60,60.10,False,0.0,0.0,0.0,0.0,0.0,0.0,1.0,0.0,0.0,0.0,0.0,0.0,0.0,0.0
99999E30601244,1,False,60,60.10,False,0.0,0.0,0.0,0.0,0.0,0.0020925873,0.99790746,0.0,0.0,0.0,0.0,0.0,0.0,0.0
99999E30601245,1,False,60,60.10,False,0.0,0.0,0.0,0.0,0.0,0.0,1.0,0.0,0.0,0.0,0.0,0.0,0.0,0.0
99999E30601246,1,False,60,60.10,False,0.0,0.0,0.0,0.0,0.0,0.0019175003,0.9980825,0.0,0.0,0.0,0.0,0.0,0.0,0.0
99999E30601247,1,False,61,61.10,False,0.005616882,0.0,0.0040633692,0.0,0.0,0.028922958,0.9613968,0.0,0.0,0.0,0.0,0.0,0.0,0.0
99999E30601248,1,False,61,61.10,False,0.0,0.0,0.0,0.0,0.0,0.0,1.0,0.0,0.0,0.0,0.0,0.0,0.0,0.0
99999E30601249,1,False,61,61.10,False,0.0,0.0,0.0,0.0,0.0,0.0,1.0,0.0,0.0,0.0,0.0,0.0,0.0,0.0
99999E30601252,8,False,96,96.0,False,0.0060335225,0.051511873,0.08390754,0.10531104,0.066958025,0.11279608,0.09669399,0.06659092,0.02352894,0.06172432,0.07726887,0.04829251,0.16458091,0.03480146
99999E30601254,9,False,94,94.91,False,0.13805349,0.06697265,0.0,0.12750837,0.010868666,0.017625371,0.5243407,0.0,0.0,0.07005003,0.008475979,0.019363457,0.0,0.016741281
99999E30601255,8,False,DO,DO.01,False,0.0,0.0701518,0.016631545,0.0767202,0.078767486,0.1593914,0.10472784,0.082965665,0.22271124,0.033561792,0.030350601,0.0166782,0.06911755,0.038224682
99999E30601256,6,False,43,43.91,False,0.099483244,0.0033673148,0.0,0.0,0.060167607,0.0028932507,0.20607746,0.023718653,0.13892147,0.07014268,0.102264196,0.019068021,0.17171334,0.10218275
99999E30601262,8,False,96,96.02,False,0.0,0.023512255,0.0,0.0043676994,0.002578723,0.014546429,0.16781601,0.018315008,0.00860552,0.6258609,0.016766937,0.00638501,0.0,0.111245394
99999E30601263,8,False,DO,DO.02,False,0.0,0.010974018,0.12732804,0.06919405,0.052738734,0.21137838,0.41445112,0.024788495,0.06629108,0.004856878,0.0071831523,0.005710495,0.0051055695,0.0
99999E30601267,2,False,55,55.10,False,0.0,0.0,0.0,0.0,0.0,0.7638053,0.23337284,0.0,0.0,0.0,0.0,0.0,0.0028218392,0.0
99999E30601269,2,False,47,47.30,False,0.0,0.0,0.0,0.0,0.0,0.59787685,0.40212315,0.0,0.0,0.0,0.0,0.0,0.0,0.0
99999E30601270,9,False,28,28.29,False,0.02868941,0.0034437436,0.048959002,0.08563154,0.028646974,0.24431466,0.19418792,0.0028460238,0.0,0.011672865,0.0072277472,0.008116391,0.3362638,0.0
99999E30601271,6,False,47,47.79,False,0.0023852177,0.0016354577,0.0,0.00087671546,0.000958159,0.04767739,0.035061434,0.00937259,0.0016438414,0.028471095,0.15235986,0.015976103,0.65565026,0.047931906
99999E30601273,3,False,IL,IL.01,False,1.0,0.0,0.0,0.0,0.0,0.0,0.0,0.0,0.0,0.0,0.0,0.0,0.0,0.0
99999E30601275,9,False,49,49.41,False,0.37612692,0.0,0.0,0.014658809,0.09185424,0.029027037,0.060392097,0.05455977,0.006616349,0.012055655,0.091239594,0.16961408,0.08817379,0.0056816773
99999E30601278,8,False,84,84.11,True,0.16188319,0.0620724,0.08229063,0.27432597,0.00658069,0.01890567,0.033265937,0.06620743,0.015219049,0.12248855,0.07604289,0.02958156,0.0,0.051136058
99999E30601281,2,False,47,47.11,True,0.0,0.0,0.0,0.0,0.0,0.5271678,0.4728322,0.0,0.0,0.0,0.0,0.0,0.0,0.0
99999E30601287,6,False,16,16.23,False,0.0,0.0,0.0,0.0022230707,0.016096048,0.019667894,0.03938067,0.06158129,0.011157491,0.0,0.036078107,0.011138774,0.778815,0.023861703
99999E30601288,9,False,86,86.90,False,0.0052803955,0.007900688,0.0034766598,0.02947483,0.02962839,0.027609343,0.86546814,0.007500941,0.004096593,0.013738453,0.0,0.005825579,0.0,0.0
99999E30601289,2,False,56,56.10,False,0.0,0.0,0.0,0.03399139,0.014611404,0.8110006,0.0794052,0.0,0.0,0.0,0.0,0.0,0.06099139,0.0
99999E30601291,4,False,94,94.91,False,0.47964048,0.0,0.0,0.01627099,0.0,0.0,0.5040886,0.0,0.0,0.0,0.0,0.0,0.0,0.0
99999E30601292,8,False,52,52.10,False,0.0,0.03462813,0.012257256,0.38044265,0.08178914,0.16670974,0.07537131,0.078658685,0.019467762,0.021395123,0.08305762,0.04012252,0.0,0.006099959
99999E30601293,7,False,01,01.1,False,0.009806704,0.12452307,0.008009335,0.055592343,0.106486306,0.03172201,0.40191725,0.06606124,0.07555261,0.049821842,0.027748875,0.0154195465,0.0,0.02733895
99999E30601295,5,False,01,01.4,False,0.01941406,0.0,0.0,0.0,0.011694158,0.239317,0.4552633,0.03211058,0.032198504,0.043224424,0.0065241093,0.06182957,0.05578026,0.042644113
99999E30601298,5,False,IL,IL.01,False,1.0,0.0,0.0,0.0,0.0,0.0,0.0,0.0,0.0,0.0,0.0,0.0,0.0,0.0
99999E30601299,8,False,84,84.11,False,0.0,0.32396504,0.0,0.15071455,0.006492257,0.029309794,0.1771883,0.0,0.0,0.15134084,0.06305599,0.049237445,0.0015295814,0.047166195
99999E30601300,2,False,47,47.11,False,0.0,0.0,0.0,0.0,0.0,0.11551908,0.8794982,0.0,0.0,0.0,0.0,0.0,0.0049826773,0.0
99999E30601302,7,False,55,55.10,False,0.018783845,0.0,0.07130193,0.42508024,0.0076189567,0.0,0.34874696,0.015429584,0.08074176,0.010541953,0.015429586,0.0,0.0,0.006325171
99999E30601303,2,False,56,56.10,False,0.0,0.035805833,0.0,0.0,0.0,0.3109055,0.6532887,0.0,0.0,0.0,0.0,0.0,0.0,0.0
99999E30601305,4,False,IL,IL.01,False,0.9823037,0.0,0.0,0.0,0.0,0.0,0.017696336,0.0,0.0,0.0,0.0,0.0,0.0,0.0
99999E30601306,3,False,IL,IL.01,False,1.0,0.0,0.0,0.0,0.0,0.0,0.0,0.0,0.0,0.0,0.0,0.0,0.0,0.0
99999E30601308,8,False,74,74.90,False,0.0,0.04370567,0.0,0.03648545,0.23569338,0.044080302,0.09945801,0.0,0.0,0.014104724,0.101535514,0.38215575,0.042781245,0.0
99999E30601310,8,False,01,01.4,False,0.0019552533,0.6974295,0.0012524908,0.04483244,0.007064525,0.058930017,0.006077402,0.008193829,0.12904237,0.010969604,0.016530382,0.01094844,0.0006338428,0.006139809
99999E30601311,7,False,52,52.10,False,0.017526487,0.033122197,0.01188363,0.012986043,0.026224334,0.23355258,0.29184806,0.033228077,0.0011039694,0.14138281,0.10915438,0.037346553,0.019133393,0.031507503
99999E30601313,5,False,01,01.4,False,0.0021835926,0.0,0.0,0.0,0.0028057336,0.0,0.98820376,0.0,0.0,0.006806953,0.0,0.0,0.0,0.0
99999E30601314,9,False,55,55.10,False,0.0,0.016866164,0.0,0.021169407,0.00017797088,0.62920004,0.22275792,0.026711602,0.0,0.043397512,0.0,0.0,0.039523225,0.00019622431
99999E30601317,4,False,64,64.19,False,0.0,0.0,0.008711831,0.0,0.0,0.0,0.9674401,0.011699684,0.012148408,0.0,0.0,0.0,0.0,0.0
99999E30601320,4,False,84,84.11,False,0.0064752246,0.004411212,0.012276556,0.021303859,0.010835642,0.07671683,0.83052415,0.002130894,0.0049297553,0.01682492,0.002026762,0.0019332124,0.0041855937,0.0054254406
99999E30601325,9,False,70,70.2,False,0.0,0.0,0.006077617,0.10083943,0.0,0.020152291,0.7879146,0.053751826,0.013458376,0.0,0.017805893,0.0,0.0,0.0
99999E30601329,6,False,16,16.23,True,0.027704403,0.0021330856,0.0,0.015820662,0.011271683,0.02644794,0.0444133,0.06594237,0.0009280416,0.020314904,0.05839861,0.005773928,0.6549394,0.06591168
99999E30601337,4,False,DO,DO.02,False,0.010075733,0.0,0.005064277,0.21361743,0.0,0.083511055,0.6698646,0.0,0.0,0.0050180587,0.007626129,0.0,0.0052227424,0.0
99999E30601338,2,False,47,47.11,False,0.0,0.0,0.0,0.0,0.0,0.17409983,0.82590014,0.0,0.0,0.0,0.0,0.0,0.0,0.0
99999E30601339,6,False,94,94.99,False,0.0,0.0,0.0032741523,0.0,0.2139864,0.042041685,0.24378026,0.00707337,0.0021358186,0.028529458,0.013448037,0.041221533,0.40113398,0.0033752862
99999E30601342,2,False,56,56.30,False,0.0,0.0,0.0,0.0,0.0,0.023122657,0.97687733,0.0,0.0,0.0,0.0,0.0,0.0,0.0
99999E30601343,4,False,84,84.11,False,0.0,0.028167507,0.0032618497,0.10634145,0.011037274,0.7434256,0.0833907,0.005783709,0.0032655313,0.0,0.0032618493,0.0,0.012064426,0.0
99999E30601344,6,False,84,84.11,False,0.003461549,0.0,0.0,0.0017580143,0.0,0.0987212,0.28481716,0.0,0.0,0.07677221,0.18182352,0.08238152,0.25864184,0.011623009
99999E30601345,4,False,84,84.11,False,0.0066328356,0.0,0.046206746,0.1345513,0.020872362,0.31495166,0.4615894,0.0047205393,0.010475135,0.0,0.0,0.0,0.0,0.0
99999E30601346,5,False,84,84.11,False,0.3992733,0.0,0.0,0.0926524,0.0,0.0,0.5080743,0.0,0.0,0.0,0.0,0.0,0.0,0.0
99999E30601347,8,False,43,43.22,False,0.0,0.06806134,0.021680389,0.060300384,0.14625554,0.063478075,0.00888481,0.016061118,0.0,0.18982534,0.06919125,0.14133602,0.12303629,0.09188947
99999E30601348,1,False,64,64.19,False,0.0,0.0,0.0,0.0,0.0,0.008253422,0.9917466,0.0,0.0,0.0,0.0,0.0,0.0,0.0
99999E30601349,8,False,94,94.91,False,0.0,0.032432035,0.009843536,0.2798447,0.02537986,0.022130687,0.021698633,0.034749195,0.015779866,0.4712861,0.009306106,0.030085605,0.0,0.047463715
99999E30601350,9,False,94,94.91,True,0.3827683,0.010687742,0.060837828,0.18059754,0.0,0.03525885,0.28573897,0.0077299085,0.008823596,0.027557293,0.0,0.0,0.0,0.0
99999E30601351,3,False,IL,IL.01,False,0.9946112,0.0,0.0023185571,0.003070234,0.0,0.0,0.0,0.0,0.0,0.0,0.0,0.0,0.0,0.0
99999E30601352,2,False,56,56.30,False,0.0,0.0,0.0,0.0,0.0,0.061338697,0.93866134,0.0,0.0,0.0,0.0,0.0,0.0,0.0
99999E30601355,4,False,84,84.24,False,0.028784048,0.0,0.020545756,0.008549204,0.035074983,0.1083307,0.791157,0.0,0.0028872502,0.0,0.0,0.0,0.004671056,0.0
99999E30601356,2,False,84,84.11,False,0.0,0.0,0.0,0.0049856235,0.0,0.36447385,0.63054055,0.0,0.0,0.0,0.0,0.0,0.0,0.0
99999E30601357,5,False,84,84.11,False,0.9892432,0.0,0.0,0.01075677,0.0,0.0,0.0,0.0,0.0,0.0,0.0,0.0,0.0,0.0
99999E30601359,8,False,43,43.22,False,0.013279475,0.035786733,0.0026564137,0.0683513,0.14464915,0.12348467,0.107421115,0.058529887,0.0653229,0.08476157,0.1245974,0.0973852,0.04599244,0.027781848
99999E30601360,4,False,84,84.11,False,0.0,0.0,0.0,0.0,0.005487413,0.014714798,0.97034454,0.0030013064,0.0,0.0,0.0,0.0,0.0064518764,0.0
99999E30601363,4,False,90,90.01,False,0.010774452,0.0,0.33376452,0.026165076,0.0,0.007461967,0.61209947,0.0,0.0,0.0,0.0057118796,0.004022665,0.0,0.0
99999E30601366,7,False,16,16.23,False,0.015571429,0.003637993,0.0,0.19678868,0.0,0.0,0.54450685,0.0021951278,0.0,0.22287124,0.006864913,0.0,0.0,0.0075637368
99999E30601367,6,False,46,46.73,False,0.0013113352,0.0,0.0001826806,0.0005600788,0.0,0.0,0.01319761,0.0,0.0,0.0,0.11300635,0.0050201756,0.86672175,0.0
99999E30601368,4,False,46,46.73,False,0.9905852,0.0,0.0,0.0,0.0,0.0,0.005867698,0.0,0.0,0.0,0.0,0.0035470154,0.0,0.0
99999E30601369,8,False,51,51.10,False,0.0,0.057906218,0.0018812218,0.014363682,0.017484294,0.15263127,0.5139188,0.050553963,0.063231185,0.039271057,0.012008835,0.006927323,0.053709988,0.016112112
99999E30601372,5,False,01,01.1,False,0.0,0.0,0.0,0.0,0.16707316,0.0,0.0,0.0,0.0,0.0,0.0,0.0,0.8329268,0.0
99999E30601374,2,False,56,56.10,False,0.0,0.0,0.0045225676,0.013780857,0.074949406,0.60503155,0.18447897,0.0,0.0,0.023581056,0.0,0.008448436,0.0815774,0.0036298737
99999E30601381,4,False,47,47.73,True,0.46198478,0.0014464093,0.0037044853,0.02974667,0.00028430484,0.07540282,0.35423836,0.039547347,0.029520318,0.0012330103,0.0012892575,2.897591e-05,0.001326415,0.0002468066
99999E30601382,2,False,71,71.12,False,0.0,0.0,0.006011327,0.004727419,0.0,0.6442642,0.3247049,0.0026328822,0.0,0.0038372197,0.0,0.0,0.013822114,0.0
99999E30601383,6,False,96,96.02,False,0.0,0.0,0.0,5.0400304e-05,0.0028789262,0.0005070576,0.010205298,0.0,0.00035891126,0.16149937,0.056854594,0.007964775,0.660777,0.098903716
99999E30601384,2,False,84,84.12,False,0.0,0.0,0.0,0.0,0.0,0.12836702,0.29583552,0.0,0.0,0.016609672,0.01789224,0.0026595863,0.53863597,0.0
99999E30601385,2,False,91,91.04,False,0.0,0.0,0.0,0.038692374,0.0,0.16515741,0.78102326,0.0,0.0,0.007204243,0.0,0.0,0.007922726,0.0
99999E30601386,5,False,43,43.12,False,0.0,0.0,0.5125743,0.0,0.0,0.0,0.0,0.0,0.0,0.0,0.0,0.0,0.0,0.48742574
99999E30601391,6,False,16,16.23,False,0.00087965745,0.0,0.033132564,0.0020366278,0.041263167,0.02231857,0.02256437,0.08376644,0.007952032,0.060375836,0.09738717,0.045958877,0.5211618,0.06120297
99999E30601393,5,False,49,49.4,False,0.0,0.021612843,0.0,0.0,0.20097421,0.0,0.49074507,0.0,0.0,0.042576224,0.0,0.13483675,0.059354138,0.049900774
99999E30601394,7,False,01,01.1,False,0.0,0.07329833,0.4871545,0.23209244,0.033814106,0.03811575,0.0,0.0,0.0685784,0.0055461745,0.009791012,0.010689554,0.018853894,0.022065928
99999E30601402,9,False,94,94.91,False,0.01983214,0.0,0.0,0.002355445,0.08251623,0.009174635,0.56044966,0.034736507,0.0,0.009613444,0.09864119,0.09857562,0.0,0.08410502
99999E30601404,8,False,82,82.99,False,0.0,0.0022903103,0.116887055,0.20326504,0.016710205,0.15092926,0.34580952,0.009689293,0.0114156185,0.03148786,0.04067644,0.047562994,0.017263252,0.006013236
99999E30601405,2,False,84,84.11,False,0.0,0.0,0.0,0.0,0.0,0.3130811,0.60400856,0.0,0.0,0.07509747,0.004277827,0.0,0.0035351028,0.0
99999E30601406,2,False,55,55.10,False,0.0,0.0,0.0,0.0,0.02620247,0.84871334,0.05231007,0.0,0.0,0.0,0.0,0.0,0.07277411,0.0
99999E30601408,6,False,16,16.10,False,0.021270204,0.0,0.0,0.0,0.0004753087,0.000675427,0.0023103955,0.012445147,0.0,0.008360569,0.17306235,0.037712812,0.6431675,0.10052027
99999E30601409,2,False,47,47.11,True,0.13311549,0.0,0.0,0.0,0.0,0.25739768,0.5919733,0.002813128,0.014700396,0.0,0.0,0.0,0.0,0.0
99999E30601411,9,False,96,96.0,False,0.006488465,0.02149384,0.06373072,0.13120691,0.0076914546,0.112948775,0.5116929,0.015525818,0.0,0.013979422,0.022867467,0.013100642,0.047424242,0.031849362
99999E30601419,4,False,43,43.12,False,0.16613136,0.0,0.009496472,0.013277359,0.011949622,0.036165,0.7560507,0.00061961013,0.0013403809,0.0017829596,0.0,0.0,0.0,0.003186566
99999E30601421,2,False,47,47.11,False,0.0,0.0,0.0,0.0,0.0,0.5653089,0.4346911,0.0,0.0,0.0,0.0,0.0,0.0,0.0
99999E30601422,4,False,84,84.11,False,0.14031069,0.0,0.0,0.0,0.0015746361,0.0154898185,0.20231715,0.0013888645,0.0,0.23885812,0.021620283,0.12150057,0.22343023,0.03350967
99999E30601425,9,False,91,91.04,False,0.0019071545,0.0,0.0,0.0,0.0036050521,0.024934502,0.6499821,0.0007943601,0.0,0.2615092,0.019258842,0.022298556,0.014467269,0.0012429918
99999E30601426,2,False,91,91.04,False,0.0,0.0,0.0,0.0,0.0,0.0024473432,0.99364734,0.003905335,0.0,0.0,0.0,0.0,0.0,0.0
99999E30601427,2,False,64,64.19,False,0.0,0.0,0.0,0.0,0.0024004523,0.056666344,0.9261257,0.0,0.0,0.0,0.0,0.0,0.014807425,0.0
99999E30601428,8,False,96,96.02,False,0.0,0.08273095,0.0007597148,0.02454332,0.013470762,0.018673958,0.025746677,0.01840324,0.0013422573,0.5429367,0.08359272,0.11326269,0.060390234,0.014146852
99999E30601432,6,False,43,43.32,False,0.0,0.0,0.0,0.0,0.05216476,0.0,0.008187888,0.15095536,0.0073645115,0.014834703,0.20726196,0.0737897,0.32410005,0.16134104
99999E30601437,4,False,47,47.11,True,0.0969859,0.0,0.0,0.03068043,0.005080387,0.21788809,0.6493652,0.0,0.0,0.0,0.0,0.0,0.0,0.0
99999E30601439,3,False,IL,IL.01,False,0.9961944,0.0,0.0038056031,0.0,0.0,0.0,0.0,0.0,0.0,0.0,0.0,0.0,0.0,0.0
99999E30601441,9,False,94,94.99,False,0.011745598,0.0041105277,0.045043454,0.06537204,0.0075402763,0.16827312,0.35264364,0.0057564625,0.0,0.03442675,0.023680778,0.0137706995,0.25384447,0.013792244
99999E30601444,4,False,94,94.91,False,0.01532903,0.0,0.020525355,0.011200406,0.0027573588,0.02078443,0.7962154,0.017555155,0.0,0.042002395,0.04529273,0.0032737635,0.0056063095,0.019457653
99999E30601447,8,False,84,84.11,False,0.0047860267,0.009071041,0.0,0.015890233,0.0020548298,0.034817684,0.6688061,0.0027399985,0.0016817782,0.2417062,0.0028049948,0.0027447378,0.005201732,0.0076946095
99999E30601449,5,False,84,84.11,False,0.0,0.0,0.0,0.95923275,0.0,0.0,0.0,0.0,0.0,0.0,0.0,0.0,0.0,0.040767215
99999E30601450,2,False,DO,DO.02,False,0.0,0.0044271215,0.0,0.004058195,0.013890895,0.73390764,0.21015994,0.0076512196,0.0,0.0,0.0,0.0,0.021076947,0.004828129
99999E30601452,9,False,94,94.91,False,0.0,0.0,0.027010683,0.0334013,0.012081101,0.13283208,0.7181982,0.017878698,0.0,0.008773927,0.008657309,0.0,0.036681697,0.0044850083
99999E30601454,5,False,84,84.11,False,0.0,0.0,0.0,0.0,0.08343633,0.0,0.3365266,0.026266998,0.0052533993,0.0,0.12669963,0.0,0.3448702,0.07694685
99999E30601455,9,False,01,01.1,False,0.020993304,0.001342533,0.0051063066,0.018313555,0.055445977,0.06442563,0.5824817,0.012288114,0.0024967713,0.027498523,0.058193807,0.01541147,0.10851326,0.02748895
99999E30601456,4,False,84,84.11,False,0.97059065,0.0,0.0,0.0,0.0043876083,0.0,0.011478684,0.0,0.0,0.0,0.006461633,0.0070814285,0.0,0.0
99999E30601458,1,False,36,36.00,False,0.0,0.0,0.0,0.0,0.0,0.0,1.0,0.0,0.0,0.0,0.0,0.0,0.0,0.0
99999E30601464,8,False,DO,DO.01,False,0.0,0.08411402,0.19482106,0.20705608,0.019289343,0.046229396,0.15992703,0.042231254,0.0688549,0.04682722,0.037237227,0.0205127,0.054076947,0.01882275
99999E30601474,1,False,84,84.11,False,0.0,0.0,0.0,0.0,0.0,0.0,1.0,0.0,0.0,0.0,0.0,0.0,0.0,0.0
99999E30601478,1,False,61,61.10,False,0.00061756145,0.0,0.0,0.0,0.0,8.433087e-06,0.99937403,0.0,0.0,0.0,0.0,0.0,0.0,0.0
99999E30601480,1,False,61,61.10,False,0.0,0.0,0.0,0.0,0.0,0.0,1.0,0.0,0.0,0.0,0.0,0.0,0.0,0.0
99999E30601482,1,False,61,61.20,False,0.0,0.0,0.0,0.0,0.0,0.0,1.0,0.0,0.0,0.0,0.0,0.0,0.0,0.0
99999E30601494,2,False,55,55.10,False,0.0,0.0,2.971539e-05,0.023889719,0.058813125,0.7454804,0.15494841,0.0,0.0,0.0,0.0,0.0,0.016838696,0.0
99999E30601498,4,False,49,49.31,False,0.006265551,0.007638666,0.0,0.0,0.009922639,0.0062541654,0.9532264,0.0,0.016692575,0.0,0.0,0.0,0.0,0.0
99999E30601502,9,False,36,36.00,False,0.02733035,0.007951697,0.018533127,0.01589396,0.025781991,0.010106191,0.81368876,0.020287855,0.0036427104,0.007925754,0.023172308,0.022285508,0.0,0.0033997842
99999E30604264,4,False,94,94.91,False,0.0,0.0,0.0036340812,0.022637174,0.004603483,0.06760519,0.8614806,0.0,0.0,0.0071942504,0.0030316762,0.012767562,0.017045917,0.0
99999E30604268,3,False,IL,IL.01,False,1.0,0.0,0.0,0.0,0.0,0.0,0.0,0.0,0.0,0.0,0.0,0.0,0.0,0.0
99999E30617066,2,False,IL,IL.01,False,0.0,0.0,0.0,0.0,0.016113557,0.35937238,0.055901777,0.0,0.0,0.0,0.0,0.0,0.56861234,0.0
99999E30617068,5,False,61,61.10,False,0.0,0.0,0.0,0.0,0.0,0.0,1.0,0.0,0.0,0.0,0.0,0.0,0.0,0.0
99999E30617070,3,False,IL,IL.01,False,0.9721738,0.0,0.0016983612,0.0,0.0,0.0,0.026127812,0.0,0.0,0.0,0.0,0.0,0.0,0.0
99999E30617072,1,False,61,61.90,False,0.0,0.0,0.0012420497,0.0,0.0,0.0,0.99875796,0.0,0.0,0.0,0.0,0.0,0.0,0.0
99999E30617074,2,False,55,55.10,False,0.0,0.0,0.0,0.0,0.006439635,0.6262098,0.36411968,0.0,0.0,0.0,0.0,0.0,0.0032309478,0.0
99999E30617076,1,False,61,61.10,False,0.0,0.0,0.0,0.0,0.0,0.0,1.0,0.0,0.0,0.0,0.0,0.0,0.0,0.0
99999E30617084,4,False,IL,IL.01,False,0.99438506,0.0,0.0,0.0,0.0,0.0,0.0056149387,0.0,0.0,0.0,0.0,0.0,0.0,0.0
99999E30617089,1,False,35,35.13,False,0.0,0.0,0.0,0.0,0.0,0.0,1.0,0.0,0.0,0.0,0.0,0.0,0.0,0.0
99999E30629011,4,False,36,36.00,False,0.0024552932,0.037459176,0.035267714,0.06868012,0.047535665,0.009097776,0.5721621,0.018216828,0.0007872257,0.03756556,0.043139968,0.11580302,0.0,0.011829661
99999E30639921,3,False,84,84.11,False,1.0,0.0,0.0,0.0,0.0,0.0,0.0,0.0,0.0,0.0,0.0,0.0,0.0,0.0
99999E30639923,6,False,94,94.91,False,0.0,0.0,0.0,0.0,0.0,0.0,0.583274,0.0,0.0,0.03575583,0.19382434,0.0026638652,0.14441152,0.04007054
99999E30639924,3,False,IL,IL.01,False,1.0,0.0,0.0,0.0,0.0,0.0,0.0,0.0,0.0,0.0,0.0,0.0,0.0,0.0
99999E30639925,3,False,IL,IL.01,False,0.9985128,0.0,0.0014871826,0.0,0.0,0.0,0.0,0.0,0.0,0.0,0.0,0.0,0.0,0.0
99999E30639926,1,False,84,84.11,False,0.00077948626,0.0,0.0001973228,0.0,0.0,0.0015356861,0.9971787,0.0,0.0,0.0,0.00030885302,0.0,0.0,0.0
99999E30639927,4,False,84,84.11,False,0.0069916304,0.0,0.0,0.0040667187,0.007989631,0.020899173,0.9321486,0.0034716134,0.004754815,0.0,0.0073876977,0.0005346506,0.010366436,0.001389047
99999E30639928,9,False,49,49.4,False,0.04483985,0.023104593,0.046145864,0.10061064,0.034910176,0.027691476,0.43858758,0.009379562,0.0,0.04671972,0.010305646,0.1568999,0.007776726,0.053028166
99999E30639929,3,False,IL,IL.01,False,1.0,0.0,0.0,0.0,0.0,0.0,0.0,0.0,0.0,0.0,0.0,0.0,0.0,0.0
99999E30639931,2,False,47,47.11,False,0.0,0.0,0.0,0.0,0.0,0.7484336,0.24937828,0.0,0.0,0.0,0.0,0.0,0.002188143,0.0
99999E30639932,4,False,84,84.11,True,0.7616168,0.0,0.0014962446,0.007703754,0.0,0.0026612876,0.2265219,0.0,0.0,0.0,0.0,0.0,0.0,0.0
99999E30639934,4,False,94,94.91,False,0.4555539,0.0018837787,0.0,0.0104912855,0.0013362346,0.0043604937,0.33584315,0.093535006,0.00030923478,0.004317939,0.04614407,0.023243673,0.007425891,0.01555536
99999E30639935,9,False,84,84.11,False,0.0008903081,0.00231592,0.024913706,0.09404998,0.0021449463,0.033362307,0.52791286,0.012705542,0.0,0.015624533,0.23855345,0.0073922924,0.040134117,0.0
99999E30639936,5,False,IL,IL.01,False,0.9994022,0.0,0.00059779995,0.0,0.0,0.0,0.0,0.0,0.0,0.0,0.0,0.0,0.0,0.0
99999E30639937,1,False,84,84.11,False,0.0,0.0,0.0,0.0,0.0,0.003925346,0.9960747,0.0,0.0,0.0,0.0,0.0,0.0,0.0
99999E30639938,1,False,61,61.90,False,0.0,0.0,0.0,0.0,0.0,0.0013241397,0.9986759,0.0,0.0,0.0,0.0,0.0,0.0,0.0
99999E30639939,1,False,61,61.10,False,0.0,0.0,0.0,0.0,0.0,0.0,1.0,0.0,0.0,0.0,0.0,0.0,0.0,0.0
99999E30639940,3,False,IL,IL.01,False,0.9991452,0.0,0.00084751647,0.0,0.0,0.0,7.2792827e-06,0.0,0.0,0.0,0.0,0.0,0.0,0.0
99999E30639943,8,False,01,01.4,False,0.0,0.007007667,0.004115722,0.03794139,0.026904313,0.20955658,0.26237047,0.11957985,0.019149732,0.030449167,0.1228085,0.051694363,0.10423391,0.0041883625
99999E30639944,4,False,43,43.22,False,0.0,0.009212381,0.006571474,0.037252568,0.07236599,0.5260232,0.26606512,0.054912552,0.015846198,0.0,0.0,0.0,0.0117505845,0.0
99999E30639945,2,False,56,56.10,False,0.0,0.0,0.003634134,0.063180596,0.15568885,0.6569907,0.11761541,0.0,0.0,0.0,0.0,0.0,0.0028902742,0.0
99999E30639947,5,False,96,96.0,False,0.0,0.0,0.0,0.0,0.17764841,0.0,0.0,0.0,0.0,0.23260123,0.0,0.2974332,0.0,0.2923172
99999E30639948,9,False,43,43.12,False,0.06448378,0.004846138,0.029149288,0.017778832,0.16604689,0.022601785,0.44905323,0.040186424,0.02559584,0.01771217,0.06296791,0.01703974,0.012990665,0.069547296
99999E30639950,9,False,94,94.91,False,0.0,0.009809356,0.016407171,0.022227712,0.01349389,0.01791955,0.5447657,0.18798354,0.0,0.021887276,0.07481141,0.03508592,0.0,0.055608448
99999E30639951,2,False,84,84.11,False,0.0,0.0,0.0,0.004195835,0.005228685,0.12487253,0.86260676,0.0,0.0,0.0,0.0,0.0,0.0030962108,0.0
99999E30639953,5,False,52,52.10,False,0.0,0.0,0.0,0.0,0.0,0.0,0.0,0.0,0.0,0.0,0.0,0.0,0.0,1.0
99999E30639954,4,False,84,84.11,False,0.009169955,0.0,0.0,0.0023065305,0.002895068,0.045711797,0.9289225,0.0055642454,0.005429932,0.0,0.0,0.0,0.0,0.0
99999E30639955,3,False,IL,IL.01,False,1.0,0.0,0.0,0.0,0.0,0.0,0.0,0.0,0.0,0.0,0.0,0.0,0.0,0.0
99999E30639956,9,False,DO,DO.02,False,0.0016074771,0.0,0.0,0.0,0.015909053,0.0030492353,0.22072154,0.094128564,0.10907645,0.017450241,0.1875611,0.089123845,0.1507217,0.11065078
99999E30639960,6,False,01,01.4,False,4.8291953e-05,0.012173286,0.0,0.0,0.0,0.0,0.0003937652,0.0041233897,0.0,0.6518782,0.049079478,0.043080132,0.1291624,0.11006107
99999E30656670,1,False,61,61.10,False,0.0,0.0,0.0,0.0,0.0,0.0,1.0,0.0,0.0,0.0,0.0,0.0,0.0,0.0
99999E30663115,5,False,52,52.10,False,0.0,0.10498497,0.08629131,0.0,0.0,0.0,0.24490933,0.0,0.0,0.5638144,0.0,0.0,0.0,0.0
99999E30663126,4,False,DO,DO.01,False,0.00514875,0.0,0.012463831,0.0,0.014689516,0.010371689,0.9468655,0.0,0.0,0.0,0.0,0.010460716,0.0,0.0
99999E30663144,2,False,87,87.30,True,0.0,0.0,0.0,0.0,0.0,0.93420684,0.0,0.0066904225,0.0,0.0,0.0,0.0,0.059102736,0.0
99999E30663185,4,False,DO,DO.01,True,0.10054375,0.04261284,0.0732882,0.538245,0.041797534,0.10769676,0.016623314,0.036162872,0.029551044,0.0,0.0,0.0,0.013478716,0.0
99999E30663204,8,False,DO,DO.01,False,0.0,0.05180771,0.13082105,0.29349625,0.046543244,0.3085223,0.09874139,0.0049719573,0.020540493,0.013395356,0.012213735,0.0,0.018946528,0.0
99999E30663276,5,False,DO,DO.01,False,0.0,0.012535673,0.029361134,0.02069964,0.016926652,0.012156206,0.83193696,0.0406548,0.0,0.0,0.0029116587,0.004389774,0.028427523,0.0
99999E30663278,4,False,53,53.10,False,0.0,0.0,0.0,0.017384062,0.008755207,0.07259418,0.7758025,0.005080708,0.0031381163,0.0,0.004813622,0.0,0.11243167,0.0
99999E30663298,1,False,61,61.10,False,0.0,0.0,0.0,0.0,0.0,0.0,1.0,0.0,0.0,0.0,0.0,0.0,0.0,0.0
99999E30663328,9,False,DO,DO.01,False,0.0,0.0,0.045224052,0.08753953,0.26485044,0.15462494,0.41130984,0.0,0.0,0.0,0.018809373,0.0,0.017641908,0.0
99999E30663378,1,False,61,61.10,False,0.0,0.0,0.0,0.0,0.0,0.003608422,0.9933026,0.0,0.0,0.0,0.0,0.0,0.003088986,0.0
99999E30664710,5,False,DO,DO.01,False,0.0032370945,0.0,0.0,0.4268819,0.10623278,0.33508497,0.020337002,0.0072423127,0.0047367658,0.00585847,0.019111661,0.012308275,0.058968768,0.0
99999E30685539,6,False,52,52.10,False,0.016773567,0.0,0.0,0.0,0.004802732,0.022136558,0.1758753,0.01876644,0.0026991135,0.010428486,0.049944676,0.02286847,0.66755146,0.008153216
99999E30685903,7,False,DO,DO.01,False,0.0,0.009087325,0.12317333,0.33335304,0.06354392,0.18947531,0.16051646,0.049367566,0.014532821,0.0137739,0.03737105,0.002978185,0.0,0.002827058
99999E30687517,5,False,DO,DO.01,False,0.0,0.028370582,0.012588723,0.18345262,0.12169791,0.12358651,0.1446784,0.09596901,0.18255427,0.012185504,0.04847815,0.039776336,0.0,0.0066620023
99999E30689449,8,False,DO,DO.01,False,0.005642568,0.0069319,0.08724253,0.40536115,0.0332629,0.15145361,0.19879484,0.034113444,0.006201715,0.013611677,0.023963915,0.0090840245,0.023071142,0.0012644151
99999E30691221,9,False,DO,DO.01,True,0.40346515,0.0072449776,0.1608124,0.12040343,0.0765767,0.05346444,0.09007297,0.010278145,0.012975902,0.021645714,0.0047340957,0.010018448,0.0207504,0.0075572403
99999E30691548,9,False,DO,DO.01,False,0.0011565443,0.008154926,0.008036694,0.07329126,0.1693102,0.044588342,0.594291,0.011315338,0.005899437,0.0112622855,0.022185035,0.010589276,0.02040702,0.019512706
99999E30692655,8,False,DO,DO.01,False,0.0,0.052237283,0.040181898,0.23774062,0.07596456,0.30106235,0.10083687,0.013057621,0.003169893,0.04823242,0.04736209,0.026747588,0.020401001,0.03300578
99999E30694263,8,False,DO,DO.01,True,0.20235707,0.12640388,0.0,0.07750667,0.013018614,0.12316419,0.20352805,0.035647005,0.016318152,0.056123413,0.031769786,0.084365964,0.0,0.029797347
99999E30695665,9,False,DO,DO.01,False,0.029265758,0.0949514,0.015677664,0.07543105,0.011103043,0.11443632,0.4372333,0.047145143,0.036313623,0.047522917,0.03651432,0.023746703,0.01210651,0.018552296
99999E30704497,8,False,DO,DO.01,True,0.007900997,0.012732808,0.034032214,0.00082584517,0.12020363,0.0,0.0,0.09751136,0.033539176,0.18959929,0.12734042,0.31835717,0.000764215,0.057192866
99999E30707582,7,False,DO,DO.01,False,0.01937862,0.03247104,0.08888176,0.31365323,0.06976138,0.15473887,0.11975501,0.07850381,0.023476265,0.010590203,0.04309426,0.01036262,0.01801667,0.017316235
99999E30708004,9,False,DO,DO.01,False,0.0,0.0,0.076846965,0.06764978,0.1746542,0.06912133,0.549406,0.0,0.0,0.015865661,0.0,0.0,0.03341768,0.013038427
99999E30708456,7,False,DO,DO.01,False,0.004722791,0.017953968,0.012588446,0.037632264,0.058972597,0.19448102,0.02179619,0.1383455,0.018865682,0.027948843,0.16434349,0.13625309,0.14643483,0.019661305
99999E30708610,5,False,94,94.91,False,0.018530656,0.0,0.036161862,0.06677508,0.0044873627,0.51262647,0.32684526,0.023084546,0.0,0.0,0.0014105323,0.0006207601,0.0094574895,0.0
99999E30711382,1,False,62,62.02,False,0.0,0.0,0.0,0.0,0.0,0.0,1.0,0.0,0.0,0.0,0.0,0.0,0.0,0.0
99999E30713153,1,False,64,64.19,False,0.0,0.0,0.0,0.0,0.0,0.0,1.0,0.0,0.0,0.0,0.0,0.0,0.0,0.0
99999E30713594,4,False,DO,DO.01,False,0.014258223,0.030555578,0.0657219,0.20498045,0.058934156,0.29787478,0.1344703,0.09455701,0.0052513788,0.024196299,0.018747613,0.0,0.031061644,0.019390723
99999E30714576,8,False,DO,DO.01,False,0.0,0.030422742,0.0037275467,0.04255715,0.061933756,0.45086157,0.21401866,0.09012172,0.01442992,0.012759944,0.011390526,0.013034829,0.05055262,0.0041890284
99999E30715817,4,False,36,36.00,False,0.014909653,0.0,0.0036559494,0.0,0.0041825264,0.0,0.9772519,0.0,0.0,0.0,0.0,0.0,0.0,0.0
99999E30715855,9,False,01,01.41,True,0.0,0.77190936,0.0,0.031193344,0.0,0.0,0.0,0.0,0.19689737,0.0,0.0,0.0,0.0,0.0
99999E30724000,9,False,DO,DO.01,False,0.0,0.04564135,0.034112003,0.052356713,0.052359533,0.15867575,0.53588235,0.034086652,0.001095753,0.021667179,0.009143481,0.014270142,0.017517963,0.023191093
99999E30730075,2,False,55,55.20,False,0.0,0.0,0.0,0.0,0.0062376093,0.6466373,0.2388061,0.006009385,0.0022734904,0.03468641,0.0026981777,0.0,0.058714714,0.0039367364
99999E30730494,4,False,96,96.0,False,0.13859065,0.0,0.024451112,0.0,0.011344045,0.012800694,0.7460722,0.002164086,0.02720287,0.017438022,0.0015429908,0.006286155,0.008026893,0.004080291
99999E30730712,7,False,DO,DO.01,False,0.0022791657,0.015018723,0.06929503,0.2748604,0.13431977,0.19585025,0.1028505,0.022205785,0.009106875,0.03392601,0.025094591,0.06456471,0.031284697,0.019343544
99999E30734315,7,False,94,94.99,False,0.0,0.0047117593,0.14485823,0.0,0.2901138,0.0017456219,0.17325652,0.0,0.0,0.14414862,0.0,0.20716132,0.0,0.03400414
99999E30737010,4,False,84,84.11,False,0.106857486,0.0,0.0,0.0,0.0,0.0,0.8931425,0.0,0.0,0.0,0.0,0.0,0.0,0.0
99999E30737012,4,False,84,84.11,False,0.2419561,0.0,0.007922985,0.0,0.0,0.0,0.7501209,0.0,0.0,0.0,0.0,0.0,0.0,0.0
99999E30740297,9,False,96,96.0,False,0.0,0.0,0.0035579416,0.091853976,0.2512806,0.05492845,0.57918155,0.007937935,0.0,0.0,0.0,0.0,0.011259537,0.0
99999E30740306,5,False,DO,DO.01,False,0.13286148,0.13025394,0.040254835,0.27346924,0.0008071025,0.047079384,0.04069898,0.04918549,0.00014804839,0.12767024,0.01680588,0.07407673,0.014809614,0.051879015
99999E30742899,7,False,84,84.11,False,0.0,0.0027090937,0.027183669,0.05341352,0.0030667733,0.10293893,0.80239505,0.0,0.00029144282,0.00051664864,0.0,0.004716075,0.00028481917,0.0024838876
99999E30747869,8,False,DO,DO.01,False,0.008818443,0.037523035,0.043542653,0.32321832,0.10659688,0.21501651,0.016883178,0.07659814,0.02370298,0.07439991,0.013738942,0.015248176,0.020697273,0.024015581
99999E30748871,7,False,96,96.09,False,0.0,0.09293183,0.12437524,0.14010222,0.15491243,0.050034847,0.026464434,0.17116119,0.05327319,0.072688475,0.024400597,0.06954519,0.017640844,0.0024694225
99999E30753062,1,False,62,62.02,False,0.0,0.0,0.0,0.0,0.0,0.0,1.0,0.0,0.0,0.0,0.0,0.0,0.0,0.0
99999E30758135,1,False,74,74.90,False,0.0,0.0,0.0,0.0,0.0,0.0,1.0,0.0,0.0,0.0,0.0,0.0,0.0,0.0
99999E30780137,4,False,84,84.11,False,0.0025274525,0.0,0.0,0.0,0.0,0.027286831,0.9513973,0.003037512,0.0012226058,0.0,0.0037685419,0.00061119907,0.010148542,0.0
99999E30795220,7,False,DO,DO.01,False,0.002118616,0.008150051,0.0014697898,0.009328532,0.008150051,0.16218005,0.75061244,0.018392235,0.02208657,0.0030057866,0.007401915,0.005654057,0.0,0.0014499278
99999E30795221,4,False,DO,DO.01,False,0.0,0.0,0.09179933,0.0,0.0,0.030257782,0.87025684,0.0,0.0,0.0,0.0076860706,0.0,0.0,0.0
99999E30795274,1,False,62,62.02,False,0.0,0.0,0.0,0.0,0.0,0.0,1.0,0.0,0.0,0.0,0.0,0.0,0.0,0.0
99999E30800039,9,False,36,36.00,True,0.12632641,0.0016209848,0.028478786,0.07329013,0.03284052,0.0583316,0.65025955,0.008941574,0.008897337,0.007807961,0.0013828762,0.0,0.0008435737,0.0009785916
99999E30800382,8,False,84,84.11,False,0.0,0.006672587,0.0,0.006620861,0.014465892,0.01669871,0.75533855,0.0021638493,0.0022012065,0.042659152,0.0061151013,0.005761644,0.0,0.14130253
99999E30800864,2,False,56,56.30,False,0.0,0.0003057047,0.0,0.0,0.00024926208,0.39939964,0.5985766,0.0009436012,0.00052516884,0.0,0.0,0.0,0.0,0.0
99999E30804807,9,False,70,70.2,False,0.0,0.0,0.0,0.0,0.020053748,0.5397567,0.35551903,0.0,0.0,0.041698534,0.011433723,0.024253245,0.0,0.007285095
99999E30821256,9,False,DO,DO.01,False,0.0005327219,0.00201677,0.01782802,0.056974128,0.024329683,0.10058211,0.7857337,0.0020996719,0.0,0.0040882956,0.0,0.0,0.0058149085,0.0
99999E30832020,6,False,70,70.22,False,0.0,0.0012690981,0.0,0.0,0.0024617738,0.0,0.058083057,0.100776866,0.0,0.0,0.0,0.0,0.8240208,0.013388414
99999E30832026,6,False,84,84.11,False,0.0,0.0,0.0,0.0,0.0,0.0,0.05440659,0.044938974,0.0,0.01106567,0.042496342,0.0,0.8470924,0.0
99999E30832030,6,False,10,10.85,False,0.0,0.0,0.0,0.00066361134,0.0,0.0014677731,0.1451423,0.011671019,0.0,0.0,0.17145012,0.09269031,0.5769149,0.0
99999E30832031,6,False,84,84.11,False,0.0020941186,0.0,0.0,0.0,0.0041700806,0.0048621865,0.077703126,0.0020599407,0.0,0.0022087577,0.16861822,0.0014650287,0.734931,0.0018876261
99999E30832032,6,False,84,84.11,False,0.0,0.0,0.0,0.0,0.0,0.006212713,0.11031591,0.01507135,0.0013499608,0.0,0.15882291,0.0013191048,0.70690805,0.0
99999E30832298,7,False,DO,DO.01,False,0.009582663,0.023298703,0.054643825,0.27505323,0.11167056,0.15473032,0.06326557,0.10188592,0.025155257,0.054031774,0.07955222,0.02237451,0.020768898,0.0039864853
99999E30832648,8,False,01,01.4,False,0.0,0.06629098,0.006231105,0.04059326,0.012496376,0.47263438,0.12772946,0.018427663,0.2129046,0.018229332,0.004204141,0.004788616,0.007303216,0.008166889
99999E30833610,9,False,DO,DO.01,True,0.12871966,0.073328,0.034121435,0.30626428,0.01841604,0.21718717,0.16226283,0.025350202,0.009852683,0.013211703,0.0043864404,0.0035099774,0.0,0.003389541
99999E30834731,7,False,DO,DO.01,False,0.0056428835,0.04917756,0.027660267,0.08873855,0.18211307,0.11322935,0.03737143,0.22567478,0.0,0.03340452,0.19634531,0.0,0.0,0.040642273
99999E30887709,5,False,DO,DO.01,False,0.0042908485,0.056149226,0.0,0.22361694,0.18797033,0.22081302,0.01504771,0.0029285394,0.0,0.10247906,0.052410666,0.035629623,0.08293941,0.015724616
99999E30893170,1,False,61,61.20,False,0.0,0.0,0.0,0.0,0.0,0.0,1.0,0.0,0.0,0.0,0.0,0.0,0.0,0.0
99999E30906519,6,False,16,16.11,False,0.0020484352,0.0011761241,0.0,0.00957701,0.031490665,0.08100756,0.1545464,0.06273851,0.020327844,0.04417255,0.09912125,0.025734331,0.4502173,0.017842103
99999E30909838,5,False,47,47.78,False,0.013870993,0.40146384,0.02415088,0.11236601,0.05205734,0.0,0.016530056,0.06028125,0.014501493,0.16113378,0.02171112,0.059760395,0.017434686,0.044738065
99999E30913189,9,False,96,96.0,False,0.0,0.0,0.0054808035,0.033602145,0.45465448,0.034084097,0.19041029,0.0031887293,0.0,0.016111769,0.0,0.014038254,0.24842945,0.0
99999E30918930,9,False,DO,DO.01,False,0.080895334,0.012976488,0.075978026,0.18526766,0.022635598,0.20301306,0.24819915,0.02049482,0.002238702,0.03740862,0.02281111,0.029933225,0.04271311,0.0154351415
99999E30919076,9,False,DO,DO.01,False,0.07630754,0.0,0.08085044,0.026442649,0.10685072,0.01187394,0.6487745,0.0038633621,0.0,0.0,0.009901708,0.0,0.035135213,0.0
99999E30924862,9,False,DO,DO.01,False,0.0031972441,0.22973345,0.010923526,0.19766271,0.03252716,0.1759163,0.28561968,0.0,0.0038947398,0.037971366,0.0,0.004561807,0.0,0.017992103
99999E30925891,9,False,IL,IL.01,False,0.0127828475,0.020208953,0.011999732,0.15082951,0.013441604,0.09427883,0.62673336,0.0,0.0,0.034036428,0.0054917643,0.004639716,0.023496334,0.0020608327
99999E30928389,9,False,01,01.45,True,0.34134918,0.062646076,0.04273074,0.31008416,0.013250367,0.02215657,0.100244425,0.030067828,0.04107249,0.031903796,0.0,0.0,0.0,0.004494372
99999E30930541,4,False,DO,DO.01,False,0.0,0.070582904,0.03952199,0.022036074,0.11032686,0.17247976,0.17793107,0.117802426,0.045998745,0.0,0.09269444,0.04014347,0.09684063,0.013641589
99999E30932148,5,False,DO,DO.01,False,0.0,0.0,0.0,0.0008084844,0.0113980435,0.08405067,0.8902205,0.0,0.0,0.0,0.0009353055,0.0,0.0048984643,0.007688528
99999E30938373,9,False,DO,DO.01,False,0.0,0.09750312,0.041060653,0.17202455,0.16626352,0.102244586,0.2848861,0.009979714,0.021603204,0.022669578,0.0,0.040015083,0.017798064,0.023951828
99999E30938374,9,False,DO,DO.01,False,0.07495101,0.017565243,0.18119067,0.19661093,0.06611452,0.10398939,0.23950836,0.016538301,0.015004991,0.023983989,0.022749899,0.024394374,0.012945723,0.0044525256
99999E30939797,4,False,52,52.10,False,0.0,0.005044571,0.0,0.0,0.0,0.0,0.98818326,0.0,0.0,0.0067721647,0.0,0.0,0.0,0.0
99999E31001646,6,False,49,49.3,False,0.0026045046,0.011239637,0.020380678,0.003787241,0.02978795,0.12171176,0.077057995,0.046102732,0.01521836,0.086085096,0.040604144,0.05871445,0.45504916,0.031656295
99999E31001791,8,False,DO,DO.01,False,0.20774639,0.0050280616,0.0,0.005256716,0.04935816,0.004063325,0.09292321,0.010900267,0.6059131,0.0033389898,0.0026389295,0.004141631,0.0,0.00869124
99999E31003248,2,False,55,55.10,False,0.00086016563,0.0,0.0015393918,0.0059275893,0.0,0.8610094,0.13066344,0.0,0.0,0.0,0.0,0.0,0.0,0.0
99999E31005224,4,False,01,01.45,True,0.9911235,0.0,0.0012473529,0.0021175994,0.0,0.0,0.00551156,0.0,0.0,0.0,0.0,0.0,0.0,0.0
99999E31005308,2,False,56,56.10,False,0.0,0.0,0.0,0.0,0.012922835,0.52066654,0.4664106,0.0,0.0,0.0,0.0,0.0,0.0,0.0
99999E31007089,2,False,55,55.20,False,0.0011206977,0.0,0.05770193,0.0892768,0.66377157,0.10007343,0.026475888,0.0,0.0,0.0,0.0,0.008336039,0.053243663,0.0
99999E31007663,4,False,10,10.71,False,0.12854263,0.0,0.0,0.0,0.0,0.0,0.86717325,0.0042841146,0.0,0.0,0.0,0.0,0.0,0.0
99999E31008710,5,False,DO,DO.01,False,0.0,0.15738727,0.0,0.19655527,0.052643623,0.1056878,0.32550356,0.027151521,0.09367132,0.0,0.01856832,0.0,0.022831311,0.0
99999E31011204,9,False,77,77.21,False,0.0058626663,0.1639139,0.051945396,0.049357153,0.089817986,0.0077887997,0.44951126,0.0,0.0,0.16581596,0.0021909762,0.0,0.0,0.013795926
99999E31012625,1,False,62,62.02,False,0.0,0.0,0.0,0.0020964283,0.0,0.0,0.9979036,0.0,0.0,0.0,0.0,0.0,0.0,0.0
99999E31012626,1,False,62,62.02,False,0.0,0.0,0.0,0.0,0.0,0.0,1.0,0.0,0.0,0.0,0.0,0.0,0.0,0.0
99999E31012909,9,False,DO,DO.01,False,0.0,0.011893843,0.0045252447,0.09319338,0.10962885,0.12757497,0.6354774,0.0,0.0,0.0,0.0047381795,0.004564705,0.008403494,0.0
99999E31013125,9,False,DO,DO.01,False,0.0,0.0,0.050119158,0.07634267,0.0048623006,0.19560093,0.6313961,0.015533963,0.0,0.0,0.0074960086,0.0,0.018648803,0.0
99999E31014923,7,False,84,84.11,False,0.027459983,0.006880486,0.04493536,0.033095103,0.054418102,0.578664,0.11791002,0.035105657,0.027178073,0.02285647,0.0026828006,0.009117185,0.027794559,0.011902217
99999E31014964,9,False,DO,DO.01,False,0.0,0.0,0.0103684515,0.10475135,0.13182113,0.10108728,0.5735505,0.024707723,0.0010668393,0.04011384,0.0,0.009737891,0.0,0.0027949146
99999E31014981,1,False,61,61.90,False,0.0,0.0,0.0,0.0,0.0,0.0,1.0,0.0,0.0,0.0,0.0,0.0,0.0,0.0
99999E31014982,7,False,DO,DO.01,False,0.003907872,0.005053036,0.0,0.014629468,0.030919423,0.11815228,0.7292762,0.0367526,0.018293992,0.010184801,0.0013169385,0.0,0.0,0.031513475
99999E31022481,4,False,84,84.11,False,0.008149531,0.00203974,0.0029201207,0.011187233,0.0005056366,0.036032572,0.90888876,0.02065789,0.004891641,0.0040615466,0.0,0.0006653697,0.0,0.0
99999E31023047,5,False,DO,DO.01,False,0.010303845,0.043758962,0.03126301,0.22122741,0.068593636,0.22571339,0.09315082,0.08482635,0.01115479,0.03509226,0.07832401,0.07791704,0.018674562,0.0
99999E31023497,8,False,96,96.0,False,0.0,0.037280746,0.0524938,0.084844746,0.05198905,0.029748749,0.0,0.058234327,0.017891096,0.2183676,0.091265246,0.022922883,0.19937809,0.13558368
99999E31023930,4,False,84,84.11,False,0.0,0.0,0.08493453,0.0072465143,0.0,0.053965256,0.7997911,0.0020058793,0.019145861,0.0,0.03147626,0.0014346079,0.0,0.0
99999E31025941,9,False,43,43.91,False,0.002724491,0.0,0.04804965,0.081531405,0.08038265,0.25896895,0.35681173,0.007024714,0.0032988703,0.0078837415,0.019234093,0.02357498,0.09841715,0.012097552
99999E31026107,4,False,56,56.30,False,0.19888958,0.0028058863,0.0013730935,0.0009253456,0.0,0.0,0.5531178,0.0,0.0,0.011820543,0.0,0.23106772,0.0,0.0
99999E31026643,1,False,61,61.10,False,0.0,0.0,0.0,0.0,0.0,0.0,1.0,0.0,0.0,0.0,0.0,0.0,0.0,0.0
99999E31027863,9,False,84,84.11,True,0.0,0.0,0.0,0.0,0.022824945,0.012319739,0.78903633,0.118422285,0.0,0.0,0.048467185,0.0037245727,0.0,0.0052048513
99999E31028221,5,False,DO,DO.01,False,0.11258731,0.006972612,0.128673,0.1370497,0.29030156,0.105866395,0.1313626,0.004869596,0.0,0.0,0.015813187,0.048473384,0.0,0.018030612
99999E31028222,2,False,DO,DO.01,False,0.0,0.0,0.0,0.10283811,0.043659385,0.6214663,0.21866198,0.0056828563,0.0,0.0,0.0,0.0,0.007691299,0.0
99999E31028517,5,False,DO,DO.01,False,0.031211723,0.0831342,0.29759914,0.1635018,0.11655574,0.08091579,0.015665818,0.0,0.0,0.009507414,0.071725294,0.07826914,0.051699772,0.00021413094
99999E31029211,8,False,96,96.0,False,0.00047736717,0.0,0.0,0.0252443,0.0,0.0,0.16457936,0.012271144,0.0,0.044900596,0.6287487,0.019768618,0.011176008,0.09283387
99999E31029382,8,False,DO,DO.01,False,0.0,0.0197732,0.018181643,0.13112502,0.067568116,0.30261818,0.3417808,0.04426539,0.028979864,0.011322514,0.008234317,0.007410699,0.018740313,0.0
99999E31029428,1,False,61,61.10,False,0.0,0.0,0.0,0.0,0.0,0.0,1.0,0.0,0.0,0.0,0.0,0.0,0.0,0.0
99999E31029449,4,False,DO,DO.02,False,0.009435828,0.007710356,0.008691172,0.19815509,0.023884937,0.050015103,0.6758948,0.010304364,0.0041215406,0.0,0.0,0.0049156807,0.0068711685,0.0
99999E31030586,2,False,87,87.30,False,0.0,0.0,0.0,0.0,0.23359092,0.299826,0.41809443,0.0,0.0,0.0,0.0,0.0,0.048488706,0.0
99999E40000011,8,False,DO,DO.01,False,0.0,0.02447463,0.02982107,0.191765,0.08224584,0.21495552,0.12568662,0.17210017,0.018041184,0.03172004,0.062173348,0.016859692,0.024965845,0.005191113
99999E40000068,4,False,DO,DO.01,False,0.00050489523,0.0,0.0,0.0013246712,0.00089482375,0.028862696,0.9365071,0.0009028076,0.0,0.0013237133,0.005326788,0.001220882,0.023131609,0.0
99999E40000074,7,False,01,01.41,True,0.0,0.108680405,0.0,0.0021649383,0.104140915,0.07351655,0.004858113,0.0035781993,0.35828272,0.18803842,0.016725946,0.025453098,0.08175275,0.032807976
99999E40000087,9,False,DO,DO.01,False,0.0,0.074405715,0.010265185,0.18842451,0.07568127,0.07669362,0.47461122,0.044366043,0.0019065841,0.032820243,0.015841521,0.0,0.0,0.004984115
99999E40000094,1,False,61,61.90,False,0.0,0.0,0.0,0.0,0.0,0.0,1.0,0.0,0.0,0.0,0.0,0.0,0.0,0.0
99999E40000097,1,False,62,62.02,False,0.0,0.0,0.0,0.0,0.0013043153,0.0,0.9966446,0.0,0.0020510014,0.0,0.0,0.0,0.0,0.0
99999E40000116,7,False,01,01.4,False,0.007955913,0.0,0.0,0.016901463,0.0,0.0,0.010886017,0.0025808203,0.7455079,0.18106493,0.010420307,0.0,0.024682736,0.0
99999E40000128,8,False,43,43.91,False,0.010842869,0.070305735,0.0163618,0.056446917,0.05386444,0.08271738,0.014733909,0.17369652,0.18234485,0.06683186,0.08993758,0.05435702,0.12026147,0.0072976532
99999E40000129,5,False,98,98.10,False,0.112586945,0.016801009,0.090212986,0.15011841,0.15182914,0.0,0.008501356,0.0785591,0.0031973466,0.1864322,0.05036568,0.025339717,0.05829928,0.067756854
99999E40000149,1,False,35,35.30,False,0.0,0.0,0.0,0.0,0.0,0.008665279,0.99133474,0.0,0.0,0.0,0.0,0.0,0.0,0.0
99999E40000151,9,False,DO,DO.01,False,0.033103075,0.0074779196,0.0022936356,0.044259924,0.041958965,0.16024154,0.4720287,0.08675038,0.079959005,0.021133518,0.006702251,0.007890172,0.025415162,0.010785704
99999E40000155,5,False,93,93.11,False,0.0,0.0,0.0,0.0,0.3417039,0.34594357,0.22834775,0.0,0.0,0.00022012941,0.0,0.0,0.08378464,0.0
99999E40000161,8,False,DO,DO.01,False,0.0,0.027312577,0.010357661,0.2995411,0.10127526,0.36243227,0.15722176,0.0087823095,0.010140154,0.0015751079,0.0023317633,0.0063488483,0.00855215,0.004129002
99999E40000163,6,False,52,52.10,False,0.008335154,0.0,0.0,0.010921847,0.109617464,0.00020729224,0.010275454,0.14752853,0.086745106,0.0,0.15029912,0.10430476,0.25202388,0.11974135
99999E40000164,4,False,94,94.99,False,0.0,0.0,0.0,0.010619108,0.0031480542,0.101887025,0.8843458,0.0,0.0,0.0,0.0,0.0,0.0,0.0
99999E40000167,5,False,16,16.23,False,0.0,0.0,0.0,0.010382431,0.0037128201,0.0,0.0032795134,0.067548804,0.009039632,0.10867756,0.15456744,0.054132473,0.5059726,0.08268669
99999E40000174,5,False,DO,DO.01,False,0.0,0.044313837,0.00498885,0.0052723074,0.0,0.5361502,0.39139798,0.0018897161,0.0034770775,0.0075210696,0.0,0.0,0.00498885,0.0
99999E40000193,9,False,DO,DO.01,False,0.19608451,0.0,0.08626475,0.11783715,0.0,0.0,0.56730884,0.0,0.0024238653,0.0064636418,0.0,0.0,0.007955251,0.0156619
99999E40000199,9,False,DO,DO.01,False,0.037881035,0.01192203,0.08282863,0.05779562,0.015255617,0.04359323,0.6885576,0.008917842,0.027806759,0.017779842,0.0,0.0076617384,0.0,0.0
99999E40000211,8,False,DO,DO.01,False,0.0,0.0,0.008655384,0.04755745,0.027035033,0.20331077,0.63243645,0.04025548,0.015611084,0.0032788878,0.006003212,0.0036292388,0.011523098,0.0007038685
99999E40000223,7,False,56,56.30,False,0.017783552,0.0037400639,0.005667704,0.018450022,0.18306918,0.51323396,0.14594692,0.0,0.0030924683,0.018201463,0.007923363,0.0026092543,0.07410352,0.00617848
99999E40000225,1,False,61,61.10,False,0.0,0.0,0.0,0.0,0.0,0.0,1.0,0.0,0.0,0.0,0.0,0.0,0.0,0.0
99999E40000228,7,False,91,91.04,False,0.024659865,0.0,0.0,0.031262506,0.0,0.0016756703,0.9297469,0.0,0.0,0.0,0.0,0.0044517806,0.0,0.008203281
99999E40000234,9,False,CO,CO.02,False,0.0049642976,0.1633798,0.06144169,0.12808569,0.0916015,0.0,0.12114927,0.0,0.0,0.07174431,0.12443046,0.075450525,0.03378103,0.12397145
99999E40000235,9,False,CO,CO.02,False,0.014606744,0.09703256,0.09242293,0.13667531,0.06467877,0.0,0.20965141,0.0,0.0,0.17205419,0.033160474,0.0883319,0.053125903,0.038259868
99999E40000240,4,False,56,56.30,False,0.23563033,0.0,0.37701398,0.13164945,0.0017506187,0.0018310482,0.2514866,0.0,0.0,0.0,0.0,0.0,0.0006379096,0.0
99999E40000241,8,False,01,01.41,True,0.0024881836,0.78338045,0.0,0.015132112,0.00019607026,0.0,0.00023250809,0.0057051242,0.14830199,0.029150266,0.014448469,0.0007530486,0.0,0.00021168646
99999E40000243,3,False,IL,IL.01,False,1.0,0.0,0.0,0.0,0.0,0.0,0.0,0.0,0.0,0.0,0.0,0.0,0.0,0.0
99999E40000245,2,False,56,56.10,False,0.0,0.0,0.0,0.0006468782,0.08098533,0.25789732,0.15060185,0.0,0.0,0.0,0.0025677243,0.0,0.5073009,0.0
99999E40000247,7,False,56,56.10,False,0.00010091265,0.072105944,0.0,0.0,0.011702661,0.024062965,0.021154672,0.09378143,0.6901259,0.03499339,0.0049633207,0.008798643,0.03749226,0.00071793376
99999E40000262,3,False,IL,IL.01,False,0.9953695,0.0,0.0012642427,0.0,0.0,0.0,0.0033663034,0.0,0.0,0.0,0.0,0.0,0.0,0.0
99999E40000268,1,False,61,61.10,False,0.0,0.0,0.0,0.0,0.0,0.0,1.0,0.0,0.0,0.0,0.0,0.0,0.0,0.0
99999E40000278,2,False,56,56.10,False,0.0,0.0,0.0,0.0,0.009818462,0.057871867,0.036218062,0.00020830413,0.0,0.0,0.010873738,0.005979246,0.87876767,0.00026267284
99999E40000298,4,False,DO,DO.01,True,0.0,0.0,0.012193684,0.004309634,0.009043518,0.047686342,0.8776515,0.0039969375,0.0,0.041016057,0.0,0.0041023213,0.0,0.0
99999E40000314,5,False,55,55.20,False,0.0008383504,0.00033704366,0.00011315906,0.0,0.034653444,0.76679504,0.11155659,0.0,0.0,0.0,0.0,0.00017886431,0.08552756,0.0
99999E40000336,5,False,47,47.12,False,0.01353529,0.053035736,0.0058616567,0.06981936,0.06355702,0.0047830543,0.013631885,0.0,0.00061353314,0.7210428,0.008099353,0.040185522,0.0041391123,0.0016957126
99999E40000338,7,False,DO,DO.01,False,0.0,0.024208529,0.026795214,0.21764706,0.29163873,0.1700578,0.045375027,0.03491955,0.0028530995,0.03663494,0.005946789,0.027731748,0.10232012,0.01387131
99999E40000346,3,False,IL,IL.01,False,0.9938434,0.0,0.0,0.0,0.0,0.0,0.0061566196,0.0,0.0,0.0,0.0,0.0,0.0,0.0
99999E40000353,1,False,80,80.20,False,0.0,0.0,0.0,0.0,0.0,0.0,1.0,0.0,0.0,0.0,0.0,0.0,0.0,0.0
99999E40000383,9,False,DO,DO.02,False,0.0,0.0,0.0,0.0044716652,0.008164659,0.026197035,0.9400879,0.0,0.0,0.004521755,0.0039980877,0.008355912,0.0,0.004203001
99999E40000385,1,False,61,61.10,False,0.0,0.0,0.0,0.0,0.0,0.0,1.0,0.0,0.0,0.0,0.0,0.0,0.0,0.0
99999E40000393,8,False,DO,DO.01,False,0.0031542873,0.06369343,0.043489456,0.31250396,0.0851574,0.34121642,0.05254536,0.016691977,0.0,0.015974365,0.008013565,0.011180384,0.046379477,0.0
99999E40000405,7,False,DO,DO.01,False,0.0,0.15470894,0.051291738,0.2863948,0.0526878,0.036154334,0.22262968,0.054717846,0.00925353,0.01965778,0.058589045,0.01700244,0.036912072,0.0
99999E40000412,4,False,DO,DO.01,False,0.01879424,0.0022348892,0.037280302,0.16971278,0.09331486,0.28658336,0.31627446,0.006309445,0.0020772708,0.027865538,0.004627397,0.010059354,0.022555914,0.0023101696
99999E40000434,8,False,68,68.20,False,0.005158057,0.018201608,0.23562326,0.283985,0.11846545,0.041551378,0.097280815,0.029785797,0.014357801,0.036533486,0.055323783,0.0057978667,0.023930216,0.03400558
99999E40000439,8,False,DO,DO.01,False,0.0019981656,0.06875519,0.031148812,0.14059603,0.1575165,0.2916189,0.11079521,0.14821962,0.027230589,0.011831922,0.0022771193,0.0,0.0042302236,0.003781752
99999E40000445,9,False,56,56.30,False,0.005779245,0.020385128,0.20484872,0.5701546,0.0042883735,0.0696686,0.0018424125,0.0,0.0,0.11869159,0.0004997808,0.00044048482,0.00294786,0.00045319114
99999E40000447,5,False,DO,DO.01,False,0.0,0.0,1.0,0.0,0.0,0.0,0.0,0.0,0.0,0.0,0.0,0.0,0.0,0.0
99999E40000459,8,False,CO,CO.02,False,0.0,0.065327704,0.045638114,0.09245571,0.13156053,0.012046062,0.06160466,0.030486945,0.006097389,0.19617288,0.046640664,0.115442716,0.0357587,0.160768
99999E40000461,4,False,46,46.71,False,0.45639682,0.0,0.0,0.0,0.0,0.0040161186,0.5395871,0.0,0.0,0.0,0.0,0.0,0.0,0.0
99999E40000471,2,False,16,16.10,False,0.0,0.0,0.0,0.0,0.0,0.15716863,0.22068381,0.0,0.0,0.0,0.0,0.0,0.62214756,0.0
99999E40000478,3,False,IL,IL.01,False,1.0,0.0,0.0,0.0,0.0,0.0,0.0,0.0,0.0,0.0,0.0,0.0,0.0,0.0
99999E40000485,9,False,CO,CO.02,False,0.1896161,0.063148014,0.08005409,0.055158302,0.056510545,0.0,0.039275464,0.0,0.0,0.26832098,0.027618391,0.08476582,0.01614846,0.11938389
99999E40000520,4,False,52,52.10,False,0.0,0.0,0.0,0.0,0.0,0.0,1.0,0.0,0.0,0.0,0.0,0.0,0.0,0.0
99999E40000521,4,False,52,52.10,False,0.0,0.0,0.0,0.0,0.0,0.0,1.0,0.0,0.0,0.0,0.0,0.0,0.0,0.0
99999E40000522,4,False,52,52.10,False,0.015921198,0.005626944,0.034495678,0.033733085,0.024678232,0.035664387,0.76385045,0.002754059,0.0019343088,0.02307784,0.009423364,0.018314265,0.017905142,0.01262114
99999E40000523,9,False,52,52.10,False,0.0,0.00666899,0.0,0.009472998,0.06158206,0.0,0.8924322,0.0,0.0,0.025554359,0.0,0.0,0.0042893733,0.0
99999E40000531,9,False,DO,DO.01,False,0.0,0.042514097,0.031689372,0.18612126,0.15270977,0.04832746,0.32639733,0.049004007,0.0014564171,0.022412093,0.04258052,0.022938568,0.036555577,0.037293628
99999E40000535,8,False,68,68.32,False,0.00066283904,0.079969764,0.0,0.0106822755,0.01687838,0.22087912,0.3718463,0.01808558,0.0025456864,0.078077324,0.02900161,0.016506935,0.1490075,0.0058566793
99999E40000541,4,False,52,52.10,False,0.0,0.0,0.0,0.0,0.0,0.0,1.0,0.0,0.0,0.0,0.0,0.0,0.0,0.0
99999E40000544,7,False,DO,DO.01,False,0.0,0.012580999,0.06477854,0.0567773,0.03586946,0.052186858,0.5976856,0.009244926,0.00294642,0.021655116,0.024761671,0.07510168,0.030515727,0.01589572
99999E40000547,1,False,61,61.90,False,0.0,0.0,0.0,0.0,0.0,0.0,1.0,0.0,0.0,0.0,0.0,0.0,0.0,0.0
99999E40000554,6,False,46,46.73,True,0.047073264,0.0,0.0035898043,0.012161016,0.008381606,0.07242118,0.31399325,0.09016826,0.0013738759,0.031868525,0.08433632,0.025632707,0.25894803,0.05005224
99999E40000573,8,False,DO,DO.01,False,0.04044968,0.15342122,0.019093469,0.2140276,0.037993073,0.15970056,0.0910812,0.07527229,0.03167133,0.01645108,0.04995199,0.10189713,0.004328593,0.0046607857
99999E40000575,9,False,DO,DO.01,True,0.17130353,0.048600845,0.13035771,0.28860128,0.0069926726,0.20640035,0.06639431,0.004494532,0.006712572,0.0594006,0.005617777,0.0031372234,0.0019865634,0.0
99999E40000579,3,False,IL,IL.01,False,0.99523735,0.0,0.0,0.0,0.0,0.0,0.0047626346,0.0,0.0,0.0,0.0,0.0,0.0,0.0
99999E40000580,3,False,IL,IL.01,False,1.0,0.0,0.0,0.0,0.0,0.0,0.0,0.0,0.0,0.0,0.0,0.0,0.0,0.0
99999E40000599,3,False,IL,IL.01,False,1.0,0.0,0.0,0.0,0.0,0.0,0.0,0.0,0.0,0.0,0.0,0.0,0.0,0.0
99999E40000600,5,False,IL,IL.01,False,0.73109245,0.0,0.26890758,0.0,0.0,0.0,0.0,0.0,0.0,0.0,0.0,0.0,0.0,0.0
99999E40000605,4,False,CO,CO.02,False,0.0,0.0,0.0,0.0023411508,0.0,0.0,0.9860455,0.0,0.0,0.0,0.0,0.01161334,0.0,0.0
99999E40000615,9,False,CO,CO.02,False,0.02494596,0.1389596,0.044015706,0.16444938,0.073656596,0.037281476,0.013725263,0.017888462,0.0,0.31218404,0.026568336,0.058200188,0.050994653,0.037130415
99999E40000625,3,False,IL,IL.01,False,1.0,0.0,0.0,0.0,0.0,0.0,0.0,0.0,0.0,0.0,0.0,0.0,0.0,0.0
99999E40000639,9,False,DO,DO.01,False,0.028255543,0.023929164,0.069098115,0.107181944,0.03015681,0.19524442,0.40992635,0.039586756,0.018300973,0.018635388,0.032083023,0.010791782,0.013428925,0.0033808118
99999E40000648,3,False,IL,IL.01,False,1.0,0.0,0.0,0.0,0.0,0.0,0.0,0.0,0.0,0.0,0.0,0.0,0.0,0.0
99999E40000649,3,False,IL,IL.01,False,1.0,0.0,0.0,0.0,0.0,0.0,0.0,0.0,0.0,0.0,0.0,0.0,0.0,0.0
99999E40000650,3,False,IL,IL.01,False,1.0,0.0,0.0,0.0,0.0,0.0,0.0,0.0,0.0,0.0,0.0,0.0,0.0,0.0
99999E40000652,3,False,IL,IL.01,False,1.0,0.0,0.0,0.0,0.0,0.0,0.0,0.0,0.0,0.0,0.0,0.0,0.0,0.0
99999E40000686,9,False,DO,DO.01,False,0.0,0.052384783,0.004501608,0.014389068,0.07248124,0.010048232,0.68995184,0.0,0.0,0.07009646,0.0,0.0164791,0.015112542,0.054555196
99999E40000687,6,False,70,70.22,False,0.0,0.0016564423,0.0,0.0,0.0,0.075277284,0.044718638,0.0,0.0,0.0,0.005475057,0.010430681,0.86244196,0.0
99999E40000704,9,False,74,74.90,False,0.06467682,0.0,0.08155933,0.055535417,0.0,0.06402783,0.6178326,0.0041628904,0.0,0.021124331,0.01669249,0.017703978,0.055088136,0.0015961645
99999E40000705,4,False,52,52.21,False,0.0,0.0,0.0,0.0,0.0,0.0,0.99653006,0.0,0.0,0.0,0.003469984,0.0,0.0,0.0
99999E40000716,9,False,55,55.30,False,0.041055333,0.00069245126,0.057184935,0.07990704,0.0010286414,0.07536512,0.7402588,0.0034488756,0.0,0.0,0.0010587479,0.0,0.0,0.0
99999E40000726,3,False,IL,IL.01,False,1.0,0.0,0.0,0.0,0.0,0.0,0.0,0.0,0.0,0.0,0.0,0.0,0.0,0.0
99999E40000733,9,False,DO,DO.01,False,0.0011286808,0.066404395,0.024148246,0.10562174,0.23135126,0.02092236,0.052585483,0.23701122,0.02951828,0.08415333,0.028871447,0.0450851,0.042162955,0.031035613
99999E40000735,4,False,DO,DO.01,True,0.41363463,0.018868795,0.051776953,0.05388171,0.037790604,0.099777065,0.18517233,0.036821812,0.09879246,0.0010961976,0.00090466236,0.0005267221,0.0005840117,0.00037195475
99999E40000757,4,False,CO,CO.02,False,0.0,0.0,0.0,0.0,0.0,0.0026047565,0.9973953,0.0,0.0,0.0,0.0,0.0,0.0,0.0
99999E40000758,4,False,CO,CO.02,False,0.0,0.002868349,0.0,0.004715392,0.008105259,0.0,0.98152953,0.002781429,0.0,0.0,0.0,0.0,0.0,0.0
99999E40000761,7,False,CO,CO.02,False,0.002463025,0.07362736,0.025717877,0.07388585,0.28575474,0.0061746314,0.033628818,0.009808202,0.008008488,0.05102362,0.049553126,0.23484084,0.05718606,0.08832747
99999E40000764,2,False,52,52.10,False,0.0,0.0,0.0,0.0,0.002586469,0.0029018922,0.99451166,0.0,0.0,0.0,0.0,0.0,0.0,0.0
99999E40000765,4,False,CO,CO.02,False,0.016939463,0.01863231,0.0070462013,0.008629124,0.0,0.00201163,0.9467413,0.0,0.0,0.0,0.0,0.0,0.0,0.0
99999E40000767,4,False,CO,CO.02,False,0.0,0.0,0.0,0.0,0.0075809527,0.0,0.99241906,0.0,0.0,0.0,0.0,0.0,0.0,0.0
99999E40000768,5,False,DO,DO.01,False,0.19730018,0.007179292,0.025131043,0.056412745,0.118257515,0.060280684,0.48343617,0.0011413594,0.0,0.008327697,0.015979033,0.008510876,0.0057490696,0.012294273
99999E40000773,8,False,52,52.10,False,0.0019799892,0.089706704,0.021480681,0.20481005,0.04531095,0.047766138,0.024947863,0.013569525,0.016007112,0.30023673,0.020715088,0.10170104,0.0022439878,0.10952419
99999E40000777,9,False,41,41.20,False,0.0,0.11609301,0.02310456,0.051650807,0.14987123,0.0516837,0.42369235,0.06809649,0.005667854,0.03901841,0.0098951,0.017820502,0.0328434,0.010562633
99999E40000804,7,False,DO,DO.01,False,0.0046535274,0.0,0.030712098,0.23683912,0.07351627,0.058166135,0.4881917,0.022862596,0.010791217,0.025230752,0.02092905,0.004009011,0.016095174,0.0080032395
99999E40000806,8,False,DO,DO.01,False,0.0010276601,0.03933676,0.05821768,0.18362121,0.11474292,0.31344444,0.10482821,0.04803475,0.004440573,0.047817662,0.01444477,0.039299637,0.02556366,0.0051800953
99999E40000807,1,False,CO,CO.02,False,0.0,0.0,0.0,0.0,0.0,0.0,1.0,0.0,0.0,0.0,0.0,0.0,0.0,0.0
99999E40000813,2,False,47,47.29,False,0.0,0.0,0.0,0.0,0.0,0.70626193,0.29112387,0.0,0.0,0.0,0.0,0.0,0.0026142232,0.0
99999E40000819,1,False,61,,False,0.0,0.0,0.0,0.0,0.0,0.0,1.0,0.0,0.0,0.0,0.0,0.0,0.0,0.0
99999E40000821,1,False,61,,False,0.0,0.0,0.0,0.0,0.0,0.008830044,0.9911699,0.0,0.0,0.0,0.0,0.0,0.0,0.0
99999E40000823,9,False,43,43.33,False,0.63510007,0.0,0.011993967,0.024842901,0.0013801611,0.0,0.29785833,0.0,0.0,0.0,0.0061679767,0.0,0.020195544,0.0024610837
99999E40000835,9,False,52,52.10,False,0.008868427,0.0049585546,0.09068346,0.111352906,0.091152765,0.0794715,0.26580516,0.05553477,0.049053766,0.031262618,0.07453004,0.022194868,0.10073519,0.0143959485
99999E40000840,8,False,52,52.10,False,0.00017490776,0.065327145,0.00095027214,0.040809408,0.04029731,0.09166249,0.63277847,0.020209963,0.019577049,0.0024144484,0.011587189,0.007885275,0.061351154,0.0049749534
99999E40000850,4,False,84,84.11,False,0.6138155,0.0,0.010441799,0.0,0.00034745038,0.00071710616,0.28188023,0.03470585,0.058092136,0.0,0.0,0.0,0.0,0.0
99999E40000875,2,False,52,52.10,False,0.0,0.0,0.0,0.0,0.0,0.007528944,0.9924711,0.0,0.0,0.0,0.0,0.0,0.0,0.0
99999E40000877,9,False,56,56.10,False,0.0,0.0025880774,0.0008133035,0.017599754,0.0023401186,0.7410489,0.07977327,0.002440524,0.0,0.03140241,0.0034832768,0.00050209486,0.11724946,0.0007589108
99999E40000884,8,False,41,41.20,False,0.0007665503,0.011705644,0.02454368,0.12473235,0.015696233,0.17797425,0.328067,0.03528762,0.0020157886,0.031631056,0.031183854,0.011922212,0.20266353,0.0018102331
99999E40000887,5,False,DO,DO.01,False,0.0,0.0,0.0,0.0,0.0,0.0,0.0,0.08069853,0.0,0.09430146,0.6378677,0.18713233,0.0,0.0
99999E40000898,8,False,41,41.20,False,0.0,0.0,0.0,0.0,0.0023117007,0.036814515,0.20046456,0.020128662,0.0004120463,0.011944293,0.030750468,0.009401825,0.6602239,0.02754802
99999E40000918,5,False,41,41.20,False,0.08824647,0.0,0.0071763657,0.002079371,0.016888548,0.120704934,0.111576,0.19847848,0.11730693,0.0,0.019170785,0.033802453,0.229948,0.054621518
99999E40000928,8,False,DO,DO.01,False,0.0132753365,0.08892282,0.13621235,0.11359241,0.07161601,0.10204456,0.2246983,0.04633103,0.012669918,0.06852109,0.03461761,0.028493602,0.01880889,0.040196046
99999E40000929,6,False,41,41.20,False,0.0,0.0077691944,0.0,0.010732837,0.0030727598,0.0,0.011247872,0.032595698,0.0,0.03334206,0.08549169,0.030535553,0.6730697,0.112142645
99999E40000933,4,False,DO,DO.01,True,0.37315932,0.0,0.0038373247,0.027141113,0.001956924,0.14170608,0.45219928,0.0,0.0,0.0,0.0,0.0,0.0,0.0
99999E40000935,6,False,41,41.20,False,0.037233803,0.0,0.0,0.0,0.014005795,0.002892509,0.4434803,0.030522149,0.009096474,0.0,0.01349632,0.0039679394,0.43076193,0.014542706
99999E40000937,9,False,52,52.10,False,0.15284504,0.0,0.063385166,0.040433846,0.0490565,0.14800906,0.43327427,0.0034442807,0.006792356,0.02493847,0.008784589,0.003066629,0.058753252,0.007216617
99999E40000954,8,False,98,98.1,True,0.24978109,0.007222782,0.08301308,0.072905615,0.088051096,0.0,0.09083445,0.049302883,0.109984964,0.07992575,0.07958104,0.054782275,0.0033365479,0.031278536
99999E40000963,9,False,DO,DO.01,False,0.0,0.13944463,0.003714973,0.11210831,0.014670096,0.07193512,0.5805142,0.00826563,0.0046668886,0.030896803,0.017517017,0.01371671,0.0,0.002549722
99999E40000978,7,False,DO,DO.01,False,0.0001012212,0.044894576,0.040553972,0.0963209,0.06317989,0.031950176,0.31996614,0.12618712,0.0,0.029735211,0.038243756,0.049913958,0.0049538845,0.15399912
99999E40000979,5,False,41,41.20,False,0.0,0.0,0.0,0.0,0.0072200242,0.0,0.0,0.05101002,0.0,0.004651513,0.15590553,0.027721135,0.7254605,0.028031236
99999E40000982,5,False,41,41.20,False,0.0,0.0,0.0,0.0,0.0,0.0,0.0,0.47014365,0.0,0.0,0.0,0.0,0.0,0.5298563
99999E40000985,6,False,41,41.20,False,0.0,0.0,0.0,0.0,0.004383979,0.012841069,0.033720654,0.104575396,0.0,0.041746937,0.06337676,0.018778166,0.7105913,0.009985729
99999E40000990,5,False,DO,DO.01,False,0.0,0.0,0.0,0.0,0.003850667,0.0,0.0005123205,0.0,0.0,0.061792456,0.25521824,0.13093919,0.40850118,0.13918589
99999E40000991,1,False,46,46.51,False,0.0,0.0,0.0,0.0,0.0,0.0017177252,0.9982823,0.0,0.0,0.0,0.0,0.0,0.0,0.0
99999E40001010,3,False,IL,IL.01,False,1.0,0.0,0.0,0.0,0.0,0.0,0.0,0.0,0.0,0.0,0.0,0.0,0.0,0.0
99999E40001016,6,False,85,85.59,False,0.0,0.0,0.0,0.0,0.0,0.0024641834,0.121152066,0.025918389,0.0,0.007202846,0.16226658,0.11700623,0.5410197,0.022970064
99999E40001036,9,False,DO,DO.01,False,0.0028651836,0.030160723,0.043941297,0.19506986,0.069210865,0.002458294,0.5696828,0.008304513,0.015043629,0.0016840725,0.01775623,0.031005584,0.0,0.012817036
99999E40001040,4,False,DO,DO.02,False,0.6054406,0.0,0.0,0.0,0.0,0.0052309595,0.32876098,0.0,0.0,0.00029524008,0.0041497354,0.0068441117,0.0478413,0.0014370003
99999E40001047,8,False,DO,DO.01,False,0.0,0.033596944,0.067729786,0.23670763,0.02866323,0.016332634,0.3098628,0.016684163,0.0028736976,0.048331708,0.03908376,0.06741759,0.12969251,0.0030236512
99999E40001048,9,False,DO,DO.01,False,0.0,0.0,0.14495,0.007960266,0.056058753,0.07356749,0.2830563,0.004495096,0.0,0.08483891,0.0064586923,0.08133524,0.2425523,0.014726972
99999E40001065,1,False,61,61.90,False,0.0,0.0,0.0,0.0,0.0,0.005378041,0.994622,0.0,0.0,0.0,0.0,0.0,0.0,0.0
99999E40001081,3,False,IL,IL.01,False,1.0,0.0,0.0,0.0,0.0,0.0,0.0,0.0,0.0,0.0,0.0,0.0,0.0,0.0
99999E40001082,3,False,IL,IL.01,False,1.0,0.0,0.0,0.0,0.0,0.0,0.0,0.0,0.0,0.0,0.0,0.0,0.0,0.0
99999E40001084,6,False,41,41.20,False,0.0,0.0,0.0,0.0,0.037532374,0.013025893,0.3608391,0.05743591,0.0022808705,0.00046977279,0.026478292,0.034503575,0.4371751,0.03025914
99999E40001091,8,False,DO,DO.01,False,0.0,0.13647029,0.0020541092,0.13465883,0.44275978,0.15196271,0.00035485812,0.011199069,0.00012974061,0.067821376,0.0,0.031247849,0.015372509,0.005968768
99999E40001098,6,False,69,69.10,False,0.0,0.0,0.0,0.0,0.0,0.00828906,0.14771125,0.0,0.0,0.003201838,0.010685626,0.0,0.8301123,0.0
99999E40001109,6,False,41,41.20,False,0.0,0.0020169923,0.0,0.0019481529,0.048797447,0.07021061,0.18154445,0.014051483,0.0021326425,0.0812428,0.02031311,0.023420515,0.51663506,0.037686784
99999E40001123,8,False,DO,DO.01,False,0.0,0.027597755,0.014261795,0.33760262,0.03605844,0.23271899,0.2852432,0.007724559,0.006330681,0.022641908,0.0031393382,0.006082376,0.0064075897,0.014190745
99999E40001124,9,False,DO,DO.01,False,0.0,0.0,0.049282476,0.17890756,0.13358638,0.09550997,0.3718353,0.00036747416,0.0,0.014025899,0.043465722,0.057631567,0.04811722,0.0072704675
99999E40001128,9,False,52,52.10,False,0.0,0.0,0.0,0.0,0.15384206,0.001432817,0.20781152,0.14068139,0.0,0.0,0.061982594,0.0012736149,0.0,0.43297598
