pod,group,below_n_min,ateco_l1,ateco_l2,prosumer,f_1,f_2,f_3,f_4,f_5,f_6,f_7,f_8,f_9,f_10,f_11,f_12,f_13,f_14,f_15,f_16,f_17,f_18,f_19
99999E00000053,5,False,25,25.11,False,0.0,0.0,0.0,0.0,0.0002869148,0.0075667193,0.8512608,0.0,0.00015610836,0.0028505288,0.043316968,0.0,0.0,0.0019611411,0.00018809385,0.0031431725,0.04980716,0.039462477,0.0
99999E00010122,6,False,84,84.11,False,0.0,0.007254958,0.0016481264,0.0,0.07265096,0.00485536,0.09148605,0.021137808,0.0,0.002658794,0.018379042,0.0,0.0,0.008981152,0.0,0.10141721,0.5171543,0.0050207623,0.14735554
99999E00010123,5,False,56,56.2,False,0.0,0.0,0.0,0.0,0.0544287,0.21574534,0.21712723,0.0,0.0,0.0064499048,0.07767163,0.0,0.0,0.0,0.010990048,0.0028631415,0.41472402,0.0,0.0
99999E00010132,3,False,68,68.32,False,0.0,0.0061883363,0.0,0.0,0.0016714887,0.0,0.0094196685,0.0056301104,0.007863015,0.0,0.005378111,0.0,0.0,0.0,0.0,0.084789775,0.8745235,0.0015821726,0.002953814
99999E00010368,6,False,47,47.78,False,0.0,0.0064052655,0.0,0.0,0.0015134402,0.0,0.111738734,0.0041808705,0.0,0.0,0.0019046718,0.0,0.0,0.0,0.0,0.77986825,0.09188063,0.0025082044,0.0
99999E00010429,6,False,47,47.71,False,0.0,0.0,0.0,0.0,5.5034896e-05,0.025274446,0.40624252,0.0,0.0020087736,0.00037841994,0.00070026406,0.0,0.000116013565,0.0028391404,0.0,0.0055422345,0.02711063,0.11963112,0.41010132
99999E00010457,6,False,16,16.2,False,0.0,0.016708197,0.00341052,0.008569118,0.041166387,0.05161669,0.10812856,0.0032094629,0.01567685,0.019192552,0.039818566,0.0,0.0,0.075572245,0.011548668,0.029760139,0.30893782,0.1638967,0.102787524
99999E00010739,6,False,23,23.3,False,0.005774324,0.006598466,0.015363519,0.0019315643,0.008179692,0.0070882514,0.029316595,0.0,0.0,0.0,0.0022505668,0.0,0.0,0.009540937,0.007904246,0.0825095,0.80648637,0.0071230344,0.009932953
99999E00011214,3,False,94,94.99,False,0.0,0.0049144393,0.0,0.0,0.0,0.0084209405,0.033887275,0.0012511301,0.01724558,0.0,0.0,0.0,0.0,0.02153612,0.0016648371,0.024695642,0.8436054,0.037250314,0.005528327
99999E00011559,3,False,94,94.9,False,0.010829726,0.025277562,0.0,0.024893213,0.0003581521,0.0059846505,0.45297936,0.0012684334,0.16078687,0.0007588328,0.013472331,0.0,0.0,0.010266037,0.0014116091,0.06921286,0.17683147,0.025913369,0.019755531
99999E00011644,2,False,96,96.0,False,0.0,0.0,0.0,0.0,0.0,0.0,0.0029796343,0.0,0.99432516,0.0,0.0,0.0,0.0,0.0,0.0,0.0,0.0,0.0026951756,0.0
99999E00011650,8,False,84,84.1,False,0.005171405,0.0022707316,0.007110953,0.008161577,0.014733382,0.009330234,0.09447273,0.010572825,0.0052012377,0.006787983,0.022722881,0.0022257667,0.0017445548,0.016122108,0.015747687,0.090542614,0.6475489,0.024024703,0.015507731
99999E00011653,2,False,IL,IL.01,False,0.0,0.0,0.0,0.0,0.0,0.0,0.0,0.0,1.0,0.0,0.0,0.0,0.0,0.0,0.0,0.0,0.0,0.0,0.0
99999E00011655,3,False,94,94.99,False,0.0,0.0003795058,0.0008114751,0.0,0.0,0.0009441413,0.0,0.0,0.010839434,0.0020165266,0.001661946,0.0,0.0,0.0018971269,0.0,0.04579296,0.9318795,0.0037773692,0.0
99999E00012449,7,False,01,01.50,False,0.0063410047,0.01509079,0.0049656727,0.12024634,0.0074034072,0.04829142,0.24667554,0.03697917,0.028673725,0.009393461,0.0390895,0.021196818,0.03289772,0.010599523,0.0013486049,0.026570078,0.02405105,0.09574873,0.22443749
99999E00012503,6,False,85,85.3,False,0.0,0.0,0.0,0.0,0.0,0.0,0.13056384,0.0,0.0,0.0,0.0,0.0,0.0,0.0051245135,0.0,0.05884075,0.8054709,0.0,0.0
99999E00012962,4,False,68,68.31,False,0.0025858097,0.0703801,0.00094727677,0.02749663,0.019013809,0.053098705,0.0525952,0.0,0.0,0.0009814128,0.053286456,0.00040109918,0.0,0.11401457,0.10858694,0.27221832,0.14138319,0.039947774,0.04306269
99999E00013325,6,False,55,55.10,False,0.0,0.0,0.0,0.0,0.0013697239,0.0,0.016127381,0.00033368767,0.0028912113,0.0,0.0024763478,0.0,0.0,0.0006179639,0.0,0.73004365,0.2376397,0.0052722655,0.0032281072
99999E00013332,3,False,84,84.11,False,0.0,0.0,0.0,0.0,0.0,0.0,0.0,0.0,0.030837605,0.0,0.0,0.0,0.0,0.0,0.0,0.011027784,0.9581346,0.0,0.0
99999E00013601,4,False,96,96.0,False,0.0,0.0,0.0,0.0,0.019994471,0.19364858,0.49258718,0.0,0.0,0.01544254,0.14812924,0.008529557,0.0,0.019207455,0.022738393,0.0,0.0016591158,0.07806352,0.0
99999E00013809,4,False,16,16.10,False,0.0,0.0,0.0,0.0,0.0,0.0,0.0,0.36828193,0.0,0.0,0.0,0.0,0.0,0.0,0.0,0.0,0.0,0.0,0.6317181
99999E00013841,3,False,68,68.32,False,0.0,0.0027552617,0.0,0.0,0.002523811,0.0,0.0,0.002743118,0.004757595,0.002860986,0.003926087,0.0,0.0,0.0,0.0,0.023166487,0.9572667,0.0,0.0
99999E00014471,3,False,84,84.11,True,0.0,0.0056844214,0.0046262126,0.00048916385,0.0,0.0,0.021413809,0.07670366,0.081333004,0.0,0.0,0.0,0.0,0.0039584916,0.0,0.11557676,0.6102411,0.011135707,0.068837635
99999E00014530,1,False,70,70.2,False,0.0,0.0,0.0,0.0,0.0,0.0064687445,0.0,0.0,0.0,0.0,0.0,0.0,0.0,0.0024985448,0.0,0.0,0.9695989,0.0,0.02143385
99999E00014765,3,False,55,55.10,False,0.015311753,0.17542574,0.033090986,0.0,0.0097170705,0.0,0.001996758,0.004315792,0.0,0.0006765321,0.0021658193,0.0,0.0,0.0,0.0,0.47187883,0.28038606,0.005034709,0.0
99999E00015131,4,False,01,01.4,False,0.0,0.0043859077,0.0,0.0,0.0,0.0,0.008682262,0.008367735,0.031199355,0.0,0.0,0.0,0.0,0.0,0.0025708233,0.028827295,0.9135618,0.0024048227,0.0
99999E00015959,3,False,84,84.24,False,0.050883472,0.1353629,0.049659483,0.020706886,0.05415701,0.0,0.02786559,0.034115512,0.041027136,0.0036023667,0.007652129,0.0,0.01674108,0.011429404,0.063912824,0.23081215,0.18840012,0.013304416,0.050367586
99999E00016300,3,False,68,68.20,False,0.058619987,0.036806863,0.03243251,0.0040345984,0.0,0.0,0.004558389,0.014378944,0.00988325,0.0025542344,0.0,0.0,0.0,0.036111176,0.1972666,0.0152162,0.5666073,0.0054927166,0.016037276
99999E00016301,8,False,68,68.20,False,0.024880845,0.124203324,0.07609149,0.07219789,0.058187976,0.0641081,0.028959014,0.0756332,0.0,0.014640223,0.018718392,0.018698301,0.014981744,0.10046633,0.079555675,0.07975029,0.07448182,0.040911008,0.033534396
99999E00016303,8,False,68,68.20,False,0.05170064,0.14910789,0.08961045,0.11814351,0.038022656,0.03158436,0.008762482,0.11019385,0.004445523,0.0054583373,0.026304586,0.012236618,0.0067325686,0.08200077,0.07257118,0.016667856,0.10085853,0.04575947,0.02983872
99999E00016420,7,False,81,81.22,False,0.018221822,0.027974753,0.002402164,0.022542832,0.054881874,0.09543733,0.13945536,0.008829576,0.056108207,0.02806853,0.011534716,0.023733092,0.001348963,0.04062038,0.02361046,0.047091074,0.16289268,0.16005771,0.07518846
99999E00016879,3,False,74,74.90,False,0.0,0.21364936,0.0,0.009852537,0.0,0.0,0.01837447,0.09659599,0.4265333,0.0009161865,0.0,0.0,0.0,0.00763972,0.00659108,0.08211756,0.09180667,0.031041466,0.014881642
99999E00017174,3,False,74,74.20,False,0.0028026695,0.0006669583,0.011933818,0.028611789,0.007277149,0.0,0.12733527,0.0082675535,0.0,0.001600379,0.0,0.0,0.0,0.0064962213,0.0018716566,0.11812065,0.41177812,0.006886285,0.26635152
99999E00020341,6,False,53,53.10,False,0.0,0.0,0.0,0.0,0.0,0.0,0.5916802,0.0,0.0015017894,0.0012634641,0.004626452,0.0,0.0,0.0028775262,0.0,0.0,0.3961939,0.0018566799,0.0
99999E00020380,6,False,47,47.71,False,0.0,0.002077286,0.0,0.007924342,0.0042682416,0.014358763,0.43492085,0.0,0.002848722,0.0015699157,0.007162937,0.0,0.0,0.0026218188,0.0,0.17159909,0.040027443,0.03982087,0.2707998
99999E00020425,5,False,74,74.10,False,0.0,0.0,0.0,0.0,0.019187948,0.05274908,0.17963314,0.0,0.0,0.0,0.002196037,0.0,0.0,0.11041474,0.11162516,0.07904005,0.0,0.38507885,0.060074966
99999E00020434,6,False,16,16.23,False,0.0,0.0,0.0,0.0,0.0,0.0,0.5539477,0.0,0.0,0.0,0.007087846,0.0,0.0,0.0,0.0,0.17169696,0.26726755,0.0,0.0
99999E00020458,8,False,91,91.04,False,0.0,0.0,0.0,0.0,0.00040361384,0.00018321785,0.34197757,0.0,0.018113174,0.0,0.002335177,0.0006042057,0.0,0.0010649234,0.0006472158,0.2569839,0.37768704,0.0,0.0
99999E00020529,6,False,64,64.19,False,0.0,0.0,0.0,0.0,0.0,0.0,0.014532798,0.0,0.0,0.0,0.0,0.0,0.0,0.0,0.0,0.13608342,0.8493838,0.0,0.0
99999E00020571,5,False,96,96.02,False,0.0,0.0,0.0,0.0,0.0012831137,0.033662315,0.41441575,0.0,0.0,0.0,0.0093593905,0.0,0.0,0.1018027,0.025469199,0.004940094,0.34220874,0.066858694,0.0
99999E00020774,7,False,01,01.41,False,0.0025612253,0.001272519,0.010405394,0.26984644,0.028644728,0.011390494,0.020182496,0.0,0.0,0.11115701,0.010592111,0.012728704,0.47282502,0.0012244593,0.024157157,0.003611389,0.0,0.0036195456,0.015781319
99999E00020859,6,False,55,55.10,False,0.0,0.0,0.0,0.0,0.0076098265,0.0,0.03598323,0.0,0.0,0.0,0.0,0.0,0.0,0.0018287718,0.0021302348,0.76585644,0.18467738,0.0019141699,0.0
99999E00020964,3,False,77,77.21,False,0.0009832158,0.019389026,0.0013818452,0.0037605588,0.017196035,0.00893015,0.099306315,0.03952423,0.018353319,0.0013079334,0.34918597,0.23230277,0.02259007,0.016058404,0.031602956,0.026264593,0.097321875,0.010249029,0.0042917123
99999E00021135,5,False,25,25.62,False,0.0,0.0,0.00044012355,0.00026417553,0.0041142423,0.017415304,0.68710613,0.0,0.0012737217,0.007547003,0.067188814,0.00023780871,0.0,0.028471125,0.0,0.0068670427,0.033582237,0.14364101,0.0018512568
99999E00021541,6,False,53,53.10,False,0.0,0.0017716261,0.0,0.0,0.0048007593,0.0022307965,0.27541026,0.0017988901,0.04138847,0.0016661497,0.020273803,0.0,0.0,0.0007490726,0.0,0.10634778,0.5423395,0.0012228747,0.0
99999E00021609,6,False,41,41.20,False,0.014129208,0.0048707426,0.034466445,0.0020433064,0.009209757,0.0066402145,0.2003348,0.0,0.005575166,0.009119955,0.057570193,0.03507062,0.041346665,0.017578794,0.03812725,0.24839865,0.22024083,0.055277407,0.0
99999E00021618,6,False,47,47.78,False,6.531762e-05,0.17779012,0.0,0.013147661,0.00077052653,0.0038780947,0.061144482,2.7676959e-05,0.002863458,0.0,0.0,0.0,2.7123418e-05,0.0,0.0037070517,0.28182337,0.01054935,0.010411517,0.43379423
99999E00021646,7,False,47,47.74,False,0.022815607,0.18634972,0.019867206,0.14608876,0.0152586065,0.23235624,0.10881043,0.0016138379,0.006021535,0.0,0.01392294,0.0,0.0,0.0032607918,0.019334042,0.041484028,0.15848619,0.01440091,0.009929188
99999E00021801,4,False,01,01.4,False,0.0,0.0014792284,0.0,0.0026251094,0.003958498,0.47756156,0.055481475,0.0,0.00093753915,0.0,0.10862953,0.0,0.0,0.09860827,0.012417184,0.06889871,0.08198258,0.08742031,0.0
99999E00021881,6,False,55,55.10,False,0.00073853077,0.0,0.0008833107,0.0,0.0014780054,0.0,0.004071536,0.00027292248,0.00027162457,0.0,0.0006362291,0.0,0.0,0.0,0.0,0.89152545,0.10012237,0.0,0.0
99999E00021886,3,False,56,56.30,True,0.0,0.009351381,0.0006670771,0.002606595,0.0023539555,0.0,0.034612462,0.006117345,0.031458095,0.0016526966,0.014755098,0.02482503,0.049900703,0.0,0.0,0.69964117,0.122058414,0.0,0.0
99999E00022043,4,False,94,94.99,False,0.0,0.018417442,0.0,0.003673156,0.08910891,0.01074566,0.59292537,0.0016144322,0.0080540795,0.0,0.0016454294,0.0,0.00014723622,0.0104021095,0.013783377,0.085725054,0.056647196,0.03097385,0.07613663
99999E00022065,3,False,56,56.30,True,0.0,0.0077734157,0.0,0.0,0.0,0.0,0.0,0.00093294744,0.22939685,0.0,0.0,0.0,0.0,0.0,0.0,0.1287291,0.6331677,0.0,0.0
99999E00022097,6,False,84,84.1,False,0.0,0.003404656,0.0,0.0,0.0,0.0,0.24537283,0.0,0.0,0.0,0.008750226,0.0,0.0,0.0,0.0,0.19623895,0.54623336,0.0,0.0
99999E00022126,6,False,47,47.11,False,0.0,0.0029438902,0.0,0.0,0.0,0.0,0.062344704,0.0,0.0,0.0,0.036057904,0.0,0.0,0.0,0.005474661,0.64170796,0.24916978,0.0023010762,0.0
99999E00022149,7,False,43,43.22,False,0.0,0.0,0.001448044,0.006320445,0.0046889437,0.013157278,0.42482972,0.0,0.0,0.008617809,0.035351224,0.030975044,0.099894024,0.016679443,0.0055084242,0.15901075,0.119381696,0.022415807,0.051721223
99999E00022347,5,False,96,96.02,False,0.0,0.0,0.0,0.0040819747,0.0031974742,0.007091022,0.6394656,0.0,0.0,0.0,0.002172552,0.0,0.0,0.021804074,0.040523373,0.032379318,0.02951634,0.12746422,0.0923042
99999E00022354,5,False,47,47.11,False,0.0,0.0,0.0,0.00070912903,0.00046299337,0.00048086207,0.8772088,0.0,0.00063035556,0.0015008065,0.036288563,0.0,0.0,0.015708387,0.000646966,0.029212123,0.029808333,0.005445856,0.0018968551
99999E00022435,6,False,84,84.1,False,0.0,0.011023308,0.0,0.0033959863,0.0027187464,0.0073126494,0.17143244,0.0015836608,0.0,0.0,0.03044903,0.0,0.0,0.05721264,0.0,0.2772838,0.04426834,0.3399437,0.053375803
99999E00022494,6,False,53,53.10,False,0.0,0.0,0.0,0.0,0.021013591,0.0,0.46138906,0.0,0.0,0.0,0.008303218,0.0,0.0,0.0,0.0029359558,0.0,0.50442606,0.0019321468,0.0
99999E00022565,5,False,45,45.20,True,0.0011021056,0.0060615106,0.010908755,0.033158626,0.014829223,0.004300051,0.27184388,0.0009228433,0.010530296,0.026484225,0.026258357,0.0136951115,0.0,0.0059339073,0.0,0.062057767,0.0024376595,0.2817585,0.22771725
99999E00022604,6,False,47,47.64,False,0.0,0.0,0.0,0.0,0.0052667353,0.012030938,0.8539171,0.0,0.0,0.00082748354,0.012972035,0.00045494526,0.0,0.0017973508,0.0,0.020904077,5.4612945e-05,0.053118397,0.038656205
99999E00022763,4,False,01,01.1,False,0.0,0.0,0.0,0.006569822,0.0,0.010511716,0.07942186,0.0,0.009270751,0.0,0.0446748,0.0,0.0,0.13183445,0.0,0.16796847,0.30556974,0.0,0.2441784
99999E00022827,1,False,60,60.10,False,0.0,0.0,0.0,0.0,0.0,0.0,0.0,0.0,0.0,0.0,0.0,0.0,0.0,0.0,0.0,0.0,1.0,0.0,0.0
99999E00023020,8,False,55,55.10,False,0.011700784,0.08777985,0.06578649,0.017544106,0.013334158,0.00086495286,0.01768465,0.004534305,0.0,0.0024900353,0.007124911,0.0013125255,0.0,0.0,0.025634965,0.6183488,0.113962,0.006196171,0.0057012895
99999E00023291,4,False,01,01.4,False,0.0,0.105025314,0.0,0.14633185,0.07930731,0.019591786,0.12276711,0.117186785,0.0517393,0.018833589,0.0,0.0576229,0.0,0.007187699,0.017923754,0.0077639283,0.06717617,0.0981409,0.08340157
99999E00023521,6,False,47,47.30,False,0.0,0.0012659776,0.0,0.0,0.009857753,0.0025429379,0.028468521,0.0014846283,0.040875703,0.0,0.0035892662,0.0,0.0,0.0,0.0,0.37232023,0.5294912,0.0035722933,0.006531566
99999E00023574,5,False,47,47.78,False,0.0036228832,0.013532856,0.0,0.0,0.007992796,0.006200595,0.6314927,0.0043593217,0.0053589507,0.0025798304,0.035403248,0.001951951,0.0,0.03016786,0.0044733533,0.038499575,0.050335195,0.14475787,0.019271147
99999E00023911,8,False,47,47.59,False,0.0,0.0,0.0,0.0073867785,0.00021602183,0.0,0.0040436946,0.0,0.0,0.007565434,0.0,0.018232241,0.007986967,0.003162092,0.004412683,0.2839811,0.20558621,0.30372083,0.15370594
99999E00023956,8,False,77,77.21,False,0.0,0.06314096,0.027068015,0.069239885,0.0044584763,0.0,0.11758627,0.0,0.00056751486,0.0011973929,0.005185656,0.0,0.0,0.0039268048,0.008435788,0.5368532,0.060238216,0.025106786,0.07699502
99999E00023984,3,False,84,84.11,False,0.0,0.015519468,0.0,0.0050951457,0.0,0.0,0.0409572,0.01145897,0.0032331096,0.0,0.0,0.0,0.0,0.0,0.0061312336,0.032450434,0.8837295,0.0014249434,0.0
99999E00024304,3,False,64,64.19,False,0.0,0.0031531318,0.0,0.0,0.0,0.0,0.0,0.005181623,0.008852853,0.0,0.0022755705,0.0,0.0,0.0,0.0,0.0022667171,0.97827005,0.0,0.0
99999E00024441,6,False,55,55.10,False,0.0,0.0,0.0,0.0,0.0,0.0,0.0,0.0,0.0,0.0,0.0,0.0,0.0,0.0,0.0,0.21035464,0.7896454,0.0,0.0
99999E00024469,6,False,47,47.11,False,0.0,0.012701452,0.002088441,0.0,0.014235355,0.0,0.05722366,0.019771082,0.0,0.0007404572,0.012382429,0.0,0.0,0.0,0.0,0.36452854,0.5163286,0.0,0.0
99999E00024491,3,False,46,46.71,False,0.0,0.0,0.0,0.0,0.0,0.0,0.0,0.0,0.34697688,0.0,0.0,0.0,0.0,0.0,0.0,0.0,0.6530231,0.0,0.0
99999E00024592,6,False,52,52.10,False,0.0,0.0019792898,0.0,0.0,0.01855383,0.015214784,0.035707675,0.0,0.0,0.0019873357,0.014941224,0.0,0.0019551523,0.01112747,0.004264323,0.004843628,0.8649497,0.024475608,0.0
99999E00024644,7,False,94,94.9,False,0.017644735,0.030211048,0.0008788388,0.025568185,0.022108046,0.12104035,0.112353906,0.019117061,0.0,0.10568384,0.06306286,0.01229409,0.0,0.10517375,0.0113542415,0.07677367,0.11907378,0.0458282,0.11183339
99999E00024726,4,False,01,01.50,False,0.0,0.051495012,0.0,0.099003315,0.0,0.0,0.25930232,0.0,0.07973421,0.0,0.0,0.033388704,0.0,0.0,0.0,0.0,0.0,0.38521594,0.09186046
99999E00024797,7,False,01,01.4,False,0.017272273,0.10478034,0.022539956,0.04920089,0.0,0.053966884,0.02562173,0.024761701,0.036873788,0.0,0.029348526,0.006593565,0.0,0.009711173,0.0,0.0030817748,0.20590556,0.19382928,0.21651259
99999E00024894,3,False,45,45.20,True,0.0,0.02003214,0.0,0.0018189001,0.0,0.005343053,0.21574812,0.0036835829,0.12813364,0.004779124,0.050196152,0.006029786,0.0012016484,0.0005434617,0.0,0.124826536,0.37661332,0.044469338,0.01658124
99999E00025005,6,False,56,56.30,False,0.0,0.025106726,0.0,0.0016502228,0.0006031108,0.0028475388,0.00043068852,0.0,0.09830385,0.00069528975,0.004400258,0.0,0.0,0.0,0.0,0.20777255,0.6570322,0.0,0.0011575614
99999E00025021,6,False,85,85.3,False,0.001831206,0.00446407,0.0,0.0,0.002488002,0.0,0.21007909,0.002278902,0.0019681295,0.0,0.11376696,0.0,0.0,0.0,0.0,0.12359624,0.536529,0.0029984058,0.0
99999E00025124,3,False,84,84.1,False,0.059567053,0.20544203,0.013174882,0.02257746,0.0,0.0011522975,0.04348872,0.031452674,0.010338715,0.005339259,0.029508907,0.004890115,0.0,0.015523214,0.08831561,0.10720656,0.29214528,0.028415488,0.041461684
99999E00025146,5,False,96,96.02,False,0.013857552,0.0032834383,0.0035077964,0.028919812,0.011530076,0.0065580965,0.12630507,0.005313395,0.0030707852,0.09095689,0.15192486,0.08043448,0.07796752,0.01003663,0.0009881529,0.0,0.31397218,0.038981803,0.032391515
99999E00025265,5,False,47,47.30,False,0.0,0.004615005,0.0,0.0005838153,0.0,0.008128068,0.793669,0.00049719325,0.0,0.0013939827,0.03859739,0.00044253244,0.0,0.0016843111,0.0,0.03833372,0.09598512,0.014731257,0.0013386796
99999E00025495,6,False,56,56.10,False,0.0,0.13069515,0.0,0.008491016,0.12447273,0.0,0.0024806461,0.0,0.0,0.0,0.0,0.0,0.0,0.0004985662,0.005005012,0.62453604,0.097302236,0.0,0.0065185986
99999E00025698,7,False,77,77.39,False,0.0020921344,0.0021343601,0.0016571211,0.0014800173,0.013461717,0.029381018,0.71869886,0.002640458,0.001519205,0.0040755155,0.0022276205,0.002579398,0.0034469948,0.0035563551,0.005360506,0.0037000435,0.0015106993,0.08041792,0.120060034
99999E00025804,6,False,56,56.30,False,0.0,0.0,0.0,0.0,0.0,0.0,0.0011531505,0.0,0.0005832455,0.0,0.0,0.0,0.0,0.0,0.0,0.926251,0.07201258,0.0,0.0
99999E00025817,6,False,56,56.10,False,0.0,0.0,0.0,0.0,0.01824906,0.00012505728,0.10207929,0.0,0.00084679015,0.0,0.0,0.0,0.0,0.000649898,0.012104101,0.8411694,0.02341571,0.0013607095,0.0
99999E00025915,6,False,64,64.19,False,0.0,0.0,0.0,0.0,0.0,0.0,0.059637196,0.0,0.0,0.0,0.0,0.0,0.0,0.0,0.0,0.006970291,0.9333925,0.0,0.0
99999E00025950,6,False,55,55.10,False,0.0,0.0005017562,0.0006049865,0.0,0.0005076281,0.0,0.0076725706,0.0,0.0,0.0,0.0,0.0,0.0,0.0,0.0005339565,0.91270494,0.076792665,0.00068150955,0.0
99999E00025989,1,False,68,68.10,False,0.0,0.0017165084,0.0,0.0,0.0,0.0,0.0,0.0,0.0,0.0,0.0,0.0,0.0,0.0025353932,0.0,0.002834601,0.9929135,0.0,0.0
99999E00026011,7,False,14,14.21,False,0.0021650193,0.011155245,0.0,0.01530692,0.017451445,0.052905433,0.43047312,0.008298227,0.0,0.024784843,0.10621915,0.0253305,0.012355756,0.0031612292,0.0,0.03974336,0.005188553,0.057700757,0.18776041
99999E00026039,6,False,47,47.76,False,0.0,0.0014516163,0.00028258216,0.0006041845,0.0014843431,0.03492376,0.73721,0.0053640264,0.00088078773,0.0,0.004757639,0.0,0.0,0.00049184397,0.021807915,0.09387109,0.054830063,0.022631746,0.019408485
99999E00026049,4,False,01,01.4,False,0.0,0.0,0.0,0.005752556,0.0,0.32389274,0.08819187,0.00074881216,0.0,0.10961349,0.06389397,0.0,0.0,0.0,0.011932005,0.0052066934,0.0,0.378535,0.012232931
99999E00026050,7,False,01,01.4,False,0.0,0.0028708624,0.0,0.0,0.003883679,0.15377328,0.28922114,0.0,0.0,0.07086803,0.04051996,0.025743034,0.0,0.09403166,0.0017706079,0.009210076,0.25939044,0.044855397,0.0038618199
99999E00026068,8,False,55,55.10,False,0.000743272,0.044813234,0.021125168,0.016807405,0.0050867354,0.0,0.010564639,0.0014921982,0.0,0.0,0.0016849554,0.0,0.0,0.0139273545,0.0041902857,0.7292462,0.101663776,0.002870541,0.045784216
99999E00026107,3,False,IL,IL.01,False,0.0,0.0,0.0,0.0,0.0,0.0,0.0,0.00056950527,0.99357784,0.0,0.0,0.0,0.0,0.0,0.0,0.0,0.005852636,0.0,0.0
99999E00026112,2,False,IL,IL.01,False,0.0,0.0,0.0,0.0,0.0,0.0,0.0,0.0,1.0,0.0,0.0,0.0,0.0,0.0,0.0,0.0,0.0,0.0,0.0
99999E00026147,2,False,IL,IL.01,False,0.0,0.0,0.0,0.0,0.0,0.0,0.0,0.0,1.0,0.0,0.0,0.0,0.0,0.0,0.0,0.0,0.0,0.0,0.0
99999E00026156,2,False,IL,IL.01,False,0.0,0.0024962318,0.0,0.0,0.0,0.0,0.0,0.0,0.99750376,0.0,0.0,0.0,0.0,0.0,0.0,0.0,0.0,0.0,0.0
99999E00026158,2,False,IL,IL.01,False,0.0,0.0,0.0,0.0,0.0,0.0,0.0,0.0,1.0,0.0,0.0,0.0,0.0,0.0,0.0,0.0,0.0,0.0,0.0
99999E00026159,2,False,IL,IL.01,False,0.0,0.0,0.0,0.0,0.0,0.0,0.0,0.0,1.0,0.0,0.0,0.0,0.0,0.0,0.0,0.0,0.0,0.0,0.0
99999E00026160,3,False,IL,IL.01,False,0.0,0.0,0.0,0.0,0.0,0.0,0.0,0.0,0.9973731,0.0,0.0,0.0,0.0,0.0,0.0,0.0,0.0026269297,0.0,0.0
99999E00026161,2,False,IL,IL.01,False,0.0,0.0,0.0,0.0,0.0,0.0,0.0,0.0005130573,0.99941146,0.0,0.0,0.0,0.0,0.0,0.0,0.0,7.540681e-05,0.0,0.0
99999E00026178,4,False,01,01.1,False,0.23419611,0.0,0.014559482,0.16276754,0.030985562,0.0018666004,0.048158288,0.0,0.0054753604,0.0,0.0,0.0,0.0,0.0,0.057864606,0.0,0.022274764,0.15256345,0.2692882
99999E00026193,3,False,84,84.24,False,0.0,0.0047555636,0.0,0.0,0.0042530587,0.0,0.017883737,0.002140083,0.041238252,0.0,0.0,0.0,0.0076222518,0.013320664,0.014194551,0.034833368,0.84971696,0.007927852,0.0021136818
99999E00026195,6,False,55,55.10,True,0.0,0.014398801,0.0,0.0,0.0138897225,0.001131955,0.04472451,0.0,0.0052696685,0.0,0.0040898956,0.0,0.0,0.0008078533,0.0022210428,0.7876644,0.10776665,0.0029359476,0.015099599
99999E00026465,3,False,62,62.09,True,0.00013258122,0.016852088,0.001971974,0.0013494188,0.0014356105,0.005234625,0.06559284,0.022521239,0.09895088,0.003730391,0.016945416,0.0041188016,0.0023247004,0.008211526,0.003809171,0.041039515,0.6923249,0.009514281,0.003940105
99999E00026471,1,False,60,60.10,False,0.0,0.0,0.0,0.0,0.0,0.0,0.0,0.0,0.0,0.0,0.0,0.0,0.0,0.0,0.0,0.0018904912,0.9981095,0.0,0.0
99999E00026481,8,False,47,47.78,False,0.0093577225,0.3041734,0.05294634,0.009763584,0.041919924,0.006210706,0.021629041,0.07043344,0.0046465797,0.005209434,0.015909728,0.0008235877,0.0022398275,0.009824836,0.02284028,0.37523067,0.035200167,0.0065459358,0.0050946553
99999E00026577,6,False,47,47.26,False,0.0014741174,0.006947156,0.0,0.0,0.0032987995,0.0,0.07752965,0.0,0.0028763087,0.0,0.0051577995,0.0,0.0,0.0008549881,0.0,0.8615914,0.03760786,0.0010850042,0.0015769361
99999E00026590,6,False,45,45.20,False,0.0,0.0028646751,0.0009092497,0.0035202166,0.032775108,0.036370337,0.16962074,0.0006954079,0.0,0.011406931,0.038259063,0.0,0.0018466031,0.02187996,0.0013640505,0.36065874,0.15024714,0.10066251,0.06691927
99999E00026591,6,False,69,69.20,False,0.0020826922,0.0,0.0065140333,0.0,0.00564172,0.0051416284,0.039250605,0.0,0.0,0.004996827,0.061374612,0.0025462913,0.0,0.0,0.0017198123,0.4684265,0.40230525,0.0,0.0
99999E00026594,2,False,IL,IL.01,False,0.0,0.0,0.0,0.0,0.0,0.0,0.0,0.0,1.0,0.0,0.0,0.0,0.0,0.0,0.0,0.0,0.0,0.0,0.0
99999E00026644,1,False,55,55.10,False,0.0,0.0,0.0,0.0,0.0,0.0,0.0,0.0,0.0,0.0,0.0,0.0,0.0,0.0,0.0,0.012567832,0.9874322,0.0,0.0
99999E00026650,3,False,41,41.20,True,0.0006688034,0.038697902,0.0035226843,0.0025041103,0.0,0.0,0.015019834,0.0010966908,0.18740264,0.0030689188,0.020301834,0.018554974,0.0011716211,0.0,0.0,0.26423284,0.3834552,0.02424999,0.03605188
99999E00026658,6,False,55,55.10,False,0.0,0.0,0.0,0.0,0.0,0.0,0.15326832,0.0,0.0,0.0,0.0,0.0,0.0,0.0,0.0,0.65012246,0.19660921,0.0,0.0
99999E00026701,6,False,55,55.10,False,0.0,0.0,0.0,0.0,0.0,0.0,0.013556489,0.0,0.0,0.0010446311,0.0026915395,0.0,0.0,0.0,0.0,0.8677093,0.11499808,0.0,0.0
99999E00026709,3,False,94,94.91,False,0.019953795,0.31074587,0.0074143745,0.02304159,0.0014142573,0.0027641857,0.15040363,0.0,0.14641556,0.0013946148,0.014849374,0.0009181214,0.0,0.0048994846,0.0,0.047096565,0.26031843,0.00543687,0.002933274
99999E00026719,6,False,55,55.10,False,0.0,0.00061190245,0.0,0.0,0.0005145164,0.0,0.005515064,0.0,0.0015297562,0.0,0.0,0.0,0.0,0.00037240787,0.0,0.7980548,0.19244103,0.00096048624,0.0
99999E00026723,8,False,96,96.02,False,0.0006856269,0.10124941,0.0,0.0063898987,0.0042988393,0.0014601185,0.2734026,0.011943442,0.0,0.0,0.0040466,0.0,0.0,0.0012798253,0.00073005934,0.43194917,0.0,0.0188761,0.14368838
99999E00026728,6,False,55,55.10,False,0.0,0.0,0.0003380265,0.0,0.0,0.0,0.18894038,0.0,0.0,0.0,0.020854324,0.0,0.0,0.0019040036,0.0,0.6556564,0.1323069,0.0,0.0
99999E00026745,6,False,56,56.10,False,0.0,0.0,0.0,0.00039010824,0.002077003,0.00045237277,0.6846552,0.0,0.0,0.0,0.004078304,0.0,0.0,0.00034680378,0.006576294,0.22315861,0.077285655,0.0009797114,0.0
99999E00026773,6,False,94,94.91,False,0.0,0.0033684745,0.0,0.0,0.0,0.0,0.36852252,0.0,0.0,0.0,0.07422134,0.0,0.0,0.0,0.0,0.3843094,0.16837376,0.0012044888,0.0
99999E00026778,6,False,55,55.10,False,0.0,0.0,0.0,0.0,0.0,0.0,0.0008861691,0.0,0.0,0.0,0.0,0.0,0.0,0.0,0.0,0.61879575,0.38031814,0.0,0.0
99999E00026835,3,False,36,36.00,False,0.0,0.00714984,0.0,0.0,0.0,0.0,0.0019250014,0.015846536,0.009626828,0.0,0.0014935443,0.0,0.0,0.0,0.0,0.0022788097,0.93999684,0.0,0.021682631
99999E00026850,5,False,16,16.23,False,0.0,6.4661845e-06,0.0,0.0,0.0004526329,0.016523974,0.7319807,0.0,1.7602391e-05,0.013946841,0.014963469,0.005803759,0.0007497182,0.02852126,9.340045e-06,1.724316e-05,0.00055142184,0.1860817,0.000373961
99999E00026858,6,False,55,55.10,False,0.0,0.0007523682,0.00057122414,0.0,0.011810014,0.0,0.08374381,0.0,0.0,0.0,0.0,0.0,0.0,0.0006282969,0.019809552,0.8451896,0.037495166,0.0,0.0
99999E00026886,6,False,14,14.13,False,0.0013050555,0.0,0.0071182926,0.0,0.044671025,0.0,0.112177886,0.0,0.0,0.0056678792,0.063099794,0.0,0.0,0.027807476,0.004869468,0.021865735,0.7029256,0.008491813,0.0
99999E00026888,1,False,55,55.30,False,0.0,0.0,0.0,0.0,0.0,0.0,0.0,0.0,0.0,0.0,0.0,0.0,0.0,0.0,0.0,0.0016768737,0.9930738,0.0052493443,0.0
99999E00026907,8,False,52,52.10,False,0.020125952,0.0,0.012471971,0.022811238,0.08017043,0.016061487,0.0014385466,0.016997686,0.0062200017,0.0,0.0072932034,0.0,0.0,0.04050765,0.1202625,0.072521016,0.51420504,0.05487485,0.014038389
99999E00026914,6,False,55,55.10,True,0.0,0.1294766,0.0,0.0022832518,0.007417359,0.0014576743,0.019281626,0.005483811,0.019827629,0.0,0.0041197464,0.0,0.0,0.007420803,0.0071712825,0.6455712,0.14510983,0.003737169,0.0016420753
99999E00026956,5,False,23,23.70,False,0.0,0.0,0.0,0.0,0.0022395132,0.013261361,0.622439,0.0,0.0,0.0017923235,0.026935788,0.0,0.0,0.04382407,0.0010894516,0.066832945,0.08855729,0.122829944,0.010198265
99999E00026965,6,False,10,10.51,False,0.0,0.0,0.0,0.0,0.0,0.0,0.8641354,0.0,0.0,0.0,0.050833307,0.0,0.0,0.0,0.0,0.00056034024,0.084470965,0.0,0.0
99999E00026993,6,False,41,41.20,True,0.0,0.0,0.0,0.0,0.0,0.0,0.03133214,0.0,0.023534335,0.0,0.010819303,0.0,0.0,0.0014494434,0.0,0.42316824,0.5056281,0.0040684585,0.0
99999E00026996,6,False,56,56.10,False,0.0,0.0005038888,0.0,0.0,0.0027767045,0.0,0.56949264,0.0,0.0,0.0,0.0006749886,0.0,0.0,0.0,0.0014244055,0.37659937,0.048528045,0.0,0.0
99999E00027055,6,False,55,55.10,False,0.0013139633,0.0,0.0003476042,0.0,0.028630696,0.0,0.17209262,0.0,0.0,0.00036394387,0.0017911417,0.0,0.0,0.0,0.0037464867,0.045063443,0.7459761,0.0,0.0006739937
99999E00027064,6,False,33,33.20,False,0.0,0.0048556267,0.002312048,0.009074297,0.0067221737,0.0059169857,0.28933272,0.0,0.004198845,0.0,0.0624658,0.0,0.0,0.0014366221,0.0,0.3694655,0.19949633,0.028448798,0.016274258
99999E00027094,6,False,47,47.72,False,0.0,0.0021437644,0.0,0.0,0.00735478,0.01406412,0.66634023,0.0,0.0,0.0,0.0,0.0,0.0,0.0007896189,0.0,0.25057614,0.015340786,0.0038599945,0.03953046
99999E00027159,4,False,55,55.10,False,0.0,0.005057209,0.0007347958,0.014582536,0.094468296,0.0017523166,0.0828399,0.0038809567,0.001199893,0.0023737329,0.00083321886,0.0014435385,0.011478831,0.00929133,0.013480101,0.66912585,0.053519953,0.019279342,0.014658283
99999E00027247,8,False,49,49.41,False,0.0030109584,0.008169194,0.0037802872,0.0050027114,0.09465648,0.05994233,0.08008071,0.007386387,0.0155618,0.0062147668,0.022457767,0.003522116,0.0,0.045455724,0.029362028,0.051396765,0.39026436,0.13263044,0.04110518
99999E00027270,4,False,01,01.1,False,0.0,0.0050321496,0.0,0.0,0.2773274,0.0,0.0,0.0,0.0,0.0,0.0,0.0,0.0,0.15431926,0.0,0.0,0.0044730217,0.45401174,0.10483646
99999E00027379,7,False,96,96.02,False,0.0015000578,0.0,0.007808094,0.01512614,0.04625027,0.04003985,0.2822281,0.0,0.0,0.0020015205,0.029516224,0.00095254264,0.0010210312,0.0047985315,0.0052417396,0.029544957,0.09767419,0.18988463,0.24641213
99999E00027464,1,False,36,36.00,False,0.0,0.003953443,0.0,0.0,0.0,0.0,0.00025822103,0.0009031823,0.008985107,0.0,0.0,0.0,0.0,0.0,0.0,0.017558636,0.9672486,0.0003853604,0.00070744683
99999E00027466,6,False,55,55.10,False,0.0006472368,0.0,0.00078445347,0.0,0.0055546663,0.0,0.017662736,0.0,0.0,0.00076210615,0.0012291025,0.0,0.0,0.0017196994,0.0,0.82889116,0.14146145,0.0012873725,0.0
99999E00027494,2,False,IL,IL.01,False,0.0,0.0017891283,0.0,0.0,0.0,0.0,0.0,0.00061110716,0.994493,0.0,0.0,0.0,0.0,0.0,0.0,0.0,0.0031067776,0.0,0.0
99999E00027518,6,False,55,55.20,False,0.00074426614,0.024456985,0.0038382963,0.0,0.0067866244,0.0,0.0025285915,0.0,0.00266343,0.0,0.0013447568,0.0,0.0006029222,0.00057705963,0.0015045424,0.5596162,0.3054544,0.0,0.08988199
99999E00027520,8,False,47,47.64,False,0.0016287947,0.017032478,0.022368783,0.03576167,0.06637436,0.0,0.21171995,0.0023110283,0.0,0.0,0.01476709,0.00501963,0.0,0.020916926,0.030503886,0.44314334,0.029966578,0.03832578,0.06015963
99999E00027529,6,False,56,56.30,False,0.0,0.0,0.0,0.0,0.0004057194,4.2682652e-05,0.008275544,0.0,0.0,0.0,0.0,0.0,0.0,0.00020375525,0.00026655302,0.9686671,0.022034429,0.00010424046,0.0
99999E00027541,5,False,84,84.11,False,0.0,0.0,0.0,0.0,0.019765807,0.0027194535,0.17447296,0.0,0.0022262197,0.022235088,0.04247547,0.080769114,0.013636372,0.010992015,0.02104644,0.020776272,0.49031973,0.098565094,0.0
99999E00027550,7,False,95,95.24,False,0.0072420617,0.015856398,0.00011703563,0.013348492,0.00056588656,0.24058667,0.4322383,0.0,0.014378666,0.0,0.12498247,0.0,0.0,0.00047585915,0.0,0.001190934,0.046810392,0.00040383724,0.10180299
99999E00027572,4,False,47,47.4,False,0.0,0.012027719,0.0,0.0,0.068225496,0.0025199456,0.6599994,0.0,0.013714894,0.0,0.0,0.0,0.0,0.0,0.0,0.10446067,0.008330468,0.012333418,0.118388064
99999E00027595,2,False,IL,IL.01,False,0.0,0.0,0.0,0.0,0.0,0.0,0.0,0.0,1.0,0.0,0.0,0.0,0.0,0.0,0.0,0.0,0.0,0.0,0.0
99999E00027675,6,False,56,56.30,False,0.0,0.0049749827,0.0,0.00041097496,0.00062691764,0.0,0.014460809,0.009661844,0.0059699477,0.0,0.0,0.0,0.0,0.002795515,0.00023511388,0.6178499,0.34067613,0.0023239038,1.3953462e-05
99999E00027801,4,False,47,47.59,False,0.0,0.35948673,0.0,0.0004961984,0.003551202,0.0,0.002583615,0.0,0.0006473134,0.004507512,0.00051311427,0.0,0.0,0.25236088,0.35089123,0.0029557638,0.009739021,0.0058788233,0.0063885543
99999E00027836,5,False,10,10.51,False,0.0,0.0046533253,0.0006640809,0.0,0.0,0.00272128,0.74937856,0.0,0.0,0.0017609682,0.06086488,0.004256685,0.0,0.020223893,0.0,0.023204762,0.09880767,0.032069802,0.0013940702
99999E00027846,5,False,08,08.11,False,0.0,0.004877611,0.0,0.0,0.0057610744,0.0014586335,0.7979354,0.0,0.0006626955,0.0018466387,0.03953041,0.0,0.0,0.00074514176,0.0,0.09813208,0.039398342,0.009652066,0.0
99999E00027851,6,False,47,47.11,False,0.0,0.0,0.0,0.0,0.0,0.0,0.0014834178,0.0,0.0,0.0,0.0,0.0,0.0,0.0,0.0,0.7876184,0.21089819,0.0,0.0
99999E00027928,5,False,18,18.12,False,0.0,0.0,0.0,0.0,0.0,0.035801023,0.7645405,0.0,0.0010689077,0.008038958,0.074954174,0.0033089567,0.0,0.013087019,0.0,0.00045323503,0.01182046,0.086837105,8.973827e-05
99999E00028039,3,False,45,45.20,True,0.0015557378,0.011528966,0.0002888519,0.0013190265,0.0021467167,0.06368737,0.31006876,0.0026727596,0.030983126,0.038506392,0.0956031,0.16610008,0.0047660563,0.0714056,0.0,0.041779887,0.01883695,0.08827161,0.05047903
99999E00028083,8,False,52,52.10,False,0.0,0.0,0.0,0.0,0.0,8.418266e-05,0.0,0.0,8.47099e-05,0.0,0.0,0.0,0.0,0.0,0.0,0.30625746,0.6935737,0.0,0.0
99999E00028124,3,False,84,84.11,False,0.0,0.0012538314,0.00018340215,0.0017626781,0.0046419813,0.002825554,0.018518321,0.0,0.0026713521,0.00041336875,0.003567453,0.0,0.0024683757,0.0103013795,0.0061091525,0.089783,0.76138175,0.076842874,0.017275544
99999E00028257,5,False,16,16.23,False,0.0,0.0052344347,0.0,0.0,0.00043109705,0.009934001,0.7097448,0.0,0.00051941397,0.017353177,0.012347813,0.0115695195,0.00014848284,0.014049018,4.0846586e-05,0.12724817,0.004281716,0.08704187,5.5750068e-05
99999E00028387,1,False,56,56.30,False,0.0,0.0,0.0,0.0,0.0,0.0,0.0,0.0,0.0,0.0,0.0,0.0,0.0,0.0,0.0,0.038328376,0.96167165,0.0,0.0
99999E00028428,6,False,47,47.11,True,0.0,0.0,0.0,0.0,0.0,0.0,0.0024714468,0.0,0.0,0.0,0.0,0.0,0.0,0.0,0.0,0.87460726,0.12292129,0.0,0.0
99999E00028510,3,False,55,55.10,True,0.0025025255,0.1804328,0.02708128,0.0,0.0,0.0,0.0,0.008602901,0.21049787,0.0,0.0,0.0,0.0,0.0,0.0,0.322219,0.24866363,0.0,0.0
99999E00028531,6,False,47,47.78,False,0.00040724236,0.024795655,0.0,0.0013168707,0.0,0.0,0.0023807462,0.00021983881,0.0028124952,0.0,0.00029407945,0.0,0.0,0.0006962764,0.0004569764,0.5396776,0.42559135,0.0005420288,0.0008087185
99999E00028547,5,False,85,85.59,False,0.0,0.0,0.0,0.0,0.0038338401,0.0,0.3553273,0.0,0.0,0.0,0.008112855,0.0,0.0,0.016007124,0.0,0.25856215,0.28976977,0.06673473,0.001652214
99999E00028557,1,False,47,47.30,False,0.0,0.0,0.0,0.0,0.0,0.0,0.0,0.0,0.0,0.0,0.0,0.0,0.0,0.0,0.0,0.029871624,0.97012836,0.0,0.0
99999E00028622,8,False,56,56.10,False,0.0,0.0016686074,0.0030529525,0.0006564804,0.021827016,0.0,0.5538171,0.0020535728,0.0005455799,0.0,0.0012772687,0.0,0.0,0.0031848857,0.012821126,0.26720792,0.13040377,0.0014837732,0.0
99999E00028624,6,False,55,55.10,True,0.0,0.0,0.0,0.0,0.0054242355,0.0,0.02988537,0.0,0.0054468242,0.00023406847,0.0010543461,0.0002401736,0.0,0.00043761157,0.0,0.9170092,0.03978261,0.00024542393,0.00024005146
99999E00028642,6,False,55,55.10,False,0.0,0.0,0.0,0.0,0.03728254,0.00066008203,0.1227146,0.0011688654,0.0,0.0,0.0,0.0,0.0,0.0,0.0,0.80493474,0.033239175,0.0,0.0
99999E00028653,6,False,47,47.78,False,0.0,0.010333617,0.0,0.003994403,0.0030300256,0.005087339,0.38180178,0.0,0.0,7.5579286e-05,0.0,0.0,0.0,0.0,0.0,0.46822652,0.014584953,0.007903594,0.10496223
99999E00028698,6,False,82,82.99,False,0.0,0.004228094,0.0,0.0,0.0,0.0,0.65836895,0.0,0.0,0.0,0.0,0.0,0.0,0.0,0.0,0.18843596,0.116945244,0.032021746,0.0
99999E00028728,6,False,49,49.39,False,0.0068824,0.049764097,0.004987953,0.0,0.060480148,0.00377874,0.13186699,0.018975196,0.0,0.0023815522,0.08401832,0.002647149,0.0,0.14048058,0.066067435,0.3178338,0.07402464,0.033798374,0.0020126828
99999E00028773,1,False,61,61.10,False,0.0,0.0,0.0,0.0,0.0,0.0,0.0,0.0,0.0,0.0,0.0,0.0,0.0,0.0,0.0,0.0,1.0,0.0,0.0
99999E00028864,6,False,84,84.1,False,0.0,0.005535639,0.0,0.0,0.00213883,0.0,0.4407273,0.005355179,0.0,0.0,0.028630774,0.0,0.0,0.0,0.0,0.14147146,0.3744454,0.0016954775,0.0
99999E00028875,6,False,47,47.79,False,0.0,0.0,0.0,0.006365536,0.026943656,0.0001736715,0.27284074,0.0,0.0,0.0005941688,0.0,0.0,0.0,0.0009699918,0.00056680583,0.063897714,0.033057343,0.018041734,0.5765487
99999E00028884,3,False,55,55.10,False,0.0,0.0,0.0,0.0,0.0,0.0,0.0,0.0,0.0415676,0.0,0.0,0.0,0.0,0.0,0.0,0.53636754,0.42206484,0.0,0.0
99999E00028886,6,False,64,64.19,False,0.0,0.0,0.0,0.0,0.0,0.0,0.4261263,0.0,0.0,0.0,0.0056078825,0.0,0.0,0.0,0.0,0.04163785,0.52662796,0.0,0.0
99999E00028952,6,False,47,47.78,False,0.0,0.0,0.0,0.0,0.0,0.0,0.65417993,0.0,0.0,0.0,0.0028545074,0.0,0.0,0.0,0.0,0.34296554,0.0,0.0,0.0
99999E00028955,7,False,96,96.0,False,0.0,0.008953643,0.0033916044,0.016346835,0.06110061,0.08786289,0.10812467,0.00039582752,0.00257709,0.058876034,0.11147297,0.037088677,0.0,0.13212578,0.06449101,0.044313435,0.088243075,0.14810327,0.026532475
99999E00028961,1,False,55,55.10,False,0.0,0.002431146,0.0,0.0,0.0,0.0,0.0,0.0,0.0,0.0,0.0037093558,0.0,0.0,0.0,0.0,0.001081807,0.9927777,0.0,0.0
99999E00029023,5,False,16,16.23,False,0.0,0.0,0.0018522154,0.00027903597,0.00531778,0.036497377,0.49723753,0.0018144166,0.0010693625,0.043913387,0.09356868,0.0060427138,0.0174921,0.07957233,0.0022294135,0.008734049,0.021995265,0.17227551,0.010108821
99999E00029111,4,False,47,47.64,False,0.0,0.007978513,0.0,0.0,0.0028454661,0.005641682,0.7087265,0.0,0.009302322,0.0011471872,0.0054124147,0.0023240945,0.0,0.0020854864,0.0,0.007142961,0.04024496,0.134485,0.072663404
99999E00029139,6,False,01,01.1,False,0.0,0.008604988,0.0028465171,0.005274963,0.0066091544,0.07154464,0.16967495,0.0,0.014483428,0.0018758657,0.021503381,0.00018904071,0.0,0.096945174,0.010702614,0.032504097,0.33576176,0.1914837,0.029995674
99999E00029144,7,False,96,96.02,False,0.0021125788,0.0,0.005982883,0.0,0.003088524,0.077501394,0.15694483,0.0,0.010276963,0.028400872,0.21080023,0.0023827557,0.0017585132,0.016782477,0.0007286112,0.011692044,0.18535437,0.2804397,0.005753272
99999E00029153,5,False,85,85.10,False,0.0,0.0,0.0057720663,0.0,0.022327023,0.004466343,0.53681505,0.0,0.0,0.020657921,0.17632824,0.0,0.0,0.0155326165,0.068672225,0.0048369938,0.13714083,0.007450786,0.0
99999E00029156,5,False,16,16.23,False,0.0,0.0,0.0,0.0,0.0013196762,0.039608013,0.309775,0.0,0.0,0.0040969052,0.09611576,0.0,0.0,0.11828463,0.0014707778,0.031240027,0.3138449,0.072880454,0.011363847
99999E00029159,8,False,52,52.10,False,0.016230876,0.042393014,0.026419085,0.03803731,0.038835704,0.020206625,0.10865183,0.045438685,0.017594488,0.01777371,0.08112797,0.0052620084,0.0,0.019960994,0.014947635,0.24335825,0.14444678,0.044994585,0.074320495
99999E00029182,6,False,25,25.11,False,0.014750192,0.015186423,0.008289451,0.0024998318,0.035098456,0.0046891444,0.40194106,0.017199371,0.007999292,0.0042014793,0.09399707,0.0027468568,0.0,0.04207751,0.011429192,0.22395739,0.074267216,0.039670046,0.0
99999E00029213,5,False,85,85.3,False,0.0,0.0,0.0,0.0,0.0016400415,0.0023169152,0.70456433,0.0,0.0056392383,0.0016524319,0.108234785,0.0015835646,0.00054743147,0.0,0.0,0.028901976,0.13392787,0.009176485,0.001814884
99999E00029221,7,False,41,41.20,False,0.0021555182,0.032803446,0.009577997,0.047254786,0.09081915,0.023404554,0.06602341,0.007820262,0.0,0.01554472,0.013239253,0.008332587,0.0044755638,0.0043672672,0.07848585,0.026809646,0.15192133,0.11213484,0.3048298
99999E00029241,6,False,55,55.10,True,0.0,0.062031932,0.0,0.0,0.0006348577,0.0,0.0018482744,0.0,0.09323365,0.0,0.0,0.0,0.0,0.0,0.0,0.60344446,0.23880687,0.0,0.0
99999E00029288,6,False,01,01.50,False,0.0,0.0,0.007563249,0.0161471,0.006669292,0.0,0.006210208,0.0,0.0011211712,0.001151901,0.009760894,0.0,0.003910131,0.0010694893,0.0016221594,0.2808911,0.6564774,0.0029086198,0.004497256
99999E00029297,6,False,55,55.10,True,0.0,0.0011769626,0.0,0.00040210204,0.0,0.0,0.0024906467,0.0,0.07349487,0.0,0.0,0.0,0.0,0.0,0.0,0.8302167,0.09179986,0.00041886972,0.0
99999E00029399,3,False,45,45.20,True,0.0011958503,0.24574326,0.0,0.0019686734,0.0014246309,0.0,0.004066161,0.005404427,0.18703307,0.0,0.008132263,0.0012656804,0.001128893,0.0,0.0,0.39134032,0.13030659,0.0046789194,0.016311372
99999E00029411,6,False,10,10.71,False,0.0,0.0,0.0,0.0,0.0,0.0,0.2052753,0.0,0.0,0.0,0.0035276613,0.0,0.0,0.0,0.0,0.18805632,0.6031408,0.0,0.0
99999E00029412,6,False,47,47.51,False,0.0,0.0,0.0,0.0,0.007404061,0.0036421907,0.4162368,0.0,0.0,0.0,0.0,0.0,0.0,0.0,0.0,0.1028962,0.065175645,0.031721007,0.37292406
99999E00029447,6,False,01,01.41,False,0.0,0.0005218431,0.0,0.0,0.00023147734,0.00014766693,0.04177192,0.0,0.0005145834,0.0,0.0014120424,0.0014365994,0.0,0.0,0.0,0.79688126,0.15708259,0.0,0.0
99999E00029465,3,False,93,93.1,False,0.034561045,0.2910792,0.009918258,0.024468495,0.006438068,0.00065317,0.02088452,0.0046139304,0.0381264,0.0011878895,0.00090135215,0.005778129,0.06412291,0.013979419,0.0043736445,0.14680533,0.15704848,0.030384254,0.14467548
99999E00029574,8,False,45,45.20,False,0.021926267,0.045477714,0.036547106,0.015419756,0.17748956,0.0,0.08438166,0.0,0.0,0.0015698969,0.02770431,0.0018802439,0.0011605582,0.19360246,0.07996974,0.26676792,0.020011097,0.014824409,0.011267293
99999E00029583,6,False,56,56.10,False,0.0,0.0,0.0,0.0,0.0034972765,0.0,0.017123181,0.0,0.0,0.0,0.0019897372,0.0,0.0,0.0,0.0,0.39277342,0.58461636,0.0,0.0
99999E00029604,7,False,16,16.29,False,0.0005669268,0.0006379926,0.00026507227,0.006396218,0.0043764915,0.18570623,0.39541337,0.00031354892,0.0,0.006074773,0.015925026,0.0,0.0,0.04414143,0.0023749557,0.0010389993,0.015766503,0.112729885,0.20827255
99999E00029636,3,False,49,49.4,False,0.0018385676,0.0196614,0.003715612,0.0,0.0,0.0,0.008420017,0.0023900995,0.0,0.0,0.0009015923,0.0,0.0,0.0,0.0,0.08666761,0.87451446,0.0018906756,0.0
99999E00029650,6,False,47,47.59,False,0.0,0.0045930617,0.0,0.0,0.0067048045,0.0,0.3059947,0.0,0.004122067,0.0052926787,0.048146356,0.0,0.0,0.03162457,0.0052643158,0.26701212,0.24602619,0.06644211,0.008777011
99999E00029721,6,False,56,56.30,False,0.0,0.053300694,0.0,0.0009975464,0.0067349905,0.0,0.010362026,0.014574759,0.0,0.0,0.00032926016,0.0,0.0,0.004531968,0.01770936,0.7307258,0.15775785,0.0016925434,0.001283151
99999E00029722,3,False,94,94.99,False,0.0,0.0,0.0,0.000249448,0.0,0.0075845625,0.016114086,0.0,0.02397079,0.011829899,0.046611555,0.006428097,0.0032332018,0.0028466848,0.0004538719,0.04777474,0.83100224,0.0019008156,0.0
99999E00029733,6,False,55,55.10,False,0.0,0.00071446603,0.0,0.0,0.0006867383,0.0,0.011650528,0.0006710753,0.0,0.0,0.0025805868,0.0,0.0,0.0010449769,0.0,0.8453696,0.13661304,0.0006690645,0.0
99999E00029737,6,False,47,47.71,False,0.0,0.0,0.0,0.00020157272,0.004428674,0.0050029033,0.703777,0.0,0.00065886276,0.00016291169,0.00011765577,0.0,0.0,0.00025691206,0.00018862198,0.029843707,0.025584826,0.026767502,0.2030089
99999E00029782,3,False,25,25.73,False,0.0049492656,0.040803343,0.009563628,0.013442714,0.015311927,0.0041083586,0.06896571,0.08011984,0.47391587,0.0027374048,0.017728295,0.0104350615,0.016403358,0.023737743,0.027780725,0.04478554,0.11084815,0.018919595,0.015443492
99999E00029825,4,False,47,47.64,False,0.0,0.009570955,0.0,0.020856535,0.008729534,0.0067514414,0.53937757,0.0,0.002647214,0.00045458484,0.0042694164,0.0017033338,0.0024218033,0.0,0.0,0.099875666,0.019963674,0.059781875,0.22359633
99999E00029838,3,False,43,43.22,True,0.0008389886,0.13101247,0.041761447,0.013317715,0.0028880585,0.0,0.004745471,0.0047279247,0.10495598,0.0,0.008334849,0.009912048,0.0,0.0060208626,0.0,0.5038232,0.1538599,0.0062542856,0.007546698
99999E00029842,4,False,49,49.39,False,0.0,0.0,0.0,0.0,0.0011275922,0.0026571336,0.95705897,0.0,0.0,0.0,0.002433038,0.0,0.0,0.00045530536,0.0015579979,0.0017998789,0.031579692,0.0013303452,0.0
99999E00029879,3,False,56,56.10,False,0.0,0.0,0.0,0.0004708601,0.0027985384,0.0,0.012828753,0.012744416,0.08255728,0.0,0.0,0.0007152306,0.036345635,0.0,0.0014759578,0.023159862,0.8161366,0.0041707875,0.0065961145
99999E00029934,5,False,85,85.3,False,0.0,0.0061406503,0.0,0.0,0.0009810748,0.0021310772,0.37329036,0.0,0.014938407,0.018104484,0.37030014,0.004200843,0.0011271357,0.0,0.0,0.024034478,0.18475135,0.0,0.0
99999E00029963,3,False,68,68.31,False,0.0,0.0,0.0,0.0,0.0,0.0,0.0,0.0,0.51170933,0.0,0.0,0.0,0.0,0.0,0.0,0.0137796765,0.474511,0.0,0.0
99999E00029973,6,False,47,47.78,False,0.00091660273,0.06324209,0.0,0.003484767,0.00070072606,0.009637603,0.28920877,0.046295423,0.17288162,0.0,0.0043814587,0.0,0.0,0.004235096,0.0050528427,0.017745204,0.024059424,0.14838485,0.20977348
99999E00029976,5,False,71,71.12,False,0.0,0.0,0.0019611728,0.016081328,0.0045210724,0.0,0.41644803,0.0,0.0,0.0010706475,0.010981703,0.0,0.0,0.0,0.0,0.3775531,0.06521151,0.0031434963,0.10302785
99999E00029979,6,False,55,55.10,False,0.0,0.004444714,0.0014061701,0.0015461777,0.0010449919,0.0,0.005421603,0.0,0.0,0.0,0.0,0.0,0.0,0.0,0.0020526408,0.67648757,0.3062953,0.0013008196,0.0
99999E00030002,3,False,49,49.4,False,0.0,0.0,0.0,0.0,0.0009132703,0.0072060605,0.013794212,0.0,0.023250697,0.002915297,0.0,0.0,0.0,0.0017993526,0.0023591784,0.0021429101,0.9408018,0.0048172222,0.0
99999E00030069,1,False,61,61.20,False,0.0,0.0,0.0,0.0,0.0,0.0,0.0,0.0,0.0,0.0,0.0,0.0,0.0,0.0,0.0,0.0,1.0,0.0,0.0
99999E00030080,6,False,94,94.91,False,0.0020361433,0.0115453815,0.001344816,0.025640827,0.0084506925,0.033424385,0.14132415,0.0026871506,0.004769817,0.0037208847,0.017888285,0.0,0.0,0.022966703,0.0,0.14809631,0.07351144,0.004237597,0.49835545
99999E00030103,6,False,56,56.10,False,0.0,0.0030587034,0.0,0.0,0.0039558155,0.0,0.22004755,0.0,0.0,0.0,0.0,0.0,0.0,0.0,0.0017968699,0.6679064,0.103234716,0.0,0.0
99999E00030114,3,False,49,49.39,False,0.0,0.036169026,0.0,0.0,0.020598602,0.00021243386,0.46188706,0.019611273,0.14799215,0.0,0.00020264694,0.0,0.0,0.0014530707,0.14367726,0.04016785,0.12663707,0.0013914707,0.0
99999E00030124,3,False,43,43.21,True,0.010714887,0.009429367,0.0,0.0017039055,0.0031662546,0.0021866842,0.026154801,0.0023548394,0.22889186,0.013953208,0.07276881,0.074854404,0.09411184,0.00635453,0.001153064,0.05037548,0.3415965,0.019828962,0.04040061
99999E00030125,7,False,47,47.64,False,0.016140757,0.12816021,0.00051777874,0.2069024,0.033456475,0.13379602,0.1259696,0.05637814,0.0,0.0026785096,0.023409575,0.0,0.0,0.0040426576,0.0,0.01048502,0.0,0.10207212,0.15599081
99999E00030126,6,False,47,47.64,False,0.0026289106,0.011977319,0.0,0.013205654,0.004474837,0.011427939,0.5955631,0.0009715539,0.0,0.0016536695,0.023384452,0.0,0.0,0.0,0.0,0.25103462,0.0019681277,0.002297334,0.07941248
99999E00030131,8,False,55,55.10,False,0.0,0.0944048,0.0,0.0,0.0020819653,0.00017660622,0.023611719,0.011053887,0.0017327018,0.0023981407,0.028490653,0.0,0.0,0.017696297,0.0014678604,0.65814275,0.15413311,0.0023582445,0.0022513547
99999E00030151,1,False,61,61.20,False,0.0,0.0,0.0,0.0,0.0,0.0,0.0,0.0,0.0,0.0,0.0,0.0,0.0,0.0,0.0,0.0,1.0,0.0,0.0
99999E00030183,1,False,10,10.51,True,0.0,0.0,0.0,0.0,0.0,0.0,0.0,0.0,0.00010181207,0.0,0.0012434034,0.0,0.0,0.0,0.0,0.0,0.9986548,0.0,0.0
99999E00030233,5,False,16,16.23,False,0.0,0.0,0.0,0.0038670243,0.012594508,0.019676758,0.499868,0.0,0.0,0.014638188,0.048587702,0.0004736856,0.0,0.030700505,0.0,0.020699367,0.019021891,0.23083764,0.09903483
99999E00030454,6,False,10,10.85,False,0.0,0.0,0.00024188719,0.0002615276,0.0007214912,0.0010179508,0.20099819,0.0,0.0,0.00035349178,0.01438024,0.00020449555,0.0,0.000747512,0.00021625843,0.76928294,0.0073454436,0.0034173604,0.00081124535
99999E00030512,6,False,49,49.12,True,0.0,0.0,0.0022605853,0.004907483,0.009394842,0.0,0.43649513,0.00047522062,0.015574901,0.00030585675,0.0042009125,0.0,0.0,0.00018532977,0.0069329618,0.48334023,0.025774926,0.007155232,0.0029962691
99999E00030549,8,False,43,43.22,False,0.008068055,0.09626975,0.027253889,0.018669369,0.05477236,0.0017134431,0.086589,0.11879004,0.0036735102,0.0050498717,0.06785765,0.017815823,0.001179895,0.11737776,0.0217261,0.16755515,0.084312,0.0807629,0.020563507
99999E00030588,7,False,47,47.78,False,0.0,0.19479568,0.0,0.081916906,0.0,0.0024463595,0.0027355095,0.0,0.0,0.0,0.0,0.0,0.0,0.0046444694,0.0021048968,0.0,0.00037475344,0.24910544,0.46187598
99999E00030599,1,False,61,61.10,False,0.0,0.0,0.0,0.0,0.0,0.0,0.0,0.0,0.0,0.0,0.0,0.0,0.0,0.0,0.0,0.0,1.0,0.0,0.0
99999E00030602,6,False,47,47.59,False,0.0,0.0,0.0,0.00503391,0.002648728,0.0,0.069380745,0.0,0.0,0.0,0.0,0.0,0.0,0.0,0.004908773,0.57452744,0.21381697,0.055701014,0.07398236
99999E00030631,7,False,16,16.2,False,0.0,0.002200432,0.0,0.011430248,0.010490257,0.14182349,0.06600884,0.0,0.0034337582,0.020685537,0.0404204,0.017693017,0.0,0.023032226,0.010607757,0.016224692,0.5160259,0.092070565,0.02785296
99999E00030715,6,False,47,47.11,False,0.0,0.00085126975,0.0,0.0,0.00046946655,0.0,0.009526982,0.0,0.0,0.0,0.0,0.0,0.0,0.0,0.0,0.9242838,0.0628424,0.0020261058,0.0
99999E00030794,1,False,61,61.10,False,0.0,0.0,0.0,0.0,0.0,0.0,0.0,0.0,0.0,0.0,0.0,0.0,0.0,0.0,0.0,0.0,1.0,0.0,0.0
99999E00030835,3,False,55,55.10,False,0.0,0.07176167,0.0,0.0,0.005266783,0.0,0.02625218,0.036928877,0.006101176,0.0,0.009601332,0.0,0.0026640575,0.006769133,0.0,0.27881142,0.54778755,0.0068735424,0.0011822359
99999E00030838,6,False,47,47.25,False,0.0,0.0019288737,0.0,0.0041455934,0.03746449,0.009810573,0.5023589,0.00067743217,0.001780046,0.0,0.008296511,0.0007503044,0.0049903514,0.0,0.0022610035,0.35452315,0.015459017,0.0060486807,0.04950523
99999E00030863,6,False,56,56.30,False,0.0,0.002988437,0.0,0.0,0.0018362496,0.00010356806,0.004498479,0.0,0.00042977545,0.0,4.2196556e-05,0.0,4.202171e-05,3.8466475e-05,7.57673e-05,0.05726469,0.93021035,0.0024623787,7.6350125e-06
99999E00030919,3,False,10,10.71,False,0.0,0.0,0.0,0.0,0.00044792873,0.0,0.0,0.0,0.9904614,0.0,0.00039411115,0.0,0.0,0.0,0.0,0.0,0.00869658,0.0,0.0
99999E00030958,8,False,94,94.9,False,0.079756506,0.08176486,0.0,0.0005509642,0.083355546,0.0052874796,0.05535413,0.013516395,0.09617881,0.0,0.0012174532,0.0,0.0,0.0047987206,0.0,0.05809118,0.26372525,0.018928286,0.23747444
99999E00031012,6,False,56,56.30,False,0.0,0.0,0.0,0.0,0.11468809,0.0,0.65257126,0.0,0.0,0.0,0.0,0.0,0.0,0.021118544,0.11756667,0.0,0.09405538,0.0,0.0
99999E00031042,4,False,49,49.4,False,0.0,0.0,0.0,0.0,0.0,0.0,1.0,0.0,0.0,0.0,0.0,0.0,0.0,0.0,0.0,0.0,0.0,0.0,0.0
99999E00031089,6,False,56,56.30,False,0.0,0.0,0.0,0.0,0.0,0.0,0.024547273,0.0,0.00014872965,0.0,0.0059374296,0.0,0.0,0.0,0.0,0.7531464,0.21615593,0.0,6.425357e-05
99999E00031117,6,False,55,55.10,False,0.0,0.0030932508,0.0,0.0,0.0,0.0,0.0019802798,0.0,0.0,0.0,0.0,0.0,0.0,0.0,0.0,0.88228637,0.109676816,0.0,0.002963252
99999E00031136,6,False,47,47.71,False,0.00044503663,0.019027287,0.0003849553,0.002896952,0.00038522718,0.0028050628,0.20394258,0.0,0.0,0.0,0.0010727638,0.0,0.0,0.0,0.0,0.64589226,0.049376503,0.009689946,0.06408147
99999E00031143,8,False,84,84.11,False,0.0065367525,0.017705992,0.022661319,0.01243408,0.024113964,0.009024105,0.064869404,0.003903033,0.0036287801,0.02370944,0.01920961,0.012877653,0.0,0.0018416663,0.016608683,0.2139606,0.50910836,0.03150895,0.0062976764
99999E00031144,3,False,47,47.11,False,0.0,0.0,0.0,0.0,0.002906156,0.0,0.007614595,0.029514113,0.13711202,0.0,0.0,0.0,0.0,0.0,0.0024481502,0.0013090838,0.81909585,0.0,0.0
99999E00031188,6,False,55,55.10,True,0.0,0.0038857756,0.0,0.0,0.0,0.0,0.0027626413,0.0,0.04168567,0.00030773855,0.0012922968,0.0,0.0,0.0014028501,0.0,0.8659816,0.078927755,0.0022838607,0.0014698317
99999E00031218,6,False,47,47.11,True,0.0,0.0,0.0,0.0,0.0,0.0,0.004263262,0.0,0.0009769201,0.0,0.0,0.0,0.0,0.0,0.0,0.91178006,0.08297978,0.0,0.0
99999E00031282,3,False,93,93.1,True,0.0,0.036371425,0.0,0.0,0.0017938113,0.0,0.07688241,0.003858763,0.016021835,0.0,0.0027226007,0.0,0.0,0.004575177,0.0,0.2769956,0.5648189,0.010546008,0.0054134466
99999E00031296,1,False,16,16.10,False,0.0,0.0,0.0,0.0,0.0,0.0,0.0014861412,0.0015725129,0.0,0.0,0.0,0.0,0.0,0.0,0.0,0.15777604,0.83916533,0.0,0.0
99999E00031300,4,False,49,49.4,False,0.0,0.031846743,0.0,0.0,0.0,0.08652113,0.18477744,0.0,0.077792294,0.0,0.0,0.0,0.0,0.0314528,0.0,0.09759284,0.14424336,0.3175551,0.028218368
99999E00031304,8,False,55,55.10,False,0.0061124666,0.03494942,0.009913977,0.0047865827,0.06789931,0.0021565873,0.063323356,0.06736892,0.011107352,0.001879208,0.009740614,0.0,0.0,0.099205256,0.018993128,0.35356635,0.14419775,0.07182222,0.03297748
99999E00031369,3,False,36,36.00,False,0.042376485,0.0021615124,0.050830554,0.028206717,0.04505407,0.0045059533,0.03913769,0.0041254903,0.010145512,0.037068103,0.043233532,0.007266937,0.0019770535,0.012149811,0.012271953,0.225685,0.39717177,0.012124447,0.024507433
99999E00031370,3,False,36,36.00,False,0.0,0.0036360775,0.0,0.0,0.0035249079,0.00089794135,0.039314225,0.010699421,0.05915071,0.0,0.004464993,0.0,0.00077784003,0.0,0.0,0.058024447,0.8075697,0.00413582,0.0078038955
99999E00031372,3,False,IL,IL.01,False,0.0,0.0,0.0,0.0,0.0,0.0,0.0,0.0,0.9965769,0.0,0.0,0.0,0.0,0.0,0.0,0.0,0.0034230994,0.0,0.0
99999E00031374,2,False,IL,IL.01,False,0.0,0.0,0.0,0.0,0.0,0.0,0.0,0.0,1.0,0.0,0.0,0.0,0.0,0.0,0.0,0.0,0.0,0.0,0.0
99999E00031376,6,False,75,75.00,False,0.0,0.0021198655,0.00070331676,0.0,0.0076915356,0.084587716,0.46451622,0.0011190933,0.0058142613,0.0,0.019287668,0.0,0.0,0.035508905,0.020174747,0.060882505,0.17521115,0.11418651,0.008196549
99999E00031377,6,False,84,84.1,False,0.0,0.0,0.0,0.0,0.0,0.0,0.0043482375,0.0,0.0,0.0,0.0,0.0,0.0,0.0024054048,0.0,0.7639779,0.22659598,0.0,0.0026725172
99999E00031378,2,False,IL,IL.01,False,0.0,0.0,0.0,0.0,0.0,0.0,0.0,0.0,1.0,0.0,0.0,0.0,0.0,0.0,0.0,0.0,0.0,0.0,0.0
99999E00031379,2,False,IL,IL.01,False,0.0,0.0,0.0,0.0,0.0,0.0,0.0,0.000992137,0.9990079,0.0,0.0,0.0,0.0,0.0,0.0,0.0,0.0,0.0,0.0
99999E00031381,6,False,IL,IL.01,False,0.0,0.012631216,0.0,0.0,0.0,0.0,0.0,0.0,0.0,0.0024882285,0.0,0.0,0.0,0.0,0.0,0.05178626,0.9330943,0.0,0.0
99999E00031382,6,False,36,36.00,False,0.0,0.0,0.0,0.0,0.0,0.0,0.0029576547,0.0,0.009051086,0.0,0.0044986173,0.0,0.0,0.009247849,0.0,0.0,0.9742448,0.0,0.0
99999E00031385,2,False,96,96.0,False,0.0,0.0073555172,0.0,0.0,0.0,0.0,0.0,0.0016017039,0.98725504,0.0,0.0,0.0,0.0,0.0,0.0,0.0,0.0037877655,0.0,0.0
99999E00031386,6,False,36,36.00,False,0.0,0.0,0.0,0.0,0.005359384,0.0,0.01771592,0.0,0.0,0.0,0.0042218696,0.0,0.0,0.01156633,0.0033520053,0.00029314114,0.9537251,0.003766226,0.0
99999E00031387,3,False,IL,IL.01,False,0.0,0.0015377202,0.0,0.0,0.0,0.0,0.0,0.0,0.98161554,0.0,0.0,0.0,0.0,0.0,0.0,0.0029728366,0.013873907,0.0,0.0
99999E00031388,3,False,IL,IL.01,False,0.0,0.0,0.0,0.0,0.0,0.0,0.0,0.0,0.9747438,0.0,0.0,0.0,0.0,0.0,0.0,0.0,0.025256246,0.0,0.0
99999E00031389,2,False,IL,IL.01,False,0.0,0.0015794997,0.0,0.0,0.0,0.0,0.0,0.0,0.9973053,0.0,0.0,0.0,0.0,0.0,0.0,0.0,0.0011152127,0.0,0.0
99999E00031393,3,False,36,36.00,False,0.0,0.01536781,0.008150965,0.0035285598,0.0033994024,0.0,0.005345577,0.01594172,0.08774584,0.0,0.0016636252,0.0,0.00013218675,0.0020075862,0.0,0.6045418,0.24840671,0.0,0.0037681484
99999E00031394,6,False,85,85.3,False,0.0,0.0,0.0,0.0,0.013003761,0.0,0.072530255,0.0,0.0,0.0,0.0021135216,0.0,0.0,0.0020418356,0.0,0.115197234,0.7951134,0.0,0.0
99999E00031425,3,False,68,68.31,False,0.022870954,0.08650357,0.015571913,0.04388081,0.06652129,0.032592308,0.07239962,0.06780206,0.041366164,0.0057055657,0.0,0.003397587,0.004858694,0.022610184,0.024413213,0.14722084,0.23698892,0.020420507,0.08487584
99999E00031610,2,False,IL,IL.01,False,0.0,0.0011081912,0.0,0.0,0.0,0.0,0.0,0.0,0.99889183,0.0,0.0,0.0,0.0,0.0,0.0,0.0,0.0,0.0,0.0
99999E00031652,1,False,60,60.10,False,0.0,0.0,0.0,0.0,0.0,0.0,0.0,0.0,0.0,0.0,0.0,0.0,0.0,0.0,0.0,0.0,1.0,0.0,0.0
99999E00031656,1,False,60,60.10,False,0.0,0.0,0.0,0.0,0.0,0.0,0.0,0.0,0.0,0.0,0.0,0.0,0.0,0.0,0.0,0.0,1.0,0.0,0.0
99999E00031672,8,False,36,36.00,False,0.0072617047,0.027790578,0.009424888,0.003362161,0.036239807,0.006323929,0.09119989,0.02141247,0.036335833,0.0070458706,0.029617237,0.00506901,0.0029137558,0.063059576,0.05330653,0.44819772,0.12414801,0.01736008,0.009930995
99999E00031823,3,False,52,52.10,False,0.0016786617,0.0021490576,0.00072915846,0.0033179,0.0011484053,0.018073505,0.2357352,0.005059438,0.20626754,0.013797837,0.039351888,0.01463108,0.029997239,0.01913022,0.0,0.056871682,0.23827189,0.07781603,0.035973236
99999E00031834,3,False,93,93.11,False,0.0,0.046213847,0.0037785452,0.094335444,0.0047749854,0.0,0.14269641,0.008168392,0.035706136,0.0012018482,0.0055346084,0.001746528,0.0027126805,0.006626586,0.0044213803,0.2040826,0.10666846,0.040536776,0.29079476
99999E00031857,6,False,41,41.20,False,0.0,0.0,0.0,0.0,0.0,0.0,0.4805743,0.0,0.0,0.0,0.003590045,0.0,0.0,0.0,0.0,0.019797835,0.49257237,0.003465442,0.0
99999E00031885,6,False,56,56.10,False,0.0,0.5290725,6.777332e-05,0.0,0.0,0.0006243652,0.0060095955,0.038737886,0.002758362,0.0,0.0012312353,0.0,0.00014136493,0.0,0.001410279,0.26514566,0.1545765,0.00022446651,0.0
99999E00031886,6,False,55,55.10,False,0.0,0.001638378,0.0010187107,0.0012905402,0.0010737164,0.0,0.0368487,0.0021606346,0.0,0.0,0.00092810084,0.0,0.0,0.0011039199,0.0005846635,0.88325584,0.06912671,0.00097010535,0.0
99999E00031930,6,False,93,93.1,False,0.0,0.018253256,0.0,0.003790319,0.0033625104,0.0,0.1944952,0.003923514,0.005905071,0.0,0.0038589877,0.0,0.0,0.0012667163,0.0027048935,0.4293517,0.3119083,0.017430358,0.0037491745
99999E00031966,8,False,01,01.42,False,0.0016379136,0.017662298,0.0014225706,0.0384005,0.0019054613,0.003947366,0.019219529,0.0,0.057160273,0.00087916973,0.0114458185,0.0,0.00019517331,0.0060183387,0.0050715404,0.4809071,0.27492034,0.05699358,0.022212982
99999E00032033,6,False,47,47.78,False,0.00091048767,0.0,0.006520618,0.0,0.0065500587,0.07181076,0.78451645,0.0,0.0026791235,0.0,0.00079272396,0.0,0.0023487313,0.0019027556,0.0008014472,0.055350017,0.013790344,0.01995549,0.032070972
99999E00032034,6,False,55,55.10,False,0.0,0.0,0.0,0.0,0.0007882903,0.0,0.0214548,0.0045348345,0.025265953,0.0,0.00081018714,0.0,0.0,0.0008520561,0.0,0.81706643,0.12840697,0.0008205341,0.0
99999E00032087,5,False,43,43.22,False,0.0,0.022285856,0.0,0.005121038,0.0072037857,0.0,0.010223847,0.0,0.02738259,0.0,0.0,0.0,0.0,0.0008750275,0.0,0.15142229,0.16482268,0.025893826,0.58476907
99999E00032096,3,False,82,82.30,False,0.00096780143,0.098235995,0.0,0.0007678168,0.0,0.0020164256,0.010930768,0.01758,0.0090469755,0.0,0.00034919602,0.0,0.00030567605,0.009330891,0.0006787044,0.014432054,0.80967784,0.007351768,0.018328128
99999E00032109,8,False,46,46.34,False,0.0010213383,0.20169084,0.0015754126,0.08913863,0.013547219,0.022447225,0.06307422,0.024061805,0.11653152,0.00044161023,0.0039957943,0.0,0.00040061015,0.02743206,0.15549561,0.10951385,0.039851665,0.056857552,0.07292296
99999E00032122,6,False,55,55.10,False,0.0,0.0,0.0,0.0,0.0,0.0,0.0043555377,0.0,0.0,0.0,0.0,0.0,0.0,0.0,0.0,0.62893283,0.36671165,0.0,0.0
99999E00032136,6,False,55,55.20,False,0.0,0.0,0.0,0.0,0.0018244934,0.0,0.14440909,0.0,0.0019421582,0.0,0.0016486889,0.0,0.0,0.0023903218,0.0,0.67195284,0.17553344,0.00029900653,0.0
99999E00032181,8,False,55,55.10,False,0.023847817,0.00067297736,0.0044172253,0.013503717,0.019968456,0.010614331,0.016195625,0.004799185,0.006433559,0.0,0.006490722,0.0,0.0,0.052081686,0.0,0.04484783,0.7762728,0.008985155,0.010868972
99999E00032192,8,False,36,36.00,False,0.007044555,0.14923559,0.025881927,0.007885232,0.010897654,0.009839024,0.0046859914,0.017560791,0.088893734,0.020308556,0.008562442,0.016120745,0.0029657183,0.004748264,0.011426969,0.03773702,0.5352072,0.0250179,0.015980631
99999E00032234,5,False,43,43.33,False,0.0,0.0,0.0014117094,0.0,0.0071068453,0.001261372,0.64376026,0.0,0.0,0.0010079751,0.054888986,0.001708813,0.0,0.025304649,0.0,0.11387211,0.11351923,0.034559246,0.001598781
99999E00032238,6,False,47,47.71,False,0.0,0.00015444768,0.0,0.0,0.0003676771,0.011942245,0.5793806,0.0,0.00109216,0.0,0.0005896034,0.0,0.000750496,0.0037614102,0.0031342239,0.34827927,0.026925532,0.0147750275,0.00884739
99999E00032289,5,False,43,43.22,False,0.0,0.0,0.0,0.0,0.0126702115,0.0,0.118993886,0.0,0.0029314258,0.0,0.021672038,0.0037170553,0.0,0.008635771,0.0,0.11400934,0.6586343,0.04277215,0.015963778
99999E00032300,3,False,47,47.11,True,0.0,0.0,0.0,0.0,0.0,0.0,0.0,0.061066844,0.20310965,0.0,0.0,0.0,0.0,0.0,0.0,0.0,0.7358236,0.0,0.0
99999E00032330,5,False,16,16.10,True,0.0,0.0,0.0,0.00058231235,0.0011281967,0.030297922,0.44047725,0.0006500792,0.038111996,0.06456971,0.1912497,0.0170242,0.0,0.014105674,0.0,0.0057058046,0.018418642,0.17689735,0.00078105927
99999E00032367,6,False,74,74.90,False,0.0055640307,0.09060332,0.0,0.00565165,0.004934346,0.006960489,0.14760026,0.027024874,0.022207493,0.000886673,0.020211115,0.0,0.0,0.020870147,0.0,0.10890316,0.52326334,0.011138542,0.004180569
99999E00032370,4,False,27,27.5,False,0.015778547,0.0,0.0,0.0,0.031418685,0.276263,0.26950404,0.0,0.0127797015,0.018523645,0.07241062,0.007843137,0.0,0.12814303,0.0,0.0,0.0,0.15289505,0.014440602
99999E00032392,6,False,55,55.10,False,0.0,0.0,0.0,0.0,0.0,0.0,0.014939685,0.0,0.0,0.0,0.0,0.0,0.0,0.0,0.0,0.9214099,0.06365041,0.0,0.0
99999E00032393,6,False,55,55.10,False,0.0,0.0,0.0,0.0,0.00065841945,0.0,0.012689575,0.0,0.0,0.00033059128,0.008186428,0.0,0.0,0.0,0.001911903,0.9004319,0.0693918,0.006399458,0.0
99999E00032405,6,False,55,55.10,False,0.0,0.0,0.0,0.0,0.014612286,0.0,0.14810535,0.0,0.0005598049,0.0,0.019720161,0.0,0.0,0.0,0.0021854453,0.6230426,0.19081198,0.0,0.0009624232
99999E00032422,7,False,16,16.23,False,0.016633078,0.014295935,0.012179589,0.01027362,0.02977616,0.035348725,0.21584482,0.0020306502,0.0,0.015979849,0.08266415,0.0052869124,0.0020926313,0.06652674,0.028034398,0.23500997,0.056594647,0.10235784,0.06907031
99999E00032429,1,False,61,61.90,False,0.0,0.0,0.0,0.0,0.0,0.0,0.0,0.0,0.0,0.0,0.0,0.0,0.0,0.0,0.0,0.0,1.0,0.0,0.0
99999E00032445,8,False,55,55.10,False,0.0,0.0022549771,0.0006198658,0.0,0.0025904197,0.0011638454,0.0042627454,0.015001197,0.0023110558,0.0006776593,0.0010336812,0.000488244,0.0,0.00043473777,0.0,0.008958685,0.0589158,0.87981117,0.021475961
99999E00032454,1,False,61,61.90,False,0.0,0.0,0.0,0.0,0.0,0.0,0.0,0.0,0.0,0.0,0.0,0.0,0.0,0.0,0.0,0.0,1.0,0.0,0.0
99999E00032455,3,False,47,47.78,False,0.0,0.022070518,0.0,0.00034729473,0.00021209347,0.01280331,0.044547044,0.0,0.052232772,0.036562767,0.19280457,0.074801005,0.119107805,0.0024083047,0.0043035457,0.02006149,0.41080624,0.004672386,0.0022586947
99999E00032462,6,False,47,47.71,False,0.0,0.0,0.0,0.0,0.002673902,0.00064401486,0.4480455,0.0,0.0010035363,0.0,0.0019939812,0.0,0.0,0.0017554228,0.0,0.50109726,0.03625539,0.0006350575,0.005895967
99999E00032463,6,False,55,55.10,True,0.00048848346,0.004533836,0.0008557436,0.0017775899,0.008797982,0.0034552866,0.012214831,0.00047370006,0.028469946,0.001182244,0.00073050766,0.0,0.0,0.002277055,0.003368487,0.8824436,0.04168709,0.0030586708,0.0041849497
99999E00032466,7,False,47,47.64,False,0.038045887,0.12961349,0.0072498964,0.25582024,0.0037225531,0.014190759,0.24336073,0.0,0.0,0.0072475383,0.032216422,0.0019184831,0.0016392327,0.0121897105,0.00095304905,0.041783474,0.016933724,0.056386475,0.13672835
99999E00032468,6,False,56,56.10,False,8.7708824e-05,5.8673697e-05,8.712858e-05,0.00017446605,0.005224721,0.00015705891,0.6644106,0.00014601117,0.0,4.1823576e-05,0.0019218884,0.00013169089,8.552713e-05,0.00013118028,0.010900821,0.038402352,0.2776056,0.00025769544,0.00017502309
99999E00032481,1,False,61,61.20,False,0.0,0.0,0.0,0.0,0.0,0.0,0.0,0.0,0.0,0.0,0.0,0.0,0.0,0.0,0.0,0.0,1.0,0.0,0.0
99999E00032482,6,False,56,56.30,False,0.00022479659,0.075494066,0.0017101888,0.0,0.09565058,0.0010235112,0.06875667,0.0,0.0,0.0,0.00051609246,0.0,0.0,0.0,0.16554497,0.5451194,0.041765183,0.0011297654,0.003064751
99999E00032499,7,False,41,41.20,False,0.0006893992,0.014318292,0.0,0.011284934,0.03224267,0.16383307,0.070859626,0.0,0.03341465,0.027172936,0.006437928,0.043273054,0.17282178,0.0449064,0.011459936,0.072477065,0.10653869,0.12128653,0.06698309
99999E00032523,1,False,61,61.10,False,0.0,0.0,0.0,0.0,0.0,0.0,0.0,0.0,0.0,0.0,0.0,0.0,0.0,0.0,0.0,0.0,1.0,0.0,0.0
99999E00032531,6,False,47,47.75,False,0.0,0.0,0.004545379,0.004443708,0.079812124,0.009304048,0.1596773,0.0039618732,0.020707833,0.0,0.0067688916,0.0,0.0,0.022257216,0.038648434,0.3523702,0.084447026,0.10450504,0.108550906
99999E00032606,8,False,47,47.72,False,0.026813721,0.15137543,0.022534736,0.02846975,0.04888865,0.021755654,0.087395675,0.05098386,0.002504466,0.025849018,0.031901713,0.002665216,0.00073378877,0.18070857,0.08607146,0.11775662,0.03349243,0.052983835,0.027115406
99999E00032607,4,False,01,01.50,False,0.0,0.00020319852,0.0,0.0,0.002739417,0.2236162,0.34719473,0.0,0.001689558,0.089260586,0.02870367,0.009392287,0.008541863,0.19212796,0.0017309501,0.0,0.0,0.08797366,0.006825964
99999E00032608,1,False,61,61.10,False,0.0,0.0,0.0,0.0,0.0,0.0,0.0,0.0,0.0,0.0,0.0,0.0,0.0,0.0,0.0,0.028586153,0.97141385,0.0,0.0
99999E00032632,8,False,52,52.10,False,0.024098577,0.05589086,0.013629594,0.023330072,0.13263743,0.0070724087,0.029837467,0.04716887,0.035093606,0.0030350527,0.0026042566,0.0010304457,0.0020955284,0.18714496,0.18177843,0.039475165,0.13176933,0.065037146,0.01727079
99999E00032682,1,False,71,71.12,False,0.0,0.0,0.0,0.0,0.0,0.0,0.0021175973,0.0,0.00090951624,0.0,0.0001624805,0.0,0.0,0.0,0.0,0.038039792,0.95877063,0.0,0.0
99999E00032786,6,False,77,77.21,False,0.0,0.0,0.0010176573,0.0,0.024677915,0.0003527754,0.77694184,0.0,0.0016337677,0.0,0.013931979,0.0,0.0,0.0019397971,0.01805621,0.029155545,0.1297654,0.001840696,0.00068638497
99999E00032811,6,False,56,56.11,False,0.0,0.0,0.0,0.0,0.0015151732,0.000832877,0.5134699,0.0,0.0,0.00018881148,0.00018256975,0.0,0.0,0.0,0.0,0.23770155,0.24610913,0.0,0.0
99999E00032845,8,False,15,15.20,False,0.015133455,0.10960081,0.01560995,0.011352474,0.056192163,0.03782173,0.17707476,0.1549972,0.0,0.04002948,0.03228169,0.028647626,0.016521642,0.019275777,0.038545996,0.12905845,0.023449868,0.019829305,0.0745777
99999E00032908,4,False,52,52.10,False,0.004468195,0.18431304,0.0047853817,0.016307533,0.049398378,0.006136873,0.082965,0.0889157,0.021803137,0.009653509,0.008419237,0.0,0.010377521,0.04910877,0.052094463,0.06182382,0.33261162,0.0,0.016817788
99999E00032925,1,False,62,62.02,False,0.0,0.0036687239,0.0,0.0,0.0,0.0,0.0037482053,0.0,0.0076930635,0.0,0.0,0.0,0.0,0.0,0.0,0.0,0.98489004,0.0,0.0
99999E00032975,8,False,35,35.11,False,0.0,0.0,0.0,0.0,0.0,0.0,0.0,0.0,0.0,0.0,0.0,0.0,0.0,0.0019642687,0.0,0.11846038,0.8795754,0.0,0.0
99999E00032983,1,False,60,60.10,False,0.0,0.0,0.0,0.0,0.0,0.0,0.0,0.0,0.0,0.0,0.0,0.0,0.0,0.0,0.0,0.0,1.0,0.0,0.0
99999E00032996,3,False,55,55.30,True,0.0,0.34839734,0.0,0.008552399,0.0,0.00049038295,0.004929877,0.030513944,0.24663697,0.0,0.0011791232,0.00069850776,0.0,0.0010100687,0.0,0.16894759,0.17740607,0.0038594494,0.0073782853
99999E00033015,5,False,38,38.11,False,0.0,0.0,0.0,0.0,0.1193801,0.05219034,0.24169596,0.0007590692,0.0,0.04480068,0.032477073,0.12163131,0.017278356,0.0,0.0,0.02059365,0.34859386,0.00059962994,0.0
99999E00033085,1,False,61,61.10,False,0.0,0.0,0.0,0.0,0.0,0.0,0.0,0.0,0.0,0.0,0.0,0.0,0.0,0.0,0.0,0.0,1.0,0.0,0.0
99999E00033092,7,False,01,01.41,True,0.0072034365,0.0074518323,0.014525144,0.044312067,0.057691135,0.051100187,0.1942435,0.009295169,0.0,0.0030119317,0.011101711,0.050437093,0.32662806,0.04777925,0.063153684,0.005241674,0.0,0.054265846,0.0525582
99999E00033098,1,False,61,61.10,False,0.0,0.0,0.0,0.0,0.0,0.0,0.0,0.0,0.0,0.0,0.0,0.0,0.0,0.0,0.0,0.0,1.0,0.0,0.0
99999E00033126,5,False,25,25.11,False,0.0,0.0,0.0,0.0,0.0015605437,0.0103549855,0.75342643,0.0012618959,0.0015425595,0.0023394532,0.013170341,0.0013336968,0.0,0.009154945,0.00061296375,0.057038188,0.08310938,0.061042547,0.0040520458
99999E00033129,6,False,56,56.30,True,0.0,0.0,0.0,0.0,0.030387834,0.00042738745,0.8796711,0.0,0.0,0.0,0.0,0.0,0.0,0.0,0.036252994,0.0013149483,0.051945727,0.0,0.0
99999E00033158,3,False,68,68.31,False,0.007564218,0.17155038,0.009440557,0.0322315,0.00051420246,0.011047578,0.06415647,0.12414768,0.014829133,0.0032107113,0.0035427774,0.0,0.0002582118,0.0024260806,0.014343806,0.1636591,0.3362279,0.014447646,0.026402019
99999E00033160,3,False,71,71.11,False,0.02062931,0.027167646,0.01792232,0.0118718315,0.0014742261,0.03840297,0.05241428,0.005680904,0.064729616,0.0018011018,0.021327412,0.004102373,0.001293541,0.012569932,0.040425003,0.37091774,0.29536018,0.0,0.0119096115
99999E00033163,6,False,38,38.1,False,0.0,0.0,0.0,0.0,0.0,0.0,0.004131719,0.0,0.0,0.0,0.0014548093,0.0,0.0,0.0,0.0,0.0057243817,0.98868906,0.0,0.0
99999E00033178,1,False,60,60.10,False,0.0,0.0,0.0,0.0,0.0,0.0,0.0,0.0,0.0,0.0,0.0,0.0,0.0,0.0,0.0,0.0,1.0,0.0,0.0
99999E00033183,1,False,60,60.10,False,0.0,0.0,0.0,0.0,0.0,0.0,0.0,0.0,0.0,0.0,0.0,0.0,0.0,0.0,0.0,0.0,1.0,0.0,0.0
99999E00033200,8,False,96,96.02,False,0.002854213,0.0066567753,0.01164334,0.024163418,0.01770735,0.0049227825,0.2673853,0.0039956304,0.00013807011,0.0007848801,0.009806416,0.0,0.0,0.0028444736,0.0051275003,0.3263867,0.0025973606,0.1657527,0.14723316
99999E00033226,3,False,85,85.51,False,0.0,0.0016116212,0.0,0.0,0.01981689,0.001772019,0.46233705,0.0,0.0027209306,0.0,0.005626617,0.0,0.0,0.00343404,0.0,0.060419664,0.43577737,0.0054763253,0.0010074738
99999E00033238,6,False,49,49.39,False,0.0,0.0,0.0,0.0,0.0,0.0,0.07805737,0.0,0.0,0.0,0.0,0.0,0.0,0.0,0.0,0.2101539,0.7117887,0.0,0.0
99999E00033266,3,False,52,52.10,False,0.0,0.0056035477,3.188602e-05,0.0012821535,0.0050438643,0.00288023,0.02050019,0.0006582784,0.039904088,0.0014470377,0.003588016,0.014034042,0.026685659,0.0070073716,0.00059073034,0.04538513,0.7945504,0.018448997,0.012358349
99999E00033270,1,False,61,61.10,False,0.0,0.0,0.0,0.0,0.0,0.0,0.0,0.0,0.0,0.0,0.0,0.0,0.0,0.0,0.0,0.0,1.0,0.0,0.0
99999E00033273,1,False,61,61.90,False,0.0,0.0,0.0,0.0,0.0,0.0,0.0,0.0,0.0,0.0,0.0,0.0,0.0,0.0,0.0,0.040420562,0.95957947,0.0,0.0
99999E00033301,3,False,38,38.11,False,0.0,0.0,0.0,0.0,0.0,0.0011762683,0.040937528,0.0,0.015653253,0.0009969198,0.025378793,0.00064791687,0.0,0.0006763542,0.0,0.06768559,0.84684736,0.0,0.0
99999E00033359,8,False,01,01.19,False,0.0014807946,0.037846886,0.011425219,0.041093413,0.019268308,0.005656222,0.06538814,0.004581855,0.052312694,0.0007453006,0.01004031,0.0025616982,0.0,0.003967854,0.0050068074,0.18463242,0.34301153,0.062098578,0.14888197
99999E00033373,6,False,85,85.31,False,0.0,0.0,0.0,0.0,0.0,0.0,0.5718982,0.0,0.0,0.0,0.007199904,0.0,0.0,0.0,0.0,0.04225043,0.37865144,0.0,0.0
99999E00033409,6,False,55,55.10,False,0.0,0.0011072725,0.0,0.0,0.0030749138,0.0034578184,0.07630724,0.0055065933,0.029752182,0.00056618574,0.015190119,0.00039457885,0.00040275062,0.002550754,0.0005661857,0.5793679,0.26534963,0.0054044463,0.011001513
99999E00033488,1,False,47,47.11,False,0.0,0.0,0.0,0.0,0.0,0.0,0.0,0.0,0.0,0.0,0.0,0.0,0.0,0.0,0.0,0.046143554,0.95385647,0.0,0.0
99999E00033497,5,False,47,47.78,False,0.0,0.0,0.0,0.0,0.0,0.0046253726,0.9841535,0.0,0.006832277,0.0,0.0,0.0,0.0,0.0,0.0,0.00049653254,0.003892296,0.0,0.0
99999E00033498,1,False,49,49.31,False,0.0,0.0,0.0,0.0,0.0,0.0,0.0023465576,0.0,0.0,0.0,0.0,0.0,0.0,0.0,0.0,0.01733656,0.98031694,0.0,0.0
99999E00033513,6,False,56,56.30,False,0.0,0.0,0.0,0.0,0.0013641838,0.001836027,0.008394357,0.0,0.00039319124,0.0,0.0013021047,0.0,0.0,0.0,0.0,0.86614895,0.11970867,0.00085256447,0.0
99999E00033514,7,False,47,47.71,False,0.1311597,0.16076323,0.0,0.60883045,0.0,0.052982043,0.005725634,0.01173497,0.0,0.0,0.0,0.0,0.0,0.0,0.0,0.0,0.0,0.025587156,0.003216859
99999E00033515,6,False,47,47.71,False,0.00022796131,0.007119207,0.0,0.00385681,0.0,0.0,0.4547236,0.0,0.0115835825,0.0,0.002208674,0.0,0.0,0.0,0.0,0.42483976,0.056057356,0.0,0.039383106
99999E00033549,1,False,61,61.10,False,0.0,0.0,0.0,0.0,0.0,0.0,0.0,0.0,0.0,0.0,0.0,0.0,0.0,0.0,0.0,0.0,1.0,0.0,0.0
99999E00033558,6,False,68,68.32,False,0.0,0.0,0.0,0.0,0.002925492,0.0,0.006380692,0.0,0.0,0.0,0.0009872628,0.0,0.0,0.0,0.0,0.7302544,0.25945216,0.0,0.0
99999E00033563,8,False,47,47.78,False,0.0009796119,0.14671238,0.0,0.037452884,0.02085287,0.0,0.16073474,0.04359026,0.0,0.0,0.0,0.0,0.0,0.0,0.0,0.4036943,0.0010858538,0.0063974285,0.17849971
99999E00033602,1,False,61,61.10,False,0.0,0.0,0.0,0.0,0.0,0.0,0.0,0.0,0.0,0.0,0.0,0.0,0.0,0.0,0.0,0.0,1.0,0.0,0.0
99999E00033633,6,False,35,35.11,False,0.0,0.00044401575,0.0,0.0,0.0015048857,0.0,0.037649956,0.00034965,0.0025160895,0.0,0.0024972165,0.0,0.0,0.0,0.00024634434,0.16399579,0.79021,0.0005860611,0.0
99999E00033667,1,False,60,60.10,False,0.0,0.0,0.0,0.0,0.0,0.0,0.0,0.0,0.0,0.0,0.0,0.0,0.0,0.0,0.0,0.0,1.0,0.0,0.0
99999E00033700,3,False,55,55.30,False,0.0,0.0,0.0,0.0,0.0,0.0,0.0012419743,0.071169354,0.34528458,0.0,0.0,0.0,0.0,0.0,0.0,0.0058368747,0.5764672,0.0,0.0
99999E00033724,6,False,56,56.30,False,0.0,0.0,0.0,0.0,0.0014292153,0.0,0.0,0.0,0.0,0.0,0.00077650853,0.0,0.0,0.0,0.0,0.5528158,0.4449785,0.0,0.0
99999E00033725,1,False,61,61.10,False,0.0,0.0,0.0,0.0,0.0,0.0,0.0,0.0,0.0,0.0,0.0,0.0,0.0,0.0,0.0,0.0,1.0,0.0,0.0
99999E00033729,3,False,85,85.51,False,0.0,0.2646597,0.0,0.0070849485,0.0,0.0,0.18019408,0.0005963283,0.0,0.0,0.0,0.0,0.0,0.0,0.0,0.00046144452,0.1502499,0.0035886187,0.39316493
99999E00033738,6,False,84,84.1,False,0.0,0.0056250715,0.0,0.0,0.004248769,0.0,0.025476078,0.0,0.06651099,0.0,0.011956893,0.0,0.0,0.005749063,0.0018040733,0.27894527,0.5907069,0.0021057855,0.0068711834
99999E00033772,6,False,55,55.10,False,0.0,0.0228423,0.0,0.00448956,0.0,0.0,0.0009375166,0.0,0.0,0.0,0.0,0.0,0.0,0.0,0.0,0.8440334,0.11225447,0.0009019344,0.014540791
99999E00033774,3,False,85,85.51,False,0.0041074394,0.007882173,0.007446113,0.0,0.016207954,0.002477586,0.020854807,0.002806228,0.00039367314,0.0062035457,0.008539456,0.004281631,0.004146342,0.00723476,0.008228814,0.20236717,0.6917412,0.0014591456,0.0036220253
99999E00033788,8,False,14,14.20,False,0.0037624736,0.16478613,0.0,0.013305686,0.07105147,0.0057085073,0.18077931,0.0,0.0012343291,0.0020543826,0.0,0.0,0.0,0.0,0.0013363046,0.28183708,0.053643398,0.0026025013,0.21789841
99999E00033818,4,False,84,84.1,False,0.0,0.008365466,0.0,0.0,0.0,0.0,0.0,0.0,0.7383178,0.0,0.0,0.0,0.0,0.0,0.0,0.13665771,0.0,0.11665904,0.0
99999E00033824,3,False,56,56.30,False,0.0,0.09753977,0.0,0.0005306119,0.0027731732,0.00085341354,0.0023807955,0.038471576,0.23100753,0.0,0.0,0.0,0.0,0.00018036216,0.0,0.17273618,0.4523508,0.0011758328,0.0
99999E00033825,6,False,55,55.10,False,0.0,0.0,0.0,0.0,0.050425656,0.0025729458,0.21620692,0.0,0.0,0.0,0.00090596685,0.0,0.0,0.00072202116,0.0058587384,0.62638676,0.09589923,0.001021793,0.0
99999E00033827,6,False,15,15.12,False,0.0,0.0025865776,0.003175729,0.0,0.0,0.0,0.013883146,0.0,0.0007333055,0.0,0.0013002796,0.0,0.0,0.0,0.0031217316,0.96517545,0.0050627496,0.0,0.0049610217
99999E00033829,6,False,10,10.71,False,0.0,0.00026145516,0.0,0.0,0.03078238,0.00039872612,0.38240257,0.0,0.004843185,0.0,0.036239244,0.0,0.0,0.00064820837,0.00067827984,0.44937518,0.054026272,0.026030242,0.014314323
99999E00033838,5,False,10,10.85,False,0.0,0.0,0.0,0.0,0.01800232,0.008850412,0.7069352,0.0,0.0,0.045315817,0.1239806,0.06265181,0.0021971397,0.0,0.03206668,0.0,0.0,0.0,0.0
99999E00033857,6,False,84,84.1,False,0.0,0.0,0.0,0.0012892755,0.0067697857,0.0,0.04806844,0.0,0.0,0.0015490483,0.0,0.0,0.0,0.0,0.0,0.16149765,0.7808258,0.0,0.0
99999E00033859,6,False,79,79.90,False,0.0,0.0034305016,0.0,0.0,0.0,0.0017049934,0.6697696,0.0029596835,0.024618149,0.0,0.0030767557,0.0,0.0,0.0,0.0,0.16943821,0.06867179,0.05487386,0.0014565171
99999E00033883,3,False,71,71.11,False,0.0,0.0005214944,0.0,0.0,0.0,0.0,0.019083485,0.0040286114,0.00049903,0.0,0.0,0.0,0.0,0.0,0.024804948,0.050411124,0.8977438,0.0029075318,0.0
99999E00033887,5,False,86,86.23,False,0.0,0.005918941,0.0,0.0018310975,0.0097827595,0.024790602,0.77846074,0.00494972,0.0,0.0020348986,0.008202136,0.0019620901,0.0,0.016978024,0.0023647142,0.003710734,0.07277998,0.04350078,0.02273268
99999E00033923,7,False,43,43.12,False,0.005092551,0.0060334355,0.008445127,0.01657182,0.013073844,0.072332725,0.045434013,0.0,0.00655014,0.011255763,0.050387174,0.014865489,0.0,0.25238168,0.044842806,0.027468292,0.1490923,0.21230818,0.063864775
99999E00033930,4,False,85,85.51,False,0.0,0.0,0.0,0.0,0.0,0.0,0.0,0.0,0.0,0.0,0.0,0.0,0.0,0.0,0.0,0.0,1.0,0.0,0.0
99999E00033936,3,False,02,02.20,False,0.00045101537,0.0029455167,0.002928222,0.00627287,0.04831215,0.0028760675,0.014155505,0.0020721306,0.021712242,0.005873739,0.016059011,0.0017835238,0.004060219,0.0037840435,0.0,0.042790253,0.8166326,0.0021391478,0.0051516816
99999E00033982,6,False,93,93.1,False,0.0,0.0,0.0,0.066636994,0.0037157047,0.014824529,0.023787528,0.0,0.00012444181,0.0010912588,0.0,0.0,0.0,0.014345907,0.0,0.0429404,0.795984,0.020732325,0.015816873
99999E00033987,6,False,79,79.90,False,0.0,0.12599109,0.0,0.004708162,0.0036645674,0.019822739,0.16939169,0.10366886,0.00091330445,0.001024717,0.020611892,0.0,0.0,0.016638566,0.0053281114,0.09500659,0.3636272,0.01570256,0.05390002
99999E00034001,6,False,47,47.76,False,0.0,0.0017552152,0.0,0.0010888143,0.0071528126,0.0015054186,0.1810382,0.0,0.0,0.00058922113,0.012069904,0.0,0.0,0.0038332571,0.0071440996,0.66819215,0.08969896,0.0,0.025931954
99999E00034032,7,False,02,02.20,False,0.0,0.0,0.0,0.011272722,0.025904354,0.020220533,0.025820825,0.0,0.0,0.020290142,0.027956529,0.012852195,0.0,0.06874058,0.007986586,0.008202371,0.7000668,0.057965234,0.012721204
99999E00034035,6,False,47,47.78,False,0.0,0.0028640549,0.0,0.0006852621,0.006748767,0.0059592263,0.7702388,0.0021830492,0.0,0.0,0.00065759616,0.0,0.0,0.0015016177,0.0,0.14529258,0.039531957,0.0060660588,0.01827096
99999E00034059,8,False,47,47.73,False,0.01582317,0.040427685,0.014432568,0.0069809225,0.030372467,0.045775667,0.034625474,0.029604845,0.030500617,0.019444317,0.04375574,0.008504747,0.0022089758,0.078846864,0.030805128,0.058607012,0.40515107,0.06534052,0.038792208
99999E00034062,7,False,01,01.41,False,0.0050089224,0.0,0.055940952,0.26184407,0.021546666,0.0056719263,0.086264156,0.0,0.0016796384,0.0020493062,0.01635077,0.014803556,0.15002179,0.006705793,0.0,0.20704302,0.0018441364,0.049310643,0.11391471
99999E00034079,8,False,01,01.50,False,0.003151149,0.0,0.0,0.0063102026,0.011554787,0.0015867221,0.040318877,0.0,0.0080695115,0.0,0.012162742,0.0005158342,0.0025260674,0.014850147,0.0006324796,0.12413828,0.7291352,0.035583034,0.009465001
99999E00034294,1,False,64,64.92,False,0.0,0.0,0.0,0.0,0.0,0.0,0.0031508154,0.0,0.0,0.0,0.0,0.0,0.0,0.0,0.0,0.0,0.9968492,0.0,0.0
99999E00034339,3,False,68,68.32,False,0.004683883,0.007449226,0.0033262563,0.0,0.0030625754,0.0,0.00993057,0.0065882457,0.13897505,0.0026505145,0.0053473385,0.0040747705,0.0,0.0022398715,0.0,0.13980342,0.66945595,0.0024123508,0.0
99999E00034344,5,False,45,45.20,False,0.00011827795,0.001190457,0.022586316,0.05204831,0.122310705,0.021960998,0.24492519,0.0,0.0,0.024863685,0.11141845,0.002438082,0.00082846434,0.025295917,0.0,0.18378888,0.05798275,0.070105106,0.05813838
99999E00034369,6,False,55,55.10,False,0.0,0.038736977,0.0,0.0,0.0024422389,0.0,0.016730981,0.0018517217,0.00748251,0.0,0.000365504,0.0,0.0,0.00093580474,0.0010092615,0.725974,0.20309672,0.0013742817,0.0
99999E00034370,6,False,47,47.22,False,0.0,0.0,0.0,0.0,0.005071191,0.0,0.1352753,0.0,0.0,0.0,0.10758192,0.0,0.0,0.0,0.0,0.49998653,0.2520851,0.0,0.0
99999E00034389,6,False,55,55.10,False,0.0,0.0,0.0,0.0,0.0016490362,0.0,0.022273298,0.0,0.0026237771,0.0,0.0048387093,0.0,0.0,0.0,0.0,0.88817006,0.08044514,0.0,0.0
99999E00034471,6,False,56,56.10,False,0.0,0.0013585646,0.0,0.0,0.061016098,0.0023274503,0.38812587,0.0004651038,0.008274718,0.0,0.0011710747,0.0,0.0,0.0,0.055316832,0.30065963,0.18004076,0.0006485704,0.00059546164
99999E00034472,5,False,81,81.22,False,0.0,0.0,0.0,0.0,0.003889147,0.45558345,0.2803077,0.0,0.0,0.016250381,0.1457047,0.004782025,0.0,0.0028352006,0.0,0.01421552,0.071610324,0.0048215417,0.0
99999E00034512,6,False,55,55.20,False,0.0,0.0,0.0,0.0,0.0,0.0,0.0030207941,0.0,0.0026851087,0.0,0.0,0.0,0.0,0.0,0.0,0.8560169,0.13827722,0.0,0.0
99999E00034513,1,False,61,61.10,False,0.0,0.0,0.0,0.0,0.0,0.0,0.0,0.0,0.0,0.0,0.0,0.0,0.0,0.0,0.0,0.0,1.0,0.0,0.0
99999E00034517,1,False,61,61.10,False,0.0,0.0,0.0,0.0,0.0,0.0,0.0,0.0,0.0,0.0,0.0,0.0,0.0,0.0,0.0,0.0014840371,0.99851596,0.0,0.0
99999E00034530,6,False,47,47.72,False,0.0,0.024772985,0.00017501785,0.023315562,0.074728385,0.009740009,0.5156636,0.0,0.0,0.00033041256,0.0,0.0,0.0,0.0014950769,0.004133604,0.05248733,0.030441973,0.017454054,0.24526209
99999E00034545,2,False,85,85.3,True,0.0,0.0,0.0,0.0,0.0,0.0,0.0,0.0021780871,0.9953368,0.0,0.0,0.0,0.0,0.0,0.0,0.0,0.0024851386,0.0,0.0
99999E00034581,7,False,43,43.22,False,0.0,0.0062507996,0.0,0.0,0.024471052,0.0026786912,0.06947431,0.0,0.018504273,0.0586308,0.077231824,0.101656064,0.05163952,0.028436419,0.005420585,0.07825556,0.38634408,0.052390143,0.038615916
99999E00034594,4,False,94,94.9,False,0.0,0.003659665,0.0,0.0,0.0,0.00038345938,0.0049329214,0.0,0.0049141436,0.0,5.5015214e-05,6.423932e-05,0.0,0.001423807,0.0,0.0,0.98450583,0.0,6.0945e-05
99999E00034597,6,False,47,47.62,False,0.0,0.0,0.0,0.0,0.0,0.0,0.21018375,0.0,0.0,0.0,0.0015640956,0.0,0.0,0.0,0.0,0.72141296,0.065655455,0.0011837435,0.0
99999E00034621,7,False,96,96.02,False,0.0,0.0,0.003735176,0.006799183,0.030251406,0.0065732566,0.6003284,0.0,0.00062100624,0.01037026,0.010232993,0.0038736095,0.00042657726,0.008933431,0.0048181457,0.031375594,0.030000009,0.11819729,0.13346367
99999E00034623,5,False,94,94.91,False,0.0,0.0063504963,0.0,0.0,0.009612207,0.0008790982,0.7325595,0.0,0.0,0.0018156434,0.035553128,0.0,0.0,0.0017011218,0.042026814,0.01493403,0.15456802,0.0,0.0
99999E00034640,3,False,84,84.11,False,0.0,0.0,0.0,0.0,0.0,0.0,0.0,0.004038552,0.42953768,0.0,0.0,0.004148276,0.0031359834,0.0,0.0,0.0,0.5591395,0.0,0.0
99999E00034685,1,False,61,61.10,False,0.0,0.0,0.0,0.0,0.0,0.0,0.0,0.0,0.0,0.0,0.0,0.0,0.0,0.0,0.0,0.0,1.0,0.0,0.0
99999E00034688,1,False,61,61.10,False,0.0,0.0,0.0,0.0,0.0,0.0,0.0,0.0,0.009155437,0.0,0.0,0.0,0.0,0.0,0.0,0.020309743,0.9705348,0.0,0.0
99999E00034690,7,False,01,01.50,False,0.0,0.005845033,0.0,0.034864593,0.0060579805,0.019972978,0.0,0.0,0.0072769197,0.0,0.006469189,0.016059157,0.70743996,0.016125241,0.007673442,0.0,0.0,0.037941314,0.13427421
99999E00034746,3,False,71,71.12,True,0.0015914354,0.14437324,0.002530667,0.005797623,0.00412675,0.0,0.015366546,0.28652444,0.23054717,0.0011040468,0.012346598,0.0,0.0,0.0027888631,0.0,0.07138522,0.17558289,0.030250438,0.015684042
99999E00034752,6,False,55,55.10,False,0.0,0.0013133823,0.0,0.0,0.0,0.0,0.0,0.0,0.0009001958,0.0,0.0,0.0,0.0004704817,0.0,0.0,0.95672435,0.040591583,0.0,0.0
99999E00034760,8,False,47,47.61,False,0.0050676228,0.052279513,0.01935258,0.044506464,0.073392205,0.0039056318,0.15348811,0.018068368,0.0028691052,0.0038821972,0.118052974,0.0048826705,0.0,0.010405644,0.003349693,0.36228672,0.035972696,0.04009068,0.048147105
99999E00034791,6,False,55,55.20,False,0.0,0.012906798,0.0026853404,0.0,0.002555895,0.0039463113,0.14275028,0.0,0.003869917,0.0,0.042849436,0.0009473787,0.0,0.005087976,0.0010938004,0.17004293,0.59228903,0.012496535,0.006478392
99999E00034810,6,False,55,55.10,False,0.0,0.0,0.0,0.0,0.003916001,0.0004775789,0.02432254,0.0,0.0,0.0,0.004410936,0.0,0.0,0.004429754,0.0019115943,0.88937056,0.06996311,0.0011979667,0.0
99999E00034815,7,False,01,01.4,False,0.0016454263,0.00038419152,0.0038923647,0.09557055,0.016667701,0.09817063,0.07613201,0.00013970601,0.010866023,0.06712097,0.088278666,0.024316605,0.029400352,0.04545878,0.0,0.0032869722,0.017602958,0.07681502,0.3442511
99999E00034833,1,False,38,38.1,False,0.0,0.0,0.0,0.0,0.0,0.0,0.0,0.0,0.0,0.0,0.0,0.0,0.0,0.0,0.0,0.0,1.0,0.0,0.0
99999E00040016,1,False,55,55.10,False,0.0,0.0,0.0,0.0,0.0,0.0,0.0,0.0,0.0,0.0,0.0,0.0,0.0,0.0,0.0,0.0039010309,0.996099,0.0,0.0
99999E00040067,3,False,84,84.11,False,0.0,0.0013355487,0.0,0.0,0.0,0.0,0.0,0.009273316,0.47400653,0.0,0.0,0.0,0.0,0.0,0.0,0.013617311,0.50176734,0.0,0.0
99999E00040070,3,False,47,47.71,False,0.0014123443,0.030553294,0.0038154705,0.024331175,0.014015345,0.0,0.18394832,0.0,0.0,0.0,0.023691786,0.0,0.0,0.0043364638,0.0,0.48052385,0.10908214,0.05305598,0.07123385
99999E00040072,4,False,46,46.41,False,0.0,0.0,0.0,0.0,0.0,0.0,0.0,0.0,0.0,0.0,0.0,0.0,0.0,0.0,0.0,0.0,0.0,1.0,0.0
99999E00040080,3,False,84,84.11,False,0.0,0.0,0.0,0.0,0.0,0.0,0.0,0.012449349,0.5635013,0.0,0.0,0.0,0.0013882115,0.0,0.0,0.0,0.4226612,0.0,0.0
99999E00040134,6,False,56,56.10,False,0.0,0.0,0.0,0.0,0.007325396,0.000513924,0.113061525,0.0,0.0,0.0007644796,0.0013515484,0.0,0.0016602253,0.0056853015,0.0035959154,0.5213827,0.34383538,0.0008236165,0.0
99999E00040264,3,False,84,84.11,False,0.0,0.0055036745,0.0007653783,0.0,0.0,0.0,0.0,0.019223081,0.39852947,0.0,0.0,0.0,0.0,0.0,0.0,0.027169924,0.54880846,0.0,0.0
99999E00040270,1,False,62,62.02,False,0.0,0.0,0.0,0.0,0.0,0.0,0.0,0.0,0.0,0.0,0.0,0.0,0.0,0.0,0.0,0.0,1.0,0.0,0.0
99999E00040295,6,False,01,01.30,False,0.0,0.0,0.0,0.0011200607,0.0041356804,0.0014932377,0.08708429,0.0023980297,0.06017157,0.0026857613,0.026817076,0.0,0.0,0.00348113,0.0044333474,0.33187446,0.32369637,0.047213443,0.10339558
99999E00040318,5,False,52,52.10,False,0.0,0.003263602,0.00037222545,0.0,0.004831074,0.10898054,0.17364956,0.0,0.0029522683,0.04046749,0.16089764,0.0011569435,0.0,0.18669808,0.017162638,0.03282557,0.13943428,0.12462678,0.0026812018
99999E00040344,8,False,68,68.20,False,0.016549172,0.08712401,0.030518802,0.027971802,0.044276938,0.02017896,0.0430658,0.036561828,0.0060484456,0.019844541,0.049363706,0.00810376,0.0,0.0019577008,0.07368403,0.029345628,0.45259765,0.00928055,0.043526758
99999E00040345,4,False,68,68.32,False,0.0125270495,0.27980766,0.06603029,0.07300794,0.23624429,0.01569608,0.005443617,0.0,0.0,0.0063188267,0.064332776,0.015907671,0.0,0.03569608,0.14268336,0.046304397,0.0,0.0,0.0
99999E00040346,8,False,68,68.20,False,0.020816427,0.10217428,0.010200912,0.061477683,0.09597501,0.0126328105,0.08246027,0.00981307,0.0,0.0031187094,0.015402224,0.0,0.0,0.027989699,0.080539234,0.42440194,0.017198237,0.008939928,0.026859526
99999E00040347,8,False,68,68.20,False,0.05285594,0.10857186,0.17199019,0.099419646,0.12435967,0.032623358,0.0290062,0.015287428,0.0,0.009818409,0.026621668,0.028948972,0.01301295,0.03688323,0.10261272,0.06589677,0.0382758,0.031588834,0.012226421
99999E00040348,4,False,68,68.32,False,0.012927003,0.07387901,0.01825831,0.106834225,0.11119546,0.009722274,0.045068875,0.009943849,0.0012402791,0.0,0.074659936,0.029196545,0.0,0.022368256,0.1273245,0.053494126,0.1957371,0.037505604,0.070644565
99999E00040349,4,False,68,68.32,False,0.012994808,0.28935504,0.08212329,0.010154679,0.056668792,0.00025671438,0.0,0.040654875,0.09526452,0.013578743,0.013689022,0.010803697,0.00509813,0.055575043,0.27997229,0.033810366,0.0,0.0,0.0
99999E00040351,1,False,62,62.02,False,0.0,0.00340309,0.0,0.0,0.0,0.0,0.0,0.0,0.0,0.0,0.0,0.0,0.0,0.032009408,0.0,0.036228467,0.9200639,0.0054496774,0.0028454862
99999E00040352,1,False,62,62.02,False,0.0,0.0,0.0,0.0,0.0,0.0,0.0,0.0,0.0,0.0,0.0,0.0,0.0,0.0,0.0,0.0,1.0,0.0,0.0
99999E00040357,1,False,60,60.10,False,0.0,0.0,0.0,0.0,0.0,0.0,0.0,0.0,0.0,0.0,0.0,0.0,0.0,0.0,0.0,0.0,1.0,0.0,0.0
99999E00040358,1,False,60,60.10,False,0.0,0.0,0.0,0.0,0.0,0.0,0.0,0.0,0.0,0.0,0.0,0.0,0.0,0.0,0.0,0.0,1.0,0.0,0.0
99999E00040359,6,False,01,01.1,False,0.0,0.00059211015,0.0,0.0,0.0,0.119570926,0.10045351,0.0,0.0011623526,0.011764825,0.014404088,0.0,0.0,0.008959031,0.0,0.0,0.6788459,0.060338043,0.0039092726
99999E00040364,1,False,60,60.10,False,0.0,0.0,0.0,0.0,0.0,0.0,0.0,0.0,0.0,0.0,0.0,0.0,0.0,0.0,0.0,0.0,1.0,0.0,0.0
99999E00040390,6,False,55,55.10,False,0.0,0.08361208,0.0,0.0,0.008328084,0.0,0.043464094,0.0,0.0070962654,0.0,0.06349783,0.0017021651,0.005276257,0.0035640458,0.0014450657,0.24662885,0.53242075,0.0015245569,0.0014399325
99999E00040398,3,False,84,84.11,False,0.0,0.0,0.0,0.0,0.0,0.0,0.0,0.0,0.045036666,0.0,0.0,0.0,0.0,0.0,0.0,0.0,0.9549634,0.0,0.0
99999E00040400,8,False,85,85.51,False,0.0067398287,0.20602679,0.042941194,0.20298754,0.00042661093,0.0,0.029157832,0.0248797,0.0,0.0,0.0,0.0,0.0,0.0032026991,0.010070333,0.23385537,0.11041697,0.008861305,0.12043387
99999E00040401,6,False,56,56.30,False,0.0,0.0,0.0,0.00017342424,0.0011825592,0.00031539632,0.014930565,0.0,0.0,0.0,0.00085170753,0.0,0.0,0.00096726825,0.0,0.7058157,0.27576345,0.0,0.0
99999E00040411,4,False,52,52.10,False,0.0,0.0,0.0,0.0,0.009626006,0.0,0.0,0.007101152,0.0,0.0,0.0,0.0,0.0,0.0,0.0,0.0,0.6457314,0.25106516,0.08647624
99999E00040433,7,False,43,43.22,False,0.0013403039,0.031240517,0.0019165815,0.0029678158,0.039383397,0.063750334,0.29686004,0.0034308059,0.0,0.08007811,0.16768399,0.08861191,0.066080175,0.07486076,0.022278031,0.01803028,0.008737239,0.027342733,0.005406956
99999E00040440,8,False,96,96.0,False,0.026954064,0.037893616,0.056791894,0.03457556,0.06366489,0.021944901,0.027245237,0.085529186,0.03521877,0.016312268,0.011345876,0.0112011125,0.016679112,0.06914947,0.045146618,0.035824146,0.24924079,0.09460654,0.060675845
99999E00040515,8,False,94,94.99,False,0.0,0.014754514,0.0028921503,0.0034951365,0.0155812325,0.0,0.05308369,0.0022991686,0.01669171,0.0029348962,0.0,0.0,0.0,0.0102171125,0.004432812,0.59758645,0.22176336,0.026789678,0.027478157
99999E00040613,7,False,49,49.4,False,0.015002756,0.040818077,0.06036859,0.1871508,0.011360081,0.044248443,0.18112437,0.013460765,0.0015941358,0.005888619,0.015218784,0.019706944,0.012961666,0.031163868,0.0057545323,0.010767868,0.1700958,0.076190755,0.09712311
99999E00040651,5,False,10,10.85,False,0.0,0.0,0.0,0.0,0.26618782,0.0029377365,0.648917,0.0,0.00010419887,0.003448647,0.00020167526,0.0,0.0,9.411512e-05,0.044032432,0.00012772766,0.033948667,0.0,0.0
99999E00040660,6,False,47,47.78,False,0.00088333205,0.012785918,6.002358e-05,0.011568424,0.08138032,0.06769764,0.5289448,0.0031893128,0.00036999607,0.00025353243,0.0029429467,0.003141831,0.0,0.00035387036,0.0075199683,0.03159838,0.015783513,0.03517113,0.19635503
99999E00040704,7,False,43,43.34,False,0.00472723,0.0054750657,0.010715053,0.010095535,0.0066792015,0.03373476,0.14376578,0.0,0.015557769,0.02957983,0.070517845,0.23821592,0.07946981,0.0302091,0.00384081,0.02599463,0.12178032,0.08552949,0.08411184
99999E00040705,6,False,52,52.21,False,0.0,0.0028256783,0.0039878525,0.0,0.022445913,0.013339937,0.078468785,0.0037295918,0.0,0.0,0.0035579244,0.0,0.0,0.013583006,0.0,0.034720905,0.74810594,0.055755496,0.01947895
99999E00040706,7,False,49,49.39,False,0.012772159,0.012933697,0.014454445,0.018905325,0.07356984,0.110418186,0.14146338,0.013122975,0.0037439435,0.045684025,0.06609745,0.027608423,0.014975774,0.08413389,0.018444369,0.03760179,0.087185584,0.11949413,0.09739067
99999E00040709,6,False,43,43.21,False,0.0027385151,0.0,0.0,0.0,0.013486577,0.009366914,0.054633178,0.0019447876,0.005667896,0.0,0.030791387,0.0,0.0,0.035488587,0.004342957,0.038489312,0.7628153,0.040234584,0.0
99999E00040710,5,False,45,45.20,False,0.0008634827,0.0004990672,0.0,0.0,0.0038364285,0.022706956,0.8399715,0.0,0.0,0.0,0.044417586,0.0,0.0013556788,0.0033449556,0.0051947595,0.0,0.04604956,0.031264633,0.00049533026
99999E00040711,7,False,16,16.23,False,0.0121420305,0.0086265225,0.007004495,0.005358843,0.02173446,0.07939445,0.24873678,0.0057276883,0.0015906035,0.024443189,0.26167357,0.02183943,0.009165193,0.029206084,0.0020987408,0.049314726,0.07105743,0.11493175,0.025954004
99999E00040712,7,False,43,43.99,False,0.0006005392,0.0029041949,0.0006126135,0.006354277,0.027191399,0.04306406,0.1386572,0.0,0.042836554,0.01260497,0.05296184,0.030150246,0.0788689,0.044038903,0.011677786,0.014614392,0.08979554,0.14556943,0.25749722
99999E00040713,3,False,41,41.20,False,0.0051474343,0.18357119,0.03569486,0.1872372,0.078930475,0.0037500714,0.04010772,0.022947168,0.009417444,0.0009980828,0.034207296,0.007567673,0.0075400467,0.012435777,0.019146094,0.1983101,0.07485314,0.03649035,0.041647937
99999E00040714,6,False,47,47.64,False,0.0,0.0062856525,0.0022810844,0.0,0.0,0.001137616,0.30376798,0.0,0.0,0.0,0.011390862,0.0,0.0,0.0,0.0,0.5724483,0.09127393,0.0042599565,0.007154603
99999E00040715,7,False,43,43.34,False,0.0,0.040996548,0.008089679,0.027119646,0.05029747,0.017582694,0.13903986,0.0,0.027934909,0.028032968,0.05520834,0.036575958,0.0352546,0.026231777,0.0019019251,0.043260157,0.3431599,0.06516136,0.05415222
99999E00040717,7,False,25,25.99,False,0.003940433,0.0035190503,0.008301537,0.041420348,0.016705707,0.034786552,0.24605675,0.0011650717,0.0,0.045772556,0.11078961,0.028793281,0.0015442983,0.0075918213,0.0,0.102688,0.20912789,0.045811158,0.09198589
99999E00040718,5,False,43,43.33,False,0.0,0.0129361935,0.0010808394,0.0029651662,0.029530052,0.008473023,0.14910401,0.008170135,0.011815662,0.030775735,0.057687245,0.027285192,0.00573793,0.06275796,0.006488071,0.16784842,0.27822375,0.07166231,0.06745829
99999E00040748,6,False,68,68.31,False,0.0,0.0043009073,0.0,0.0,0.0040445733,0.0,0.0524454,0.0014655391,0.035332955,0.0,0.0,0.0,0.0,0.0,0.0,0.6229561,0.2794545,0.0,0.0
99999E00040839,8,False,56,56.10,False,0.0048599583,0.15562257,0.044145674,0.10758153,0.0,0.0035014814,0.003906824,0.0,7.107189e-05,0.0,0.0,0.0,0.0,0.03197535,0.0,0.19848175,0.02695216,0.23424166,0.18865995
99999E00040993,2,False,IL,IL.01,False,0.0,0.0,0.0,0.0,0.0,0.0,0.0,0.0012728377,0.99872714,0.0,0.0,0.0,0.0,0.0,0.0,0.0,0.0,0.0,0.0
99999E00041045,8,False,68,68.20,False,0.005980051,0.13885394,0.014036558,0.0132740345,0.024444494,0.004167199,0.064823836,0.18552156,0.044581823,0.0067807734,0.04082286,0.005649673,0.0,0.01429637,0.014438085,0.13358714,0.25828204,0.024073876,0.006385661
99999E00041046,8,False,68,68.20,False,0.011835946,0.31330466,0.0075590205,0.04073441,0.035628222,0.037198488,0.06731242,0.10741385,0.014768191,0.00722541,0.04599981,0.002183474,0.0050553516,0.020594906,0.016732436,0.11467809,0.0863593,0.04125936,0.0241566
99999E00041058,3,False,93,93.11,False,0.0,0.03027771,0.0,0.049244244,0.00080266275,0.0,0.020589538,0.0,0.028527057,0.0,0.001017649,0.0,0.0,0.0009253605,0.0013744272,0.068900645,0.77261305,0.009515974,0.016211666
99999E00041059,5,False,84,84.1,False,0.0,0.00039608765,0.0,0.0,0.00036612136,0.017926894,0.84430355,0.0,0.0007411842,0.0031621766,0.068847,0.0053388462,0.017971603,0.021912906,0.0018460732,0.0,0.016587108,0.00060029404,0.0
99999E00041145,1,False,62,62.02,False,0.0,0.0,0.0,0.0,0.0,0.0,0.0,0.0,0.005033794,0.0,0.0,0.0,0.0,0.0,0.0,0.0020343342,0.99164057,0.0,0.0012913278
99999E00041169,3,False,IL,IL.01,False,0.0,0.0,0.0,0.0,0.0,0.0,0.0,0.0005943781,0.9900458,0.0,0.0,0.0,0.0,0.0,0.0,0.0,0.009359866,0.0,0.0
99999E00041170,2,False,IL,IL.01,False,0.0,0.0,0.0,0.0,0.0,0.0,0.0,0.0,1.0,0.0,0.0,0.0,0.0,0.0,0.0,0.0,0.0,0.0,0.0
99999E00041182,3,False,49,49.32,False,0.0018079545,0.032808892,0.0026235562,0.0022504125,0.004553966,0.0,0.00878331,0.0021972714,0.06050583,0.0022561888,0.011657554,0.0012961822,0.0046614036,0.0,0.0,0.046391077,0.7690658,0.013444713,0.035695843
99999E00041195,6,False,35,35.30,False,0.0,0.015912408,0.00047992845,0.0,0.0059606945,0.0,0.0121971,0.0019736504,0.0068721175,0.0,0.009025441,0.00079188845,0.0,0.0018478271,0.0,0.46708098,0.4737582,0.004099766,0.0
99999E00041202,6,False,55,55.10,False,0.0023133948,0.22116992,0.0039646425,0.0,0.0038133168,0.0011994345,0.021675019,0.0,0.003932939,0.0,0.022453506,0.002251873,0.0,0.0026684909,0.0018902827,0.4508991,0.25558916,0.0047610765,0.0014178692
99999E00041205,1,False,61,61.90,False,0.0,0.0,0.0,0.0,0.0,0.0,0.0,0.0,0.0,0.0,0.0,0.0,0.0,0.0,0.0,0.0,1.0,0.0,0.0
99999E00041224,6,False,96,96.0,False,0.004470059,0.026865738,0.0019173605,0.032470327,0.036418505,0.0276826,0.019967778,0.019933742,0.01437453,0.0025753896,0.020977512,0.0,0.0,0.061741278,0.025197973,0.02414286,0.44252455,0.1324567,0.10628303
99999E00639916,3,False,49,49.4,False,0.0,0.025459576,0.004174402,0.009227036,0.005190908,0.0033040605,0.044901088,0.014496425,0.07624419,0.0019238044,0.0022647162,0.0,0.0025167663,0.0028261195,0.0073634414,0.038265564,0.74902594,0.008168175,0.004647775
99999E00639917,6,False,55,55.20,False,0.0,0.000519593,3.8051e-05,0.0,0.030514654,0.0011199741,0.097135864,0.0,0.00033252456,0.0,0.00028772556,0.0,0.0,0.0034468959,0.024126114,0.82544047,0.01657168,8.809838e-05,0.0003782607
99999E00656629,3,False,49,49.4,False,0.0,0.0059077316,0.0,0.0,0.0,0.0,0.0,0.0072711436,0.2605708,0.0,0.0,0.0,0.0,0.0,0.0,0.026084837,0.70016545,0.0,0.0
99999E10004622,7,False,01,01.41,False,0.018843345,0.0,0.07852325,0.15122709,0.000652955,0.00035653124,0.0,0.0,0.0,0.00068320776,0.00047462306,0.017190855,0.3794186,0.0005831614,0.0,0.35204637,0.0,0.0,0.0
99999E10004711,3,False,84,84.1,False,0.0037874957,0.015014825,0.0050571198,0.005345963,0.011019962,0.0,0.0104265995,0.026201537,0.042946093,0.0023796258,0.002788661,0.0031003067,0.0,0.032040622,0.012892925,0.08976211,0.70405567,0.024366103,0.008814449
99999E10004722,6,False,55,55.10,False,0.0,0.0007262524,0.0,0.0,0.00028560488,0.0,0.00050738576,0.0,0.0019444446,0.0,0.0,0.0,0.0,0.003690423,0.0007559786,0.92204416,0.07004576,0.0,0.0
99999E10004800,3,False,93,93.1,False,0.020579863,0.32276282,0.01921308,0.3268049,0.0012710011,0.0,0.001540903,0.027519036,0.12187056,0.0,0.0,0.0,0.0,0.0,0.0,0.01356735,0.13988392,0.0049865,0.0
99999E10004846,7,False,43,43.31,False,0.0,0.0,0.0,0.0042495746,0.0076042097,0.052556053,0.42498177,0.0,0.0013886887,0.019351482,0.07347828,0.024955947,0.0041765315,0.037428528,0.0068083676,0.13949528,0.061553095,0.09241506,0.049557038
99999E10004863,6,False,43,43.32,False,0.0,0.0022854272,0.0023251625,0.0,0.00405165,0.0,0.3563611,0.0,0.0,0.0029946975,0.030337708,0.0,0.0,0.007957605,0.01615362,0.33708894,0.2250116,0.013175478,0.0022569506
99999E10004896,6,False,47,47.73,False,0.0,0.0,0.0021065883,0.010762627,0.0054229014,0.0005359312,0.05314036,0.0,0.00029810693,0.0,0.0004316446,0.0,0.0,0.0018242517,0.00870462,0.8009994,0.072795585,0.006960492,0.036017526
99999E10004933,7,False,79,79.11,False,0.0066152876,0.0009381441,0.008230432,0.007843104,0.026124295,0.0637543,0.39531085,0.0022800742,0.0035035016,0.0072440086,0.01507614,0.010460033,0.008598008,0.03387633,0.017524093,0.025845593,0.043346643,0.21005209,0.113377176
99999E10004955,3,False,38,38.11,False,0.0,0.0,0.0,0.0,0.015728598,0.014974841,0.20454027,0.0,0.0077135377,0.014648458,0.08818375,0.014034385,0.0,0.0017696669,0.0,0.02751709,0.6108894,0.0,0.0
99999E10004968,4,False,52,52.10,False,0.0,0.0,0.0,0.0,0.015904574,0.2008354,0.048878454,0.0,0.1252887,0.13520896,0.050223913,0.016928732,0.0,0.11655321,0.010482561,0.016908651,0.021688059,0.17436795,0.06673093
99999E10004971,6,False,84,84.1,False,0.0,0.0,0.0,0.0,0.0059593366,0.0,0.0041458476,0.0,0.0,0.0,0.0,0.0035986977,0.0,0.0,0.0076125693,0.21667248,0.7620111,0.0,0.0
99999E10004985,6,False,47,47.73,True,0.0,0.0,0.0,0.0,0.0,0.0,0.0063537695,0.0,0.0,0.0,0.0010495079,0.0,0.0,0.0,0.0,0.7998609,0.19219342,0.00054243667,0.0
99999E10005015,3,False,01,01.4,True,0.0,0.0,0.0,0.0,0.0,0.0,0.0,0.0,0.3527067,0.0,0.0,0.0,0.0,0.0,0.0,0.0,0.6472933,0.0,0.0
99999E10005038,3,False,84,84.11,False,0.0,0.022717198,0.0,0.0,0.001949218,7.955992e-05,0.0,0.0,0.3862847,0.0,0.0,0.0,0.0,0.0,0.0,0.0050136955,0.58389026,6.53528e-05,0.0
99999E10005075,4,False,94,94.99,False,0.0,0.21367519,0.0,0.3376068,0.0,0.0,0.006647673,0.30531812,0.0759734,0.0,0.0071225064,0.0,0.0,0.0,0.0,0.0408357,0.012820513,0.0,0.0
99999E10005118,3,False,55,55.10,True,0.0038421554,0.049654923,0.0033422,0.009401032,0.0,0.0,0.0016061061,0.0013367551,0.17437686,0.0,0.0,0.0,0.0,0.0,0.0,0.40381444,0.32642043,0.0,0.02620515
99999E20000010,1,False,49,49.39,False,0.0,0.0,0.0,0.0,0.0,0.0,0.0,0.0,0.0,0.0,0.0,0.0,0.0,0.0,0.0,0.0023017381,0.99769825,0.0,0.0
99999E20000023,6,False,56,56.10,True,0.0,0.124679334,0.0,0.001241401,0.010964151,0.0,0.017669927,0.0,0.024112236,0.0,0.0020178524,0.0,0.0,0.0,0.0,0.7239266,0.094070636,0.0,0.0013178617
99999E20000033,3,False,93,93.1,False,0.0,0.0013878979,0.0,0.026755195,0.0,0.0,0.005006727,0.09785213,0.19912964,0.0,0.0,0.013300394,0.0,0.0,0.0,0.015875636,0.6101551,0.0,0.030537305
99999E20000037,2,False,IL,IL.01,False,0.0,0.0,0.0,0.0,0.0,0.0,0.0,0.0,1.0,0.0,0.0,0.0,0.0,0.0,0.0,0.0,0.0,0.0,0.0
99999E20000137,1,False,47,47.11,False,0.0,0.0,0.0,0.0,0.0,0.0,0.0,0.0,0.0,0.0,0.0,0.0,0.0,0.0,0.0,0.4734327,0.52656734,0.0,0.0
99999E20000149,8,False,01,01.11,False,0.021415025,0.0043909955,0.042017892,0.028322808,0.0075637563,0.35884783,0.025426717,0.0,0.4088445,0.0,0.016225262,0.0,0.0023204442,0.007728866,0.0,0.00034360433,0.04017047,0.010276891,0.026105
99999E20000152,3,False,38,38.11,False,0.0012554441,0.15624322,0.0,0.0,0.0,0.0,0.0,0.0,0.0,0.0,0.0,0.0,0.0,0.01086463,0.0,0.0035307815,0.81523204,0.012873887,0.0
99999E20000165,3,False,IL,IL.01,False,0.0,0.0,0.0,0.0,0.0,0.0,0.0,0.0,0.997415,0.0,0.0,0.0,0.0,0.0,0.0,0.0,0.0025850108,0.0,0.0
99999E20000168,8,False,CO,CO.02,False,0.044861943,0.058474183,0.03806011,0.043605614,0.101888694,0.06777925,0.10188955,0.023499196,0.009350487,0.0019453401,0.023437494,0.004738231,0.013151186,0.09850191,0.092886135,0.040235978,0.0076656686,0.1428531,0.08517591
99999E20000207,1,False,61,61.20,False,0.0,0.0,0.0,0.0,0.0,0.0,0.0,0.0,0.0,0.0,0.0,0.0,0.0,0.0,0.0,0.0,1.0,0.0,0.0
99999E20000235,6,False,75,75.00,False,0.00185602,0.03355991,0.00218514,0.0,0.009018741,0.0,0.07898353,0.036794774,0.023664575,0.0,0.009544475,0.0,0.0,0.0058427504,0.011331466,0.1997767,0.5715699,0.003951343,0.011920677
99999E20000237,6,False,47,47.71,False,0.0,0.0,0.0,0.0005541503,0.008833068,0.0007698054,0.48853612,0.0,0.0,0.0,0.0,0.0,0.0,0.0011732597,0.0,0.40060353,0.033216823,0.006919116,0.059394203
99999E20000251,3,False,52,52.21,False,0.0,0.012068157,0.0,0.0,0.0,0.0,0.014673544,0.0031125704,0.038608376,0.0,0.0025567543,0.0,0.0,0.0,0.0,0.6012992,0.28675944,0.036795024,0.004126935
99999E20000252,5,False,11,11.05,False,0.0,0.0044536497,0.0,0.0026831266,0.036478605,0.011227938,0.3513989,0.0015563706,0.0009109664,0.0017593899,0.084193006,0.0,0.0,0.028324766,0.033184785,0.1276689,0.29723668,0.017216347,0.0017066703
99999E20000256,5,False,88,88.10,False,0.0,0.02916848,0.0,0.008747104,0.0077167572,0.0028535624,0.6453345,0.01508723,0.019349135,0.0,0.010277348,0.0,0.0,0.09724353,0.0,0.0441397,0.10446941,0.014633153,0.000980087
99999E20000264,2,False,58,58.2,False,0.0,0.0015046758,0.0,0.0,0.0,0.0,0.0,0.0,0.99849534,0.0,0.0,0.0,0.0,0.0,0.0,0.0,0.0,0.0,0.0
99999E20000305,6,False,43,43.21,False,0.0,0.0043983627,0.0,0.0,0.0036320966,0.0,0.011624473,0.0014872336,0.0,0.0,0.0047097392,0.0,0.0,0.0015589894,0.0,0.29194182,0.66862637,0.007292856,0.00472808
99999E20000333,8,False,01,01.41,False,0.0,0.0,0.0,0.0,0.0002884679,4.477752e-05,0.008610044,0.0,0.0,0.0,0.00047659472,0.0,0.0,0.0012372681,0.0014129757,0.8854667,0.10230094,0.00016226746,0.0
99999E20000342,3,False,55,55.30,False,0.0,0.035336807,0.0,0.00086001557,0.00015584067,0.0003948561,0.0,0.017130904,0.12692508,0.0,0.0021380228,0.0011119837,0.0013835847,0.0,0.0,0.11725506,0.69655955,0.0,0.00074832834
99999E20000352,2,False,IL,IL.01,False,0.0,0.0,0.0,0.0,0.0,0.0,0.0,0.0,1.0,0.0,0.0,0.0,0.0,0.0,0.0,0.0,0.0,0.0,0.0
99999E20000353,2,False,IL,IL.01,False,0.0,0.0039218105,0.0,0.0,0.0,0.0,0.0,0.0,0.9960782,0.0,0.0,0.0,0.0,0.0,0.0,0.0,0.0,0.0,0.0
99999E20000388,3,False,36,36.00,False,0.0,0.0,0.0,0.0,0.0,0.0,0.0,0.0,0.06560035,0.0,0.0,0.0,0.0,0.0,0.0,0.0,0.93439966,0.0,0.0
99999E20000392,3,False,84,84.11,False,0.0,0.6530098,0.0,0.0,0.004441839,0.005079921,0.038858674,0.09123083,0.0785706,0.0,0.0,0.0008136776,0.0,0.0,0.0,0.10640135,0.0046941047,0.0,0.01689927
99999E20000409,3,False,36,36.00,False,0.0,0.0,0.0,0.0,0.0,0.0,0.0,0.0,0.15528865,0.0,0.0,0.0,0.0,0.0,0.0,0.0,0.84471136,0.0,0.0
99999E20000483,4,False,84,84.1,False,0.0,0.9826451,0.0,0.017354876,0.0,0.0,0.0,0.0,0.0,0.0,0.0,0.0,0.0,0.0,0.0,0.0,0.0,0.0,0.0
99999E20000505,3,False,52,52.21,False,0.0,0.044809315,0.004667805,0.03443504,0.0,0.0,0.0,0.022748047,0.026222354,0.0,0.0,0.0,0.0,0.0,0.0,0.13964863,0.72089326,0.0020690835,0.004506539
99999E20000519,8,False,55,55.10,False,0.069132745,0.09341617,0.05366975,0.049698588,0.008353908,0.0021513135,0.0014828909,0.056390595,0.34206063,0.0012580995,0.0015904793,6.5468776e-05,0.004885436,0.02799912,0.007051857,0.06862547,0.1622234,0.020657001,0.029286977
99999E20000564,3,False,45,45.20,False,0.0,0.014564734,0.0,0.0,0.01574421,0.016403902,0.08792811,0.00065554166,0.00027898923,0.009166374,0.03935201,0.0,0.0,0.06488949,0.018484283,0.033455875,0.6449426,0.04373281,0.010401067
99999E20000615,5,False,68,68.20,False,0.0,0.011931275,0.0006658342,0.0005712524,0.0030402306,0.005216686,0.46912864,0.029912917,0.022055823,0.003861014,0.081966385,0.008871341,0.00075092196,0.009302691,0.00080770673,0.20303534,0.09388996,0.027798263,0.027193872
99999E20000624,4,False,01,01.41,False,0.0,0.0,0.0,0.0,0.0,0.0,0.0036192795,0.0018444404,0.018235601,0.0,0.0,0.0,0.0,0.0,0.005811727,0.07409083,0.8963981,0.0,0.0
99999E20000661,5,False,16,16.23,False,0.0,0.0,0.0,0.008887017,0.013937487,0.046758756,0.37454563,0.0,0.0013928429,0.060376905,0.07384558,0.08647403,0.054332197,0.0685007,0.011068005,0.0049123196,0.06343437,0.07933995,0.052194238
99999E20000662,8,False,01,01.11,False,0.0,0.024829699,0.028190266,0.020272644,0.1640383,0.079636596,0.09954769,0.041159138,0.008783773,0.011629331,0.0038261563,0.0,0.00047339255,0.083436735,0.04337264,0.030871956,0.26006156,0.01679243,0.08307778
99999E20000663,4,False,96,96.0,False,0.0,0.0,0.0,0.0,0.0,1.0,0.0,0.0,0.0,0.0,0.0,0.0,0.0,0.0,0.0,0.0,0.0,0.0,0.0
99999E20000702,2,False,IL,IL.01,False,0.0,0.0,0.0,0.0,0.0,0.0,0.0,0.0,1.0,0.0,0.0,0.0,0.0,0.0,0.0,0.0,0.0,0.0,0.0
99999E20000727,6,False,47,47.78,False,0.00030596164,0.017527029,0.0,0.0019276997,0.002709811,0.03392403,0.49830496,0.0,0.007808386,0.0016500243,0.0047332123,0.0,0.0,0.0015802518,0.0044894805,0.057899825,0.040537797,0.020576274,0.3060253
99999E20000735,7,False,45,45.20,False,0.0022286368,0.01692059,0.0063595176,0.040618755,0.046933297,0.03866811,0.16169545,0.01157409,0.000560693,0.008248055,0.052149586,0.012557124,0.00070461404,0.034798518,0.018119935,0.05926726,0.028331913,0.22702497,0.23323885
99999E20000737,1,False,IL,IL.01,False,0.0,0.0,0.0,0.0,0.0,0.0,0.0,0.0,0.0,0.0,0.0,0.0,0.0,0.0,0.0,0.0,1.0,0.0,0.0
99999E20000752,8,False,16,16.29,False,0.021073572,0.15173653,0.016906979,0.06434893,0.06531552,0.015426755,0.04652453,0.10778172,0.09204847,0.009483369,0.032382898,0.02133039,0.020601261,0.06422183,0.048623513,0.03009143,0.015762027,0.077823676,0.098516464
99999E20000790,6,False,55,55.10,True,0.0,0.028703328,0.0,0.0,0.0,0.0,0.00774713,0.0036784052,0.029120743,0.0,0.0,0.0,0.0,0.0,0.0,0.2122646,0.7184858,0.0,0.0
99999E20000833,8,False,CO,CO.02,False,0.031713385,0.07142893,0.0,0.16288362,0.090589315,0.03753684,0.044352926,0.053999297,0.012420652,0.0008653733,0.0,0.0,0.0,0.065106615,0.06273448,0.0,0.027060732,0.15709071,0.18221708
99999E20000834,8,False,CO,CO.02,False,0.09205571,0.12249196,0.021866823,0.09093939,0.022860024,0.027845727,0.030107923,0.07306999,0.06241566,0.0046130456,0.011819905,0.01236165,0.0,0.035484336,0.07021351,0.0,0.16230206,0.100649774,0.058902528
99999E20000835,8,False,CO,CO.02,False,0.03519853,0.11506195,0.010213728,0.05074625,0.07965828,0.04192464,0.08865574,0.062000398,0.050116137,0.015767533,0.0009671534,0.032897875,0.0,0.034802873,0.13904297,0.0,0.10162439,0.07992205,0.06139959
99999E20000855,7,False,01,01.4,False,0.0,0.0,0.0,0.01130844,0.017653748,0.007128642,0.001965896,0.0,0.00015424725,0.0,0.0,0.12348247,0.5669493,0.0,0.0,0.0,0.00067142927,0.070799485,0.19988628
99999E20000894,6,False,47,47.72,False,0.0,0.013697888,0.00028791986,0.0017312663,0.0,0.010239299,0.6363055,0.0,0.0,0.0,0.0025411888,0.0,0.0,0.0023067116,0.000656694,0.24554577,0.041211586,0.002394468,0.04308169
99999E20000895,6,False,47,47.77,False,0.0,0.0,0.00024049466,0.0,0.012077375,0.011276527,0.8495201,0.0,0.00011410135,0.00019934334,0.00014643456,0.00019907614,0.0,0.0,0.0,0.046519954,0.01571312,0.016735222,0.047258265
99999E20000903,6,False,56,56.30,False,0.0,0.002216718,0.0,0.0,0.002422647,0.0,0.012659563,0.0,0.007637765,0.0,0.0,0.0,0.0,0.0033136993,0.002226661,0.8605699,0.10845714,0.00049592723,0.0
99999E30461097,6,False,56,56.10,False,0.0010684017,0.0611547,0.0,0.00145389,0.078206375,0.0,0.14709644,0.00245288,0.008294352,0.00059760397,0.004961402,0.0,0.0,0.024541443,0.11037372,0.30676955,0.24888201,0.004147239,0.0
99999E30479367,4,False,74,74.90,False,0.0,0.079157315,0.0,0.0,0.0,0.013407895,0.028792912,0.03357337,0.0,0.0,0.04315458,0.0,0.0,0.0,0.0,0.0,0.79387206,0.0,0.008041838
99999E30482430,7,False,96,96.04,False,3.8057722e-05,0.0012820697,0.00024737522,0.010225635,0.0185912,0.148085,0.06715524,0.0005780017,0.007939794,0.12874453,0.10560543,0.097437285,0.0228941,0.15680498,0.08332026,0.004911825,0.0055255066,0.09107927,0.04953451
99999E30482957,8,False,74,74.90,False,0.012982947,0.09896182,0.02927287,0.024263792,0.13649014,0.020649983,0.113009214,0.02331425,0.0,0.015754545,0.06685548,0.006442229,0.01267485,0.062818676,0.11937315,0.034787025,0.15048702,0.050773904,0.021088134
99999E30483083,3,False,84,84.11,False,0.0,0.01351778,0.0,0.01036349,0.037979543,0.009317751,0.057293706,0.007947618,0.008378719,0.01698793,0.05641016,0.1703616,0.017884275,0.009193969,0.00804579,0.016202556,0.5514674,0.0,0.0086476235
99999E30594394,8,False,82,82.11,False,0.014446657,0.013077328,0.0,0.03952837,0.018218517,0.0007898058,0.007366553,0.02429853,0.03485411,0.0066380105,0.007813612,0.0,0.0,0.041757047,0.035105787,0.06827432,0.6808589,0.006972478,0.0
99999E30601128,8,False,01,01.1,False,0.016115494,0.12391434,0.05170161,0.03733839,0.07626606,0.035224795,0.111336,0.13321634,0.02478993,0.008644555,0.043872066,0.012993999,0.014768008,0.028310781,0.058352105,0.10708164,0.06744763,0.024722014,0.023904286
99999E30601131,4,False,01,01.1,False,0.07436098,0.081579834,0.025231836,0.028025026,0.10984694,0.0653669,0.12143557,0.0,0.0030725114,0.0,0.21902971,0.0025759442,0.010955519,0.12183904,0.05038298,0.014636326,0.0,0.042934466,0.028726429
99999E30601137,4,False,01,01.4,False,0.0,0.0,0.0,0.0,0.0,0.0,0.0,0.0,0.0,0.0,0.0,0.0,0.0,0.0,0.0,0.0,0.0,1.0,0.0
99999E30601138,6,False,49,49.41,False,0.0,0.032902077,0.0073848236,0.0070210295,0.03892036,0.012319118,0.20362464,0.0,0.0,0.003392328,0.015683748,0.0,0.0,0.029456194,0.007816944,0.33564106,0.25708568,0.04875202,0.0
99999E30601142,8,False,29,29.10,False,0.0014104082,0.010583209,0.0015648325,0.013527563,0.0,0.0,0.0,0.0,0.0,0.0,0.0,0.0,0.0,0.008946311,0.0015236526,0.0,0.9105265,0.028517013,0.02340042
99999E30601147,5,False,70,70.22,False,0.0,0.0,0.0,0.0,0.027910778,0.051899668,0.089647844,0.0,0.0,0.05505352,0.012533706,0.021733806,0.053059895,0.06691724,0.0,0.014723427,0.25364822,0.34466872,0.008203286
99999E30601154,4,False,01,01.4,False,0.0,0.0,0.0,0.0,0.0,0.0,0.0,0.0,0.012845747,0.0,0.0,0.0,0.0,0.0,0.0,0.0,0.97710556,0.0,0.010048688
99999E30601155,3,False,49,49.4,False,0.0,0.0,0.0,0.0,0.010784297,0.0,0.023816599,0.008431019,0.00842569,0.0,0.0,0.0,0.0,0.013827833,0.0,0.009066644,0.9194396,0.0062083327,0.0
99999E30601156,4,False,55,55.20,False,0.061009005,0.1056987,0.0,0.0,0.12552513,0.0,0.04350324,0.2305224,0.06643385,0.0,0.0,0.0074843485,0.0,0.0045443345,0.06352369,0.10884764,0.14446358,0.0,0.03844403
99999E30601158,4,False,01,01.4,False,0.0,0.0,0.0,0.0,0.0,0.0,0.0,0.0,0.0,0.0,0.0,0.0,0.0,1.0,0.0,0.0,0.0,0.0,0.0
99999E30601161,3,False,84,84.11,True,0.003831541,0.0,0.004031375,0.0,0.0,0.0060033854,0.0066886432,0.008056766,0.6029153,0.014870256,0.025536029,0.042838592,0.0,0.03565136,0.0,0.0,0.24336389,0.0062127924,0.0
99999E30601165,6,False,56,56.10,False,0.019560361,0.076698564,0.0056414204,0.034291998,0.22812171,0.0018729102,0.12251473,0.0,0.0,0.0,0.0017904033,0.0,0.0,0.009993667,0.15609097,0.13603765,0.18672173,0.020663893,0.0
99999E30601166,3,False,84,84.11,False,0.0,0.11100354,0.010707194,0.011068192,0.0,0.011702892,0.0036126038,0.05465244,0.009762692,0.0,0.0,0.0,0.0,0.008996721,0.0,0.0644834,0.6859483,0.006919343,0.021142656
99999E30601167,8,False,94,94.91,False,0.09773593,0.049186982,0.0074405624,0.005210649,0.0,0.07442496,0.028714962,0.034437977,0.2465536,0.040251214,0.011107673,0.0,0.0027777238,0.013034679,0.0013179688,0.0015403156,0.33477053,0.04665094,0.0048432937
99999E30601174,6,False,55,55.10,False,0.0,0.0053414647,0.0,0.0,0.10797541,0.0,0.016448881,0.0,0.0,0.0,0.0,0.0,0.0,0.0034401154,0.014356513,0.6314725,0.22096507,0.0,0.0
99999E30601175,7,False,41,41.20,False,0.0,0.0,0.0068423864,0.0013845299,0.0026319444,0.024154026,0.09172343,0.0018209576,0.0,0.016182946,0.12522972,0.01714108,0.16309527,0.026971579,0.017425345,0.0067838607,0.42119968,0.071281545,0.0061317277
99999E30601179,3,False,01,01.1,False,0.009872516,0.006006579,0.0039823856,0.021889037,0.0137401335,0.0062848795,0.005311669,0.0060263374,0.621369,0.012975018,0.015023173,0.028344598,0.027285624,0.006268484,0.0,0.010428275,0.17967775,0.0064080544,0.019106455
99999E30601183,1,False,49,49.3,False,0.0,0.0,0.0,0.0,0.0,0.0,0.0,0.0,0.0,0.0,0.0,0.0,0.0,0.0,0.0,0.0,1.0,0.0,0.0
99999E30601187,6,False,56,56.10,False,0.0,0.0,0.0,0.0,0.0,0.0,0.0054085203,0.0,0.0031259228,0.0,0.008091441,0.0,0.0,0.0,0.0,0.10455108,0.87882304,0.0,0.0
99999E30601188,4,False,16,16.23,False,0.0,0.0,0.0,0.0,0.02730668,0.11930682,0.13596427,0.0,0.00018563989,0.10832155,0.09897451,0.016992148,0.0015623561,0.12128923,0.043455992,0.0,0.0012493428,0.26040125,0.064990215
99999E30601191,7,False,96,96.21,False,0.0,0.0,0.0,0.0056037027,0.0057972614,0.10249482,0.32654426,0.0,0.0007267926,0.008076315,0.054869983,0.0037421274,0.0,0.048919015,0.0087955175,0.0024099909,0.028422713,0.32433352,0.07926403
99999E30601192,6,False,84,84.11,False,0.0,0.0,0.0,0.0,0.008353632,0.0,0.55525994,0.0,0.0,0.0,0.0,0.0,0.0,0.0,0.007371071,0.0033122376,0.4257031,0.0,0.0
99999E30601194,7,False,94,94.91,False,0.0,0.0,0.0,0.016718443,0.0,0.060634475,0.068306595,0.006512834,0.028584823,0.08452355,0.087851614,0.009384993,0.0015565673,0.052721385,0.0019994397,0.042639524,0.18226166,0.020652194,0.3356519
99999E30601195,8,False,84,84.11,False,0.01644754,0.4783805,0.0,0.02818894,0.0,0.0,0.10491511,0.24188071,0.009181541,0.0,0.0,0.0,0.0,0.0,0.0075141485,0.0,0.0,0.021519374,0.09197214
99999E30601202,1,False,36,36.00,False,0.0,0.0,0.0,0.0,0.0,0.0,0.0,0.0,0.0,0.0,0.0,0.0,0.0,0.0,0.0,0.0,1.0,0.0,0.0
99999E30601204,4,False,49,49.4,False,0.024636798,0.049556307,0.0,0.0,0.072612196,0.011372159,0.025808053,0.05164495,0.03894575,0.0,0.024671411,0.0,0.0,0.0,0.006352485,0.16350293,0.49045107,0.027706299,0.012739588
99999E30601206,3,False,84,84.11,False,0.0,0.0,0.0,0.0,0.0,0.0069720973,0.030227758,0.0,0.0,0.0,0.008260063,0.0041990294,0.07322345,0.004540735,0.0,0.03359881,0.8367701,0.0022079404,0.0
99999E30601208,2,False,IL,IL.01,False,0.0,0.0041662008,0.0,0.0,0.0,0.0,0.0,0.0,0.9958338,0.0,0.0,0.0,0.0,0.0,0.0,0.0,0.0,0.0,0.0
99999E30601209,5,False,43,43.99,False,0.0,0.003925125,0.0,0.0,0.020564448,0.032694813,0.2702728,0.005320745,0.002450219,0.009165233,0.08756818,0.0,0.0,0.0875015,0.008733213,0.02323856,0.24959435,0.12666492,0.07230601
99999E30601210,6,False,56,56.30,False,0.0,0.0,0.0,0.0,0.0024959878,0.0,0.1744723,0.0,0.0,0.0,0.0,0.0,0.0,0.0022286028,0.0,0.48304537,0.33775774,0.0,0.0
99999E30601211,1,False,47,47.11,False,0.0,0.0,0.0,0.0,0.0,0.0,0.0,0.0,0.0,0.0,0.0,0.0,0.0,0.0,0.0,0.010562414,0.9894376,0.0,0.0
99999E30601212,3,False,74,74.90,False,0.0,0.0,0.0,0.0,0.006326514,0.0,0.0,0.0,0.9326385,0.0012936003,0.004810576,0.0,0.0,0.0,0.004770151,0.0050194385,0.039717574,0.005423689,0.0
99999E30601214,6,False,94,94.91,False,0.0,0.0,0.0,0.0,0.0,0.0,0.0067449925,0.0,0.0,0.0,0.05316856,0.0,0.0,0.0,0.0,0.0048578554,0.90816337,0.027065195,0.0
99999E30601215,2,False,IL,IL.01,False,0.0,0.0,0.0,0.0,0.0,0.0,0.0,0.0,1.0,0.0,0.0,0.0,0.0,0.0,0.0,0.0,0.0,0.0,0.0
99999E30601217,2,False,IL,IL.01,False,0.0,0.0027458747,0.0,0.0,0.0,0.0,0.0,0.0,0.99725413,0.0,0.0,0.0,0.0,0.0,0.0,0.0,0.0,0.0,0.0
99999E30601219,7,False,01,01.41,False,0.0,0.0,0.0,0.0030945735,0.03262557,0.04891357,0.14799505,0.0,0.0,0.004830422,0.005247903,0.0,0.29062098,0.017361965,0.0,0.0015443295,0.017425284,0.08380971,0.34653065
99999E30601220,4,False,01,01.1,False,0.00067303807,0.056624938,0.0,0.005877865,0.07551486,0.06293654,0.14434423,0.0,0.016392214,0.0,0.014403014,0.0,0.0,0.024737889,0.006491078,0.0,0.16682369,0.3566653,0.06851528
99999E30601221,7,False,16,16.23,False,0.0,0.0,0.0,0.014815409,0.012693497,0.05048713,0.27000153,0.0,0.0,0.014769005,0.11443975,0.0071503744,0.0,0.06056937,0.0,0.061417293,0.30623433,0.05558731,0.03183499
99999E30601223,7,False,81,81.30,False,0.0056128134,0.0025586584,0.017565621,0.057280626,0.0352623,0.06831009,0.29816487,0.0,0.008076768,0.004275141,0.1081663,0.06302789,0.060644258,0.018116923,0.00083541113,0.038720634,0.028993333,0.06982279,0.114565484
99999E30601224,5,False,27,27.52,False,0.0,0.0,0.0,0.0,0.0013653903,0.0069447285,0.71237856,0.0,0.0,0.0,0.0103458455,0.0,0.0,0.013474397,0.0,0.07002659,0.1314266,0.054037925,0.0
99999E30601225,7,False,81,81.30,True,0.010940567,0.008772197,0.018730242,0.091399394,0.034167383,0.10563893,0.19463961,0.0020908013,0.034142703,0.03182155,0.06914335,0.04013892,0.0851552,0.034248475,0.012153443,0.014246594,0.0073701036,0.06423543,0.14096513
99999E30601226,5,False,81,81.30,False,0.0031285584,0.0012049925,0.0022662703,0.0058591375,0.009230905,0.13326772,0.33454573,0.0,0.02024166,0.05697734,0.06969057,0.023978245,0.017367369,0.06626353,0.005571708,0.0024652597,0.17503345,0.02847762,0.04442995
99999E30601227,6,False,01,01.1,False,0.0030131582,0.01674988,0.0,0.0,0.015793722,0.0037679393,0.015510305,0.007541845,0.06033625,0.0026312927,0.026752966,0.0,0.0,0.04155324,0.008132544,0.061559416,0.70600384,0.02734963,0.0033040321
99999E30601229,4,False,49,49.4,False,0.0,0.040903907,0.0,0.025527945,0.017566185,0.0065410733,0.04885087,0.0,0.0,0.0,0.009397244,0.0,0.0012431,0.0,0.0061711036,0.10314771,0.6712148,0.049975578,0.019460436
99999E30601230,6,False,94,94.91,False,0.0,0.072997995,0.0,0.0,0.0,0.0,0.035585187,0.0,0.0,0.0,0.013364237,0.0,0.0,0.0,0.0020063901,0.63122225,0.23930003,0.005523901,0.0
99999E30601231,6,False,56,56.10,False,0.0,0.5780175,0.0,0.0,0.034820214,0.0,0.01277657,0.0,0.0018667014,0.0,0.0046637803,0.0,0.0,0.0011779657,0.010329498,0.24149649,0.11485135,0.0,0.0
99999E30601235,8,False,01,01.1,False,0.06542028,0.111929305,0.07281724,0.042263683,0.036543455,0.03317339,0.028870791,0.03801984,0.012790285,0.025991848,0.08685643,0.02699217,0.0050618793,0.027798155,0.061611813,0.02062264,0.27040982,0.020723578,0.012103315
99999E30601236,4,False,01,01.4,False,0.0,0.09707657,0.0,0.0,0.13319439,0.0,0.019026242,0.017946664,0.0,0.0,0.0,0.0,0.0,0.34737858,0.1492598,0.0,0.112318955,0.12379885,0.0
99999E30601237,7,False,01,01.4,False,0.0,0.06094047,0.0,0.010206938,0.0063917274,0.008824473,0.06370313,0.17460379,0.032321088,0.010452861,0.02066888,0.027189244,0.018772624,0.046708718,0.0045476835,0.19047755,0.11353393,0.108492136,0.10216472
99999E30601239,1,False,61,61.10,False,0.0,0.0,0.0,0.0,0.0,0.0,0.0,0.0,0.0,0.0,0.0,0.0,0.0,0.0,0.0,0.0,1.0,0.0,0.0
99999E30601240,1,False,43,43.21,False,0.0,0.0,0.0,0.0,0.0,0.0,0.0,0.0,0.0,0.0,0.0,0.0,0.0,0.0,0.0,0.0,1.0,0.0,0.0
99999E30601243,1,False,60,60.10,False,0.0,0.0,0.0,0.0,0.0,0.0,0.0,0.0,0.0,0.0,0.0,0.0,0.0,0.0,0.0,0.0,1.0,0.0,0.0
99999E30601244,1,False,60,60.10,False,0.0,0.0,0.0,0.0,0.0,0.0,0.0,0.0,0.0,0.0,0.0,0.0,0.0,0.0,0.0,0.0020925873,0.99790746,0.0,0.0
99999E30601245,1,False,60,60.10,False,0.0,0.0,0.0,0.0,0.0,0.0,0.0,0.0,0.0046756947,0.0,0.0,0.0,0.0,0.0,0.0,0.0,0.9953243,0.0,0.0
99999E30601246,1,False,60,60.10,False,0.0,0.0,0.0,0.0,0.0,0.0,0.0,0.0,0.0,0.0,0.0,0.0,0.0,0.0,0.0,0.0019175003,0.9980825,0.0,0.0
99999E30601247,1,False,61,61.10,False,0.0,0.0,0.0,0.0,0.0,0.0,0.0,0.004063369,0.03115233,0.0,0.0,0.0,0.0,0.0,0.0,0.022001665,0.94278264,0.0,0.0
99999E30601248,1,False,61,61.10,False,0.0,0.0,0.0,0.0,0.0,0.0,0.0,0.0,0.0,0.0,0.0,0.0,0.0,0.0,0.0,0.0,1.0,0.0,0.0
99999E30601249,1,False,61,61.10,False,0.0,0.0,0.0,0.0,0.0,0.0,0.0,0.0,0.0,0.0,0.0,0.0,0.0,0.0,0.0,0.0,1.0,0.0,0.0
99999E30601252,7,False,96,96.0,False,0.00071306236,0.10646845,0.009990278,0.04224735,0.056376353,0.066410005,0.10629177,0.100926876,0.019582763,0.015398548,0.072831795,0.012439445,0.011582501,0.04784923,0.051490713,0.08394774,0.054230817,0.08307916,0.05814314
99999E30601254,3,False,94,94.91,False,0.0,0.112587936,0.0,0.02027388,0.0027726572,0.027839437,0.0,0.008310448,0.1439675,0.0,0.0,0.0,0.0,0.016741281,0.010868666,0.039851774,0.5000376,0.0,0.1167488
99999E30601256,7,False,43,43.91,False,0.0,0.0,0.0,0.0,0.02335089,0.06055596,0.1578832,0.0,0.13018686,0.007563601,0.027971521,0.007786488,0.086322606,0.09738811,0.011725596,0.0032678733,0.14796042,0.15058963,0.08744732
99999E30601262,7,False,96,96.02,False,0.010920297,0.0043677,0.020663304,0.043737747,0.02829683,0.012568919,0.009908498,0.0,0.0,0.01302978,0.025336847,0.007501551,0.004799233,0.0022896384,0.0046819225,0.0027944897,0.11327111,0.44662818,0.24920398
99999E30601267,6,False,55,55.10,False,0.0,0.0,0.0,0.0,0.0,0.0,0.015847817,0.0,0.0,0.0,0.0,0.0,0.0,0.0,0.0,0.04347124,0.9406809,0.0,0.0
99999E30601269,6,False,47,47.30,False,0.0,0.0,0.0,0.0,0.0,0.0,0.0080328,0.0,0.0,0.0,0.0,0.0,0.0,0.0,0.0,0.20714793,0.78481925,0.0,0.0
99999E30601270,3,False,28,28.29,False,0.0021592935,0.0765989,0.0032944428,0.0056381403,0.0045925197,0.0,0.32609868,0.06926972,0.04506045,0.0,0.01007377,0.0,0.0,0.014826199,0.0,0.2455896,0.1652838,0.023196425,0.008318045
99999E30601271,5,False,47,47.79,False,0.00048806221,0.0003886532,0.00036350155,0.0016354576,0.0033990687,0.14251895,0.65900016,0.0,0.0023852175,0.011539826,0.012045256,0.0,0.0021199265,0.01907874,0.00011557791,0.046549156,0.03399009,0.05393297,0.010449322
99999E30601273,2,False,IL,IL.01,False,0.0,0.0,0.0,0.0,0.0,0.0,0.0,0.0,1.0,0.0,0.0,0.0,0.0,0.0,0.0,0.0,0.0,0.0,0.0
99999E30601275,7,False,49,49.41,False,0.0,0.010859864,0.0,0.0,0.17449363,0.0936613,0.11741909,0.0,0.3708851,0.026420534,0.017832404,0.039858107,0.0,0.00890549,0.043394595,0.0,0.04995403,0.02243278,0.023882994
99999E30601278,7,False,84,84.11,True,0.025920445,0.26047495,0.0033245794,0.061939932,0.025005726,0.039733853,0.036620054,0.040629774,0.15019323,0.017447218,0.07836548,0.011176657,0.015219048,0.015193988,0.0039488613,0.0,0.025932528,0.016498042,0.17237559
99999E30601281,1,False,47,47.11,True,0.0,0.0,0.0,0.0,0.0,0.0,0.0,0.0,0.0,0.0,0.0,0.0,0.0,0.0,0.0,0.04001503,0.95998496,0.0,0.0
99999E30601287,5,False,16,16.23,False,0.0,0.0022230705,0.0,0.0,0.001452747,0.014960991,0.5778234,0.0,0.0,0.020490544,0.12823273,0.021717124,0.0021546714,0.05197953,0.0073961243,0.00691537,0.051947977,0.11176274,0.00094288925
99999E30601288,3,False,86,86.90,False,0.007152381,0.015330128,0.010325981,0.007900688,0.0,0.0,0.012180091,0.0034766598,0.010404793,0.0,0.007500941,0.0069175703,0.0,0.022591384,0.00880093,0.0299412,0.8342879,0.012200403,0.010988976
99999E30601289,6,False,56,56.10,False,0.0,0.025361666,0.0,0.0,0.0056043277,0.0,0.07962941,0.0,0.0,0.0,0.0037713458,0.0,0.0,0.0,0.0,0.7979951,0.08763823,0.0,0.0
99999E30601291,3,False,94,94.91,False,0.0,0.01627099,0.0,0.0,0.0,0.0,0.0,0.0,0.47964048,0.0,0.0,0.0,0.0,0.0,0.0,0.0,0.5040886,0.0,0.0
99999E30601292,7,False,52,52.10,False,0.0058474713,0.22687042,0.047447708,0.07274484,0.07332526,0.030034052,0.028384328,0.010547177,0.0,0.040140633,0.07122991,0.018867224,0.01217779,0.062608086,0.018284792,0.15598756,0.062055822,0.023736931,0.039710097
99999E30601293,4,False,01,01.1,False,0.015419546,0.033771638,0.044808127,0.08725128,0.058871754,0.036704194,0.03364551,0.0,0.041402582,0.0,0.048056003,0.00886072,0.03894302,0.12603664,0.11496863,0.0,0.22571187,0.057042856,0.028505659
99999E30601295,4,False,01,01.4,False,0.0,0.0,0.0,0.0,0.11080434,0.0047304183,0.036788236,0.0,0.024337916,0.017936904,0.038986385,0.011377623,0.04584462,0.03131924,0.0,0.096964784,0.47912633,0.06102064,0.04076249
99999E30601298,4,False,IL,IL.01,False,0.0,0.01070285,0.0,0.0,0.0,0.0,0.0,0.0,0.9892971,0.0,0.0,0.0,0.0,0.0,0.0,0.0,0.0,0.0,0.0
99999E30601299,7,False,84,84.11,False,0.046072096,0.11666212,0.024002424,0.31504452,0.008534265,0.046692237,0.059350528,0.0,0.0041948077,0.0,0.0,0.0,0.0,0.006492257,0.0,0.051887278,0.11817324,0.1310639,0.07183031
99999E30601300,6,False,47,47.11,False,0.0,0.0,0.0,0.0,0.0,0.0,0.0049826778,0.0,0.0,0.0,0.0,0.0,0.0,0.0,0.0,0.024548246,0.9704691,0.0,0.0
99999E30601302,8,False,55,55.10,False,0.030427907,0.42594272,0.0,0.0,0.0,0.008002301,0.0,0.0400115,0.120465755,0.0079543805,0.0074272845,0.007475203,0.0,0.0076189563,0.0,0.0,0.3278068,0.014279553,0.0025875699
99999E30601303,6,False,56,56.10,False,0.0,0.0,0.0040518707,0.017728528,0.0043324456,0.0,0.0,0.0,0.0,0.0,0.0,0.0,0.0,0.0,0.0,0.3199237,0.6492368,0.0,0.004726614
99999E30601305,2,False,IL,IL.01,False,0.0,0.0,0.0,0.0,0.0,0.0,0.0,0.0,1.0,0.0,0.0,0.0,0.0,0.0,0.0,0.0,0.0,0.0,0.0
99999E30601306,2,False,IL,IL.01,False,0.0,0.0,0.0,0.0,0.0,0.0,0.0,0.0,1.0,0.0,0.0,0.0,0.0,0.0,0.0,0.0,0.0,0.0,0.0
99999E30601308,7,False,74,74.90,False,0.010188096,0.0,0.003950685,0.040946998,0.24144912,0.1789777,0.22611831,0.0,0.0,0.0,0.0,0.0,0.0,0.00927827,0.17980482,0.0030262636,0.09427151,0.0018001889,0.010188096
99999E30601310,7,False,01,01.4,False,0.005249825,0.013535911,0.06848705,0.41932017,0.005192844,0.010479027,0.008525404,0.0010441042,0.0019997526,0.0014972367,0.027313853,0.0019530825,0.22170554,0.0026737533,0.0038329044,0.12909448,0.0052986657,0.024904381,0.047892038
99999E30601311,8,False,52,52.10,False,0.0,0.018941872,0.012668396,0.030535884,0.044938866,0.08254233,0.02940233,0.0118836295,0.026165163,0.002928866,0.075463854,0.0065054772,0.0034022182,0.067564785,0.007161008,0.10214285,0.25279185,0.091115616,0.133845
99999E30601313,4,False,01,01.4,False,0.0,0.0,0.0,0.0,0.0,0.0,0.0,0.0,0.06886246,0.0,0.0,0.0,0.0,0.0,0.007075328,0.0028057336,0.9144496,0.006806953,0.0
99999E30601314,8,False,55,55.10,False,0.0,0.011965117,0.0,0.02242433,0.00014374571,0.0,0.03952322,0.0,0.0,0.0193144,0.0,0.0,0.0,0.00085106574,0.0,0.67275494,0.19754992,0.0064366125,0.029036628
99999E30601317,3,False,64,64.19,False,0.0,0.0,0.0,0.0,0.0,0.0,0.0,0.00871183,0.0062274258,0.011699683,0.01393236,0.0,0.005920981,0.0,0.0,0.0,0.95350766,0.0,0.0
99999E30601320,3,False,84,84.11,False,0.005360676,0.015298921,0.005268396,0.004411212,0.01099946,0.002026762,0.010501658,0.0221839,0.014217811,0.0,0.0056565627,0.0,0.0,0.008568868,0.004930179,0.06285671,0.79879695,0.015254897,0.013667098
99999E30601325,8,False,70,70.2,False,0.0,0.05855229,0.03417499,0.0,0.0,0.013874194,0.0,0.012285177,0.007484713,0.025958888,0.030711086,0.012218349,0.0,0.01195475,0.002966412,0.016937133,0.76347417,0.0061964225,0.003211447
99999E30601329,5,False,16,16.23,True,0.0,0.014631375,0.0,0.0021330856,0.0077220686,0.01938935,0.4672262,0.0,0.031470478,0.025827587,0.1597633,0.011479849,0.0,0.025267776,0.0025228797,0.010695284,0.045054384,0.17495614,0.0018602299
99999E30601338,6,False,47,47.11,False,0.0,0.0,0.0,0.0,0.0,0.0,0.003258512,0.0,0.0,0.0,0.0,0.0,0.0,0.0,0.0,0.05553569,0.9412058,0.0,0.0
99999E30601339,5,False,94,94.99,False,0.0,0.0,0.0,0.0,0.119044766,0.0066092624,0.2715247,0.0032741525,0.0,0.0042499336,0.008443527,0.0,0.0,0.020101173,0.1350184,0.023008194,0.23667412,0.1538159,0.018235968
99999E30601342,1,False,56,56.30,False,0.0,0.0,0.0,0.0,0.0,0.0,0.0,0.0,0.0,0.0,0.0,0.0,0.0,0.0,0.0,0.0,1.0,0.0,0.0
99999E30601343,3,False,84,84.11,False,0.011121951,0.05364381,0.026797974,0.023031753,0.006597331,0.0015572939,0.07262587,0.0032618502,0.0,0.0013216751,0.0795619,0.0,0.0,0.011552691,0.003350207,0.62299865,0.07950667,0.0,0.0030704096
99999E30601344,5,False,84,84.11,False,0.006445354,0.0,0.0,0.0,0.012081898,0.009873376,0.45855466,0.0,0.003461549,0.0,0.07350972,0.0,0.0,0.004125781,0.0,0.045213867,0.28316602,0.086679116,0.016888672
99999E30601345,3,False,84,84.11,False,0.0,0.11495026,0.00521632,0.0,0.0069338456,0.0,0.008835518,0.07706909,0.040785033,0.0,0.0,0.0,0.0,0.0033429775,0.0038706292,0.2303113,0.508685,0.0,0.0
99999E30601346,4,False,84,84.11,False,0.0,0.0926524,0.0,0.0,0.0,0.0,0.0,0.0,0.3992733,0.0,0.0,0.0,0.0,0.0,0.0,0.0,0.5080743,0.0,0.0
99999E30601347,7,False,43,43.22,False,0.016812375,0.02673319,0.018672338,0.067885645,0.13282987,0.0645686,0.17375512,0.015682463,0.0,0.009890523,0.019999152,0.0033836793,0.0,0.08904197,0.10014117,0.0051921457,0.009832967,0.1350382,0.110540606
99999E30601348,1,False,64,64.19,False,0.0,0.0,0.0,0.0,0.0,0.0,0.0,0.0,0.0,0.0,0.0,0.0,0.0,0.0,0.0,0.0,1.0,0.0,0.0
99999E30601349,7,False,94,94.91,False,0.1147866,0.15164103,0.027576417,0.006931572,0.0,0.03190514,0.007486566,0.0,0.0,0.0030431007,0.011341083,0.03343664,0.0010912543,0.056792058,0.006306326,0.0059913606,0.027062403,0.0449475,0.46966085
99999E30601350,3,False,94,94.91,True,0.0054083276,0.19022222,0.007517825,0.010687742,0.0,0.0,0.0,0.05852229,0.42333528,0.0,0.012498582,0.0,0.0030704904,0.0,0.0,0.030084154,0.21375257,0.007775275,0.037125263
99999E30601351,2,False,IL,IL.01,False,0.0,0.005388791,0.0,0.0,0.0,0.0,0.0,0.0,0.9946112,0.0,0.0,0.0,0.0,0.0,0.0,0.0,0.0,0.0,0.0
99999E30601352,1,False,56,56.30,False,0.0,0.0,0.0,0.0,0.0,0.0,0.0,0.0014779764,0.0,0.0,0.0,0.0,0.0,0.0,0.0,0.01779528,0.9807268,0.0,0.0
99999E30601355,3,False,84,84.24,False,0.0030146649,0.015401366,0.0,0.0,0.0065563032,0.0,0.0073712305,0.04486314,0.041399416,0.0,0.0,0.0,0.0,0.02771335,0.0031597712,0.105561264,0.74130875,0.003650797,0.0
99999E30601356,6,False,84,84.11,False,0.0,0.0049856235,0.0,0.0,0.0,0.0,0.004526342,0.0,0.010909148,0.0,0.0,0.0,0.0,0.0,0.0,0.19614711,0.78343177,0.0,0.0
99999E30601357,4,False,84,84.11,False,0.0,0.01075677,0.0,0.0,0.0,0.0,0.0,0.0,0.9892432,0.0,0.0,0.0,0.0,0.0,0.0,0.0,0.0,0.0,0.0
99999E30601359,7,False,43,43.22,False,0.014567178,0.0510091,0.018176246,0.022869524,0.05620463,0.10549831,0.14441064,0.0026564135,0.020126268,0.033372045,0.0699047,0.006016624,0.06575579,0.069592975,0.08381539,0.062075436,0.07924783,0.039882492,0.05481842
99999E30601360,3,False,84,84.11,False,0.0,0.0,0.0,0.0,0.0,0.0,0.010586413,0.0,0.05587846,0.0,0.0,0.0,0.0,0.005249531,0.0,0.0056417612,0.9226439,0.0,0.0
99999E30601363,4,False,90,90.01,False,0.006036534,0.15050752,0.0,0.0,0.0,0.0057118796,0.004022665,0.14528263,0.010774452,0.0,0.0031907393,0.0,0.0,0.0,0.0,0.007461967,0.6089087,0.0,0.05810291
99999E30601366,8,False,16,16.23,False,0.0,0.0071156677,0.0,0.025922243,0.0026267543,0.0068649133,0.0,0.0,0.01557143,0.002195128,0.0,0.0,0.0,0.0028733981,0.0,0.0,0.54450685,0.21920039,0.17312324
99999E30601367,5,False,46,46.73,False,0.0,0.0005600789,0.0,0.0,0.0,0.08356646,0.8631397,0.00018268061,0.0013113354,0.0,0.028624916,0.0,0.0,0.0,0.0,0.0,0.013197611,0.009417255,0.0
99999E30601368,2,False,46,46.73,False,0.0,0.0,0.0,0.0,0.0,0.0,0.0,0.0049988176,0.98913354,0.0,0.0,0.0,0.0,0.0,0.0,0.0,0.005867699,0.0,0.0
99999E30601369,3,False,51,51.10,False,0.00092954497,0.008852809,0.0048911767,0.06005303,0.010822559,0.005400214,0.061261438,0.0018812219,0.011508651,0.020184405,0.031569116,0.010871248,0.034481693,0.019077804,0.0044264044,0.10487038,0.51865506,0.052107636,0.038155608
99999E30601372,4,False,01,01.1,False,0.0,0.0,0.0,0.0,0.0,0.0,0.8329268,0.0,0.0,0.0,0.0,0.0,0.0,0.0,0.16707316,0.0,0.0,0.0,0.0
99999E30601374,6,False,56,56.10,False,0.0,0.021480039,0.0,0.0,0.018170001,0.0,0.10384916,0.011295097,0.004266238,0.0,0.0,0.0,0.0,0.030199729,0.016929124,0.59006405,0.15504932,0.037667222,0.011030055
99999E30601381,3,False,47,47.73,True,0.0004465699,0.0090227565,0.00035589235,0.0038977712,0.00019294547,0.001156991,0.001342096,0.00350779,0.5543105,0.016083334,0.00011658542,0.0072436365,0.015673922,0.00037600505,0.00014965206,0.08770872,0.29542714,0.00032214393,0.0026654429
99999E30601382,6,False,71,71.12,False,0.0,0.004727419,0.0,0.0,0.00419819,0.0,0.09753434,0.006011327,0.0036333206,0.0,0.0066263424,0.0,0.0,0.0,0.0,0.42346594,0.44589207,0.0038372197,0.00407386
99999E30601383,7,False,96,96.02,False,0.0,0.0,0.0,0.0,0.0018052472,0.05140983,0.5893582,0.0,0.0,0.008465723,0.04050657,0.0,0.00035891126,0.08602415,0.000227565,5.0400304e-05,0.010205298,0.18301722,0.02857086
99999E30601384,6,False,84,84.12,False,0.0,0.0,0.0,0.0,0.005190241,0.0,0.6756309,0.0,0.0,0.0,0.0,0.0,0.0,0.0,0.0,0.018803006,0.29583552,0.004540337,0.0
99999E30601385,6,False,91,91.04,False,0.0,0.03307305,0.0,0.0,0.0,0.0,0.04302189,0.0,0.0,0.0,0.004425848,0.0,0.0,0.004715902,0.0,0.08017405,0.8197039,0.0076811034,0.007204243
99999E30601386,4,False,43,43.12,False,0.0,0.5125743,0.0,0.0,0.0,0.0,0.0,0.0,0.0,0.0,0.0,0.0,0.0,0.0,0.0,0.0,0.0,0.48742574,0.0
99999E30601391,5,False,16,16.23,False,0.0008796574,0.0044403044,0.0004021634,0.001013812,0.008976648,0.07497466,0.35966465,0.032152966,0.0038202521,0.0634998,0.09749551,0.018889375,0.0012247977,0.12510464,0.009698741,0.006504243,0.020702712,0.12264993,0.047905166
99999E30601393,4,False,49,49.4,False,0.0,0.0,0.0,0.021612843,0.17467076,0.0,0.050441995,0.059065487,0.0,0.0,0.028576583,0.0,0.0,0.043586504,0.17005232,0.0,0.40310302,0.00631427,0.042576224
99999E30601394,8,False,01,01.1,False,0.033772796,0.34495243,0.0,0.07329833,0.026734212,0.04123483,0.0076221176,0.34126016,0.0,0.0,0.0,0.0,0.036396123,0.03756836,0.0,0.03811575,0.0,0.019044966,0.0
99999E30601402,6,False,94,94.91,False,0.0,0.0,0.0023554452,0.0,0.020805594,0.12399628,0.025496308,0.0,0.040864702,0.021077955,0.0446778,0.0,0.0,0.03798975,0.07126357,0.006950328,0.53980553,0.06471674,0.0
99999E30601404,7,False,82,82.99,False,0.0024418517,0.20542175,0.005823418,0.006934203,0.08642874,0.03194092,0.050645377,0.08911743,0.0,0.0062249247,0.055742335,0.004173645,0.0029503754,0.0076794126,0.02057139,0.05760536,0.3021983,0.025491025,0.038609535
99999E30601405,6,False,84,84.11,False,0.0,0.0,0.0,0.0,0.003527198,0.0,0.024812253,0.0,0.0,0.0,0.0,0.0,0.0,0.0,0.0,0.23708938,0.6775817,0.035760105,0.021229392
99999E30601406,6,False,55,55.10,False,0.0,0.0,0.0,0.0,0.0104791075,0.0,0.24249372,0.0,0.0,0.0,0.0023825641,0.0,0.0,0.0,0.0,0.6202124,0.12443227,0.0,0.0
99999E30601408,5,False,16,16.10,False,0.0,0.0,0.0,0.0,0.0011923433,0.108687416,0.5050987,0.0,0.021610875,0.018926235,0.112431325,0.0,0.0,0.059208345,0.0,0.0,0.0011240756,0.17172065,0.0
99999E30601409,3,False,47,47.11,True,0.0,0.0,0.0,0.0,0.0,0.0,0.0,0.0,0.24966073,0.0,0.0,0.0,0.0,0.0,0.0,0.18215862,0.5681807,0.0,0.0
99999E30601411,8,False,96,96.0,False,0.0032975564,0.10288973,0.011918981,0.02149384,0.007960208,0.022867467,0.032702547,0.03208612,0.015798837,0.008226828,0.0060981335,0.005624616,0.0,0.016980497,0.0,0.08010119,0.5031738,0.09155732,0.03722229
99999E30601419,3,False,43,43.12,False,0.0,0.008800991,0.00304747,0.0,0.003237146,0.0,0.0,0.010356339,0.17078476,0.0,0.0,0.0013403809,0.0,0.0076755765,0.006107584,0.036797248,0.7389292,0.011140335,0.0017829594
99999E30601421,6,False,47,47.11,False,0.0,0.0,0.0,0.0,0.0,0.0,0.0029721626,0.0,0.0,0.0,0.0,0.0,0.0,0.0,0.0,0.11850936,0.8785185,0.0,0.0
99999E30601422,3,False,84,84.11,False,0.0,0.0,0.0,0.0,0.04981334,0.048005756,0.39964497,0.0,0.17297995,0.0005012886,0.0004216722,0.0004659035,0.0,0.0027217022,0.0,0.0150593,0.16964786,0.115567654,0.025170583
99999E30601425,6,False,91,91.04,False,0.0,0.00296787,0.0,0.0,0.0061453106,0.004521139,0.2138981,0.0,0.0053111073,0.0,0.006673002,0.0007943601,0.0,0.0011146767,0.0,0.017903222,0.64093006,0.046467245,0.053273898
99999E30601426,1,False,91,91.04,False,0.0,0.0,0.0,0.0,0.0,0.0,0.0,0.0,0.0,0.0,0.006352678,0.0,0.0,0.0,0.0,0.0,0.99364734,0.0,0.0
99999E30601427,6,False,64,64.19,False,0.0,0.0,0.0,0.0,0.0,0.0,0.008026673,0.0,0.0,0.0,0.0032024959,0.0,0.0,0.0,0.0024004525,0.0028914418,0.7882204,0.19525859,0.0
99999E30601428,7,False,96,96.02,False,0.015494777,0.0,0.0055575403,0.09450794,0.113014646,0.108576834,0.20493728,0.00075971475,0.0006491592,0.024071332,0.023468947,0.0,0.00048899546,0.0006718372,0.01650395,0.015874635,0.025714077,0.15624185,0.19346645
99999E30601432,5,False,43,43.32,False,0.0,0.0,0.0,0.0,0.0060133156,0.14605923,0.23830232,0.0,0.0,0.09469811,0.12174119,0.07198617,0.0029578826,0.14757533,0.008853904,0.0,0.008187888,0.14733553,0.0062891287
99999E30601437,3,False,47,47.11,True,0.0,0.019733168,0.0,0.0,0.0,0.0,0.0,0.0,0.14506045,0.0,0.0,0.0,0.0,0.0,0.0,0.22697328,0.60823315,0.0,0.0
99999E30601439,2,False,IL,IL.01,False,0.0,0.0,0.0,0.0,0.0,0.0,0.0,0.007099212,0.9929008,0.0,0.0,0.0,0.0,0.0,0.0,0.0,0.0,0.0,0.0
99999E30601441,6,False,94,94.99,False,0.005877107,0.056022096,0.0,0.0035503928,0.023172345,0.016252527,0.2398928,0.040372793,0.02716223,0.0,0.023456724,0.0057564625,0.0,0.007928062,0.007540276,0.15625176,0.33210826,0.03261277,0.02204346
99999E30601444,3,False,94,94.91,False,0.0,0.010252209,0.0,0.0,0.0003149024,0.012114583,0.00919323,0.020823684,0.22399941,0.003434268,0.0514957,0.00028437166,0.0,0.015975408,0.0,0.013102032,0.58546025,0.028678797,0.024871184
99999E30601447,8,False,84,84.11,False,0.004985078,0.018928807,0.0059843953,0.009071041,0.0064332755,0.0013398707,0.00794647,0.0,0.048135825,0.0013534117,0.009884848,0.0019891562,0.0,0.0020548298,0.0,0.010062234,0.58682823,0.04732405,0.23767847
99999E30601449,4,False,84,84.11,False,0.0,0.92541933,0.0,0.0,0.0,0.0,0.0,0.0,0.0,0.0,0.0,0.033813436,0.0,0.0,0.0,0.0,0.0,0.040767215,0.0
99999E30601452,6,False,94,94.91,False,0.0074254866,0.031163115,0.0,0.0,0.0063253986,0.006350018,0.02657877,0.030526474,0.0,0.0064804554,0.0023072911,0.0,0.0,0.0045221522,0.0,0.13616215,0.7154469,0.021429043,0.0052827555
99999E30601454,4,False,84,84.11,False,0.0,0.0,0.0,0.0,0.033683557,0.06334981,0.32540172,0.0,0.0,0.04542645,0.041100122,0.008961681,0.0,0.07663783,0.042027194,0.0,0.3118047,0.051606923,0.0
99999E30601455,8,False,01,01.1,False,0.0011850889,0.014210427,0.000589353,0.0024829418,0.002734002,0.04473976,0.11483339,0.0023297528,0.036261164,0.012843426,0.030061254,0.0018116753,0.0011372172,0.050767332,0.01522105,0.04457806,0.5451802,0.06272141,0.016312523
99999E30601456,2,False,84,84.11,False,0.0,0.0,0.0,0.0,0.0,0.013543062,0.0,0.0,0.9750032,0.0,0.0,0.0,0.0,0.0043876083,0.0,0.0,0.003650445,0.0034157103,0.0
99999E30601458,1,False,36,36.00,False,0.0,0.0,0.0,0.0,0.0,0.0,0.0,0.0,0.0,0.0,0.0,0.0,0.0,0.0,0.0,0.0,1.0,0.0,0.0
99999E30601474,1,False,84,84.11,False,0.0,0.0,0.0,0.0,0.0,0.0,0.0,0.0,0.0,0.0,0.0,0.0,0.0,0.0,0.0,0.0,1.0,0.0,0.0
99999E30601478,1,False,61,61.10,False,0.0,0.0,0.0,0.0,0.0,0.0,8.433087e-06,0.0,0.00061756145,0.0,0.0,0.0,0.0,0.0,0.0,0.0,0.99937403,0.0,0.0
99999E30601480,1,False,61,61.10,False,0.0,0.0,0.0,0.0,0.0,0.0,0.0,0.0,0.0,0.0,0.0,0.0,0.0,0.0,0.0,0.0,1.0,0.0,0.0
99999E30601482,1,False,61,61.20,False,0.0,0.0,0.0,0.0,0.0,0.0,0.0,0.0,0.0,0.0,0.0,0.0,0.0,0.0,0.0,0.0,1.0,0.0,0.0
99999E30601494,6,False,55,55.10,False,0.0,0.023889717,0.0,0.0,0.0032772871,0.0,0.12717195,2.9715387e-05,0.0,0.0,0.0,0.0,0.0,0.0,0.0,0.5400577,0.30557367,0.0,0.0
99999E30601498,3,False,49,49.31,False,0.0,0.0,0.0,0.003528049,0.002498782,0.0,0.0047675725,0.0,0.2644959,0.0,0.0,0.0,0.010894219,0.016556328,0.0,0.0,0.6868944,0.006254166,0.0041106176
99999E30601502,3,False,36,36.00,False,0.0039292686,0.015622734,0.0,0.007951698,0.0039823353,0.008101464,0.018303175,0.014875087,0.042482566,0.006930466,0.027343323,0.0039964863,0.0,0.017040197,0.012141582,0.010106192,0.7992677,0.0,0.007925755
99999E30604264,6,False,94,94.91,False,0.010930014,0.0,0.0037678066,0.0,0.008586616,0.0036366445,0.035211623,0.0036340812,0.0,0.0,0.0061928052,0.0,0.0,0.0,0.0,0.06095182,0.8511145,0.013771996,0.0022019816
99999E30604268,2,False,IL,IL.01,False,0.0,0.0,0.0,0.0,0.0,0.0,0.0,0.0,1.0,0.0,0.0,0.0,0.0,0.0,0.0,0.0,0.0,0.0,0.0
99999E30617066,6,False,IL,IL.01,False,0.0,0.0,0.0,0.0,0.0,0.0,0.5353717,0.0,0.0,0.0,0.0,0.0,0.0,0.0015078009,0.0011364734,0.3914574,0.06886754,0.0016590125,0.0
99999E30617068,4,False,61,61.10,False,0.0,0.0,0.0,0.0,0.0,0.0,0.0,0.0,0.0,0.0,0.0,0.0,0.0,0.0,0.0,0.0,1.0,0.0,0.0
99999E30617070,3,False,IL,IL.01,False,0.0,0.0015213863,0.0,0.0,0.0,0.0,0.0,0.0031317605,0.972305,0.0,0.0,0.0,0.0,0.0,0.0,0.0,0.023041833,0.0,0.0
99999E30617072,1,False,61,61.90,False,0.0,0.0,0.0,0.0,0.0,0.0,0.0,0.0012420497,0.0024326858,0.0,0.0,0.0,0.0,0.0,0.0,0.0,0.99632525,0.0,0.0
99999E30617074,6,False,55,55.10,False,0.0,0.0,0.0,0.0,0.004975617,0.0,0.00798126,0.0,0.0,0.0,0.0,0.0,0.0,0.0,0.0,0.3671516,0.6198915,0.0,0.0
99999E30617076,1,False,61,61.10,False,0.0,0.0,0.0,0.0,0.0,0.0,0.0,0.0,0.0,0.0,0.0,0.0,0.0,0.0,0.0,0.0,1.0,0.0,0.0
99999E30617084,2,False,IL,IL.01,False,0.0,0.0,0.0,0.0,0.0,0.0,0.0,0.0,1.0,0.0,0.0,0.0,0.0,0.0,0.0,0.0,0.0,0.0,0.0
99999E30617089,3,False,35,35.13,False,0.0,0.0,0.0,0.0,0.0,0.0,0.0,0.0,0.029663239,0.0,0.0,0.0,0.0,0.0,0.0,0.0,0.9703368,0.0,0.0
99999E30629011,3,False,36,36.00,False,0.0007787151,0.010731801,0.0,0.06704184,0.13678151,0.019621065,0.032127313,0.0013106244,0.002455293,0.00047659062,0.0015021117,0.00078722567,0.0003914852,0.028118847,0.06520356,0.005595685,0.57216203,0.008902033,0.04601227
99999E30639921,2,False,84,84.11,False,0.0,0.0,0.0,0.0,0.0,0.0,0.0,0.0,1.0,0.0,0.0,0.0,0.0,0.0,0.0,0.0,0.0,0.0,0.0
99999E30639923,6,False,94,94.91,False,0.0,0.0,0.0,0.0,0.002663865,0.09713727,0.20072785,0.0,0.0,0.0,0.0017258846,0.0,0.0,0.040370688,0.0,0.0,0.5795971,0.072337076,0.005440288
99999E30639924,2,False,IL,IL.01,False,0.0,0.0,0.0,0.0,0.0,0.0,0.0,0.0,1.0,0.0,0.0,0.0,0.0,0.0,0.0,0.0,0.0,0.0,0.0
99999E30639925,2,False,IL,IL.01,False,0.0,0.0,0.0,0.0,0.0,0.0,0.0,0.0014871826,0.9985128,0.0,0.0,0.0,0.0,0.0,0.0,0.0,0.0,0.0,0.0
99999E30639926,1,False,84,84.11,False,0.0,0.0,0.0,0.0,0.0,0.00030885302,0.0,0.0001973228,0.00077948626,0.0,0.0,0.0,0.0,0.0,0.0,0.0015356861,0.9971787,0.0,0.0
99999E30639927,3,False,84,84.11,False,0.0,0.0,0.00047680706,0.0,0.00045431234,0.0060546864,0.018305253,0.004521031,0.023817055,0.0006547561,0.004215545,0.00064591895,0.002072323,0.0031436326,0.0,0.011707883,0.9216106,0.0023201664,0.0
99999E30639928,8,False,49,49.4,False,0.026088642,0.06264123,0.007032694,0.021470098,0.100903526,0.03306593,0.07354449,0.044048328,0.045797598,0.006320321,0.016119393,0.0,0.0,0.016946536,0.006510288,0.023425164,0.4095545,0.08372745,0.022803817
99999E30639929,2,False,IL,IL.01,False,0.0,0.0,0.0,0.0,0.0,0.0,0.0,0.0,1.0,0.0,0.0,0.0,0.0,0.0,0.0,0.0,0.0,0.0,0.0
99999E30639931,6,False,47,47.11,False,0.0,0.0,0.0,0.0,0.0,0.0,0.04237765,0.0,0.0,0.0,0.0,0.0,0.0,0.0,0.0,0.6604715,0.2971509,0.0,0.0
99999E30639932,3,False,84,84.11,True,0.0,0.009487792,0.0,0.0,0.0,0.0,0.0,0.013749405,0.8502356,0.0,0.0,0.0,0.0,0.0,0.0,0.0026612878,0.123865984,0.0,0.0
99999E30639934,3,False,94,94.91,False,0.002194432,0.008296854,0.0,0.0018837787,0.0032427092,0.007823073,0.028119087,0.0,0.488964,0.025267884,0.106588125,0.0,0.0,0.0073351054,0.0,0.0,0.30274224,0.011699855,0.0058428347
99999E30639935,8,False,84,84.11,False,0.0,0.09753288,0.0,0.014701897,0.0,0.077614106,0.040679373,0.012293962,0.012260388,0.037475634,0.14301632,0.0,0.0,0.0,0.0,0.025194103,0.51753825,0.021693178,0.0
99999E30639936,4,False,IL,IL.01,False,0.0,0.0,0.0,0.0,0.0,0.0,0.0,0.00059779995,0.9994022,0.0,0.0,0.0,0.0,0.0,0.0,0.0,0.0,0.0,0.0
99999E30639937,1,False,84,84.11,False,0.0,0.0,0.0,0.0,0.0,0.0,0.0,0.0,0.001681424,0.0,0.0,0.0,0.0,0.0,0.0,0.003925346,0.9943932,0.0,0.0
99999E30639938,1,False,61,61.90,False,0.0,0.0,0.0,0.0,0.0,0.0,0.0,0.0,0.0,0.0,0.0,0.0,0.0,0.0,0.0,0.0013241397,0.9986759,0.0,0.0
99999E30639939,1,False,61,61.10,False,0.0,0.0,0.0,0.0,0.0,0.0,0.0,0.0,0.0,0.0,0.0,0.0,0.0,0.0,0.0,0.0,1.0,0.0,0.0
99999E30639940,2,False,IL,IL.01,False,0.0,0.0,0.0,0.0,0.0,0.0,0.0,0.00084751647,0.9991452,0.0,0.0,0.0,0.0,0.0,0.0,0.0,7.2792827e-06,0.0,0.0
99999E30639943,7,False,01,01.4,False,0.0040952116,0.037614074,0.0,0.0050027897,0.032829206,0.06824954,0.12797964,0.0041157217,0.003177378,0.04801191,0.14490229,0.051908,0.002971421,0.01758497,0.0076306644,0.12659349,0.2723555,0.0195813,0.025396805
99999E30639944,6,False,43,43.22,False,0.0019962653,0.017292185,0.014644458,0.0046369825,0.05484338,0.0,0.036580257,0.0065714736,0.0,0.0028355115,0.019061442,0.023471039,0.0,0.017501002,0.010230693,0.44467163,0.33960006,0.0015765473,0.0044870963
99999E30639945,6,False,56,56.10,False,0.0,0.08012279,0.0,0.0,0.14289382,0.0,0.09163087,0.003634134,0.0,0.0,0.0,0.0,0.0,0.0,0.051179897,0.46321687,0.16732161,0.0,0.0
99999E30639947,4,False,96,96.0,False,0.0,0.0,0.0,0.0,0.0,0.23145454,0.06597865,0.0,0.0,0.0,0.0,0.0,0.0,0.12419512,0.1776484,0.0,0.0,0.16812208,0.2326012
99999E30639948,8,False,43,43.12,False,0.01705713,0.010106749,0.020210598,0.0032433188,0.01991786,0.05799425,0.012926899,0.028201511,0.12825166,0.018633865,0.03521276,0.017306393,0.010129936,0.10788165,0.100064635,0.005695372,0.31628296,0.061486825,0.029395653
99999E30639950,7,False,94,94.91,False,0.0012894362,0.020938275,0.0,0.009809356,0.012147212,0.010993348,0.015623869,0.016407171,0.0,0.09086309,0.12754574,0.013659589,0.0,0.009062206,0.01349389,0.016539732,0.5447657,0.07882433,0.018037044
99999E30639951,6,False,84,84.11,False,0.0,0.004195835,0.0,0.0,0.0,0.0,0.0053457427,0.0035533442,0.0,0.0,0.0025510301,0.0,0.0,0.0,0.0,0.111909114,0.872445,0.0,0.0
99999E30639953,4,False,52,52.10,False,0.0,0.0,0.0,0.0,0.0,0.0,0.0,0.0,0.0,0.0,0.0,0.0,0.0,0.0,0.0,0.0,0.0,1.0,0.0
99999E30639954,3,False,84,84.11,False,0.007906185,0.0,0.0,0.0,0.0029243727,0.0,0.0014212817,0.0,0.016778208,0.0033212085,0.0,0.0,0.0,0.0017802655,0.0014237238,0.022081152,0.93060505,0.0036582137,0.00810033
99999E30639955,2,False,IL,IL.01,False,0.0,0.0,0.0,0.0,0.0,0.0,0.0,0.0,1.0,0.0,0.0,0.0,0.0,0.0,0.0,0.0,0.0,0.0,0.0
99999E30639960,7,False,01,01.4,False,0.0,0.0,0.0,0.016460126,0.019524809,0.051419787,0.21000685,0.0,4.8291957e-05,0.0069503263,0.015676312,0.0036664738,0.0,0.043826807,0.0,0.0,0.00039376522,0.33015352,0.301873
99999E30656670,1,False,61,61.10,False,0.0,0.0,0.0,0.0,0.0,0.0,0.0,0.0,0.0,0.0,0.0,0.0,0.0,0.0,0.0,0.0,1.0,0.0,0.0
99999E30663115,4,False,52,52.10,False,0.0,0.08629131,0.0,0.051908314,0.053076666,0.0,0.42555913,0.0,0.0,0.0,0.0,0.0,0.0,0.0,0.0,0.0,0.24490935,0.10231446,0.035940804
99999E30663144,6,False,87,87.30,True,0.0,0.0,0.0,0.0,0.0,0.0,0.20221607,0.0,0.0,0.0,0.049909633,0.0,0.0,0.0,0.0,0.6803458,0.067528516,0.0,0.0
99999E30663278,3,False,53,53.10,False,0.0,0.0,0.0,0.017384062,0.0,0.004813622,0.095366396,0.0,0.0,0.0,0.020804193,0.0,0.0,0.0,0.0,0.058437537,0.8031942,0.0,0.0
99999E30663298,1,False,61,61.10,False,0.0,0.0,0.0,0.0,0.0,0.0,0.0,0.0,0.0,0.0,0.0,0.0,0.0,0.0,0.0,0.0,1.0,0.0,0.0
99999E30663378,1,False,61,61.10,False,0.0,0.0,0.0,0.0,0.0,0.0,0.006697408,0.0,0.0,0.0,0.0,0.0,0.0,0.0,0.0,0.0,0.9933026,0.0,0.0
99999E30685539,5,False,52,52.10,False,0.0,0.0,0.0,0.0,0.010314218,0.019473184,0.5641616,0.0,0.10309689,0.0025078303,0.07620088,0.0029442587,0.0,0.022397308,0.0,0.059703168,0.078823484,0.055764735,0.004612454
99999E30708610,4,False,94,94.91,False,0.0,0.06677508,0.0,0.0,0.0044873627,0.0014105323,0.0067780167,0.069410056,0.023578996,0.0,0.026384776,0.0,0.0,0.0,0.0,0.41295874,0.38821644,0.0,0.0
99999E30711382,1,False,62,62.02,False,0.0,0.0,0.0,0.0,0.0,0.0,0.0,0.0,0.0,0.0,0.0,0.0,0.0,0.0,0.0,0.0,1.0,0.0,0.0
99999E30713153,1,False,64,64.19,False,0.0,0.0,0.0,0.0,0.0,0.0,0.0,0.0,0.0,0.0,0.0,0.0,0.0,0.0,0.0,0.0,1.0,0.0,0.0
99999E30715817,1,False,36,36.00,False,0.0,0.0,0.0,0.0,0.0,0.0,0.0,0.0036559494,0.014909653,0.0,0.0,0.0,0.0,0.0,0.0041825264,0.0,0.9772519,0.0,0.0
99999E30715855,7,False,01,01.41,True,0.01183016,0.0,0.04198324,0.49935162,0.0,0.0,0.0,0.0,0.005064647,0.0,0.0,0.0,0.25127167,0.0,0.0,0.0,0.0,0.0,0.19049871
99999E30730075,6,False,55,55.20,False,0.0,0.0,0.0,0.0,0.009446208,0.0,0.07106082,0.0,0.002884053,0.0,0.051331043,0.0,0.0,0.003494058,0.0,0.52922523,0.2931907,0.030468907,0.008898932
99999E30730494,3,False,96,96.0,False,0.0,0.0063000815,0.0,0.0,0.0015624869,0.004367165,0.009926387,0.01831257,0.21885122,0.0,0.0,0.004545416,0.013633464,0.008182864,0.0031611812,0.014059596,0.67557925,0.004080291,0.017438022
99999E30734315,6,False,94,94.99,False,0.0,0.14485824,0.0,0.0,0.03555107,0.0,0.17161025,0.0,0.0,0.0,0.0,0.0,0.0,0.0012630923,0.32285488,0.000865715,0.17325653,0.0,0.1497403
99999E30737010,3,False,84,84.11,False,0.0,0.0,0.0,0.0,0.0,0.0,0.0,0.0025812867,0.2887409,0.0,0.0,0.0,0.0,0.0,0.0,0.0,0.7086778,0.0,0.0
99999E30737012,3,False,84,84.11,False,0.0,0.0,0.0,0.0,0.0,0.0,0.0,0.014358998,0.4477955,0.0,0.0,0.0,0.0,0.0,0.0,0.0,0.5378455,0.0,0.0
99999E30740297,3,False,96,96.0,False,0.0399928,0.036953785,0.01651296,0.0,0.07901456,0.0,0.004472474,0.02485935,0.0,0.0,0.0,0.0,0.0,0.110838234,0.100295424,0.0044133887,0.582647,0.0,0.0
99999E30742899,8,False,84,84.11,False,0.0007617257,0.072324194,0.0,0.002709094,0.0024242748,0.0,0.0032986035,0.0075112777,0.031250622,0.0,0.0,0.0,0.00029144285,0.0,0.0030667738,0.101230025,0.77076036,0.003702649,0.0006689939
99999E30748871,8,False,96,96.09,False,0.027011555,0.12961407,0.039434716,0.087156475,0.06514924,0.04459537,0.040245887,0.058716916,0.006100678,0.091848165,0.019920152,0.07401508,0.027064364,0.03309322,0.096869394,0.031641986,0.023883056,0.0460635,0.05757621
99999E30753062,1,False,62,62.02,False,0.0,0.0,0.0,0.0,0.0,0.0,0.0,0.0,0.0019140315,0.0,0.0,0.0,0.0,0.0,0.0,0.0,0.998086,0.0,0.0
99999E30758135,1,False,74,74.90,False,0.0,0.0,0.0,0.0,0.0,0.0,0.0,0.0,0.0,0.0,0.0,0.0,0.0,0.0,0.0,0.0,1.0,0.0,0.0
99999E30780137,3,False,84,84.11,False,0.0,0.0,0.0,0.0,0.0,0.0,0.019560656,0.0,0.0072668935,0.00077287713,0.0037685419,0.0032118587,0.0,0.0,0.0,0.01738584,0.94527215,0.002027154,0.0007340412
99999E30795274,1,False,62,62.02,False,0.0,0.0,0.0,0.0,0.0,0.0,0.0,0.0,0.0,0.0,0.0,0.0,0.0,0.0,0.0,0.0,1.0,0.0,0.0
99999E30800039,8,False,36,36.00,True,0.0,0.051281054,0.0,0.012282788,0.012180852,0.0,0.008380732,0.037116475,0.19255716,0.0043763514,0.0017448475,0.0009166605,0.0017802368,0.017608112,0.008379961,0.10680729,0.5404211,0.0031438798,0.0010224439
99999E30800382,8,False,84,84.11,False,0.0021695963,0.0066208607,0.0023276466,0.0066725863,0.018805085,0.006115101,0.0,0.0,0.0,0.0,0.0046409247,0.0,0.0,0.069789164,0.0,0.011319258,0.74383247,0.12226178,0.005445543
99999E30800864,8,False,56,56.30,False,0.0009167988,0.0,0.00033991714,0.0,0.0010996856,0.0009248395,0.0,0.0,0.0012439452,0.000603684,0.0009248395,0.00035552555,0.00052516884,0.00024926208,0.0003057047,0.33947286,0.6527338,0.00030397042,0.0
99999E30804807,6,False,70,70.2,False,0.0,0.0,0.0,0.0,0.0046748803,0.011433722,0.068554975,0.0,0.0,0.0,0.003941635,0.0,0.0,0.0069325054,0.0,0.21730739,0.6172141,0.037386764,0.032554008
99999E30832020,5,False,70,70.22,False,0.0,0.0,0.0,0.0012690981,0.007456328,0.0,0.48289216,0.0,0.0,0.026481967,0.061259113,0.08080046,0.0,0.023842677,0.008367985,0.006951457,0.058083057,0.24259573,0.0
99999E30832026,5,False,84,84.11,False,0.0,0.0,0.0,0.0,0.0,0.027182203,0.64953935,0.0,0.0,0.010285267,0.18297848,0.0024942413,0.0,0.0,0.0,0.0,0.05440659,0.07311385,0.0
99999E30832030,5,False,10,10.85,False,0.0,0.0,0.0006636113,0.0,0.0028786138,0.06385079,0.6668885,0.0,0.0,0.0,0.12057621,0.0,0.0,0.0,0.0,0.0,0.14514229,0.0,0.0
99999E30832031,5,False,84,84.11,False,0.0,0.0,0.0,0.0,0.0,0.045787927,0.55149335,0.0,0.0065329946,0.004910604,0.2802331,0.0009811952,0.0,0.020494023,0.000562514,0.004654981,0.07192987,0.012419454,0.0
99999E30832032,5,False,84,84.11,False,0.0,0.0,0.0,0.0,0.0,0.023133995,0.65651643,0.0,0.0,0.006258516,0.18639347,0.003836782,0.0,0.0,0.0,0.0062127137,0.10649746,0.01115068,0.0
99999E30832648,7,False,01,01.4,False,0.01025592,0.029715057,0.011305792,0.03140298,0.009330787,0.00413237,0.021051232,0.003629167,0.0,0.007942884,0.013588704,0.0,0.015882535,0.009308952,0.005277263,0.15650037,0.14314477,0.007829467,0.5197017
99999E30893170,1,False,61,61.20,False,0.0,0.0,0.0,0.0,0.0,0.0,0.0,0.0,0.0,0.0,0.0,0.0,0.0,0.0,0.0,0.0,1.0,0.0,0.0
99999E30906519,5,False,16,16.11,False,0.0,0.009577009,0.0,0.001176124,0.02957342,0.017437017,0.4642249,0.0,0.0031578122,0.007705799,0.09435461,0.034978755,0.017084869,0.009174228,0.022123098,0.063229896,0.15149905,0.057344675,0.017358761
99999E30909838,4,False,47,47.78,False,0.076400116,0.033032708,0.055319503,0.2568327,0.056827214,0.0591299,0.02404123,0.0,0.030072097,0.042079,0.028482141,0.005455193,0.014501494,0.04358672,0.004386085,0.0,0.00032895638,0.027413033,0.24211189
99999E30913189,3,False,96,96.0,False,0.0,0.021413242,0.0,0.0,0.20038559,0.0,0.3621029,0.01766971,0.006086046,0.0,0.0076832124,0.0,0.0,0.04919834,0.10157981,0.029561596,0.18036777,0.017288629,0.006663267
99999E30925891,3,False,IL,IL.01,False,0.0,0.09088203,0.0,0.039098978,0.011990496,0.0,0.018210659,0.011999735,0.015866283,0.0,0.005491765,0.0,0.0,0.010491063,0.0,0.11056583,0.61940116,0.033662643,0.032339446
99999E30928389,7,False,01,01.45,True,0.13368599,0.11696594,0.09047191,0.045711864,0.0018181234,0.018609555,0.0,0.032595348,0.34950656,0.0,0.0015400138,0.008758225,0.018749353,0.0,0.013250365,0.03251132,0.058414932,0.007880023,0.0695304
99999E30939797,1,False,52,52.10,False,0.0,0.0,0.0,0.005044571,0.0,0.0,0.0,0.0,0.0,0.0,0.0,0.0,0.0,0.0,0.0,0.0,0.98818326,0.0,0.0067721647
99999E31001646,5,False,49,49.3,False,0.0070942766,0.0050160275,0.0,0.011239637,0.04891714,0.029427262,0.34890467,0.013795736,0.0069205714,0.015063718,0.05814835,0.023077283,0.020819759,0.08673407,0.0020664688,0.088657044,0.07686609,0.095376916,0.06187498
99999E31003248,6,False,55,55.10,False,0.0,0.0024998912,0.0010833802,0.0016374711,0.0056389887,0.0,0.0,0.0002694359,0.0017355504,0.0,0.0,0.0,0.0,0.0,0.0,0.85126066,0.1358746,0.0,0.0
99999E31005224,2,False,01,01.45,True,0.0,0.0021175991,0.0,0.0,0.0,0.0,0.0,0.0012473528,0.996635,0.0,0.0,0.0,0.0,0.0,0.0,0.0,0.0,0.0,0.0
99999E31005308,6,False,56,56.10,False,0.0,0.004818831,0.0,0.0,0.0055273413,0.0,0.0,0.0,0.0,0.0,0.0,0.0,0.0,0.0,0.0,0.4562683,0.5333855,0.0,0.0
99999E31007089,6,False,55,55.20,False,0.0,0.17586944,0.0,0.0,0.0056383065,0.0,0.053963207,0.03882612,0.0011206977,0.0,0.011689155,0.0,0.0,0.36606598,0.1444864,0.17586483,0.026475888,0.0,0.0
99999E31007663,3,False,10,10.71,False,0.0,0.0,0.0,0.0,0.0,0.0,0.0,0.0,0.40786174,0.0,0.0,0.0,0.0,0.0,0.0,0.0,0.5921383,0.0,0.0
99999E31011204,8,False,77,77.21,False,0.0,0.04247123,0.007656378,0.17473637,0.0035633456,0.0021909762,0.0,0.025304573,0.015324794,0.0,0.0,0.0,0.0,0.0,0.08625464,0.0059950883,0.44004914,0.06531998,0.13113353
99999E31012625,1,False,62,62.02,False,0.0,0.0020964283,0.0,0.0,0.0,0.0,0.0,0.0,0.0,0.0,0.0,0.0,0.0,0.0,0.0,0.0,0.9979036,0.0,0.0
99999E31012626,1,False,62,62.02,False,0.0,0.0,0.0,0.0,0.0,0.0,0.0,0.0,0.0,0.0,0.0,0.0,0.0,0.0,0.0,0.0,1.0,0.0,0.0
99999E31014923,8,False,84,84.11,False,0.0023730083,0.030192351,0.01440534,0.0,0.020440092,0.0026828006,0.039746344,0.028420338,0.042664587,0.014129623,0.03003126,0.0122646745,0.013835321,0.03206969,0.024191674,0.38043725,0.2676078,0.04450785,0.0
99999E31014981,1,False,61,61.90,False,0.0,0.0,0.0,0.0,0.0028592532,0.0,0.0,0.0,0.0,0.0,0.0,0.0,0.0,0.0,0.0,0.0,0.99714077,0.0,0.0
99999E31022481,3,False,84,84.11,False,0.004896633,0.0017979217,0.0010462148,0.006101287,0.008787539,0.0010480636,0.0006653697,0.0024383331,0.024597418,0.004294306,0.009913806,0.001646878,0.0027431939,0.0018310145,0.0,0.021319008,0.89699674,0.0026816304,0.0071946452
99999E31023497,7,False,96,96.0,False,0.008965163,0.101326205,0.0,0.02827897,0.028174356,0.09972827,0.096702404,0.00855718,0.0,0.009312993,0.054497097,0.009697439,0.017891096,0.18276063,0.012524551,0.007994896,0.0,0.19995868,0.13363008
99999E31023930,4,False,84,84.11,False,0.0,0.015938045,0.0,0.0,0.0014346079,0.0,0.0,0.112503745,0.17348284,0.0020058793,0.03147626,0.0,0.0,0.012106914,0.0,0.053965256,0.5970864,0.0,0.0
99999E31025941,6,False,43,43.91,False,0.004101985,0.07033862,0.0035835188,0.0,0.0,0.019234093,0.10944726,0.04804965,0.002724491,0.00093527295,0.015635325,0.0,0.0032988703,0.03555054,0.025908077,0.26859614,0.3569439,0.024251018,0.011401181
99999E31026107,3,False,56,56.30,False,0.0,0.0009253456,0.0,0.0028058863,0.23106772,0.0,0.0015820424,0.0013730935,0.19888958,0.0,0.0,0.0,0.0,0.0,0.0,0.0,0.5515358,0.0,0.011820543
99999E31026643,1,False,61,61.10,False,0.0,0.0,0.0,0.0,0.0,0.0,0.0,0.0,0.0,0.0,0.0,0.0,0.0,0.0,0.0,0.0,1.0,0.0,0.0
99999E31027863,6,False,84,84.11,True,0.0,0.0,0.0,0.0,0.023111451,0.0,0.0,0.0,0.0,0.1184223,0.055677585,0.0,0.0,0.008833922,0.019195875,0.0,0.77475893,0.0,0.0
99999E31029211,4,False,96,96.0,False,0.0,0.025244297,0.0,0.0,0.0,0.49533862,0.02061103,0.0,0.033808827,0.0032573289,0.16502862,0.0,0.0,0.09283386,0.0,0.0,0.1312479,0.03262945,0.0
99999E31029428,1,False,61,61.10,False,0.0,0.0,0.0,0.0,0.0,0.0,0.0,0.0,0.0,0.0,0.0,0.0,0.0,0.0,0.0,0.0,1.0,0.0,0.0
99999E31030586,6,False,87,87.30,False,0.0,0.0,0.0,0.0,0.0,0.0,0.12640582,0.0,0.0,0.0,0.0,0.0,0.0,0.0040539023,0.013121493,0.16957293,0.6868459,0.0,0.0
99999E40000074,8,False,01,01.41,True,0.0,0.0,0.008017783,0.07881242,0.026570674,0.018654555,0.06854451,0.0,0.0,0.0011715248,0.013891754,0.010161849,0.3415897,0.048558924,0.018670963,0.095680445,0.0025420338,0.11393031,0.15320249
99999E40000094,1,False,61,61.90,False,0.0,0.0,0.0,0.0,0.0,0.0,0.0,0.0,0.0,0.0,0.0,0.0,0.0,0.0,0.0,0.0,1.0,0.0,0.0
99999E40000097,1,False,62,62.02,False,0.0,0.0,0.0,0.0,0.0,0.0,0.0,0.0,0.0,0.0,0.0,0.0,0.0,0.0,0.0,0.0013043154,0.99869573,0.0,0.0
99999E40000116,7,False,01,01.4,False,0.0,0.016901463,0.0,0.0,0.0,0.0057243765,0.021636205,0.0,0.01884193,0.0025808203,0.004695929,0.0,0.106570415,0.0,0.0,0.0,0.0,0.009042574,0.81400627
99999E40000128,7,False,43,43.91,False,0.026278615,0.019961366,0.03563287,0.044879783,0.07047694,0.054319642,0.12654541,0.012646727,0.015186401,0.048201464,0.08258149,0.15129533,0.10223779,0.044267625,0.018767625,0.03185326,0.014384685,0.04673664,0.053746212
99999E40000129,4,False,98,98.10,False,0.07804364,0.08792703,0.019086964,0.016801009,0.055975974,0.040908106,0.00496037,0.057447653,0.112586945,0.06037606,0.060966227,0.0,0.0,0.081435226,0.07597434,0.0,0.0145972315,0.1274531,0.105460145
99999E40000149,1,False,35,35.30,False,0.0,0.0,0.0,0.0,0.0,0.0,0.0,0.0,0.0,0.0,0.0,0.0,0.0,0.0,0.0,0.0041899295,0.9958101,0.0,0.0
99999E40000155,4,False,93,93.11,False,0.0,0.0,0.0,0.0,0.09772695,0.0,0.2539581,0.0,0.0,0.0,0.0,0.0,0.0,0.0,0.057924405,0.34583148,0.24433897,0.00022012943,0.0
99999E40000163,5,False,52,52.10,False,6.909742e-05,0.010630971,0.00021732254,7.5784264e-05,0.047253713,0.09873463,0.30937698,7.5784264e-05,0.00849341,0.07128513,0.05035084,0.17863241,0.009027243,0.13262914,0.060761143,0.0005070859,0.009749423,0.012129939,0.0
99999E40000164,3,False,94,94.99,False,0.0,0.005430345,0.0060849334,0.0,0.010859103,0.0,0.0,0.0016772347,0.0,0.0,0.0,0.0,0.0,0.001869989,0.0014733752,0.09956966,0.8730354,0.0,0.0
99999E40000167,7,False,16,16.23,False,0.0,0.010382432,0.0,0.0,0.0,0.11857291,0.4238776,0.0,0.0,0.0696593,0.080324955,0.013824058,0.002055949,0.03994507,0.0037128204,0.01484075,0.0032795137,0.19634315,0.023181524
99999E40000223,8,False,56,56.30,False,0.0,0.018450022,0.0014595735,0.0037400639,0.017385758,0.0047372817,0.17640924,0.015157166,0.021920169,0.0,0.0066927327,0.0,0.0,0.045154404,0.042914882,0.49144566,0.13128339,0.016874734,0.006374894
99999E40000225,1,False,61,61.10,False,0.0,0.0,0.0,0.0,0.0,0.0,0.0,0.0,0.0,0.0,0.0,0.0,0.0,0.0,0.0,0.0,1.0,0.0,0.0
99999E40000228,8,False,91,91.04,False,0.0,0.0,0.0,0.0,0.0044517806,0.0,0.0,0.0,0.024659865,0.0,0.0,0.0,0.0,0.0,0.0,0.032938175,0.9297469,0.008203281,0.0
99999E40000234,8,False,CO,CO.02,False,0.024753487,0.015368922,0.0,0.2513431,0.07385244,0.11980619,0.007616458,0.061441693,0.0053723226,0.0,0.004624278,0.0,0.0,0.038626324,0.0849371,0.0,0.120741256,0.14245157,0.04906495
99999E40000235,8,False,CO,CO.02,False,0.046038605,0.10331316,0.0,0.09080957,0.06176894,0.044079516,0.068769805,0.07974647,0.014606743,0.0,0.0,0.0,0.0,0.0152693745,0.049409393,0.0,0.2096514,0.1127917,0.10374532
99999E40000240,3,False,56,56.30,False,0.0020563733,0.09674409,0.003095202,0.0026877336,0.0,0.0,0.0009348639,0.44169107,0.24936841,0.0,0.0,0.0,0.0,0.001252693,0.00020097116,0.015024745,0.18296708,0.0,0.003976651
99999E40000241,7,False,01,01.41,True,0.003272465,0.0039873407,0.018385492,0.39879826,0.0001960703,0.010344875,0.0007530487,0.0,0.0015234487,0.0028942055,0.006175346,0.0019902,0.2626925,0.00021168649,0.0,0.0,0.0,0.012536351,0.2762387
99999E40000243,2,False,IL,IL.01,False,0.0,0.0,0.0,0.0,0.0,0.0,0.0,0.0,1.0,0.0,0.0,0.0,0.0,0.0,0.0,0.0,0.0,0.0,0.0
99999E40000245,6,False,56,56.10,False,0.0,0.00064687827,0.0,0.0,0.010417606,0.0025677246,0.6510734,0.0,0.0,0.0,0.018796999,0.0,0.0,0.005071307,0.011740705,0.12435143,0.1731027,0.0022313206,0.0
99999E40000247,8,False,56,56.10,False,0.0,0.0,0.0,0.027058274,0.001925251,0.00744124,0.02919198,0.0,0.008747545,0.0012408835,0.03297257,0.1586208,0.42931494,0.0031483895,0.0116241975,0.04294924,0.02211142,0.002536286,0.22111696
99999E40000262,2,False,IL,IL.01,False,0.0,0.0,0.0,0.0,0.0,0.0,0.0,0.0012642427,0.9987358,0.0,0.0,0.0,0.0,0.0,0.0,0.0,0.0,0.0,0.0
99999E40000268,1,False,61,61.10,False,0.0,0.0,0.0,0.0,0.0,0.0,0.0,0.0,0.0,0.0,0.0,0.0,0.0,0.0,0.0,0.0,1.0,0.0,0.0
99999E40000278,6,False,56,56.10,False,0.0,0.0,0.0,0.0,0.012831665,0.005637312,0.8849847,0.0,0.0,0.0,0.018389063,0.0,0.0,0.0,0.01378934,0.029551674,0.03455359,0.0002626728,0.0
99999E40000314,4,False,55,55.20,False,0.0,0.0,0.0,0.00016547993,0.009236457,0.0,0.18848893,0.00011315906,0.0012301484,0.0,0.0,0.0,0.0,0.0017728255,0.0004173501,0.55454755,0.24402812,0.0,0.0
99999E40000336,4,False,47,47.12,False,0.006464457,0.059643295,0.0,0.052645795,0.0025221042,0.0138268545,0.099449605,0.0043305065,0.01746691,0.0,0.0007333779,0.0,0.0005509277,0.002672357,0.030052394,0.062095635,0.009762869,0.08560666,0.55217624
99999E40000346,3,False,IL,IL.01,False,0.0,0.0,0.0,0.0,0.0,0.0,0.0,0.0,0.9967371,0.0,0.0,0.0,0.0,0.0,0.0,0.0,0.00326289,0.0,0.0
99999E40000353,1,False,80,80.20,False,0.0,0.0,0.0,0.0,0.0,0.0,0.0,0.0,0.0,0.0,0.0,0.0,0.0,0.0,0.0,0.0,1.0,0.0,0.0
99999E40000385,1,False,61,61.10,False,0.0,0.0,0.0,0.0,0.0,0.0,0.0,0.0,0.0,0.0,0.0,0.0,0.0,0.0,0.0,0.0,1.0,0.0,0.0
99999E40000434,8,False,68,68.20,False,0.05596853,0.22453372,0.04694523,0.013920814,0.006624012,0.03023267,0.012593373,0.20501786,0.00314958,0.008391735,0.051803168,0.010650857,0.0010718467,0.058948264,0.044818033,0.03776198,0.09064689,0.061903264,0.035018053
99999E40000445,8,False,56,56.30,False,0.0035302313,0.58922464,0.0042100176,0.061936818,0.008968524,0.0004997808,0.013062067,0.13975227,0.0057792445,0.0,0.0,0.0,0.0,0.0,0.0,0.061879642,0.0018424124,0.013669852,0.09564449
99999E40000459,8,False,CO,CO.02,False,0.018835753,0.040881738,0.037327915,0.060555942,0.06599436,0.07132252,0.07983272,0.033351026,0.008430704,0.026902355,0.0,0.0096819755,0.0,0.10365304,0.09626592,0.00028204912,0.061322607,0.14880398,0.13655536
99999E40000461,3,False,46,46.71,False,0.0,0.0,0.0,0.0,0.0,0.0,0.0,0.0,0.7936032,0.0,0.0,0.0,0.0,0.0,0.0,0.0075332397,0.19886358,0.0,0.0
99999E40000471,6,False,16,16.10,False,0.0,0.0,0.0,0.0,0.0,0.0,0.63164943,0.0,0.0,0.0,0.0019239831,0.0,0.0,0.0038982923,0.0,0.059501145,0.30151683,0.0015103257,0.0
99999E40000478,2,False,IL,IL.01,False,0.0,0.0,0.0,0.0,0.0,0.0,0.0,0.0,1.0,0.0,0.0,0.0,0.0,0.0,0.0,0.0,0.0,0.0,0.0
99999E40000485,8,False,CO,CO.02,False,0.013582813,0.022970047,0.0010473859,0.080935456,0.056809366,0.031729452,0.050642766,0.07090832,0.18961608,0.0,0.0,0.0,0.0,0.043314084,0.045861617,0.0,0.03927546,0.09838183,0.25492528
99999E40000520,1,False,52,52.10,False,0.0,0.0,0.0,0.0,0.0,0.0,0.0,0.0,0.0,0.0,0.0,0.0,0.0,0.0,0.0,0.0,1.0,0.0,0.0
99999E40000521,1,False,52,52.10,False,0.0,0.0,0.0,0.0,0.0,0.0,0.0,0.0,0.0,0.0,0.0,0.0,0.0,0.0,0.0,0.0,1.0,0.0,0.0
99999E40000522,3,False,52,52.10,False,0.00022110686,0.03290581,0.0002978174,0.0032774953,0.028613027,0.0075101117,0.008334374,0.026465133,0.06419769,0.0007024279,0.008329861,0.0022907872,0.0009581296,0.021412767,0.0013642443,0.02770153,0.702488,0.045190025,0.017739687
99999E40000523,8,False,52,52.10,False,0.0020764815,0.0,0.0,0.014065507,0.01783955,0.0,0.0,0.0,0.0,0.0,0.0019249133,0.0,0.0,0.0,0.04803189,0.0,0.89050734,0.010291466,0.015262894
99999E40000535,6,False,68,68.32,False,0.010230778,0.0004514991,0.0075057717,0.05908874,0.010323639,0.0103140315,0.21731837,0.0,0.0006628391,0.0014313482,0.07662676,0.0,0.0,0.013324027,0.0035031207,0.07787239,0.35259834,0.106637046,0.05211132
99999E40000541,1,False,52,52.10,False,0.0,0.0,0.0,0.0,0.0,0.0,0.0,0.0,0.0,0.0,0.0,0.0,0.0,0.0,0.0,0.0,1.0,0.0,0.0
99999E40000547,1,False,61,61.90,False,0.0,0.0,0.0,0.0,0.0,0.0,0.0,0.0,0.0,0.0,0.0,0.0,0.0,0.0,0.0,0.0,1.0,0.0,0.0
99999E40000554,3,False,46,46.73,True,0.00037844208,0.0117355585,0.0,0.0023118882,0.010802171,0.058380276,0.16115043,0.0013249327,0.063492335,0.05202962,0.1055784,0.009837567,0.00085823884,0.03760335,0.0,0.025539832,0.30577427,0.13894567,0.014257092
99999E40000579,3,False,IL,IL.01,False,0.0,0.0,0.0,0.0,0.0,0.0,0.0,0.0,0.99523735,0.0,0.0,0.0,0.0,0.0,0.0,0.0,0.0047626346,0.0,0.0
99999E40000580,2,False,IL,IL.01,False,0.0,0.0,0.0,0.0,0.0,0.0,0.0,0.0,1.0,0.0,0.0,0.0,0.0,0.0,0.0,0.0,0.0,0.0,0.0
99999E40000599,2,False,IL,IL.01,False,0.0,0.0,0.0,0.0,0.0,0.0,0.0,0.0,1.0,0.0,0.0,0.0,0.0,0.0,0.0,0.0,0.0,0.0,0.0
99999E40000600,4,False,IL,IL.01,False,0.0,0.0,0.0,0.0,0.0,0.0,0.0,0.26890758,0.73109245,0.0,0.0,0.0,0.0,0.0,0.0,0.0,0.0,0.0,0.0
99999E40000605,1,False,CO,CO.02,False,0.0,0.0023411508,0.0,0.0,0.01161334,0.0,0.0,0.0,0.0,0.0,0.0,0.0,0.0,0.0,0.0,0.0,0.9860455,0.0,0.0
99999E40000615,8,False,CO,CO.02,False,0.029652972,0.042804208,0.015755503,0.15713508,0.08611598,0.012858181,0.09021875,0.026060779,0.02494596,0.002791579,0.017948886,0.00579162,0.0,0.03330559,0.031075953,0.08082587,0.013725263,0.18458107,0.14440681
99999E40000625,2,False,IL,IL.01,False,0.0,0.0,0.0,0.0,0.0,0.0,0.0,0.0,1.0,0.0,0.0,0.0,0.0,0.0,0.0,0.0,0.0,0.0,0.0
99999E40000648,2,False,IL,IL.01,False,0.0,0.0,0.0,0.0,0.0,0.0,0.0,0.0,1.0,0.0,0.0,0.0,0.0,0.0,0.0,0.0,0.0,0.0,0.0
99999E40000649,2,False,IL,IL.01,False,0.0,0.0,0.0,0.0,0.0,0.0,0.0,0.0,1.0,0.0,0.0,0.0,0.0,0.0,0.0,0.0,0.0,0.0,0.0
99999E40000650,2,False,IL,IL.01,False,0.0,0.0,0.0,0.0,0.0,0.0,0.0,0.0,1.0,0.0,0.0,0.0,0.0,0.0,0.0,0.0,0.0,0.0,0.0
99999E40000652,2,False,IL,IL.01,False,0.0,0.0,0.0,0.0,0.0,0.0,0.0,0.0,1.0,0.0,0.0,0.0,0.0,0.0,0.0,0.0,0.0,0.0,0.0
99999E40000687,5,False,70,70.22,False,0.0,0.0,0.0,0.0016564423,0.0016953447,0.0,0.93155056,0.0,0.0,0.0,0.0,0.0,0.0,0.0,0.0,0.021578401,0.039293095,0.0025534057,0.0016727991
99999E40000704,6,False,74,74.90,False,0.00457801,0.08303856,0.0,0.0,0.002806443,0.007939895,0.08513462,0.049478177,0.07926448,0.0,0.011787061,0.0011284241,0.0,0.0,0.0,0.061923,0.59794194,0.0060513928,0.008927997
99999E40000705,1,False,52,52.21,False,0.0,0.0,0.0,0.0,0.0,0.003469984,0.0,0.0,0.0,0.0,0.0,0.0,0.0,0.0,0.0,0.0,0.99653006,0.0,0.0
99999E40000716,3,False,55,55.30,False,0.0011039078,0.076632105,0.0011624483,0.00069245126,0.0009617379,0.0,0.0,0.058743786,0.09668058,0.0008630552,0.0032096955,0.0,0.0,0.0032197312,0.0,0.10393543,0.65110576,0.00057704275,0.0011122708
99999E40000726,2,False,IL,IL.01,False,0.0,0.0,0.0,0.0,0.0,0.0,0.0,0.0,1.0,0.0,0.0,0.0,0.0,0.0,0.0,0.0,0.0,0.0,0.0
99999E40000757,1,False,CO,CO.02,False,0.0,0.0,0.0,0.0,0.0026047565,0.0,0.0,0.0,0.0,0.0,0.0,0.0,0.0,0.0,0.0,0.0,0.9973953,0.0,0.0
99999E40000758,1,False,CO,CO.02,False,0.0,0.0,0.0028683492,0.0,0.0,0.0,0.0,0.0,0.0,0.0027814293,0.0,0.0,0.0,0.00810526,0.0,0.0,0.9815296,0.0,0.0047153924
99999E40000761,8,False,CO,CO.02,False,0.0,0.033028908,0.007203736,0.10356407,0.09711631,0.06763806,0.17843026,0.025839806,0.002662993,0.011378684,0.0,0.0018094692,0.0080084875,0.06381915,0.23673321,0.00032677746,0.03317523,0.08928097,0.039983902
99999E40000764,1,False,52,52.10,False,0.0,0.0,0.0,0.0,0.002586469,0.0,0.0,0.0,0.0,0.0,0.0,0.0,0.0,0.0,0.0,0.0017778389,0.9956357,0.0,0.0
99999E40000765,3,False,CO,CO.02,False,0.0,0.01220169,0.0,0.016653659,0.0,0.0,0.0,0.0034736344,0.021545328,0.0,0.0,0.0,0.0,0.0,0.0,0.021094635,0.92305243,0.0,0.0019786526
99999E40000767,1,False,CO,CO.02,False,0.0,0.0,0.0,0.0,0.0,0.0,0.0,0.0,0.0,0.0,0.0,0.0,0.0,0.0,0.0075809527,0.0,0.99241906,0.0,0.0
99999E40000773,7,False,52,52.10,False,0.04047977,0.10747379,0.024622262,0.12210811,0.068481214,0.01963269,0.04616454,0.022263875,0.0046815737,0.005640768,0.0064415643,0.01246953,0.01258393,0.0177143,0.034742203,0.023495868,0.016966306,0.2295995,0.18443815
99999E40000777,8,False,41,41.20,False,0.012604977,0.027806066,0.037217308,0.08732607,0.019788828,0.009895099,0.032469194,0.012291086,0.0,0.033676784,0.0800216,0.011848349,0.002541282,0.016654031,0.09230309,0.028221387,0.4201408,0.0058021825,0.0693918
99999E40000807,1,False,CO,CO.02,False,0.0,0.0,0.0,0.0,0.0,0.0,0.0,0.0,0.0,0.0,0.0,0.0,0.0,0.0,0.0,0.0,1.0,0.0,0.0
99999E40000813,6,False,47,47.29,False,0.0,0.0,0.0,0.0,0.0040852306,0.0,0.021712389,0.0,0.0,0.0,0.0,0.0,0.0,0.0,0.0,0.6094181,0.36478427,0.0,0.0
99999E40000819,1,False,61,,False,0.0,0.0,0.0,0.0,0.0,0.0,0.0,0.0,0.0,0.0,0.0,0.0,0.0,0.0,0.0,0.0,1.0,0.0,0.0
99999E40000821,3,False,61,,False,0.0,0.0,0.0,0.0,0.0,0.0,0.0,0.0,0.0,0.0,0.0,0.0,0.0,0.0,0.0,0.01217787,0.9878221,0.0,0.0
99999E40000823,4,False,43,43.33,False,0.0,0.010058077,0.0,0.0,0.0,0.0,0.020195542,0.01451612,0.6351,0.0,0.006167976,0.0,0.0,0.0,0.001380161,0.012262668,0.2978583,0.0024610835,0.0
99999E40000835,8,False,52,52.10,False,0.0032605825,0.08585655,0.012403453,0.014462141,0.035943013,0.024255045,0.09235317,0.096887045,0.0141073745,0.005320759,0.11389875,0.020945374,0.018585468,0.032373775,0.044802517,0.04846175,0.27379447,0.031769853,0.030518873
99999E40000840,6,False,52,52.10,False,0.014158513,0.0057521216,0.018502356,0.065327145,0.034480274,0.01019514,0.051940396,0.00095027214,0.0025893562,0.0030690003,0.012829574,0.011305895,0.0104728285,0.012362554,0.034175538,0.06269632,0.63749915,0.010775762,0.00091781496
99999E40000850,3,False,84,84.11,False,0.0,0.0,0.0,0.0,0.00071710616,0.0,0.0,0.010441799,0.8167082,0.0,0.024773473,0.0035946742,0.0,0.00034745038,0.0,0.0,0.14341733,0.0,0.0
99999E40000875,1,False,52,52.10,False,0.0,0.0,0.0,0.0,0.0,0.0,0.0,0.0,0.0,0.0,0.0,0.0,0.0,0.0,0.0,0.007528944,0.9924711,0.0,0.0
99999E40000877,6,False,56,56.10,False,0.0,0.001222851,0.0,0.0037052312,0.006037878,0.00046187357,0.3571986,0.00081330346,0.000320702,0.0008366959,0.031347126,0.0,0.0,0.0025197852,0.000579244,0.4628366,0.082068436,0.0030773403,0.04697436
99999E40000884,3,False,41,41.20,False,0.014746761,0.043298155,0.057184767,0.007859433,0.0071130716,0.026182001,0.22403759,0.023617454,0.0026110425,0.015691947,0.023332981,0.012121037,0.0,0.012051906,0.014713114,0.1754837,0.3234279,0.0034063458,0.013120672
99999E40000898,7,False,41,41.20,False,0.0,0.0,0.0,0.0,0.005214203,0.02871498,0.54553217,0.0,0.00013128926,0.0132773835,0.044301037,0.033362623,0.0,0.02411632,0.0033665597,0.031391766,0.19716011,0.06941163,0.004019976
99999E40000918,4,False,41,41.20,False,0.0,0.0020793711,0.0,0.0,0.0047673387,0.019170789,0.22994803,0.0071763666,0.107873715,0.062330417,0.0,0.17641689,0.06293902,0.043489285,0.05069101,0.12070495,0.10604793,0.0063649043,0.0
99999E40000929,5,False,41,41.20,False,0.0,0.0,0.0,0.010732836,0.014530137,0.08442669,0.60123086,0.0,0.0,0.02140893,0.026314871,0.016062154,0.0,0.07133691,0.000859849,0.0,0.011247872,0.13031732,0.011531579
99999E40000935,5,False,41,41.20,False,0.0,0.0,0.0,0.0,0.0015379889,0.0046114638,0.42307723,0.0,0.043866728,0.0016730208,0.019345772,0.020846764,0.004782064,0.017153982,0.0046816166,0.0,0.43598616,0.022437299,0.0
99999E40000937,6,False,52,52.10,False,0.0,0.053390536,0.0023152092,0.0,0.009689878,0.0021798643,0.064867385,0.05938516,0.27050182,0.0022249792,0.0065751467,0.0,0.0014639985,0.02508188,0.010709299,0.104467355,0.34091625,0.02397462,0.022256663
99999E40000954,7,False,98,98.1,True,0.02906931,0.047818027,0.0035648071,0.006765098,0.035111196,0.06410947,0.032851893,0.0718994,0.28578433,0.0027402781,0.04182738,0.040866595,0.06270264,0.027325919,0.019027056,0.06876316,0.064819865,0.050207764,0.04474584
99999E40000979,4,False,41,41.20,False,0.0,0.0,0.0,0.0,0.0,0.138803,0.6220404,0.0,0.0,0.05676098,0.01229127,0.0007486273,0.0,0.12304425,0.0,0.0,0.0,0.046311527,0.0
99999E40000982,4,False,41,41.20,False,0.0,0.0,0.0,0.0,0.0,0.26530614,0.0,0.0,0.0,0.47014365,0.0,0.0,0.0,0.0,0.0,0.0,0.0,0.26455024,0.0
99999E40000985,5,False,41,41.20,False,0.0,0.0,0.0,0.0,0.005932202,0.032124702,0.6190834,0.0,0.0,0.02754123,0.08963903,0.020942006,0.0,0.021757117,0.016230024,0.0015372075,0.032616705,0.09245521,0.04014119
99999E40000991,1,False,46,46.51,False,0.0,0.0,0.0,0.0,0.0,0.0,0.0,0.0,0.0,0.0,0.0,0.0,0.0,0.0,0.0,0.0017177252,0.9982823,0.0,0.0
99999E40001010,2,False,IL,IL.01,False,0.0,0.0,0.0,0.0,0.0,0.0,0.0,0.0,1.0,0.0,0.0,0.0,0.0,0.0,0.0,0.0,0.0,0.0,0.0
99999E40001016,5,False,85,85.59,False,0.0,0.0,0.0,0.0,0.009364687,0.08782927,0.62981325,0.0,0.0,0.019826105,0.056858018,0.0,0.0,0.033486813,0.0074202158,0.0020630371,0.121152066,0.032186545,0.0
99999E40001065,1,False,61,61.90,False,0.0,0.0,0.0,0.0,0.0,0.0,0.0,0.0,0.0,0.0,0.0,0.0,0.0,0.0,0.0,0.005378041,0.994622,0.0,0.0
99999E40001081,2,False,IL,IL.01,False,0.0,0.0,0.0,0.0,0.0,0.0,0.0,0.0,1.0,0.0,0.0,0.0,0.0,0.0,0.0,0.0,0.0,0.0,0.0
99999E40001082,2,False,IL,IL.01,False,0.0,0.0,0.0,0.0,0.0,0.0,0.0,0.0,1.0,0.0,0.0,0.0,0.0,0.0,0.0,0.0,0.0,0.0,0.0
99999E40001084,7,False,41,41.20,False,0.0,0.0,0.0,0.0,0.008898898,0.017694775,0.40228832,0.001858487,0.0,0.030842232,0.05937269,0.020179627,0.0022808705,0.052058246,0.0033502216,0.0016215405,0.361381,0.037703387,0.00046977279
99999E40001098,5,False,69,69.10,False,0.0,0.0,0.0,0.0,0.0,0.0,0.8424127,0.0,0.0,0.0,0.008177841,0.0,0.0,0.0,0.0,0.004069136,0.14213851,0.0,0.003201838
99999E40001109,7,False,41,41.20,False,0.0,0.0,0.0,0.0020169923,0.0,0.013795403,0.42818618,0.0,0.004243257,0.005761852,0.04402,0.0044869483,0.0,0.087329574,0.0039307266,0.06265481,0.18395108,0.12987092,0.029752359
99999E40001128,4,False,52,52.10,False,0.0,0.0,0.0,0.0,0.005731268,0.061982594,0.0,0.0,0.0,0.10204839,0.0,0.038632985,0.0,0.5800785,0.0022818935,0.001432817,0.20781152,0.0,0.0
