pod,group,below_n_min,ateco_l1,ateco_l2,prosumer,f_1,f_2,f_3,f_4,f_5,f_6,f_7,f_8,f_9,f_10,f_11,f_12,f_13,f_14,f_15,f_16,f_17,f_18
99999E00000053,3,False,25,25.11,False,0.0,0.0,0.0007032038,0.031275615,0.00073853094,0.90640235,0.0,0.0049806684,0.0,0.0038974572,0.05056479,0.0,0.001437438,0.0,0.0,0.0,0.0,0.0
99999E00003384,6,False,DO,DO.01,False,0.013699363,0.0258405,0.014504228,0.027845593,0.054723226,0.0047130533,0.008949954,0.02538,0.012585984,0.062653214,0.2278565,0.14809763,0.09282403,0.0,0.023341581,0.096460566,0.009999206,0.15052536
99999E00010015,6,False,DO,DO.01,False,0.054422382,0.017099377,0.08638713,0.06854868,0.2658746,0.0,0.032356683,0.021813743,0.019199004,0.03976977,0.07186329,0.0,0.023224693,0.0,0.0,0.09651574,0.10877197,0.09415296
99999E00010037,6,False,DO,DO.01,False,0.006113745,0.001965372,0.016957326,0.042059917,0.020645034,0.014750835,0.013632012,0.0738467,0.015352431,0.29143637,0.13910663,0.094962455,0.23950166,0.0,0.0088662235,0.0018704588,0.00226593,0.016666831
99999E00010098,4,False,DO,DO.02,False,0.0108889155,0.012749322,0.0061777737,0.007866052,0.015260517,0.007380317,0.01680496,0.012961535,0.006616349,0.030893585,0.6566997,0.032143287,0.04086998,0.0071869674,0.031775452,0.025840543,0.008441386,0.06944337
99999E00010110,4,False,DO,DO.02,False,0.00061069697,0.0,0.0,0.0,0.010316744,0.004059535,0.0025077527,0.0,0.0,0.2538488,0.59426576,0.005190785,0.0034033488,0.0,0.0,0.0,0.0,0.12579662
99999E00010122,3,False,84,84.11,False,0.0656816,0.06682874,0.024185536,0.009255233,0.016779779,0.024825241,0.005020763,0.0029856677,0.050911363,0.24514402,0.4348603,0.0,0.0,0.0,0.0,0.025364416,0.0,0.02815744
99999E00010123,3,False,56,56.2,False,0.0,0.0018877527,0.2037819,0.2096586,0.0075766873,0.00402994,0.0,0.06467345,0.06250659,0.037479274,0.40638903,0.0,0.0020168042,0.0,0.0,0.0,0.0,0.0
99999E00010132,4,False,68,68.32,False,0.008813594,0.0,0.0,0.0,0.0067529418,0.0,0.0,0.0,0.0,0.06067121,0.8786735,0.0,0.0020893607,0.0,0.0,0.0,0.0,0.042999364
99999E00010135,4,False,DO,DO.02,False,0.0,0.0,0.0059532695,0.004906582,0.0053713564,0.0,0.0,0.0,0.0,0.0024825756,0.6672744,0.0,0.0,0.050104946,0.23319395,0.0035387096,0.0,0.027174192
99999E00010152,6,False,DO,DO.01,False,0.018815376,0.05135854,0.028787812,0.0875026,0.059723612,0.010059324,0.016928045,0.03510627,0.007935474,0.18932186,0.016392255,0.09795772,0.017063199,0.00823957,0.0,0.19953565,0.10097939,0.054293316
99999E00010155,6,False,DO,DO.01,False,0.0093516605,0.03364924,0.0146709895,0.023554467,0.11903543,0.0073514325,0.028102793,0.011104847,0.0038590038,0.03258139,0.5273985,0.0,0.0,0.0,0.0036617706,0.066146955,0.005335267,0.11419623
99999E00010178,6,False,DO,DO.01,False,0.0222992,0.06219477,0.0035667869,0.01121824,0.13088687,0.030055873,0.0102819465,0.034788296,0.0,0.16174996,0.26125255,0.003459101,0.045810893,0.0,0.0068516177,0.022474295,0.02998107,0.1631285
99999E00010226,6,False,DO,DO.01,False,0.057740293,0.051149216,0.015944187,0.008579517,0.054214682,0.016548831,0.028406106,0.027176807,0.029672079,0.03043011,0.19160922,0.0,0.025051657,0.014791582,0.08641315,0.16091569,0.00744803,0.19390887
99999E00010237,5,False,DO,DO.01,False,0.060937,0.08775817,0.01145568,0.0025990258,0.10033463,0.0,0.006676308,0.0,0.0031722926,0.050338004,0.09444737,0.0,0.0,0.0020676262,0.0,0.061139904,0.086180076,0.43289393
99999E00010293,6,False,DO,DO.01,False,0.030326406,0.044389207,0.011589649,0.012776636,0.103494525,0.017579682,0.033429258,0.01652808,0.039836466,0.17358813,0.1469203,0.0,0.0076650367,0.0,0.0,0.05877945,0.099909954,0.20318724
99999E00010359,6,False,DO,DO.01,False,0.019405518,0.047502507,0.01876022,0.050933085,0.016323201,0.005883349,0.0077310065,0.014079224,0.00572813,0.08904445,0.30719796,0.0031217127,6.5396816e-05,0.025518151,0.0061063287,0.09618216,0.0233963,0.26302123
99999E00010368,4,False,47,47.78,False,0.20612979,0.0,0.0,0.0,0.0,0.0,0.0025082044,0.0,0.0,0.6589281,0.014752705,0.0,0.0,0.0,0.0,0.0,0.0,0.11768126
99999E00010370,5,False,DO,DO.01,False,0.055926476,0.060512062,0.0,0.019386182,0.051514853,0.0,0.0,0.0025635976,0.0043361234,0.08062367,0.102501236,0.036688004,0.017705562,0.0,0.068373546,0.21975054,0.06850484,0.21161333
99999E00010385,6,False,DO,DO.01,False,0.0029093537,0.010860689,0.0,0.008557767,0.028852146,0.0,0.0,0.029608922,0.003349143,0.32361358,0.01664989,0.0021652249,0.34859586,0.0,0.0,0.12272399,0.0073494,0.09476406
99999E00010429,3,False,47,47.71,False,0.8980737,0.0009666331,0.007115132,0.024100004,0.0028391406,0.018381437,0.014164223,0.00011601358,5.5034903e-05,0.0018344235,0.030710578,0.0,0.0,0.0,0.0,0.0,0.0,0.0016437825
99999E00010445,4,False,DO,DO.02,False,0.008063484,0.030495184,0.0,0.0,0.009119607,0.0022824474,0.0053155273,0.000734631,0.023144512,0.074341744,0.5939164,0.01386925,0.009106514,0.0,0.046110094,0.021020629,0.011391871,0.15108813
99999E00010457,3,False,16,16.2,False,0.13703234,0.038714614,0.061281383,0.048458423,0.0659392,0.037419844,0.1331527,0.06849616,0.01484749,0.01942805,0.33089024,0.0013599262,0.007331128,0.0,0.007359054,0.0077118333,0.0021110969,0.018466514
99999E00010507,6,False,DO,DO.01,False,0.014750518,0.033819832,0.035246216,0.01847061,0.058218006,0.0062675574,0.037067108,0.012453834,0.045294333,0.12298904,0.306807,0.043248426,0.11799324,0.0,0.0,0.0277188,0.03482494,0.0848306
99999E00010519,6,False,DO,DO.01,False,0.009026728,0.0188416,0.0020953584,0.0042812307,0.011271094,0.0,0.0062774546,0.004248596,0.017331809,0.043754384,0.45994562,0.004638974,0.016796118,0.0,0.0,0.0964653,0.12399681,0.18102898
99999E00010530,6,False,DO,DO.01,False,0.01067171,0.014786113,0.011614378,0.004475069,0.04876471,0.0039668465,0.017856011,0.00079849747,0.04294978,0.15508461,0.31350496,0.0055176397,0.0020333747,0.0,0.0011136875,0.054813795,0.0213052,0.29074356
99999E00010541,6,False,DO,DO.01,False,0.004105606,0.0053232224,0.004180434,0.022578703,0.050089438,0.0029093018,0.0029708694,0.014217834,0.0,0.22349766,0.42006427,0.0060639265,0.030611368,0.056982633,0.014330549,0.0696807,0.017802484,0.05459097
99999E00010598,6,False,DO,DO.01,False,0.014437585,0.0923238,0.006861185,0.028650878,0.055375002,0.03332769,0.019236904,0.07983098,0.011475844,0.16207694,0.16054653,0.0036391218,0.052597918,0.0,0.0,0.1194857,0.06443768,0.09569629
99999E00010675,6,False,DO,DO.01,False,0.011337726,0.016447764,0.0064814556,0.0044736927,0.006631093,0.0,0.002682673,0.0017902487,0.0031832638,0.09985052,0.055027965,0.38465506,0.039554387,0.0,0.025345786,0.025878772,0.1340411,0.18261847
99999E00010679,6,False,DO,DO.01,False,0.05546004,0.19263227,0.008432738,0.010776284,0.064200684,0.004449716,0.027549468,0.021987021,0.050382424,0.081650935,0.055893686,0.04644454,0.07974507,0.0,0.0020787641,0.12320768,0.03744677,0.1376619
99999E00010739,4,False,23,23.3,False,0.0046540545,0.00406838,0.013349853,0.010057044,0.012015244,0.0038675158,0.0022552672,0.0,0.004341006,0.047595635,0.8427051,0.0,0.0,0.0,0.0,0.002514731,0.0021180145,0.0504582
99999E00010783,5,False,DO,DO.01,False,0.0,0.12674706,0.0,0.015893508,0.03752824,0.027151003,0.0,0.0390149,0.07624971,0.0,0.0,0.032501,0.028060602,0.0,0.0,0.14523244,0.30138004,0.17024149
99999E00010834,6,False,DO,DO.01,False,0.0320262,0.034951016,0.0018638361,0.0,0.004900025,0.004990815,0.004315168,0.0056226514,0.0035270895,0.1798673,0.526383,0.045162264,0.115370445,0.0,0.0,0.008399138,0.016077235,0.016543854
99999E00010848,6,False,DO,DO.01,False,0.10170066,0.13235983,0.015144992,0.019573374,0.053748116,0.015199507,0.021329768,0.0013608432,0.044401474,0.19532476,0.07876055,0.019619776,0.012153014,0.0010753376,0.012242772,0.06910356,0.06341829,0.1434834
99999E00010863,6,False,DO,DO.01,False,0.06403778,0.1500768,0.03936191,0.019985316,0.07548029,0.014973487,0.03572835,0.02301992,0.058142174,0.15098539,0.061948203,0.017299037,0.024333935,0.0,0.007335126,0.10282328,0.013680512,0.1407885
99999E00010874,6,False,DO,DO.01,False,0.020527326,0.1889515,0.023929281,0.018020462,0.10620142,0.014651677,0.007701516,0.007573861,0.17182563,0.04524163,0.03486087,0.0,0.0020736398,0.0,0.0,0.29651493,0.007496464,0.054429777
99999E00010901,4,False,DO,DO.01,False,0.005720164,0.002396356,0.008186386,0.0046687024,0.0027613984,0.0,0.005000559,0.0,0.0035211763,0.0078702485,0.9419303,0.0,0.0,0.0,0.0,0.0016348318,0.002165803,0.01414409
99999E00010926,5,False,DO,DO.01,False,0.0036524658,0.14570893,0.010174181,0.0043936567,0.020657826,0.004989666,0.030770881,0.0021242374,0.07407323,0.2314005,0.19977765,0.0,0.0017842066,0.0013830466,0.00019484911,0.108194746,0.036574326,0.124145634
99999E00010931,6,False,DO,DO.01,False,0.046900887,0.12130808,0.036647238,0.03030727,0.017728895,0.0,0.00048751646,0.0,0.0,0.05134947,0.257034,0.0,0.0045253257,0.03513955,0.0,0.13228397,0.09980318,0.1664846
99999E00010956,6,False,DO,DO.01,False,0.06140675,0.08866729,0.025281742,0.089626834,0.0733187,0.08481058,0.033660255,0.06863834,0.014384936,0.10915749,0.028244797,0.0,0.088996746,0.0,0.016806448,0.09686872,0.06381384,0.056316633
99999E00010980,6,False,DO,DO.01,False,0.1126582,0.11669297,0.010358501,0.06444669,0.08716206,0.031549394,0.06190065,0.005429607,0.0002749451,0.11055252,0.053247705,0.0075665787,0.01669565,0.03697229,0.0018262614,0.06925263,0.05514996,0.15826333
99999E00010981,4,False,DO,DO.01,False,0.0,0.0,0.0,0.0,0.013654417,0.0,0.0,0.0,0.0,0.0,0.9863456,0.0,0.0,0.0,0.0,0.0,0.0,0.0
99999E00011020,5,False,DO,DO.01,False,0.0,0.008025333,0.009495863,0.022824489,0.18329763,0.0,0.01978733,0.040419433,0.0,0.5366694,0.013630329,0.0,0.0354983,0.0,0.0,0.06356127,0.0,0.06679062
99999E00011125,6,False,DO,DO.01,False,0.11726355,0.017361112,0.016456679,0.046483137,0.17731978,0.0,0.04870205,0.03409061,0.0062880283,0.020262895,0.0067791007,0.0,0.020239746,0.0,0.0,0.1500529,0.0,0.33870038
99999E00011129,4,False,DO,DO.01,False,0.013501927,0.020291096,0.0017712164,0.0032596337,0.056758307,0.0,0.0036287606,0.0,0.008257738,0.013591234,0.7317694,0.0049713133,0.002662282,0.00038401163,0.012251657,0.05386482,0.009013854,0.06402277
99999E00011132,6,False,DO,DO.01,False,0.058316678,0.03005078,0.0,0.0037877413,0.013419786,0.01371674,0.029973384,0.007036858,0.005776384,0.026656345,0.67242354,0.0,0.0069199717,0.0029126748,0.00054494187,0.05790284,0.036898095,0.03366319
99999E00011156,4,False,DO,DO.02,False,0.004760371,0.0,0.0,0.0,0.0,0.0,0.0,0.0,0.0,0.0,0.9861204,0.0,0.0,0.0,0.0,0.0,0.0,0.009119265
99999E00011168,6,False,DO,DO.01,False,0.033685476,0.107811116,0.016492272,0.0061983536,0.08901804,0.040427595,0.012434424,0.021744529,0.014634653,0.08446671,0.09912022,0.00965271,0.049564824,0.0,0.0012164111,0.15067154,0.042536672,0.22032443
99999E00011187,3,False,DO,DO.01,False,0.0,0.15145344,0.022184225,0.03245855,0.015983943,0.024042822,0.10592521,0.0,0.0052189426,0.048739873,0.2937923,0.0014125345,0.0,0.0,0.0,0.21100292,0.0877853,0.0
99999E00011197,5,False,DO,DO.01,False,0.0,0.040977485,0.014374132,0.019320244,0.019192189,0.021064987,0.0,0.0024757232,0.0387472,0.06546793,0.38394517,0.0,0.0023583395,0.002160922,0.0,0.12923913,0.025253443,0.2354231
99999E00011214,4,False,94,94.99,False,0.0035031645,0.002025163,0.007326618,0.019998066,0.021192478,0.0038267903,0.037864204,0.0,0.0,0.023838202,0.856407,0.0,0.0,0.0,0.005458265,0.0,0.0,0.018560102
99999E00011228,5,False,DO,DO.01,True,0.039004028,0.0030599777,0.007465695,0.017378556,0.025807237,0.20584306,0.027537767,0.009192148,0.0,0.0407712,0.16196708,0.0006657437,0.017136281,0.0782198,0.16248217,0.0,0.00020155543,0.20326762
99999E00011257,5,False,DO,DO.01,False,0.0,0.28857377,0.1702848,0.15260272,0.0,0.0,0.3779179,0.0,0.010620917,0.0,0.0,0.0,0.0,0.0,0.0,0.0,0.0,0.0
99999E00011313,4,False,DO,DO.01,False,0.08293102,0.028494764,0.018628612,0.033304684,0.040498078,0.07489597,0.013435073,0.002160219,0.023317996,0.2598363,0.14446634,0.00091083464,0.014974792,0.0,0.000928653,0.025783222,0.0072091147,0.22822434
99999E00011326,6,False,DO,DO.01,False,0.0,0.014974699,0.0009464914,0.0026476972,0.00088626216,0.016284306,0.0,0.02812969,0.028205357,0.74734664,0.017325599,0.00436021,0.119427085,0.0,0.0,0.0,0.011516624,0.007949397
99999E00011339,5,False,DO,DO.01,False,0.0,0.10405357,0.029554293,0.11952746,0.12589172,0.04571452,0.057923093,0.065004885,0.006281067,0.029023936,0.0,0.003161332,0.011522223,0.0,0.0,0.18298288,0.202658,0.016700983
99999E00011342,5,False,DO,DO.01,False,0.04512919,0.035277136,0.0,0.054120664,0.045800775,0.06356664,0.013944051,0.078668,0.0,0.29809314,0.004465283,0.0024505171,0.037285656,0.0,0.0,0.22313918,0.03215503,0.06590469
99999E00011481,6,False,DO,DO.01,False,0.01908175,0.02248841,0.054530244,0.032686077,0.09238278,0.011956075,0.012872234,0.018861428,0.16402024,0.03966673,0.0920509,0.022291793,0.062269483,0.0030608333,0.0,0.15926374,0.054170478,0.13834688
99999E00011525,5,False,DO,DO.01,False,0.034395643,0.2712373,0.023211693,0.0,0.07867007,0.121543124,0.060797464,0.031018008,0.033352006,0.06779946,0.00751518,0.000828989,0.0019935211,0.0,0.0,0.0682855,0.10715177,0.09220036
99999E00011552,4,False,DO,DO.01,False,0.0065332493,0.0,0.0,0.010032059,0.0,0.006611342,0.022199104,0.0045167976,0.0,0.01389623,0.85874933,0.0,0.0,0.0,0.0,0.0083000865,0.0037651602,0.065396644
99999E00011553,5,False,DO,DO.01,False,0.013777045,0.06210419,0.03473958,0.065609485,0.05706852,0.015365723,0.036357407,0.029729415,0.04853484,0.093557104,0.059637368,0.043047342,0.012195654,0.0073130205,0.0044308077,0.20738444,0.058172576,0.15097542
99999E00011559,4,False,94,94.9,False,0.018201381,0.025373438,0.008543365,0.018403735,0.009555141,0.4467006,0.003800103,0.006098449,0.00014179727,0.04005693,0.20498486,0.0,0.00022780891,0.031621,0.10657905,0.023693928,0.000650019,0.055368382
99999E00011574,6,False,DO,DO.01,False,0.041440483,0.044567253,0.011366867,0.009517265,0.20604584,0.00270885,0.061950017,0.008426232,0.05246319,0.14826213,0.10709088,0.0158305,0.041359715,0.002919564,0.0,0.09915514,0.024669968,0.12222602
99999E00011592,6,False,DO,DO.01,False,0.061128657,0.016448656,0.07407909,0.027319198,0.13473164,0.0,0.07524683,0.030556811,0.018929485,0.04296096,0.2067559,0.0039442694,0.020087207,0.004280059,0.0,0.09681753,0.1462888,0.040425003
99999E00011644,1,False,96,96.0,False,0.0,0.0,0.0029796343,0.0,0.0,0.0,0.0026951756,0.0,0.0,0.0,0.0,0.0,0.0,0.37854576,0.6157794,0.0,0.0,0.0
99999E00011650,4,False,84,84.1,False,0.009866355,0.015993698,0.0074421368,0.009704221,0.01940585,0.0,0.02233765,0.008632844,0.012727684,0.20905344,0.64807725,0.0036534048,0.0062583475,0.0,0.0015050299,0.0,0.0034298769,0.021912215
99999E00011653,1,False,IL,IL.01,False,0.0,0.0,0.0,0.0,0.0,0.0,0.0,0.0,0.0,0.0,0.0,0.0,0.0,0.36950657,0.63049346,0.0,0.0,0.0
99999E00011655,4,False,94,94.99,False,0.0037773692,0.0,0.0,0.0009441413,0.0018971269,0.0,0.0,0.0,0.0,0.0058948025,0.9432456,0.0,0.0020165266,0.0,0.0,0.0003795058,0.00037829974,0.041466635
99999E00011700,4,False,DO,DO.02,False,0.0,0.0,0.0,0.0,0.003667909,0.0,0.0,0.0,0.0,0.009165718,0.88457835,0.0,0.007929117,0.0034097768,0.021068178,0.0,0.0,0.07018086
99999E00011733,2,False,DO,DO.02,False,0.0,0.0,0.0,0.0,0.0,0.001162711,0.0,0.0,0.0,0.09749615,0.89163315,0.0,0.0006694589,0.0,0.0012755452,0.0,0.0,0.0077630137
99999E00011734,4,False,DO,DO.02,False,0.01977186,0.00892681,0.0031324269,0.014019346,0.02712199,0.013093831,0.0076707546,0.0,0.015464911,0.08689923,0.6705156,0.0,0.0,0.0119060865,0.053416528,0.020886883,0.0,0.04717371
99999E00011752,3,False,DO,DO.02,False,0.024920236,0.011692199,0.007725438,0.011652564,0.02857322,0.011348699,0.011586506,0.022419956,0.0095321145,0.07835425,0.62947625,0.0,0.001136191,0.0,0.0,0.018476317,0.0,0.1331061
99999E00011787,6,False,DO,DO.01,False,0.0,0.015242065,0.009370457,0.02670546,0.010426028,0.0,0.0,0.056482084,0.018128958,0.05534462,0.35119992,0.00042996273,0.0,0.0,0.0,0.013028553,0.016384082,0.42725784
99999E00011831,6,False,DO,DO.01,False,0.0,0.0,0.0018766623,0.0,0.3040492,0.010998582,0.010706255,0.16634394,0.005026259,0.0064285994,0.0,0.029310988,0.2665309,0.0,0.0,0.19107257,0.007656163,0.0
99999E00011854,6,False,DO,DO.01,False,0.0665349,0.0462557,0.08749372,0.056637682,0.049550783,0.013266571,0.042550135,0.025804006,0.046059243,0.103520304,0.17227215,0.101784915,0.08313568,0.020070758,0.008926105,0.02725269,0.023391392,0.025493346
99999E00011874,4,False,DO,DO.01,False,0.0031008767,0.024614811,0.0,0.0,0.0,0.0,0.0015346365,0.0,0.0,0.013544842,0.39943337,0.013065631,0.0010133735,0.00073423143,0.16329592,0.049706254,0.0006779902,0.32927802
99999E00011894,6,False,DO,DO.01,False,0.0040562265,0.005918519,0.0023725098,0.0,0.0067603774,0.0,0.0022959772,0.0,0.0,0.007908366,0.7593307,0.0020663794,0.0,0.0021939338,0.0,0.103318974,0.0058419867,0.09793619
99999E00011920,4,False,DO,DO.01,False,0.0015649481,0.0,0.0030508612,0.0038555725,0.0052279835,0.0070197517,0.0,0.0027703012,0.0022976664,0.65615803,0.2721785,0.0,0.0,0.0,0.0,0.0,0.0,0.045876425
99999E00011951,2,False,DO,DO.01,False,0.0,0.0,0.0,0.0,0.0016597322,0.0,0.0,0.0,0.0,0.0,0.99834025,0.0,0.0,0.0,0.0,0.0,0.0,0.0
99999E00011963,6,False,DO,DO.01,False,0.15782543,0.03655552,0.009994534,0.024945956,0.08008671,0.0,0.0,0.041760877,0.008454045,0.0,0.2797662,0.0,0.006025294,0.0053979177,0.0,0.25396922,0.02506398,0.070154294
99999E00011985,5,False,DO,DO.01,False,0.0673183,0.050591756,0.019832067,0.022800216,0.059929144,0.063767344,0.027008913,0.027142126,0.0029723123,0.020822838,0.29445457,0.0,0.0080427285,0.0,0.0016443466,0.16614977,0.05858453,0.108939
99999E00012024,5,False,DO,DO.01,False,0.02864802,0.041075036,0.2314333,0.0087239025,0.04375582,0.0,0.030874433,0.0,0.0069064223,0.0,0.14882885,0.0,0.0,0.044255625,0.013085852,0.2747802,0.067473926,0.060158573
99999E00012030,4,False,DO,DO.01,False,0.0,0.0,0.04008116,0.046436373,0.06717095,0.028712934,0.055588387,0.01756529,0.039696176,0.17846218,0.18758506,0.0,0.023044428,0.0030048902,0.0,0.10927478,0.063889295,0.13948809
99999E00012050,6,False,DO,DO.01,False,0.035995062,0.07946745,0.010764925,0.024197405,0.11008903,0.0,0.020295756,0.045400288,0.058685236,0.07472945,0.08451049,0.0032183127,0.0926273,0.01831652,0.0019597965,0.13327514,0.07115776,0.13531019
99999E00012087,5,False,DO,DO.01,False,0.026249278,0.0,0.121490076,0.017882675,0.2254508,0.04156921,0.0356358,0.00274647,0.09692731,0.19113405,0.022426365,0.0,0.005985231,0.0,0.0,0.081972465,0.0,0.13053034
99999E00012169,4,False,DO,DO.01,False,0.007873967,0.06341758,0.009080985,0.0,0.17938426,0.014503591,0.0019588573,0.0,0.023915414,0.48938227,0.014767777,0.007050141,0.07056297,0.0,0.0,0.008984035,0.0,0.10911819
99999E00012179,5,False,DO,DO.01,False,0.0,0.00034542521,0.004211764,0.0,0.006102512,0.005223799,0.0,0.016659193,0.016756153,0.029409625,0.55965555,0.0,0.0,0.0024240364,0.014423018,0.07570872,0.030524679,0.2385555
99999E00012265,6,False,DO,DO.01,False,0.02026333,0.0,0.008444375,0.035176963,0.071640864,0.0,0.0262334,0.0,0.0,0.23712063,0.40589705,0.0,0.0,0.008650688,0.005410287,0.10032981,0.0,0.08083257
99999E00012279,6,False,DO,DO.01,False,0.06289661,0.013707447,0.043759402,0.04552808,0.028649775,0.0,0.04576541,0.08325313,0.096241586,0.1078162,0.09996492,0.0,0.02231195,0.0,0.0,0.12724052,0.14919454,0.07367052
99999E00012318,6,False,DO,DO.01,False,0.03209456,0.07635072,0.0,0.039243046,0.13416149,0.0,0.018891223,0.027147837,0.04106457,0.03378934,0.25073302,0.0,0.0088384375,0.0,0.0,0.13909373,0.08900604,0.109586
99999E00012331,4,False,DO,DO.01,False,0.0111384755,0.0,0.0054852786,0.0,0.036549874,0.0,0.030113062,0.0,0.0,0.0,0.9167133,0.0,0.0,0.0,0.0,0.0,0.0,0.0
99999E00012449,6,False,01,01.50,False,0.1540227,0.23154242,0.017413817,0.051974185,0.010678589,0.26103577,0.03682326,0.024955316,0.0005757463,0.014288976,0.026333988,0.028557904,0.0397354,0.002348644,0.027947636,0.030835276,0.021342702,0.019587623
99999E00012467,6,False,DO,DO.01,False,0.016167156,0.04025365,0.003346848,0.00412279,0.07480096,0.0,0.01556489,0.0,0.034426093,0.11324685,0.13209206,0.08103441,0.14942281,0.0,0.0,0.065696284,0.014717623,0.25510758
99999E00012503,4,False,85,85.3,False,0.0,0.0,0.0,0.0,0.025006006,0.004375904,0.0,0.0,0.0,0.49082416,0.47979394,0.0,0.0,0.0,0.0,0.0,0.0,0.0
99999E00012505,6,False,DO,DO.01,False,0.018073082,0.023485605,0.014352437,0.010366719,0.090613455,0.019910824,0.061456922,0.008588213,0.034562394,0.17333545,0.2984069,0.008763694,0.021440545,0.005302938,0.0,0.05870624,0.012030458,0.14060412
99999E00012530,4,False,DO,DO.02,False,0.0026766425,0.004947497,0.0019009624,0.0059260707,0.010753393,0.0021740894,0.0058761276,0.012807306,0.0017027505,0.12589897,0.72295886,0.0048320033,0.0,0.0,0.016208123,0.0020258205,0.0,0.07931134
99999E00012563,6,False,DO,DO.01,False,0.007732859,0.03515772,0.03400073,0.039314583,0.16198777,0.009379348,0.061835583,0.09582682,0.0516855,0.0138714425,0.01567279,0.025805667,0.08901955,0.0068642255,0.0,0.24001233,0.07788692,0.03394614
99999E00012615,5,False,DO,DO.01,False,0.01221851,0.04517561,0.069064714,0.0775163,0.05535314,0.16366227,0.056421567,0.021286506,0.06344858,0.0037806155,0.15525179,0.0,0.0,0.011245959,0.0,0.13039012,0.09146075,0.043723635
99999E00012647,6,False,DO,DO.01,False,0.03126256,0.07800685,0.007904436,0.043831144,0.0066425935,0.0034926583,0.051704425,0.08387676,0.024828717,0.0,0.37497005,0.012045153,0.035571527,0.010409431,0.02157908,0.098389514,0.022423426,0.09306174
99999E00012663,5,False,DO,DO.01,False,0.044317067,0.099135436,0.059011053,0.029029721,0.10087073,0.0,0.03637112,0.007909563,0.09739175,0.0615916,0.1879683,0.0053038294,0.0,0.0,0.0124633005,0.09980997,0.034540664,0.124285944
99999E00012666,6,False,DO,DO.01,False,0.017962137,0.045461006,0.01108742,0.034916326,0.011946759,0.0,0.0,0.084047295,0.13730696,0.15123731,0.09862377,0.0,0.0065710405,0.0,0.0,0.06565226,0.2934871,0.041700587
99999E00012689,6,False,DO,DO.01,False,0.009814972,0.04146547,0.02232756,0.0073319064,0.10970397,0.0,0.072257765,0.026672922,0.0069829053,0.008141478,0.45645198,0.0062391288,0.014947021,0.12420474,0.0,0.07790473,0.0,0.015553484
99999E00012694,5,False,DO,DO.01,False,0.0,0.0,0.049268268,0.010693615,0.31585574,0.0,0.0561503,0.0,0.059432495,0.0,0.023822408,0.0,0.0,0.0,0.0,0.22653052,0.028198674,0.230048
99999E00012745,6,False,DO,DO.01,False,0.053021178,0.04894471,0.057989642,0.11877441,0.11249361,0.095042,0.06315084,0.12368186,0.011380982,0.14689322,0.015439047,0.01852763,0.05557708,0.0,0.0,0.015181421,0.0009171806,0.06298523
99999E00012855,6,False,DO,DO.01,False,0.051826455,0.021241378,0.027907578,0.0,0.09341799,0.014369952,0.012714803,0.0,0.06714085,0.03387067,0.6079276,0.025159767,0.013358999,0.0,0.009471018,0.0121713225,0.0056989533,0.0037226574
99999E00012926,6,False,DO,DO.01,False,0.03299327,0.06671514,0.012023491,0.018459858,0.06777312,0.029383255,0.025953237,0.003741184,0.09934507,0.09105319,0.0422895,0.026580837,0.03804423,0.0,0.0014773249,0.18356025,0.1065201,0.15408699
99999E00012962,5,False,68,68.31,False,0.05539436,0.02749663,0.020319514,0.056213625,0.17644097,0.03428118,0.03398249,0.02340883,0.04867808,0.16660124,0.120304145,0.0,0.00040109918,0.0,0.0,0.057707075,0.00094727677,0.17782348
99999E00012971,6,False,DO,DO.01,False,0.04495805,0.03067341,0.013668968,0.015129441,0.08215549,0.029895075,0.07822708,0.008628154,0.041986383,0.022216665,0.3142446,0.0024994186,0.004774957,0.0,0.003127334,0.1493302,0.020061813,0.13842301
99999E00012980,5,False,DO,DO.01,False,0.020684592,0.032781906,0.004595817,0.013077252,0.0650414,0.021691848,0.013702092,0.08494068,0.07089031,0.11335553,0.05923005,0.0012769954,0.022862995,0.0,0.0,0.23998976,0.21259582,0.023282971
99999E00013007,4,False,DO,DO.01,False,0.00066266995,0.01776892,0.012209087,0.032748383,0.029912086,0.0053776875,0.014464245,0.010980891,0.0040003057,0.111323334,0.4978403,0.0,0.0,0.0014415671,0.0,0.11673918,0.008883593,0.13564783
99999E00013039,5,False,DO,DO.01,False,0.07033216,0.11323321,0.0,0.01656236,0.0,0.0,0.0,0.023626126,0.0,0.09618944,0.3223411,0.0,0.018589837,0.0,0.0,0.049390823,0.04623389,0.24350093
99999E00013140,6,False,DO,DO.01,False,0.05009184,0.034790788,0.02033177,0.0018875023,0.083413646,0.01881778,0.0261213,0.006723538,0.059455793,0.31906372,0.12414425,0.045830347,0.053027082,0.0,0.0,0.025819076,0.0048404154,0.12564117
99999E00013158,6,False,DO,DO.01,False,0.045460843,0.03139352,0.09620629,0.26904088,0.07262057,0.01273827,0.058376707,0.17908198,0.03224987,0.017470064,0.010843761,0.034857918,0.04951968,0.014260201,0.024220208,0.03988482,0.007808856,0.0039655585
99999E00013162,6,False,DO,DO.01,False,0.0,0.0,0.0061990446,0.004132697,0.0027517213,0.0,0.0010638625,0.0015344172,0.001166157,0.008602965,0.94178426,0.0038667312,0.005309083,0.0,0.0,0.0046134805,0.0,0.018975625
99999E00013241,6,False,DO,DO.01,False,0.031198407,0.02320008,0.061012913,0.018358162,0.060483072,0.062392462,0.065004244,0.017641561,0.069795124,0.35023743,0.017345466,0.029698214,0.03816867,0.0,0.0,0.06714216,0.020153001,0.068169065
99999E00013291,6,False,DO,DO.01,False,0.023476314,0.011147786,0.009901966,0.039078876,0.05430626,0.030822553,0.060349,0.027387306,0.012235351,0.27254543,0.20517409,0.0010954528,0.008962304,0.0,0.0007385186,0.08553949,0.0062226853,0.15101671
99999E00013325,4,False,55,55.10,False,0.046154782,0.0036044687,0.0,0.0,0.0012115429,0.0010629877,0.0020499332,0.0,0.00023358138,0.7279645,0.19198464,0.0,0.0,0.0,0.0,0.0,0.0,0.025733577
99999E00013332,4,False,84,84.11,False,0.0,0.0,0.0,0.0,0.0,0.0,0.0,0.0,0.0,0.0,0.98600465,0.0,0.0,0.0,0.0,0.0,0.0,0.013995326
99999E00013422,5,False,DO,DO.01,False,0.07405948,0.050235428,0.011720116,0.052743945,0.11771862,0.033837553,0.04168866,0.017936576,0.054868646,0.119473204,0.044981938,0.0,0.0008498797,0.0,0.0,0.15970543,0.016343052,0.20383748
99999E00013601,5,False,96,96.0,False,0.0,0.0,0.058600813,0.2271074,0.022887288,0.5092421,0.036202755,0.1146704,0.0043392256,0.0013187843,0.0016591158,0.0,0.023972094,0.0,0.0,0.0,0.0,0.0
99999E00013606,4,False,DO,DO.01,False,0.0044913096,0.007847586,0.0,0.00037546398,0.0070309844,0.0,0.0051281727,0.00048736864,0.004339223,0.035699755,0.8103178,0.0009885634,0.0010594219,0.013286415,0.018518714,0.0125108585,0.00055909134,0.0773594
99999E00013622,6,False,DO,DO.01,False,0.016258115,0.020948859,0.009039707,0.010465303,0.27424067,0.057582192,0.04362071,0.013294931,0.020405497,0.059014842,0.24716675,0.0023563628,0.008487634,0.0,0.0,0.08117486,0.016338168,0.11960543
99999E00013651,5,False,DO,DO.01,False,0.023848461,0.05059361,0.0,0.0,0.04419463,0.0,0.0,0.00548232,0.008527421,0.10311493,0.24150187,0.025811998,0.071114354,0.0,0.015038423,0.027242145,0.0,0.38352984
99999E00013697,4,False,DO,DO.01,False,0.008895998,0.0,0.0,0.010705703,0.047430206,0.0039258366,0.004700836,0.0004094852,0.0012518156,0.021827761,0.8230612,0.0,0.00025558475,0.0,0.00015939694,0.036272425,0.005348042,0.035755757
99999E00013701,6,False,DO,DO.01,False,0.0027887314,0.07273392,0.023751605,0.011266935,0.20635177,0.04043804,0.025394402,0.053342026,0.066668205,0.057601232,0.13796324,0.0,0.017450394,0.0,0.0,0.15441129,0.07246394,0.057374343
99999E00013703,5,False,DO,DO.01,False,0.11558541,0.1166365,0.026677702,0.0,0.0,0.0,0.0,0.060520537,0.0,0.1633273,0.13505177,0.0,0.040137835,0.0070303776,0.009459823,0.12649673,0.0,0.19907597
99999E00013738,6,False,DO,DO.01,False,0.042340606,0.18857376,0.07894121,0.06352336,0.074849024,0.0,0.027933348,0.046119153,0.029511478,0.025932066,0.08151998,0.0,0.0015681707,0.01166918,0.002568813,0.15728502,0.056040943,0.111623876
99999E00013759,6,False,DO,DO.01,False,0.009929796,0.014712122,0.008102893,0.033477463,0.014433241,0.0,0.0,0.015961176,0.010583274,0.17263168,0.6324759,0.0,0.0,0.0,0.0,0.015057176,0.003384379,0.06925096
99999E00013787,5,False,DO,DO.01,False,0.019544326,0.09652893,0.02635097,0.059483353,0.13962086,0.019465052,0.029640786,0.068938434,0.021414442,0.037326634,0.010665783,0.0058553703,0.03219192,0.0,0.00026664455,0.19880874,0.19175346,0.04214425
99999E00013809,5,False,16,16.10,False,0.6317181,0.0,0.0,0.0,0.0,0.0,0.0,0.0,0.0,0.0,0.0,0.0,0.0,0.36828193,0.0,0.0,0.0,0.0
99999E00013841,4,False,68,68.32,False,0.0,0.0,0.0,0.0,0.0,0.0,0.0,0.0,0.002523811,0.032605954,0.93248504,0.0,0.0,0.0,0.0,0.0,0.0,0.032385223
99999E00013853,5,False,DO,DO.01,False,0.046110094,0.026668323,0.0,0.055574547,0.017390357,0.0,0.046638485,0.027709572,0.027010227,0.010816524,0.13327946,0.0,0.0,0.080719866,0.0,0.08123271,0.0,0.44684985
99999E00013907,5,False,DO,DO.01,False,0.011117215,0.016632577,0.0,0.0026406571,0.24887301,0.014994251,0.045562778,0.0,0.010832289,0.05579469,0.03192702,0.0,0.006680506,0.0,0.0,0.44177324,0.059285037,0.0538867
99999E00013918,3,False,DO,DO.01,False,0.010904657,0.030598078,0.009189789,0.010069436,0.0047246204,0.007239758,0.007755699,0.0034765291,0.02926054,0.03354386,0.848019,0.0029789512,0.0,0.0,0.0,0.0,0.0022391006,0.0
99999E00013925,6,False,DO,DO.01,False,0.04255079,0.09008556,0.053693466,0.062468518,0.089900106,0.026597692,0.00961647,0.03159357,0.17985974,0.22249448,0.10074017,0.006141784,0.008053926,0.0,0.0,0.016542658,0.01969719,0.03996389
99999E00013943,6,False,DO,DO.01,True,0.007599851,0.0063277055,0.0060672136,0.00999258,0.24842258,0.029677816,0.024369158,0.005595766,0.023427002,0.29811487,0.13517375,0.0053833304,0.010412275,0.0,0.020115528,0.013727197,0.0019476499,0.15364574
99999E00013988,6,False,DO,DO.01,False,0.018849028,0.02000897,0.0031581563,0.008280414,0.07226232,0.0,0.0,0.0,0.0037551846,0.13596156,0.5902195,0.0002972956,0.0024660912,0.0,0.0,0.05255553,0.012081899,0.080104105
99999E00014027,6,False,DO,DO.01,False,0.018824546,0.062451463,0.02661478,0.025015179,0.0430722,0.007067589,0.010766033,0.047274426,0.036276925,0.13831294,0.20066404,0.010987416,0.10422865,0.0,0.004502278,0.08465121,0.031902738,0.1473876
99999E00014044,6,False,DO,DO.01,False,0.036708027,0.052198276,0.012119833,0.01828199,0.040063955,0.01810897,0.012852488,0.022805402,0.028629795,0.12206634,0.0024057538,0.054889638,0.21739455,0.0,0.0,0.2483506,0.022794021,0.09033043
99999E00014157,6,False,DO,DO.01,False,0.042744447,0.1909772,0.014731118,0.040068816,0.06010798,0.0,0.021143131,0.019914674,0.018518502,0.07652055,0.04904926,0.035128184,0.02569733,0.0019373494,0.0,0.21557833,0.08795792,0.09992523
99999E00014172,6,False,DO,DO.01,False,0.04680869,0.046447653,0.03382176,0.062105443,0.19380109,0.0,0.08564069,0.045413088,0.08485105,0.035850774,0.06486076,0.030221904,0.034541734,0.050889935,0.006407956,0.05551591,0.047788363,0.075033255
99999E00014232,5,False,DO,DO.01,False,0.004273166,0.0,0.0627511,0.20793435,0.18236375,0.046803225,0.053671975,0.06640147,0.033159334,0.1638887,0.053877167,0.0,0.01874865,0.0,0.0,0.03221254,0.021419829,0.052494783
99999E00014233,6,False,DO,DO.01,False,0.032423325,0.046683513,0.05222982,0.049627166,0.23955138,0.0,0.060430147,0.051685464,0.090020746,0.0,0.1422855,0.05668742,0.06731784,0.015186625,0.0013496028,0.03980403,0.05236951,0.0023479387
99999E00014235,4,False,DO,DO.01,False,0.15100123,0.0893368,0.0,0.0,0.049096934,0.0,0.05125136,0.03165807,0.0,0.0,0.37478605,0.0,0.0072412603,0.0,0.0,0.15411316,0.01728327,0.07423189
99999E00014338,6,False,DO,DO.01,False,0.012377062,0.096046604,0.0,0.009402126,0.07007828,0.012445198,0.035780713,0.008412524,0.04073197,0.06816505,0.056182384,0.0,0.0019150343,0.0,0.001349753,0.13361257,0.21564358,0.2378572
99999E00014341,6,False,DO,DO.01,True,0.0039562043,0.0046552354,0.07552211,0.2753713,0.071807034,0.031166596,0.0122628985,0.3290805,0.039533768,0.0062645795,0.0024269747,0.0,0.061308995,0.023982279,0.02870035,0.02692685,0.0,0.0070342994
99999E00014430,6,False,DO,DO.01,False,0.022713233,0.016124234,0.11594552,0.139007,0.00039656006,0.09777493,0.01957634,0.024998534,0.046222124,0.1537687,0.23339337,0.008645519,0.04336486,0.0027733787,0.0013905024,0.0063856337,0.010267346,0.057252087
99999E00014471,4,False,84,84.11,True,0.1059365,0.0013996591,0.0,0.0,0.00942074,0.011542097,0.0023360585,0.0,0.0,0.027440403,0.67948323,0.0,0.0,0.00040518667,0.05653963,0.014079243,0.0,0.091417246
99999E00014484,6,False,DO,DO.01,True,0.0333566,0.04635238,0.019841924,0.006319178,0.028317403,0.0015251162,0.020667601,0.011080945,0.0032718808,0.09709589,0.11098487,0.018830562,0.023196006,0.0026950082,0.067865476,0.05760507,0.058692023,0.39230204
99999E00014495,4,False,DO,DO.01,False,0.0,0.0,0.0,0.0,0.0055977413,0.0,0.0,0.0,0.0,0.014184937,0.71839136,0.0,0.0,0.0,0.0,0.0,0.0,0.26182598
99999E00014503,6,False,DO,DO.01,False,0.008745925,0.019249246,0.03842458,0.025654713,0.21532631,0.02935428,0.00048862206,0.00015192451,0.029112022,0.07168784,0.08936036,0.01182958,0.035394307,0.015557891,0.0,0.23798358,0.015615376,0.15606342
99999E00014511,4,False,DO,DO.01,False,0.0,0.01268833,0.0033448914,0.01079202,0.004051835,0.0,0.0023571337,0.004770561,0.0,0.11968099,0.4278024,0.0017667047,0.0,0.0,0.0,0.0,0.006086916,0.40665826
99999E00014530,4,False,70,70.2,False,0.0,0.02143385,0.0,0.0064687445,0.0024985448,0.0,0.0,0.0,0.0,0.0,0.9695989,0.0,0.0,0.0,0.0,0.0,0.0,0.0
99999E00014566,6,False,DO,DO.01,False,0.020008286,0.05036335,0.032461282,0.025268316,0.1708006,0.033921614,0.05515866,0.030766226,0.07461873,0.056420498,0.11509373,0.008355559,0.04915507,0.005170238,0.0,0.11343017,0.11237313,0.04663454
99999E00014638,5,False,DO,DO.01,False,0.06148857,0.04477059,0.021074347,0.028114183,0.05392395,0.061288785,0.032068234,0.028006077,0.048744477,0.217667,0.049265847,0.02258782,0.01495546,0.0,0.013000672,0.023237135,0.0,0.27980694
99999E00014656,6,False,DO,DO.01,False,0.020128373,0.061338145,0.015555569,0.005123951,0.0012888818,0.028590785,0.021876544,0.013968149,0.0,0.04567349,0.5930837,0.0,0.021778945,0.029007018,0.0,0.09399364,0.047114514,0.0014783387
99999E00014674,6,False,DO,DO.01,False,0.0,0.0664072,0.076511316,0.0049845306,0.043387517,0.011344104,0.026813334,0.0,0.3588371,0.0,0.2312896,0.004444335,0.0522148,0.0037445365,0.0,0.0,0.0,0.120021604
99999E00014698,6,False,DO,DO.01,False,0.05184187,0.0379715,0.04975367,0.03354502,0.099583805,0.017992621,0.05037169,0.03540704,0.048592497,0.07438521,0.2283849,0.0058281687,0.011817213,0.0,0.0,0.091788486,0.01972562,0.14301074
99999E00014700,5,False,DO,DO.01,False,0.02331434,0.0,0.013009461,0.0,0.07180152,0.021629404,0.02486188,0.007144717,0.0,0.03333719,0.32221374,0.01595991,0.028275147,0.018273989,0.004215962,0.061590645,0.0059009,0.34847128
99999E00014723,4,False,DO,DO.01,False,0.0,0.0,0.0,0.0,0.018119222,0.0,0.0,0.0,0.0077087604,0.027178831,0.8989911,0.0,0.0,0.0,0.0,0.031648833,0.0,0.016353264
99999E00014734,5,False,DO,DO.01,False,0.0,0.043802176,0.015214236,0.14937843,0.036144804,0.0,0.106587596,0.0,0.0,0.0,0.0,0.0,0.0,0.02425986,0.0,0.27179587,0.062308017,0.29050902
99999E00014765,4,False,55,55.10,False,0.0014340151,0.0,0.0,0.0,0.0011826663,0.0,0.0015813115,0.0,0.0012859552,0.096561186,0.2769718,0.0,0.0,0.0,0.0,0.016565157,0.0,0.6044179
99999E00014794,6,False,DO,DO.01,False,0.011584108,0.031953815,0.00625847,0.05294644,0.102887765,0.0210358,0.010840923,0.02942668,0.0043635056,0.059652057,0.10320231,0.066306785,0.09693459,0.0061042826,0.0,0.1755733,0.12692252,0.09400656
99999E00014823,5,False,DO,DO.02,False,0.010854406,0.024498211,0.0,0.05148263,0.011521437,0.050451767,0.0064883875,0.0,0.007579892,0.014007642,0.5546662,0.0,0.0,0.0,0.0,0.07961919,0.0,0.18883029
99999E00014825,4,False,DO,DO.02,False,0.00976865,0.0033472995,0.008690834,0.0,0.0075295265,0.0,0.0030588699,0.0,0.0,0.008091204,0.91930807,0.0,0.0,0.0,0.0,0.011317059,0.0032182653,0.02567022
99999E00014833,6,False,DO,DO.01,False,0.02483404,0.0409202,0.010398347,0.020262418,0.054623935,0.020939613,0.0044104485,0.005446499,0.028207103,0.109375656,0.26172,0.0050315447,0.030005388,0.0048565688,0.026949327,0.13587396,0.029917676,0.18622725
99999E00014842,6,False,DO,DO.01,False,0.019440683,0.0,0.058957636,0.08558322,0.012677205,0.01739575,0.12112085,0.028083287,0.032311328,0.037313122,0.5603324,0.0,0.0,0.0,0.0,0.004241855,0.0,0.022542626
99999E00014868,6,False,DO,DO.01,False,0.09424083,0.066173725,0.08689492,0.025230384,0.06103332,0.05128084,0.074350834,0.018844781,0.1289699,0.1571777,0.10476765,0.024252087,0.0161675,0.0019148272,0.0048300526,0.02193317,0.024263367,0.037674017
99999E00014877,4,False,DO,DO.01,False,0.0,0.07619268,0.0007430038,0.08444652,0.0,0.0,0.0006666831,0.013338151,0.0,0.128598,0.5042549,0.0,0.013809543,0.0,0.0,0.029495675,0.0,0.14845483
99999E00014885,5,False,DO,DO.01,False,0.056799985,0.0071326075,0.02901661,0.005602921,0.038900282,0.022453187,0.029633226,0.0,0.0,0.067110546,0.3143565,0.0,0.014555737,0.0,0.0,0.1088449,0.04334112,0.2622523
99999E00014901,6,False,DO,DO.01,False,0.042709813,0.028037021,0.019375008,0.012617549,0.050011106,0.011192895,0.007851649,0.007525197,0.086584024,0.31108,0.19690853,0.0,0.003648641,0.0,0.0,0.005008106,0.004895277,0.21255517
99999E00014973,5,False,DO,DO.01,False,0.0509535,0.03265011,0.14279193,0.22595802,0.016157659,0.016140537,0.013798875,0.22335194,0.061921835,0.026355585,0.0035229553,0.008354655,0.077607736,0.0076203886,0.0010348206,0.031695183,0.03763399,0.022450281
99999E00014995,6,False,DO,DO.01,False,0.012878125,0.036659356,0.12076269,0.06290874,0.17961808,0.014207794,0.019446347,0.01934147,0.16576357,0.10365333,0.11204095,0.0007229965,0.0048236893,0.0,0.0,0.03494081,0.015298322,0.09693382
99999E00014996,5,False,DO,DO.01,False,0.0021338041,0.009305311,0.0037301464,0.026985401,0.013388418,0.45790154,0.016019575,0.029456126,0.0021017168,0.0,0.39724058,0.009305311,0.0094657475,0.0061768014,0.0,0.009939035,0.0068506347,0.0
99999E00015095,4,False,DO,DO.01,False,0.01609797,0.06995952,0.0,0.0010952151,0.02354537,0.009676371,0.0058863955,0.0,0.0060048923,0.13859321,0.1641691,0.0,0.0041820887,0.0,0.021653151,0.04572851,0.0021252735,0.49128294
99999E00015106,6,False,DO,DO.01,False,0.025209313,0.01528782,0.017120762,0.006476898,0.035297718,0.0,0.007791894,0.012598978,0.0058873696,0.19685537,0.41878998,0.0017713386,0.0026606217,0.0,0.0,0.017193377,0.024614623,0.21244398
99999E00015119,5,False,DO,DO.01,False,0.009607547,0.010740924,0.0,0.0,0.0,0.018495837,0.018391218,0.007898763,0.0,0.025915094,0.12237417,0.0,0.0,0.0,0.0,0.3263035,0.0,0.460273
99999E00015127,5,False,DO,DO.01,False,0.07936542,0.04548711,0.0,0.0136103155,0.0,0.007528513,0.0,0.030184282,0.0,0.045803137,0.32888085,0.0,0.0063065346,0.0030479243,0.02983314,0.036069445,0.08286983,0.29101354
99999E00015131,4,False,01,01.4,False,0.0,0.0,0.0,0.0,0.0025708233,0.0,0.0024048227,0.0,0.0,0.037509557,0.9354564,0.0,0.0,0.0,0.009304764,0.0,0.0,0.012753643
99999E00015135,6,False,DO,DO.01,False,0.012358874,0.058377158,0.012001483,0.011247524,0.0349632,0.0023137664,0.022009475,0.0011890142,0.025133217,0.10099301,0.22388415,0.010269851,0.11488008,0.0,0.0,0.09407886,0.030763164,0.24553727
99999E00015166,6,False,DO,DO.01,False,0.06564037,0.14995444,0.028114742,0.026238415,0.11960053,0.0009870596,0.009678666,0.013555616,0.025648922,0.062189315,0.13797538,0.0,0.005046798,0.017331118,0.017988244,0.13655327,0.035662092,0.147835
99999E00015257,5,False,DO,DO.01,False,0.015781945,0.08999664,0.029175708,0.07705389,0.052809805,0.0,0.02943449,0.031238563,0.023375317,0.116373815,0.16563094,0.0,0.0055083386,0.0,0.0,0.12858088,0.0,0.23503968
99999E00015335,6,False,DO,DO.01,False,0.028816873,0.08804043,0.072720975,0.038186394,0.06344232,0.020380108,0.019907128,0.060599778,0.2159821,0.13224666,0.018874181,0.005543738,0.055882398,0.0,0.0,0.038765002,0.076697424,0.06391453
99999E00015457,6,False,DO,DO.01,False,0.032362554,0.011897634,0.029142454,0.0,0.15830944,0.008745967,0.031830307,0.0,0.09661244,0.024542315,0.44858965,0.0,0.0,0.0,0.0,0.008772581,0.01647116,0.13272354
99999E00015528,4,False,DO,DO.01,False,0.0059638657,0.010042097,0.007869598,0.0,0.004681196,0.024451118,0.0,0.0037000084,0.007863204,0.5849019,0.20867409,0.002218178,0.0026247222,0.0,0.0,0.0,0.003283415,0.13372654
99999E00015554,5,False,DO,DO.01,False,0.0,0.0,0.0,0.0,0.053432114,0.0,0.021492558,0.0,0.0232178,0.0,0.0,0.7943696,0.02078335,0.0,0.0,0.08670459,0.0,0.0
99999E00015600,5,False,DO,DO.01,False,0.012113282,0.007552373,0.0037715798,0.004075641,0.017125675,0.0,0.0014189495,0.0059706448,0.018203706,0.05679483,0.705009,0.0014158782,0.007352738,0.0010043213,0.0,0.019100534,0.006591051,0.13249978
99999E00015680,6,False,DO,DO.01,False,0.066505976,0.09270276,0.03539536,0.010962037,0.049808245,0.0056729834,0.037736394,0.02096927,0.10326248,0.07443805,0.0607554,0.0037426373,0.021961868,0.002197558,0.020493373,0.06628993,0.02605432,0.30105138
99999E00015722,4,False,DO,DO.01,True,0.024606347,0.024535028,0.0017682553,0.00187756,0.0336767,0.0035043394,0.022407463,0.01763798,0.015325138,0.051216614,0.28640544,0.01599337,0.055337634,0.0,0.24403436,0.05928384,0.012413835,0.12997608
99999E00015815,3,False,DO,DO.01,False,0.028738808,0.009599653,0.03741619,0.068949886,0.06429041,0.18647145,0.054185506,0.057349302,0.0040660184,0.05703653,0.2164012,0.10355515,0.096870676,0.0,0.0,0.011760979,0.0,0.0033081512
99999E00015834,6,False,DO,DO.01,False,0.067042015,0.04677571,0.016791837,0.010892761,0.043194372,0.016957415,0.028839016,0.0031024166,0.04149342,0.18068922,0.05963362,0.0044435207,0.003325384,0.0,0.0,0.028697189,0.030781409,0.41734067
99999E00015927,5,False,DO,DO.01,False,0.055862624,0.093205094,0.0,0.01498695,0.030699387,0.018591953,0.0,0.025401078,0.0075720074,0.019076612,0.4330479,0.0,0.0,0.0,0.0,0.012937631,0.0,0.2886188
99999E00015959,6,False,84,84.24,False,0.024986051,0.06509925,0.0052619656,0.0018554965,0.0480124,0.0,0.01196149,0.0036023664,0.03789168,0.16657233,0.17879784,0.023352966,0.0014821143,0.0,0.016693577,0.067878254,0.030957961,0.31559423
99999E00015970,5,False,DO,DO.01,False,0.10067929,0.07842715,0.016154101,0.0,0.08287297,0.022954172,0.015276556,0.020858955,0.02102478,0.06618267,0.04795151,0.0021363695,0.0147016095,0.0,0.01704617,0.123380475,0.0,0.37035328
99999E00016044,5,False,DO,DO.01,False,0.0,0.0,0.0,0.0,0.0,0.0,0.0,0.0025260758,0.0,0.086992465,0.0,0.0,0.0036610633,0.0,0.0,0.14595944,0.0,0.760861
99999E00016109,6,False,DO,DO.01,False,0.07646331,0.057259317,0.030060152,0.044742484,0.08528635,0.016179016,0.07228741,0.04732587,0.018109394,0.18228833,0.042076115,0.0,0.0084466385,0.015414373,0.012056464,0.14761364,0.024276922,0.120114155
99999E00016126,6,False,DO,DO.01,False,0.04544394,0.09605485,0.044261497,0.012310424,0.1286364,0.002030365,0.012025615,0.026535988,0.15234336,0.04064261,0.071534365,0.0,0.006088307,0.026329698,0.008345869,0.11991002,0.026831483,0.18067509
99999E00016240,6,False,DO,DO.01,False,0.039134152,0.024386331,0.015003406,0.039639376,0.10726942,0.0057714554,0.038687177,0.020010484,0.010028424,0.048253167,0.119601674,0.00013551924,0.014425666,0.006293323,0.007945707,0.22172017,0.05730205,0.22439252
99999E00016266,5,False,DO,DO.01,False,0.05845527,0.18295075,0.08357804,0.1003099,0.04699039,0.0,0.0,0.044859864,0.0,0.0,0.0071600834,0.0,0.004898347,0.0,0.0,0.32859534,0.0,0.142202
99999E00016300,6,False,68,68.20,False,0.009547539,0.010524336,0.0,0.0021072943,0.11472417,0.0,0.0054927166,0.0,0.0072905906,0.08982897,0.578703,0.0,0.0,0.0,0.0,0.058573473,0.06919488,0.054013062
99999E00016301,6,False,68,68.20,False,0.058352463,0.06892456,0.022461316,0.034990884,0.14901888,0.015016901,0.03097424,0.053660307,0.090172976,0.037021182,0.066732295,0.018685745,0.02394166,0.0025212322,0.0,0.12480476,0.07374102,0.12897961
99999E00016303,6,False,68,68.20,False,0.01388369,0.09747153,0.011396654,0.028638769,0.11736496,0.0,0.04545948,0.018720625,0.038875476,0.022647599,0.10560261,0.0012342329,0.017734952,0.0095424475,0.004445523,0.23123863,0.09720583,0.13853692
99999E00016360,5,False,DO,DO.01,False,0.051323395,0.07413081,0.062900014,0.030676857,0.12779067,0.0,0.035152692,0.045688286,0.06877701,0.1201882,0.0762881,0.0,0.037284896,0.0,0.0,0.05984863,0.041904073,0.16804633
99999E00016399,6,False,DO,DO.01,False,0.044241484,0.0490929,0.05097587,0.040796757,0.07348474,0.0035914879,0.08230332,0.013081102,0.0638779,0.04806188,0.20534894,0.03945837,0.0127312755,0.002721999,0.016543368,0.057389043,0.043624904,0.1526747
99999E00016420,3,False,81,81.22,False,0.08724977,0.02620018,0.08622543,0.08074301,0.02491614,0.10121551,0.15356538,0.04636249,0.029381424,0.0013706043,0.20133454,0.0009233544,0.040692516,0.010481514,0.011729486,0.01374211,0.022326421,0.061540127
99999E00016429,6,False,DO,DO.01,False,0.034696568,0.037255283,0.03274381,0.036312126,0.039709836,0.0157566,0.035224404,0.021866266,0.014593092,0.20123309,0.47730058,0.002496951,0.005423582,0.0,0.0,0.0067877406,0.003927214,0.034672864
99999E00016452,4,False,DO,DO.01,False,0.013737312,0.0,0.0,0.0033738138,0.009416355,0.0,0.01150646,0.0,0.0016556302,0.015914448,0.9197941,0.0,0.0027244806,0.0021594586,0.0,0.0,0.0,0.01971798
99999E00016473,6,False,DO,DO.01,False,0.043315355,0.047880977,0.01614248,0.033581983,0.038084164,0.0025689108,0.009865048,0.007464925,0.015283584,0.10205974,0.260347,0.007821052,0.011916826,0.0,0.0,0.092042066,0.037895624,0.27373025
99999E00016495,6,False,DO,DO.01,False,0.0003476024,0.027026085,0.025757337,0.011728684,0.10754239,0.012814943,0.05387837,0.016815266,0.046123937,0.042271353,0.24639507,0.00045767645,0.008994212,0.00055906054,0.0,0.27935645,0.09490414,0.025027372
99999E00016496,5,False,DO,DO.01,False,0.024463091,0.02001073,0.0,0.0,0.16077167,0.019922238,0.025469707,0.01517674,0.10697279,0.10920726,0.0,0.029313676,0.0039545805,0.009114893,0.0,0.2489284,0.07408616,0.15260808
99999E00016522,5,False,DO,DO.01,False,0.0055021904,0.027752182,0.087576985,0.033902165,0.022759555,0.0,0.00013552194,0.04537545,0.026874,0.11000044,0.16020046,0.0,0.00865172,0.008120474,0.0,0.17119402,0.0427653,0.24918959
99999E00016586,6,False,DO,DO.01,False,0.011755819,0.034697477,0.036205888,0.023546247,0.18358213,0.013881028,0.018349256,0.017907523,0.07076291,0.025870945,0.11893632,0.004352198,0.013655072,0.0033140213,0.0,0.26943117,0.056837097,0.096914776
99999E00016714,6,False,DO,DO.01,False,0.027243657,0.13014996,0.038426552,0.03786961,0.16028506,0.0,0.032597244,0.018460248,0.0062702172,0.023266176,0.06382303,0.0,0.029002659,0.043947224,0.0,0.23831007,0.041756593,0.10859172
99999E00016739,5,False,DO,DO.01,False,0.10074888,0.04111214,0.0,0.0069266153,0.04065504,0.0,0.013757669,0.025639147,0.045186248,0.17284684,0.14801519,0.0014413857,0.014194067,0.022511102,0.022750005,0.12170392,0.0,0.22251174
99999E00016773,6,False,DO,DO.01,False,0.040676534,0.079618104,0.07657702,0.03749273,0.09388536,0.0116171315,0.0029186564,0.0034036334,0.057686582,0.31361857,0.11621731,0.0,0.0,0.0,0.0,0.011342513,0.011404066,0.14354175
99999E00016781,6,False,DO,DO.01,False,0.09028725,0.15552726,0.0062485025,0.003429978,0.009373613,0.0004311089,0.05410932,0.03571505,0.016597692,0.07433194,0.087041914,0.0077960286,0.025097923,0.0056602363,0.007704998,0.1787934,0.056516487,0.1853373
99999E00016783,6,False,DO,DO.02,False,0.0147958435,0.007865589,0.0,0.009180706,0.05187334,0.0040489263,0.013703575,0.0019836603,0.0032893603,0.08212102,0.6727652,0.0,0.0035906755,0.0,0.008863696,0.0153011745,0.012033786,0.09858351
99999E00016803,4,False,DO,DO.02,False,0.0,0.0,0.0,0.0,0.0,0.0,0.0,0.0,0.0,0.8121826,0.18301894,0.0,0.0,0.0,0.0,0.0,0.0,0.0047984496
99999E00016808,4,False,DO,DO.02,False,0.003562928,0.001451409,0.0028695003,0.0081899455,0.0105992425,0.01308767,0.0,0.0,0.0064199343,0.13808377,0.6977904,0.029596668,0.009972451,0.0018408116,0.0,0.0045791226,0.0,0.07195616
99999E00016813,4,False,DO,DO.02,False,0.002344851,0.0,0.0,0.0,0.0015845768,0.0,0.0,0.0,0.0017065835,0.05675235,0.85144305,0.0,0.0,0.0,0.0,0.0,0.0,0.08616861
99999E00016879,4,False,74,74.90,False,0.034770496,0.02452924,0.0056956876,0.0,0.038864303,0.0031039633,0.0041529685,0.0009161865,0.0,0.065645896,0.13204779,0.0033232535,0.0,0.117866255,0.27998337,0.1380381,0.0,0.15106247
99999E00016883,6,False,DO,DO.01,False,0.0026237466,0.010060335,0.008444061,0.0,0.011187265,0.0,0.027388863,0.0,0.011220367,0.00089952914,0.6833025,0.005320895,0.005325213,0.015589918,0.016768662,0.06557496,0.0012852473,0.13500854
99999E00016906,3,False,DO,DO.01,False,0.016259074,0.022504365,0.009437733,0.010494864,0.11959776,0.029126167,0.023213947,0.0029075316,0.013232999,0.35429874,0.12659204,0.018398594,0.031250026,0.0,0.004167905,0.0320401,0.0,0.18647808
99999E00016963,6,False,DO,DO.01,False,0.0154970195,0.03988596,0.0,0.015870806,0.12107177,0.005685723,0.0037819697,0.006730465,0.03404469,0.0582804,0.33183587,0.0032526327,0.0041720066,0.0024980963,0.0,0.19943677,0.067183934,0.0907719
99999E00017047,3,False,DO,DO.01,False,0.04719206,0.22268716,0.034342505,0.063049346,0.081341356,0.022399247,0.043409497,0.17335714,0.012089991,0.079887286,0.020562744,0.0012250005,0.0146243125,0.0,0.0,0.02163769,0.120832846,0.041361857
99999E00017089,6,False,DO,DO.02,False,0.016620537,0.0040010777,0.13893187,0.50034547,0.007151002,0.037070163,0.0035034127,0.23653123,0.02296576,0.022683263,0.0,0.0,0.003591968,0.0,0.0,0.0017330439,0.004871259,0.0
99999E00017174,4,False,74,74.20,False,0.4318655,0.03585282,0.021902075,0.0,0.010467472,0.0,0.002077924,0.0,0.0042810533,0.032363124,0.41979203,0.0,0.0,0.0,0.0,0.0020450174,0.011271674,0.02808127
99999E00017216,6,False,DO,DO.01,False,0.05636305,0.2807718,0.010660328,0.0102451,0.004746324,0.025246724,0.021135245,0.0,0.0350976,0.04598654,0.093745604,0.0,0.0,0.0,0.0060838154,0.054808944,0.031792574,0.32331648
99999E00017239,6,False,DO,DO.01,False,0.006032742,0.020642005,0.0019028025,0.0037286642,0.013009488,0.010004657,0.014016819,0.0,0.08591849,0.10838872,0.47879604,0.0020075603,0.0080154445,0.0,0.0,0.0017270228,0.048708193,0.19710134
99999E00017253,6,False,DO,DO.01,False,0.015189934,0.06548002,0.011153075,0.0,0.011925097,0.0,0.010027119,0.0048939814,0.001597723,0.094154805,0.52783513,0.051692296,0.07505894,0.0,0.0,0.011675466,0.030455803,0.08886063
99999E00017284,6,False,DO,DO.01,False,0.013525992,0.0181777,0.0,0.0046694903,0.01526979,0.014200514,0.0,0.0037199445,0.012519545,0.036010437,0.547811,0.0050725434,0.012662983,0.0022582836,0.011276007,0.05073136,0.011367287,0.2407271
99999E00017287,6,False,DO,DO.01,False,0.0,0.03696974,0.0,0.011191042,0.07662415,0.007927914,0.0,0.017620882,0.13575348,0.028366953,0.028277962,0.0,0.022226343,0.0,0.0,0.15995252,0.23123702,0.24385196
99999E00020066,6,False,DO,DO.01,False,0.06960496,0.019945124,0.0,0.033945743,0.07871884,0.02624091,0.05277066,0.018805403,0.0637112,0.109151736,0.09266091,0.0,0.004067088,0.007115451,0.0,0.15192641,0.16765223,0.10368341
99999E00020211,6,False,DO,DO.01,False,0.0033151736,0.03508801,0.023749756,0.024586502,0.042651918,0.006941534,0.021203559,0.021162067,0.042130508,0.018773537,0.34437698,0.038169447,0.025157703,0.061933037,0.0064768284,0.14152625,0.0504136,0.09234357
99999E00020341,4,False,53,53.10,False,0.0,0.0,0.019488702,0.0022818253,0.002877526,0.012815134,0.0018566797,0.0,0.0,0.56172097,0.39756033,0.0,0.001263464,0.00013531465,0.0,0.0,0.0,0.0
99999E00020372,6,False,DO,DO.01,False,0.026822474,0.04145649,0.049944915,0.027941445,0.1512444,0.006460298,0.015082041,0.08338286,0.10627802,0.12235664,0.076531366,0.016246906,0.054678682,0.0,0.0,0.08116459,0.022361895,0.11804686
99999E00020380,3,False,47,47.71,False,0.828651,0.03319566,0.0124807255,0.020806618,0.0011287587,0.01863852,0.014917428,0.0054276204,0.0016438054,0.015778368,0.04260547,0.0,0.0,0.0,0.0,0.00029590764,0.0,0.004430153
99999E00020392,6,False,DO,DO.01,False,0.013790368,0.013992287,0.00501107,0.0056019397,0.14219487,0.005378619,0.04073092,0.018336808,0.0077498513,0.25973913,0.11344758,0.02313014,0.06642553,0.0,0.004123991,0.13836181,0.01116697,0.13081822
99999E00020425,3,False,74,74.10,False,0.16052398,0.0,0.090535134,0.04527333,0.2995871,0.084550306,0.20462339,0.011854374,0.01963945,0.083412915,0.0,0.0,0.0,0.0,0.0,0.0,0.0,0.0
99999E00020434,4,False,16,16.23,False,0.0,0.0,0.0,0.0,0.0,0.18004337,0.0,0.0,0.0,0.6174855,0.20247114,0.0,0.0,0.0,0.0,0.0,0.0,0.0
99999E00020458,4,False,91,91.04,False,0.07487717,0.0,0.007463818,0.0020361724,0.0010649234,0.16112709,0.0,0.0,0.0010508297,0.3300221,0.40973026,0.0,0.0021234073,0.0,0.0038242475,0.0,0.0,0.006680039
99999E00020477,6,False,DO,DO.01,False,0.03834767,0.037304122,0.07340753,0.028349051,0.053813044,0.029620836,0.024551036,0.024021173,0.079529546,0.11199268,0.19268769,0.08227882,0.16560927,0.0,0.0,0.0068674022,0.031298827,0.020321386
99999E00020491,6,False,DO,DO.01,False,0.048581906,0.26157635,0.035762426,0.014774541,0.0,0.0,0.0024282027,0.010864422,0.0,0.0019639875,0.19406873,0.0,0.0,0.0,0.056580693,0.2381424,0.13525625,0.0
99999E00020513,6,False,DO,DO.01,False,0.14681625,0.02605228,0.0,0.003623253,0.057429336,0.058850612,0.051125903,0.0057896418,0.02776048,0.13898702,0.2992242,0.0,0.0076290714,0.009855516,0.008928016,0.04184423,0.0054093013,0.11067491
99999E00020516,4,False,DO,DO.02,False,0.0078097126,0.010481392,0.0024419099,0.0,0.010518057,0.0029405584,0.00032021044,0.0009704087,0.0017501578,0.2197108,0.65929365,0.009342322,0.013233734,0.0,0.0,0.007787713,0.000923966,0.0524754
99999E00020529,4,False,64,64.19,False,0.0,0.0,0.0,0.0,0.0,0.0,0.0,0.0,0.0,0.66187346,0.33812657,0.0,0.0,0.0,0.0,0.0,0.0,0.0
99999E00020570,6,False,DO,DO.01,False,0.018985987,0.020054929,0.0,0.005909828,0.13420388,0.002275509,0.03960401,0.024863336,0.028150544,0.13629346,0.20314349,0.0,0.010257857,0.0,0.0027143718,0.10741012,0.04014802,0.22598465
99999E00020571,3,False,96,96.02,False,0.002218554,0.0,0.0661833,0.034820043,0.13742355,0.37226823,0.02638968,0.0053226775,0.0056219045,0.0021551468,0.34649128,0.0,0.0,0.0,0.0,0.0,0.0,0.0011057148
99999E00020774,6,False,01,01.41,False,0.0,0.111457035,0.032441832,0.0049657854,0.010805621,0.0,0.0036195456,0.01064745,0.025166288,0.0,0.0,0.7518629,0.04508891,0.0,0.0,0.001272519,0.0026721521,0.0
99999E00020814,6,False,DO,DO.01,False,0.00862464,0.03637838,0.0034869432,0.0,0.0059012603,0.0,0.0029815366,0.010573546,0.010584456,0.009722718,0.781857,0.0,0.029211784,0.003112433,0.0,0.02259423,0.022350617,0.05262048
99999E00020823,6,False,DO,DO.01,False,0.03932574,0.068130404,0.018297479,0.010224724,0.14123955,0.04252589,0.0080961455,0.003385071,0.044353917,0.20058908,0.16960971,0.0058612037,0.023618042,0.0,0.0,0.05394598,0.008184634,0.1626125
99999E00020859,4,False,55,55.10,False,0.002490871,0.0,0.0,0.0,0.0039590066,0.0023233837,0.0019141699,0.0,0.0,0.8222957,0.12718533,0.0,0.0,0.0,0.0,0.0,0.0,0.039831582
99999E00020882,6,False,DO,DO.01,False,0.027926192,0.07756395,0.0033384885,0.0063449834,0.14282902,0.01710419,0.0016358593,0.0049006892,0.068262815,0.30840135,0.10480628,0.0,0.0012683608,0.0,0.0,0.034355696,0.016425364,0.18483675
99999E00020886,6,False,DO,DO.01,False,0.061333332,0.0725596,0.016334048,0.054766595,0.067840114,0.005153462,0.0036488222,0.06863383,0.019383298,0.00661813,0.23110351,0.0033004994,0.027962884,0.004528194,0.03184297,0.18208708,0.05799286,0.08491078
99999E00020896,5,False,DO,DO.01,False,0.038810886,0.09230792,0.0108330995,0.02150096,0.06594746,0.0,0.037458938,0.012948646,0.08661973,0.031099783,0.050332475,0.0,0.027401958,0.008970416,0.0154697765,0.2202847,0.006166379,0.27384683
99999E00020897,6,False,DO,DO.01,False,0.031686038,0.06373976,0.008805582,0.03471676,0.024886519,0.022285666,0.009716691,0.018589864,0.047507428,0.094590396,0.2910736,0.0,0.011214478,0.0024197102,0.02207749,0.094447106,0.015802465,0.2064405
99999E00020935,3,False,DO,DO.01,False,0.013742635,0.014818273,0.0,0.099880554,0.017514613,0.07750673,0.023069654,0.028007144,0.028323168,0.43195078,0.044550497,0.024690356,0.0,0.0,0.0,0.0,0.0,0.19594564
99999E00020964,4,False,77,77.21,False,0.0018107222,0.0063873716,0.017130833,0.010099793,0.030196397,0.090547994,0.002409314,0.0018301418,0.017733427,0.050941493,0.11096567,0.0372904,0.5486748,0.009990808,0.0036684042,0.034114074,0.0018852224,0.024323113
99999E00020974,5,False,DO,DO.01,False,0.0,0.0,0.0,0.017625736,0.03738106,0.020389669,0.0,0.0,0.019166289,0.0,0.07435432,0.12319891,0.0362483,0.0,0.0,0.45731762,0.0,0.21431808
99999E00021041,4,False,DO,DO.01,False,0.0,0.008155003,0.0,0.0,0.0,0.009172232,0.0,0.0,0.0,0.017100422,0.94249916,0.0,0.0,0.0,0.0,0.0,0.0,0.023073195
99999E00021047,4,False,DO,DO.01,False,0.013819244,0.12744987,0.0,0.05085871,0.07644011,0.007186881,0.021717656,0.009834261,0.0389137,0.0073896083,0.040762097,0.0,0.0,0.0,0.05507623,0.31114662,0.097398534,0.14200649
99999E00021072,3,False,DO,DO.01,False,0.035039358,0.010824182,0.020840926,0.030419094,0.016978726,0.4303264,0.010999902,0.016304165,0.0030482267,0.09349227,0.21113436,0.0016090687,0.012846409,0.0,0.0,0.040427852,0.007993789,0.057715174
99999E00021087,6,False,DO,DO.01,False,0.02188686,0.023104558,0.031352863,0.019718574,0.0731229,0.10124336,0.011872229,0.005217756,0.080781184,0.45665243,0.0121525545,0.0009915866,0.020202542,0.0,0.0,0.01030698,0.0032529165,0.12814078
99999E00021135,3,False,25,25.62,False,0.0072290795,0.0005993387,0.009641646,0.018889818,0.0034773815,0.8956836,0.01519846,0.001935428,0.0041142423,0.005305821,0.03588883,0.0,0.00023780871,0.0,0.0,0.0,0.00019673727,0.0016017861
99999E00021382,6,False,DO,DO.01,False,0.13665754,0.13039511,0.0060627726,0.020208996,0.08635046,0.01894286,0.026745195,0.013236074,0.18180685,0.13900778,0.019717222,0.0033315888,0.007974821,0.0037580382,0.0,0.02682373,0.0032625936,0.17571837
99999E00021391,5,False,DO,DO.01,False,0.06255252,0.085890934,0.0,0.05727062,0.0,0.0,0.0,0.07154575,0.16047779,0.0,0.04462607,0.0,0.028890401,0.0,0.0,0.11533152,0.25246087,0.120953545
99999E00021518,5,False,DO,DO.01,False,0.050972346,0.086844355,0.0,0.017137988,0.038893625,0.024118697,0.029526617,0.011257459,0.0,0.33580232,0.08862633,0.043557763,0.06471682,0.0,0.0,0.033338502,0.096652985,0.07855428
99999E00021541,4,False,53,53.10,False,0.0,0.0,0.0025415414,0.0022307965,0.0,0.055539425,0.0,0.0,0.0022085854,0.374332,0.52236855,0.0034254598,0.0,0.0,0.0,0.0017716261,0.0,0.035582
99999E00021609,3,False,41,41.20,False,0.021646896,0.004347517,0.005212238,0.015272192,0.030329267,0.1889295,0.034569535,0.006685381,0.007444713,0.21033303,0.22653477,0.13220969,0.067279615,0.0,0.0,0.0,0.0032534197,0.045952253
99999E00021618,3,False,47,47.78,False,0.66888446,0.09009015,0.011958104,0.0038780943,0.005786144,0.008537787,0.0010085482,0.0,0.0,0.009265691,0.010810619,6.1442835e-05,0.0,0.0,0.0025678677,0.0144346375,0.00045833032,0.17225803
99999E00021646,3,False,47,47.74,False,0.0060734167,0.14883846,0.08913639,0.22211131,0.020637695,0.042813063,0.01015327,0.015853584,0.006638591,0.040307313,0.15848617,0.0,0.0,0.006021534,0.0,0.188617,0.03416214,0.010149958
99999E00021715,4,False,DO,DO.01,True,0.001322246,0.12370346,0.0,0.21802367,0.00088149746,0.0,0.0022331267,0.007433961,0.0025563424,0.0,0.018144153,0.009490789,0.0023359682,0.12459965,0.31833807,0.13085829,0.005274293,0.034804456
99999E00021731,6,False,DO,DO.01,False,0.02998036,0.12110579,0.0764718,0.011718491,0.1189026,0.0,0.0023208936,0.042747114,0.01334422,0.021182295,0.10789398,0.022947792,0.05739339,0.0,0.004711672,0.14056304,0.13677825,0.0919383
99999E00021796,5,False,DO,DO.01,False,0.0828376,0.08797838,0.034687236,0.09117259,0.10713574,0.13422802,0.013391968,0.052535288,0.0,0.15018485,0.0,0.0,0.0030345009,0.0,0.0,0.094056875,0.0,0.14875695
99999E00021801,5,False,01,01.4,False,0.0,0.0026251094,0.04425184,0.42785114,0.040251676,0.03737656,0.077482395,0.21382143,0.0,0.0030417934,0.08292012,0.0,0.0,0.0,0.0,0.0,0.0,0.07037794
99999E00021816,6,False,DO,DO.01,False,0.028481176,0.0150801055,0.056389753,0.045897935,0.14820176,0.02189096,0.03246135,0.016049854,0.08284963,0.023195442,0.07541667,0.0016338304,0.00730488,0.011747866,0.013263302,0.14608899,0.12498588,0.14906067
99999E00021846,6,False,DO,DO.01,False,0.008634526,0.019807506,0.0,0.001766834,0.03951419,0.0,0.0052236393,0.0073178858,0.020076023,0.12188259,0.65118605,0.0,0.0085097505,0.0,0.0,0.0095538795,0.01948608,0.08704102
99999E00021870,6,False,DO,DO.01,False,0.050905686,0.049975533,0.024001803,0.020339029,0.11564258,0.08928293,0.051709015,0.030980816,0.039855447,0.24198425,0.06579985,0.01683051,0.06338172,0.000808488,0.0042808857,0.055750642,0.008634554,0.06983631
99999E00021881,4,False,55,55.10,False,0.0,0.0,0.0,0.0,0.0011674428,0.0,0.0,0.0,0.0,0.707468,0.11982264,0.0,0.0,0.0,0.0,0.0,0.0,0.17154199
99999E00021886,4,False,56,56.30,True,0.002122264,0.002606595,0.0003970143,0.0020229106,0.0,0.0031732542,0.0,0.00044735594,0.0,0.6664466,0.107886136,0.06645088,0.06506132,0.0035190627,0.009170896,0.00471762,0.0006670771,0.06531098
99999E00021915,3,False,DO,DO.02,False,0.0432713,0.0032388938,0.00598575,0.003661999,0.01679585,0.01759452,0.005466139,0.0,0.00712338,0.34562084,0.4001239,0.0019672015,0.0,0.0,0.006218695,0.0037794227,0.0,0.13915215
99999E00021930,4,False,DO,DO.02,False,0.010748542,0.0037100846,0.0,0.0,0.017128594,0.0037121042,0.0,0.0038130863,0.0017793056,0.097102426,0.7610601,0.01964103,0.010282003,0.0,0.0,0.0042917416,0.0,0.066731036
99999E00021956,6,False,DO,DO.01,False,0.039902262,0.059543714,0.035839766,0.02772808,0.1202911,0.06421802,0.017439457,0.011417119,0.037877444,0.39282554,0.024184486,0.0063851248,0.031205373,0.0,0.0,0.04250208,0.0020640667,0.08657638
99999E00022017,4,False,DO,DO.02,False,0.0020980428,0.003408886,0.0,0.0,0.007063988,0.0031037158,0.0,0.0,0.0018622294,0.06017048,0.7889681,0.0,0.0,0.0,0.0,0.005607496,0.0,0.12771705
99999E00022043,5,False,94,94.99,False,0.24865098,0.010389194,0.15474786,0.013922864,0.041270055,0.31431058,0.007421222,0.0024487707,0.039580714,0.06689432,0.07760899,0.00014723623,0.00035388354,0.0,0.0,0.0059075304,0.0,0.016345803
99999E00022058,4,False,DO,DO.02,False,0.0,0.0,0.0,0.005607214,0.0,0.014095908,0.0,0.0,0.0,0.14615887,0.43691653,0.0,0.0,0.009342304,0.063972905,0.03369179,0.0,0.29021445
99999E00022065,4,False,56,56.30,True,0.0,0.0,0.0,0.0,0.0057919687,0.0,0.0,0.0,0.0,0.038905147,0.63560265,0.035097037,0.0013711589,0.0,0.17316222,0.00093294744,0.0,0.10913685
99999E00022087,6,False,DO,DO.01,False,0.05794501,0.027812604,0.028600294,0.04528556,0.12076012,0.018525809,0.066657394,0.020750865,0.028921647,0.120671324,0.23997952,0.0024420263,0.002835359,0.0135221975,0.031055652,0.056235302,0.007839586,0.11015983
99999E00022097,4,False,84,84.1,False,0.0,0.0,0.0,0.0,0.0,0.057097856,0.0,0.0,0.0,0.5781759,0.35182726,0.0,0.0,0.0,0.0,0.0,0.0,0.012898972
99999E00022120,6,False,DO,DO.01,False,0.029135706,0.06443832,0.0027533448,0.0,0.030798828,0.0029187307,0.006980609,0.0,0.022984676,0.24059021,0.31937343,0.007476766,0.008630499,0.0,0.0,0.06349761,0.011377228,0.18904404
99999E00022126,4,False,47,47.11,False,0.30812773,0.005174943,0.0,0.0,0.006260001,0.004437318,0.0,0.0,0.0,0.43598452,0.21483748,0.0,0.0,0.0,0.0,0.0,0.0,0.025177987
99999E00022146,3,False,DO,DO.02,False,0.0027480319,0.009591518,0.0,0.010743916,0.016036097,0.043126374,0.014077016,0.0034217425,0.0022959365,0.011727892,0.8126108,0.0,0.0042638816,0.0,0.0,0.008022481,0.0,0.0613343
99999E00022149,3,False,43,43.22,False,0.03773479,0.007888676,0.0063928333,0.030786889,0.02647232,0.3641691,0.0071363337,0.007670129,0.00044952627,0.18664682,0.09493376,0.17457122,0.052243687,0.0,0.0,0.0,0.0,0.002903824
99999E00022160,3,False,DO,DO.02,False,0.07351224,0.0043310113,0.007474719,0.0154530965,0.032221302,0.056877892,0.007579837,0.006772168,0.021949992,0.5978051,0.14183211,0.003562667,0.005981136,0.0,0.0,0.0021545403,0.0,0.022492219
99999E00022180,6,False,DO,DO.01,False,0.008315068,0.021798909,0.020555533,0.032955404,0.07558881,0.0,0.033812217,0.019973697,0.06229028,0.09852549,0.5044614,0.0,0.0029829037,0.010389352,0.0,0.06806281,0.01573945,0.02454868
99999E00022185,6,False,DO,DO.01,False,0.025684236,0.025577242,0.0088886395,0.029600265,0.0760202,0.0,0.0034211765,0.029854378,0.016158974,0.061195992,0.1634996,0.0,0.005970341,0.004012326,0.0,0.2415313,0.050587405,0.2579979
99999E00022224,5,False,DO,DO.01,False,0.02565637,0.04890846,0.02031352,0.0131541,0.12202003,0.037485443,0.0,0.025303742,0.049688514,0.06214804,0.027056199,0.0,0.015280554,0.0,0.0,0.19544148,0.16070227,0.19684131
99999E00022347,3,False,96,96.02,False,0.26174438,0.010506187,0.021423882,0.020295506,0.10431753,0.5223527,0.022631327,0.0017337031,0.0012106529,0.004594628,0.029189544,0.0,0.0,0.0,0.0,0.0,0.0,0.0
99999E00022354,3,False,47,47.11,False,0.5829468,0.000709129,0.0010337863,0.035860047,0.01635535,0.120016865,0.0035619196,0.00088504795,0.0,0.20681155,0.03098985,0.0,0.0,0.0,0.0,0.0,0.0,0.00082968
99999E00022427,6,False,DO,DO.01,False,0.0019707954,0.034429554,0.0042487313,0.001184371,0.005421933,0.0,0.0,0.0032845777,0.10108745,0.20391236,0.0011018196,0.0,0.0,0.0,0.0,0.22926539,0.019382847,0.3947102
99999E00022435,3,False,84,84.1,False,0.18314894,0.039440103,0.0034948688,0.012285086,0.18688792,0.20672,0.08279017,0.007374451,0.0,0.1477661,0.059200585,0.0,0.0,0.0,0.0,0.0058458964,0.0,0.06504597
99999E00022444,5,False,DO,DO.01,False,0.022713186,0.053948745,0.012835682,0.024699392,0.031125685,0.01744199,0.048240867,0.085542105,0.010722697,0.026716588,0.36820602,0.0,0.049012814,0.025736162,0.0,0.083567165,0.06109345,0.07839739
99999E00022490,6,False,DO,DO.01,False,0.01893959,0.067460075,0.037128128,0.02618476,0.08650908,0.0054667997,0.036354024,0.0072850287,0.027235135,0.09906201,0.046731956,0.16107325,0.042745765,0.0,0.028605158,0.07520972,0.042752407,0.1912571
99999E00022494,4,False,53,53.10,False,0.0,0.0,0.0,0.0,0.0015999322,0.009946855,0.0,0.0,0.009554216,0.5092805,0.46961847,0.0,0.0,0.0,0.0,0.0,0.0,0.0
99999E00022541,6,False,DO,DO.01,False,0.060456946,0.04118316,0.027226478,0.022318868,0.012996171,0.009600723,0.009759237,0.020312924,0.017221924,0.11549991,0.34997132,0.053528294,0.18950972,0.0,0.0,0.0036124587,0.007872807,0.058929056
99999E00022565,3,False,45,45.20,True,0.43626732,0.074642204,0.011330869,0.0012466946,0.003163693,0.31237566,0.032877307,0.018312836,0.005689369,0.03331374,0.004347077,0.0,0.030257296,0.0036760715,0.008675625,0.0025540325,0.0088724345,0.01239774
99999E00022591,6,False,DO,DO.01,False,0.020373855,0.14646424,0.0688423,0.009973704,0.025972318,0.008454738,0.0057623954,0.009886199,0.080222726,0.13668549,0.06227205,0.020818394,0.085595965,0.0,0.0015809943,0.07601437,0.029211104,0.21186912
99999E00022604,3,False,47,47.64,False,0.44146368,3.510832e-05,0.017432256,0.008002259,0.0010293564,0.5079286,0.010173123,0.009215934,0.0,0.0035815362,0.00013311906,0.0,0.0010049756,0.0,0.0,0.0,0.0,0.0
99999E00022613,6,False,DO,DO.01,False,0.022368137,0.04940431,0.022957351,0.016308613,0.12044328,0.030698266,0.0142965475,0.0027902348,0.052967027,0.21835886,0.00523686,0.018300883,0.01127639,0.0,0.0,0.25757837,0.022880906,0.13413395
99999E00022624,6,False,DO,DO.01,False,0.012585597,0.14755215,0.0,0.0057083215,0.046528503,0.0,0.016078817,0.011550821,0.077558115,0.041243188,0.2901146,0.0015214608,0.010504675,0.0023151676,0.0,0.1232497,0.13520989,0.07827905
99999E00022626,6,False,DO,DO.01,False,0.058426358,0.11770575,0.014039097,0.0026892603,0.0,0.066624254,0.0303337,0.0,0.0,0.058238395,0.16118212,0.0035856802,0.0,0.0,0.0,0.063819334,0.27417442,0.14918165
99999E00022647,4,False,DO,DO.01,False,0.007444517,0.01142842,0.009810176,0.0064265737,0.014558276,0.0,0.0,0.015367893,0.020281868,0.08494154,0.73234797,0.0,0.016092598,0.0,0.0,0.006965659,0.0,0.07433459
99999E00022705,6,False,DO,DO.01,False,0.13003914,0.19904312,0.022965984,0.0060880077,0.082018286,0.0050553433,0.030561764,0.039539658,0.03460996,0.07493885,0.09548613,0.018731277,0.038591415,0.0,0.0,0.19381501,0.026364354,0.0021517114
99999E00022763,6,False,01,01.1,False,0.2441784,0.0,0.07942186,0.09694139,0.045404777,0.0,0.0,0.0446748,0.0,0.0,0.3148405,0.0,0.0,0.0,0.0,0.0,0.006569822,0.16796847
99999E00022813,4,False,DO,DO.01,True,0.009347619,0.04310388,0.005686018,0.0,0.0,0.0,0.0,0.0022180341,0.0064631477,0.02379432,0.027018856,0.0,0.017696343,0.057546776,0.46851182,0.041339267,0.008054685,0.2892193
99999E00022827,2,False,60,60.10,False,0.0,0.0,0.0,0.0,0.0,0.0,0.0,0.0,0.0,0.0,1.0,0.0,0.0,0.0,0.0,0.0,0.0,0.0
99999E00022990,6,False,DO,DO.01,False,0.01918358,0.0029139342,0.0053159315,0.013433474,0.0816636,0.0,0.008460994,0.0024927207,0.017103432,0.042065196,0.48538712,0.0,0.0035965159,0.0021471092,0.0,0.06303731,0.014785677,0.23841338
99999E00023020,6,False,55,55.10,False,0.010946607,0.015849495,0.0046372144,0.0015347173,0.0055220476,0.0029800264,0.00070314633,0.00065158505,0.004772018,0.248333,0.07398504,0.0013507977,0.0047782906,0.0,0.0,0.012147719,0.0022142623,0.60959405
99999E00023081,6,False,DO,DO.01,False,0.00904264,0.04429051,0.0036805093,0.007167007,0.09543989,0.0024030777,0.003705997,0.002971607,0.0667574,0.37342504,0.0036118445,0.023378367,0.05456873,0.0,0.00097043713,0.11500156,0.044747386,0.14883807
99999E00023092,5,False,DO,DO.01,False,0.22288209,0.29403538,0.05063674,0.03574095,0.0051817144,0.0,0.029678527,0.06407344,0.009490608,0.004868866,0.020243127,0.0,0.08105927,0.022822153,0.0028655857,0.04715071,0.040515173,0.06875565
99999E00023269,4,False,DO,DO.01,False,0.0520926,0.03997192,0.0029455635,0.029192414,0.023351425,0.0,0.034356553,0.0051766713,0.013374111,0.029950738,0.23701131,0.0,0.01747283,0.07535629,0.0,0.13852295,0.0754691,0.2257555
99999E00023291,5,False,01,01.4,False,0.158372,0.16692446,0.036393415,0.06999668,0.01801474,0.03845571,0.06111061,0.004700816,0.011281959,0.025050798,0.08315895,0.0,0.06808601,0.023868015,0.011888516,0.20049737,0.0,0.022199983
99999E00023303,6,False,DO,DO.01,False,0.039257385,0.040711243,0.01291372,0.029068228,0.03594447,0.0059475238,0.03440309,0.013551504,0.02756818,0.036663298,0.146047,0.03117689,0.02777483,0.020621432,0.0041751796,0.2782556,0.03158614,0.18433434
99999E00023311,6,False,DO,DO.01,False,0.008226805,0.03380058,0.020815797,0.05922664,0.026901089,0.0,0.020692112,0.045378182,0.24164546,0.08186873,0.11366138,0.0015047138,0.005927682,0.0,0.0041883206,0.07518834,0.12228114,0.13869306
99999E00023331,5,False,DO,DO.01,False,0.0,0.02283579,0.03407086,0.020003125,0.12360244,0.015507582,0.00096192217,0.07469007,0.1544052,0.18273942,0.026801823,0.0054605016,0.01604013,0.0050933324,0.0017448115,0.115262255,0.04993802,0.15084276
99999E00023436,6,False,DO,DO.01,False,0.022980863,0.015517787,0.016012227,0.023090739,0.19599095,0.010980497,0.0,0.03522211,0.009112615,0.18050979,0.07731707,0.0,0.004899316,0.0,0.0,0.18050556,0.04732108,0.18053937
99999E00023521,4,False,47,47.30,False,0.048271887,0.004145378,0.0,0.004835276,0.0,0.0,0.0,0.0,0.0042981342,0.13162224,0.5628549,0.0,0.0,0.0,0.0047973366,0.0,0.0,0.23917492
99999E00023525,5,False,DO,DO.01,False,0.0,0.057919566,0.014993695,0.0,0.04189827,0.027558504,0.014946986,0.036947083,0.08435705,0.1051427,0.14185622,0.034378067,0.07977953,0.003736746,0.0,0.03690037,0.018590314,0.3009949
99999E00023574,3,False,47,47.78,False,0.094468735,0.0,0.029943328,0.020482775,0.023959324,0.6202087,0.039065495,0.008882807,0.0059585865,0.063255355,0.05881342,0.0,0.0,0.0,0.0,0.007735607,0.0011041285,0.026121862
99999E00023608,6,False,DO,DO.01,False,0.024292497,0.031655367,0.014171441,0.007654386,0.10368213,0.0066922447,0.010147684,0.020364745,0.016570838,0.122875914,0.24644417,0.11349626,0.08289833,0.0,0.0043825437,0.08955555,0.015733432,0.089382455
99999E00023702,6,False,DO,DO.01,False,0.027645638,0.03517598,0.009409667,0.019252114,0.032135863,0.046571687,0.008982817,0.022819864,0.0,0.055899538,0.2663353,0.0,0.0,0.015448406,0.0,0.14615574,0.026193164,0.2879742
99999E00023786,3,False,DO,DO.02,False,0.0028589414,0.0,0.014799848,0.029168606,0.0,0.0,0.0022109854,0.012533324,0.00536349,0.13234703,0.7952829,0.0,0.0,0.0,0.0,0.0,0.0,0.0054348977
99999E00023810,4,False,DO,DO.01,False,0.008633754,0.013225755,0.0,0.005346505,0.035127234,0.005510084,0.004177591,0.0022484218,0.012599181,0.14274976,0.516194,0.0015785809,0.004576333,0.0,0.0,0.020829594,0.008615787,0.21858747
99999E00023818,6,False,DO,DO.01,False,0.029849607,0.066739455,0.010194152,0.0,0.01990793,0.0,0.010137401,0.0072685773,0.023725878,0.18670672,0.2844938,0.0,0.006407037,0.021573367,0.013909767,0.13343109,0.0014893748,0.1841659
99999E00023883,6,False,DO,DO.01,False,0.01367903,0.044182006,0.043154385,0.03369637,0.048482515,0.015548142,0.023228176,0.07114453,0.08817788,0.14986245,0.0546405,0.07622836,0.17195442,0.0,0.0,0.06550423,0.025023608,0.075493515
99999E00023911,4,False,47,47.59,False,0.3946847,0.011500534,0.0,0.0,0.00023820782,0.0040436946,0.17878082,0.0,0.0,0.0018834767,0.36801827,0.00757711,0.028749583,0.0,0.0,0.0,0.0,0.0045236135
99999E00023951,6,False,DO,DO.01,False,0.05853967,0.035643898,0.033342097,0.04538143,0.23775348,0.021782251,0.026248133,0.013999026,0.07568667,0.15123697,0.14313892,0.0,0.0,0.0,0.0,0.05402294,0.018270288,0.08495415
99999E00023956,4,False,77,77.21,False,0.27351132,0.20830086,0.0,0.0057564294,0.01638326,0.072055206,0.014134832,0.00066961325,0.004458477,0.17422672,0.061369628,0.0,0.0,0.0,0.0,0.025722636,0.0029612153,0.1404499
99999E00023967,6,False,DO,DO.01,False,0.032965668,0.08859118,0.046561576,0.046315193,0.06678995,0.0,0.016211562,0.0020706202,0.0,0.11265219,0.15346979,0.001473326,0.046175826,0.007934058,0.022281567,0.15860651,0.0,0.19790101
99999E00023981,4,False,DO,DO.01,False,0.005393374,0.023004359,0.005052123,0.0011443058,0.045372438,0.003275773,0.01575298,0.0,0.02142675,0.11303978,0.41450676,0.001881114,0.016337266,0.0,0.020925658,0.047577854,0.016749771,0.2485597
99999E00023984,4,False,84,84.11,False,0.0017309786,0.0050951457,0.0,0.0,0.008339811,0.0,0.0014249434,0.0,0.0,0.17205076,0.77007073,0.0,0.0,0.0,0.0,0.01252668,0.0,0.028760944
99999E00024001,6,False,DO,DO.01,False,0.0,0.07961663,0.038857877,0.01988915,0.0665106,0.0,0.011705385,0.07027232,0.1419053,0.018288413,0.18552536,0.0031214359,0.033315327,0.0030013805,0.0,0.04844228,0.2395102,0.040038425
99999E00024065,6,False,DO,DO.01,False,0.005152681,0.0,0.009500687,0.011928526,0.054065164,0.0062060114,0.015744688,0.0035226103,0.02117365,0.04691634,0.16103855,0.004762431,0.004313471,0.0,0.0030460223,0.39416975,0.07597442,0.18248504
99999E00024099,6,False,DO,DO.01,False,0.030780576,0.025712015,0.014177942,0.0021432552,0.030543612,0.0034415266,0.0064453734,0.0,0.024474327,0.27565172,0.19341289,0.0,0.0021122084,0.0,0.0,0.037306167,0.009225345,0.34457305
99999E00024155,6,False,DO,DO.01,False,0.010598148,0.036154483,0.060289092,0.06555233,0.064095825,0.027786415,0.035766643,0.015623205,0.0718463,0.07106324,0.34096825,0.0010612903,0.013306704,0.014707356,0.015457741,0.033919133,0.0077357213,0.11406816
99999E00024238,6,False,DO,DO.01,False,0.0056380816,0.07019443,0.0,0.0023940546,0.008601556,0.0034289847,0.013896738,0.010101996,0.0,0.09558139,0.40900928,0.0037531795,0.03544531,0.0020199837,0.0,0.16434811,0.07225598,0.103330895
99999E00024304,2,False,64,64.19,False,0.0,0.0,0.0,0.0,0.0,0.0,0.0,0.0,0.0,0.005888533,0.9858646,0.0024062928,0.0,0.0,0.0,0.0,0.0,0.0058406526
99999E00024342,6,False,DO,DO.01,False,0.022197997,0.008563377,0.043351155,0.0,0.026075754,0.0,0.011389831,0.0056335176,0.027331715,0.13192557,0.42093903,0.0,0.015670443,0.0,0.0,0.0037291083,0.005125101,0.2780674
99999E00024441,4,False,55,55.10,False,0.0,0.0,0.0,0.0,0.0,0.0,0.0,0.0,0.0,0.41520512,0.58259976,0.0,0.0,0.0,0.0,0.0,0.0,0.0021951743
99999E00024469,4,False,47,47.11,False,0.0028491288,0.0,0.0018116032,0.0,0.0016639599,0.0,0.0,0.0,0.00166919,0.68865025,0.19553958,0.0,0.0,0.0,0.0,0.0005421247,0.0,0.10727418
99999E00024491,1,False,46,46.71,False,0.0,0.0,0.0,0.0,0.0,0.0,0.0,0.0,0.0,0.0,0.8836587,0.0,0.0,0.05219428,0.06414703,0.0,0.0,0.0
99999E00024503,6,False,DO,DO.01,False,0.037741452,0.051838625,0.120616585,0.033740588,0.08574644,0.023064818,0.017164396,0.010699307,0.20763582,0.30638552,0.022543414,0.0,0.008723757,0.0,0.0,0.01613392,0.0014702862,0.056495167
99999E00024514,6,False,DO,DO.01,False,0.035290223,0.013428386,0.0034818475,0.011870624,0.079726435,0.02294606,0.005556928,0.016790062,0.014102955,0.4085345,0.10043614,0.0,0.0111169815,0.0034050087,0.0,0.042550102,0.0,0.23076372
99999E00024592,3,False,52,52.10,False,0.0,0.0019068768,0.03540998,0.024258368,0.011956196,0.0064528063,0.027911205,0.009389558,0.006991881,0.010395295,0.85940605,0.0,0.0039424878,0.0,0.0,0.0019792898,0.0,0.0
99999E00024625,6,False,DO,DO.01,False,0.0120705385,0.005705821,0.1975767,0.1954969,0.07024797,0.09628624,0.0049823523,0.06973557,0.10852029,0.07242566,0.11566751,0.016893547,0.02608861,0.0014667249,0.0015517776,0.003330247,0.0019534347,0.0
99999E00024644,6,False,94,94.9,False,0.04769516,0.10483552,0.03356578,0.14918484,0.13956355,0.036949847,0.038205165,0.07096238,0.0049181767,0.064861864,0.11880697,0.0,0.11436567,0.0,0.0,0.047235273,0.005631751,0.023218181
99999E00024683,6,False,DO,DO.01,True,0.09865569,0.07739389,0.03139235,0.092019804,0.108806096,0.027118655,0.057944246,0.09295256,0.033801593,0.06561012,0.028657896,0.026160812,0.07253253,0.0027239956,0.056736484,0.039907318,0.028793834,0.058792293
99999E00024688,5,False,DO,DO.01,False,0.03475619,0.06668407,0.0029466746,0.0025066459,0.18220524,0.0,0.020915017,0.0072316425,0.093871765,0.02045071,0.035062697,0.0,0.0,0.0012017332,0.0006797684,0.28935373,0.20705017,0.03508394
99999E00024692,5,False,DO,DO.01,False,0.11234621,0.1392829,0.038369857,0.0201963,0.09595887,0.0022841422,0.011209102,0.022530235,0.05803091,0.039309654,0.07497215,0.0028505104,0.013437231,0.04646705,0.018316705,0.13399266,0.123275235,0.04717034
99999E00024695,5,False,DO,DO.01,False,0.032490782,0.09337457,0.09106102,0.0019567027,0.11820507,0.05464494,0.021053884,0.0,0.14082907,0.14624123,0.027935054,0.0,0.013875343,0.0,0.0,0.033817057,0.10949803,0.11501724
99999E00024726,5,False,01,01.50,False,0.0,0.19086379,0.0,0.0,0.0,0.25930235,0.38521597,0.0,0.0,0.0,0.0,0.033388708,0.0,0.0,0.07973422,0.051495016,0.0,0.0
99999E00024732,6,False,DO,DO.01,False,0.016965797,0.0672997,0.015359048,0.024981163,0.099365264,0.001737412,0.073055,0.043523088,0.0046181264,0.011492234,0.097887136,0.009726239,0.015977656,0.02375824,0.016265523,0.2917484,0.06605432,0.12018562
99999E00024797,6,False,01,01.4,False,0.26768437,0.118325815,0.02562173,0.053966887,0.009711174,0.0,0.06410808,0.029348528,0.0,0.0,0.20887983,0.0022934137,0.0065935655,0.019350676,0.024546692,0.096610054,0.03160611,0.041353114
99999E00024894,4,False,45,45.20,True,0.0406923,0.0028147977,0.001860912,0.013330701,0.0,0.23845984,0.01070738,0.0048033614,0.0,0.099269554,0.4356061,0.0009043332,0.033628915,0.01776134,0.05237215,0.008108836,0.0,0.039679438
99999E00024895,6,False,DO,DO.01,False,0.010414758,0.034494866,0.0050270073,0.045149464,0.015964355,0.013782346,0.0021410605,0.00703547,0.008607142,0.059766397,0.5993312,0.0,0.0040559247,0.0,0.0,0.0923308,0.046966832,0.054932434
99999E00024921,6,False,DO,DO.01,True,0.03627147,0.06733625,0.0023879833,0.0,0.03187386,0.0,0.002958652,0.0,0.0090648625,0.06872982,0.1031872,0.0,0.0044790604,0.007782159,0.16253246,0.09438175,0.02528309,0.38373137
99999E00025005,4,False,56,56.30,False,0.0011575614,0.0016502228,0.0006031108,0.0017619578,0.0,0.0,0.0,0.0010855811,0.0,0.017572844,0.66915315,0.0,0.0,0.0,0.0,0.0,0.0,0.30701554
99999E00025021,4,False,85,85.3,False,0.0044083903,0.0,0.0,0.0,0.0,0.017506836,0.001328158,0.0,0.0,0.5120902,0.44368574,0.0,0.002278174,0.0,0.0,0.0,0.0,0.018702585
99999E00025028,6,False,DO,DO.01,False,0.009561137,0.043796737,0.020970244,0.01910083,0.1273188,0.0020537595,0.010602501,0.012052812,0.10877891,0.1047978,0.010619055,0.0,0.013984677,0.0,0.0,0.34376755,0.040159862,0.13243534
99999E00025118,6,False,DO,DO.01,False,0.048887253,0.08018768,0.06500949,0.011428003,0.07879881,0.0,0.02567397,0.0027706402,0.069334626,0.1696195,0.09660567,0.0063883252,0.025946066,0.0,0.00018928372,0.049862064,0.06200698,0.20729169
99999E00025124,4,False,84,84.1,False,0.015677975,0.056697242,0.008029074,0.020942375,0.045973305,0.012471728,0.018470403,0.0016611587,0.0,0.07867921,0.34360504,0.0,0.01264331,0.0046983454,0.0,0.24456884,0.027032733,0.10884922
99999E00025140,6,False,DO,DO.01,False,0.060803935,0.0532736,0.009913656,0.027107611,0.03640948,0.00484378,0.06356497,0.053853467,0.0046788626,0.026634142,0.448575,0.012605531,0.019731555,0.028791366,0.0,0.053090062,0.01931394,0.07680889
99999E00025146,3,False,96,96.02,False,0.034152243,0.037770268,0.006646865,0.01063947,0.0027966776,0.338,0.02884763,0.008184209,0.0039545624,0.0012310456,0.053898726,0.24854925,0.20013659,0.001348102,0.0,0.007894494,0.013042059,0.0029078815
99999E00025199,6,False,DO,DO.01,False,0.039419886,0.0464566,0.010443409,0.028637767,0.036212,0.0,0.046262708,0.03104061,0.0011584699,0.036356807,0.3800959,0.0,0.011157635,0.0,0.0,0.21039236,0.027302582,0.095063254
99999E00025218,6,False,DO,DO.01,False,0.100963235,0.04662021,0.07840164,0.071242236,0.03706277,0.010895962,0.035781786,0.045179646,7.707615e-05,0.07512753,0.031398218,0.0076620197,0.098175466,0.016212044,0.012517817,0.1792422,0.11080836,0.04263179
99999E00025221,6,False,DO,DO.01,False,0.126349,0.08912289,0.010959928,0.006739558,0.07803266,0.0,0.036335707,0.00620966,0.015429319,0.0057043745,0.1954892,0.024172649,0.02637911,0.030553149,0.0,0.21389522,0.02266403,0.11196354
99999E00025224,5,False,DO,DO.01,False,0.18614137,0.0021480701,0.012253337,0.022721674,0.014445974,0.0783114,0.04808819,0.0005582447,0.008537725,0.22221713,0.31334585,0.0,0.0,7.4919284e-05,0.0,0.010300057,0.0,0.080855966
99999E00025235,6,False,DO,DO.01,False,0.018667368,0.07285322,0.019703044,0.028135858,0.04162103,0.0031513264,0.006424092,0.04466161,0.02718878,0.118025035,0.12942243,0.091626376,0.04743258,0.0,0.00582644,0.06738079,0.02959161,0.24828838
99999E00025239,5,False,DO,DO.01,False,0.010612823,0.065355614,0.0,0.032723863,0.32302853,0.0032860537,0.019552907,0.03930191,0.1088676,0.022134809,0.0039159297,0.0008556811,0.012160774,0.0045190663,0.0056064944,0.20167334,0.08054396,0.06586071
99999E00025265,3,False,47,47.30,False,0.0065886807,0.0,0.0,0.020809948,0.0,0.8317142,0.0,0.0015117094,0.0,0.04382014,0.07460174,0.0,0.0021334821,0.0,0.0,0.0011740549,0.0,0.017646052
99999E00025284,6,False,DO,DO.01,False,0.0060745976,0.06087748,0.027677227,0.08847069,0.022329535,0.0,0.013584744,0.14819023,0.0,0.014592916,0.29280072,0.00025934845,0.037799124,0.0,0.003042778,0.23887818,0.0,0.0454225
99999E00025316,5,False,DO,DO.01,False,0.0,0.08524701,0.037485335,0.035379328,0.1455329,0.023856288,0.0138363745,0.011351173,0.053081267,0.14882559,0.12975693,0.024925658,0.031497393,0.0,0.07054859,0.037021577,0.040308803,0.111345716
99999E00025330,6,False,DO,DO.01,False,0.010759314,0.01983079,0.053214997,0.040273488,0.076605834,0.01623187,0.014222675,0.03075647,0.013796094,0.19713812,0.2811655,0.0014299933,0.011481183,0.0,0.0005232723,0.111678354,0.0038885202,0.11700351
99999E00025359,6,False,DO,DO.01,False,0.0052165003,0.08320318,0.00804228,0.0058893384,0.07358304,0.0,0.023870204,0.013153333,0.02220225,0.071642034,0.051969822,0.09228178,0.28044522,0.0,0.0037290645,0.03569427,0.037909713,0.19116798
99999E00025495,4,False,56,56.10,False,0.0,0.052677996,0.0020973294,0.0,0.016063971,0.0,0.0,0.0,0.023558253,0.21206918,0.09756642,0.0,0.0,0.0,0.0,0.0,0.0,0.5959669
99999E00025501,3,False,DO,DO.01,False,0.010254651,0.0018849794,0.0016464464,0.0017770716,0.022041027,0.009167054,0.014685688,0.0066539375,0.0047939476,0.8690266,0.02722628,0.0,0.026887791,0.0,0.0,0.0022728795,0.0016816583,0.0
99999E00025570,6,False,DO,DO.01,False,0.02200011,0.023350675,0.038479358,0.01064318,0.10178176,0.025761176,0.009489217,0.018570805,0.044684052,0.2749319,0.1637806,0.0,0.008458663,0.0048402376,0.019899467,0.041721143,0.0014173456,0.19019036
99999E00025582,5,False,DO,DO.01,False,0.16834614,0.08527757,0.0,0.15729164,0.0,0.07784211,0.0,0.034902517,0.0,0.0,0.035560522,0.0,0.030766478,0.0,0.0,0.18864092,0.18091404,0.040457968
99999E00025583,6,False,DO,DO.01,False,0.010604895,0.031618435,0.0,0.014512225,0.09513709,0.0,0.03958909,0.02227405,0.012147196,0.010572186,0.4976576,0.0,0.015435592,0.0,0.0,0.1282148,0.045340635,0.076896176
99999E00025614,6,False,DO,DO.01,False,0.028622001,0.30474603,0.027224623,0.035315793,0.042691737,0.0056332015,0.011452148,0.038079526,0.022835715,0.09646046,0.044177707,0.0014414692,0.010653647,0.0,0.0,0.0628421,0.09242916,0.17539468
99999E00025618,4,False,DO,DO.01,False,0.0,0.053339504,0.011628243,0.0,0.0009834833,0.0,0.0,0.0,0.0033843394,0.03824014,0.86213875,0.0,0.0035578953,0.0,0.0,0.0,0.0,0.026727604
99999E00025634,6,False,DO,DO.01,False,0.01087832,0.030278323,0.00027179226,0.051932216,0.021183224,0.005144166,0.03612517,0.021789785,0.0053894417,0.064348474,0.29400632,0.0,0.01574075,0.0,0.0,0.053118818,0.0,0.38979322
99999E00025637,6,False,DO,DO.01,False,0.029924652,0.0044811955,0.09177302,0.0,0.10130174,0.0,0.00033393965,0.07886373,0.017809505,0.4110001,0.0566508,0.041640904,0.13213946,0.0,0.0025992398,0.019886335,0.003770316,0.007825166
99999E00025654,5,False,DO,DO.01,False,0.06436219,0.10680832,0.051733464,0.019051556,0.30698603,0.0,0.108248554,0.04429945,0.07611053,0.0082649775,0.0506186,0.0035327913,0.0055679344,0.00870518,0.00074005197,0.06483908,0.01639598,0.06373538
99999E00025690,6,False,DO,DO.01,False,0.0,0.05262348,0.015247853,0.0075512365,0.054261148,0.0,0.014332811,0.0113354055,0.0068328856,0.023761168,0.30603033,0.0017317388,0.0054688742,0.0,0.012485623,0.13175325,0.08577024,0.27081403
99999E00025698,3,False,77,77.39,False,0.6007799,0.007327484,0.03316977,0.027743643,0.0063395905,0.2861817,0.0074802856,0.004013241,0.0051284186,0.0005100471,0.004460406,0.0034202621,0.004396916,0.0026741778,0.0,0.0036316933,0.0027425282,0.0
99999E00025714,4,False,DO,DO.01,False,0.027194487,0.011526979,0.027474547,0.016532427,0.013569534,0.0050856066,0.004231573,0.030383011,0.0072122784,0.06983184,0.6855217,0.00038495834,0.0190114,0.0,0.021964397,0.003459677,0.0064542373,0.050161358
99999E00025765,6,False,DO,DO.01,False,0.019382922,0.030839352,0.025988663,0.022725785,0.022627952,0.006695642,0.023657186,0.017792467,0.023312125,0.0446808,0.57802975,0.09019847,0.06592851,0.0,0.0029363255,0.007342797,0.015515195,0.0023460195
99999E00025773,4,False,DO,DO.01,False,0.0016373767,0.0013448012,0.0,0.0023249106,0.008387913,0.012582616,0.0012588595,0.0013915087,0.0019340625,0.014060066,0.8709574,0.0009524586,0.0,0.0,0.0016100996,0.0069369925,0.00799968,0.06662128
99999E00025801,6,False,DO,DO.01,False,0.05972799,0.04289445,0.020272097,0.029482065,0.06625746,0.01871197,0.04445867,0.057007574,0.047665577,0.31010804,0.0508759,0.013034377,0.109183975,0.0,0.002814574,0.043998443,0.0016382526,0.08186862
99999E00025804,4,False,56,56.30,False,0.0,0.0,0.0011531505,0.0,0.0,0.0,0.0,0.0,0.0,0.520426,0.07201258,0.0,0.0,0.0,0.0005832455,0.0,0.0,0.40582502
99999E00025817,4,False,56,56.10,False,0.00018550934,0.0,0.022600377,0.00022904098,0.014281759,0.001314563,0.00039316903,0.0,0.0052647893,0.9174427,0.019939179,0.0,0.0,0.0001699733,0.0,0.0,0.0,0.018178992
99999E00025846,6,False,DO,DO.01,False,0.0,0.06613194,0.0022263904,0.0117937075,0.014936444,0.0,0.0021259235,0.04730268,0.030618774,0.09786225,0.46929473,0.0,0.0013347744,0.0,0.005879852,0.0035450459,0.0016770241,0.24527036
99999E00025868,6,False,DO,DO.01,False,0.016571226,0.018905656,0.023711203,0.026142756,0.00045681477,0.022168107,0.00045321786,0.030523859,0.053760264,0.02778297,0.28705955,0.012215299,0.03633296,0.051763944,0.019862453,0.23126696,0.01751363,0.12350904
99999E00025894,6,False,DO,DO.01,False,0.051417835,0.059662662,0.030454407,0.03691566,0.0975415,0.037161488,0.013460883,0.012348906,0.004832462,0.16196308,0.16076292,0.00091790187,0.003163419,0.0,0.005644941,0.15130956,0.029613895,0.1428285
99999E00025903,5,False,DO,DO.01,False,0.09345505,0.06917878,0.004527565,0.0,0.06175583,0.12305724,0.005482273,0.0,0.055973385,0.20066579,0.14220975,0.0,0.006203515,0.002099106,0.0,0.050132576,0.035251223,0.15000792
99999E00025913,6,False,DO,DO.01,False,0.0441317,0.04484141,0.029928198,0.011233936,0.12134211,0.04848896,0.03887469,0.004679979,0.029776493,0.16911392,0.071556754,0.0075055636,0.0076969885,0.0,0.0023577805,0.08684289,0.027346445,0.25428227
99999E00025915,4,False,64,64.19,False,0.0,0.0,0.0,0.0,0.0,0.0,0.0,0.0,0.0,0.77035767,0.22964233,0.0,0.0,0.0,0.0,0.0,0.0,0.0
99999E00025950,4,False,55,55.10,False,0.038180254,0.0,0.0,0.001625925,0.0019931975,0.0038270038,0.0011955776,0.0,0.0,0.8641488,0.0789854,0.0,0.0,0.0,0.0,0.0,0.0,0.010043836
99999E00025969,4,False,DO,DO.01,False,0.020244507,0.012033514,0.0,0.0018677835,0.09273577,0.0,0.058494564,0.0,0.0,0.02467571,0.092331804,0.0,0.0,0.013145538,0.06552745,0.010377899,0.0,0.60856545
99999E00025989,2,False,68,68.10,False,0.0,0.0,0.0,0.0,0.0025353932,0.0,0.0,0.0,0.0,0.0071022506,0.98581123,0.0,0.0,0.0,0.0,0.0,0.0,0.0045511094
99999E00026008,6,False,DO,DO.01,False,0.020552402,0.03441142,0.047862347,0.0195099,0.23548031,0.0076164883,0.0645976,0.0,0.05759591,0.023849199,0.09146024,0.0,0.012647221,0.040263675,0.0,0.25445026,0.0,0.089703135
99999E00026011,3,False,14,14.21,False,0.50236964,0.040707868,0.0376046,0.06367193,0.0019716052,0.22381994,0.010766815,0.029397957,0.007871691,0.021736331,0.005188553,0.012012158,0.024698703,0.0,0.0,0.0128751565,0.0025624144,0.0027446207
99999E00026039,3,False,47,47.76,False,0.6551916,0.0006041845,0.007153609,0.04717423,0.038384598,0.09742665,0.0008575015,0.0013153602,0.00027502983,0.08092171,0.051173802,0.0,0.0,0.0,0.00042827873,0.0,0.00028258216,0.01881091
99999E00026049,6,False,01,01.4,False,0.06881373,0.016473865,0.017915504,0.19571988,0.005276676,0.48770756,0.10008887,0.104679726,0.0,0.0023374131,0.0,0.0,0.00023794029,0.0,0.0,0.0,0.0,0.0007488121
99999E00026050,6,False,01,01.4,False,0.0014062854,0.0024773942,0.025590023,0.16137306,0.067654714,0.28449956,0.07577911,0.062168013,0.0038836792,0.0002550259,0.26107362,0.0,0.044760678,0.0,0.0,0.0028708626,0.0,0.0062080584
99999E00026068,3,False,55,55.10,False,0.03745222,0.08776752,0.0026687884,0.0,0.021620167,0.0052229506,0.0019183202,0.0,0.0013857961,0.10500233,0.10642462,0.0,0.0,0.0,0.0,0.0024837414,0.0,0.62805355
99999E00026083,5,False,DO,DO.01,False,0.0,0.06873981,0.04710806,0.016570553,0.33322385,0.0,0.0027617589,0.01767769,0.08831544,0.0,0.003735066,0.0,0.0030050857,0.0,0.0,0.21153611,0.0728642,0.13446239
99999E00026107,1,False,IL,IL.01,False,0.0,0.0,0.0,0.0,0.0,0.0,0.0,0.0,0.0,0.0,0.013571975,0.0,0.0,0.3545711,0.6288364,0.00056950527,0.0,0.0024510007
99999E00026112,1,False,IL,IL.01,False,0.0,0.0,0.0,0.0,0.0,0.0,0.0,0.0,0.0,0.0,0.0,0.0,0.0,0.38081548,0.61918455,0.0,0.0,0.0
99999E00026147,1,False,IL,IL.01,False,0.0,0.0,0.0,0.0,0.0,0.0,0.0,0.0,0.0,0.0,0.0,0.0,0.0,0.25107086,0.74892914,0.0,0.0,0.0
99999E00026156,1,False,IL,IL.01,False,0.0,0.0,0.0,0.0,0.0,0.0,0.0,0.0,0.0,0.0,0.0,0.0,0.0,0.25894552,0.73855823,0.0,0.0,0.0024962318
99999E00026158,1,False,IL,IL.01,False,0.0,0.0,0.0,0.0,0.0,0.0,0.0,0.0,0.0,0.0,0.0,0.0,0.0,0.32124972,0.67875034,0.0,0.0,0.0
99999E00026159,1,False,IL,IL.01,False,0.0,0.0,0.0,0.0,0.0,0.0,0.0,0.0,0.0,0.0,0.0,0.0,0.0,0.31211343,0.6878866,0.0,0.0,0.0
99999E00026160,1,False,IL,IL.01,False,0.0,0.0,0.0,0.0,0.0,0.0,0.0,0.0,0.0,0.0,0.0056304215,0.0,0.0,0.34765896,0.64671063,0.0,0.0,0.0
99999E00026161,1,False,IL,IL.01,False,0.0,0.0,0.0,0.0,0.0,0.0,0.0,0.0,0.0,0.0,7.540682e-05,0.0,0.0,0.35591012,0.6440145,0.0,0.0,0.0
99999E00026178,5,False,01,01.1,False,0.22797412,0.29143852,0.07466401,0.0018666004,0.032852165,0.0,0.0,0.0,0.029492283,0.0,0.025012443,0.0,0.0,0.0,0.0027376807,0.23419611,0.07976605,0.0
99999E00026179,6,False,DO,DO.01,False,0.020422563,0.060850378,0.017183002,0.036663383,0.08210327,0.010669466,0.06349623,0.04426538,0.014907137,0.0175659,0.2265928,0.0,0.026802732,0.00074428134,0.0,0.095453,0.23564032,0.046640195
99999E00026193,4,False,84,84.24,False,0.0,0.002113682,0.0023465245,0.0,0.045582615,0.0,0.0,0.0,0.0022980487,0.028156525,0.85498637,0.009787148,0.0026943309,0.0,0.01947346,0.002618306,0.0,0.029943062
99999E00026195,6,False,55,55.10,True,0.013076817,0.004832416,0.0052366783,0.002222411,0.009315751,0.005154776,0.0030226014,0.001070329,0.007246496,0.8183014,0.0841467,0.0,0.002910645,0.00037786562,0.0003848815,0.003069349,0.0,0.039630786
99999E00026250,6,False,DO,DO.01,False,0.028644793,0.0063609313,0.061132602,0.014946995,0.16839226,0.0010778666,0.014940489,0.06659134,0.07714662,0.113778904,0.3214385,0.015595451,0.019310512,0.005979232,0.0,0.048842322,0.013793223,0.02202795
99999E00026330,5,False,DO,DO.01,False,0.0,0.010118507,0.0,0.012268339,0.024620766,0.0,0.010026012,0.0015219804,0.022933412,0.13153219,0.012175842,0.0,0.032401647,0.0020124898,0.0,0.53818405,0.0,0.20220476
99999E00026411,5,False,DO,DO.01,False,0.09086538,0.06899203,0.0,0.05660973,0.101901636,0.0,0.079897806,0.044625744,0.089251496,0.0,0.05031213,0.0,0.0,0.023294942,0.0,0.109950475,0.014737896,0.26956064
99999E00026465,4,False,62,62.09,True,0.005982075,0.0016966552,0.005854984,0.006417699,0.009568356,0.047731154,0.0061687315,0.00263488,0.0045168195,0.044337023,0.7243469,0.0026895045,0.0049916967,0.01814002,0.052729167,0.002924747,0.0007688612,0.058500703
99999E00026471,2,False,60,60.10,False,0.0,0.0,0.0,0.0,0.0,0.0,0.0,0.0,0.0,0.0,1.0,0.0,0.0,0.0,0.0,0.0,0.0,0.0
99999E00026481,6,False,47,47.78,False,0.011887531,0.0049056583,0.014334015,0.009212319,0.019108064,0.006738797,0.0005509899,0.0035346677,0.029681992,0.085503586,0.034242768,0.005884859,0.0048308875,0.0,0.0023797136,0.103742816,0.012973784,0.65048754
99999E00026498,6,False,DO,DO.01,False,0.016378812,0.025467463,0.0,0.0039666123,0.03684481,0.0038134418,0.0035245065,0.017000671,0.017866528,0.15540013,0.23210253,0.0,0.0042229514,0.0,0.0033786148,0.073177576,0.009477906,0.3973774
99999E00026512,6,False,DO,DO.01,False,0.019514544,0.03322524,0.024527319,0.009401012,0.09144835,0.028902203,0.014939338,0.0,0.038926963,0.051385444,0.12534605,0.0,0.0,0.0,0.0,0.088836305,0.10658094,0.36696628
99999E00026517,6,False,DO,DO.01,False,0.013080243,0.020253867,0.025069974,0.025270548,0.116053656,0.002939097,0.06197925,0.013746712,0.06317992,0.04714281,0.13572791,0.006208269,0.0034527672,0.0028723709,0.0,0.08458036,0.01594235,0.36249992
99999E00026537,6,False,DO,DO.01,False,0.039521858,0.004549859,0.0,0.01844174,0.0,0.0,0.0,0.0,0.0,0.0,0.60015076,0.0,0.023341589,0.0,0.0,0.07586689,0.0,0.23812728
99999E00026566,6,False,DO,DO.01,False,0.0036481982,0.05093696,0.0037511906,0.0,0.048135914,0.0033229208,0.010498789,0.0,0.087105766,0.13810496,0.10083708,0.0030942135,0.0,0.0,0.0,0.041002527,0.08872771,0.4208338
99999E00026575,3,False,DO,DO.02,False,0.0051873797,0.006084465,0.0,0.0012140119,0.0,0.017616922,0.0,0.0,0.0,0.0031142607,0.03850264,0.0,0.0,0.0,0.00505118,0.00562479,0.0010306659,0.9165737
99999E00026577,4,False,47,47.26,False,0.058550198,0.0015873457,0.0014936605,0.001091317,0.0008549881,0.019113293,0.0010850042,0.0007502217,0.0017897598,0.85919845,0.046001196,0.0,0.0,0.0,0.0,0.0026901467,0.0,0.0057944567
99999E00026590,3,False,45,45.20,False,0.08862307,0.03262846,0.051796097,0.04785031,0.014991526,0.10969993,0.06920898,0.015289115,0.013879703,0.4020345,0.12041469,0.0018466031,0.008811108,0.0,0.0,0.0012622011,0.0,0.021663724
99999E00026591,4,False,69,69.20,False,0.003721054,0.0,0.0,0.003772727,0.0044117817,0.018635048,0.0,0.0011160827,0.003715799,0.5466387,0.3735391,0.0,0.0052686217,0.0,0.0,0.0020826925,0.0,0.037098434
99999E00026594,1,False,IL,IL.01,False,0.0,0.0,0.0,0.0,0.0,0.0,0.0,0.0,0.0,0.0,0.0,0.0,0.0,0.36492363,0.6350764,0.0,0.0,0.0
99999E00026638,5,False,DO,DO.01,False,0.0,0.1939542,0.08806227,0.0,0.0,0.0,0.0,0.0,0.0,0.0,0.5776993,0.0,0.0,0.0,0.0,0.0,0.0,0.14028418
99999E00026644,2,False,55,55.10,False,0.0,0.0,0.0,0.0,0.0,0.0,0.0,0.0,0.0,0.0,0.99804515,0.0,0.0,0.0,0.0,0.0,0.0,0.001954881
99999E00026650,4,False,41,41.20,True,0.026192127,0.012048602,0.0,0.0,0.0060972194,0.042339135,0.0068461034,0.0011445524,0.0,0.12293506,0.4033932,0.014633597,0.07144842,0.0,0.120682746,0.0015842845,0.0008170224,0.16983795
99999E00026658,4,False,55,55.10,False,0.0,0.0,0.0,0.0,0.0,0.0,0.0,0.0,0.0,0.96101576,0.033956304,0.0,0.0,0.0,0.0,0.0,0.0,0.0050279577
99999E00026701,4,False,55,55.10,False,0.0,0.0,0.0,0.0,0.0017608338,0.0,0.0,0.0,0.0,0.8820349,0.10451363,0.0,0.0,0.0,0.0,0.0,0.0,0.011690667
99999E00026709,6,False,94,94.91,False,0.0014528873,0.0050652996,0.003253446,0.0027641857,0.019275475,0.08666467,0.005893557,0.0045082723,0.0014142573,0.0699892,0.41159552,0.0,0.0009181214,0.0,0.0012114488,0.30782667,0.031992823,0.04617419
99999E00026719,4,False,55,55.10,False,0.0,0.0,0.00045809097,0.0,0.00089653744,0.0,0.0,0.0,0.0,0.031374212,0.30112395,0.0,0.0,0.0,0.0,0.0,0.0,0.6661472
99999E00026723,3,False,96,96.02,False,0.82514644,0.016425993,0.0017622592,0.0014601185,0.0012798253,0.024447758,0.0008302031,0.0008366971,0.003453768,0.0,0.0,0.0,0.0,0.0,0.0,0.0016011061,0.00089856074,0.12185735
99999E00026728,4,False,55,55.10,False,0.0,0.0,0.0015831764,0.0,0.0029166653,0.014472198,0.0,0.0,0.0,0.8792697,0.08375519,0.0,0.0,0.0,0.0,0.0,0.0,0.018003035
99999E00026731,6,False,DO,DO.01,False,0.017981831,0.023684012,0.015412794,0.046914745,0.08169051,0.0033747016,0.030591136,0.05747081,0.011348944,0.13360693,0.14623612,0.0,0.0033747016,0.01561883,0.0025946125,0.1542544,0.04031312,0.21553189
99999E00026745,4,False,56,56.10,False,0.00050607766,0.00039010824,0.00415014,0.0007458398,0.015112426,0.17049414,0.00057653367,0.00032402406,0.0005429394,0.7253724,0.073001824,0.0,0.0,0.0,0.0,0.0,0.0,0.008783624
99999E00026773,4,False,94,94.91,False,0.0,0.0,0.0,0.0,0.0,0.0019991167,0.0012044888,0.0,0.0,0.8402228,0.10991247,0.0011322899,0.0,0.0,0.0,0.0,0.0,0.045528885
99999E00026778,4,False,55,55.10,False,0.00033432443,0.0,0.0,0.0,0.0,0.0,0.0,0.0,0.0,0.6080459,0.37162486,0.0,0.0,0.0,0.0,0.0,0.0,0.019995004
99999E00026835,4,False,36,36.00,False,0.0,0.020324022,0.0019250014,0.0,0.0,0.0,0.0,0.0014935443,0.0,0.0,0.94715595,0.001515233,0.0,0.0,0.005390236,0.011852161,0.0,0.010343881
99999E00026841,4,False,DO,DO.01,False,0.001371087,0.0023872016,0.010915247,0.0115636075,0.022418434,0.0,0.008904512,0.008801681,0.022237752,0.090117596,0.5486561,0.037718832,0.040225714,0.0,0.08261147,0.03143391,0.0074422136,0.07319455
99999E00026850,3,False,16,16.23,False,0.00449759,6.4661845e-06,0.003971674,0.013211492,0.0034705447,0.9465632,0.013917025,0.0041951165,0.00035276625,4.238943e-05,0.00055860647,0.00033372696,0.0088453805,0.0,1.0417742e-05,6.4661845e-06,0.0,1.724316e-05
99999E00026858,4,False,55,55.10,False,0.0,0.0,0.0,0.0,0.000628297,0.0050250525,0.0,0.0,0.0,0.9533251,0.0340445,0.0,0.0,0.0,0.0,0.0,0.0,0.0069771074
99999E00026870,6,False,DO,DO.01,False,0.0,0.021077795,0.0,0.013452914,0.014989349,0.0,0.021145502,0.029317249,0.09459748,0.1093837,0.39921772,0.011614401,0.021822574,0.0,0.0,0.007937376,0.00899465,0.24644926
99999E00026886,3,False,14,14.13,False,0.0,0.0,0.0041416287,0.0021719325,0.014182867,0.016555982,0.0066421945,0.0,0.018248657,0.37407163,0.56232405,0.0,0.0016610753,0.0,0.0,0.0,0.0,0.0
99999E00026888,4,False,55,55.30,False,0.0,0.0,0.0,0.0,0.0,0.0,0.0052493443,0.0,0.0,0.0,0.9930738,0.0,0.0,0.0,0.0,0.0,0.0,0.0016768737
99999E00026907,6,False,52,52.10,False,0.02348713,0.029670596,0.01710272,0.016061489,0.097433,0.0,0.04470912,0.0009864322,0.106059715,0.07916574,0.527426,0.0,0.0,0.0,0.0,0.016997686,0.008608446,0.03229195
99999E00026909,6,False,DO,DO.01,False,0.03296971,0.029517364,0.022667289,0.0096795745,0.072933085,0.0015500573,0.01523855,0.004853901,0.0067218244,0.116821304,0.3663836,0.0,0.035645183,0.011584317,0.0016580583,0.067478426,0.0006308231,0.20366687
99999E00026914,4,False,55,55.10,True,0.0018718719,0.003925327,0.0,0.0023724777,0.01005689,0.0022970268,0.0018652972,0.0,0.00090478506,0.42266157,0.09486874,0.0,0.0005942152,0.0,0.014358218,0.008128976,0.0,0.43609464
99999E00026927,6,False,DO,DO.01,False,0.02922814,0.021894589,0.04041805,0.07436281,0.09686557,0.04034883,0.014188418,0.11803627,0.016844958,0.22740108,0.1813552,0.004756564,0.014377138,0.0,0.0,0.017062262,0.009791731,0.09306844
99999E00026932,5,False,DO,DO.01,False,0.120079,0.24667037,0.0,0.07451312,0.0,0.0,0.04192556,0.03272163,0.04695807,0.027529275,0.0,0.0,0.0,0.0,0.0,0.1575083,0.037687108,0.21440762
99999E00026953,6,False,DO,DO.01,False,0.0,0.010900302,0.009572575,0.0,0.017542044,0.0,0.0,0.0029955385,0.06843876,0.09188388,0.74612045,0.002589197,0.00782039,0.0,0.0,0.0092350785,0.00616086,0.026740888
99999E00026956,3,False,23,23.70,False,0.074351124,0.0015071003,0.00959675,0.02781998,0.018762607,0.6579585,0.013832318,0.004714845,0.0005658629,0.11431552,0.07464755,0.0,0.0,0.0,0.0,0.0,0.0,0.0019278047
99999E00026965,4,False,10,10.51,False,0.0,0.0,0.0,0.0,0.0,0.40795928,0.0,0.0,0.0,0.5105807,0.08145999,0.0,0.0,0.0,0.0,0.0,0.0,0.0
99999E00026975,4,False,DO,DO.01,False,0.018272974,0.018527199,0.0,0.0,0.13617761,0.006452524,0.0016522642,0.0,0.009316876,0.42661664,0.10957429,0.009458321,0.0037109465,0.0,0.0,0.025345026,0.0,0.23489535
99999E00026993,4,False,41,41.20,True,0.0060185827,0.0,0.0,0.0,0.007151083,0.01244683,0.0,0.0010792734,0.0,0.33661157,0.55727756,0.0,0.0014751146,0.0,0.0007450074,0.0,0.0,0.077194974
99999E00026996,4,False,56,56.10,False,0.0,0.0,0.0037406073,0.0,0.0028660435,0.0070367227,0.0,0.0,0.0014244056,0.9426413,0.040932566,0.0,0.0,0.0,0.0,0.0,0.0,0.00135841
99999E00027055,4,False,55,55.10,False,0.0004981576,0.0003511007,0.00035866542,0.0,0.009211494,0.0,0.0,0.0,0.0,0.51692873,0.47138292,0.0,0.0,0.0,0.0,0.0,0.0,0.0012689453
99999E00027061,6,False,DO,DO.01,False,0.012102088,0.060115073,0.031348776,0.017809106,0.1089174,0.030628588,0.023918478,0.002893325,0.068429716,0.02868317,0.06279395,0.0162884,0.025535582,0.06828233,0.074008904,0.22084269,0.0730093,0.07439309
99999E00027064,3,False,33,33.20,False,0.09595418,0.015221821,0.0077941525,0.013426646,0.0,0.20602803,0.009108707,0.007903333,0.0027195984,0.4086587,0.19367394,0.0,0.0013216357,0.0,0.0,0.0048556267,0.002312048,0.03102155
99999E00027094,3,False,47,47.72,False,0.7877173,0.00030694387,0.02401738,0.013656425,0.000789619,0.07257168,0.003859995,0.0,0.0026618985,0.07693419,0.015340788,0.0,0.0,0.0,0.0,0.0021437646,0.0,0.0
99999E00027132,6,False,DO,DO.01,False,0.0042479835,0.010618903,0.042746916,0.0031912655,0.28587216,0.0004676582,0.006785795,0.0,0.06590075,0.054452095,0.018167943,0.0,0.0,0.0,0.0,0.38214326,0.025980894,0.09942435
99999E00027159,3,False,55,55.10,False,0.19988325,0.026373036,0.009863534,0.0013272639,0.022248436,0.016516257,0.006775752,0.0017513514,0.039583437,0.47064555,0.1418286,0.04611072,0.0075756805,0.0,0.0,0.0056361672,0.0,0.0038809562
99999E00027177,6,False,DO,DO.01,False,0.08591213,0.060815047,0.014368495,0.029147109,0.056500286,0.059320856,0.013869532,0.019167865,0.023904417,0.10347452,0.104932815,0.0051314128,0.0017831615,0.014430416,0.012889555,0.14859112,0.014392724,0.23136857
99999E00027207,6,False,DO,DO.01,False,0.012969519,0.042217117,0.054664806,0.03606136,0.008002318,0.003342334,0.0043217205,0.029640334,0.029915413,0.060642984,0.041844536,0.32728124,0.21375412,0.0,0.0,0.11170563,0.00812161,0.015514943
99999E00027225,5,False,DO,DO.01,False,0.04784803,0.025478525,0.008830264,0.0014555245,0.09961937,0.014255174,0.0,0.0048857806,0.010584612,0.34712452,0.10348542,0.0,0.00096246396,0.0,0.0,0.027546639,0.0025039006,0.30541983
99999E00027227,6,False,DO,DO.01,False,0.028459236,0.038002722,0.050428346,0.029930618,0.101866014,0.025905624,0.009142051,0.021285033,0.075311534,0.14681436,0.24682969,0.015734587,0.039495405,0.0,0.0,0.020372383,0.0046869502,0.14573541
99999E00027235,6,False,DO,DO.01,True,0.03864239,0.06852688,0.024687076,0.007214017,0.046474967,0.001601718,0.008252494,0.014224362,0.03953,0.09057125,0.024161553,0.17219852,0.06627894,0.012403884,0.06931391,0.09311841,0.055356078,0.16744365
99999E00027247,6,False,49,49.41,False,0.07441027,0.021292368,0.07148744,0.06625766,0.05178661,0.014171409,0.09155738,0.025405476,0.07568246,0.063419856,0.39792547,0.0,0.008008485,0.0,0.015561799,0.0055957786,0.0018704436,0.015566984
99999E00027270,5,False,01,01.1,False,0.10483645,0.0,0.0,0.0,0.15431924,0.0,0.4540117,0.0,0.27732736,0.0,0.0044730213,0.0,0.0,0.0,0.0,0.005032149,0.0,0.0
99999E00027340,6,False,DO,DO.01,False,0.0,0.0041045444,0.00028111646,0.0019030764,0.061125986,0.0,0.0022906368,0.005565966,0.015733795,0.27674127,0.043789428,0.015708495,0.026723687,0.0010961972,0.0,0.31711087,0.0014945762,0.22633033
99999E00027379,3,False,96,96.02,False,0.46657622,0.038576793,0.05900883,0.057815395,0.004697767,0.17232361,0.04897958,0.004950466,0.021001989,0.018160107,0.10410936,0.0014689623,0.00048256913,0.0,0.0,0.0,0.0018484048,0.0
99999E00027464,2,False,36,36.00,False,0.0004083243,0.0,0.000258221,0.0,0.0,0.0,0.00038536036,0.0,0.0,0.0059640184,0.98122114,0.0,0.0,0.0,0.0028571861,0.0011508575,0.0,0.0077548106
99999E00027466,4,False,55,55.10,False,0.0,0.0,0.0010872909,0.0,0.0,0.0035051876,0.0,0.0,0.0005946058,0.87534016,0.09985597,0.0,0.002042169,0.0,0.0,0.0,0.0,0.017574599
99999E00027470,3,False,DO,DO.01,False,0.020933516,0.046192713,0.043618016,0.04001942,0.01954608,0.02922133,0.029126994,0.007213298,0.09327127,0.16283874,0.35904965,0.014962702,0.049416263,0.0,0.0,0.009458968,0.008094539,0.067036495
99999E00027473,6,False,DO,DO.01,False,0.03119465,0.06488554,0.03574954,0.008237599,0.1604045,0.015941773,0.021897908,0.017635532,0.03546909,0.26252493,0.14072305,0.0,0.040896155,0.0,0.0,0.016653454,0.006531778,0.14125447
99999E00027494,1,False,IL,IL.01,False,0.0,0.0,0.0,0.0,0.0,0.0,0.0,0.0,0.0,0.0,0.008815446,0.0,0.0,0.33179307,0.65760237,0.0,0.0,0.0017891283
99999E00027518,4,False,55,55.20,False,0.11765054,0.035601903,0.0,0.0,0.002219946,0.0,0.0,0.0,0.0029949376,0.13393246,0.30831128,0.00060292217,0.0,0.0,0.0,0.0,0.00082801137,0.397858
99999E00027520,6,False,47,47.64,False,0.113303125,0.09409654,0.015557695,0.009998378,0.05206109,0.073087685,0.0091398535,0.0025234425,0.030944292,0.4927985,0.025935909,0.008151978,0.010793741,0.0,0.0,0.009977613,0.009127525,0.04250268
99999E00027529,4,False,56,56.30,False,0.0,0.0,0.0003265953,4.2682652e-05,0.0010385332,0.0003084366,3.8122304e-05,0.0,0.0,0.96477884,0.022724723,0.0,0.0,0.0,0.0,0.0,0.0,0.010742086
99999E00027541,3,False,84,84.11,False,0.013011164,0.0,0.014683718,0.014240251,0.03328976,0.16734327,0.0670532,0.008432528,0.0021333492,0.06718162,0.43248513,0.02115753,0.15759146,0.0,0.0,0.0,0.0,0.0013970528
99999E00027550,4,False,95,95.24,False,0.41304967,0.031152058,0.009688236,0.2728461,0.0004758592,0.0063392166,0.0004038373,0.17798033,0.0,0.00025464897,0.04712035,0.0,0.0,0.0,0.014378668,0.0063726553,0.0027741303,0.01716437
99999E00027572,3,False,47,47.4,False,0.36526668,0.01398786,0.04922604,0.0025199454,0.0,0.43505508,0.003305001,0.0,0.0,0.09656628,0.022045359,0.0,0.0,0.0,0.0,0.0,0.0,0.012027718
99999E00027595,1,False,IL,IL.01,False,0.0,0.0,0.0,0.0,0.0,0.0,0.0,0.0,0.0,0.0,0.0,0.0,0.0,0.34500247,0.6549976,0.0,0.0,0.0
99999E00027675,4,False,56,56.30,False,0.00022835455,0.00041097496,0.00028891177,0.0,0.0142738,0.0009144459,0.00029737083,0.0,0.00033800586,0.07647771,0.4994881,0.0,0.0,0.0,0.0,0.00071083615,0.0,0.4065715
99999E00027686,5,False,DO,DO.01,False,0.0,0.0,0.0,0.0,0.0,0.0,0.0,0.0,0.0,0.0,0.09481481,0.0,0.094006725,0.0,0.0,0.0,0.5540741,0.25710437
99999E00027703,6,False,DO,DO.01,True,0.024409207,0.004899118,0.0004812735,0.00018510521,0.082556926,0.0026901956,0.0014314802,0.08249521,0.06461406,0.0040352936,0.003381255,0.082100324,0.007194422,0.5965817,0.016326278,0.017227123,0.008983772,0.00040723145
99999E00027729,4,False,DO,DO.01,False,0.19442299,0.3109286,0.0,0.0,0.034585476,0.011685621,0.047138605,0.0,0.0014597123,0.30720904,0.03733061,0.0,0.0,0.0,0.0,0.00081007095,0.046080958,0.008348287
99999E00027766,6,False,DO,DO.01,False,0.011970941,0.010043056,0.024458094,0.011695974,0.02284305,0.019570937,0.004429051,0.008907388,0.017006995,0.2551817,0.42779797,0.0046993494,0.058871046,0.0,0.00024902713,0.023798691,0.0073442245,0.091132514
99999E00027793,5,False,DO,DO.01,False,0.04889807,0.10297291,0.0014921946,0.008356291,0.041976582,0.0,0.039439853,0.06294765,0.004843893,0.052421946,0.04201102,0.0,0.0036960512,0.0,0.092160225,0.19586776,0.03335629,0.26955923
99999E00027801,5,False,47,47.59,False,0.0063885553,0.08473378,0.0020795227,0.0,0.59830594,0.0016814362,0.007969623,0.0005131143,0.0069569284,0.002955764,0.011433991,0.0,0.001732184,0.0,0.0,0.23982963,0.0,0.03541955
99999E00027836,3,False,10,10.51,False,0.0006319595,0.00076211087,0.0,0.0045317397,0.0028212138,0.84151125,0.0053464347,0.0,0.0,0.0208254,0.09887407,0.0,0.0077576838,0.0,0.0,0.00044089646,0.0,0.016497333
99999E00027846,3,False,08,08.11,False,0.0025714615,0.0010870394,0.00078382494,0.0061623645,0.0013484445,0.7641703,0.0,0.0019157995,0.0027250224,0.17439674,0.038114756,0.0,0.003864812,0.0,0.0,0.0005798585,0.0,0.0022795787
99999E00027851,4,False,47,47.11,False,0.0,0.0,0.0,0.0,0.0,0.0,0.0,0.0,0.0,0.9317532,0.06824677,0.0,0.0,0.0,0.0,0.0,0.0,0.0
99999E00027860,4,False,DO,DO.01,False,0.036070265,0.069621585,0.0,0.0,0.023404036,0.0,0.024794992,0.0,0.0030771713,0.0028418854,0.03827434,0.0,0.0,0.0,0.018000532,0.06574398,0.061039414,0.65713185
99999E00027905,6,False,DO,DO.01,False,0.009332321,0.02238183,0.011961384,0.011312388,0.008929692,0.0,0.022005433,0.0021351874,0.010646282,0.038919266,0.69877774,0.0,0.0,0.0,0.0,0.038318172,0.0,0.12528029
99999E00027928,3,False,18,18.12,False,0.0005554685,8.973826e-05,0.014100268,0.03403352,0.0,0.9090509,0.004567564,0.011905654,0.0,0.00078492577,0.013448243,0.0,0.01146378,0.0,0.0,0.0,0.0,0.0
99999E00027938,5,False,DO,DO.01,False,0.035446055,0.080203496,0.028835274,0.011271187,0.10616306,0.009126861,0.0123649025,0.046298344,0.02747352,0.051688794,0.13775282,0.005957512,0.0077233496,0.0,0.0,0.1934097,0.079298355,0.1669868
99999E00027950,6,False,DO,DO.01,False,0.0018508033,0.02349214,0.0070644775,0.01662458,0.028240563,0.0,0.015041092,0.0015681833,0.041860394,0.06816955,0.02321054,0.0,0.0,0.0,0.0,0.28177306,0.13599731,0.3551073
99999E00027966,6,False,DO,DO.01,False,0.12415483,0.23246503,0.02594363,0.0031625407,0.046805523,0.021789357,0.021314071,0.0035403739,0.020004572,0.10150374,0.068155505,0.021085357,0.02752133,0.0,0.0016075234,0.037672628,0.004486322,0.23878759
99999E00027990,6,False,DO,DO.01,False,0.058580033,0.051450316,0.04331695,0.026101815,0.057743847,0.0023439608,0.038515657,0.021675164,0.06711163,0.14135644,0.21197222,0.019572333,0.008076393,0.0,0.0,0.035300408,0.032574322,0.18430853
99999E00028000,6,False,DO,DO.01,False,0.03187221,0.058027722,0.059740823,0.014874937,0.021641888,0.0070363656,0.038336765,0.011928563,0.071586706,0.23131472,0.21160471,0.046137713,0.068828925,0.0,0.0,0.042659942,0.036306866,0.048101187
99999E00028037,3,False,DO,DO.01,False,0.024437089,0.061396327,0.001871126,0.009567032,0.0,0.014987001,0.0,0.0,0.0,0.042253263,0.77912164,0.0,0.0,0.0,0.0,0.016588252,0.0,0.049778253
99999E00028039,4,False,45,45.20,True,0.069261126,0.015831998,0.016186265,0.058914915,0.029724238,0.43231618,0.0392933,0.033908114,0.0,0.021059,0.026829002,0.0043410957,0.21007325,0.0009575617,0.018346095,0.009201198,0.0,0.013756773
99999E00028083,4,False,52,52.10,False,0.0,0.0,0.0,8.418266e-05,0.0,0.0,0.0,0.0,0.0,0.5426326,0.45477483,0.0,0.0,0.0,0.0,0.0,0.0,0.0025084321
99999E00028122,5,False,DO,DO.01,False,0.04176,0.0,0.047973357,0.0,0.051011864,0.0,0.0,0.0,0.042675447,0.0,0.15656103,0.0,0.0,0.0,0.0,0.21028028,0.054011416,0.39572662
99999E00028124,4,False,84,84.11,False,0.058413815,0.0044259243,0.00021135922,0.0012091554,0.012897612,0.024580587,0.034056336,0.00063582795,0.0044117384,0.061345764,0.7831294,0.0019338289,0.002406474,0.0,0.0,0.0,0.0,0.010342186
99999E00028156,6,False,DO,DO.01,False,0.034325354,0.041823868,0.042052962,0.031119477,0.07452552,0.0,0.0077934717,0.026377244,0.07503526,0.037678707,0.12603718,0.0,0.0038086781,0.0,0.03486516,0.23752263,0.105282746,0.1217517
99999E00028223,6,False,DO,DO.01,True,0.020416314,0.050940037,0.0038989955,0.002398497,0.07826883,0.0033911597,0.027994078,0.039234504,0.057733532,0.05767667,0.05612654,0.037400708,0.092443205,0.007377917,0.03429683,0.19071814,0.05025109,0.18943293
99999E00028238,3,False,DO,DO.02,False,0.0121804485,0.0,0.0070106005,0.0017948764,0.09346494,0.37615716,0.015560113,0.0,0.0033791426,0.105544254,0.3849084,0.0,0.0,0.0,0.0,0.0,0.0,0.0
99999E00028257,3,False,16,16.23,False,0.040573355,0.0,0.0049998425,0.012985902,0.0016509746,0.8416279,0.00029530976,0.004405359,0.0002649508,0.06432012,0.004427438,0.0,0.018318588,0.0005194139,0.0,0.0,0.0,0.0056108856
99999E00028312,4,False,DO,DO.01,False,0.010828161,0.010835001,0.0018370207,0.0022740425,0.024930364,0.0,0.00711589,0.0,0.01143983,0.018585902,0.3393736,0.007213274,0.0099927485,0.0,0.062428523,0.09865465,0.11060997,0.28388107
99999E00028383,6,False,DO,DO.01,False,0.04491631,0.02179016,0.012366067,0.046730604,0.05268205,0.028778512,0.015917849,0.0069383113,0.01441544,0.03761607,0.46338305,0.011496742,0.010372554,0.0,0.0,0.048068926,0.043021716,0.1415057
99999E00028387,4,False,56,56.30,False,0.0,0.0,0.0,0.0,0.0,0.0,0.0,0.0,0.0,0.5246129,0.46992373,0.0,0.0,0.0,0.0,0.0,0.0,0.0054634335
99999E00028428,4,False,47,47.11,True,0.0,0.0,0.0,0.0,0.0012271286,0.0,0.0,0.0,0.0,0.9209638,0.07780903,0.0,0.0,0.0,0.0,0.0,0.0,0.0
99999E00028456,6,False,DO,DO.01,False,0.06151246,0.06315954,0.020720378,0.040807713,0.074143976,0.0,0.016863516,0.011275558,0.019403495,0.08742807,0.25138575,0.0,0.01108799,0.0018033859,0.0,0.10957475,0.07184432,0.15898909
99999E00028466,4,False,DO,DO.02,False,0.0,0.0,0.0,0.0025619406,0.0,0.0,0.0,0.0015203409,0.0,0.0051133977,0.9781479,0.0,0.0,0.0,0.0,0.0,0.0,0.012656447
99999E00028484,5,False,DO,DO.01,False,0.0,0.028433653,0.12216342,0.1186506,0.086123586,0.025968246,0.0,0.020760765,0.097264834,0.084137425,0.16002885,0.0,0.018945064,0.015125913,0.0014476213,0.09213145,0.0,0.12881853
99999E00028502,3,False,DO,DO.01,False,0.16140792,0.073068134,0.21846294,0.15981175,0.0008804631,0.05513964,0.08394262,0.08147629,0.027072951,0.003264407,0.11275591,0.0014777364,0.0036145328,0.0034291716,0.0,0.001539523,0.011888825,0.0007671871
99999E00028503,5,False,DO,DO.01,False,0.0,0.104849406,0.0,0.0031457376,0.0040262886,0.0,0.0,0.023985451,0.011281267,0.03963757,0.03314191,0.0,0.029530372,0.0,0.0,0.043797854,0.58527946,0.12132466
99999E00028510,4,False,55,55.10,True,0.0,0.0,0.0,0.0,0.002413872,0.0,0.0,0.0,0.0,0.02528057,0.2906572,0.0,0.0,0.0,0.18752985,0.009035832,0.0023400404,0.48274267
99999E00028531,4,False,47,47.78,False,0.0008087186,0.0026063519,0.0,0.0,0.00024002076,0.0023807464,0.0012383054,0.00029407948,0.0,0.43538395,0.44231862,0.0,0.0,0.0,0.0,0.0020686474,0.0010076547,0.1116529
99999E00028532,6,False,DO,DO.01,False,0.06957559,0.07521163,0.056054484,0.02003007,0.172778,0.02969881,0.032338765,0.021857312,0.045570005,0.16064025,0.05549926,0.01918589,0.024291517,0.0037174192,0.004548286,0.05994437,0.024677299,0.12438105
99999E00028547,3,False,85,85.59,False,0.01970981,0.0,0.0,0.0,0.055143643,0.35221592,0.021748021,0.0023527658,0.0025068445,0.25525883,0.28848916,0.0,0.002575087,0.0,0.0,0.0,0.0,0.0
99999E00028557,4,False,47,47.30,False,0.0,0.0,0.0,0.0,0.0,0.0,0.0,0.0,0.0,0.0,1.0,0.0,0.0,0.0,0.0,0.0,0.0,0.0
99999E00028590,4,False,DO,DO.01,False,0.028862301,0.004068229,0.014993339,0.013305948,0.029453382,0.0,0.0306405,0.011783665,0.01018213,0.023857918,0.7818677,0.021297112,0.024899742,0.0,0.0,0.0,0.0,0.0047880937
99999E00028600,4,False,DO,DO.02,False,0.0,0.0,0.0,0.0,0.0,0.0,0.0,0.0,0.0,0.36714438,0.5678473,0.0,0.0,0.0,0.0,0.0,0.0,0.06500828
99999E00028622,4,False,56,56.10,False,0.0,0.0006564803,0.0014174877,0.0,0.022436969,0.015322124,0.0,0.0,0.0056125885,0.8327485,0.106728405,0.0,0.0,0.0,0.0,0.0,0.0007852269,0.01429215
99999E00028624,4,False,55,55.10,True,0.00024005151,0.0,0.0,0.0,0.00043761166,0.0054239924,0.0,0.00079292705,0.0048327767,0.9468748,0.03070498,0.0,0.00047424217,0.0,0.0040497403,0.0,0.0,0.006168933
99999E00028642,4,False,55,55.10,False,0.0,0.0,0.07769866,0.0026237178,0.0010435652,0.02400525,0.0,0.0,0.0146886315,0.842214,0.028843924,0.0,0.0,0.0,0.0,0.0,0.0,0.008882221
99999E00028653,3,False,47,47.78,False,0.72428024,0.011753691,0.02406478,0.006719888,0.0,0.006090801,0.00024359504,7.557928e-05,0.0,0.059744317,0.023893246,0.0,0.0,0.0,0.0,0.0044854823,0.0,0.13864836
99999E00028698,3,False,82,82.99,False,0.15152612,0.0,0.0030104946,0.0,0.0,0.5137426,0.0,0.0,0.0,0.12518777,0.08937034,0.0,0.0,0.0,0.0,0.0,0.0,0.11716273
99999E00028728,6,False,49,49.39,False,0.01630066,0.00704125,0.004925829,0.0051250267,0.19974042,0.078702375,0.022609515,0.0032136121,0.029032063,0.45665252,0.054641698,0.0,0.005553615,0.0,0.0,0.0160368,0.0020308525,0.0983938
99999E00028773,2,False,61,61.10,False,0.0,0.0,0.0,0.0,0.0,0.0,0.0,0.0,0.0,0.0,1.0,0.0,0.0,0.0,0.0,0.0,0.0,0.0
99999E00028811,3,False,DO,DO.01,False,0.0075958865,0.009818522,0.027267879,0.003612455,0.012836338,0.013653563,0.0030377093,0.0,0.020683309,0.043383334,0.8550088,0.0,0.0,0.0,0.0,0.0031022273,0.0,0.0
99999E00028816,4,False,DO,DO.01,False,0.009976516,0.0021611014,0.0038172384,0.014139937,0.035724178,0.0,0.011182154,0.024458943,0.011144304,0.032850403,0.6438328,0.0378622,0.16469513,0.0,0.0,0.0,0.0,0.008155135
99999E00028864,4,False,84,84.1,False,0.0022445899,0.0,0.0,0.0,0.0,0.0889061,0.0016954774,0.0,0.0,0.64276177,0.25037244,0.0,0.0,0.0,0.0,0.0,0.0,0.014019622
99999E00028875,3,False,47,47.79,False,0.906161,0.013644662,0.002306313,0.0014401892,0.0015367976,0.022093697,0.0,0.0001736715,0.009947301,0.0,0.04210222,0.0,0.0005941688,0.0,0.0,0.0,0.0,0.0
99999E00028884,4,False,55,55.10,False,0.0,0.0,0.0,0.0,0.0,0.0,0.0,0.0,0.0,0.12872437,0.51559407,0.0,0.0,0.0,0.0071702497,0.0,0.0,0.3485113
99999E00028886,4,False,64,64.19,False,0.0,0.0,0.0,0.0,0.0,0.010094304,0.0,0.0,0.0,0.74866873,0.24123701,0.0,0.0,0.0,0.0,0.0,0.0,0.0
99999E00028906,6,False,DO,DO.01,False,0.05310763,0.04897407,0.03518499,0.08583691,0.0915036,0.026651049,0.03253481,0.011980083,0.12343238,0.109448835,0.050742365,0.0,0.0028401255,0.0092620645,0.0,0.12981814,0.08585048,0.10283244
99999E00028952,3,False,47,47.78,False,0.25417456,0.0,0.002117852,0.03178959,0.0,0.3948406,0.0,0.0,0.0,0.3170774,0.0,0.0,0.0,0.0,0.0,0.0,0.0,0.0
99999E00028955,3,False,96,96.0,False,0.03269728,0.02697282,0.07459484,0.104338445,0.16182368,0.08204819,0.12890863,0.115183406,0.039675396,0.036079258,0.091734536,0.0,0.06862013,0.0,0.0,0.0066436464,0.00040184316,0.030277798
99999E00028961,4,False,55,55.10,False,0.0,0.0,0.0,0.0,0.0,0.0,0.0,0.0,0.0,0.6913469,0.30622196,0.0,0.0,0.0,0.0,0.0,0.0,0.002431146
99999E00029008,6,False,DO,DO.01,False,0.036450293,0.084975936,0.005114826,0.0019952792,0.12299445,0.0027472295,0.0021693301,0.001161096,0.021180985,0.2514569,0.0837659,0.005008882,0.011082501,0.0,0.0,0.09687597,0.009473162,0.2635474
99999E00029017,6,False,DO,DO.01,False,0.015381588,0.024053073,0.015422578,0.02343822,0.06361686,0.0,0.0,0.058130313,0.023087755,0.15240993,0.4361669,0.0023343943,0.0038202906,0.0,0.0,0.0018548084,0.014135485,0.1661478
99999E00029023,3,False,16,16.23,False,0.01389043,0.0,0.026997648,0.045296174,0.026992114,0.7201591,0.041910443,0.03677314,0.0042073852,0.019897213,0.029223038,0.014248441,0.020140678,0.0,0.0,0.0,0.00026416074,0.0
99999E00029035,5,False,DO,DO.01,False,0.043690346,0.07589332,0.04290445,0.055055164,0.15234609,0.0,0.07390595,0.019231744,0.057801787,0.07503284,0.04588552,0.0,0.005522566,0.0012494373,0.009571915,0.09125953,0.035570335,0.21507904
99999E00029045,4,False,DO,DO.01,False,0.021855416,0.012589413,0.0013035556,0.0,0.15738899,0.006694841,0.003191686,0.0,0.0045832363,0.1759591,0.26633716,0.008856881,0.0071911523,0.0,0.0,0.018637707,0.0037255562,0.3116853
99999E00029058,6,False,DO,DO.01,False,0.046048254,0.064951405,0.06176851,0.018205473,0.07038382,0.026289044,0.033016868,0.019531053,0.20882273,0.10138309,0.13006686,0.0022268945,0.025893068,0.0,0.0,0.0937219,0.028668672,0.06902242
99999E00029083,6,False,DO,DO.01,False,0.01905634,0.062976666,0.013147865,0.024146095,0.0,0.0,0.017386641,0.025985183,0.09331758,0.112813525,0.43930003,0.0026820032,0.029905343,0.0,0.0,0.026932959,0.058713686,0.073636115
99999E00029086,6,False,DO,DO.01,False,0.057971727,0.035674397,0.028070278,0.06619863,0.098258376,0.015067079,0.037823156,0.11541031,0.03701916,0.15899308,0.044239875,0.04395185,0.16971876,0.0,0.0,0.01513098,0.010240235,0.06623201
99999E00029111,3,False,47,47.64,False,0.7262732,0.0,0.009506965,0.009810957,0.0,0.16158105,0.022088664,0.0031163418,0.0,0.0021661548,0.044160344,0.0,0.002656108,0.0,0.005659514,0.0,0.0,0.012980795
99999E00029120,5,False,DO,DO.01,False,0.033826053,0.09760976,0.0482478,0.020338535,0.21114987,0.03643498,0.0,0.0,0.0,0.18657616,0.0,0.0,0.24393788,0.0,0.0,0.12187898,0.0,0.0
99999E00029137,5,False,DO,DO.01,False,0.0027875314,0.0294101,0.0043972223,0.016606716,0.05911523,0.03324553,0.023984846,0.01633767,0.027005501,0.2435853,0.0068920124,0.0005824236,0.024060516,0.0,0.0,0.20747045,0.031722978,0.2727959
99999E00029139,4,False,01,01.1,False,0.07155555,0.0052749636,0.093153454,0.061303727,0.10883657,0.06666595,0.1531557,0.037604563,0.0,0.014836062,0.35344073,0.0021812392,0.00018904073,0.0,0.008859466,0.0043988326,0.0028465174,0.01569765
99999E00029144,3,False,96,96.02,False,0.01805262,0.0,0.0015907354,0.036654264,0.0051829857,0.5660202,0.07608749,0.038601033,0.003065287,0.04814899,0.19785692,0.0029235033,0.0019404687,0.0,0.0,0.0,0.0027545441,0.0011208797
99999E00029153,3,False,85,85.10,False,0.0012435571,0.0,0.113666184,0.012471698,0.02396422,0.5021325,0.006207229,0.04722866,0.026956638,0.13039732,0.12996005,0.0,0.0,0.0,0.0,0.0,0.0057720663,0.0
99999E00029156,3,False,16,16.23,False,0.024301177,0.0,0.046900842,0.06409659,0.118079506,0.1907855,0.037432656,0.026065433,0.0,0.15601021,0.33345968,0.0,0.0,0.0,0.0,0.0,0.0,0.0028683962
99999E00029159,6,False,52,52.10,False,0.06706325,0.086107,0.016633848,0.031251334,0.02021002,0.05152135,0.035407815,0.014994045,0.013948888,0.31170326,0.19637787,0.0,0.008415592,0.0,0.0,0.03669936,0.013544785,0.09612164
99999E00029182,3,False,25,25.11,False,0.01752472,0.001220652,0.023419121,0.012810247,0.07321535,0.2666917,0.007722258,0.0059278873,0.01264282,0.4257035,0.074485734,0.0,0.013233211,0.0,0.0012563365,0.009686113,0.0037722727,0.050688125
99999E00029213,3,False,85,85.3,False,0.010086526,0.0,0.0,0.00713992,0.008041699,0.7372987,0.0007683315,0.0052253488,0.0009338188,0.08874467,0.121881925,0.0005474316,0.01684469,0.0,0.0015858492,0.0,0.0,0.00090115314
99999E00029221,3,False,41,41.20,False,0.22220996,0.158769,0.018926905,0.020168152,0.05173035,0.06518203,0.063497186,0.017002558,0.114642315,0.026074478,0.15813796,0.003923668,0.010915044,0.0012558236,0.002724075,0.027476087,0.0036570914,0.033707306
99999E00029241,4,False,55,55.10,True,0.0,0.0,0.0,0.0,0.0,0.0,0.0,0.0,0.0,0.093712874,0.17462292,0.0,0.0,0.0,0.063705325,0.0,0.0,0.6679589
99999E00029288,4,False,01,01.50,False,0.00061412994,0.0137576265,0.00106623,0.0,0.008230458,0.0021222169,0.0015225206,0.004010701,0.002705617,0.27681705,0.63644624,0.019301092,0.0030929984,0.0,0.0,0.0,0.0031316434,0.027181417
99999E00029297,4,False,55,55.10,True,0.0,0.0,0.0,0.0,0.00049738755,0.0,0.0,0.0,0.0,0.70818484,0.119503774,0.0,0.0,0.0,0.052245848,0.0,0.0,0.1195681
99999E00029313,4,False,DO,DO.01,False,0.0,0.0,0.0,0.0,0.0,0.13540465,0.0,0.0,0.0,0.6156876,0.24890776,0.0,0.0,0.0,0.0,0.0,0.0,0.0
99999E00029338,6,False,DO,DO.01,False,0.014460718,0.065676816,0.05011201,0.05827351,0.111601554,0.004959204,0.019271033,0.021722002,0.19162227,0.0628937,0.1335801,0.0028953503,0.016771957,0.002787691,0.0,0.054851316,0.10292009,0.085600674
99999E00029392,6,False,DO,DO.01,False,0.01116779,0.01528481,0.014130669,0.014717286,0.12410451,0.0015511458,0.025320679,0.010722065,0.14597264,0.3015728,0.027135177,0.007784698,0.010903615,0.0,0.0,0.08988269,0.0024518112,0.19729756
99999E00029399,4,False,45,45.20,True,0.011938215,0.0019686732,0.0,0.0,0.0040093465,0.0,0.0,0.0,0.0,0.085665934,0.08711167,0.012428551,0.0024720842,0.0,0.2004866,0.014331205,0.0,0.5795877
99999E00029411,4,False,10,10.71,False,0.0,0.0,0.0,0.0,0.0,0.0,0.0,0.0,0.0,0.9006329,0.099367075,0.0,0.0,0.0,0.0,0.0,0.0,0.0
99999E00029412,3,False,47,47.51,False,0.88280946,0.0,0.0021749574,0.005285492,0.0,0.04268728,0.001867126,0.0,0.0,0.0,0.065175645,0.0,0.0,0.0,0.0,0.0,0.0,0.0
99999E00029447,4,False,01,01.41,False,0.0018386785,0.0,0.0011955102,0.00014766694,0.0039759353,0.005757429,0.0,0.0,0.00015938784,0.7896049,0.1889307,0.0012528776,0.00018372186,0.0,0.00051458343,0.0005218431,0.0,0.005916816
99999E00029458,6,False,DO,DO.01,False,0.011083712,0.078641094,0.0143907685,0.002594904,0.040266674,0.0,0.0065091606,0.0,0.08983224,0.12884216,0.08314354,0.0,0.011450842,0.0,0.0019724166,0.10646204,0.066138245,0.35867217
99999E00029465,6,False,93,93.1,False,0.024131194,0.15079656,0.0017722456,0.0,0.04716136,0.008215954,0.023092214,0.0018410594,0.003779136,0.04993423,0.19128294,0.08238911,0.005778129,0.0050155334,0.023578422,0.2934612,0.020702897,0.06706782
99999E00029488,4,False,DO,DO.01,False,0.0069847032,0.007360594,0.0053242245,0.0,0.04902451,0.005666815,0.0037932154,0.00082433573,0.003360815,0.030945936,0.26554808,0.00077710964,0.0035075387,0.048945297,0.26194426,0.12544443,0.0009944702,0.17955379
99999E00029498,6,False,DO,DO.01,False,0.035216283,0.036838286,0.02701336,0.027905433,0.09394065,0.021787267,0.037035633,0.017326022,0.06344096,0.10634534,0.10102664,0.008332515,0.0073679527,0.0016036585,0.0064927456,0.16497888,0.025144892,0.21820349
99999E00029518,4,False,DO,DO.01,False,0.011809163,0.05007533,0.0044759093,0.008723071,0.0073536327,0.0032462717,0.012507785,0.011760213,0.031837616,0.10946626,0.5185148,0.039377715,0.03840082,0.0,0.05055968,0.013540672,0.007124695,0.08122632
99999E00029544,5,False,DO,DO.01,False,0.131114,0.0132385,0.041151688,0.0,0.13605697,0.016751876,0.0,0.0,0.021269709,0.09308141,0.054857165,0.011123864,0.011278056,0.01884889,0.0,0.09723798,0.0,0.35399
99999E00029570,6,False,DO,DO.01,False,0.054214384,0.06380652,0.052230913,0.023971317,0.14323243,0.02949502,0.031010274,0.03385058,0.05280381,0.042796608,0.014964171,0.05247061,0.08328703,0.00906804,0.0061809816,0.21217744,0.035160348,0.059279453
99999E00029574,6,False,45,45.20,False,0.022445573,0.021964384,0.01825459,0.0014798861,0.3272724,0.017036753,0.0064248815,0.0037219685,0.1029845,0.31340176,0.013077084,0.006775743,0.006892298,0.0,0.0,0.030753292,0.01165787,0.0958569
99999E00029578,6,False,DO,DO.01,False,0.0,0.007863803,0.007868443,0.017177848,0.019398462,0.0,0.0010024086,0.008921901,0.01808048,0.050519533,0.44007823,0.0,0.0058821887,0.0,0.0,0.018031752,0.011926806,0.3932481
99999E00029583,4,False,56,56.10,False,0.0,0.0,0.0,0.0,0.0,0.0,0.0,0.0,0.0,0.8802642,0.119735785,0.0,0.0,0.0,0.0,0.0,0.0,0.0
99999E00029587,4,False,DO,DO.01,False,0.0,0.045408778,0.012073654,0.013218173,0.055012926,0.0905247,0.032936204,0.044924375,0.007234377,0.2134632,0.26781443,0.0013503117,0.025070203,0.0024125143,0.0,0.1700981,0.01837247,8.54828e-05
99999E00029604,3,False,16,16.29,False,0.35894036,0.028539948,0.12290428,0.18235713,0.014804866,0.17644228,0.060552925,0.03031979,0.0,0.0015754409,0.019680217,0.0,0.002928689,0.0,0.0,0.00031254938,0.0,0.0006414909
99999E00029636,4,False,49,49.4,False,0.0,0.002010553,0.0012480761,0.0,0.007994841,0.0,0.0018906757,0.0,0.0,0.072083786,0.85169923,0.0,0.0013601226,0.0,0.0,0.0039739283,0.0,0.057738837
99999E00029650,3,False,47,47.59,False,0.056999,0.0029213727,0.0,0.011812694,0.04626066,0.2972572,0.02564173,0.0,0.003392368,0.27117544,0.25405288,0.0018427252,0.008112634,0.0,0.0,0.0,0.0,0.020531261
99999E00029668,6,False,DO,DO.01,False,0.02411812,0.0544624,0.000247675,0.0,0.018696902,0.00038328217,0.03911013,0.006784452,0.009507342,0.012919013,0.043121547,0.10168644,0.04693748,0.015936658,0.023547033,0.53177047,0.05018591,0.020585168
99999E00029718,6,False,DO,DO.01,False,0.016071906,0.055313975,0.015485452,0.0023269418,0.054367542,0.0048537953,0.025629213,0.016572382,0.06374591,0.19475645,0.18203479,0.009790071,0.022378905,0.005528322,0.012333002,0.034347035,0.10408539,0.18037888
99999E00029721,3,False,56,56.30,False,0.0022588372,0.0005567866,0.0006253421,0.0,0.069692105,0.009423398,0.0,0.0,0.0029588141,0.10764266,0.21052335,0.0,0.0,0.0,0.0,0.0018116747,0.00044075973,0.59406626
99999E00029722,4,False,94,94.99,False,0.0,0.0,0.0010217564,0.006343858,0.0022751691,0.01869589,0.000249448,0.015685087,0.0,0.111543015,0.8198248,0.0034051286,0.013684237,0.0,0.006722569,0.0,0.0,0.0005490035
99999E00029733,4,False,55,55.10,False,0.0,0.0,0.0,0.0,0.008362036,0.0,0.0,0.0,0.0,0.67637604,0.13723224,0.0,0.0,0.0,0.0,0.000714466,0.0,0.1773152
99999E00029737,3,False,47,47.71,False,0.9117964,0.0047998964,0.011939623,0.0064270534,0.0012800202,0.020508232,0.013446448,0.0,0.00083238346,0.0,0.028969936,0.0,0.0,0.0,0.0,0.0,0.0,0.0
99999E00029745,6,False,DO,DO.01,False,0.009041357,0.01724167,0.0,0.0,0.02553258,0.0,0.016812142,0.005486706,0.003145318,0.011607059,0.46416828,0.028293673,0.013699025,0.0,0.0,0.119060904,0.03692788,0.24898332
99999E00029782,4,False,25,25.73,False,0.03192618,0.017443279,0.025589302,0.0072233514,0.05737032,0.03750383,0.006317697,0.006472226,0.017047139,0.02734703,0.26870593,0.033883736,0.015898524,0.055112083,0.28025213,0.033001225,0.0054218587,0.07348407
99999E00029806,6,False,DO,DO.01,False,0.033247985,0.047652446,0.02342934,0.045800325,0.08683113,0.012090176,0.023312643,0.023023793,0.041046984,0.06473514,0.12105775,0.0066435896,0.024696821,0.006225332,0.0,0.22770643,0.12274349,0.08975662
99999E00029825,3,False,47,47.64,False,0.65789336,0.050545067,0.012929112,0.0075121494,0.005574623,0.17424273,0.0005988642,0.0020638234,0.00015055246,0.05222121,0.024103452,0.0024218033,0.0021579186,0.0,0.002647214,0.0034815262,0.0,0.0014565951
99999E00029837,6,False,DO,DO.01,False,0.048382558,0.022569304,0.021191258,0.035391692,0.054518387,0.017180335,0.026829185,0.03282168,0.057083372,0.036090773,0.41219473,0.0,0.0021525712,0.0,0.0,0.058250185,0.017560054,0.15778397
99999E00029838,4,False,43,43.22,True,0.0016339623,0.015494784,0.0,0.0,0.006914815,0.0,0.0024649277,0.0,0.0012543965,0.14694884,0.16042845,0.00078155147,0.022462837,0.0016015694,0.12390241,0.007395533,0.0012013832,0.50751454
99999E00029842,4,False,49,49.39,False,0.0,0.0,0.03611497,0.0026571339,0.019293567,0.9049942,0.0,0.0,0.0011275923,0.0024330383,0.031579696,0.0,0.0,0.0,0.0,0.0,0.0,0.0017998791
99999E00029875,6,False,DO,DO.01,False,0.0073632044,0.020231705,0.014122194,0.010033747,0.059128795,0.010127433,0.008096893,0.0022968568,0.029492818,0.06983623,0.4092247,0.0028263337,0.005344244,0.0,0.03561496,0.12033234,0.04792767,0.14799988
99999E00029879,4,False,56,56.10,False,0.0020631421,0.005006117,0.0,0.0,0.0026330417,0.0008173497,0.0041707875,0.0,0.0027985384,0.03529186,0.7535091,0.044090588,0.0007152306,0.0069783656,0.018603148,0.0,0.0,0.12332274
99999E00029894,5,False,DO,DO.01,False,0.0,0.0,0.046565007,0.0,0.0,0.0,0.0,0.0,0.04767614,0.017061653,0.17525111,0.006242781,0.012792585,0.0,0.0,0.19215192,0.058553487,0.4437053
99999E00029934,3,False,85,85.3,False,0.0010382893,0.0,0.011742171,0.014102583,0.0071198205,0.27410936,0.0,0.024802081,0.0009810748,0.39997363,0.19080749,0.0011271357,0.049545188,0.0,0.0,0.0,0.0,0.024651162
99999E00029936,5,False,DO,DO.01,False,0.102122776,0.18129303,0.062040266,0.0002737876,0.07842189,0.0,0.046032824,0.0,0.0276708,0.045065437,0.014136567,0.0,0.03264461,0.015204337,0.0,0.09679304,0.1839944,0.114306316
99999E00029963,4,False,68,68.31,False,0.0,0.0,0.0,0.0,0.0,0.0,0.0,0.0,0.0,0.0,0.7536491,0.0,0.0,0.0,0.10678028,0.0,0.0,0.13957061
99999E00029973,4,False,47,47.78,False,0.5395391,0.008065685,0.008714014,0.01655928,0.008558569,0.0068008145,0.08281702,0.0009913561,0.00070072606,0.00041533567,0.06315791,0.0,0.0,0.040167738,0.11049919,0.060355008,0.0,0.052658197
99999E00029976,3,False,71,71.12,False,0.20720059,0.090733424,0.0,0.0008415321,0.0022479277,0.34350786,0.001123964,0.0007557936,0.003240042,0.2833549,0.06592336,0.0,0.0010706476,0.0,0.0,0.0,0.0,0.0
99999E00029979,4,False,55,55.10,False,0.0,0.0,0.0,0.0,0.005426965,0.002099646,0.0,0.0,0.0,0.66054827,0.23607098,0.0,0.0,0.0,0.0,0.0,0.0,0.0958541
99999E00030002,4,False,49,49.4,False,0.0,0.0,0.0023579425,0.012045527,0.004158531,0.0,0.0048172222,0.0,0.0009132703,0.0065968023,0.9605428,0.003509726,0.002915297,0.0,0.0,0.0,0.0,0.0021429101
99999E00030069,2,False,61,61.20,False,0.0,0.0,0.0,0.0,0.0,0.0,0.0,0.0,0.0,0.0,1.0,0.0,0.0,0.0,0.0,0.0,0.0,0.0
99999E00030080,4,False,94,94.91,False,0.28827974,0.26241592,0.006430367,0.022503648,0.020017475,0.08863007,0.0029492285,0.0,0.0069731316,0.18388249,0.0853006,0.0,0.0029250365,0.0,0.0,0.009129613,0.001344816,0.019217905
99999E00030103,4,False,56,56.10,False,0.0,0.0,0.0,0.0,0.00085157395,0.0,0.0,0.0,0.0009452959,0.66754824,0.09519998,0.0,0.0,0.0,0.0,0.0,0.0,0.23545498
99999E00030114,4,False,49,49.39,False,0.0,0.0,0.011351396,0.0004789837,0.2078323,0.33732602,0.0011675229,0.0,0.006508307,0.09444557,0.24606726,0.0,0.0,0.0,0.028068908,0.012683282,0.0,0.054070473
99999E00030122,4,False,DO,DO.01,False,0.007929175,0.058679506,0.027103435,0.0,0.04640952,0.004742452,0.0,0.0011052296,0.074212804,0.3417851,0.011733216,0.0018997097,0.013422312,0.0,0.0,0.09099086,0.002209579,0.31777707
99999E00030123,6,False,DO,DO.01,False,0.021032477,0.05106443,0.022216618,0.008799233,0.046410657,0.041427635,0.016910605,0.006453573,0.02478226,0.16396753,0.36255485,0.0054821917,0.021513835,0.0,0.009565074,0.016784007,0.014273723,0.16676134
99999E00030124,4,False,43,43.21,True,0.029532917,0.007293396,0.0,0.012034438,0.016605988,0.018773656,0.013128446,0.013518473,0.001153064,0.07292128,0.32510597,0.13495386,0.14680211,0.011055868,0.1742688,0.010383915,0.0,0.012467838
99999E00030125,6,False,47,47.64,False,0.20169473,0.20272033,0.067132,0.14315586,0.004042657,0.0,0.043812044,0.051807743,0.008423861,0.018879008,0.0,0.0,0.0015832081,0.009907497,0.0,0.19671609,0.050124962,0.0
99999E00030126,3,False,47,47.64,False,0.80875057,0.03737467,0.0021169288,0.03371732,0.0,0.049458127,0.0,0.0042422856,0.0016536695,0.04226115,0.0011680244,0.0,0.0,0.0,0.0,0.01361703,0.0042109448,0.0014292825
99999E00030131,4,False,55,55.10,False,0.002112194,0.0004251076,0.0022510823,0.0023790775,0.010495065,0.014140887,0.0015856432,0.0,0.0,0.37972826,0.1393762,0.0,0.003869405,0.0,0.0010600458,0.003713632,0.0,0.43886343
99999E00030134,6,False,DO,DO.01,False,0.04993926,0.11791638,0.036664482,0.041930884,0.01966338,0.0021740503,0.01860005,0.05915456,0.027324252,0.16641824,0.17390609,0.0,0.014839258,0.0,0.0,0.015035986,0.03286995,0.22356318
99999E00030151,2,False,61,61.20,False,0.0,0.0,0.0,0.0,0.0,0.0,0.0,0.0,0.0,0.0,0.998197,0.0,0.0,0.0,0.0,0.0,0.0,0.0018030079
99999E00030177,5,False,DO,DO.01,False,0.02476422,0.0,0.026214711,0.09667258,0.1750148,0.0,0.05393906,0.01874436,0.03924425,0.08813148,0.0,0.0,0.0,0.0,0.055408224,0.35550785,0.0,0.066358514
99999E00030183,4,False,10,10.51,True,0.0,0.0,0.0,0.0,0.0,0.0,0.0,0.0,0.0,0.11206385,0.88783437,0.0,0.0,0.0,0.000101812075,0.0,0.0,0.0
99999E00030187,6,False,DO,DO.01,False,0.02152701,0.036219046,0.01658176,0.027450023,0.17043155,0.004420549,0.027459426,0.038643766,0.053357735,0.07773522,0.007909443,0.0030201562,0.024851149,0.0010462652,0.0,0.32021,0.06339418,0.105742626
99999E00030213,4,False,DO,DO.01,False,0.002204144,0.0,0.0,0.0,0.0,0.0,0.0020037673,0.0,0.0,0.0020438426,0.99374825,0.0,0.0,0.0,0.0,0.0,0.0,0.0
99999E00030233,3,False,16,16.23,False,0.19190405,0.015204768,0.06267927,0.026485698,0.011840602,0.5305524,0.080734596,0.02397985,0.00616866,0.022951867,0.021665163,0.0,0.0058331653,0.0,0.0,0.0,0.0,0.0
99999E00030248,6,False,DO,DO.01,False,0.022023082,0.054180697,0.016166396,0.013467764,0.040147435,0.0,0.022012997,0.007736951,0.01405754,0.03043684,0.5176489,0.0,0.009767369,0.0,0.0027079703,0.044144023,0.02479791,0.18070416
99999E00030283,6,False,DO,DO.01,False,0.03601646,0.06508313,0.03623634,0.048892107,0.08890728,0.096443415,0.03632256,0.0826473,0.067053385,0.11638956,0.052989982,0.0,7.544745e-05,0.021631863,0.014860993,0.16753432,0.01214704,0.056768827
99999E00030335,6,False,DO,DO.01,False,0.089042775,0.07462907,0.014952334,0.02214543,0.03867459,0.032129057,0.032151066,0.023877408,0.033348814,0.17918867,0.17378862,0.0010745082,0.012894648,0.006949366,0.011379442,0.035391644,0.009016405,0.20936623
99999E00030374,6,False,DO,DO.01,False,0.06661106,0.03916757,0.06778739,0.00861061,0.27075082,0.0077414624,0.082762755,0.005969094,0.083802275,0.07774927,0.07741768,0.0,0.007887931,0.0,0.0,0.12100778,0.030837182,0.051897094
99999E00030384,6,False,DO,DO.01,False,0.033707276,0.02486534,0.0116757,0.0133636845,0.034867186,0.005386753,0.030798022,0.035647027,0.021030093,0.14082947,0.107616805,0.0,0.009596862,0.0,0.0,0.12956099,0.057121523,0.3439333
99999E00030387,4,False,DO,DO.01,False,0.0021194713,0.0,0.0,0.0,0.0,0.0,0.002204119,0.0,0.015022328,0.03855043,0.8453931,0.0,0.0,0.0,0.0,0.011986824,0.0,0.08472373
99999E00030435,5,False,DO,DO.01,False,0.12130802,0.045381095,0.059183955,0.18798816,0.0,0.0,0.0,0.14907086,0.0,0.0,0.07004669,0.0,0.00042642973,0.0,0.0,0.1953497,0.013735524,0.15750965
99999E00030454,4,False,10,10.85,False,0.08180535,0.00086285936,0.002175559,0.0018839826,0.00042474622,0.015657796,0.0007698615,0.0005759168,0.00037373818,0.8847306,0.008142039,0.00016279085,0.0004029671,0.0,0.0,0.0,8.544114e-05,0.0019463972
99999E00030512,4,False,49,49.12,True,0.004046576,0.005188295,0.028867621,0.0,0.0063240663,0.028580233,0.0016282101,0.00063300144,0.0014788817,0.86913294,0.03443722,0.0,0.00061954,0.0016382278,0.010701857,0.0,0.0,0.006723371
99999E00030515,6,False,DO,DO.01,False,0.013337306,0.025513638,0.0032085367,0.0,0.0016986999,0.0,0.0055133803,0.0022845322,0.009009131,0.015193867,0.45117283,0.0011196382,0.0,0.09972904,0.015965,0.026270872,0.005458147,0.32452542
99999E00030549,6,False,43,43.22,False,0.06097102,0.027186645,0.014154578,0.0129251825,0.15385573,0.04703284,0.04238729,0.009630808,0.040434014,0.20333727,0.07536215,0.001179895,0.04456726,0.0,0.0,0.07187065,0.0115840845,0.18352064
99999E00030582,3,False,DO,DO.01,False,0.008023543,0.0020631542,0.016303021,0.0039151427,0.020841215,0.006743865,0.010847788,0.007825062,0.0064065973,0.011547694,0.89606774,0.0,0.0024332535,0.0,0.0,0.0037808327,0.0,0.00320106
99999E00030588,6,False,47,47.78,False,0.55540645,0.1380348,0.0027355095,0.0024463595,0.0058296034,0.0,0.10931195,0.0,0.0,0.0,0.00037475344,0.0,0.0,0.0,0.0,0.17089611,0.0,0.014964456
99999E00030599,2,False,61,61.10,False,0.0,0.0,0.0,0.0,0.0,0.0,0.0,0.0,0.0,0.0,1.0,0.0,0.0,0.0,0.0,0.0,0.0,0.0
99999E00030602,6,False,47,47.59,False,0.05103494,0.07183608,0.0,0.0,0.47966436,0.0,0.0010295341,0.0,0.004832933,0.0,0.23902828,0.0,0.0,0.0,0.0,0.0,0.0,0.15257393
99999E00030611,6,False,DO,DO.01,False,0.0,0.098658204,0.016382972,0.018276757,0.03583278,0.0,0.014904229,0.03897666,0.0090165995,0.04167568,0.15131882,0.0,0.01900743,0.009439097,0.0,0.13015167,0.12573782,0.2906213
99999E00030631,3,False,16,16.2,False,0.02014159,0.024155445,0.035797685,0.10834619,0.02573716,0.0706447,0.081936084,0.050625533,0.007932399,0.014970821,0.52701646,0.0010936423,0.025179246,0.0,0.0,0.0022004317,0.0,0.0042225607
99999E00030698,6,False,DO,DO.01,False,0.019907085,0.068194315,0.0066534947,0.01829177,0.15885887,0.020689378,0.022380786,0.017811181,0.011340577,0.01825172,0.4895365,0.0018876488,0.0048833233,0.0017247824,0.00078362785,0.026716772,0.010053666,0.102034494
99999E00030715,4,False,47,47.11,False,0.042874373,0.0,0.0011812383,0.0,0.0,0.0027008175,0.0020261058,0.0,0.0,0.7134587,0.18075237,0.0,0.0,0.0,0.0,0.0,0.0,0.057006385
99999E00030753,6,False,DO,DO.01,False,0.0,0.07756534,0.029956734,0.0,0.098928064,0.09654131,0.0,0.0,0.0,0.09391841,0.0,0.0,0.0,0.0,0.0,0.6030901,0.0,0.0
99999E00030794,2,False,61,61.10,False,0.0,0.0,0.0,0.0,0.0,0.0,0.0,0.0,0.0,0.0,1.0,0.0,0.0,0.0,0.0,0.0,0.0,0.0
99999E00030835,4,False,55,55.10,False,0.003490871,0.0,0.0022246905,0.0,0.0073676095,0.005617658,0.002784195,0.0,0.0,0.15737365,0.5032036,0.0026640575,0.0013525254,0.0,0.0,0.0031767578,0.0,0.3107444
99999E00030838,3,False,47,47.25,False,0.25989088,0.021780686,0.08643045,0.019886848,0.0016020694,0.0206066,0.0053146323,0.0022184008,0.0031119268,0.5490776,0.0153149525,0.0057613957,0.0028338914,0.0,0.0010090009,0.0026063058,0.0,0.0025544541
99999E00030848,4,False,DO,DO.02,False,0.021608789,0.0024664353,0.0,0.005685341,0.032741807,0.004081307,0.005977969,0.0,0.00918449,0.37520623,0.47514173,0.0,0.002581009,0.0,0.0,0.0,0.002056911,0.063268006
99999E00030850,6,False,DO,DO.01,False,0.036232267,0.017410455,0.0,0.034652222,0.09144753,0.0,0.0011302083,0.019837685,0.0,0.124307916,0.33979908,0.0063051763,0.034509778,0.0019417842,0.0071373684,0.09731037,0.04315034,0.14482786
99999E00030863,4,False,56,56.30,False,0.002136929,0.000594715,0.0003737076,0.0003150754,3.8466475e-05,0.0010036253,0.0009560084,4.2196556e-05,0.0018362496,0.20941043,0.7647752,4.202171e-05,0.0,0.0,0.0,0.0016030029,0.0,0.016872386
99999E00030878,4,False,DO,DO.01,False,0.032485943,0.058657542,0.010969491,0.0036550125,0.054829903,0.016316975,0.016908985,0.008679508,0.012802366,0.14433251,0.23391347,0.0064369403,0.00494853,0.0008767524,0.005874268,0.11366217,0.03149629,0.24315329
99999E00030919,4,False,10,10.71,False,0.0,0.0,0.0,0.0,0.0,0.0,0.0,0.0,0.0,0.0013110902,0.8247562,0.0,0.0,0.0,0.1739327,0.0,0.0,0.0
99999E00030920,6,False,DO,DO.01,False,0.0017439795,0.0,0.01076934,0.033689708,0.08124246,0.114964135,0.03619379,0.0053136325,0.016029695,0.05444342,0.5927151,0.004894509,0.008524545,0.0,0.0,0.019965192,0.0,0.01951055
99999E00030939,3,False,DO,DO.01,False,0.11173951,0.1441648,0.11533452,0.055323668,0.039449353,0.11095973,0.012908367,0.033497937,0.06107923,0.2103699,0.031937167,0.028156666,0.02978211,0.0,0.0,0.0040782536,0.011218858,0.0
99999E00030958,4,False,94,94.9,False,0.017115435,0.23362657,0.011952369,0.004576558,0.018492848,0.026028616,0.006878166,0.0012174532,0.08028971,0.032266952,0.33408868,0.0,0.0,0.046360973,0.047542877,0.04913356,0.031102816,0.0593264
99999E00030974,4,False,DO,DO.01,False,0.08317984,0.18122901,0.00075041497,0.0,0.118411444,0.013055201,0.038154937,0.02685071,0.02881644,0.0,0.21990444,0.0019682604,0.02840965,0.0,0.011422984,0.031153591,0.12899558,0.08769749
99999E00031012,4,False,56,56.30,False,0.0,0.0,0.013453442,0.0,0.2759913,0.053086564,0.0,0.0,0.07693482,0.4975792,0.08295473,0.0,0.0,0.0,0.0,0.0,0.0,0.0
99999E00031042,4,False,49,49.4,False,0.0,0.0,0.0,0.0,0.0,0.0,0.0,0.0,0.0,1.0,0.0,0.0,0.0,0.0,0.0,0.0,0.0,0.0
99999E00031074,6,False,DO,DO.01,False,0.0,0.0,0.03456658,0.043585643,0.027123779,0.0,0.021118473,0.02802291,0.12795962,0.062389687,0.17650716,0.0,0.0,0.0,0.0,0.21395427,0.16260391,0.10216789
99999E00031081,6,False,DO,DO.01,False,0.0,0.0,0.0,0.04047086,0.22623736,0.0,0.025516804,0.021333259,0.013107817,0.08938909,0.22938685,0.0,0.017310252,0.0037491384,0.0,0.1332644,0.05002786,0.15020636
99999E00031084,4,False,DO,DO.01,True,0.0,0.07668354,0.0,0.004810375,0.0,0.0,0.003094521,0.0044269594,0.0016944405,0.025322111,0.2759647,0.010232245,0.11357883,0.0,0.3769445,0.0,0.0,0.10724772
99999E00031089,4,False,56,56.30,False,6.425357e-05,0.0,0.0,0.0,0.0,0.0022200695,0.0,0.0,0.0,0.8188726,0.16955847,0.0,0.0,0.0,0.0,0.0,0.0,0.00928467
99999E00031093,6,False,DO,DO.01,False,0.00017059085,0.021680865,0.007006535,0.024860537,0.0039921775,0.0,0.008285087,0.018075593,0.0,0.045839697,0.5902478,0.015140378,0.042552743,0.0,0.003478646,0.086116716,0.02967577,0.102876835
99999E00031117,4,False,55,55.10,False,0.0029632521,0.0,0.0,0.0,0.0,0.0,0.0,0.0,0.0,0.6581528,0.14196731,0.0,0.0,0.0,0.0,0.0,0.0,0.19691667
99999E00031123,5,False,DO,DO.01,False,0.0,0.064132854,0.0,0.0063289553,0.106682144,0.02369601,0.0,0.00090175093,0.083954684,0.0,0.0011856355,0.0,0.00096854736,0.0002003891,0.0023545718,0.45615238,0.18091795,0.07252415
99999E00031128,5,False,DO,DO.01,False,0.0,0.014544226,0.0,0.09138058,0.13506962,0.0,0.0,0.0,0.08720898,0.062686734,0.567563,0.0,0.019956028,0.0,0.0,0.0,0.0,0.021590844
99999E00031136,3,False,47,47.71,False,0.86526114,0.013023232,0.0013435374,0.0046963994,0.00066905003,0.003472481,0.0012054318,0.0012228308,0.0,0.027948946,0.0549529,0.0,0.0,0.0,0.0,0.0016564493,0.0,0.02454742
99999E00031143,6,False,84,84.11,False,0.024421008,0.007551786,0.011616389,0.016606,0.00572413,0.0,0.017652929,0.0063307653,0.018216638,0.34337002,0.41570655,0.0,0.039524283,0.0,0.0036287801,0.013869137,0.018590158,0.057191517
99999E00031144,4,False,47,47.11,False,0.0,0.0,0.0,0.0,0.0024481504,0.0,0.0,0.0,0.0,0.014074262,0.95538855,0.0,0.0,0.0,0.0027891765,0.0,0.0,0.025299868
99999E00031155,5,False,DO,DO.01,False,0.04639609,0.034395132,0.0,0.04552745,0.17434919,0.0,0.0,0.07440595,0.08878044,0.22517994,0.027339332,0.005539491,0.005783321,0.0,0.0,0.13629282,0.04341681,0.09259408
99999E00031163,6,False,DO,DO.01,False,0.021749161,0.0756731,0.005690532,0.0,0.19478828,0.0041164584,0.036054336,0.0057677347,0.037474506,0.07756759,0.012557016,0.019541321,0.0102020865,0.0,0.0,0.1913399,0.03509889,0.27237907
99999E00031170,6,False,DO,DO.01,False,0.014555528,0.04327722,0.013270866,0.02397003,0.027916797,0.015277951,0.029340232,0.009723774,0.013664195,0.06918376,0.4158924,0.02089874,0.004470938,0.0,0.0,0.030647097,0.010117102,0.25779343
99999E00031188,4,False,55,55.10,True,0.025954524,0.0,0.0,0.0,0.008435556,0.0065775053,0.0,0.0,0.0,0.4441242,0.2935362,0.0,0.00069971645,0.0,0.03279953,0.0,0.0,0.18787284
99999E00031218,4,False,47,47.11,True,0.0019435295,0.0,0.0,0.0,0.0,0.0,0.0,0.0,0.0,0.89763206,0.09364546,0.0,0.0,0.0,0.0,0.0,0.0,0.006778992
99999E00031282,4,False,93,93.1,True,0.012463449,0.0007201901,0.0,0.0,0.009598082,0.01917012,0.0066543287,0.0,0.0,0.23300092,0.5491033,0.0,0.0,0.0,0.0,0.008990453,0.0,0.16029918
99999E00031296,4,False,16,16.10,False,0.0016511728,0.0019405637,0.0,0.0,0.0,0.0,0.0,0.0,0.0,0.05859216,0.90787715,0.0,0.0,0.0,0.0,0.0,0.0,0.029938985
99999E00031300,5,False,49,49.4,False,0.0,0.0,0.15011093,0.062262867,0.0,0.09211918,0.29155523,0.024258258,0.0,0.0,0.2005142,0.0,0.0,0.021521429,0.0,0.0,0.0,0.15765794
99999E00031304,3,False,55,55.10,False,0.044473488,0.021786181,0.020970529,0.0051319627,0.14164759,0.015240356,0.045620993,0.0006346751,0.03926573,0.12322185,0.22784299,0.0,0.0,0.0,0.0,0.030715624,0.0,0.283448
99999E00031340,4,False,DO,DO.01,False,0.003920572,0.0,0.0,0.0,0.0,0.0,0.006174076,0.0,0.0007274207,0.0048992154,0.9404918,0.0,0.0,0.0,0.0,0.002610465,0.0030836638,0.03809284
99999E00031369,4,False,36,36.00,False,0.07781004,0.03923246,0.0029597422,0.0040227654,0.011005273,0.006691388,0.027380632,0.0035058162,0.062181175,0.1892505,0.48418546,0.012763932,0.0042276033,0.0005072407,0.0,0.0041032312,0.011385825,0.058787007
99999E00031370,2,False,36,36.00,False,0.0025647047,0.0,0.0,0.00089794147,0.01779988,0.017305426,0.0,0.0,0.0,0.07349775,0.8372992,0.010121895,0.0,0.0,0.017035307,0.0,0.0,0.023477942
99999E00031372,1,False,IL,IL.01,False,0.0,0.0,0.0,0.0,0.0,0.0,0.0,0.0,0.0,0.0,0.0034230994,0.0,0.0,0.23796207,0.75861484,0.0,0.0,0.0
99999E00031374,1,False,IL,IL.01,False,0.0,0.0,0.0,0.0,0.0,0.0,0.0,0.0,0.0,0.0,0.0,0.0,0.0,0.29362875,0.70637125,0.0,0.0,0.0
99999E00031376,3,False,75,75.00,False,0.028860444,0.0007132319,0.108399354,0.1192763,0.06902485,0.31100744,0.04480207,0.007985025,0.0068983207,0.105458505,0.19036683,0.0,0.0,0.0,0.0010285346,0.0021198655,0.00070331676,0.0033559578
99999E00031377,4,False,84,84.1,False,0.0227824,0.0,0.0,0.0,0.0024054048,0.0,0.0,0.0,0.0,0.46143922,0.51186013,0.0,0.0,0.0,0.0,0.0,0.0,0.001512915
99999E00031378,1,False,IL,IL.01,False,0.0,0.0,0.0,0.0,0.0,0.0,0.0,0.0,0.0,0.0,0.0,0.0,0.0,0.33728483,0.66271514,0.0,0.0,0.0
99999E00031379,1,False,IL,IL.01,False,0.0,0.0,0.0,0.0,0.0,0.0,0.0,0.0,0.0,0.0,0.0,0.0,0.0,0.40564838,0.59435165,0.0,0.0,0.0
99999E00031381,4,False,IL,IL.01,False,0.0,0.0,0.0,0.0,0.0,0.0,0.0,0.0,0.0,0.0,0.93309426,0.0,0.0024882283,0.0,0.0,0.012631215,0.0,0.051786255
99999E00031382,4,False,36,36.00,False,0.0,0.0,0.0,0.0,0.009247849,0.0,0.0023383698,0.0,0.0,0.009560598,0.97885317,0.0,0.0,0.0,0.0,0.0,0.0,0.0
99999E00031385,1,False,96,96.0,False,0.0,0.0,0.0,0.0,0.0,0.0,0.0,0.0,0.0,0.0,0.001170476,0.0,0.0,0.30053067,0.6902129,0.0016017039,0.0,0.0064842603
99999E00031386,4,False,36,36.00,False,0.0,0.0,0.011872216,0.0058437055,0.011566331,0.0,0.0037662261,0.00422187,0.0053593847,0.0,0.95707715,0.0,0.0,0.0,0.0,0.0,0.0,0.00029314117
99999E00031387,1,False,IL,IL.01,False,0.0,0.0,0.0,0.0,0.0,0.0,0.0,0.0,0.0,0.0029728366,0.013873907,0.0,0.0,0.34895048,0.6326651,0.0,0.0,0.0015377202
99999E00031388,1,False,IL,IL.01,False,0.0,0.0,0.0,0.0,0.0,0.0,0.0,0.0,0.0,0.0,0.027950058,0.0,0.0,0.3113461,0.65236765,0.0,0.0,0.008336207
99999E00031389,1,False,IL,IL.01,False,0.0,0.0,0.0,0.0,0.0,0.0,0.0,0.0,0.0,0.0,0.0,0.0,0.0,0.42002547,0.57462436,0.0,0.0,0.005350201
99999E00031393,4,False,36,36.00,False,0.0013896134,0.008191998,0.004286431,0.0,0.0009027253,0.0,0.0,0.0,0.001525931,0.10379607,0.15852855,0.00013218676,0.0,0.0016283756,0.07083448,0.0012370476,0.0,0.6475466
99999E00031394,4,False,85,85.3,False,0.0,0.0,0.0,0.0,0.0020418356,0.0030666876,0.0,0.0,0.0,0.45130137,0.53197175,0.0,0.0,0.0,0.0,0.0,0.0,0.011618411
99999E00031425,6,False,68,68.31,False,0.14006463,0.06612166,0.051299237,0.055325124,0.041531354,0.0038430244,0.004743998,0.004790526,0.022441387,0.017677192,0.37139702,0.004858694,0.012668815,0.008401995,0.006909149,0.11360781,0.018104594,0.056213833
99999E00031433,6,False,DO,DO.01,False,0.044967063,0.11467932,0.009357411,0.010260747,0.014426747,0.0,0.022987358,0.02909542,0.021786608,0.026014756,0.61890304,0.0,0.0020108668,0.0,0.0,0.00067028886,0.0,0.08484037
99999E00031446,6,False,DO,DO.01,False,0.020602144,0.014553288,0.0070122876,0.011768738,0.0053106183,0.0,0.010443041,0.0077289864,0.007893475,0.009508983,0.80303717,0.0,0.00076565327,0.0024262008,0.011533755,0.038096637,0.0,0.04931904
99999E00031482,6,False,DO,DO.01,False,0.021774786,0.11736829,0.047282167,0.0010713162,0.14802478,0.0,0.007225307,0.0,0.068202816,0.049334034,0.09409917,0.030515496,0.018564079,0.0013452232,0.0,0.13769412,0.15295511,0.10454328
99999E00031499,6,False,DO,DO.01,False,0.01913647,0.042220935,0.0,0.04699876,0.028767569,0.0,0.005079589,0.009643675,0.022229487,0.048243515,0.7009204,0.0026780996,0.0,0.017677974,0.0062614735,0.011617673,0.0,0.038524404
99999E00031518,6,False,DO,DO.01,False,0.018880296,0.036324214,0.029352747,0.12209218,0.11014066,0.14883444,0.047458436,0.08524647,0.0048458716,0.086969525,0.14292425,0.0073648714,0.015117046,0.006770192,0.0,0.05877869,0.03383266,0.045067523
99999E00031558,4,False,DO,DO.01,True,0.0,0.010551495,0.0,0.0,0.042395823,0.0,0.007099195,0.0,0.0090071205,0.017863145,0.08219853,0.010327228,0.008018444,0.011079538,0.13670447,0.28153932,0.05334774,0.32986793
99999E00031610,1,False,IL,IL.01,False,0.0,0.0,0.0,0.0,0.0,0.0,0.0,0.0,0.0,0.0,0.0,0.0,0.0,0.3072843,0.6892742,0.0,0.0,0.0034415387
99999E00031626,6,False,DO,DO.01,False,0.03229704,0.04004215,0.024626577,0.004933274,0.14067483,0.008743382,0.03863812,0.0056381933,0.10503444,0.08150982,0.21573175,0.0017984593,0.014726628,0.011443104,0.0038652935,0.098664895,0.010212472,0.16141956
99999E00031652,2,False,60,60.10,False,0.0,0.0,0.0,0.0,0.0,0.0,0.0,0.0,0.0,0.0,1.0,0.0,0.0,0.0,0.0,0.0,0.0,0.0
99999E00031656,2,False,60,60.10,False,0.0,0.0,0.0,0.0,0.0,0.0,0.0,0.0,0.0,0.0,1.0,0.0,0.0,0.0,0.0,0.0,0.0,0.0
99999E00031669,6,False,DO,DO.01,False,0.1258308,0.11002887,0.0042605563,0.020808086,0.12690067,0.0031883165,0.027549233,0.042887237,0.054407306,0.035741333,0.046785645,0.0,0.042600833,0.028761124,0.014097709,0.20232673,0.039869342,0.07395616
99999E00031672,3,False,36,36.00,False,0.021032337,0.005809011,0.0068348814,0.0050883903,0.09387049,0.030052423,0.030929413,0.0035757923,0.02055662,0.5417625,0.16863838,0.004351032,0.0050690095,0.0,0.0,0.0072894534,0.0,0.05514023
99999E00031704,6,False,DO,DO.01,False,0.02904174,0.014400527,0.062979504,0.064507216,0.17769982,0.02521359,0.09661832,0.03215987,0.1283342,0.15138543,0.014261818,0.0,0.054699328,0.0,0.0,0.086636886,0.021056084,0.041005652
99999E00031705,6,False,DO,DO.01,True,0.038220543,0.056942627,0.017525114,0.002996807,0.010447644,0.0,0.021243397,0.015820812,0.0031033258,0.03076751,0.035171025,0.070989944,0.27626735,0.0631932,0.04938307,0.10701313,0.021409215,0.17950532
99999E00031733,4,False,DO,DO.01,True,0.017927928,0.018927958,0.0,0.0,0.0,0.0,0.033385836,0.0,0.0,0.0029697695,0.21710275,0.048388146,0.003025622,0.034767523,0.45423162,0.02500234,0.020284114,0.12398641
99999E00031823,4,False,52,52.10,False,0.035847597,0.010266853,0.006860613,0.02921012,0.01560482,0.22566469,0.032688618,0.005420388,0.0,0.10803061,0.32859802,0.04811274,0.02327701,0.003199408,0.11484208,0.0039723455,0.0,0.008404142
99999E00031834,4,False,93,93.11,False,0.42112777,0.1752484,0.010266282,0.0015674817,0.023452522,0.07247814,0.011295129,0.00053819857,0.0017397974,0.041183785,0.12337175,0.008565559,0.005315054,0.0,0.015256772,0.0031258645,0.008124767,0.07734274
99999E00031843,4,False,DO,DO.01,False,0.00413376,0.051544074,0.021286145,0.024220308,0.024555437,0.0055337427,0.0025037494,0.018468358,0.009400744,0.21041752,0.19225247,0.019277725,0.015415271,0.0,0.0,0.06555481,0.017930476,0.3175054
99999E00031857,4,False,41,41.20,False,0.0,0.0,0.0,0.0,0.0,0.10001079,0.0,0.0,0.0,0.58620435,0.31025252,0.0,0.0,0.0,0.0,0.0,0.0,0.003532433
99999E00031864,6,False,DO,DO.01,False,0.026520317,0.05702108,0.0036086638,0.008323584,0.10892261,0.004428562,0.056056615,0.0028549843,0.020422895,0.09019006,0.12877859,0.13763194,0.02524422,0.0,0.0018472981,0.09901609,0.00743039,0.22170207
99999E00031885,4,False,56,56.10,False,0.0,0.0,0.0011838863,0.00079682795,0.001410279,0.004190349,0.000285619,0.0,0.0,0.007877515,0.04222735,0.00014136493,0.0,0.00030821015,0.00024396792,0.0015678147,0.0,0.9397668
99999E00031886,4,False,55,55.10,False,0.0072571887,0.0012905402,0.0,0.0,0.0,0.0040120357,0.0,0.0,0.0018954057,0.83751076,0.07695136,0.0,0.0,0.0,0.0,0.0,0.0,0.07108272
99999E00031892,6,False,DO,DO.01,False,0.01225256,0.030745633,0.022581741,0.0012024096,0.038583826,0.015568869,0.0046254424,0.0015399695,0.06455144,0.25823504,0.39981577,0.0,0.0,0.0,0.0,0.03822413,0.004671294,0.1074018
99999E00031930,4,False,93,93.1,False,0.109285235,0.008438082,0.0,0.0,0.009309077,0.06299346,0.002888501,0.0,0.0,0.5517315,0.21322682,0.0,0.0,0.0,0.0,0.005098181,0.0,0.03702911
99999E00031966,6,False,01,01.42,False,0.07082064,0.040284015,0.00012754489,0.004441528,0.024903286,0.0014267231,0.016749907,0.0021469065,0.004887638,0.11623136,0.57339025,0.0009669682,0.00048170434,0.018495787,0.016194047,0.014161041,0.0021955518,0.092095114
99999E00031979,6,False,DO,DO.01,False,0.018167755,0.033049975,0.00054890825,0.013956823,0.020798402,0.020043852,0.0041302578,0.017204398,0.05590796,0.17047317,0.479643,0.0036129868,0.0024708777,0.0002879,0.0005900367,0.037034698,0.014690809,0.10738828
99999E00032033,3,False,47,47.78,False,0.89115584,0.0,0.019319784,0.032430805,0.0,0.00930224,0.0011242068,0.0,0.0019594566,0.007811656,0.020108148,0.00312728,0.0,0.0,0.0,0.0,0.0,0.013660586
99999E00032034,4,False,55,55.10,False,0.0007772215,0.0,0.0,0.0,0.0016725902,0.0,0.0,0.0,0.0007882903,0.7252173,0.13431987,0.0,0.0,0.0,0.0,0.0,0.0,0.13722482
99999E00032066,6,False,DO,DO.01,False,0.012525892,0.026240071,0.021187583,0.03519093,0.040793225,0.016390938,0.011003254,0.0129291415,0.020741692,0.14910433,0.05493664,0.014947652,0.042231712,0.00048344847,0.011876681,0.35593304,0.031055354,0.1424284
99999E00032068,6,False,DO,DO.01,False,0.02137097,0.008256837,0.02497007,0.0,0.13253964,0.0,0.07048882,0.0005547961,0.027040647,0.002260228,0.32012156,0.0032367823,0.0244181,0.06386807,0.11111489,0.08734641,0.012223911,0.090188324
99999E00032080,5,False,DO,DO.01,False,0.018904155,0.008938916,0.0,0.0,0.015063731,0.0,0.08107928,0.038172483,0.12607184,0.08339679,0.0690283,0.0,0.0,0.11945041,0.0,0.43429893,0.0055950996,0.0
99999E00032087,4,False,43,43.22,False,0.6034135,0.024096677,0.0,0.0,0.018326966,0.0060279677,0.0047944216,0.0,0.00063956005,0.0,0.22236334,0.0,0.0,0.0,0.011360167,0.0065718214,0.0,0.10240556
99999E00032096,4,False,82,82.30,False,0.008822123,0.0010838549,0.0,0.0033044103,0.0074688587,0.0025220865,0.0053892247,0.00034919605,0.0,0.008547532,0.8276952,0.0012620796,0.00030567608,0.00067974074,0.0014485937,0.100690745,0.00073983974,0.029690992
99999E00032098,6,False,DO,DO.01,False,0.048768397,0.07255011,0.01454835,0.026291078,0.21471293,0.008388918,0.053440176,0.033722166,0.021465985,0.15088913,0.025839513,0.0014337539,0.001773527,0.0,0.0,0.15560682,0.028269429,0.14229979
99999E00032109,4,False,46,46.34,False,0.068465635,0.12675637,0.055625036,0.022371182,0.17910895,0.021676471,0.015455904,0.0030869201,0.018054716,0.0034884468,0.049277805,0.0005646107,0.0004416103,0.078498304,0.031075353,0.1312176,0.0014093509,0.19342579
99999E00032122,4,False,55,55.10,False,0.0,0.0,0.0,0.0,0.0,0.0,0.0,0.0,0.0,0.75582,0.2005198,0.0,0.0,0.0,0.0,0.0,0.0,0.04366021
99999E00032136,4,False,55,55.20,False,0.0,0.0,0.0,0.0,0.0023903218,0.002771348,0.0,0.0,0.0,0.8613413,0.12808935,0.0040552765,0.0,0.0,0.0,0.0,0.0,0.0013524508
99999E00032152,4,False,DO,DO.01,False,0.007253169,0.06405015,0.0,0.0030904256,0.018283173,0.0,0.004950375,0.0,0.0066078804,0.027579756,0.24764949,0.0041521993,0.0028004672,0.0,0.0030545765,0.021777432,0.018314805,0.57043606
99999E00032161,6,False,DO,DO.01,False,0.047749527,0.035941992,0.068872906,0.09132979,0.1954777,0.026133448,0.059932876,0.06203312,0.089321226,0.06159786,0.020931445,0.0015163696,0.033481542,0.0,0.0,0.10785167,0.08229857,0.015529944
99999E00032169,4,False,DO,DO.02,False,0.004690455,0.0,0.0045181517,0.0024744538,0.0202216,0.0,0.031110154,0.002230359,0.0018713954,0.003417331,0.91742414,0.0,0.0,0.0,0.004427214,0.0,0.0,0.0076148086
99999E00032177,6,False,DO,DO.01,False,0.040933516,0.05724498,0.0050301417,0.01147464,0.0840004,0.004487675,0.037612636,0.020525936,0.029421397,0.117036596,0.20695184,0.0,0.046454836,0.0,0.0,0.10715878,0.043486066,0.18818055
99999E00032181,6,False,55,55.10,False,0.005131776,0.011869344,0.021714559,0.01349852,0.048701208,0.0022657765,0.014948409,0.0034376404,0.0047706035,0.023411294,0.777351,0.0,0.0047446196,0.0,0.0,0.013732373,0.019095404,0.03532741
99999E00032182,6,False,DO,DO.01,False,0.065796405,0.013007571,0.0,0.019856485,0.058964565,0.010661183,0.02049796,0.029254228,0.08827733,0.11451687,0.15899336,0.007458682,0.0,0.0010756308,0.0017171067,0.20852602,0.08169184,0.119704776
99999E00032192,6,False,36,36.00,False,0.028505152,0.014486098,0.012742473,0.0,0.015443535,0.0,0.011084472,0.0028256061,0.0012454464,0.03351029,0.56343216,0.010671917,0.03393841,0.06856961,0.015941713,0.031081669,0.024815518,0.13170595
99999E00032234,3,False,43,43.33,False,0.012816777,0.0013503159,0.006382539,0.019168194,0.016425557,0.61699325,0.0011050822,0.00334943,0.0043356363,0.22058551,0.08410921,0.0,0.011966793,0.0,0.0,0.0,0.0,0.0014117094
99999E00032238,3,False,47,47.71,False,0.5642701,0.0,0.0054436387,0.013601642,0.0061705285,0.19119026,0.007160966,0.0008842108,0.00012245547,0.17662902,0.033247396,0.001026079,9.916019e-05,0.0,0.0,0.00015444765,0.0,0.0
99999E00032289,3,False,43,43.22,False,0.038895845,0.008436241,0.007888743,0.0,0.017792188,0.0983857,0.015370219,0.0,0.0036294109,0.13771622,0.652577,0.0,0.0154979555,0.0,0.0,0.0,0.0,0.0038104805
99999E00032298,6,False,DO,DO.01,False,0.02765332,0.0104573555,0.018501677,0.0018554837,0.08606411,0.0058744024,0.03899239,0.0024629573,0.014187773,0.109574035,0.4151778,0.010784108,0.0036182588,0.0014392644,0.0064377896,0.06894465,0.008503329,0.16947141
99999E00032300,4,False,47,47.11,True,0.0,0.0,0.0,0.0,0.0,0.0,0.0,0.0,0.0,0.0,0.94975126,0.0,0.0,0.0,0.0050489698,0.0,0.0,0.045199793
99999E00032330,3,False,16,16.10,True,0.009248161,0.0007845414,0.0027417433,0.029103301,0.001457924,0.74795276,0.043365937,0.0631276,0.00030508457,0.0015206016,0.02583121,0.00043017196,0.041031063,0.0062382966,0.02621156,0.0,0.0,0.0006500793
99999E00032367,6,False,74,74.90,False,0.0020668076,0.009832219,0.021994524,0.0035001577,0.04868569,0.08043194,0.009071735,0.011681447,0.0,0.14223997,0.52100575,0.0,0.0071260845,0.0,0.0036615613,0.0714495,0.0,0.067252584
99999E00032370,5,False,27,27.5,False,0.05478662,0.0,0.12392156,0.23146479,0.024452131,0.21930794,0.1589158,0.14768165,0.0030680504,0.0,0.00922722,0.0,0.007843136,0.00355248,0.0,0.0,0.015778545,0.0
99999E00032392,4,False,55,55.10,False,0.0,0.0,0.0,0.0,0.0,0.0,0.0,0.0,0.0,0.8698153,0.06170426,0.0,0.0,0.0,0.0,0.0,0.0,0.06848046
99999E00032393,4,False,55,55.10,False,0.023392837,0.0,0.0,0.0,0.00051315664,0.0073336004,0.0,0.0,0.00065841945,0.8934995,0.0654555,0.0,0.0,0.0,0.0,0.0,0.0,0.009147017
99999E00032405,4,False,55,55.10,False,0.0009624232,0.0,0.0,0.0,0.0054068053,0.0060070097,0.0,0.0,0.0023657964,0.83342195,0.14830928,0.0,0.0,0.0,0.0,0.0,0.0,0.0035267707
99999E00032422,6,False,16,16.23,False,0.17617446,0.0323747,0.015816001,0.036996346,0.10470054,0.17796455,0.049692262,0.02760825,0.023764871,0.21102014,0.06313196,0.002092631,0.021264963,0.0,0.0,0.0065003065,0.0031702067,0.047727726
99999E00032429,2,False,61,61.90,False,0.0,0.0,0.0,0.0,0.0,0.0,0.0,0.0,0.0,0.0,1.0,0.0,0.0,0.0,0.0,0.0,0.0,0.0
99999E00032439,6,False,DO,DO.01,False,0.023105826,0.011428236,0.0069931056,0.0,0.009618321,0.01473147,0.013734056,0.0,0.0,0.013260563,0.8133295,0.0,0.0,0.008920693,0.0,0.03547264,0.034690958,0.014714659
99999E00032445,4,False,55,55.10,False,0.3141321,0.0002714753,0.000766922,0.00017938293,0.00043473777,0.0019101023,0.58688354,0.0,0.0009998969,0.013137056,0.060543712,0.0,0.0008541269,0.0,0.0,0.00063787267,0.00032326655,0.018925842
99999E00032454,2,False,61,61.90,False,0.0,0.0,0.0,0.0,0.0,0.0,0.0,0.0,0.0,0.0,1.0,0.0,0.0,0.0,0.0,0.0,0.0,0.0
99999E00032455,4,False,47,47.78,False,0.001765426,0.000709941,0.0025529326,0.026244387,0.006408995,0.06425074,0.0023116171,0.05095793,0.0,0.057208695,0.20815693,0.20644942,0.31119817,0.011380873,0.025568783,0.008533162,0.0,0.01630198
99999E00032462,3,False,47,47.71,False,0.64256036,0.0,0.0074917646,0.008373342,0.0017554228,0.045571633,0.0,0.0,0.0,0.2468197,0.040724296,0.0,0.0,0.0,0.0,0.0,0.0,0.0067035123
99999E00032463,4,False,55,55.10,True,0.013928851,0.0035661615,0.0,0.0034552866,0.00724362,0.0,0.0012595397,0.00034086133,0.0060550403,0.6883047,0.04518567,0.0,0.0003480418,0.0,0.022545211,0.001646863,0.0008557436,0.20526442
99999E00032466,4,False,47,47.64,False,0.1427017,0.2935583,0.01560205,0.03967981,0.01031192,0.21437648,0.021095058,0.0033881604,0.003037254,0.012425318,0.018232077,0.0041365633,0.009702111,0.0,0.0,0.15444408,0.05723219,7.696343e-05
99999E00032468,4,False,56,56.10,False,0.00026092163,0.00017720481,0.00018952908,0.000283783,0.013963715,0.108435415,0.00017144885,0.00021675385,0.00026681685,0.72367054,0.15187202,8.552714e-05,0.0002616179,0.0,0.0,5.8673708e-05,8.613059e-05,0.0
99999E00032481,2,False,61,61.20,False,0.0,0.0,0.0,0.0,0.0,0.0,0.0,0.0,0.0,0.0,1.0,0.0,0.0,0.0,0.0,0.0,0.0,0.0
99999E00032482,6,False,56,56.30,False,0.002073044,0.0053828303,0.020895239,0.0004799515,0.0069455635,0.00084136083,0.0009635171,0.0007351065,0.015325923,0.8696946,0.04124114,0.0,0.0,0.0,0.0,0.00442365,0.0,0.030998077
99999E00032492,5,False,DO,DO.01,False,0.2816575,0.013588165,0.0081528975,0.023216106,0.08750101,0.020185715,0.0,0.011343896,0.03611958,0.025337804,0.030185588,0.0,0.0030346194,0.0,0.0,0.24441366,0.0066947592,0.2085688
99999E00032499,6,False,41,41.20,False,0.07228086,0.03765711,0.08502944,0.12646234,0.06237472,0.014466777,0.08239912,0.049594317,0.023524424,0.02207138,0.10715916,0.17082253,0.049965534,0.011963729,0.020628948,0.005329587,0.0,0.058270145
99999E00032523,2,False,61,61.10,False,0.0,0.0,0.0,0.0,0.0,0.0,0.0,0.0,0.0,0.0,0.9957667,0.0,0.0,0.0,0.0,0.0,0.0,0.0042333095
99999E00032531,3,False,47,47.75,False,0.2676745,0.0043011466,0.06417682,0.0,0.09507611,0.04545379,0.05604199,0.009661002,0.034760598,0.13033843,0.19197457,0.0,0.0,0.00030722472,0.009239949,0.003654648,0.0045453785,0.08279375
99999E00032552,6,False,DO,DO.01,False,0.0037218076,0.025355857,0.017326018,0.021770567,0.024914183,0.0,0.007933473,0.0076258453,0.024742452,0.079516344,0.5963664,0.009057737,0.0074596764,0.0,0.0,0.017917182,0.013672778,0.14261967
99999E00032566,5,False,DO,DO.01,False,0.0,0.056489583,0.0,0.032695692,0.18351217,0.07555071,0.0,0.04152316,0.15775456,0.19957505,0.0016354042,0.0,0.01643457,0.0,0.0,0.07708081,0.09109324,0.06665511
99999E00032575,6,False,DO,DO.01,False,0.0,0.028990986,0.0042391205,0.0089992555,0.048122365,0.0,0.00789771,0.0019451921,0.0073411954,0.21216273,0.54789793,0.0,0.0,0.0,0.0,0.03490487,0.009013873,0.088484846
99999E00032606,6,False,47,47.72,False,0.046739854,0.034910467,0.037441622,0.02695465,0.26375043,0.028029757,0.046774633,0.016971769,0.041044448,0.10910562,0.03591096,0.00073378865,0.015015472,0.0042142803,0.0,0.15651375,0.015496912,0.12039149
99999E00032607,5,False,01,01.50,False,0.0071608652,0.0,0.105971776,0.19434056,0.1020207,0.40685606,0.096959546,0.045817498,0.0,0.0,0.0,0.010852306,0.02812794,0.00077892764,0.00091063033,0.0,0.0,0.00020319852
99999E00032608,2,False,61,61.10,False,0.0,0.0,0.0,0.0,0.0,0.0,0.0,0.0,0.0,0.0,0.998447,0.0,0.0,0.0,0.0,0.0,0.0,0.0015530274
99999E00032613,4,False,DO,DO.01,False,0.00971289,0.016244693,0.00918251,0.018828506,0.10285827,0.021011846,0.014099877,0.013231439,0.032723814,0.12528476,0.35470775,0.005568397,0.003161378,0.0018936612,0.013997444,0.05521989,0.0088773025,0.19339564
99999E00032615,5,False,DO,DO.01,False,0.0027719003,0.30065593,0.035876002,0.013182394,0.047936942,0.048762165,0.0100825215,0.0,0.078237414,0.015975453,0.12483072,0.019159965,0.09464663,0.0,0.0,0.010368178,0.16965722,0.02785654
99999E00032632,6,False,52,52.10,False,0.030883068,0.016326938,0.062136315,0.007955648,0.26491982,0.0026778602,0.05789764,0.0014872191,0.18747836,0.030134046,0.17348292,0.002593433,0.0015997888,0.004582886,0.016236017,0.0722979,0.01862596,0.04868424
99999E00032636,6,False,DO,DO.01,False,0.05637875,0.058357004,0.040475834,0.03400728,0.12932791,0.01822439,0.01992049,0.018883457,0.029602265,0.043126848,0.0828457,0.0,0.0,0.007460314,0.012433857,0.18915886,0.08978066,0.17001641
99999E00032669,6,False,DO,DO.01,False,0.05396294,0.12121018,0.029262431,0.02729592,0.030853882,0.0074657816,0.014874553,0.0075143888,0.05087365,0.0790235,0.15833265,0.0033137244,0.011656844,0.0,0.0060141515,0.140355,0.043596298,0.21439412
99999E00032671,6,False,DO,DO.01,False,0.15846452,0.19454506,0.042408254,0.06345214,0.03181737,0.022009064,0.026991475,0.05261157,0.07400203,0.098865636,0.10244314,0.0,0.0035700442,0.0,0.0,0.003227201,0.019202964,0.10638956
99999E00032676,6,False,DO,DO.01,False,0.022806399,0.0078184055,0.013522187,0.010456156,0.08424105,0.008107609,0.0033563979,0.0,0.0,0.34868366,0.09681649,0.0,0.0,0.001979623,0.00011347045,0.0960734,0.0097008515,0.2963243
99999E00032682,2,False,71,71.12,False,0.0,0.0,0.0,0.0,0.0,0.0,0.0,0.0,0.0,0.043145172,0.9568548,0.0,0.0,0.0,0.0,0.0,0.0,0.0
99999E00032717,6,False,DO,DO.01,False,0.030364696,0.06330351,0.002503879,0.036843378,0.099661395,0.013050333,0.024181437,0.062640354,0.0160335,0.09772152,0.05786398,0.0029914328,0.030643594,0.0,0.0,0.23029901,0.027024124,0.20487389
99999E00032735,4,False,DO,DO.01,False,0.0,0.0,0.0056473673,0.0029737342,0.012461038,0.0,0.0,0.0,0.0016914819,0.15280628,0.17079875,0.0,0.0,0.0,0.0,0.006254391,0.0,0.64736694
99999E00032745,6,False,DO,DO.01,False,0.033408873,0.06125192,0.023275033,0.0130796395,0.051765196,0.001901259,0.01540768,0.007048516,0.046886258,0.007866408,0.18000153,0.0007307678,0.00019571319,0.21370873,0.0556883,0.16505094,0.041501615,0.081231706
99999E00032773,6,False,DO,DO.01,False,0.007579775,0.07910767,0.0040536313,0.0017279213,0.05568476,0.0,0.012142162,0.0,0.04774562,0.10182826,0.16907682,0.0034216172,0.0048262468,0.0,0.002127526,0.09071518,0.06272826,0.35723454
99999E00032786,4,False,77,77.21,False,0.0031288557,0.0015863985,0.064283654,0.0003527754,0.10048536,0.40062788,0.0,0.0,0.014318411,0.27718237,0.13653047,0.0,0.0,0.0,0.0,0.0,0.0,0.0015038142
99999E00032811,4,False,56,56.11,False,0.0,0.0,0.0004306774,0.0004946549,0.0324629,0.00373995,0.0,0.00018256977,0.0,0.8564532,0.09241035,0.0,0.0001888115,0.0,0.0,0.0,0.0,0.013636949
99999E00032825,6,False,DO,DO.01,False,0.027279032,0.02067584,0.01966078,0.058506697,0.025017738,0.031982318,0.04139951,0.09945448,0.029620046,0.06133664,0.22010295,0.015279022,0.08699211,0.0,0.0,0.19418973,0.012874236,0.055628926
99999E00032845,6,False,15,15.20,False,0.22381724,0.0062817815,0.04849837,0.048712,0.056199312,0.015423321,0.022812158,0.019271808,0.04129695,0.14732961,0.023441924,0.019232891,0.047026,0.007786708,0.0031591563,0.1467761,0.017641403,0.1052933
99999E00032851,5,False,DO,DO.01,False,0.0,0.09164258,0.0,0.0,0.055546563,0.0,0.0,0.03766809,0.0838824,0.11222595,0.014580201,0.0049628173,0.047747854,0.0,0.0,0.1252572,0.37840712,0.048079215
99999E00032888,3,False,DO,DO.01,False,0.007486468,0.010006876,0.010428636,0.006012616,0.024273803,0.00992843,0.005731135,0.024160288,0.017996319,0.035561647,0.81712973,0.0014821583,0.021343634,0.0,0.0,0.0043218853,0.0,0.004136385
99999E00032892,6,False,DO,DO.01,False,0.01288829,0.015322652,0.008120098,0.0051416336,0.029894006,0.0021857275,0.017409071,0.0057200645,0.029492855,0.15480562,0.34106642,0.025180493,0.013549599,0.0,0.0,0.07124113,0.048216455,0.2197659
99999E00032908,5,False,52,52.10,False,0.04672987,0.0379176,0.045854162,0.012280642,0.043433893,0.0,0.0062954663,0.0031649715,0.052811585,0.045509394,0.3427478,0.010377522,0.00965351,0.008205483,0.0,0.109581105,0.03819342,0.18724358
99999E00032913,4,False,DO,DO.01,False,0.0016114722,0.0016803272,0.0068285638,0.004003522,0.0,0.0,0.0017677202,0.003104434,0.0016988652,0.008411568,0.6763337,0.14093761,0.092899986,0.0031050965,0.0,0.03277565,0.0,0.024841435
99999E00032925,2,False,62,62.02,False,0.0,0.0,0.0,0.0,0.0,0.0,0.0,0.0,0.0,0.02651117,0.96982014,0.0,0.0,0.0,0.0,0.0,0.0,0.0036687239
99999E00032958,6,False,DO,DO.01,False,0.03926157,0.082118414,0.015522652,0.027607994,0.0335601,0.0,0.00914299,0.009848565,0.018132228,0.03606858,0.14847197,0.0055708843,0.03383391,0.01439584,0.04473557,0.2658902,0.122201405,0.09363719
99999E00032975,4,False,35,35.11,False,0.0,0.0,0.0,0.0,0.0019642687,0.0,0.0,0.0,0.0,0.0062623476,0.96502376,0.0,0.0,0.0,0.0,0.0,0.0,0.026749656
99999E00032983,2,False,60,60.10,False,0.0,0.0,0.0,0.0,0.0,0.0,0.0,0.0,0.0,0.0,1.0,0.0,0.0,0.0,0.0,0.0,0.0,0.0
99999E00032996,6,False,55,55.30,True,0.0007142861,0.009668158,0.0,0.00049038295,0.002308657,0.0,0.0025608612,0.0,0.0,0.016062673,0.14901657,0.0,0.00069850776,0.0016246756,0.26055327,0.009365864,0.0,0.5469361
99999E00033000,4,False,DO,DO.01,False,0.0147215305,0.023364116,0.0,0.002156829,0.0146079175,0.0,0.0054088687,0.0,0.005192636,0.03307198,0.51872367,0.0,0.0,0.0,0.028377779,0.042875748,0.0,0.31149894
99999E00033015,4,False,38,38.11,False,0.0,0.0004401908,0.22545743,0.06360237,0.0,0.0,0.00059962994,0.02255718,0.06972692,0.13062748,0.3257542,0.015865933,0.13263434,0.00024609093,0.0,0.0,0.0,0.012488248
99999E00033064,6,False,DO,DO.01,False,0.01382096,0.09238167,0.032926586,0.0074991547,0.05391061,0.0,0.030551272,0.0,0.1689382,0.1246237,0.2069144,0.0,8.2476276e-05,0.00035670988,0.0004268147,0.0695976,0.04385263,0.15411721
99999E00033075,6,False,DO,DO.01,False,0.06412787,0.020553563,0.04275013,0.0046102195,0.14677252,0.0534573,0.0,0.010926839,0.055560164,0.34574065,0.045111943,0.0067077233,0.0127752125,0.0028127434,0.0,0.03140807,0.003253853,0.15343113
99999E00033085,2,False,61,61.10,False,0.0,0.0,0.0,0.0,0.0,0.0,0.0,0.0,0.0,0.0,1.0,0.0,0.0,0.0,0.0,0.0,0.0,0.0
99999E00033092,6,False,01,01.41,True,0.030163022,0.05743599,0.08306934,0.05945284,0.09346853,0.11143808,0.050300214,0.013345933,0.034562208,0.005018478,0.0,0.35939398,0.062804185,0.0,0.0,0.010471082,0.015462866,0.0136131905
99999E00033098,2,False,61,61.10,False,0.0,0.0,0.0,0.0,0.0,0.0,0.0,0.0,0.0,0.0,1.0,0.0,0.0,0.0,0.0,0.0,0.0,0.0
99999E00033126,3,False,25,25.11,False,0.027387178,0.0,0.0014843832,0.01668872,0.007845092,0.8021442,0.005425935,0.0023072998,0.0,0.05762663,0.066085234,0.0,0.0040113092,0.0,0.0,0.001261896,0.0,0.007732145
99999E00033129,4,False,56,56.30,True,0.0,0.0,0.6073867,0.00042738748,0.05724299,0.14725196,0.0,0.0,0.06870283,0.06754245,0.051445745,0.0,0.0,0.0,0.0,0.0,0.0,0.0
99999E00033158,4,False,68,68.31,False,0.058188174,0.045574665,0.002923624,0.0074992487,0.01742902,0.02734824,0.010340689,0.00699282,0.0,0.03362362,0.34015548,0.0002582118,0.0032107113,0.0,0.0,0.02491383,0.0093978,0.41214383
99999E00033160,4,False,71,71.11,False,0.011493214,0.008913525,0.0036958316,0.035929233,0.019743953,0.0,0.0034297314,0.013490606,0.008518483,0.33464608,0.35985163,0.0012590467,0.01165501,0.0026125421,0.0,0.015069959,0.034572452,0.13511878
99999E00033163,2,False,38,38.1,False,0.0,0.0,0.0,0.0,0.0017203612,0.0,0.0,0.0,0.0,0.019043028,0.9777818,0.0,0.0014548093,0.0,0.0,0.0,0.0,0.0
99999E00033178,2,False,60,60.10,False,0.0,0.0,0.0,0.0,0.0,0.0,0.0,0.0,0.0,0.0,1.0,0.0,0.0,0.0,0.0,0.0,0.0,0.0
99999E00033183,2,False,60,60.10,False,0.0,0.0,0.0,0.0,0.0,0.0,0.0,0.0,0.0,0.0,1.0,0.0,0.0,0.0,0.0,0.0,0.0,0.0
99999E00033200,3,False,96,96.02,False,0.5758832,0.055212386,0.03581535,0.0030944513,0.043331865,0.070191376,0.04146954,0.0027942492,0.011009135,0.13393432,0.0028517304,0.0,0.0,0.0,0.0,0.0019471132,0.0021766576,0.020288669
99999E00033208,6,False,DO,DO.01,False,0.014684259,0.08606473,0.016718201,0.11097369,0.044863604,0.021988593,0.015323302,0.063663855,0.0,0.05882636,0.067353815,0.010808769,0.1762111,0.0,0.0,0.119837835,0.041716486,0.15096544
99999E00033226,4,False,85,85.51,False,0.005452227,0.0,0.008865797,0.007212067,0.019177763,0.04217527,0.0007666181,0.0,0.0006449595,0.55857366,0.35480946,0.0,0.0,0.0,0.0,0.0,0.0,0.002322269
99999E00033238,4,False,49,49.39,False,0.0,0.0,0.0,0.0,0.0031771483,0.0016736982,0.0,0.0,0.0,0.6046106,0.38810974,0.0,0.0,0.0,0.0,0.0,0.0,0.0024288052
99999E00033250,6,False,DO,DO.01,False,0.07410075,0.049307883,0.01692513,0.017591933,0.12295249,0.040904295,0.046777263,0.01383439,0.06559662,0.22663586,0.04115076,0.0017107832,0.007802015,0.0,0.0,0.10085259,0.030091489,0.14376587
99999E00033266,4,False,52,52.10,False,0.014518626,0.0049314243,0.0023809623,0.002395227,0.0091655515,0.011610285,0.010068849,0.0020365096,0.0012372613,0.07278612,0.78463054,0.027455539,0.017869174,0.0009385397,0.021773534,0.00059031084,0.0,0.015611561
99999E00033270,2,False,61,61.10,False,0.0,0.0,0.0,0.0,0.0,0.0,0.0,0.0,0.0,0.0,1.0,0.0,0.0,0.0,0.0,0.0,0.0,0.0
99999E00033273,2,False,61,61.90,False,0.0,0.0,0.0,0.0,0.0,0.0,0.0,0.0,0.0,0.0,0.9678065,0.0,0.0,0.0,0.0,0.0,0.0,0.032193486
99999E00033301,4,False,38,38.11,False,0.0,0.0,0.0043835375,0.00036031293,0.0025764797,0.014357582,0.0,0.0069388514,0.00047260773,0.068579994,0.8927904,0.0014444833,0.00064791687,4.6856832e-05,0.0014040895,0.0,0.0,0.005996948
99999E00033305,4,False,DO,DO.01,False,0.0,0.0,0.0,0.0,0.038955398,0.0,0.015771603,0.0,0.011667675,0.066093564,0.7339468,0.011611839,0.0053283246,0.0013779462,0.0019043974,0.036696047,0.0022095002,0.074437015
99999E00033342,6,False,DO,DO.01,False,0.0,0.037955604,0.012001472,0.02027769,0.041389268,0.0,0.0,0.006299137,0.01646932,0.08851902,0.28756386,0.0,0.0056832572,0.002914526,0.19560845,0.033986453,0.017293673,0.23403822
99999E00033359,6,False,01,01.19,False,0.14524372,0.11229904,0.021918267,0.007891034,0.0164767,0.019473702,0.029707966,0.002206482,0.011374551,0.039055277,0.44376278,0.0,0.0040354105,0.0,0.013725954,0.012156899,0.008588935,0.11208329
99999E00033370,6,False,DO,DO.01,False,0.0051648375,0.015390512,0.018383613,0.020403035,0.08151878,0.0,0.013033701,0.0071154707,0.0091791125,0.03819458,0.34335074,0.02743907,0.015246384,0.0,0.018923271,0.24389137,0.028158888,0.114606656
99999E00033373,4,False,85,85.31,False,0.0,0.0,0.0,0.0,0.0,0.006964815,0.0,0.0,0.0,0.8442349,0.1488003,0.0,0.0,0.0,0.0,0.0,0.0,0.0
99999E00033376,6,False,DO,DO.01,False,0.05003972,0.03482591,0.029085334,0.0,0.0047550057,0.0,0.008873804,0.0,0.005052883,0.05690561,0.6671129,0.0,0.0,0.0070975716,0.0019012666,0.004817523,0.0,0.12953253
99999E00033399,5,False,DO,DO.01,False,0.025681728,0.11500343,0.053663038,0.014250189,0.12363442,0.039732736,0.05483999,0.015807388,0.04457937,0.02833138,0.030486107,0.0,0.0044181016,0.023943456,0.0,0.20480195,0.08597192,0.1348547
99999E00033409,4,False,55,55.10,False,0.012338179,0.012708242,0.005218247,0.003585064,0.00540503,0.027601842,0.0038039503,0.0012677889,0.0,0.6282589,0.27781972,0.00071561197,0.0009607645,0.0034998443,0.008363204,0.00051248557,0.0,0.007941191
99999E00033488,2,False,47,47.11,False,0.0,0.0,0.0,0.0,0.0,0.0,0.0,0.0,0.0,0.008911634,0.9910884,0.0,0.0,0.0,0.0,0.0,0.0,0.0
99999E00033497,3,False,47,47.78,False,0.015042229,0.0,0.018425014,0.0013780245,0.0,0.9539336,0.0,0.0,0.0,0.0,0.007734283,0.0,0.0,0.0,0.00022119284,0.0,0.0,0.0032656295
99999E00033498,2,False,49,49.31,False,0.0,0.0,0.0,0.0,0.0,0.0,0.0,0.0,0.0,0.01324874,0.9867513,0.0,0.0,0.0,0.0,0.0,0.0,0.0
99999E00033504,4,False,DO,DO.02,False,0.0,0.0,0.0,0.0,0.0,0.0008205861,0.002073616,0.0,0.0,0.03226085,0.9153281,0.0,0.0,0.0042435075,0.021858456,0.0049398765,0.0,0.01847506
99999E00033513,4,False,56,56.30,False,0.0,0.0,0.0027548273,0.0025763644,0.0,0.0,0.0,0.0,0.0,0.8761869,0.118481904,0.0,0.0,0.0,0.0,0.0,0.0,0.0
99999E00033514,6,False,47,47.71,False,0.032836813,0.48814663,0.005725634,0.03075711,0.0,0.0,0.007854575,0.011817033,0.0,0.0,0.0,0.0,0.0,0.0,0.0,0.17780884,0.24505338,0.0
99999E00033515,4,False,47,47.71,False,0.61655635,0.009712067,0.0014197764,0.0025382612,0.0,0.014999015,0.0,0.00056711346,0.0,0.22504303,0.06776308,0.0,0.0,0.0,0.0074699167,0.004415355,0.0,0.049516022
99999E00033549,2,False,61,61.10,False,0.0,0.0,0.0,0.0,0.0,0.0,0.0,0.0,0.0,0.0,1.0,0.0,0.0,0.0,0.0,0.0,0.0,0.0
99999E00033558,4,False,68,68.32,False,0.0006735737,0.0,0.0011205698,0.0,0.0008979516,0.0011364081,0.0,0.0,0.0008557158,0.12744863,0.7185102,0.0,0.0,0.0,0.0,0.0,0.0,0.14935695
99999E00033563,3,False,47,47.78,False,0.55307204,0.088522896,0.010043663,0.0008915172,0.0,0.0032371236,0.0031328192,0.0,0.0069094338,0.01483319,0.0010858537,0.0,0.0,0.0,0.0,0.036957964,0.0009796118,0.28033385
99999E00033566,6,False,DO,DO.01,False,0.002732253,0.0,0.0,0.0,0.16033907,0.0,0.0,0.0,0.012644032,0.27078548,0.13960545,0.0,0.039635256,0.0,0.0,0.20501222,0.009396823,0.15984946
99999E00033592,6,False,DO,DO.01,False,0.015228214,0.02767751,0.010625099,0.0,0.07506616,0.0,0.0069093616,0.0018506229,0.15556528,0.04660569,0.3332583,0.0,0.0013114618,0.0,0.08254409,0.06788999,0.037454017,0.13801418
99999E00033602,2,False,61,61.10,False,0.0,0.0,0.0,0.0,0.0,0.0,0.0,0.0,0.0,0.0,1.0,0.0,0.0,0.0,0.0,0.0,0.0,0.0
99999E00033633,4,False,35,35.11,False,0.00035362333,0.0,0.0013976067,0.000282104,0.008939915,0.0033743214,0.0,0.0,0.00028309732,0.27797177,0.69768685,0.00029005058,0.0007747927,0.00035560998,0.0008532653,0.0,0.0,0.007437016
99999E00033667,2,False,60,60.10,False,0.0,0.0,0.0,0.0,0.0,0.0,0.0,0.0,0.0,0.0,1.0,0.0,0.0,0.0,0.0,0.0,0.0,0.0
99999E00033671,6,False,DO,DO.01,False,0.014068049,0.04379818,0.017232046,0.009467925,0.102852404,0.04237859,0.013783832,0.021569004,0.13934211,0.07674794,0.19778581,0.005383604,0.019523835,0.003714386,0.0,0.081202194,0.117968604,0.09318147
99999E00033700,4,False,55,55.30,False,0.0,0.0,0.0,0.0,0.0,0.0,0.0,0.0,0.0,0.0012419743,0.7171082,0.0,0.0,0.054946344,0.15256657,0.0,0.0,0.07413692
99999E00033711,6,False,DO,DO.01,False,0.053092346,0.099328905,0.031228058,0.0392005,0.019176507,0.013638148,0.018732041,0.035936415,0.029798772,0.17116278,0.10679795,0.0,0.03146977,0.0,0.0,0.15643694,0.054923147,0.13907775
99999E00033724,4,False,56,56.30,False,0.0,0.0,0.0,0.0,0.0,0.0,0.0,0.0,0.0,0.6348537,0.3391342,0.0,0.0,0.0,0.0,0.0,0.0,0.026012067
99999E00033725,2,False,61,61.10,False,0.0,0.0,0.0,0.0,0.0,0.0,0.0,0.0,0.0,0.0,1.0,0.0,0.0,0.0,0.0,0.0,0.0,0.0
99999E00033727,6,False,DO,DO.01,False,0.011790663,0.03889109,0.019473832,0.0014144273,0.077793494,0.15576804,0.0010523339,0.0,0.10999717,0.004944837,0.33184725,0.0,0.0052050916,0.006234795,0.074534655,0.10240453,0.046721354,0.01192645
99999E00033729,6,False,85,85.51,False,0.518117,0.03269157,0.028272351,0.0,0.0,0.0,0.0035886187,0.0,0.0,0.0,0.15084623,0.0,0.0,0.0,0.0,0.2091444,0.0018244805,0.055515327
99999E00033738,4,False,84,84.1,False,0.006871183,0.0,0.0,0.010584722,0.06972856,0.0,0.0021057853,0.007092301,0.0,0.07440923,0.72444594,0.0,0.0,0.0,0.063345075,0.0,0.0,0.04141722
99999E00033742,6,False,DO,DO.01,False,0.036574516,0.092968926,0.042909488,0.020440998,0.11510339,0.004488588,0.022415886,0.021580992,0.046709344,0.0842281,0.060545214,0.0114003215,0.07825421,0.0,0.0,0.16930649,0.048163835,0.1449097
99999E00033756,5,False,DO,DO.01,False,0.00017406608,0.04356004,0.018499356,0.0,0.0021371446,0.03099827,0.09079964,0.0,0.0,0.0,0.3738166,0.0,0.009172316,0.0046707736,0.0,0.23027492,0.0017551662,0.19414172
99999E00033772,4,False,55,55.10,False,0.07052106,0.032361344,0.0,0.0,0.0,0.0009375166,0.0009019344,0.0,0.0,0.06614134,0.12229487,0.0,0.0,0.0,0.0,0.0,0.0,0.70684195
99999E00033774,4,False,85,85.51,False,0.05467818,0.0,0.007930946,0.0021570732,0.003723056,0.00030948047,0.0014423069,0.0030245476,0.011004267,0.118192516,0.72546875,0.005567746,0.003991892,0.0,0.0,0.0021872665,0.0023301037,0.057991885
99999E00033788,6,False,14,14.20,False,0.63820773,0.030722266,0.020843381,0.0064223367,0.0013363047,0.0,0.0026025015,0.0,0.0035840166,0.0,0.054877732,0.0,0.0,0.0,0.0,0.006258751,0.0037624738,0.23138256
99999E00033798,5,False,DO,DO.01,False,0.0,0.049011357,0.0,0.0,0.027158415,0.022039916,0.042280186,0.009465712,0.0037862852,0.09175898,0.06219324,0.030570747,0.0,0.034520637,0.015519095,0.41723928,0.08853363,0.1059225
99999E00033818,1,False,84,84.1,False,0.0,0.0,0.0,0.0,0.0,0.0,0.116659045,0.0,0.0,0.0,0.0,0.0,0.0,0.004313444,0.7340044,0.0,0.0,0.1450232
99999E00033824,4,False,56,56.30,False,0.00032043143,0.0,0.00027692737,0.0023067086,0.00018036214,0.0010678754,0.0004380988,0.0,0.002773173,0.008842409,0.34258372,0.0,0.0,0.0,0.053053,0.00065363117,0.0,0.5875037
99999E00033825,4,False,55,55.10,False,0.0,0.0,0.005474563,0.002686249,0.0143392775,0.002594047,0.0,0.00079266366,0.0,0.87873423,0.094344415,0.0,0.0,0.0,0.0,0.0,0.0,0.0010346371
99999E00033827,4,False,15,15.12,False,0.039496776,0.008351777,0.0,0.0,0.0150672365,0.0,0.0,0.0,0.00040160652,0.7473632,0.01170589,0.0,0.0,0.0,0.0,0.0,0.0,0.17761351
99999E00033829,3,False,10,10.71,False,0.1954802,0.0,0.022432242,0.0,0.0056389663,0.14069155,0.0010742215,0.0011070775,0.018402655,0.53261286,0.07753023,0.0,0.0,0.00025087444,0.0013916431,0.00026145516,0.0,0.003126046
99999E00033838,3,False,10,10.85,False,0.0,0.0,0.16207238,0.020021675,0.0062699225,0.5690384,0.0,0.019910188,0.013901388,0.08469913,0.0,0.0021971397,0.12188976,0.0,0.0,0.0,0.0,0.0
99999E00033857,4,False,84,84.1,False,0.021959525,0.0011018553,0.0031225048,0.0,0.0,0.0,0.0,0.0,0.000915307,0.15268281,0.81683487,0.0,0.0,0.0,0.0,0.0,0.0,0.0033831494
99999E00033859,3,False,79,79.90,False,0.05694923,0.0,0.007818206,0.0034320748,0.011366511,0.5214244,0.0,0.0,0.0,0.24988483,0.104618564,0.0,0.0,0.0,0.0,0.0,0.0,0.04450625
99999E00033879,4,False,DO,DO.02,False,0.0038587798,0.0,0.0032512115,0.0,0.010206007,0.0,0.0021952137,0.0,0.0,0.1659587,0.7742129,0.0,0.0,0.0,0.0,0.0,0.0,0.04031723
99999E00033883,4,False,71,71.11,False,0.0051882006,0.0,0.0,0.0,0.020151079,0.01876096,0.0,0.0,0.0,0.048183944,0.89090073,0.0,0.0,0.0,0.00049903,0.0,0.0,0.01631609
99999E00033887,3,False,86,86.23,False,0.1646952,0.0027038644,0.04180597,0.021921836,0.020849314,0.6386114,0.011799303,0.005107472,0.005468402,0.0005469958,0.07335095,0.0,0.0019620906,0.00057531014,0.0,0.006251558,0.0006166926,0.0037337595
99999E00033892,6,False,DO,DO.01,False,0.028379764,0.027672654,0.0122952415,0.094049454,0.26324034,0.0077123092,0.0062587527,0.088736795,0.0006756384,0.057146028,0.10686692,0.0014161852,0.0043036295,0.0,0.0,0.1501658,0.048939038,0.10214138
99999E00033901,6,False,DO,DO.01,False,0.01717343,0.007469062,0.030771991,0.017946495,0.050715648,0.0,0.014769438,0.005586461,0.034718506,0.079936996,0.45018327,0.005839038,0.002516749,0.002936207,0.0,0.072661884,0.0053582396,0.2014166
99999E00033919,6,False,DO,DO.01,False,0.017185297,0.011467896,0.01513305,0.0644441,0.17027314,0.0,0.019066017,0.0443309,0.032914154,0.03971485,0.27950254,0.057523046,0.022490438,0.0,0.0,0.13990775,0.012617395,0.07342944
99999E00033923,6,False,43,43.12,False,0.103696726,0.035611805,0.011708781,0.05736389,0.2749052,0.037047762,0.16112551,0.05725574,0.013087061,0.040184043,0.16004643,0.0,0.02272902,0.0,0.004790939,0.0014107254,0.014413672,0.0046227095
99999E00033930,4,False,85,85.51,False,0.0,0.0,0.0,0.0,0.0,0.0,0.0,0.0,0.0,0.0,1.0,0.0,0.0,0.0,0.0,0.0,0.0,0.0
99999E00033936,4,False,02,02.20,False,0.0022134616,0.012546012,0.0053043626,0.0074697235,0.003784044,0.0,0.0006755773,0.0046579703,0.024458872,0.046240292,0.847966,0.006679028,0.0007428648,0.0,0.0027504105,0.0,0.0,0.03451146
99999E00033982,3,False,93,93.1,False,0.015481838,0.076882705,0.015224976,0.008130198,0.013718912,0.0075670197,0.013872072,0.0066943318,0.002887688,0.012799958,0.8213287,0.0,0.001091259,0.0,0.00012444182,0.0,0.0,0.0041959225
99999E00033987,3,False,79,79.90,False,0.05559518,0.019524286,0.02798457,0.019994836,0.033020835,0.15413687,0.012512827,0.0043903706,0.0006215705,0.018253813,0.3681796,0.0,0.0,0.0084621385,0.0,0.09720138,0.004708162,0.17541364
99999E00034001,4,False,47,47.76,False,0.26617193,0.01000929,0.0,0.0007431655,0.0043195714,0.052790888,0.0,0.0009904724,0.003539476,0.5349883,0.1124321,0.0,0.0,0.0,0.0,0.0,0.0,0.014014748
99999E00034032,3,False,02,02.20,False,0.033644777,0.010970875,0.01669836,0.013635602,0.06727817,0.03941213,0.03629305,0.023073833,0.016945785,0.008751642,0.71056813,0.0,0.020109791,0.0,0.0,0.0,0.0026178989,0.0
99999E00034035,3,False,47,47.78,False,0.84355897,0.004360566,0.0025405777,0.013852936,0.001040662,0.050197374,0.0047657643,0.002492056,0.00044222816,0.015558006,0.04389083,0.0,0.0,0.0,0.0,0.00077166484,0.0,0.016528439
99999E00034059,6,False,47,47.73,False,0.046035774,0.027244888,0.016890232,0.0505362,0.10094679,0.022353671,0.045066413,0.034274023,0.032393664,0.050590757,0.42034623,0.002208976,0.033034407,0.0,0.011217437,0.033547003,0.009881394,0.063432254
99999E00034062,6,False,01,01.41,False,0.14071548,0.20792723,0.020267459,0.018298838,0.016900472,0.04216255,0.044633683,0.010414459,0.0047572595,0.054109804,0.0,0.3581429,0.056927204,0.0,0.0,0.0,0.019894822,0.004847816
99999E00034079,4,False,01,01.50,False,0.02409959,0.011152863,0.0039054425,0.004149577,0.028847596,0.01766342,0.02198153,0.0,0.005878787,0.07237564,0.7594291,0.005099462,0.0043275347,0.0,0.0,0.0,0.0007489223,0.040340565
99999E00034080,6,False,DO,DO.01,False,0.004780663,0.08496267,0.017906593,0.005045775,0.021090822,0.0,0.0,0.011904111,0.087487005,0.05537385,0.33173016,0.00662204,0.010572786,0.0017606905,0.0,0.032444537,0.008711238,0.31960708
99999E00034097,6,False,DO,DO.01,False,0.014910348,0.08488827,0.022000758,0.018374586,0.15022174,0.01360248,0.020533847,0.010461286,0.059720702,0.15094383,0.035431802,0.079167284,0.09317212,0.0,0.0,0.121886946,0.04419732,0.080486715
99999E00034103,6,False,DO,DO.01,False,0.013043165,0.022565315,0.011280132,0.004807676,0.08250265,0.03431096,0.020577988,0.003916309,0.047809534,0.22649476,0.085204035,0.003889788,0.007525224,0.0,0.0,0.14956789,0.012389732,0.27411485
99999E00034154,6,False,DO,DO.01,False,0.0108052995,0.050998844,0.036491808,0.014050031,0.021707712,0.011787859,0.0,0.051570095,0.007209245,0.061778434,0.30502763,0.0093343165,0.022087596,0.0,0.0,0.0053698025,0.0044872127,0.38729414
99999E00034199,6,False,DO,DO.01,False,0.0,0.007244602,0.013841029,0.050793882,0.077707864,0.030566694,0.0,0.011637586,0.008898921,0.035694737,0.66887534,0.0,0.0037621881,0.0,0.0,0.04534436,0.01787083,0.027761994
99999E00034200,4,False,DO,DO.02,False,0.0,0.0,0.0,0.0,0.003792758,0.0,0.0,0.0,0.0,0.22328407,0.72461873,0.003792758,0.0,0.0,0.0,0.0,0.0,0.044511665
99999E00034245,5,False,DO,DO.01,False,0.0,0.022921454,0.007962154,0.055829223,0.037450366,0.0,0.033634048,0.027679244,0.03496892,0.21182759,0.27070314,0.030806271,0.00218892,0.00033960203,0.005951442,0.04190218,0.012178598,0.20365697
99999E00034257,5,False,DO,DO.01,False,0.0,0.0023557693,0.0,0.019807693,0.048341338,0.0,0.0,0.0,0.11896633,0.10504807,0.07427885,0.0,0.11074518,0.017884612,0.0,0.047932684,0.1920673,0.26257214
99999E00034277,6,False,DO,DO.01,False,0.011842992,0.040682826,0.01172792,0.00795605,0.04178294,0.0029558751,0.0035934537,0.011480911,0.08011524,0.30784693,0.2920263,0.0069934973,0.00848118,0.0,0.0,0.010668288,0.049478114,0.11236749
99999E00034294,2,False,64,64.92,False,0.0,0.0,0.0,0.0,0.0,0.0,0.0,0.0,0.0,0.0031508154,0.9968492,0.0,0.0,0.0,0.0,0.0,0.0,0.0
99999E00034321,6,False,DO,DO.01,False,0.04674935,0.038097918,0.016086485,0.035871435,0.04927852,0.0071312375,0.03296558,0.045025118,0.032578804,0.09832049,0.08434502,0.025051823,0.0817553,0.014823018,0.0,0.20267469,0.12919973,0.060045447
99999E00034339,4,False,68,68.32,False,0.0035370116,0.0,0.0016265056,0.0,0.0070721335,0.0049414206,0.0,0.0,0.0014360694,0.1248336,0.77821726,0.0,0.009832752,0.0,0.0108345505,0.0053312713,0.0,0.05233738
99999E00034344,3,False,45,45.20,False,0.11478917,0.11583282,0.034870833,0.03194345,0.004617613,0.27078182,0.02646179,0.027433122,0.054323304,0.23705766,0.05360772,0.00082846446,0.008108577,0.0,0.0,0.00053889095,0.017667823,0.0011370246
99999E00034365,4,False,DO,DO.01,False,0.0,0.08430424,0.0,0.029610373,0.09161842,0.050315086,0.01448247,0.0366593,0.0,0.4567482,0.13596103,0.0,0.0,0.0,0.0,0.019734355,0.0,0.08056648
99999E00034366,6,False,DO,DO.01,False,0.014335925,0.027268305,0.03405921,0.03063177,0.12722819,0.050318222,0.080257915,0.06555753,0.01858339,0.10754367,0.1298007,0.008545335,0.10071981,0.0,0.0038170975,0.07753031,0.033458248,0.09034444
99999E00034369,4,False,55,55.10,False,0.0,0.0,0.0,0.0,0.002723607,0.0,0.0010395766,0.0,0.0,0.32539174,0.20390321,0.0,0.0,0.0,0.0,0.0,0.0,0.46694186
99999E00034370,4,False,47,47.22,False,0.0013701103,0.0,0.0,0.0,0.0,0.0,0.0,0.0,0.0,0.89346176,0.10516815,0.0,0.0,0.0,0.0,0.0,0.0,0.0
99999E00034389,4,False,55,55.10,False,0.0,0.0,0.0,0.0,0.0011962339,0.011369131,0.0,0.0,0.0,0.9056874,0.081086144,0.0,0.0,0.0,0.0,0.0,0.0,0.00066106545
99999E00034418,5,False,DO,DO.01,False,0.124338225,0.07046108,0.019994227,0.0,0.13771813,0.0,0.042051133,0.0,0.041006036,0.25414944,0.009144539,0.014411245,0.005225451,0.0,0.0,0.11315852,0.061729077,0.10661296
99999E00034444,5,False,DO,DO.01,False,0.036092535,0.010196182,0.035433955,0.018305434,0.019370522,0.019523736,0.023991054,0.028352726,0.04330103,0.11504993,0.26516622,0.0,0.011056161,0.013962295,0.051902052,0.06496977,0.0,0.24332635
99999E00034459,6,False,DO,DO.01,False,0.0,0.07428103,0.02055012,0.04742039,0.07555276,0.0,0.050811693,0.0,0.06742136,0.018102989,0.47647768,0.0,0.0,0.0,0.0,0.09231658,0.028932028,0.048133336
99999E00034471,4,False,56,56.10,False,0.00035459467,0.0025174879,0.005711603,0.0025248642,0.21981356,0.021214928,0.0,0.0,0.013869238,0.5364566,0.18802923,0.0,0.0,0.00013894102,0.0022230027,0.0006673461,0.0,0.006478568
99999E00034472,3,False,81,81.22,False,0.0,0.0,0.012723888,0.54702115,0.0032318686,0.2566762,0.000337643,0.05048388,0.0,0.046825327,0.058691856,0.0,0.016092815,0.0,0.0,0.0,0.0,0.007915352
99999E00034486,4,False,DO,DO.01,False,0.0048993337,0.0,0.0036400224,0.00255932,0.08880298,0.019138377,0.005729078,0.0,0.0018358374,0.16905303,0.6480528,0.0,0.0,0.0014288782,0.0,0.04101921,0.0,0.013841128
99999E00034506,6,False,DO,DO.01,False,0.012087078,0.08658647,0.006790254,0.011310205,0.057370514,0.0057626194,0.014717298,0.0117963245,0.12632559,0.31034097,0.07409391,0.0029898095,0.0074130623,0.0,0.0,0.0058829198,0.028877672,0.23765527
99999E00034507,6,False,DO,DO.01,False,0.004184058,0.0033745235,0.014546306,0.030964512,0.029541664,0.037370663,0.008652471,0.012644384,0.025682706,0.5029651,0.11361589,0.028527977,0.08510121,0.0009324115,0.0,0.027706863,0.0046378253,0.06955151
99999E00034512,4,False,55,55.20,False,0.0,0.0,0.0,0.0,0.0,0.0,0.0,0.0,0.0,0.5224198,0.20772997,0.0,0.0,0.0,0.0,0.0,0.0,0.26985028
99999E00034513,2,False,61,61.10,False,0.0,0.0,0.0,0.0,0.0,0.0,0.0,0.0,0.0,0.0,1.0,0.0,0.0,0.0,0.0,0.0,0.0,0.0
99999E00034517,2,False,61,61.10,False,0.0,0.0,0.0,0.0,0.0,0.0,0.0,0.0,0.0,0.0021157006,0.9964002,0.0,0.0,0.0,0.0,0.0,0.0,0.0014840369
99999E00034530,3,False,47,47.72,False,0.71524924,0.052514907,0.09511425,0.008008923,0.020086747,0.00660772,0.0048973183,0.00079288386,0.024051167,0.00016971429,0.031041805,0.0,0.00033041256,0.0,0.0,0.0049349735,0.001398552,0.034801506
99999E00034545,1,False,85,85.3,True,0.0,0.0,0.0,0.0,0.0,0.0,0.0,0.0,0.0,0.0,0.052139103,0.0,0.0,0.22446191,0.723399,0.0,0.0,0.0
99999E00034581,3,False,43,43.22,False,0.04752199,0.008521405,0.017233979,0.013948231,0.01800177,0.06022334,0.032433774,0.020389419,0.014068395,0.1359695,0.38119966,0.057951953,0.1700926,0.0,0.0,0.0,0.0,0.022443889
99999E00034594,4,False,94,94.9,False,6.0944996e-05,0.0,0.0020586231,0.00038345935,0.0014238069,0.0028742978,0.0,5.501521e-05,0.0,0.0,0.98941994,0.0,6.423931e-05,0.0,0.0,0.0,0.0,0.0036596647
99999E00034597,4,False,47,47.62,False,0.0105327135,0.0,0.0016552117,0.0,0.0,0.0,0.0011837435,0.0,0.0,0.9264649,0.05664377,0.0,0.0,0.0,0.0,0.0,0.0,0.003519646
99999E00034621,3,False,96,96.02,False,0.48632553,0.0109794075,0.025976107,0.013166929,0.0064797364,0.38531712,0.0088908505,0.0019639276,0.0055834185,0.0126376925,0.029349063,0.00043338232,0.010267797,0.0,0.0,0.0,0.0023566745,0.0002723951
99999E00034623,3,False,94,94.91,False,0.0,0.0,0.061296597,0.0,0.0017011216,0.3071311,0.0,0.0022667611,0.0022733568,0.47208416,0.1450432,0.0,0.0018531963,0.0,0.0,0.0013071311,0.0,0.005043364
99999E00034631,6,False,DO,DO.01,False,0.015810246,0.019382987,0.04090668,0.018912502,0.05526855,0.0,0.020836914,0.0,0.12599742,0.1709189,0.06519872,0.0,0.0009723348,0.0,0.0,0.14406402,0.08993771,0.23179308
99999E00034634,6,False,DO,DO.01,False,0.03603791,0.051258367,0.017422304,0.08811234,0.12568232,0.0,0.040695667,0.008853578,0.014188821,0.042104535,0.10204711,0.007013574,0.013603715,0.03721582,0.007075164,0.112209484,0.059403658,0.23707572
99999E00034640,4,False,84,84.11,False,0.0,0.0,0.0,0.0,0.0,0.0,0.0,0.0,0.0,0.0,0.80000496,0.0031359834,0.004148276,0.0,0.17947663,0.0021307697,0.0,0.011103363
99999E00034685,2,False,61,61.10,False,0.0,0.0,0.0,0.0,0.0,0.0,0.0,0.0,0.0,0.0,1.0,0.0,0.0,0.0,0.0,0.0,0.0,0.0
99999E00034688,2,False,61,61.10,False,0.0,0.0,0.0,0.0,0.0,0.0,0.0,0.0,0.0,0.017150909,0.95551306,0.0,0.0,0.0,0.0,0.0,0.0,0.02733605
99999E00034690,6,False,01,01.50,False,0.012931033,0.07998736,0.0,0.020163894,0.0132541265,0.0,0.0494478,0.016037125,0.00605798,0.0,0.0,0.7710377,0.017990366,0.00030840625,0.0,0.0069391406,0.0,0.0058450326
99999E00034746,4,False,71,71.12,True,0.01134583,0.015466899,0.0,0.0013100875,0.017118838,0.009007776,0.006311778,0.0,0.0015926403,0.09214635,0.2275057,0.0,0.0011040468,0.08874255,0.16171749,0.09815027,0.0039963606,0.26448336
99999E00034752,4,False,55,55.10,False,0.0,0.0,0.0,0.0,0.0,0.0,0.0,0.0,0.0,0.96075374,0.037462384,0.0004704817,0.0,0.0,0.0,0.0,0.0,0.0013133823
99999E00034753,6,False,DO,DO.01,False,0.030707072,0.064929016,0.06566562,0.04404902,0.09085424,0.08135979,0.033673428,0.037692674,0.08726015,0.238521,0.01152585,0.08113179,0.08027757,0.0,0.00074204244,0.011566973,0.019630563,0.020413123
99999E00034760,6,False,47,47.61,False,0.25311688,0.07466235,0.048980292,0.0039056318,0.01620839,0.031755928,0.018360399,0.0060057244,0.02939553,0.3274778,0.03862945,0.0005963182,0.011357807,0.00093521725,0.001388765,0.01910742,0.011145093,0.10697097
99999E00034784,6,False,DO,DO.01,False,0.08554094,0.12832223,0.107723676,0.046778563,0.10217949,0.015759926,0.03218733,0.019768417,0.0858202,0.033157703,0.049001765,0.010224961,0.06845687,0.0020248794,0.0018385778,0.06788315,0.070140004,0.073191345
99999E00034791,4,False,55,55.20,False,0.017800016,0.0,0.0070407363,0.004084952,0.0014434677,0.06934681,0.0036626635,0.0,0.0,0.5377101,0.25081086,0.0,0.0009473787,0.0,0.0,0.0025278367,0.0,0.10462523
99999E00034810,4,False,55,55.10,False,0.0,0.0,0.0014332847,0.0,0.005617855,0.0008139303,0.0010335363,0.0,0.002014455,0.92468905,0.061885744,0.0,0.0,0.0,0.0,0.0,0.0,0.0025121307
99999E00034815,6,False,01,01.4,False,0.18354262,0.27796447,0.04743794,0.09160444,0.021964887,0.122921854,0.02703699,0.10638222,0.004311482,0.00064419984,0.019772278,0.015716923,0.060620755,0.0,0.010027786,0.003418916,0.004524922,0.002107232
99999E00034833,2,False,38,38.1,False,0.0,0.0,0.0,0.0,0.0,0.0,0.0,0.0,0.0,0.0,1.0,0.0,0.0,0.0,0.0,0.0,0.0,0.0
99999E00034875,5,False,DO,DO.01,False,0.037185118,0.027617535,0.053202342,0.049662422,0.122406475,0.033528414,0.011638872,0.022433804,0.098836765,0.19711055,0.15110703,0.00056079007,0.015583133,0.0024800363,0.00016856757,0.05288614,0.030830232,0.09276173
99999E00034880,6,False,DO,DO.01,False,0.005333366,0.0128785465,0.052161552,0.010048797,0.11327334,0.0,0.011551947,0.014205144,0.016944166,0.047997843,0.28730047,0.13188249,0.00851622,0.011061525,0.027120473,0.03222579,0.0054584243,0.21203992
99999E00034890,6,False,DO,DO.01,False,0.019813288,0.0791398,0.038242638,0.025848126,0.0114098545,0.0,0.01273796,0.054787267,0.027976476,0.025555436,0.0609896,0.31324485,0.1628645,0.0,0.0037982091,0.04142163,0.019202529,0.10296785
99999E00034903,6,False,DO,DO.01,False,0.10933477,0.054200858,0.04060177,0.038365394,0.09522621,0.011135276,0.063773006,0.02620385,0.054396357,0.1391435,0.07833794,0.035664648,0.10229807,0.0014867464,0.003496983,0.023614883,0.024343368,0.09837643
99999E00040016,2,False,55,55.10,False,0.0,0.0,0.0,0.0,0.0,0.0,0.0,0.0,0.0,0.0,1.0,0.0,0.0,0.0,0.0,0.0,0.0,0.0
99999E00040067,4,False,84,84.11,False,0.0,0.0,0.0,0.0,0.0,0.0,0.0,0.0,0.0,0.0,0.815581,0.0,0.0,0.0,0.12556046,0.0,0.0,0.058858555
99999E00040070,4,False,47,47.71,False,0.29813313,0.04490703,0.003015693,0.001777013,0.011373533,0.13038707,0.015969817,0.0,0.01139602,0.19313847,0.16439387,0.0,0.0013329628,0.0,0.0,0.014054901,0.002690851,0.107429765
99999E00040072,5,False,46,46.41,False,0.0,0.0,0.0,0.0,0.0,0.0,1.0,0.0,0.0,0.0,0.0,0.0,0.0,0.0,0.0,0.0,0.0,0.0
99999E00040080,4,False,84,84.11,False,0.0,0.0,0.0,0.0,0.0,0.0,0.0,0.0,0.0,0.0,0.7207702,0.0013882115,0.0,0.0,0.24500525,0.0,0.0,0.032836363
99999E00040091,6,False,DO,DO.01,False,0.04968104,0.13912942,0.04605775,0.04812005,0.052788347,0.0053244825,0.037567273,0.039841507,0.14361838,0.118390664,0.0383335,0.017333098,0.06789286,0.0,0.0014077435,0.039111145,0.113649815,0.041753005
99999E00040106,4,False,DO,DO.01,False,0.0031223528,0.0,0.0,0.010912911,0.011804136,0.007710875,0.00082380103,0.009854965,0.010628504,0.12846391,0.6028176,0.0007085669,0.0044230265,0.0,0.0,0.02981375,0.0,0.17891559
99999E00040121,6,False,DO,DO.01,False,0.0032767763,0.0,0.009310127,0.0023870876,0.0347173,0.0,0.011437115,0.0018207014,0.007975595,0.08830766,0.54068017,0.0,0.0,0.0,0.0,0.1130269,0.033971027,0.15308961
99999E00040134,4,False,56,56.10,False,0.0,0.0,0.0027587987,0.000513924,0.022629084,0.064431325,0.0008236165,0.0,0.0036049949,0.52518785,0.36052096,0.0038419012,0.0,0.0,0.0,0.0,0.0,0.01568757
99999E00040139,6,False,DO,DO.01,True,0.045643527,0.028253479,0.02782203,0.012023204,0.061021768,0.0,8.447924e-05,0.00981528,0.003930698,0.06495488,0.30309036,0.055301316,0.054458935,0.010247935,0.15652916,0.038047038,0.00065833464,0.12811758
99999E00040150,6,False,DO,DO.01,False,0.044822365,0.08610707,0.038504004,0.017781306,0.011732122,0.0,0.01285778,0.036921557,0.036624644,0.12345442,0.17902355,0.030264681,0.107329376,0.0,0.011623635,0.04597657,0.03060401,0.18637295
99999E00040203,5,False,DO,DO.01,False,0.012843092,0.053578112,0.020949258,0.016316555,0.025937175,0.0,0.009314327,0.06432394,0.09990726,0.03928438,0.08807877,0.0,0.011183998,0.0,0.010037521,0.09185001,0.22492854,0.23146707
99999E00040210,6,False,DO,DO.01,False,0.0,0.09744943,0.17606887,0.0763533,0.1360967,0.035915617,0.016993545,0.03632485,0.11071892,0.0,0.012087823,0.04547129,0.061508242,0.0,0.0,0.14144745,0.053563938,0.0
99999E00040211,6,False,DO,DO.01,False,0.020509511,0.018517004,0.028789239,0.018430913,0.069416806,0.021189282,0.02402594,0.018053906,0.028542234,0.08273198,0.2902408,0.014268806,0.014814239,0.03770078,0.012673818,0.10274112,0.00527782,0.19207579
99999E00040264,4,False,84,84.11,False,0.0,0.0,0.0,0.0,0.0,0.0,0.0,0.0,0.0,0.0,0.7175029,0.0,0.0,0.0,0.17619713,0.005143141,0.0,0.10115683
99999E00040268,4,False,DO,DO.01,False,0.047766,0.02899155,0.0139399525,0.0059693023,0.068426,0.0,0.031216769,0.0,0.0074186865,0.041678973,0.6000529,0.0,0.0,0.0,0.011035393,0.07293627,0.026490347,0.044077884
99999E00040270,2,False,62,62.02,False,0.0,0.0,0.0,0.0,0.0,0.0,0.0,0.0,0.0,0.0,1.0,0.0,0.0,0.0,0.0,0.0,0.0,0.0
99999E00040295,3,False,01,01.30,False,0.25784737,0.025680056,0.0070168385,0.0044917674,0.009440171,0.058505714,0.03005922,0.0014296505,0.0,0.15483874,0.40466708,0.0,0.0012309407,0.0,0.021910135,0.0,0.0,0.022882223
99999E00040318,3,False,52,52.10,False,0.009844824,0.00062266743,0.041526224,0.10030348,0.1452249,0.2210057,0.10062267,0.16046062,0.0006668631,0.05051365,0.15075721,0.0,0.0054763304,0.0,7.660577e-05,0.0,0.0003722255,0.012526026
99999E00040337,4,False,DO,DO.01,False,0.006981433,0.0043403455,0.004015734,0.0,0.006127994,0.009770349,0.0,0.005419336,0.0,0.023666158,0.8693858,0.0,0.022847774,0.0,0.0,0.0,0.015436572,0.03200852
99999E00040339,6,False,DO,DO.01,False,0.01186572,0.05133881,0.0062892307,0.008369312,0.09122533,0.009280693,0.027685426,0.005451061,0.03637558,0.06760102,0.3037462,0.0011590099,0.0051409868,0.0,0.0033499855,0.08544159,0.03548573,0.25019434
99999E00040344,6,False,68,68.20,False,0.026912509,0.048345983,0.011017714,0.028533984,0.08494577,0.02379971,0.0,0.02939624,0.057255965,0.054860808,0.46876353,0.0,0.01739877,0.0,0.0,0.08509761,0.00565799,0.058013376
99999E00040345,5,False,68,68.32,False,0.0,0.11769655,0.004178889,0.006338062,0.09877375,0.00313056,0.0,0.015676845,0.20362106,0.19964893,0.0,0.0,0.037061792,0.0,0.0,0.20343833,0.03481125,0.075623944
99999E00040346,6,False,68,68.20,False,0.034452394,0.116242826,0.019993413,0.017319262,0.08776423,0.014632931,0.0072859097,0.0027450474,0.07026443,0.365174,0.015142198,0.0,0.0022579487,0.0,0.0,0.044305008,0.0035015582,0.19891879
99999E00040347,6,False,68,68.20,False,0.011762721,0.0660978,0.042118933,0.037969112,0.0932404,0.0,0.031588834,0.010640156,0.09219121,0.06765619,0.018660994,0.032771565,0.05640119,0.0,0.0,0.06568987,0.1672299,0.20598117
99999E00040348,5,False,68,68.32,False,0.048106078,0.09492593,0.00039991568,0.0016239819,0.12880798,0.045609303,0.0035938371,0.029599166,0.110973895,0.14163771,0.19681525,0.011154405,0.05943882,0.0008808954,0.0,0.022392575,0.008995401,0.09504482
99999E00040349,5,False,68,68.32,False,0.04240488,0.01015468,0.0,0.0002567144,0.22136009,0.0,0.0,0.0076327324,0.1717636,0.046839524,0.048529863,0.00509813,0.024382442,0.0025599122,0.047125157,0.13172701,0.04209935,0.19806598
99999E00040351,4,False,62,62.02,False,0.009117797,0.0,0.0,0.0,0.04567202,0.0,0.005449677,0.0,0.0,0.0,0.9333213,0.0,0.0,0.0,0.0,0.0034030897,0.0,0.0030361144
99999E00040352,2,False,62,62.02,False,0.0,0.0,0.0,0.0,0.0,0.0,0.0,0.0,0.0,0.0,1.0,0.0,0.0,0.0,0.0,0.0,0.0,0.0
99999E00040357,2,False,60,60.10,False,0.0,0.0,0.0,0.0,0.0,0.0,0.0,0.0,0.0,0.0,1.0,0.0,0.0,0.0,0.0,0.0,0.0,0.0
99999E00040358,2,False,60,60.10,False,0.0,0.0,0.0,0.0,0.0,0.0,0.0,0.0,0.0,0.0,1.0,0.0,0.0,0.0,0.0,0.0,0.0,0.0
99999E00040359,3,False,01,01.1,False,0.015892776,0.0,0.01996185,0.13796672,0.0,0.090422966,0.023460682,0.030007536,0.0,0.0,0.68053305,0.0,0.0,0.0,0.0011623526,0.0,0.0,0.00059211015
99999E00040364,2,False,60,60.10,False,0.0,0.0,0.0,0.0,0.0,0.0,0.0,0.0,0.0,0.0,1.0,0.0,0.0,0.0,0.0,0.0,0.0,0.0
99999E00040380,4,False,DO,DO.01,False,0.0,0.00575952,0.0,0.0,0.021121766,0.0,0.0034224093,0.002974762,0.014503354,0.060341746,0.77188563,0.0,0.0014462047,0.0,0.00095931755,0.0143551715,0.0030909337,0.10013923
99999E00040381,6,False,DO,DO.01,False,0.100084215,0.018373491,0.0015404962,0.013359947,0.00075833796,0.0019079502,0.05788907,0.009863471,0.0,0.012065461,0.6876841,0.0,0.0009692045,0.0019985447,0.0,0.026507467,0.0056086555,0.061389454
99999E00040388,6,False,DO,DO.01,False,0.0047931485,0.0,0.0,0.0,0.025898105,0.0,0.0053084455,0.0,0.018803889,0.0,0.9363875,0.0,0.0,0.0,0.0,0.0057926457,0.0,0.003016263
99999E00040390,4,False,55,55.10,False,0.0015893084,0.0014399325,0.0047497386,0.0,0.0035640458,0.0,0.002703357,0.0012073258,0.004419015,0.27329335,0.42875868,0.007082626,0.01591501,0.0,0.0,0.0025519277,0.0,0.2527257
99999E00040398,2,False,84,84.11,False,0.0,0.0,0.0,0.0,0.0,0.0,0.0,0.0,0.0,0.0,0.9975648,0.0,0.0,0.0,0.0,0.0,0.0,0.0024351538
99999E00040400,6,False,85,85.51,False,0.104736984,0.2734055,0.0049207206,0.0031229882,0.0074719256,0.0,0.0,0.0,0.0015180757,0.039044697,0.10637663,0.0,0.0,0.0,0.0,0.11587964,0.07071632,0.27280656
99999E00040401,4,False,56,56.30,False,0.0010741637,0.00017342423,0.00065562106,0.0003153963,0.0025849498,0.0017790666,0.0,0.00048611272,0.00024032772,0.81293315,0.17555572,0.0,0.0,0.0,0.0,0.0,0.0,0.004201965
99999E00040405,6,False,DO,DO.01,False,0.017059058,0.02229875,0.015443459,0.024338037,0.09414881,0.015324708,0.0043190084,0.019787394,0.041386835,0.018050112,0.58077323,0.005056436,0.0032223966,0.011208017,0.0,0.042698953,0.020076206,0.064808585
99999E00040406,6,False,DO,DO.01,False,0.045612484,0.033328384,0.005235533,0.0,0.170401,0.007393243,0.023465827,0.024285993,0.07329525,0.11104195,0.1893552,0.0,0.009005645,0.0,0.0,0.17095882,0.012022471,0.12459818
99999E00040411,5,False,52,52.10,False,0.15606752,0.0,0.0,0.0,0.0,0.0,0.1772132,0.0,0.009626006,0.0,0.6499921,0.0,0.0,0.0,0.0,0.0071011526,0.0,0.0
99999E00040433,6,False,43,43.22,False,0.011225045,0.0012663745,0.042959932,0.1038701,0.051744774,0.30341104,0.019872399,0.07915984,0.021369072,0.11727048,0.0014179564,0.06690723,0.15105411,0.0,0.0,0.021748027,0.0019165815,0.0048070108
99999E00040440,6,False,96,96.0,False,0.034279454,0.042331953,0.040009145,0.022343004,0.09975884,0.0180955,0.053404752,0.009677801,0.036653254,0.0328532,0.37616757,0.023644237,0.018561047,0.048704855,0.0,0.048606157,0.03597056,0.058938682
99999E00040504,4,False,DO,DO.01,False,0.0,0.21197392,0.005335916,0.019705523,0.03353858,0.0033241252,0.010457667,0.015689917,0.014256828,0.118561216,0.19348618,0.0014490362,0.024445647,0.0040942105,0.0,0.08769972,0.15789025,0.098091304
99999E00040506,6,False,DO,DO.01,False,0.08118526,0.040817127,0.027016241,0.01575444,0.04428573,0.016788982,0.023949375,0.009696858,0.03078155,0.0056348387,0.434132,0.009562945,0.012913391,0.0022896454,0.01015899,0.036684215,0.0,0.1983484
99999E00040508,6,False,DO,DO.01,False,0.0013703047,0.04434111,0.0003886091,0.0,0.013507727,0.0,0.0043957587,0.013150654,0.011318494,0.0006693842,0.4651783,0.001668374,0.0005361177,0.0,0.0009572805,0.16320665,0.043297358,0.23601389
99999E00040509,6,False,DO,DO.01,False,0.010311121,0.043530162,0.0122461505,0.010665466,0.065281995,0.018042613,0.0038663624,0.0055277767,0.045797966,0.14364207,0.31932244,0.0017125629,0.0036087688,0.0023756498,0.0,0.065495834,0.019535175,0.2290379
99999E00040515,4,False,94,94.99,False,0.087748565,0.020326905,0.01302377,0.0,0.008315386,0.0329214,0.0095368195,0.0,0.008940199,0.5431722,0.22450544,0.0,0.0014242475,0.013437586,0.0,0.0,0.0,0.036647547
99999E00040613,6,False,49,49.4,False,0.095473096,0.16944398,0.03679176,0.054152198,0.0349816,0.116900824,0.05135129,0.042680383,0.005948213,0.0006518079,0.18111321,0.009818089,0.023990253,0.0,0.0,0.02270899,0.11427124,0.03972304
99999E00040651,3,False,10,10.85,False,0.0,0.0,0.9280625,0.0060704257,0.008719094,0.0,0.0,0.0016369309,0.019310407,0.00020839779,0.034052867,0.0,0.0018117162,0.0,0.0,0.0,0.0,0.00012772766
99999E00040660,3,False,47,47.78,False,0.6548573,0.020818328,0.11638841,0.118990034,0.010543545,0.012366649,0.007926697,0.0006289038,0.021546675,0.0041057924,0.016088113,0.0,0.0033227978,0.0,0.00012542243,0.00895516,0.00086451875,0.0024717175
99999E00040704,3,False,43,43.34,False,0.09766631,0.023526307,0.04327186,0.04737751,0.033228163,0.12576227,0.03860571,0.031656012,0.004009676,0.028190918,0.13346802,0.074642494,0.29535893,0.0,0.0,0.0016265572,0.0107869115,0.010822328
99999E00040705,3,False,52,52.21,False,0.032028913,0.010259036,0.05391121,0.025359705,0.011638453,0.0048522674,0.030514289,0.0018214993,0.010705675,0.02527159,0.7868132,0.0,0.0,0.0,0.0,0.0,0.0,0.0068241656
99999E00040706,3,False,49,49.39,False,0.104470216,0.061458923,0.12617962,0.09642469,0.08066652,0.055936012,0.09038576,0.08983179,0.055347376,0.022012087,0.098071486,0.015282533,0.050180998,0.002161191,0.0,0.015699025,0.02029431,0.0155974515
99999E00040709,3,False,43,43.21,False,0.006381942,0.0,0.009414785,0.009313485,0.043275766,0.025132757,0.02140131,0.003857764,0.005986931,0.08406442,0.7864876,0.0,0.0,0.0,0.0,0.0,0.0,0.0046833027
99999E00040710,3,False,45,45.20,False,0.002228203,0.0,0.012574325,0.063202046,0.00519476,0.8496617,0.0010732358,0.011130888,0.002889286,0.0019626366,0.047863808,0.0013556789,0.0,0.0,0.0,0.0,0.0,0.0008634828
99999E00040711,3,False,16,16.23,False,0.08156183,0.010088755,0.035699766,0.1075018,0.02116392,0.2613901,0.06900037,0.13579991,0.014304957,0.101627685,0.081019156,0.009056657,0.045483865,0.0,0.0015906035,0.007791885,0.004620038,0.012298706
99999E00040712,3,False,43,43.99,False,0.17579147,0.051075693,0.060687497,0.05550634,0.050699484,0.10114096,0.07851684,0.027725209,0.01634928,0.013065062,0.09642371,0.2029657,0.046566248,0.0,0.010724548,0.002311917,0.0,0.010450016
99999E00040713,6,False,41,41.20,False,0.025380155,0.19841373,0.013726411,0.004117711,0.04739913,0.011581725,0.01868117,0.0041271555,0.04251544,0.14236078,0.073123544,0.011405108,0.010143042,0.0,0.0014896862,0.0768356,0.011732135,0.30696744
99999E00040714,4,False,47,47.64,False,0.14838184,0.0,0.0,0.002891934,0.0,0.11045808,0.0,0.0,0.0,0.597112,0.094777144,0.0,0.0,0.0,0.0,0.0,0.0,0.046379007
99999E00040715,3,False,43,43.34,False,0.060715325,0.045727383,0.028278913,0.03172537,0.024957577,0.08426314,0.031072726,0.013808316,0.026019592,0.07995454,0.36473697,0.035004105,0.084592946,0.025019197,0.0,0.02254876,0.0016447273,0.03993052
99999E00040717,6,False,25,25.99,False,0.1291501,0.08896151,0.04420674,0.07633676,0.015341597,0.11866053,0.022923633,0.034608327,0.0104518505,0.1464828,0.20598792,0.0027718039,0.085534595,0.0,0.0,0.0035190508,0.008047712,0.007015156
99999E00040718,3,False,43,43.33,False,0.102795795,0.024580691,0.039138526,0.0141932545,0.064677685,0.11706263,0.029802347,0.019491265,0.019517053,0.17064825,0.2478973,0.008065464,0.09366087,0.0081425775,0.0,0.010900171,0.0,0.029426139
99999E00040748,4,False,68,68.31,False,0.029509446,0.0,0.0,0.0,0.0,0.0,0.0,0.0,0.0,0.3646191,0.4665112,0.0,0.0,0.0,0.01012019,0.0022109894,0.0,0.12702908
99999E00040779,6,False,DO,DO.01,False,0.03380662,0.079233184,0.024561876,0.012803173,0.10874429,0.017445011,0.07197784,0.0057115345,0.0345234,0.08245653,0.014951613,0.011551126,0.0061637084,0.0014097171,0.0,0.28228208,0.048678707,0.16369967
99999E00040839,6,False,56,56.10,False,0.27701247,0.18759947,0.0,0.0035014816,0.03900346,0.006979137,0.11604528,0.0,0.0,0.0,0.029012334,0.0,0.0,0.0,0.0,0.07398675,0.026524108,0.24033561
99999E00040993,1,False,IL,IL.01,False,0.0,0.0,0.0,0.0,0.0,0.0,0.0,0.0,0.0,0.0,0.0,0.0,0.0,0.3963784,0.6023488,0.0012728377,0.0,0.0
99999E00041045,6,False,68,68.20,False,0.018521307,0.020474708,0.01029159,0.011912866,0.046444833,0.008881433,0.0009815124,0.008380471,0.005036155,0.1273263,0.31723988,0.0,0.009948674,0.0,0.0090179,0.07925872,0.0021382738,0.32414547
99999E00041046,6,False,68,68.20,False,0.050390057,0.05255906,0.051613297,0.042907294,0.044563342,0.024915608,0.017299749,0.031111592,0.02035167,0.056567684,0.093838185,0.005809771,0.0059082652,0.012497518,0.00047058542,0.17377345,0.0035892287,0.31183362
99999E00041058,4,False,93,93.11,False,0.032172274,0.04941184,0.0016028499,0.00082281756,0.003509086,0.0074644093,0.0012188449,0.0010176488,0.0,0.028146232,0.7629976,0.0,0.0,0.0,0.028527053,0.008532976,0.0,0.0745762
99999E00041059,3,False,84,84.1,False,0.0,0.0,0.027219616,0.03823105,0.0096803475,0.8596649,0.00060029415,0.003995436,0.0003661214,0.0100213345,0.013627691,0.015400299,0.020796904,0.0,0.0,0.00039608777,0.0,0.0
99999E00041144,6,False,DO,DO.01,True,0.07937202,0.13310228,0.004404877,0.038314875,0.021358538,0.06365378,0.011820099,0.031091519,0.032547556,0.08010204,0.013943987,0.04094149,0.09546262,0.051001374,0.043003205,0.12657219,0.058833085,0.07447444
99999E00041145,2,False,62,62.02,False,0.0,0.0012913278,0.0,0.0,0.0,0.0,0.0,0.0,0.0,0.0,0.99667436,0.0,0.0,0.0,0.0,0.0,0.0,0.0020343342
99999E00041169,1,False,IL,IL.01,False,0.0,0.0,0.0,0.0,0.0,0.0,0.0,0.0,0.0,0.0,0.026921444,0.0,0.0,0.32158512,0.65089905,0.0005943781,0.0,0.0
99999E00041170,1,False,IL,IL.01,False,0.0,0.0,0.0,0.0,0.0,0.0,0.0,0.0,0.0,0.0,0.0,0.0,0.0,0.36921284,0.63078713,0.0,0.0,0.0
99999E00041177,6,False,DO,DO.01,False,0.02001093,0.040577948,0.032069333,0.010030551,0.0031079797,0.027610844,0.0016278565,0.016157314,0.0039497823,0.06623899,0.6212015,0.0,0.0033044927,0.0,0.0,0.03239128,0.01487649,0.106844805
99999E00041182,4,False,49,49.32,False,0.032925572,0.011196612,0.0060546272,0.0024525805,0.0,0.0014625373,0.0060430747,0.0013585656,0.0011540874,0.02431324,0.83472526,0.008458687,0.006083508,0.0,0.006919903,0.004843933,0.0026235564,0.049384315
99999E00041195,4,False,35,35.30,False,0.0038842363,0.0011177366,0.0,0.0,0.004099766,0.0032585259,0.0,0.0,0.0013453631,0.19684145,0.48046649,0.0031403452,0.0019448261,0.0,0.0,0.0,0.00047992845,0.30342132
99999E00041202,4,False,55,55.10,False,0.0,0.0,0.0037902026,0.0026839233,0.0026684909,0.0083979275,0.0011798118,0.0,0.0,0.25553802,0.21764585,0.0,0.0043733697,0.0,0.0,0.011262926,0.0,0.49245948
99999E00041205,2,False,61,61.90,False,0.0,0.0,0.0,0.0,0.0,0.0,0.0,0.0,0.0,0.0,1.0,0.0,0.0,0.0,0.0,0.0,0.0,0.0
99999E00041224,6,False,96,96.0,False,0.093950674,0.071089834,0.03174423,0.02050101,0.048932407,0.0,0.12744209,0.03257244,0.03446711,0.0,0.477593,0.0,0.0025753898,0.0022350298,0.0,0.0411722,0.0,0.015724627
99999E00639916,4,False,49,49.4,False,0.0028074337,0.018106516,0.002838992,0.0033040605,0.0028261195,0.033741526,0.0065923412,0.0022647162,0.008901903,0.027490096,0.7860458,0.0025167663,0.0,0.015461441,0.032279886,0.027773708,0.0,0.027048696
99999E00639917,4,False,55,55.20,False,0.0,0.0,0.0,0.0016894272,0.0719791,0.0037121286,8.8098386e-05,0.00033646086,0.002071999,0.8954184,0.014224328,0.0,0.0,0.0,0.00020356356,8.659884e-05,3.8051003e-05,0.01015184
99999E00656629,4,False,49,49.4,False,0.0,0.0,0.0,0.0,0.0,0.0,0.0,0.0,0.0,0.0,0.84147954,0.0,0.0,0.0,0.08973899,0.0,0.0,0.068781465
99999E10004622,4,False,01,01.41,False,0.0,0.026328374,0.0,0.0,0.0,0.0,0.0,0.0003565312,0.0006529549,0.20507549,0.0,0.72530216,0.018564567,0.0,0.0,0.0,0.0045858114,0.019134061
99999E10004678,6,False,DO,DO.01,False,0.0017013672,0.011019679,0.009526849,0.0017692233,0.07112948,0.0068062455,0.0075043696,0.006288708,0.08037078,0.41800746,0.06302248,0.0,0.022207523,0.0,0.0,0.06437727,0.0042803586,0.23198825
99999E10004711,4,False,84,84.1,False,0.018635333,0.0072583565,0.0061687836,0.0009988347,0.07276457,0.0055884854,0.010581471,0.0,0.0024867537,0.08607365,0.70423687,0.0004691316,0.0054799323,0.0015665432,0.009015164,0.0127515895,0.005867351,0.05005717
99999E10004722,4,False,55,55.10,False,0.020850612,0.0,0.0,0.0,0.8871342,0.0,0.0,0.0,0.0,0.0053473683,0.07907131,0.0,0.0,0.0,0.0,0.0,0.0,0.0075965067
99999E10004730,4,False,DO,DO.02,False,0.006354741,0.051945426,0.0,0.0,0.0308161,0.0040060836,0.0018493289,0.0,0.0024918679,0.03547809,0.29864225,0.006550462,0.0016010966,0.0,0.003376911,0.02420358,0.0007838405,0.5319002
99999E10004739,5,False,DO,DO.01,False,0.0,1.0,0.0,0.0,0.0,0.0,0.0,0.0,0.0,0.0,0.0,0.0,0.0,0.0,0.0,0.0,0.0,0.0
99999E10004743,4,False,DO,DO.01,False,0.0066625345,0.006191446,0.0016116179,0.008245816,0.026804807,0.0006470085,0.020431535,0.0,0.018397238,0.1666047,0.61305475,0.0,0.004631778,0.0002656513,0.0,0.061360728,0.0063130553,0.058777414
99999E10004761,6,False,DO,DO.01,False,0.046184693,0.093825996,0.025307242,0.03529302,0.10922089,0.0018762203,0.069295764,0.04621092,0.03867981,0.0052360334,0.078567475,0.059521288,0.0945041,0.035056993,0.008699249,0.1399987,0.040541045,0.07198048
99999E10004762,6,False,DO,DO.01,False,0.021363938,0.04263505,0.022489855,0.0021254835,0.03554565,0.0024477555,0.005322429,0.0012255249,0.053640164,0.11255799,0.01924543,0.008528288,0.009610215,0.011410909,0.0033434504,0.21529628,0.01934465,0.41386697
99999E10004800,4,False,93,93.1,False,0.005168195,0.14331317,0.0,0.0,0.0,0.0,0.0007206376,0.0,0.0,0.008884785,0.16632342,0.0016657249,0.0,0.0015848059,0.06503099,0.47061035,0.08334048,0.053357486
99999E10004828,4,False,DO,DO.01,False,0.0,0.0,0.0,0.0020455536,0.0025006426,0.0,0.0,0.0,0.0,0.0056337183,0.81193376,0.0,0.0,0.0,0.018809712,0.060477078,0.002088717,0.09651072
99999E10004846,3,False,43,43.31,False,0.06579973,0.016961452,0.02620019,0.06780351,0.047078706,0.41829446,0.04343975,0.028336532,0.0025525794,0.1310354,0.05502175,0.017919187,0.078506924,0.0,0.0010498565,0.0,0.0,0.0
99999E10004863,3,False,43,43.32,False,0.04763702,0.0,0.0021112554,0.0036503263,0.012385413,0.23755464,0.007843698,0.0,0.007563566,0.46104902,0.16007395,0.0022854272,0.0,0.0,0.0,0.0,0.0,0.057845615
99999E10004896,4,False,47,47.73,False,0.31014088,0.017193804,0.002273956,0.0021343136,0.002023668,0.01678734,0.0069604926,0.0,0.011115676,0.52038,0.094402485,0.0,0.0,0.0,0.0,0.0,0.0021065886,0.014480826
99999E10004933,3,False,79,79.11,False,0.31382287,0.010477587,0.049476944,0.07846285,0.043292876,0.27022386,0.08566297,0.014955442,0.024190947,0.015129903,0.050894585,0.008765886,0.013352368,0.00015251698,0.0,0.004685234,0.009085184,0.0073679965
99999E10004948,6,False,DO,DO.01,False,0.010870705,0.0037614447,0.0032959084,0.002376857,0.0022309672,0.0017304613,0.0026167284,0.004101307,0.0060098968,0.094494,0.5324247,0.0027522366,0.0025140045,0.002635306,0.0,0.011663538,0.0,0.31652194
99999E10004951,3,False,DO,DO.01,False,0.0046192426,0.0027367321,0.033820722,0.034346152,0.087502904,0.007198025,0.012523209,0.038683336,0.014104325,0.03188986,0.6998266,0.0,0.00205819,0.0,0.004313012,0.0,0.0,0.026377713
99999E10004955,4,False,38,38.11,False,0.0,0.0,0.04539794,0.040651456,0.0,0.075980075,0.0,0.015443037,0.0024829893,0.27067128,0.51077014,0.0,0.038603093,0.0,0.0,0.0,0.0,0.0
99999E10004957,6,False,DO,DO.01,False,0.012116035,0.018032985,0.017648851,0.013838003,0.098557524,0.02311279,0.020627858,0.01535466,0.031896155,0.061712697,0.07095967,0.007421684,0.036157366,0.0,0.014655276,0.26790252,0.10789059,0.18211539
99999E10004968,5,False,52,52.10,False,0.025543706,0.03680944,0.005301524,0.16225876,0.14440629,0.10070887,0.12575054,0.17258066,0.01590457,0.0014257886,0.05885897,0.0,0.01692873,0.0,0.103600614,0.0,0.0,0.029921478
99999E10004971,4,False,84,84.1,False,0.0,0.0,0.006318341,0.0,0.0,0.0021697453,0.0,0.0,0.0012942271,0.21848005,0.7565191,0.0,0.0035986973,0.0,0.0,0.0,0.0,0.0116197625
99999E10004985,4,False,47,47.73,True,0.0,0.0,0.0,0.0,0.0,0.0,0.0,0.0,0.0,0.8796717,0.1197859,0.0,0.0,0.0,0.0,0.0,0.0,0.00054243667
99999E10004998,6,False,DO,DO.01,False,0.062450815,0.13031177,0.054579806,0.024793815,0.031235136,0.023327228,0.013697114,0.025504299,0.047717832,0.057908818,0.25592053,0.01795331,0.016812107,0.0,0.02353185,0.051903583,0.015760135,0.14659186
99999E10005015,1,False,01,01.4,True,0.0,0.0,0.0,0.0,0.0,0.0,0.0,0.0,0.0,0.0031862275,0.6585068,0.0,0.0,0.12946048,0.20631394,0.0,0.0,0.0025325252
99999E10005016,6,False,DO,DO.01,False,0.090541884,0.020627564,0.072467394,0.03820785,0.14816739,0.16787362,0.14792824,0.014276208,0.020528723,0.05944081,0.16280983,0.0021480056,0.005162627,0.0,0.0018285407,0.026352342,0.0065349154,0.015103994
99999E10005018,6,False,DO,DO.01,False,0.04413565,0.088415876,0.021690931,0.0066327993,0.22267887,0.0041967896,0.07777682,0.016518904,0.09380685,0.051894948,0.084398754,0.0,0.0041658687,0.0054127052,0.028189188,0.072735995,0.029710127,0.1476389
99999E10005025,6,False,DO,DO.01,False,0.0050967378,0.0036035813,0.004472149,0.00020250323,0.0060336194,0.0056725293,0.01810574,0.0,0.01194037,0.013623831,0.6247907,0.0,0.00030009513,0.03295679,0.045787685,0.12356356,0.0064459457,0.09740405
99999E10005026,6,False,DO,DO.01,False,0.01724842,0.09945592,0.038415704,0.00015661815,0.023308864,0.00613875,0.012311548,0.005389706,0.03515396,0.060897216,0.5768382,0.0,0.0,0.0,0.0,0.0052807555,0.018991651,0.10041265
99999E10005038,4,False,84,84.11,False,0.0,0.0,0.0,7.955992e-05,0.0,0.0,6.53528e-05,0.0,0.0019492181,0.0,0.5239163,0.0,0.0,0.0,0.28739744,0.00091920124,0.0,0.18567297
99999E10005044,5,False,DO,DO.01,False,0.05560843,0.006789918,0.03158803,0.031144131,0.02733723,0.007897896,0.04945418,0.031754937,0.026470734,0.23092821,0.22732374,0.0,0.0045988197,0.0,0.0053090616,0.0725122,0.0,0.1912825
99999E10005075,5,False,94,94.99,False,0.0,0.33760682,0.0,0.0,0.0,0.006647674,0.0,0.0071225073,0.0,0.040835705,0.021367522,0.0,0.0,0.0674264,0.0,0.5189934,0.0,0.0
99999E10005103,6,False,DO,DO.01,False,0.0014517704,0.039937254,0.0006190376,0.0029103244,0.013902059,0.0011244436,0.009229596,0.0029544206,0.012989614,0.10348274,0.64692986,0.007972864,0.023274116,0.001577274,0.0030917958,0.011210516,0.03333814,0.084004246
99999E10005118,4,False,55,55.10,True,0.026573243,0.02391098,0.0,0.0,0.0,0.0,0.0,0.0,0.0,0.038941823,0.43099356,0.0,0.0,0.0,0.12643367,0.0,0.0,0.35314676
99999E20000010,2,False,49,49.39,False,0.0,0.0,0.0,0.0,0.0,0.0,0.0,0.0,0.0,0.0,1.0,0.0,0.0,0.0,0.0,0.0,0.0,0.0
99999E20000023,4,False,56,56.10,True,0.0,0.004512235,0.0,0.0,0.0012049471,0.0,0.0,0.0,0.0,0.6918866,0.09509305,0.0,0.0,0.0007149933,0.013240601,0.0,0.0,0.19334757
99999E20000033,4,False,93,93.1,False,0.0073707667,0.06355933,0.0,0.0,0.0,0.0034235995,0.0,0.0,0.0,0.04607395,0.7815888,0.0,0.013300392,0.011122707,0.02993387,0.013689073,0.0,0.029937418
99999E20000035,6,False,DO,DO.01,False,0.011159129,0.022002682,0.0,0.0,0.011585743,0.0,0.0043596285,0.0032258914,0.0,0.02262507,0.6417566,0.011778595,0.082537815,0.0,0.0,0.16031277,0.0073371497,0.021318935
99999E20000037,1,False,IL,IL.01,False,0.0,0.0,0.0,0.0,0.0,0.0,0.0,0.0,0.0,0.0,0.0,0.0,0.0,0.36227655,0.6377235,0.0,0.0,0.0
99999E20000052,6,False,DO,DO.01,False,0.11976759,0.0,0.0,0.06783617,0.06918005,0.0,0.015728291,0.10957768,0.0,0.15345943,0.13482168,0.0,0.019008791,0.0018008803,0.0,0.14845045,0.012791679,0.14757717
99999E20000107,6,False,DO,DO.01,False,0.002227742,0.0038985484,0.06463728,0.014813889,0.13101982,0.018661806,0.003847918,0.000979849,0.028814714,0.0026178944,0.64119655,0.0037943088,0.004053418,0.008085988,0.0008845444,0.040078506,0.0035441348,0.0268431
99999E20000137,4,False,47,47.11,False,0.0,0.0,0.0,0.0,0.0,0.0,0.0,0.0,0.0,0.90418935,0.09581065,0.0,0.0,0.0,0.0,0.0,0.0,0.0
99999E20000141,5,False,DO,DO.01,False,0.0,0.0,0.013525083,0.41294298,0.05435713,0.02705016,0.06454374,0.03064544,0.0,0.0,0.3969355,0.0,0.0,0.0,0.0,0.0,0.0,0.0
99999E20000149,6,False,01,01.11,False,0.018349363,0.030942235,0.020049535,0.34510812,0.0077288663,0.0,0.0030255031,0.04146456,0.0056092283,0.0,0.070090815,0.0023204444,0.0,0.0,0.41253936,0.004390996,0.038381044,0.0
99999E20000152,4,False,38,38.11,False,0.0,0.0,0.0,0.0,0.007786087,0.0,0.009448595,0.0,0.0,0.0,0.81658655,0.0,0.0,0.0,0.0,0.15624323,0.0,0.009935583
99999E20000165,1,False,IL,IL.01,False,0.0,0.0,0.0,0.0,0.0,0.0,0.0,0.0,0.0,0.0,0.004987984,0.0,0.0,0.16467105,0.830341,0.0,0.0,0.0
99999E20000166,6,False,DO,DO.01,False,0.0184043,0.1688106,0.0,0.015358724,0.10306679,0.004575131,0.061186735,0.033059157,0.015963327,0.19528681,0.254944,0.005233878,0.02013238,0.0,0.0,0.0122590065,0.012290589,0.079428606
99999E20000168,6,False,CO,CO.02,False,0.16709016,0.082485005,0.11649931,0.05178119,0.1301827,0.03814067,0.112013035,0.017132707,0.08795424,0.022412548,0.020278674,0.006336496,0.0134982625,0.0032856544,0.0,0.050688542,0.049222253,0.030998612
99999E20000178,6,False,DO,DO.01,False,0.04379872,0.04568031,0.048790917,0.024471592,0.17739911,0.00038066923,0.044589054,0.008777145,0.024112675,0.055853236,0.30551788,0.01830475,0.009719755,0.0,0.0,0.07802632,0.09082768,0.023750134
99999E20000203,5,False,DO,DO.01,False,0.03125645,0.034835435,0.029443236,0.024720067,0.011736354,0.041201223,0.061778955,0.011476729,0.020642638,0.16191408,0.00019887894,0.008174839,0.0077413004,0.0,0.0,0.22008659,0.0,0.33479315
99999E20000207,2,False,61,61.20,False,0.0,0.0,0.0,0.0,0.0,0.0,0.0,0.0,0.0,0.0,1.0,0.0,0.0,0.0,0.0,0.0,0.0,0.0
99999E20000235,3,False,75,75.00,False,0.015646523,0.011038051,0.004152401,0.0018047639,0.030442793,0.014120416,0.003951343,0.002831319,0.0030128588,0.2051948,0.5741672,0.0,0.0,0.0,0.0,0.008159125,0.0,0.12547845
99999E20000237,3,False,47,47.71,False,0.91708785,0.0013826358,0.012534025,0.0023195767,0.0011732597,0.014827115,0.0021470757,0.0,0.0043444973,0.009500469,0.034196462,0.0,0.0,0.0,0.0,0.0,0.0,0.00048702204
99999E20000251,4,False,52,52.21,False,0.009400239,0.0038976609,0.0,0.0,0.040539835,0.0,0.0,0.0,0.0,0.359481,0.5249336,0.0,0.0,0.0,0.0,0.0,0.0,0.061747693
99999E20000252,3,False,11,11.05,False,0.033352762,0.005448443,0.047254987,0.023312157,0.057618782,0.2869007,0.011666393,0.010263925,0.017522512,0.17917515,0.3043325,0.0,0.0046524117,0.0,0.0,0.0,0.0013579358,0.01714136
99999E20000256,3,False,88,88.10,False,0.0009800871,0.008747105,0.03300075,0.025517976,0.039702073,0.659289,0.018717226,0.0,0.0071267416,0.021927038,0.10745885,0.0,0.0,0.009806471,0.009542666,0.007858662,0.0,0.050325412
99999E20000264,4,False,58,58.2,False,0.0,0.0,0.0,0.0,0.0,0.0,0.0,0.0,0.0,0.0,0.0,0.0,0.0,0.0,0.9940223,0.0015046758,0.0,0.004473004
99999E20000305,4,False,43,43.21,False,0.013244295,0.0,0.0,0.0,0.012352355,0.0042405194,0.0040383805,0.0,0.0,0.19699429,0.66586524,0.0,0.0051365676,0.0,0.0,0.0012619436,0.0,0.0968664
99999E20000333,4,False,01,01.41,False,0.0015437355,0.0,0.0013453332,0.0006806114,0.0027793704,0.0,0.00011422349,0.0,0.0008079688,0.7164021,0.27135608,0.0,0.0,0.0,0.0,0.0,0.0,0.0049706106
99999E20000342,6,False,55,55.30,False,0.00017685835,0.0016573853,0.0,0.00039485606,0.0,0.0,0.0,0.0,0.00015584065,0.0,0.7060286,0.0013835846,0.0046336725,0.0023002175,0.074090615,0.009345551,0.0,0.19983283
99999E20000352,1,False,IL,IL.01,False,0.0,0.0,0.0,0.0,0.0,0.0,0.0,0.0,0.0,0.0,0.0,0.0,0.0,0.38298586,0.61701417,0.0,0.0,0.0
99999E20000353,1,False,IL,IL.01,False,0.0,0.0,0.0,0.0,0.0,0.0,0.0,0.0,0.0,0.0,0.0,0.0,0.0,0.34637123,0.6497069,0.0,0.0,0.00392181
99999E20000354,4,False,DO,DO.01,False,0.010613509,0.009648645,0.0,0.0,0.017768068,0.0063899513,0.0,0.0,0.011432733,0.018678317,0.32049882,0.0,0.0,0.011997088,0.14755143,0.1722556,0.0,0.27316585
99999E20000388,2,False,36,36.00,False,0.0,0.0,0.0,0.0,0.0,0.0,0.0,0.0,0.0,0.0,0.99510694,0.0,0.0,0.0,0.0,0.0,0.0,0.004893109
99999E20000392,4,False,84,84.11,False,0.010990831,0.013671764,8.1615086e-05,0.005079921,0.0,0.0,0.0,0.0,0.0043602246,0.1374967,0.00012118605,0.0,0.0008136776,0.020094626,0.32543153,0.007827629,0.0,0.47403035
99999E20000409,2,False,36,36.00,False,0.0,0.0,0.0,0.0,0.0,0.0,0.0,0.0,0.0,0.0,0.9950046,0.0,0.0,0.0,0.002412208,0.0,0.0,0.0025832152
99999E20000483,5,False,84,84.1,False,0.0,0.0,0.0,0.0,0.0,0.0,0.0,0.0,0.0,0.0,0.0,0.008976662,0.0,0.0,0.0,0.98264515,0.008378217,0.0
99999E20000505,4,False,52,52.21,False,0.0,0.03961533,0.0,0.0,0.0,0.0,0.0,0.0,0.0,0.06266332,0.8058198,0.0,0.0,0.0,0.010293971,0.03719898,0.0,0.04440862
99999E20000519,6,False,55,55.10,False,0.024040777,0.06535662,0.0014114706,0.0022415048,0.025278276,0.0,0.013103371,0.00029438062,0.005164251,0.018444343,0.2027463,0.005952166,0.0041437624,0.0703208,0.2333921,0.09539398,0.057550266,0.17516562
99999E20000526,6,False,DO,DO.01,False,0.06213555,0.067676865,0.035773195,0.00972328,0.06295733,0.008041403,0.012707176,0.01253878,0.080108725,0.21771188,0.012682822,0.03166874,0.033264194,0.0,0.0,0.010521598,0.007306641,0.33518183
99999E20000527,6,False,DO,DO.01,False,0.011051329,0.014746744,0.0057217088,0.006673498,0.06463985,0.017751765,0.0,0.027429283,0.004275069,0.042143106,0.63151604,0.0075055645,0.08719446,0.0,0.00082707877,0.059720274,0.0,0.01880432
99999E20000564,3,False,45,45.20,False,0.014686375,0.002104874,0.02460959,0.02309051,0.08312385,0.03548104,0.034812625,0.01670365,0.0040619504,0.08858365,0.65637326,0.0,0.0007929605,0.0,0.0,0.0,0.0,0.015575655
99999E20000569,6,False,DO,DO.01,False,0.00961219,0.026797181,0.016206156,0.012840165,0.014432813,0.006411456,0.008716892,0.02290636,0.017302122,0.058264256,0.6186987,0.0,0.026685495,0.0,0.0,0.022091873,0.038555905,0.10047852
99999E20000615,3,False,68,68.20,False,0.057030298,0.00534387,0.0056247483,0.021984706,0.009121945,0.35951477,0.01089804,0.003953088,0.0019582724,0.32715794,0.09827404,0.0010774798,0.037520118,0.0007007648,0.0056469613,0.014376607,0.0,0.039816413
99999E20000624,4,False,01,01.41,False,0.0,0.0,0.0,0.0,0.0075865667,0.0,0.0,0.0,0.0037236814,0.008247782,0.9183574,0.0,0.0,0.0,0.0,0.0018444404,0.0,0.060240127
99999E20000650,4,False,DO,DO.01,False,0.0,0.0,0.012175396,0.003427579,0.02688555,0.0,0.0,0.0,0.002177017,0.022919832,0.53893405,0.0,0.002724329,0.0,0.0,0.03298242,0.0,0.3577738
99999E20000661,3,False,16,16.23,False,0.05887535,0.017586054,0.021832528,0.06767857,0.036974877,0.4510772,0.04159051,0.033688676,0.0043619755,0.0080784885,0.05950496,0.06634914,0.13176292,0.0,0.0006386693,0.0,0.0,0.0
99999E20000662,6,False,01,01.11,False,0.16376257,0.025851911,0.10658353,0.087447554,0.09133093,0.0018441498,0.008232347,0.0037273155,0.09816911,0.025734864,0.2782247,0.00047339246,0.00014826028,0.0,0.0,0.05188069,0.0,0.056588605
99999E20000663,5,False,96,96.0,False,0.0,0.0,0.0,0.0,0.0,0.0,0.0,1.0,0.0,0.0,0.0,0.0,0.0,0.0,0.0,0.0,0.0,0.0
99999E20000702,1,False,IL,IL.01,False,0.0,0.0,0.0,0.0,0.0,0.0,0.0,0.0,0.0,0.0,0.0,0.0,0.0,0.3575331,0.6424669,0.0,0.0,0.0
99999E20000709,6,False,DO,DO.01,False,0.043797817,0.06319146,0.030021627,0.015676599,0.087684676,0.048726927,0.022356728,0.01245282,0.07613227,0.3486983,0.036533624,0.005835374,0.05210478,0.0,0.0026865804,0.060880978,0.0056731007,0.08754642
99999E20000727,3,False,47,47.78,False,0.6156397,0.014902548,0.052962955,0.05062652,0.022507748,0.12724046,0.0021110883,0.006441695,0.0015811947,0.029784827,0.039889574,0.0,0.0016500244,0.0037785557,0.004029831,0.0018183269,0.00030596167,0.024729151
99999E20000735,6,False,45,45.20,False,0.36457124,0.10104467,0.05105219,0.040184427,0.038435098,0.09826648,0.1002878,0.035034962,0.04660648,0.033380296,0.032772057,0.0025498895,0.019189494,0.0,0.0,0.017419176,0.006359518,0.012846252
99999E20000737,2,False,IL,IL.01,False,0.0,0.0,0.0,0.0,0.0,0.0,0.0,0.0,0.0,0.0,1.0,0.0,0.0,0.0,0.0,0.0,0.0,0.0
99999E20000752,6,False,16,16.29,False,0.10101717,0.08246259,0.040526226,0.030393232,0.085248336,0.008165291,0.053061053,0.02431699,0.051819343,0.01811888,0.049742844,0.024183614,0.04361116,0.06792972,0.036707457,0.13612881,0.024694107,0.121873155
99999E20000769,4,False,DO,DO.01,False,0.0,0.0,0.0,0.0,0.008778305,0.0,0.0,0.0,0.036816813,0.55514276,0.04444537,0.0,0.0,0.0,0.0,0.0030532368,0.0,0.35176352
99999E20000790,4,False,55,55.10,True,0.0,0.0,0.0,0.0,0.0,0.001406337,0.0,0.0,0.0,0.025111709,0.5974426,0.0,0.0,0.0,0.0051757605,0.0,0.0,0.3708636
99999E20000811,5,False,DO,DO.01,False,0.0,0.014403018,0.0,0.0,0.022396635,0.12670061,0.002914465,0.0048251925,0.037271287,0.03845642,0.5166826,0.005345201,0.0121174,0.010992733,0.013931383,0.032808896,0.013363002,0.14779118
99999E20000812,6,False,DO,DO.01,False,0.023215516,0.014983044,0.01214959,0.0035430267,0.07228692,0.0,0.0,0.004503602,0.035731956,0.022322517,0.4516563,0.0,0.0055703716,0.0,0.0,0.09492078,0.16670087,0.09241556
99999E20000833,6,False,CO,CO.02,False,0.2106115,0.16568337,0.046623264,0.042973425,0.13251412,0.0,0.09768538,0.0,0.056554697,0.0,0.027060734,0.0,0.00086537335,0.03429933,0.0,0.09318544,0.079431094,0.012512281
99999E20000834,6,False,CO,CO.02,False,0.06786595,0.040335424,0.051227793,0.027845727,0.056858663,0.0,0.101831764,0.01643295,0.027875274,0.0018714848,0.16230206,0.0,0.01236165,0.061676916,0.010802078,0.21135466,0.14935762,0.0
99999E20000835,6,False,CO,CO.02,False,0.097506665,0.03785087,0.09957285,0.040063605,0.13277845,0.0,0.05791198,0.01796561,0.068089075,0.0,0.10162439,0.0,0.03478822,0.080947824,0.0,0.14623068,0.084669895,0.0
99999E20000853,6,False,DO,DO.01,False,0.035054848,0.12662326,0.030467054,0.02120319,0.095288,0.022689661,0.04237996,0.007535555,0.03946359,0.23822014,0.068706535,0.0,0.0036344242,0.0,0.0,0.055969883,0.026258186,0.18650576
99999E20000855,6,False,01,01.4,False,0.10562307,0.015216037,0.018833287,0.007128642,0.0020808256,0.0,0.077404894,0.0,0.0,0.0,0.0008256765,0.6641765,0.108711034,0.0,0.0,0.0,0.0,0.0
99999E20000877,6,False,DO,DO.01,False,0.009175743,0.017313782,0.014783899,0.025318505,0.044032056,0.0034888124,0.027301507,0.017874293,0.004711336,0.13851328,0.17201678,0.02090712,0.042514127,0.0,0.0,0.15865235,0.007866871,0.2955295
99999E20000894,3,False,47,47.72,False,0.82982063,0.0039234012,0.018566297,0.011032657,0.0023327428,0.018841794,0.0020126784,0.0022246742,0.0,0.0557267,0.04211045,0.0,0.0,0.0,0.0,0.0005202279,0.0,0.0128877675
99999E20000895,3,False,47,47.77,False,0.8498352,0.0,0.03340204,0.017623983,0.0,0.052821983,0.0015535955,0.00023515038,0.004416284,0.018129023,0.015953615,0.0,0.0003097037,0.0,0.000114101356,0.0,0.0,0.0056053963
99999E20000903,4,False,56,56.30,False,0.0,0.0,0.0012896532,0.0,0.07442404,0.0018554631,0.00049592723,0.0,0.0005597066,0.51435715,0.16679181,0.0,0.0,0.0020900485,0.0055477163,0.0,0.0,0.23258854
99999E30431958,5,False,DO,DO.01,False,0.015116859,0.014672568,0.055843525,0.017212156,0.013070927,0.0,0.0,0.028270062,0.017305404,0.03995327,0.17939478,0.0,0.0,0.0,0.043463714,0.17709653,0.059831172,0.33876902
99999E30431972,5,False,DO,DO.01,False,0.0052992394,0.010933375,0.05193846,0.04590048,0.06187699,0.0040581534,0.050854973,0.08044404,0.020211969,0.029431466,0.0,0.08473858,0.14571925,0.0,0.0,0.1494819,0.02107876,0.23803239
99999E30461097,6,False,56,56.10,False,0.0,0.0025242947,0.016045991,0.001837,0.13978769,0.023320824,0.00059366086,0.0,0.012403348,0.51802653,0.22084138,0.0,0.0037118667,0.0,0.0,0.016784672,0.0,0.044122737
99999E30478527,5,False,DO,DO.01,False,0.0,0.0,0.0,0.0,0.0,0.7506016,0.0,0.0,0.0,0.0,0.0,0.0,0.0,0.0,0.0,0.0,0.0,0.24939841
99999E30478532,4,False,DO,DO.01,False,0.005941462,0.010228034,0.0077530853,0.0,0.057041276,0.012346638,0.050110772,0.008917238,0.004547074,0.1671601,0.3086631,0.0,0.005807788,0.0,0.0052435477,0.031717822,0.0029174057,0.3216046
99999E30478601,4,False,DO,DO.01,False,0.0,0.0,0.0,0.0,0.07917645,0.0,0.0064001014,0.0,0.0,0.0,0.13535622,0.0,0.0,0.0027280145,0.07988325,0.3052037,0.0,0.39125228
99999E30478677,6,False,DO,DO.01,False,0.05406565,0.03181754,0.029808672,0.02524641,0.15974261,0.12593545,0.069670744,0.008052452,0.033175465,0.21401827,0.01753245,0.03691754,0.062046215,0.0,0.0,0.060354896,0.0034007544,0.06821489
99999E30478681,5,False,DO,DO.01,False,0.0,0.29484424,0.0054330165,0.0,0.02972351,0.0,0.00787343,0.0,0.0,0.031218357,0.0,0.06538269,0.011285638,0.0,0.0,0.39311785,0.16112122,0.0
99999E30478684,6,False,DO,DO.01,False,0.04370297,0.04924725,0.029567027,0.014145775,0.056047346,0.0034774619,0.0669393,0.029316356,0.026433626,0.028871536,0.27202353,0.05405426,0.039353073,0.0,0.00770694,0.071716815,0.06665422,0.14074259
99999E30478798,6,False,DO,DO.01,False,0.033393968,0.049773894,0.0148325125,0.0038531765,0.12647839,0.011206634,0.038217094,0.010955445,0.030703913,0.11541714,0.18931621,0.0074681314,0.063921094,0.0,0.0,0.07692974,0.016138291,0.21139434
99999E30478822,4,False,DO,DO.01,True,0.01051941,0.007733926,0.0,0.022641934,0.018275663,0.0,0.010079777,0.02926304,0.032629836,0.03215242,0.16316807,0.002202456,0.009729445,0.0151793435,0.19556521,0.09347257,0.0023819155,0.355005
99999E30478826,6,False,DO,DO.01,False,0.074960105,0.074570425,0.030752823,0.02825116,0.057903893,0.0045927987,0.032306742,0.008375762,0.065758474,0.15127048,0.27109694,0.016591161,0.045996934,0.0,0.0,0.062727615,0.035683986,0.039160658
99999E30478834,5,False,DO,DO.01,False,0.033670895,0.033876117,0.24471195,0.08223114,0.039693158,0.048963618,0.0,0.06428466,0.2570891,0.121535085,0.0,0.0,0.04660708,0.0,0.0,0.027337253,0.0,0.0
99999E30478857,4,False,DO,DO.01,False,0.0026467098,0.0,0.0,0.0,0.0045632934,0.0,0.008852789,0.0071187373,0.0,0.0023729124,0.92215025,0.0,0.0025554441,0.0,0.0,0.0,0.0024641783,0.04727572
99999E30478923,6,False,DO,DO.01,False,0.042337142,0.009223988,0.04581977,0.058121737,0.118173845,0.0,0.039219365,0.021094773,0.064261116,0.028633833,0.11393168,0.002701524,0.0,0.030429872,0.038720187,0.19253623,0.02857413,0.16622084
99999E30478960,3,False,DO,DO.01,False,0.03797033,0.020192873,0.008211353,0.009178658,0.15987879,0.012659991,0.013043933,0.005363348,0.024101099,0.16736522,0.3381101,0.009788757,0.02051896,0.0,0.004152793,0.021337247,0.0,0.1481265
99999E30478984,5,False,DO,DO.01,False,0.0,0.0,0.0,0.020020986,0.043413784,0.0,0.0,0.0670864,0.0,0.09050717,0.06452606,0.0,0.017950332,0.0,0.0,0.0,0.0,0.6964953
99999E30479012,5,False,DO,DO.01,False,0.26354682,0.0,0.55353034,0.0,0.032512315,0.1504105,0.0,0.0,0.0,0.0,0.0,0.0,0.0,0.0,0.0,0.0,0.0,0.0
99999E30479015,5,False,DO,DO.01,False,0.06536126,0.1199573,0.012724646,0.0026979158,0.0,0.0,0.019055577,0.0,0.012640388,0.046688978,0.027093155,0.19522798,0.033234093,0.0,0.012815514,0.18950833,0.16453487,0.09845988
99999E30479027,4,False,DO,DO.01,False,0.039472375,0.020387007,0.023690844,0.0,0.0035728775,0.0,0.008543939,0.00384074,0.008013512,0.40251532,0.38091382,0.0,0.0,0.0,0.0,0.0,0.0,0.10904958
99999E30479045,5,False,DO,DO.01,False,0.0,0.17449476,0.0,0.0,0.0,0.0,0.0,0.0,0.0,0.0,0.024471253,0.0,0.0,0.09252702,0.0,0.62484723,0.0,0.08365972
99999E30479096,6,False,DO,DO.01,False,0.03311757,0.022852307,0.009123137,0.0012769058,0.013144208,0.043882344,0.00776078,0.010776584,0.0028928376,0.12714244,0.57270056,0.005821801,0.0096351495,0.0019007691,0.006776354,0.010736985,0.0015054705,0.118953705
99999E30479157,5,False,DO,DO.01,False,0.18600626,0.08126861,0.25852877,0.05270729,0.0761071,0.047430404,0.09618388,0.064968735,0.012476828,0.0,0.020530611,0.010053769,0.02199983,0.0,0.0,0.047768865,0.01785371,0.006115337
99999E30479175,4,False,DO,DO.01,False,0.0,0.0060391976,0.0066549513,0.0,0.0047178497,0.00011613843,0.0083948355,0.0,0.017672762,0.028101116,0.91160995,0.0,0.0,0.0,0.0,0.0,0.0,0.016693255
99999E30479179,5,False,DO,DO.01,False,0.0,0.0,0.0,0.0,0.0,0.0,0.0,0.0,1.0,0.0,0.0,0.0,0.0,0.0,0.0,0.0,0.0,0.0
99999E30479192,6,False,DO,DO.01,False,0.023044186,0.013729947,0.011764638,0.0041289576,0.026810458,0.021525435,0.050243396,0.010825056,0.021107214,0.07731453,0.26076582,0.0,0.003778739,0.020927003,0.0,0.15362829,0.010218689,0.29018763
99999E30479215,4,False,DO,DO.01,False,0.029656677,0.06368067,0.019048369,0.007874878,0.04117613,0.0,0.0,0.0,0.004004234,0.06629422,0.6147098,0.0,0.0,0.0,0.0,0.0,0.0,0.153555
99999E30479235,5,False,DO,DO.01,False,0.025186285,0.0119357705,0.034293573,0.0,0.10968898,0.02550609,0.036852002,0.005029795,0.0052003567,0.022133945,0.032408513,0.049674336,0.014517294,0.10552621,0.39131486,0.017020643,0.02094534,0.09276605
99999E30479239,4,False,DO,DO.01,False,0.0,0.0,0.0,0.0,0.015536996,0.0,0.0,0.0,0.0,0.1473119,0.5974717,0.0,0.0,0.0,0.026474128,0.0,0.0,0.21320526
99999E30479243,5,False,DO,DO.01,False,0.050581142,0.07017285,0.11495923,0.02829009,0.11504261,0.027074857,0.020804845,0.008642109,0.15388416,0.20460288,0.00998866,0.0064617796,0.040561218,0.0046920856,0.0022303564,0.043548226,0.013542639,0.08492029
99999E30479273,6,False,DO,DO.01,False,0.044497095,0.039468538,0.0,0.007012467,0.022772701,0.013717486,0.0,0.009323714,0.004817238,0.11503943,0.34356862,0.0,0.0064091724,0.019805951,0.0,0.048802193,0.0032012714,0.3215641
99999E30479352,6,False,DO,DO.01,False,0.19355151,0.40704975,0.023466714,0.02300227,0.08034905,0.010694467,0.026155612,0.0992691,0.078405716,0.0,0.0357623,0.0,0.00046444542,0.0,0.0,0.0014544475,0.020374486,0.0
99999E30479367,4,False,74,74.90,False,0.0,0.008041838,0.0,0.023548612,0.0,0.0,0.0,0.0,0.0,0.028792912,0.83702666,0.0,0.0,0.0,0.0,0.023432653,0.0,0.079157315
99999E30479384,5,False,DO,DO.01,False,0.0,0.06614552,0.09067771,0.06852567,0.12665944,0.06950486,0.047284164,0.036534272,0.09676212,0.102776244,0.04389867,0.005198397,0.074784994,0.0066778157,0.0,0.052565932,0.03895692,0.073047295
99999E30479429,6,False,DO,DO.01,False,0.023301953,0.052078858,0.088953935,0.0028528497,0.056366965,0.0039767665,0.022308312,0.010260985,0.19710387,0.17157285,0.034588594,0.002659642,0.006344941,0.0,0.0033441493,0.033131257,0.011493099,0.27966097
99999E30479447,5,False,DO,DO.01,False,0.0,0.6129396,0.3870604,0.0,0.0,0.0,0.0,0.0,0.0,0.0,0.0,0.0,0.0,0.0,0.0,0.0,0.0,0.0
99999E30479452,6,False,DO,DO.01,False,0.022603586,0.016972125,0.042385247,0.12685382,0.029208364,0.015681133,0.016326629,0.2912579,0.03921635,0.11709931,0.0018046822,0.019340064,0.22564834,0.0,0.0,0.010748111,0.009692562,0.015161809
99999E30479460,5,False,DO,DO.01,False,0.05347594,0.1666422,0.0,0.19211672,0.0,0.0,0.03678675,0.0,0.05679615,0.20525065,0.043236177,0.15453665,0.0453664,0.0,0.0,0.014323913,0.0,0.031468537
99999E30479472,6,False,DO,DO.01,False,0.025500307,0.023015069,0.024627574,0.07582885,0.011420501,0.05430299,0.023051333,0.02706688,0.062404197,0.091956325,0.2795654,0.009005371,0.014082225,0.0,0.011937857,0.04315084,0.0036118184,0.21947238
99999E30479544,6,False,DO,DO.01,False,0.03406633,0.038883395,0.004747907,0.0035373785,0.02342261,0.008027171,0.015758652,0.015014801,0.035102606,0.41808975,0.04054209,0.030281726,0.099314526,0.0,0.0,0.043806646,0.018657278,0.17074715
99999E30479611,6,False,DO,DO.01,False,0.0,0.074803665,0.009625635,0.0037909609,0.31774688,0.0,0.023742389,0.0,0.016021699,0.04655123,0.24901126,0.0028006434,0.008332545,0.01902419,0.0,0.03671744,0.066603586,0.12522787
99999E30479621,4,False,DO,DO.01,False,0.009686717,0.0,0.01029908,0.019975295,0.026561514,0.0,0.02206772,0.0062336097,0.009384405,0.19370838,0.5892224,0.0,0.022043403,0.0,0.0,0.004033415,0.0,0.08678419
99999E30479660,5,False,DO,DO.01,False,0.17366147,0.15622078,0.13730301,0.038689304,0.17183203,0.0043093516,0.032279484,0.0,0.22518396,0.0,0.0,0.0,0.029216865,0.021939749,0.0028322467,0.0065317852,0.0,0.0
99999E30479746,5,False,DO,DO.01,False,0.05067343,0.0,0.07871935,0.028700957,0.012233102,0.0,0.13567309,0.012187134,0.034435403,0.0740479,0.14328071,0.0,0.0,0.024540901,0.00922223,0.09648004,0.02485118,0.27495462
99999E30479758,4,False,DO,DO.01,False,0.0088426145,0.0045241443,0.007888209,0.0,0.015841596,0.002956094,0.0024525481,0.0,0.02455115,0.15113735,0.4457714,0.093896255,0.020028017,0.0,0.0,0.037907775,0.0026345812,0.18156826
99999E30479810,5,False,DO,DO.01,False,0.06889667,0.0,0.047631457,0.067635365,0.05298849,0.04393134,0.0,0.023382885,0.03983561,0.13013712,0.0822357,0.0,0.028432732,0.027213322,0.0,0.15541892,0.0274088,0.20485157
99999E30479863,6,False,DO,DO.01,False,0.014342933,0.097403556,0.019251836,0.031888694,0.120646715,0.02059507,0.13681784,0.084016584,0.014799981,0.0457362,0.06023265,0.00081989536,0.107193455,0.06745121,0.0,0.12018967,0.004193677,0.054420114
99999E30479983,6,False,DO,DO.01,False,0.1019694,0.10180143,0.01233507,0.02453734,0.08297464,0.0,0.08507996,0.048172396,0.010167254,0.04331336,0.04844191,0.07532674,0.16296512,0.0,0.0,0.0697451,0.009218103,0.12395223
99999E30480031,4,False,DO,DO.01,False,0.009028918,0.0039025156,0.0,0.0,0.12513341,0.0058479733,0.01046626,0.0,0.0,0.015371087,0.64476085,0.0,0.0,0.0,0.0,0.07463504,0.0090706805,0.101783276
99999E30480043,4,False,DO,DO.01,False,0.03102787,0.0,0.0,0.0,0.08199843,0.0,0.0,0.0,0.0,0.025593784,0.6376258,0.0,0.0,0.030394558,0.0046191933,0.015916951,0.016054245,0.15676914
99999E30480089,5,False,DO,DO.01,False,0.013287523,0.045775414,0.0,0.029358786,0.23861569,0.029284356,0.0043438263,0.013951452,0.050149012,0.21349058,0.01415093,0.0,0.032458115,0.0,0.0,0.15375479,0.038108964,0.123270586
99999E30480107,6,False,DO,DO.01,False,0.06970688,0.012855361,0.02548372,0.07360172,0.0913316,0.022401301,0.023112169,0.09283696,0.041594736,0.095817834,0.20410274,0.0,0.047652047,0.0027299714,0.006666628,0.12326092,0.013823097,0.053022385
99999E30480121,4,False,DO,DO.01,False,0.014578825,0.050819658,0.041635863,0.0030757901,0.06575911,0.0070749186,0.016103948,0.0,0.041019052,0.07825159,0.15672933,0.041863505,0.014673488,0.012925231,0.10709445,0.14204907,0.009479054,0.19686711
99999E30480124,6,False,DO,DO.01,False,0.026658548,0.037799157,0.06060566,0.005158707,0.0017247957,0.0485138,0.032653518,0.061880972,0.1272246,0.23963685,0.07088127,0.05384499,0.032470588,0.0,0.0,0.100801244,0.0,0.1001453
99999E30480211,6,False,DO,DO.01,False,0.08181489,0.022464195,0.010545019,0.00273483,0.06445807,0.019442063,0.015933799,0.02493026,0.10075987,0.108694755,0.25591642,0.0,0.018074648,0.0,0.0,0.03792702,0.017555654,0.2187485
99999E30480231,4,False,DO,DO.01,False,0.046153907,0.058935497,0.014284782,0.00893921,0.036813248,0.008151825,0.0030782593,0.00584574,0.0025539321,0.054370154,0.12355359,0.00864752,0.019778883,0.19051148,0.19618393,0.07711366,0.001940726,0.14314368
99999E30480252,6,False,DO,DO.01,False,0.062031236,0.068903334,0.033364244,0.009176558,0.07847907,0.015356395,0.017272577,0.016947381,0.11863167,0.25244653,0.13049868,0.0,0.0045865583,0.0,0.0040193326,0.012150335,0.011673729,0.16446227
99999E30480284,5,False,DO,DO.01,False,0.070242256,0.07676175,0.011883993,0.004455798,0.06729225,0.03615578,0.0,0.03195374,0.11198644,0.2588785,0.027232986,0.0,0.020345904,0.008288381,0.0,0.101210795,0.071533464,0.10177804
99999E30480311,6,False,DO,DO.01,False,0.0103289625,0.0032143036,0.0017579249,0.010505415,0.022505391,0.028196594,0.0063891034,0.0,0.0019409601,0.24970043,0.3622103,0.0025177177,0.028721996,0.0027718598,0.016677245,0.010812227,0.0,0.24174961
99999E30480334,6,False,DO,DO.01,False,0.014885076,0.08737141,0.02921583,0.014769287,0.04085446,0.022450749,0.0076654777,0.018873354,0.039295185,0.20776848,0.3856683,0.0034093272,0.039347894,0.0,0.010427157,0.019571552,0.006417277,0.052009195
99999E30480365,6,False,DO,DO.01,False,0.0,0.009125616,0.016447652,0.0050479528,0.7699606,0.0,0.0031394993,0.022677522,0.021169655,0.071057744,0.021457814,0.0,0.0,0.0,0.0,0.026451914,0.0,0.03346406
99999E30480387,3,False,DO,DO.01,False,0.030834766,0.01809116,0.14342712,0.10684119,0.0,0.08053087,0.0,0.011785522,0.101799324,0.36407813,0.1405211,0.0,0.0,0.0,0.0,0.0,0.0,0.0020908515
99999E30480390,5,False,DO,DO.01,False,0.025945706,0.32187676,0.082566515,0.004041863,0.20440578,0.0,0.0,0.011347774,0.010243554,0.0027501339,0.0039446363,0.0064655924,0.024278957,0.022737216,0.0,0.09381706,0.13100636,0.0545721
99999E30480396,4,False,DO,DO.01,False,0.0137738325,0.0,0.005253316,0.033583388,0.15655483,0.0,0.030114137,0.0026610491,0.05460095,0.048406165,0.5200696,0.0,0.021275498,0.0,0.0038690541,0.07053286,0.0037185908,0.0355867
99999E30480417,4,False,DO,DO.01,True,0.03910026,0.050026536,0.0,0.0,0.012707952,0.0058599995,0.0111278575,0.0,0.0,0.09286495,0.01365076,0.0,0.0120113455,0.0,0.1664664,0.15660787,0.06225101,0.37732506
99999E30480444,6,False,DO,DO.01,False,0.018244863,0.059287496,0.02664627,0.028756445,0.06548501,0.0,0.019838078,0.032245193,0.0670238,0.10557836,0.18474022,0.01143365,0.019955982,0.0,0.0057379873,0.06980512,0.06804563,0.21717586
99999E30480505,5,False,DO,DO.01,False,0.0,0.084240176,0.03519952,0.0424331,0.11348752,0.08858814,0.0,0.0036094547,0.03934697,0.0284159,0.053104963,0.0,0.030983599,0.0054924367,0.0,0.22569364,0.016178966,0.23322557
99999E30480513,6,False,DO,DO.01,False,0.03230345,0.11356902,0.006840254,0.0270606,0.1102471,0.014835956,0.03633885,0.017314393,0.052341808,0.007677954,0.19760767,0.00090991554,0.0,0.0198766,0.0018862694,0.22494845,0.037401862,0.09883994
99999E30480516,3,False,DO,DO.01,False,0.0051798313,0.0,0.018635819,0.039490182,0.0,0.04707184,0.06148598,0.011806543,0.0,0.0,0.80796045,0.0,0.0,0.0,0.0,0.0,0.0,0.008369399
99999E30480562,6,False,DO,DO.01,False,0.037943333,0.020861564,0.031695366,0.066028506,0.056969922,0.019504717,0.031068627,0.005944294,0.039426178,0.11611726,0.46016267,0.010000305,0.0066937925,0.0,0.0,0.006411115,0.010171526,0.0810007
99999E30480571,4,False,DO,DO.01,False,0.02506097,0.037726644,0.0104158595,0.0058466727,0.021023463,0.028236235,0.002545595,0.0,0.01204538,0.53500867,0.13986164,0.0,0.012490866,0.0,0.0,0.0,0.0,0.169738
99999E30480587,6,False,DO,DO.01,False,0.035362568,0.115616284,0.042282287,0.004360231,0.028266147,0.037623238,0.0017955421,0.057610657,0.047021896,0.091258235,0.13860494,0.11383114,0.19957022,0.0,0.0,0.08674989,0.0,4.6772446e-05
99999E30480652,6,False,DO,DO.01,False,0.043867603,0.04967437,0.021944812,0.019243127,0.011916844,0.008583531,0.020329205,0.008726673,0.0,0.07728682,0.43654987,0.19865544,0.066381976,0.0,0.0,0.008253203,0.0,0.02858641
99999E30480682,4,False,DO,DO.01,True,0.0010762138,0.007962311,0.01273584,0.0064469967,0.023830356,0.0,0.0,0.0015352439,0.0,0.06631316,0.55434525,0.0,0.002284222,0.026874486,0.062413972,0.02936058,0.0054145,0.19940686
99999E30480693,5,False,DO,DO.01,False,0.02169275,0.016149098,0.00036558122,0.016242592,0.013292772,0.03812712,0.0,0.011313838,0.0,0.7977269,0.012894827,0.0,0.019913986,0.0,0.0,0.052280508,0.0,0.0
99999E30480727,2,False,DO,DO.01,False,0.0,0.0,0.0,0.0,0.0,0.0,0.0,0.0,0.0,0.0,1.0,0.0,0.0,0.0,0.0,0.0,0.0,0.0
99999E30480743,4,False,DO,DO.01,False,0.04176278,0.0,0.040436972,0.021908078,0.1632839,0.018157028,0.19557743,0.0076853437,0.0046726447,0.3550348,0.08990127,0.015327571,0.035354733,0.0,0.0,0.00037187143,0.0,0.010525579
99999E30480813,6,False,DO,DO.01,False,0.01906859,0.02699124,0.05141407,0.0316356,0.054958243,0.01220814,0.017850526,0.056519456,0.15392001,0.20879966,0.039593615,0.1508264,0.15774971,0.0,0.0,0.0,0.0109141115,0.0075506843
99999E30480817,4,False,DO,DO.01,False,0.0,0.024616873,0.0,0.007147101,0.009341532,0.0,0.0,0.0063815378,0.0,0.01349271,0.80948246,0.0,0.016079597,0.0,0.0,0.025147514,0.0,0.088310644
99999E30480856,6,False,DO,DO.01,False,0.060654454,0.026310623,0.09202575,0.029602518,0.1828109,0.0,0.10234365,0.0,0.08242028,0.05461112,0.21334696,0.0,0.025610479,0.0,0.0,0.05090159,0.0,0.079361774
99999E30480865,6,False,DO,DO.01,False,0.032428417,0.04246883,0.029224796,0.015748031,0.07071674,0.009801935,0.02725234,0.014561398,0.01867008,0.33451137,0.18623678,0.0,0.0,0.0,0.0,0.06036889,0.00994416,0.14806627
99999E30480915,6,False,DO,DO.01,False,0.014067636,0.014282729,0.010157138,0.02689849,0.045094702,0.0,0.035236306,0.057295218,0.0071607823,0.0,0.60525787,0.0,0.024081377,0.0,0.0066469503,0.10656033,0.0,0.047260564
99999E30480921,4,False,DO,DO.01,True,0.023000944,0.008496989,0.0,0.008099468,0.0069842045,0.0,0.0,0.012411455,0.012245822,0.018440507,0.12933752,0.015166489,0.014371449,0.05474733,0.5945628,0.0053389133,0.0,0.096796095
99999E30480930,4,False,DO,DO.01,False,0.016903056,0.04426907,0.007701136,0.003998799,0.023404595,0.002806936,0.0109085115,0.001821737,0.010667903,0.09574175,0.40542978,0.01795872,0.008538534,0.0,0.01325185,0.037650667,0.003720812,0.29522625
99999E30480992,6,False,DO,DO.01,False,0.056642525,0.084286876,0.036982395,0.01662209,0.1025427,0.0076443795,0.027393606,0.031343926,0.1159044,0.21030597,0.05044896,0.019911656,0.07483134,0.0,0.0,0.020730106,0.032588158,0.111820824
99999E30481001,6,False,DO,DO.01,False,0.018245585,0.016072575,0.020187352,0.028602812,0.18501428,0.0053004697,0.032516953,0.01433598,0.053288084,0.08723784,0.23942797,0.07448089,0.068852834,0.0,0.0,0.07340743,0.00494907,0.07807991
99999E30481097,4,False,DO,DO.01,False,0.0039004055,0.006179158,0.026405804,0.039685268,0.02416925,0.0,0.006022419,0.060106028,0.003819624,0.27486223,0.35509843,0.0050651017,0.043004528,0.0,0.0,0.009799844,0.0,0.14188191
99999E30481173,6,False,DO,DO.01,False,0.00884867,0.019876678,0.23265254,0.061215598,0.012266935,0.0050364584,0.005633493,0.011947211,0.22246788,0.15148768,0.13440777,0.0040715784,0.014750501,0.0,0.0,0.0,0.051063564,0.06427336
99999E30481199,6,False,DO,DO.01,False,0.0,0.040083524,0.027472734,0.013511252,0.03806391,0.0,0.030684393,0.08869145,0.041494254,0.03304275,0.32243913,0.0,0.027202595,0.0733664,0.0016508511,0.077624306,0.022854641,0.16181773
99999E30481226,6,False,DO,DO.01,False,0.06957305,0.018851928,0.07003654,0.05096313,0.028415032,0.0,0.018895932,0.023007186,0.04786539,0.09546237,0.015611914,0.0,0.030634202,0.0,0.0,0.10671515,0.01992118,0.404047
99999E30481255,6,False,DO,DO.01,True,0.01593902,0.10816122,0.002166572,0.01023151,0.024270516,0.0,0.0001204836,0.025850663,0.005141345,0.0,0.10305932,0.051031735,0.03225442,0.06543219,0.277961,0.103041194,0.026167331,0.14917149
99999E30481277,6,False,DO,DO.01,False,0.08162141,0.18380298,0.005565096,0.00196516,0.089710616,0.01566985,0.0077853166,0.010466308,0.0026259276,0.10698511,0.08657768,0.0028305992,0.05258348,0.0,0.0,0.117486745,0.0,0.23432364
99999E30481282,4,False,DO,DO.01,True,0.005242301,0.026857296,0.0048892936,0.0,0.0,0.0,0.0036384794,0.0036106836,0.0037681935,0.01909669,0.007093506,0.0,0.0024886571,0.004047079,0.25181854,0.10008459,0.0,0.5673647
99999E30481297,6,False,DO,DO.01,False,0.051461965,0.036067083,0.047975987,0.058901925,0.049604878,0.11006607,0.015909852,0.016166782,0.010972902,0.20187344,0.03951107,0.010555735,0.18745545,0.0033097179,0.0,0.032443523,0.009177145,0.11854646
99999E30481373,5,False,DO,DO.01,False,0.021425994,0.10791907,0.0,0.02712354,0.1497412,0.0,0.06972141,0.021947598,0.017132768,0.0,0.11373698,0.15415479,0.11785633,0.0,0.002888898,0.06152283,0.114472575,0.020356031
99999E30481381,6,False,DO,DO.01,False,0.042766787,0.14422794,0.030016672,0.057923216,0.04649981,0.0072487267,0.017348925,0.061121702,0.01953616,0.02327269,0.0946348,0.006349646,0.06009468,0.003375495,0.0021294013,0.13360897,0.09315911,0.15668537
99999E30481393,4,False,DO,DO.01,False,0.0062041315,0.0013081001,0.0,0.0040432187,0.0013953068,0.0,0.0,0.0022333967,0.0,0.0015391414,0.8787771,0.0,0.0,0.0,0.018363234,0.020412024,0.0,0.06572438
99999E30481403,6,False,DO,DO.01,False,0.10418673,0.009529928,0.01927401,0.06071314,0.12485276,0.1696113,0.2048399,0.0,0.00985116,0.0,0.20880179,0.0,0.0,0.0,0.01820323,0.06842274,0.0,0.0017132454
99999E30481499,6,False,DO,DO.01,False,0.0,0.02984215,0.056947093,0.026020814,0.03163573,0.012069384,0.0,0.0,0.034993928,0.027538596,0.6151934,0.0,0.0,0.0,0.0,0.020707719,0.0,0.14505118
99999E30481622,5,False,DO,DO.01,False,0.010390219,0.13913842,0.036025394,0.029796558,0.05025049,0.01758471,0.026257936,0.01628751,0.035634592,0.10881114,0.074521646,0.0,0.0,0.015570201,0.0,0.21086901,0.09352836,0.1353338
99999E30481629,4,False,DO,DO.01,False,0.0,0.030887181,0.08202021,0.03791923,0.17877541,0.0,0.04449204,0.02042881,0.038927395,0.12755989,0.33354142,0.0,0.041654106,0.0,0.0,0.06379429,0.0,0.0
99999E30481675,3,False,DO,DO.01,False,0.001939605,0.010015837,0.007747707,0.0152335465,0.026212938,0.004111915,0.00939033,0.012113158,0.009927754,0.31612587,0.45507038,0.0,0.010680027,0.0,0.0,0.0,0.0,0.12143094
99999E30481690,6,False,DO,DO.01,False,0.0058609843,0.028004948,0.04754403,0.015917901,0.023804905,0.018697098,0.0128204925,0.022493418,0.008169857,0.08435854,0.09276849,0.039237678,0.03783081,0.0361008,0.03098724,0.21464622,0.102106765,0.17864984
99999E30481694,6,False,DO,DO.01,False,0.0066856947,0.022764228,0.053640004,0.01998295,0.078006774,0.0050596786,0.031331703,0.021370502,0.064650215,0.118649766,0.12654634,0.0023673612,0.015950035,0.0120851565,0.0,0.15482,0.024176491,0.24191317
99999E30481703,4,False,DO,DO.01,False,0.0,0.0,0.0039519747,0.0,0.0,0.0,0.0,0.0,0.0,0.08254697,0.8834508,0.003467368,0.022216799,0.0,0.0,0.0,0.0,0.0043659806
99999E30481786,3,False,DO,DO.01,False,0.017440332,0.02816511,0.009942069,0.00327313,0.21814159,0.036257148,0.045897424,0.0,0.021952543,0.030231057,0.4876644,0.0,0.0,0.0,0.0,0.03469419,0.0,0.06634099
99999E30481866,4,False,DO,DO.01,False,0.0035969655,0.0,0.004218269,0.012017545,0.02267333,0.0,0.0032916327,0.02638998,0.015724622,0.052851774,0.6868358,0.08548617,0.047234505,0.00685881,0.02733949,0.0029006584,0.0,0.002580432
99999E30481894,6,False,DO,DO.01,False,0.030446436,0.138998,0.033468816,0.04505611,0.05002356,0.014129415,0.012855603,0.014761511,0.09724734,0.10955467,0.09488454,0.011081612,0.047904663,0.0,0.0038640324,0.07072197,0.040953666,0.18404792
99999E30481902,6,False,DO,DO.01,False,0.017291805,0.08841879,0.008668297,0.008433504,0.04962386,0.010470629,0.0,0.04374999,0.012651614,0.012719473,0.13159062,0.03606429,0.50191563,0.0058548665,0.0005306566,0.020653535,0.03425789,0.017104516
99999E30481912,6,False,DO,DO.01,False,0.05177336,0.00028452295,0.008833293,0.02299076,0.14086501,0.049350012,0.04783583,0.0,0.0,0.05869348,0.11846293,0.0012623663,0.0,0.0033979234,0.0,0.014880223,0.030538797,0.4508315
99999E30481955,6,False,DO,DO.01,False,0.007994478,0.08776894,0.0035209379,0.0039541745,0.017951148,0.006401411,0.0094891125,0.022438934,0.012326196,0.025746817,0.21202041,0.039841577,0.03634395,0.0,0.0,0.30222687,0.07448043,0.13749465
99999E30482045,5,False,DO,DO.01,False,0.04124367,0.08426551,0.050757173,0.017262029,0.24776012,0.018486176,0.005141937,0.03764774,0.03222615,0.119697124,0.03114183,0.0154601075,0.005347721,0.016264768,0.0,0.18075137,0.059695546,0.03685099
99999E30482070,4,False,DO,DO.01,False,0.0074515073,0.012587234,0.017201912,0.030416334,0.011147108,0.0,0.012958725,0.0056519527,0.00981071,0.28084633,0.3678811,0.0066144494,0.0,0.0,0.0,0.0,0.0,0.23743267
99999E30482088,4,False,DO,DO.01,False,0.0,0.0,0.0,0.030557048,0.0,0.0,0.0,0.0,0.0,0.0,0.9222686,0.0,0.0,0.0,0.0,0.047174327,0.0,0.0
99999E30482091,5,False,DO,DO.01,False,0.08358359,0.04849059,0.022717139,0.038279254,0.1493756,0.029393787,0.0725159,0.03865132,0.029630026,0.061418664,0.023972148,0.0,0.0,0.008475002,0.0,0.20857954,0.10943383,0.07548362
99999E30482122,5,False,DO,DO.01,False,0.042753614,0.058179677,0.04243495,0.06738221,0.17897613,0.052405164,0.13888285,0.0,0.0,0.0,0.25929305,0.0,0.03329036,0.019447947,0.0010573734,0.0,0.0488661,0.05703057
99999E30482133,4,False,DO,DO.01,False,0.0,0.0,0.0,0.0,0.0,0.0,0.006528927,0.0,0.0,0.20861077,0.62293524,0.0,0.0,0.03922255,0.0020363536,0.0,0.0,0.1206662
99999E30482136,4,False,DO,DO.01,False,0.0,0.0,0.21744664,0.0,0.0,0.0,0.0,0.0016632646,0.0,0.006338046,0.0044731745,0.0,0.0,0.044769537,0.38804466,0.0,0.0,0.33726472
99999E30482149,6,False,DO,DO.01,True,0.052346114,0.038255893,0.0042678555,0.013102056,0.09515723,0.0060411845,0.042243797,0.010392468,0.04062342,0.027285907,0.08142018,0.0,0.0025798092,0.008844398,0.22562253,0.06060373,0.024510505,0.26670295
99999E30482169,4,False,DO,DO.01,False,0.003911205,0.0,0.0012781087,0.0,0.008004998,0.0034787625,0.004660772,0.0048241396,0.0,0.016711513,0.9336825,0.0,0.0,0.0,0.0,0.0,0.0,0.023448013
99999E30482200,6,False,DO,DO.01,False,0.06615958,0.052902125,0.020277493,0.006783597,0.0,0.040718134,0.03862796,0.009124398,0.009755706,0.034279745,0.42928183,0.009613839,0.10359823,0.0,0.0,0.02527357,0.03142822,0.12217568
99999E30482211,5,False,DO,DO.01,False,0.0,0.0,0.0041308952,0.0022152646,0.00080463244,0.03687843,0.00072719925,0.0027606639,0.000989799,0.0,0.65583944,0.0023633973,0.003932263,0.0,0.048486684,0.0008349325,0.0013129986,0.23872337
99999E30482231,4,False,DO,DO.01,False,0.045585386,0.06236799,0.0,0.009601716,0.17537235,0.0061697443,0.03344103,0.0,0.0039002905,0.0460336,0.12750567,0.26121894,0.030399324,0.0,0.021956578,0.044492643,0.023122646,0.10883207
99999E30482236,4,False,DO,DO.01,False,0.07473245,0.03625463,0.19732781,0.06338132,0.1219588,0.10688249,0.05122746,0.0013389316,0.06720371,0.016559482,0.012520735,0.010347716,0.012552091,0.0,0.0,0.03328829,0.06973106,0.1246931
99999E30482245,4,False,DO,DO.01,True,0.019769173,0.03425389,0.0,0.0,0.042687897,0.0,0.006149778,0.0,0.005875176,0.042765107,0.020126082,0.046790905,0.015368983,0.0,0.029225832,0.24834529,0.06388471,0.42475718
99999E30482262,6,False,DO,DO.01,False,0.017318707,0.029073678,0.014987462,0.045539886,0.025032438,0.0,0.0,0.04432114,0.047037385,0.39171654,0.038532402,0.01598246,0.11746596,0.0,0.0012912467,0.09539601,0.008852477,0.107452236
99999E30482273,4,False,DO,DO.01,False,0.0,0.008939989,0.008998436,0.1019472,0.059748776,0.06494819,0.0,0.03845084,0.008792704,0.09238067,0.27992642,0.0,0.15032928,0.004296993,0.07214646,0.084226206,0.024867851,0.0
99999E30482292,6,False,DO,DO.01,True,0.076412044,0.02545306,0.0652713,0.040213637,0.09469309,0.0,0.006218429,0.016001724,0.0,0.045089427,0.0012792078,0.0,0.006660338,0.028592935,0.10694599,0.22976685,0.04360301,0.21379896
99999E30482295,6,False,DO,DO.01,False,0.118052796,0.23246808,0.012270055,0.012333328,0.053238668,0.00747255,0.025087774,0.0057346495,0.0023868012,0.09775549,0.007577302,0.05073727,0.031678017,0.0,0.008714108,0.15574878,0.007666588,0.17107773
99999E30482300,5,False,DO,DO.01,False,0.0,0.1908404,0.044556756,0.0,0.0,0.0,0.0,0.03125624,0.04092129,0.03717497,0.20383057,0.0,0.08680809,0.0,0.0,0.040012415,0.0,0.32459933
99999E30482340,5,False,DO,DO.01,False,0.0,0.00090003945,0.0079315975,0.0,0.009731676,0.0,0.0,0.0,0.0055689937,0.0,0.6326714,0.0,0.0,0.0,0.0,0.0,0.0,0.3431963
99999E30482364,6,False,DO,DO.01,False,0.02119829,0.12634636,0.012124685,0.009962063,0.14578117,0.01503856,0.037843946,0.024735814,0.053931195,0.073571324,0.05035337,0.015258278,0.011680455,0.0,0.00901124,0.14031897,0.14418271,0.108661614
99999E30482430,3,False,96,96.04,False,0.047179684,0.0028162715,0.052500628,0.13524525,0.20043099,0.03814811,0.08654564,0.18220848,0.048611604,0.007666253,0.010477766,0.01190731,0.15947375,7.849405e-05,0.0037986368,0.010646647,0.0002473752,0.0020170594
99999E30482460,6,False,DO,DO.01,False,0.17887162,0.0068508927,0.001957398,0.0,0.0,0.00080598734,0.0028785262,0.5335636,0.09965458,0.0,0.014680483,0.1607369,0.0,0.0,0.0,0.0,0.0,0.0
99999E30482525,6,False,DO,DO.01,False,0.016644498,0.026720267,0.10408975,0.04233691,0.06872913,0.03585168,0.008811326,0.037756294,0.03229892,0.036217496,0.28444162,0.015403916,0.03058715,0.006703924,0.025203336,0.19091074,0.014622586,0.022670478
99999E30482539,6,False,DO,DO.01,False,0.0,0.06832999,0.0,0.0,0.27261785,0.0,0.08731193,0.021865597,0.0,0.0,0.21291375,0.0,0.13455366,0.0,0.0,0.0,0.0,0.20240721
99999E30482545,5,False,DO,DO.01,False,0.014527981,0.041092567,0.060468983,0.00079724076,0.051400367,0.0,0.001997435,0.0,0.0020840915,0.10859374,0.034476332,0.011997609,0.083134025,0.0,0.0,0.370626,0.08941662,0.12938699
99999E30482579,6,False,DO,DO.01,False,0.0,0.0170697,0.0054189526,0.05849082,0.0,0.0,0.018598618,0.1152737,0.06780465,0.023156345,0.12936299,0.0029223636,0.039248697,0.0,0.0,0.030394519,0.0,0.49225864
99999E30482616,6,False,DO,DO.01,False,0.07144652,0.023714267,0.0,0.0026465645,0.062358636,0.013404337,0.009876379,0.00715835,0.002933613,0.040030777,0.1877179,0.031549145,0.045074973,0.025524698,0.107225165,0.14659014,0.09109923,0.13164932
99999E30482655,5,False,DO,DO.01,False,0.0,0.06789152,0.13637517,0.13896361,0.03878428,0.0811044,0.090003215,0.0,0.14397977,0.05957638,0.0,0.0,0.0,0.07921806,0.0,0.08967332,0.0,0.074430294
99999E30482676,4,False,DO,DO.01,False,0.0036162601,0.019528871,0.053867318,0.030217405,0.047577586,0.051223226,0.018457882,0.14476258,0.0,0.21748038,0.06779553,0.00934245,0.120367505,0.0,0.00011217351,0.019683778,0.019910796,0.17605631
99999E30482684,6,False,DO,DO.01,False,0.0032266055,0.03705343,0.0,0.03028507,0.027928896,0.0,0.02701344,0.014272101,0.028836846,0.101578034,0.3793137,0.001268131,0.00631064,0.008899428,0.0016658287,0.05834903,0.017153533,0.2568453
99999E30482697,6,False,DO,DO.01,False,0.0061067753,0.08259954,0.0,0.0088240625,0.031723045,0.0,0.0,0.02319663,0.010786547,0.015528982,0.208069,0.07948776,0.048711788,0.0,0.0045530223,0.13627452,0.06314132,0.2809971
99999E30482716,6,False,DO,DO.01,False,0.013211731,0.009361803,0.0021250965,0.017428983,0.026792783,0.038778767,0.011400058,0.0,0.010086471,0.44309103,0.09542071,0.0,0.025375387,0.0,0.0018685674,0.1632032,0.0,0.1418554
99999E30482719,6,False,DO,DO.01,False,0.028533356,0.015835524,0.011130246,0.030269394,0.030920565,0.039271396,0.02394625,0.09921181,0.0144527275,0.21033955,0.113415636,0.0060541304,0.10646897,0.0047568167,0.00031301467,0.17216559,0.009760022,0.083155036
99999E30482725,6,False,DO,DO.01,False,0.0,0.0,0.008477261,0.010995304,0.048264656,0.006073611,0.0,0.0063213343,0.010673991,0.11019202,0.5740057,0.0,0.0036036563,0.0,0.0,0.010727179,0.0,0.21066526
99999E30482783,6,False,DO,DO.01,False,0.031930447,0.106453136,0.023220794,0.0035236217,0.03152859,0.0,0.031989664,0.0059220535,0.16744395,0.13401395,0.29714537,0.01879829,0.052147906,0.0,0.0,0.04091927,0.020183628,0.034779374
99999E30482806,6,False,DO,DO.01,False,0.06021993,0.24804248,0.005597204,0.009428884,0.050917253,0.0,0.014148289,0.06491806,0.036773928,0.07946625,0.04231086,0.06594263,0.1273814,0.0025270372,0.0,0.05663145,0.1023989,0.03329535
99999E30482816,6,False,DO,DO.01,False,0.084474996,0.16132107,0.021807436,0.038151048,0.054753594,0.020854369,0.08975386,0.008101086,0.04419586,0.049605288,0.07398689,0.011767574,0.02001445,0.0018321555,0.009010636,0.1430735,0.05841356,0.108882695
99999E30482842,5,False,DO,DO.01,False,0.0,0.017964443,0.0013106557,0.005241026,0.03800263,0.0,0.0,0.0,0.10960178,0.5411906,0.17770958,0.0037994648,0.026915532,0.0,0.0,0.0,0.0,0.07826418
99999E30482937,3,False,DO,DO.01,False,0.028944192,0.0057657557,0.10423052,0.018159185,0.12845258,0.04738577,0.06979806,0.0074085537,0.03949592,0.21071528,0.23711301,0.0,0.07753075,0.0,0.0,0.0032733188,0.0,0.021727175
99999E30482957,6,False,74,74.90,False,0.03200911,0.05327275,0.051414076,0.013639542,0.12888244,0.03273389,0.040349156,0.037481595,0.14789976,0.18048592,0.12748212,0.0066606724,0.006442228,0.0,0.0,0.10507321,0.013884503,0.022288946
99999E30482972,5,False,DO,DO.01,False,0.035462424,0.0,0.24709518,0.023305796,0.010880516,0.0,0.030962456,0.0,0.075760625,0.1055813,0.07005171,0.0,0.0,0.046275772,0.06367116,0.0069850227,0.0,0.28396803
99999E30482983,5,False,DO,DO.01,False,0.0804239,0.017958766,0.034517623,0.04265334,0.07411415,0.035190526,0.051235408,0.0,0.051847443,0.08215181,0.25384724,0.005768717,0.011442754,0.004422908,0.0,0.08554,0.0148647595,0.1540207
99999E30482997,5,False,DO,DO.01,False,0.0,0.0,0.029838879,0.0,0.46837214,0.0,0.12908354,0.0,0.0,0.0,0.25295228,0.0,0.0,0.0,0.0,0.0,0.021209924,0.09854312
99999E30483020,4,False,DO,DO.01,False,0.020046726,0.004096905,0.018589387,0.013463572,0.0254204,0.0027025945,0.012108441,0.004337098,0.0033780301,0.18006878,0.6375747,0.055315882,0.022897525,0.0,0.0,0.0,0.0,0.0
99999E30483083,4,False,84,84.11,False,0.004285397,0.014725719,0.038180158,0.03811613,0.00919397,0.0,0.0,0.0,0.030023389,0.045432042,0.5250209,0.028482525,0.23669563,0.0,0.00837872,0.021465402,0.0,0.0
99999E30483102,6,False,DO,DO.01,False,0.027364073,0.029957945,0.0086524505,0.010007069,0.026601171,0.04577053,0.011503108,0.01228834,0.021201294,0.12036768,0.14927989,0.017513305,0.21738304,0.0,0.0027948346,0.08979941,0.0,0.20951584
99999E30483140,6,False,DO,DO.01,False,0.05221083,0.0,0.0,0.028645935,0.07720936,0.018045528,0.014665553,0.0015380792,0.08079505,0.1874099,0.19574116,0.0,0.012410653,0.0,0.0,0.08613876,0.0,0.24518913
99999E30483166,5,False,DO,DO.01,False,0.070316635,0.03582299,0.004047698,0.047436826,0.29039562,0.14445485,0.0,0.012028794,0.0,0.14654455,0.051323023,0.0,0.024445212,0.0091911815,0.0,0.047272835,0.0,0.116719805
99999E30483173,4,False,DO,DO.01,False,0.0,0.0697403,0.050848216,0.01242375,0.05290335,0.0,0.0,0.011800669,0.0,0.26951173,0.53277194,0.0,0.0,0.0,0.0,0.0,0.0,0.0
99999E30483181,6,False,DO,DO.01,False,0.024006452,0.0183982,0.010911157,0.021340186,0.057710204,0.09626838,0.011556002,0.013500083,0.011531394,0.39210156,0.12590368,0.013308236,0.10668737,0.0,0.0,0.02351629,0.005762935,0.0674979
99999E30483231,6,False,DO,DO.01,False,0.013200218,0.017844444,0.03605246,0.0590374,0.04451557,0.006520494,0.02089371,0.048602488,0.07029766,0.05190918,0.45160455,0.0057243407,0.0,0.0,0.0,0.024335744,0.018738788,0.13072303
99999E30483235,6,False,DO,DO.01,False,0.17233537,0.059887584,0.044496775,0.01593455,0.06158047,0.13122998,0.023161884,0.029973114,0.040762156,0.26146173,0.016381273,0.027072003,0.08145015,0.0,0.0,0.012071863,0.0021107218,0.02009045
99999E30483254,6,False,DO,DO.01,False,0.0,0.051848195,0.037083495,0.044610716,0.04304852,0.0,0.021706466,0.033272095,0.0931553,0.066275366,0.38303682,0.0,0.0,0.0,0.0,0.048652112,0.048610296,0.1287005
99999E30483305,6,False,DO,DO.01,False,0.0,0.0,0.04720575,0.13794017,0.14605625,0.008679233,0.16951005,0.10461457,0.14499618,0.0,0.0,0.0,0.0,0.031636134,0.0,0.20936166,0.0,0.0
99999E30483345,5,False,DO,DO.01,False,0.0142885465,0.037069656,0.06785741,0.017738,0.03473272,0.019008769,0.011088449,0.027667575,0.080419615,0.51076555,0.10047697,0.0,0.048896592,0.0,0.0,0.0,0.0,0.029990122
99999E30483366,5,False,DO,DO.01,False,0.0,0.012618632,0.05997519,0.032313574,0.16823399,0.03323729,0.0,0.03376418,0.034017622,0.22941302,0.060545422,0.0,0.013028806,0.0,0.0,0.04256454,0.01070783,0.2695799
99999E30483530,6,False,DO,DO.01,False,0.010113775,0.11011732,0.015621138,0.00984711,0.10042409,0.008765828,0.0055755954,0.0,0.018731996,0.06699279,0.11070635,0.0,0.009395242,0.0,0.0029730012,0.33158922,0.007495166,0.19165136
99999E30483583,6,False,DO,DO.01,False,0.0,0.043953314,0.0014257949,0.0,0.029532537,0.0,0.024526596,0.019088537,0.060576454,0.20015824,0.22520673,0.0074817706,0.027303034,0.0,0.0,0.03674501,0.016049065,0.3079529
99999E30483655,4,False,DO,DO.01,False,0.018671814,0.005295915,0.0,0.0003835827,0.0023262433,0.0,0.0,0.014922603,0.0,0.11278568,0.5372261,0.0,0.0,0.006384795,0.014736997,0.02614549,0.0,0.2611208
99999E30483694,6,False,DO,DO.01,False,0.051967286,0.11469926,0.044826336,0.017822469,0.0802774,0.013332294,0.031570632,0.019285485,0.09522529,0.19689263,0.18800205,0.0053057526,0.038525492,0.0,0.0,0.013466329,0.04877079,0.040030394
99999E30483698,6,False,DO,DO.01,False,0.05865105,0.087534115,0.016440943,0.022163998,0.08442214,0.010687703,0.076119475,0.0220285,0.02364999,0.08146685,0.065011784,0.028019985,0.015538046,0.0,0.0,0.21672928,0.051215958,0.1403202
99999E30483722,6,False,DO,DO.01,False,0.008655832,0.0006128633,0.0054193637,0.021601707,0.056032225,0.0,0.0042831567,0.08442363,0.036627185,0.41572097,0.048664097,0.0,0.11812422,0.0,0.0,0.0302782,0.0,0.16955653
99999E30483787,6,False,DO,DO.01,False,0.0,0.012068445,0.0083743315,0.0,0.03889614,0.0,0.0,0.016386494,0.014439393,0.022210589,0.22353232,0.0,0.018751703,0.0,0.0,0.27996886,0.057581145,0.30779052
99999E30483867,6,False,DO,DO.01,False,0.030631423,0.047450487,0.04939596,0.003761579,0.06944279,0.019160455,0.037864573,0.013715689,0.077530324,0.17285636,0.13948976,0.12204092,0.11710865,0.0,0.0074094296,0.028196916,0.030847508,0.033097204
99999E30483899,5,False,DO,DO.01,False,0.016437385,0.016203288,0.055699047,0.0,0.030155364,0.0,0.01832185,0.016733903,0.040615518,0.17576256,0.26451585,0.0,0.025727062,0.0,0.0037026051,0.028126538,0.017994117,0.29000494
99999E30483955,5,False,DO,DO.01,False,0.1462594,0.19803794,0.037756857,0.10837346,0.06908374,0.0,0.0,0.0,0.0,0.11385144,0.10976112,0.00076643185,0.04907584,0.0048890286,0.0,0.07862784,0.083516866,0.0
99999E30483973,3,False,DO,DO.01,False,0.039379995,0.032905355,0.004876626,0.00812427,0.023183588,0.027901756,0.067719966,0.029437315,0.012268989,0.24115711,0.47568423,0.0027815558,0.005979648,0.0,0.0,0.0,0.0,0.028599596
99999E30484010,5,False,DO,DO.01,False,0.060036086,0.18189034,0.032840896,0.14225063,0.15455286,0.0,0.08097159,0.0,0.17756248,0.0045524994,0.043900173,0.0,0.0008610814,0.0,0.004365308,0.033357546,0.07358127,0.009277216
99999E30484132,5,False,DO,DO.01,False,0.0,0.0,0.0,0.0032475535,0.0,0.0,0.0,0.011691192,0.077571735,0.20272571,0.14420256,0.0,0.028466482,0.0,0.0,0.052901525,0.03703331,0.44215998
99999E30484203,6,False,DO,DO.01,False,0.03101567,0.086724035,0.002336298,0.032965887,0.03930224,0.02475911,0.02439434,0.031143537,0.04947064,0.16492857,0.14851204,0.064125784,0.058910493,0.0,0.0052489885,0.08476242,0.013030041,0.1383699
99999E30484207,6,False,DO,DO.01,False,0.012533928,0.0,0.0,0.019641995,0.0098061,0.0,0.0,0.01047519,0.03167614,0.34111953,0.29230708,0.078519225,0.20392083,0.0,0.0,0.0,0.0,0.0
99999E30484264,3,False,DO,DO.01,False,0.03491111,0.009103494,0.054067176,0.10971347,0.031756893,0.06662386,0.02037,0.33004132,0.0109434575,0.12195714,0.044915527,0.005265059,0.14347887,0.0,0.0,0.0,0.0168526,0.0
99999E30484322,6,False,DO,DO.01,False,0.028906971,0.052152015,0.037689958,0.07263612,0.08363986,0.0,0.11300127,0.046255726,0.09618699,0.02120721,0.13766395,0.057448104,0.069572225,0.031353515,0.022664849,0.053026598,0.058351267,0.018243345
99999E30484334,6,False,DO,DO.01,False,0.021852877,0.008691858,0.026752716,0.07621004,0.009889538,0.02563655,0.005601376,0.098003864,0.010691202,0.39135885,0.06261256,0.01045051,0.14445671,0.0,0.0,0.035169862,0.035221852,0.03739963
99999E30484367,6,False,DO,DO.01,False,0.038088772,0.11187866,0.0,0.010056116,0.09923755,0.022111313,0.04607447,0.015678432,0.00044322805,0.22002022,0.10067652,0.0,0.011473838,0.0,0.0014966537,0.082451046,0.05896603,0.18134706
99999E30484375,6,False,DO,DO.01,False,0.02395944,0.055027362,0.010199325,0.0038103983,0.059786893,0.0,0.017998086,0.0,0.062084995,0.043845005,0.10313114,0.0,0.0024075,0.0,0.0,0.09947405,0.040345848,0.47792998
99999E30484388,4,False,DO,DO.01,False,0.0,0.0,0.0,0.0,0.008130459,0.0,0.0,0.0,0.0,0.0,0.99186957,0.0,0.0,0.0,0.0,0.0,0.0,0.0
99999E30484401,6,False,DO,DO.01,True,0.0,0.005247601,0.013257497,0.007890374,3.604643e-05,8.7270295e-05,0.00023145601,0.021447625,0.0005976119,0.045524742,0.059157882,0.2243397,0.2726419,0.057613578,0.14466761,0.055883348,0.0032498704,0.08812593
99999E30484404,5,False,DO,DO.01,False,0.0,0.0,0.030259002,0.12580301,0.0024982158,0.0,0.0,0.31209853,0.0,0.050856538,0.19934742,0.0,0.0,0.046650358,0.0,0.0,0.0,0.23248702
99999E30484432,5,False,DO,DO.01,False,0.013198679,0.10335799,0.024468422,0.0103690345,0.15798263,0.08420703,0.0,0.0,0.016840864,0.14972429,0.020809961,0.0,0.013696512,0.0,0.0015124899,0.18895407,0.015489796,0.19938822
99999E30484436,6,False,DO,DO.01,False,0.05906788,0.033530757,0.11437914,0.07944585,0.09229545,0.013239293,0.039167784,0.028981322,0.05250534,0.12910412,0.007877733,0.19659059,0.112589434,0.0,0.0,0.007005135,0.015729431,0.018490836
99999E30484481,5,False,DO,DO.01,False,0.08091413,0.063157454,0.11891971,0.02277175,0.1459981,0.0,0.11549986,0.0003210878,0.12553005,0.0,0.0,0.032113876,0.048988827,0.0,0.0,0.13153388,0.027628843,0.086622365
99999E30484506,5,False,DO,DO.01,False,0.0,0.08903701,0.0,0.06933943,0.0,0.0,0.0,0.0,0.0,0.0,0.34460804,0.0,0.0,0.0,0.0,0.0,0.0,0.49701548
99999E30484625,5,False,DO,DO.01,False,0.039174106,0.106273115,0.0,0.0,0.13409409,0.0,0.03390348,0.038297296,0.05423907,0.06632936,0.1616293,0.0,0.01893269,0.037563365,0.0,0.12140628,0.070622504,0.1175353
99999E30484635,3,False,DO,DO.01,False,0.10097539,0.009988649,0.007682044,0.0033097037,0.109033905,0.01005747,0.037010275,0.0,0.024502672,0.24293406,0.055197347,0.007613224,0.0,0.0,0.0,0.06774004,0.0,0.32395524
99999E30484688,5,False,DO,DO.01,False,0.06555238,0.038318895,0.15800184,0.043422606,0.21918078,0.0,0.12804417,0.0,0.0,0.0,0.0,0.0,0.0,0.0,0.0,0.3474793,0.0,0.0
99999E30484700,5,False,DO,DO.01,False,0.044232924,0.0,0.054497946,0.0,0.37420678,0.4005226,0.052258305,0.07428145,0.0,0.0,0.0,0.0,0.0,0.0,0.0,0.0,0.0,0.0
99999E30484716,4,False,DO,DO.01,False,0.010385076,0.029831603,0.019311547,0.020725155,0.061702747,0.012378481,0.018216312,0.0066158297,0.006049133,0.10057473,0.47267127,0.03382639,0.0,0.0,0.0,0.0,0.0,0.20771176
99999E30484775,5,False,DO,DO.01,False,0.055879388,0.10982067,0.037768446,0.023952153,0.070378415,0.054144394,0.014856306,0.0,0.011117147,0.08161547,0.042647947,0.0,0.045134198,0.042471755,0.031658053,0.2132373,0.040506743,0.12481157
99999E30484811,4,False,DO,DO.01,False,0.0092011215,0.04238358,0.0073181405,0.0047183055,0.07428476,0.0,0.025360774,0.0,0.028033286,0.033299025,0.44654766,0.2924717,0.0,0.0,0.0,0.0,0.0040156096,0.03236603
99999E30484869,5,False,DO,DO.01,False,0.010508722,0.09163606,0.06925749,0.051472723,0.012470351,0.0,0.0,0.0014712211,0.021367736,0.03321757,0.57824993,0.0,0.00756628,0.0,0.03873215,0.015803117,0.019516196,0.048730444
99999E30484872,6,False,DO,DO.01,False,0.1281029,0.10446829,0.03670009,0.030235251,0.07238948,0.017196788,0.08744933,0.009181774,0.05728911,0.07146432,0.05560537,0.055694662,0.053526964,0.0,0.0026981824,0.011043341,0.016961936,0.18999228
99999E30484927,6,False,DO,DO.01,False,0.036275145,0.06128663,0.045249797,0.014184041,0.14728627,0.008715218,0.02130361,0.041879423,0.03147902,0.03027597,0.25327167,0.008003491,0.007964461,0.0,0.0,0.16087337,0.059628993,0.072322994
99999E30484945,5,False,DO,DO.01,False,0.119180016,0.0,0.07045655,0.01795304,0.29237556,0.0,0.0,0.1448148,0.08913084,0.0,0.09975841,0.0,0.0,0.0,0.0,0.017883519,0.1144441,0.03400302
99999E30484948,6,False,DO,DO.01,False,0.0,0.0,0.0,0.014492035,0.064918,0.0,0.0,0.16956581,0.07077001,0.049759194,0.046375755,0.32074443,0.24005981,0.0,0.0,0.023315025,0.0,0.0
99999E30484954,5,False,DO,DO.01,False,0.051038805,0.08579459,0.03448729,0.06972041,0.38606668,0.0,0.0,0.010614687,0.08975048,0.07488157,0.013496582,0.0,0.0,0.0,0.0,0.07735177,0.03508992,0.0717073
99999E30485005,5,False,DO,DO.01,False,0.13434334,0.009840869,0.27214572,0.025232803,0.045163773,0.023057692,0.09347693,0.0,0.16656972,0.04155369,0.041666977,0.048124336,0.07442204,0.0,0.0,0.0,0.0,0.024402032
99999E30485020,5,False,DO,DO.01,False,0.0,0.0,0.033436485,0.050392285,0.019452034,0.05931387,0.0,0.0,0.021799954,0.48791724,0.021038264,0.0,0.06786091,0.0,0.0,0.22057119,0.0,0.018217742
99999E30485146,5,False,DO,DO.01,False,0.0015391657,0.020391865,0.0050334875,0.097491585,0.08030285,0.24059238,0.03570032,0.08133451,0.0,0.0,0.34430718,0.0,0.0,0.0,0.0,0.038296107,0.0,0.055010606
99999E30485186,5,False,DO,DO.01,False,0.0,0.13925065,0.5322919,0.044074394,0.15956919,0.03486995,0.0,0.0,0.0,0.0,0.046365958,0.0071038455,0.013443836,0.0,0.0,0.0,0.0,0.02303021
99999E30485193,5,False,DO,DO.01,False,0.055422764,0.16037664,0.02712909,0.0,0.026010325,0.03593411,0.003986315,0.009102849,0.49058786,0.023284053,0.0025048112,0.0,0.0031271954,0.0,0.0,0.0,0.11522895,0.047305036
99999E30485258,5,False,DO,DO.01,False,0.03229999,0.044447966,0.0,0.004916102,0.12900749,0.02378494,0.01589487,0.008887177,0.012452917,0.23859514,0.0011178793,0.0,0.020157302,0.0073586795,0.0,0.12501226,0.00884189,0.3272254
99999E30485301,5,False,DO,DO.01,False,0.028094511,0.06508462,0.050374124,0.07677397,0.07249131,0.042214856,0.026459409,0.05108881,0.07166834,0.2481781,0.0019112279,0.0,0.056503046,0.0,0.0,0.043227322,0.0,0.16593033
99999E30485399,4,False,DO,DO.01,False,0.0060506603,0.021323903,0.094667435,0.029970735,0.031970598,0.0,0.011911616,0.009629849,0.06453883,0.045205504,0.6248982,0.0033821878,0.0032694265,0.0,0.0,0.0,0.02009878,0.033082295
99999E30485478,5,False,DO,DO.01,False,0.0,0.22718471,0.017116029,0.0,0.05447172,0.0,0.0,0.0,0.078017674,0.0,0.18610257,0.025920646,0.022121144,0.023418091,0.0,0.0123483855,0.079369426,0.27392957
99999E30485507,6,False,DO,DO.01,False,0.04008276,0.04726694,0.0148842735,0.01918707,0.057494726,0.021879643,0.01770715,0.026103988,0.04043246,0.06729968,0.14705168,0.007431499,0.17853947,0.0023747822,0.0,0.207469,0.017060935,0.08773398
99999E30485522,5,False,DO,DO.01,False,0.028545177,0.15190005,0.011691254,0.028455405,0.05524918,0.045214277,0.021752559,0.025709493,0.015859408,0.053569946,0.041146453,0.0010561205,0.046863586,0.0,0.032979123,0.02191098,0.054397244,0.36369973
99999E30485528,4,False,DO,DO.01,False,0.0,0.0059206276,0.008194428,0.0,0.023407029,0.0,0.0,0.0,0.0,0.011998671,0.4826929,0.0,0.0,0.0,0.019244224,0.016668709,0.0,0.43187347
99999E30485556,4,False,DO,DO.01,False,0.0056240596,0.016036285,0.010980506,0.0,0.07621078,0.03931647,0.01782299,0.0044418424,0.05302085,0.05509406,0.43056798,0.012086113,0.0023088136,0.0025375958,0.012591953,0.03828485,0.024023728,0.1990512
99999E30485559,6,False,DO,DO.01,False,0.062396266,0.0397127,0.0,0.023059333,0.104596905,0.03755601,0.04197269,0.02148322,0.023292635,0.07474871,0.23174559,0.013567037,0.005677568,0.06436596,0.023647036,0.07994721,0.015554543,0.1366766
99999E30485575,6,False,DO,DO.01,False,0.045053888,0.07142514,0.020888593,0.005514303,0.15048204,0.017041065,0.08668573,0.010862749,0.056002203,0.026773877,0.11448874,0.028899541,0.04640243,0.0101049645,0.002902789,0.12361908,0.024295986,0.15855686
99999E30485639,4,False,DO,DO.01,False,0.0,0.0,0.0,0.0,0.0022856256,0.0,0.01316542,0.005644391,0.0077381902,0.012354683,0.9370901,0.0,0.0022910542,0.0,0.0,0.0,0.0,0.019430531
99999E30594382,4,False,DO,DO.01,True,0.004343291,0.0039431322,0.00013613241,0.0,0.042703208,0.00522364,0.004515908,0.00013691703,0.00016712508,0.09179522,0.14754477,0.008825853,0.0030608214,0.07226944,0.15171936,0.10227467,0.00012789386,0.36121264
99999E30594385,4,False,DO,DO.01,False,0.011429085,0.0066790027,0.037036207,0.030086,0.010501536,0.0053855674,0.0,0.022476237,0.0016946243,0.0079034325,0.8087177,0.019582858,0.031113043,0.0,0.0,0.0,0.0,0.007394724
99999E30594386,6,False,DO,DO.01,False,0.0111554945,0.052240986,0.039634828,0.030911142,0.06931503,0.017657263,0.0,0.027796086,0.04944569,0.24708033,0.22796912,0.002833011,0.038936824,0.0,0.0,0.0826192,0.018809488,0.08359542
99999E30594393,6,False,DO,DO.01,False,0.038889788,0.048038222,0.012475699,0.006327226,0.061849635,0.041949537,0.0,0.014251513,0.017691577,0.4162575,0.007711018,0.07823817,0.18670094,0.0,0.0,0.0058328826,0.036386017,0.02740031
99999E30594394,6,False,82,82.11,False,0.0038728626,0.019062964,0.01622165,0.0,0.061224017,0.00237604,0.004064933,0.010373444,0.0012550792,0.008187818,0.63558996,0.0,0.0,0.0016292848,0.0,0.021864537,0.0,0.21427745
99999E30594410,3,False,DO,DO.01,False,0.19334798,0.077570096,0.14744364,0.26245186,0.0,0.0,0.21412863,0.0,0.057119288,0.0,0.015338097,0.0,0.03260033,0.0,0.0,0.0,0.0,0.0
99999E30594414,6,False,DO,DO.01,False,0.04761706,0.02178949,0.0045658015,0.018799493,0.09281347,0.016455986,0.013375386,0.012604011,0.03746186,0.14638849,0.36234394,0.0,0.016097235,0.0,0.00079586235,0.046692636,0.017019212,0.14518
99999E30594417,5,False,DO,DO.01,False,0.03389061,0.004090322,0.016378919,0.1351966,0.16992907,0.037936855,0.065740466,0.047840897,0.01762629,0.030465849,0.10609273,0.018146396,0.03042177,0.0032616793,0.014483619,0.059882667,0.024087943,0.18452731
99999E30594427,6,False,DO,DO.01,False,0.004396334,0.010062221,0.0077862954,0.0,0.0048120418,0.011364672,0.0037144534,0.004486055,0.0028665892,0.026959693,0.7514575,0.0,0.026380993,0.0,0.0,0.031267803,0.0055417735,0.10890347
99999E30594429,6,False,DO,DO.01,False,0.010424143,0.026666148,0.03368051,0.016466977,0.05371437,0.021930415,0.012562009,0.010187858,0.052384645,0.045792576,0.36379552,0.0023050248,0.0077357846,0.024403853,0.009482777,0.039652966,0.029940188,0.23887423
99999E30594434,4,False,DO,DO.01,False,0.019534377,0.01787039,0.00975648,0.0,0.028371915,0.0,0.016319614,0.0,0.0,0.1783755,0.45342386,0.0055799396,0.0508314,0.0,0.0025390715,0.004736472,0.0,0.21266085
99999E30594454,5,False,DO,DO.01,False,0.0094597265,0.08865901,0.00086822145,0.0,0.11539571,0.028939633,0.0,0.013165865,0.0,0.03252591,0.10863134,0.0,0.0,0.0,0.0,0.48167178,0.08237737,0.038305413
99999E30594457,6,False,DO,DO.01,False,0.07561034,0.05696901,0.012371329,0.01995787,0.13648781,0.007825164,0.03906411,0.0016580131,0.048205808,0.053225104,0.35481894,0.017131431,0.008388807,0.011124734,0.018209346,0.021031672,0.0017649818,0.11615555
99999E30594463,3,False,DO,DO.01,False,0.1467963,0.052373413,0.025308963,0.008163964,0.022621797,0.0141275,0.0121306665,0.013011107,0.10085024,0.20944376,0.32857966,0.023699092,0.0,0.0,0.0,0.0058664586,0.0017608814,0.03526617
99999E30594465,6,False,DO,DO.01,False,0.0319562,0.069780886,0.025545998,0.01541737,0.0644432,0.0016200991,0.017189607,0.004634328,0.040021736,0.04742055,0.026041564,0.031631507,0.004311595,0.0028486673,0.009778486,0.15245153,0.08729826,0.36760843
99999E30594466,6,False,DO,DO.01,False,0.04183149,0.0432097,0.06544826,0.032817334,0.036961704,0.060126312,0.020297384,0.018421335,0.26180428,0.10061252,0.07202565,0.029496448,0.048725545,0.0,0.0,0.030819263,0.028342823,0.109059975
99999E30594469,5,False,DO,DO.01,False,0.015319356,0.005272484,0.016161762,0.012176983,0.07944075,0.0,0.0,0.00093880977,0.036299113,0.2485872,0.28749615,0.002430806,0.00022724248,0.00065877364,0.0,0.062225413,0.0044484437,0.22831671
99999E30594482,4,False,DO,DO.01,False,0.0,0.0,0.0019479637,0.0016459537,0.00080032623,0.0,0.019358834,0.0,0.0,0.03032179,0.7873096,0.0,0.0,0.0,0.0,0.0,0.0,0.15861559
99999E30594489,6,False,DO,DO.01,False,0.0,0.0043650754,0.0,0.0,0.019495634,0.006440276,0.011011849,0.0,0.005621441,0.018527549,0.88345146,0.008419382,0.0044979705,0.0,0.0,0.004889498,0.0,0.03327987
99999E30594497,6,False,DO,DO.01,False,0.0097448565,0.013696263,0.019760104,0.018021762,0.099127755,0.058954615,0.02527548,0.0045674695,0.027201254,0.22370228,0.2855198,0.0,0.006847363,0.0,0.0,0.07149941,0.006219009,0.12986253
99999E30594499,6,False,DO,DO.01,False,0.048932854,0.05251308,0.010716988,0.022315463,0.00892649,0.0039716614,0.0,0.14228944,0.007359997,0.22831127,0.23956725,0.005043513,0.13386372,0.0,0.0,0.041234944,0.0,0.05495342
99999E30594510,6,False,DO,DO.01,False,0.066064715,0.033251937,0.062299162,0.019282015,0.21749705,0.045150265,0.012392817,0.0038398425,0.07266488,0.23659374,0.073528886,0.002895359,0.0008775456,0.0,0.0,0.029741755,0.03291067,0.09100938
99999E30594527,5,False,DO,DO.01,False,0.08829537,0.050876513,0.15078169,0.120195,0.12414599,0.0,0.060602013,0.07370712,0.06198789,0.08457536,0.004206278,0.0043764743,0.06134358,0.003245885,0.0,0.0,0.0,0.11166087
99999E30594529,6,False,DO,DO.01,False,0.037891246,0.06894516,0.067958534,0.06530962,0.05658041,0.009352571,0.022958228,0.017880535,0.07136231,0.14597727,0.14717242,0.013410222,0.026287172,0.0,0.0,0.08942302,0.052181292,0.1073101
99999E30601128,6,False,01,01.1,False,0.036862966,0.0040180064,0.03598547,0.046501834,0.07781457,0.008810273,0.0033225296,0.04221759,0.08758656,0.07031103,0.10978746,0.028832385,0.03133447,0.0,0.0,0.15386328,0.029351275,0.23340023
99999E30601131,5,False,01,01.1,False,0.04509453,0.028025022,0.018093677,0.065366894,0.12901443,0.11732647,0.026566356,0.10655716,0.12956066,0.12515981,0.0,0.010955518,0.046633888,0.003072511,0.0,0.12334114,0.025231835,0.0
99999E30601133,4,False,DO,DO.02,False,0.0,0.0,0.0,0.0,0.0,0.0,0.0,0.0,0.0,0.7718825,0.22811754,0.0,0.0,0.0,0.0,0.0,0.0,0.0
99999E30601137,5,False,01,01.4,False,0.0,0.0,0.0,0.0,0.0,0.0,1.0,0.0,0.0,0.0,0.0,0.0,0.0,0.0,0.0,0.0,0.0,0.0
99999E30601138,4,False,49,49.41,False,0.009888904,0.009181631,0.122993596,0.025561571,0.03727314,0.027502418,0.043103065,0.0,0.003998035,0.57073474,0.057845015,0.0,0.003392328,0.0,0.0,0.0,0.0,0.08852555
99999E30601141,4,False,DO,DO.01,False,0.0036447628,0.0,0.0,0.0,0.016835969,0.0,0.0084817195,0.0,0.0044827075,0.051588934,0.0476749,0.0,0.0,0.0,0.0,0.0,0.0037717393,0.86351925
99999E30601142,6,False,29,29.10,False,0.01052144,0.013527564,0.0,0.0,0.010469964,0.0,0.028517015,0.0,0.0,0.0,0.9157667,0.0,0.0,0.0,0.0,0.01058321,0.002975241,0.007638853
99999E30601147,3,False,70,70.22,False,0.020066999,0.0023367924,0.025557647,0.02836833,0.05438353,0.06680283,0.34461966,0.04314078,0.027910776,0.0012909553,0.26206392,0.044578806,0.07887899,0.0,0.0,0.0,0.0,0.0
99999E30601151,5,False,DO,DO.01,False,0.16077143,0.21466678,0.10232296,0.12498259,0.076223604,0.0,0.080664076,0.0015574775,0.07826491,0.0,0.006548033,0.0,0.008125393,0.0,0.0,0.079398215,0.06647446,0.0
99999E30601154,4,False,01,01.4,False,0.0,0.0,0.0,0.0,0.0,0.0,0.0,0.0,0.0,0.0,0.99378437,0.0,0.0,0.0,0.006215684,0.0,0.0,0.0
99999E30601155,4,False,49,49.4,False,0.0,0.0,0.005869866,0.0,0.013827833,0.0,0.0062083327,0.0,0.0,0.02873103,0.92051494,0.0,0.0,0.0,0.0,0.0,0.0,0.024847988
99999E30601156,5,False,55,55.20,False,0.0,0.03844403,0.0380187,0.0,0.07848492,0.0,0.0,0.0,0.11310097,0.08672293,0.1914665,0.0,0.0074843485,0.029183736,0.0,0.09386403,0.04839829,0.27483153
99999E30601158,5,False,01,01.4,False,0.0,0.0,0.0,0.0,1.0,0.0,0.0,0.0,0.0,0.0,0.0,0.0,0.0,0.0,0.0,0.0,0.0,0.0
99999E30601161,4,False,84,84.11,True,0.0,0.0,0.0,0.0060033863,0.054324847,0.0,0.011501804,0.0026688366,0.0,0.013518888,0.28509843,0.0,0.11127306,0.14150019,0.3513411,0.0,0.0,0.022769472
99999E30601165,6,False,56,56.10,False,0.0,0.019995585,0.06590664,0.0019327279,0.08922726,0.018958062,0.005488782,0.0017904033,0.21676461,0.2107189,0.17918883,0.0,0.0,0.0,0.0,0.01601462,0.0,0.17401358
99999E30601166,4,False,84,84.11,False,0.001837807,0.017576654,0.0,0.014966313,0.015916064,0.0,0.0,0.0,0.0,0.0016100502,0.67483157,0.0,0.0,0.0,0.009762692,0.07334491,0.010707194,0.17944676
99999E30601167,6,False,94,94.91,False,0.0034705438,0.0050914204,0.02721654,0.07442497,0.01303468,0.0,0.046650942,0.05135889,0.0,0.0014984242,0.33745483,0.002777724,0.0,0.005020527,0.2415331,0.071850255,0.101045355,0.017571846
99999E30601174,4,False,55,55.10,False,0.0,0.0,0.0,0.0,0.0034401154,0.0,0.0,0.0,0.008470289,0.70475674,0.23324513,0.0,0.0,0.0,0.0,0.0,0.0,0.050087728
99999E30601175,3,False,41,41.20,False,0.022276212,0.0075162565,0.013959001,0.033457793,0.03910795,0.044197932,0.037501022,0.010646498,0.0,0.17221509,0.37944806,0.18199876,0.05338131,0.00016386945,0.0,0.0015183005,0.0,0.0026118786
99999E30601179,4,False,01,01.1,False,0.013130144,0.027413847,0.0,0.009942302,0.0062684845,0.0,0.009473983,0.0,0.008994316,0.024305457,0.32914904,0.021865496,0.06504704,0.0,0.45281738,0.014668783,0.0068704877,0.010053285
99999E30601180,6,False,DO,DO.01,False,0.0,0.0021515398,0.0,0.0,0.015499308,0.0,0.016712118,0.0,0.008386893,0.0,0.4231133,0.0,0.0,0.06704033,0.0,0.0025352538,0.0,0.46456125
99999E30601183,2,False,49,49.3,False,0.0,0.0,0.0,0.0,0.0,0.0,0.0,0.0,0.0,0.0,1.0,0.0,0.0,0.0,0.0,0.0,0.0,0.0
99999E30601187,4,False,56,56.10,False,0.0,0.0024676,0.0,0.0,0.0,0.0,0.0,0.0,0.0,0.33699656,0.6539414,0.0,0.0,0.0,0.0031259228,0.0,0.0,0.0034685056
99999E30601188,5,False,16,16.23,False,0.09753139,0.0,0.09862355,0.1801845,0.1235413,0.106251046,0.20962535,0.14368933,0.008124794,0.0,0.0017005698,0.0015623561,0.028980147,0.0,0.00018563989,0.0,0.0,0.0
99999E30601191,3,False,96,96.21,False,0.2570284,0.019858705,0.011622989,0.05659304,0.014949534,0.39978713,0.16011259,0.039244898,0.0049205567,0.00029982565,0.030016724,0.0,0.0037421277,0.0,0.0,0.0,0.0,0.0018236232
99999E30601192,4,False,84,84.11,False,0.0,0.0,0.008353632,0.0,0.0,0.0,0.0,0.0,0.007371071,0.5585722,0.4257031,0.0,0.0,0.0,0.0,0.0,0.0,0.0
99999E30601194,6,False,94,94.91,False,0.13582514,0.22355302,0.061565816,0.06323961,0.05294933,0.0021166708,0.020717323,0.17090327,0.0,0.016998496,0.22370933,0.0015565673,0.013631361,0.0,0.0048455484,0.0034583148,0.0,0.0049302154
99999E30601195,6,False,84,84.11,False,0.1035002,0.028384844,0.0,0.0,0.0075141476,0.1049151,0.0076316926,0.0,0.0,0.0,0.0,0.0,0.0,0.19921198,0.0,0.29578143,0.007348715,0.24571179
99999E30601202,2,False,36,36.00,False,0.0,0.0,0.0,0.0,0.0,0.0,0.0,0.0,0.0,0.0,1.0,0.0,0.0,0.0,0.0,0.0,0.0,0.0
99999E30601204,5,False,49,49.4,False,0.0127395885,0.0,0.09500456,0.02367325,0.0,0.014580136,0.013126163,0.024671413,0.024625257,0.0452867,0.33263713,0.0,0.0,0.0048812013,0.0024982982,0.014072399,0.0,0.39220393
99999E30601206,4,False,84,84.11,False,0.0,0.0,0.002240797,0.027986962,0.0045407354,0.0,0.0,0.015232162,0.0,0.033598814,0.82520473,0.0869968,0.00419903,0.0,0.0,0.0,0.0,0.0
99999E30601208,1,False,IL,IL.01,False,0.0,0.0,0.0,0.0,0.0,0.0,0.0,0.0,0.0,0.0,0.0,0.0,0.0,0.19703333,0.80296665,0.0,0.0,0.0
99999E30601209,3,False,43,43.99,False,0.108203344,0.009232806,0.028470557,0.050095007,0.09078467,0.2166941,0.062538914,0.056520358,0.0070763063,0.10544814,0.24584085,0.0,0.002738983,0.0,0.0,0.0039251246,0.0,0.012430838
99999E30601210,4,False,56,56.30,False,0.0,0.0,0.0,0.0,0.0022286028,0.001995802,0.0,0.0,0.0,0.8955677,0.10020788,0.0,0.0,0.0,0.0,0.0,0.0,0.0
99999E30601211,4,False,47,47.11,False,0.0,0.0,0.0,0.0,0.0,0.0,0.0,0.0,0.0,0.36120018,0.6387998,0.0,0.0,0.0,0.0,0.0,0.0,0.0
99999E30601212,1,False,74,74.90,False,0.0,0.0,0.0051609264,0.0,0.0,0.0,0.005423689,0.0,0.0011655878,0.0012936003,0.086624056,0.0,0.0,0.20956321,0.69076896,0.0,0.0,0.0
99999E30601214,4,False,94,94.91,False,0.0,0.0,0.0,0.006744993,0.0,0.0,0.027065197,0.04867596,0.0,0.0044926032,0.9081634,0.0,0.0,0.0,0.0,0.0,0.0,0.004857856
99999E30601215,1,False,IL,IL.01,False,0.0,0.0,0.0,0.0,0.0,0.0,0.0,0.0,0.0,0.0,0.0,0.0,0.0,0.23439191,0.7656081,0.0,0.0,0.0
99999E30601216,6,False,DO,DO.01,False,0.09437298,0.05894022,0.034319665,0.0151619315,0.04436816,0.024599286,0.033740856,0.0150916,0.053453576,0.27205035,0.123983614,0.0,0.005491464,0.0,0.0,0.01580937,0.017805854,0.19081107
99999E30601217,1,False,IL,IL.01,False,0.0,0.0,0.0,0.0,0.0,0.0,0.0,0.0,0.0,0.0,0.0,0.0,0.0,0.2241528,0.77310133,0.0,0.0,0.0027458747
99999E30601219,3,False,01,01.41,False,0.047965713,0.0030945735,0.0715297,0.081170715,0.017361965,0.06783343,0.066641524,0.006967922,0.0009226317,0.006294213,0.017816672,0.6114609,0.0009400267,0.0,0.0,0.0,0.0,0.0
99999E30601220,5,False,01,01.1,False,0.06033413,0.035102677,0.08290335,0.03532703,0.031228973,0.11405753,0.33562168,0.0,0.06491079,0.0,0.18321592,0.0,0.0,0.0,0.0,0.057297982,0.0,0.0
99999E30601221,3,False,16,16.23,False,0.056876067,0.021746421,0.050702274,0.090347834,0.06549237,0.15603425,0.029010696,0.060126428,0.012693497,0.1429611,0.29772982,0.0,0.011735896,0.0,0.0,0.0,0.0045433356,0.0
99999E30601223,3,False,81,81.30,False,0.114825085,0.12466738,0.04331709,0.08506567,0.0067965956,0.28739756,0.026381407,0.032636847,0.020830322,0.048878323,0.018181188,0.05270363,0.087789215,0.0,0.0017731352,0.0070046023,0.01688664,0.024865324
99999E30601224,3,False,27,27.52,False,0.04121698,0.0,0.0,0.006944728,0.00989148,0.7507571,0.007803753,0.0,0.0013653901,0.042123683,0.12667373,0.0,0.0,0.0,0.0,0.0,0.0,0.013223172
99999E30601225,3,False,81,81.30,True,0.08314079,0.12274497,0.06325409,0.08255786,0.05572062,0.15320204,0.059119496,0.073751576,0.021187726,0.0026349507,0.022482874,0.10193451,0.062987305,0.008638219,0.022840153,0.0049149697,0.038707443,0.020180522
99999E30601226,3,False,81,81.30,False,0.044429954,0.01225997,0.0013155424,0.12016758,0.068021275,0.32839918,0.018550253,0.027902763,0.009352511,0.0012271026,0.17639323,0.031639345,0.1452845,0.0037255273,0.0007738483,0.0012049926,0.005394829,0.0039576823
99999E30601227,4,False,01,01.1,False,0.0,0.002137552,0.0073404694,0.0,0.058602937,0.01200639,0.010792177,0.0021524688,0.012944645,0.05918618,0.71819216,0.0040886467,5.0716524e-05,0.006514089,0.035943095,0.003547173,0.0,0.06650129
99999E30601229,5,False,49,49.4,False,0.019460436,0.02065914,0.025305966,0.006541074,0.010344368,0.02662306,0.026356682,0.0,0.02373729,0.046497863,0.7214272,0.0,0.0,0.0,0.0,0.041481066,0.0,0.031565864
99999E30601230,4,False,94,94.91,False,0.0013201359,0.0,0.0019648415,0.0,0.009858947,0.019976614,0.005523901,0.0,0.0,0.45882666,0.22266024,0.0,0.0,0.0,0.0,0.008167489,0.0,0.27170116
99999E30601231,6,False,56,56.10,False,0.0,0.0039489013,0.0018010879,0.003163796,0.06707934,0.0,0.0,0.0018778759,0.0099832835,0.16750762,0.10912513,0.0,0.0,0.0,0.0,0.07381753,0.0,0.5616954
99999E30601235,6,False,01,01.1,False,0.0004745512,0.062081844,0.011693544,0.029991638,0.08190905,0.0036367194,0.021913722,0.043619543,0.053487193,0.098411374,0.27909335,0.0050618793,0.02699217,0.0,0.0,0.15139239,0.059562955,0.070678
99999E30601236,5,False,01,01.4,False,0.123798855,0.0,0.059098933,0.019026242,0.34737858,0.0,0.0,0.0,0.1331944,0.09016088,0.11231896,0.0,0.0,0.0,0.0,0.11502325,0.0,0.0
99999E30601237,6,False,01,01.4,False,0.15519252,0.028780553,0.01646095,0.011415366,0.069796726,0.07561185,0.037632268,0.0026907758,0.0045976243,0.045264963,0.14203452,0.032644194,0.04865189,0.07094386,0.010814557,0.07201987,0.0,0.17544751
99999E30601239,2,False,61,61.10,False,0.0,0.0,0.0,0.0,0.0,0.0,0.0,0.0,0.0,0.0,1.0,0.0,0.0,0.0,0.0,0.0,0.0,0.0
99999E30601240,2,False,43,43.21,False,0.0,0.0,0.0,0.0,0.0,0.0,0.0,0.0,0.0,0.0,1.0,0.0,0.0,0.0,0.0,0.0,0.0,0.0
99999E30601243,2,False,60,60.10,False,0.0,0.0,0.0,0.0,0.0,0.0,0.0,0.0,0.0,0.0,1.0,0.0,0.0,0.0,0.0,0.0,0.0,0.0
99999E30601244,2,False,60,60.10,False,0.0,0.0,0.0,0.0,0.0,0.0,0.0,0.0,0.0,0.0,0.99790746,0.0,0.0,0.0,0.0,0.0,0.0,0.0020925873
99999E30601245,2,False,60,60.10,False,0.0,0.0,0.0,0.0,0.0,0.0,0.0,0.0,0.0,0.0,1.0,0.0,0.0,0.0,0.0,0.0,0.0,0.0
99999E30601246,2,False,60,60.10,False,0.0,0.0,0.0,0.0,0.0,0.0,0.0,0.0,0.0,0.0,0.9980825,0.0,0.0,0.0,0.0,0.0,0.0,0.0019175003
99999E30601247,2,False,61,61.10,False,0.0,0.0,0.0,0.0,0.0,0.0,0.0,0.0,0.0,0.013917412,0.9491512,0.0,0.0,0.0,0.0,0.0,0.0,0.036931425
99999E30601248,2,False,61,61.10,False,0.0,0.0,0.0,0.0,0.0,0.0,0.0,0.0,0.0,0.0,1.0,0.0,0.0,0.0,0.0,0.0,0.0,0.0
99999E30601249,2,False,61,61.10,False,0.0,0.0,0.0,0.0,0.0,0.0,0.0,0.0,0.0,0.0,1.0,0.0,0.0,0.0,0.0,0.0,0.0,0.0
99999E30601252,6,False,96,96.0,False,0.06111282,0.08295961,0.035560012,0.06569059,0.09967531,0.10471965,0.030600317,0.03955803,0.02479637,0.0630986,0.11171485,0.016965382,0.021092467,0.003527225,0.0005194563,0.09139046,0.01070334,0.1363155
99999E30601254,4,False,94,94.91,False,0.0029607613,0.13702267,0.0,0.027839437,0.027609948,0.0,0.0,0.0,0.0027726572,0.0,0.23185357,0.0,0.0,0.0,0.10037244,0.015906097,0.0,0.4536624
99999E30601256,3,False,43,43.91,False,0.06355893,0.010572581,0.019295193,0.08467495,0.1003525,0.122550376,0.118622415,0.03108337,0.0059793843,0.02599982,0.19173722,0.12786882,0.014960034,0.0,0.08274439,0.0,0.0,0.0
99999E30601262,6,False,96,96.02,False,0.39806607,0.03901602,0.0032239282,0.012568919,0.0025787232,0.0,0.31031823,0.02472516,0.03220367,0.0021492853,0.14374027,0.0062279003,0.0074764136,0.0,0.0,0.0043677,0.013337719,0.0
99999E30601263,6,False,DO,DO.02,False,0.04942173,0.02934829,0.0057104956,0.0071831527,0.06406698,0.0,0.030734913,0.007427139,0.016292658,0.055336554,0.4008699,0.08175701,0.012343838,0.0,0.0033170073,0.08850528,0.0032175304,0.1444676
99999E30601267,4,False,55,55.10,False,0.0,0.0,0.0,0.0,0.0,0.0,0.0,0.0,0.0,0.8702011,0.12979886,0.0,0.0,0.0,0.0,0.0,0.0,0.0
99999E30601269,4,False,47,47.30,False,0.0,0.0,0.0,0.0,0.0,0.0,0.0,0.0,0.0,0.67001593,0.32281402,0.0,0.0,0.0,0.0,0.0,0.0,0.0071700956
99999E30601270,3,False,28,28.29,False,0.011672865,0.0038219537,0.011338038,0.010666057,0.021420864,0.25656834,0.0,0.0,0.0,0.23221914,0.15978315,0.0,0.0,0.010791725,0.012169843,0.016246324,0.00409882,0.24920292
99999E30601271,3,False,47,47.79,False,0.020439329,0.0035380027,0.023505438,0.13217145,0.012150655,0.65136486,0.045170013,0.021831052,0.0015246705,0.046365317,0.033987097,0.0016438415,0.001494728,0.0022786225,0.000106595195,0.00038865325,0.00048806227,0.0015516189
99999E30601273,1,False,IL,IL.01,False,0.0,0.0,0.0,0.0,0.0,0.0,0.0,0.0,0.0,0.0,0.0,0.0,0.0,0.27776206,0.72223794,0.0,0.0,0.0
99999E30601275,6,False,49,49.41,False,0.0044450457,0.016455172,0.09043682,0.12839748,0.013973874,0.046885554,0.01351859,0.02449696,0.16056396,0.023815373,0.06923532,0.0,0.030250948,0.07601571,0.29064932,0.010859865,0.0,0.0
99999E30601278,4,False,84,84.11,True,0.06058128,0.16804545,0.029581558,0.011425922,0.011542723,0.010244037,0.028029129,0.090999685,0.01547234,0.006231629,0.043022633,0.009571872,0.034477804,0.04628769,0.13172837,0.23995465,0.014766611,0.048036575
99999E30601281,4,False,47,47.11,True,0.0,0.0,0.0,0.0,0.0,0.0,0.0,0.0,0.0,0.19576122,0.8042388,0.0,0.0,0.0,0.0,0.0,0.0,0.0
99999E30601287,3,False,16,16.23,False,0.0026331716,0.0,0.0016078701,0.039334223,0.04276349,0.73498935,0.03991934,0.008300796,0.0,0.02320799,0.04124146,0.0056247045,0.0569277,0.0,0.0,0.0022230707,0.0,0.0012268733
99999E30601288,4,False,86,86.90,False,0.009731235,0.007900687,0.0058255787,0.0,0.02777834,0.0,0.012200402,0.0,0.0,0.016363619,0.8498942,0.0,0.00691757,0.0,0.0034400974,0.007567564,0.0069923196,0.045388326
99999E30601289,4,False,56,56.10,False,0.0,0.0,0.0,0.0,0.0,0.0,0.0,0.0,0.0,0.70554775,0.079802975,0.0,0.0,0.0,0.0,0.0,0.0,0.21464926
99999E30601291,4,False,94,94.91,False,0.0,0.0,0.0,0.0,0.0,0.0,0.0,0.0,0.0,0.0,0.51120454,0.0,0.0,0.0,0.4550467,0.0,0.0,0.03374878
99999E30601292,6,False,52,52.10,False,0.023715805,0.09475458,0.031597264,0.03127034,0.08000363,0.0069549996,0.01252584,0.088168755,0.04345718,0.0342489,0.041076146,0.020010965,0.046066564,0.0,0.0,0.07293093,0.010886175,0.36233196
99999E30601293,6,False,01,01.1,False,0.038123164,0.02327121,0.015419545,0.03660959,0.08517011,0.0,0.07441743,0.015608741,0.054740958,0.03146974,0.3807902,0.058020364,0.07671932,0.0,0.0,0.009585974,0.048749723,0.05130388
99999E30601295,5,False,01,01.4,False,0.058189426,0.040762495,0.075651534,0.004730419,0.031319242,0.0,0.037720256,0.019730596,0.081173286,0.07250378,0.4990504,0.020820878,0.040164597,0.0,0.009073963,0.0,0.0,0.009109135
99999E30601298,1,False,IL,IL.01,False,0.0,0.0,0.0,0.0,0.0,0.0,0.0,0.0,0.0,0.0,0.0,0.0,0.0,0.097835116,0.9021648,0.0,0.0,0.0
99999E30601299,6,False,84,84.11,False,0.090974696,0.24574555,0.041538753,0.056817636,0.006492257,0.026710741,0.09580811,0.0,0.0,0.007866419,0.1495589,0.0,0.0,0.0,0.0,0.082997486,0.0483557,0.14713372
99999E30601300,4,False,47,47.11,False,0.0,0.0,0.0,0.0,0.0,0.0,0.0,0.0,0.0,0.22700493,0.772995,0.0,0.0,0.0,0.0,0.0,0.0,0.0
99999E30601302,6,False,55,55.10,False,0.00258757,0.0,0.0,0.0,0.0076189567,0.0,0.014279554,0.015429586,0.0,0.0,0.35622218,0.0,0.09617135,0.0,0.011308641,0.08045426,0.0,0.41592795
99999E30601303,4,False,56,56.10,False,0.0,0.22776696,0.0,0.0,0.0,0.0,0.0,0.0,0.004332446,0.0038245858,0.70149994,0.0,0.0,0.0,0.0,0.0,0.0,0.062576085
99999E30601305,1,False,IL,IL.01,False,0.0,0.0,0.0,0.0,0.0,0.0,0.0,0.0,0.0,0.0,0.01790576,0.0,0.0,0.07717277,0.9049215,0.0,0.0,0.0
99999E30601306,1,False,IL,IL.01,False,0.0,0.0,0.0,0.0,0.0,0.0,0.0,0.0,0.0,0.0,0.0,0.0,0.0,0.29251367,0.70748633,0.0,0.0,0.0
99999E30601308,6,False,74,74.90,False,0.012304533,0.03774071,0.3811632,0.13638133,0.08848171,0.016634718,0.0018001888,0.011822861,0.15349773,0.0434478,0.08177723,0.0,0.0,0.0,0.0,0.004510202,0.011292536,0.019145252
99999E30601310,6,False,01,01.4,False,0.005159741,0.038031653,0.008889537,0.009172812,0.0065717776,0.0,0.0070455316,0.0038551535,0.0075892904,0.0153972795,0.005733347,0.87174827,0.0030308322,0.0009605323,0.00065934856,0.013675919,0.0010962009,0.0013827325
99999E30601311,6,False,52,52.10,False,0.087369286,0.072176866,0.030291425,0.060079914,0.078917466,0.0074864384,0.049638137,0.04409805,0.018934086,0.08183231,0.34367234,0.0,0.04594786,0.00424927,0.012525148,0.008398887,0.0012643485,0.053118207
99999E30601313,4,False,01,01.4,False,0.0,0.0,0.0,0.0,0.0028057336,0.0,0.0,0.0,0.0,0.007075328,0.983312,0.0,0.0,0.0,0.0,0.0,0.0,0.006806953
99999E30601314,4,False,55,55.10,False,0.11270347,0.03362052,0.0,0.0,0.005457774,0.016382447,0.0066328375,0.0,0.0,0.26675323,0.33387792,0.0,0.0,0.0,0.0,0.0,0.0,0.22457185
99999E30601317,4,False,64,64.19,False,0.0,0.0,0.0,0.0,0.0,0.0,0.0,0.013932362,0.0,0.0,0.96520746,0.012148408,0.0,0.0,0.008711831,0.0,0.0,0.0
99999E30601320,4,False,84,84.11,False,0.00940023,0.011570491,0.0019332124,0.002026762,0.008568868,0.0041855937,0.008373303,0.002130894,0.008711944,0.024409615,0.8310376,0.0,0.0,0.0,0.0,0.019340593,0.0019014651,0.06640947
99999E30601325,4,False,70,70.2,False,0.0,0.0,0.013874193,0.0,0.008112151,0.0,0.0032151598,0.0,0.0,0.01565998,0.804124,0.0060107885,0.047187846,0.0,0.0,0.0,0.0,0.10181586
99999E30601329,3,False,16,16.23,True,0.0054587754,0.0039933156,0.002537808,0.03608,0.019762557,0.6873785,0.06682977,0.047661856,0.0031664544,0.027512824,0.0328671,0.0,0.011951748,0.0011395256,0.030393153,0.0020285877,0.0,0.02123797
99999E30601338,4,False,47,47.11,False,0.0,0.0,0.0,0.0,0.0,0.0,0.0,0.0,0.0,0.3496725,0.6503275,0.0,0.0,0.0,0.0,0.0,0.0,0.0
99999E30601339,3,False,94,94.99,False,0.035109624,0.0024207484,0.05999734,0.0088420585,0.22979377,0.25298575,0.02108942,0.006303551,0.08905463,0.034595642,0.24139646,0.0,0.0,0.0,0.0,0.0032741523,0.0,0.015136835
99999E30601342,2,False,56,56.30,False,0.0,0.0,0.0,0.0,0.0,0.0,0.0,0.0,0.0,0.007207754,0.99279225,0.0,0.0,0.0,0.0,0.0,0.0,0.0
99999E30601343,4,False,84,84.11,False,0.00423746,0.03802301,0.0,0.0017045558,0.010750115,0.007282099,0.0,0.0015683387,0.005058444,0.6851652,0.093636446,0.0,0.0016014726,0.0,0.0,0.029360332,0.015613437,0.10599908
99999E30601344,3,False,84,84.11,False,0.072024114,0.0,0.059284274,0.16814287,0.0041257814,0.085706875,0.04034842,0.0060472344,0.0,0.30776986,0.25152808,0.0,0.0,0.0,0.0,0.0,0.0,0.005022599
99999E30601345,4,False,84,84.11,False,0.0,0.0,0.0,0.0,0.008630123,0.0,0.0,0.0,0.0,0.18892072,0.3809507,0.0053933845,0.0,0.0,0.007117992,0.0060343575,0.0,0.40295273
99999E30601346,4,False,84,84.11,False,0.0,0.0,0.0,0.0,0.0,0.0,0.0,0.0,0.0,0.0,0.5080743,0.0,0.0,0.0,0.3992733,0.0,0.0,0.0926524
99999E30601347,6,False,43,43.22,False,0.1226455,0.10968028,0.12763165,0.07585864,0.12023118,0.053602688,0.111488745,0.018381527,0.12862222,0.026487818,0.009769351,0.0,0.009342226,0.0,0.0,0.036432866,0.039453033,0.010372174
99999E30601348,4,False,64,64.19,False,0.0,0.0,0.0,0.0,0.0,0.0,0.0,0.0,0.0,0.4540412,0.5459588,0.0,0.0,0.0,0.0,0.0,0.0,0.0
99999E30601349,6,False,94,94.91,False,0.1829303,0.31264675,0.00280073,0.03939171,0.06411822,0.0,0.026311876,0.009528571,0.0,0.0035219886,0.033749267,0.0012364427,0.035986807,0.0,0.0,0.15164104,0.13515162,0.0009847048
99999E30601350,4,False,94,94.91,True,0.027557293,0.0060381526,0.0,0.0,0.0,0.0,0.0,0.0,0.0,0.004818576,0.21285659,0.0062324684,0.0035676209,0.021698713,0.39849916,0.102437645,0.0,0.2162938
99999E30601351,1,False,IL,IL.01,False,0.0,0.0,0.0,0.0,0.0,0.0,0.0,0.0,0.0,0.0,0.0,0.0,0.0,0.26612625,0.728485,0.0023185571,0.0,0.003070234
99999E30601352,2,False,56,56.30,False,0.0,0.0,0.0,0.0,0.0,0.0,0.0,0.0,0.0,0.017206557,0.98279345,0.0,0.0,0.0,0.0,0.0,0.0,0.0
99999E30601355,4,False,84,84.24,False,0.0,0.0,0.0,0.0,0.04828188,0.0,0.003650797,0.0,0.0,0.06499353,0.7496622,0.0028872502,0.0,0.0,0.014728534,0.0,0.0,0.11579584
99999E30601356,4,False,84,84.11,False,0.0,0.0,0.0,0.0,0.0,0.0,0.0,0.0,0.0,0.27138227,0.6838426,0.0,0.0,0.0,0.0,0.0,0.0,0.04477513
99999E30601357,1,False,84,84.11,False,0.0,0.0,0.0,0.0,0.0,0.0,0.0,0.0,0.0,0.0,0.0,0.0,0.0,0.011895722,0.9773475,0.0,0.0,0.01075677
99999E30601359,6,False,43,43.22,False,0.07518771,0.037109427,0.08814899,0.1443601,0.13621588,0.009367114,0.023584336,0.035245597,0.0383401,0.114930876,0.11167824,0.064315796,0.01828836,0.0,0.013279474,0.035005815,0.01984825,0.03509395
99999E30601360,4,False,84,84.11,False,0.0,0.0,0.0,0.0,0.008008079,0.0,0.0,0.0,0.0,0.04032598,0.94654685,0.0,0.0,0.0,0.0,0.0,0.0,0.0051191407
99999E30601363,4,False,90,90.01,False,0.0,0.0,0.004022665,0.0057118796,0.0,0.0,0.0,0.0,0.0,0.0031907393,0.6089087,0.0,0.0,0.010774452,0.0,0.3018267,0.0,0.06556488
99999E30601366,6,False,16,16.23,False,0.22209021,0.19474566,0.0,0.0043902555,0.002873398,0.0,0.0072225463,0.0,0.002626754,0.0,0.54450685,0.0020348097,0.0,0.0,0.015571429,0.001742948,0.0,0.0021951278
99999E30601367,3,False,46,46.73,False,0.0,0.0,0.002212701,0.102260776,0.0,0.8707634,0.0,0.0018161848,0.0,0.0058549843,0.013197611,0.0,0.001840259,0.0,0.0013113354,0.0,0.0,0.0007427595
99999E30601368,1,False,46,46.73,False,0.0,0.0,0.0,0.0,0.0,0.0,0.0,0.0,0.0,0.0,0.005867699,0.0,0.0,0.25827226,0.7358601,0.0,0.0,0.0
99999E30601369,3,False,51,51.10,False,0.04139131,0.06849418,0.00951677,0.005400214,0.021091817,0.05548498,0.028528178,0.011043878,0.0032534073,0.06738316,0.586534,0.04986345,0.03650013,0.0,0.0,0.0053116856,0.0048911767,0.0053116856
99999E30601372,5,False,01,01.1,False,0.0,0.0,0.0,0.0,0.16707316,0.8329268,0.0,0.0,0.0,0.0,0.0,0.0,0.0,0.0,0.0,0.0,0.0,0.0
99999E30601374,3,False,56,56.10,False,0.04563355,0.0058678165,0.008448434,0.0,0.12176912,0.06281208,0.0019312309,0.0,0.00858316,0.30704468,0.19619423,0.0,0.0,0.0,0.0,0.0030242596,0.0,0.23869133
99999E30601381,6,False,47,47.73,True,0.0009824539,0.0050741937,7.7382734e-05,0.0011569912,0.0003913453,0.0013161883,0.0003115763,0.00022976195,0.00016396958,0.012127955,0.3517277,0.02217271,0.009420581,0.05615634,0.3855085,0.0012146021,0.0012834625,0.1506843
99999E30601382,4,False,71,71.12,False,0.0038372197,0.00407386,0.0,0.0,0.0,0.02279248,0.0,0.0,0.0,0.61702406,0.31099883,0.0,0.0,0.0,0.0,0.0032172306,0.0,0.038056403
99999E30601383,3,False,96,96.02,False,0.07193039,0.0,0.004937703,0.04357488,0.010674173,0.7995642,0.037320662,0.020648852,0.0004856757,0.000248947,0.010205299,0.0003589113,0.0,0.0,0.0,0.0,0.0,5.0400307e-05
99999E30601384,3,False,84,84.12,False,0.029830394,0.0,0.0026595863,0.015453036,0.0,0.5634253,0.0,0.0,0.0,0.08087901,0.30037585,0.0,0.0,0.0,0.0,0.0,0.0,0.007376829
99999E30601385,4,False,91,91.04,False,0.007204243,0.0,0.0,0.0,0.0,0.0,0.0076811034,0.0,0.0,0.20539665,0.678845,0.0,0.0,0.0,0.0,0.0,0.0,0.10087298
99999E30601386,5,False,43,43.12,False,0.0,0.0,0.0,0.0,0.0,0.0,0.48742574,0.0,0.0,0.0,0.0,0.0,0.0,0.0,0.0,0.5125743,0.0,0.0
99999E30601391,3,False,16,16.23,False,0.05946676,0.004910895,0.035748124,0.06367447,0.07036599,0.52607834,0.04969869,0.061541505,0.0022653202,0.010282477,0.023157708,0.0012247977,0.053103875,0.0,0.0008796574,0.005370382,0.0,0.032230996
99999E30601393,5,False,49,49.4,False,0.04257622,0.021612842,0.13483673,0.0,0.21363881,0.0,0.0063142697,0.0,0.09027601,0.02857658,0.3641349,0.0,0.0,0.0,0.0,0.0,0.0,0.098033555
99999E30601394,6,False,01,01.1,False,0.000733293,0.035342656,0.010689553,0.035662826,0.037568357,0.0023031598,0.01831167,0.005571994,0.021363614,0.0,0.0,0.03795566,0.0,0.0,0.0,0.5689734,0.0,0.22552375
99999E30601402,6,False,94,94.91,False,0.0065871766,0.0,0.026172174,0.13226809,0.11151797,0.0,0.058129568,0.049923334,0.0,0.015499535,0.5618922,0.0,0.014263809,0.0,0.014440341,0.0,0.0023554452,0.006950328
99999E30601404,6,False,82,82.99,False,0.042723816,0.03314857,0.039384432,0.036096603,0.013949646,0.0,0.022332868,0.040403042,0.05481356,0.10370215,0.296196,0.0029503757,0.0070482497,0.0,0.0,0.20723557,0.002441852,0.09757331
99999E30601405,4,False,84,84.11,False,0.09279867,0.004313728,0.0,0.0037692832,0.0,0.0042778268,0.0,0.0,0.0,0.15103021,0.7242705,0.0,0.0,0.0,0.0,0.0,0.0,0.019539734
99999E30601406,4,False,55,55.10,False,0.0,0.0,0.0,0.0,0.0,0.0032105637,0.0,0.0,0.0,0.9197357,0.054569747,0.0,0.0,0.0,0.0,0.0,0.0,0.022484006
99999E30601408,3,False,16,16.10,False,0.0029462224,0.0,0.01865004,0.08878402,0.01151048,0.737752,0.050104078,0.065244354,0.0,0.0009845283,0.001698328,0.0,0.0012892791,0.0047881138,0.01624851,0.0,0.0,0.0
99999E30601409,4,False,47,47.11,True,0.0,0.0,0.0,0.0,0.0,0.0,0.0,0.0,0.0,0.11878376,0.5685429,0.013478672,0.0,0.0,0.17453656,0.0,0.0,0.12465814
99999E30601411,6,False,96,96.0,False,0.013979422,0.02868618,0.013100642,0.015359446,0.016980497,0.0,0.09155732,0.00750802,0.0026107435,0.050967086,0.49862212,0.0027173911,0.013851443,0.0,0.0,0.08676029,0.016052658,0.14124675
99999E30601419,4,False,43,43.12,False,0.0017829594,0.0,0.0,0.0,0.009584988,0.0,0.001353026,0.0,0.0074353195,0.027730713,0.75907284,0.0,0.001959991,0.06687995,0.09835361,0.00245315,0.002301409,0.02109203
99999E30601421,4,False,47,47.11,False,0.0,0.0,0.0,0.0,0.0,0.0,0.0,0.0,0.0,0.1713257,0.8286743,0.0,0.0,0.0,0.0,0.0,0.0,0.0
99999E30601422,4,False,84,84.11,False,0.23648435,0.0,0.0937911,0.049329747,0.001574636,0.22343022,0.035883415,0.0,0.00043051844,0.0004216722,0.21737644,0.0,0.0009671921,0.0,0.14031067,0.0,0.0,0.0
99999E30601425,3,False,91,91.04,False,0.23304214,0.0,0.02015642,0.021369923,0.0,0.034691457,0.0035827782,0.004353295,0.0036050524,0.01488547,0.65692335,0.0,0.0007943602,0.0,0.0,0.0,0.0,0.0065958253
99999E30601426,4,False,91,91.04,False,0.0,0.0,0.0,0.0,0.0,0.0,0.0,0.0024473432,0.0,0.003905335,0.99364734,0.0,0.0,0.0,0.0,0.0,0.0,0.0
99999E30601427,4,False,64,64.19,False,0.0,0.0,0.0,0.0,0.0,0.008026673,0.16019234,0.0,0.0024004525,0.0032024959,0.8261781,0.0,0.0,0.0,0.0,0.0,0.0,0.0
99999E30601428,3,False,96,96.02,False,0.3714183,0.118840076,0.08181816,0.09432227,0.007761563,0.068911515,0.09982879,0.01865128,0.07868292,0.0105268685,0.027559504,0.0004889955,0.0,0.0,0.0,0.0075489567,0.011738728,0.0019021217
99999E30601432,3,False,43,43.32,False,0.009778316,0.0,0.06766258,0.123182975,0.1045705,0.29109073,0.12824808,0.16199082,0.0024236755,0.001040543,0.008187889,0.0006944696,0.1011295,0.0,0.0,0.0,0.0,0.0
99999E30601437,4,False,47,47.11,True,0.0,0.0,0.0,0.0,0.0,0.0,0.0,0.0,0.0,0.07414647,0.5289442,0.0,0.0,0.0,0.12818907,0.0,0.0,0.26872033
99999E30601439,1,False,IL,IL.01,False,0.0,0.0,0.0,0.0,0.0,0.0,0.0,0.0,0.0,0.0,0.0,0.0,0.0,0.25813416,0.7418658,0.0,0.0,0.0
99999E30601441,6,False,94,94.99,False,0.052618198,0.0146582965,0.045043454,0.02131959,0.031763952,0.14958182,0.0135423355,0.0019130756,0.01572686,0.1797257,0.3568834,0.0,0.005756462,0.0,0.002938553,0.07461856,0.0,0.033909697
99999E30601444,4,False,94,94.91,False,0.030210568,0.00047802355,0.0032737635,0.007408493,0.010312399,0.0056063095,0.03334476,0.056437314,0.0,0.0003149024,0.7957924,0.0,0.0010842761,0.0,0.014533487,0.004274298,0.0,0.036929063
99999E30601447,6,False,84,84.11,False,0.24372247,0.034184653,0.002744738,0.0037000482,0.00205483,0.008455608,0.01671826,0.0014651243,0.0018876,0.00443261,0.6589721,0.0014590309,0.003670935,0.0,0.004786027,0.0043621976,0.0,0.0073838467
99999E30601449,5,False,84,84.11,False,0.0,0.8955517,0.0,0.0,0.0,0.0,0.04076721,0.0,0.0,0.0,0.0,0.0,0.03381343,0.0,0.0,0.029867645,0.0,0.0
99999E30601452,4,False,94,94.91,False,0.013010583,0.0,0.0,0.002615247,0.012081101,0.02657877,0.017937873,0.0037347712,0.0038945798,0.032393213,0.71945244,0.0,0.0064804554,0.0,0.0,0.026633188,0.0,0.13518775
99999E30601454,5,False,84,84.11,False,0.0,0.0,0.033683557,0.07076638,0.06025958,0.38442522,0.06273177,0.013906057,0.0,0.041409146,0.31149566,0.0,0.021322621,0.0,0.0,0.0,0.0,0.0
99999E30601455,6,False,01,01.1,False,0.025164515,0.004481848,0.02519643,0.037068594,0.06849366,0.06461711,0.035040963,0.02704853,0.0017808244,0.081169,0.58323276,0.001137217,0.0049371603,0.0055882153,0.010534949,0.007709459,0.0,0.016798684
99999E30601456,1,False,84,84.11,False,0.0,0.0,0.0,0.0070814285,0.0043876083,0.0,0.0034157103,0.006461633,0.0,0.0,0.008062974,0.0,0.0,0.17625515,0.79012555,0.0,0.0,0.004209949
99999E30601458,2,False,36,36.00,False,0.0,0.0,0.0,0.0,0.0,0.0,0.0,0.0,0.0,0.0,1.0,0.0,0.0,0.0,0.0,0.0,0.0,0.0
99999E30601464,6,False,DO,DO.01,False,0.03988662,0.07893919,0.020512702,0.020253157,0.029571945,0.040499024,0.018873785,0.028212985,0.015391817,0.039129857,0.15754157,0.0662653,0.028100708,0.0,0.0097066425,0.26410323,0.03686833,0.10614317
99999E30601474,2,False,84,84.11,False,0.0,0.0,0.0,0.0,0.0,0.0,0.0,0.0,0.0,0.0,1.0,0.0,0.0,0.0,0.0,0.0,0.0,0.0
99999E30601478,2,False,61,61.10,False,0.0,0.0,0.0,0.0,0.0,0.0,0.0,0.0,0.0,8.433087e-06,0.9999916,0.0,0.0,0.0,0.0,0.0,0.0,0.0
99999E30601480,2,False,61,61.10,False,0.0,0.0,0.0,0.0,0.0,0.0,0.0,0.0,0.0,0.0,1.0,0.0,0.0,0.0,0.0,0.0,0.0,0.0
99999E30601482,2,False,61,61.20,False,0.0,0.0,0.0,0.0,0.0,0.0,0.0,0.0,0.0,0.0,1.0,0.0,0.0,0.0,0.0,0.0,0.0,0.0
99999E30601494,4,False,55,55.10,False,0.0024709585,0.0043393797,0.0,0.0,0.0,0.0,0.0,0.0,0.0,0.79617727,0.035220563,0.0,0.0,0.0,0.0,2.9715386e-05,0.0,0.16176207
99999E30601498,4,False,49,49.31,False,0.0,0.007638666,0.0,0.0,0.009922639,0.0,0.0062541654,0.0,0.0,0.0,0.9171872,0.048912212,0.0,0.0,0.007608684,0.0,0.0,0.0024763898
99999E30601502,6,False,36,36.00,False,0.007925755,0.013338523,0.015349147,0.015037825,0.029181777,0.0,0.0,0.0219565,0.0,0.003084924,0.8381076,0.0036427106,0.0078420285,0.0,0.0,0.015622734,0.0039292686,0.024981279
99999E30604264,3,False,94,94.91,False,0.008174334,0.0022019818,0.012767564,0.0,0.0046034832,0.017045919,0.0041762455,0.0030316766,0.0,0.026511364,0.87008655,0.0,0.0,0.0,0.0,0.0036340817,0.0,0.047766853
99999E30604268,1,False,IL,IL.01,False,0.0,0.0,0.0,0.0,0.0,0.0,0.0,0.0,0.0,0.0,0.0040521948,0.0,0.0,0.22023122,0.7757166,0.0,0.0,0.0
99999E30617066,4,False,IL,IL.01,False,0.0,0.0,0.0,0.0,0.006396306,0.45992818,0.0,0.0,0.0,0.4785735,0.055101976,0.0,0.0,0.0,0.0,0.0,0.0,0.0
99999E30617068,5,False,61,61.10,False,0.0,0.0,0.0,0.0,0.0,0.0,0.0,0.0,0.0,0.0,1.0,0.0,0.0,0.0,0.0,0.0,0.0,0.0
99999E30617070,1,False,IL,IL.01,False,0.0,0.0,0.0,0.0,0.0,0.0,0.0,0.0,0.0,0.0,0.026127812,0.0,0.0,0.3454734,0.6283988,0.0,0.0,0.0
99999E30617072,2,False,61,61.90,False,0.0,0.0,0.0,0.0,0.0,0.0,0.0,0.0,0.0,0.0,0.99875796,0.0,0.0,0.0,0.0,0.0012420497,0.0,0.0
99999E30617074,4,False,55,55.10,False,0.0,0.0,0.0,0.0,0.0,0.0,0.0,0.0,0.0,0.61623436,0.37328476,0.0,0.0,0.0,0.0,0.0,0.0,0.010480898
99999E30617076,2,False,61,61.10,False,0.0,0.0,0.0,0.0,0.0,0.0,0.0,0.0,0.0,0.0,1.0,0.0,0.0,0.0,0.0,0.0,0.0,0.0
99999E30617084,1,False,IL,IL.01,False,0.0,0.0,0.0,0.0,0.0,0.0,0.0,0.0,0.0,0.0,0.0056149387,0.0,0.0,0.27502784,0.7193572,0.0,0.0,0.0
99999E30617089,2,False,35,35.13,False,0.0,0.0,0.0,0.0,0.0,0.0,0.0,0.0,0.0,0.0,1.0,0.0,0.0,0.0,0.0,0.0,0.0,0.0
99999E30629011,4,False,36,36.00,False,0.03508473,0.02971032,0.0767396,0.06299932,0.046054825,0.0,0.008902033,0.0015021117,0.08725439,0.0032510292,0.57216203,0.0003914852,0.0012638163,0.0024808247,0.00090211804,0.051701576,0.017255135,0.0023446558
99999E30639921,1,False,84,84.11,False,0.0,0.0,0.0,0.0,0.0,0.0,0.0,0.0,0.0,0.0,0.0025748035,0.0,0.0,0.26231873,0.73510647,0.0,0.0,0.0
99999E30639923,3,False,94,94.91,False,0.005440288,0.0,0.09935091,0.09713727,0.1444115,0.0,0.072337076,0.0,0.0,0.0017258846,0.5795971,0.0,0.0,0.0,0.0,0.0,0.0,0.0
99999E30639924,1,False,IL,IL.01,False,0.0,0.0,0.0,0.0,0.0,0.0,0.0,0.0,0.0,0.0,0.0,0.0,0.0,0.27392492,0.7260751,0.0,0.0,0.0
99999E30639925,1,False,IL,IL.01,False,0.0,0.0,0.0,0.0,0.0,0.0,0.0,0.0,0.0,0.0,0.0,0.0,0.0,0.31049863,0.68862647,0.0008749379,0.0,0.0
99999E30639926,2,False,84,84.11,False,0.0,0.0,0.0,0.00030885302,0.0,0.0,0.0,0.0,0.0,0.0,0.9979581,0.0,0.0,0.0,0.0,0.0,0.0,0.0017330089
99999E30639927,4,False,84,84.11,False,0.0,0.0,0.00084917457,0.0054147933,0.0080474755,0.004017512,0.0007459401,0.0033533156,0.0,0.03521082,0.9241239,0.010363425,0.000645919,0.0,0.00190522,0.0,0.0,0.005322606
99999E30639928,6,False,49,49.4,False,0.018802661,0.043438856,0.1290541,0.023294562,0.02660709,0.003621224,0.06315969,0.0021292004,0.05100979,0.012478382,0.4415321,0.0,0.006320321,0.009248963,0.013329269,0.044376813,0.033121336,0.078475684
99999E30639929,1,False,IL,IL.01,False,0.0,0.0,0.0,0.0,0.0,0.0,0.0,0.0,0.0,0.0,0.0,0.0,0.0,0.26599124,0.7340088,0.0,0.0,0.0
99999E30639931,4,False,47,47.11,False,0.0,0.0,0.0,0.0,0.0,0.0,0.0,0.0,0.0,0.8496891,0.15031092,0.0,0.0,0.0,0.0,0.0,0.0,0.0
99999E30639932,4,False,84,84.11,True,0.0,0.0,0.0,0.0,0.0,0.0,0.0,0.0,0.0,0.0,0.23075517,0.0,0.0,0.006257803,0.74805427,0.0,0.0,0.014932809
99999E30639934,4,False,94,94.91,False,0.0043179393,0.0018837788,0.011712621,0.0159568,0.009709689,0.0,0.013878685,0.1342306,0.0,0.0066244337,0.33430836,0.0,0.0010227445,0.0,0.45586315,0.0011390621,0.0,0.009352225
99999E30639935,6,False,84,84.11,False,0.018485084,0.014701896,0.027532404,0.114927456,0.0021449463,0.0,0.009024316,0.0667414,0.0,0.094659895,0.53887075,0.0,0.0010687427,0.0,0.0,0.06461262,0.0,0.04723047
99999E30639936,1,False,IL,IL.01,False,0.0,0.0,0.0,0.0,0.0,0.0,0.0,0.0,0.0,0.0,0.0,0.0,0.0,0.60263366,0.39676857,0.0,0.0,0.0005977999
99999E30639937,2,False,84,84.11,False,0.0,0.0,0.0,0.0,0.0,0.0,0.0,0.0,0.0,0.003925346,0.9960747,0.0,0.0,0.0,0.0,0.0,0.0,0.0
99999E30639938,2,False,61,61.90,False,0.0,0.0,0.0,0.0,0.0,0.0,0.0,0.0,0.0,0.0,0.9973168,0.0,0.0,0.0,0.0,0.0,0.0,0.0026832519
99999E30639939,2,False,61,61.10,False,0.0,0.0,0.0,0.0,0.0,0.0,0.0,0.0,0.0,0.0,1.0,0.0,0.0,0.0,0.0,0.0,0.0,0.0
99999E30639940,1,False,IL,IL.01,False,0.0,0.0,0.0,0.0,0.0,0.0,0.0,0.0,0.0,0.0,7.2792827e-06,0.0,0.0,0.2896801,0.70946515,0.00084751647,0.0,0.0
99999E30639943,6,False,01,01.4,False,0.0316362,0.014370846,0.039998397,0.08694122,0.018560918,0.047470964,0.0083938185,0.09406682,0.023075735,0.19400214,0.24450092,0.009626997,0.08905805,0.0,0.0,0.017421745,0.0021911778,0.07868414
99999E30639944,4,False,43,43.22,False,0.0022141773,0.017227001,0.0,0.0,0.032672048,0.0043500955,0.0015765473,0.0,0.028832246,0.32667273,0.20195875,0.014568852,0.046791434,0.0,0.0,0.0021469088,0.0022196725,0.31876954
99999E30639945,4,False,56,56.10,False,0.0,0.0,0.0,0.0,0.029714996,0.0,0.0,0.0,0.033594746,0.66054314,0.05150554,0.0,0.0,0.0,0.0,0.0,0.0,0.22464155
99999E30639947,5,False,96,96.0,False,0.13716151,0.09543971,0.0,0.29743317,0.029108228,0.0,0.263209,0.0,0.1776484,0.0,0.0,0.0,0.0,0.0,0.0,0.0,0.0,0.0
99999E30639948,6,False,43,43.12,False,0.011709568,0.013199349,0.018161424,0.054495867,0.13086602,0.0030810074,0.071842834,0.027401546,0.026274066,0.024952395,0.46757984,0.021868488,0.033482406,0.014886223,0.024836458,0.023622023,0.013277606,0.018462857
99999E30639950,4,False,94,94.91,False,0.0040008673,0.023845531,0.01998626,0.018778168,0.022556096,0.027048036,0.05177629,0.23083924,0.0,0.0141145075,0.54719096,0.0,0.0012291821,0.0,0.0,0.037345447,0.0,0.0012894362
99999E30639951,4,False,84,84.11,False,0.0,0.0,0.0,0.0,0.002947192,0.0,0.0,0.0,0.0,0.034049768,0.91344434,0.0,0.0,0.0,0.0,0.0,0.0,0.049558714
99999E30639953,5,False,52,52.10,False,0.0,0.0,0.0,0.0,0.0,0.0,1.0,0.0,0.0,0.0,0.0,0.0,0.0,0.0,0.0,0.0,0.0,0.0
99999E30639954,4,False,84,84.11,False,0.001910916,0.004122206,0.0015018699,0.0014212817,0.0014237238,0.0,0.0036582137,0.0,0.0014225028,0.027779711,0.92497855,0.0036667609,0.0022430366,0.0,0.0,0.0,0.0,0.025871238
99999E30639955,1,False,IL,IL.01,False,0.0,0.0,0.0,0.0,0.0,0.0,0.0,0.0,0.0,0.0,0.0,0.0,0.0,0.25303498,0.74696505,0.0,0.0,0.0
99999E30639956,6,False,DO,DO.02,False,0.0160582,0.0,0.0763966,0.0948743,0.067928344,0.1214391,0.049367778,0.09197421,0.0030492353,0.00096117205,0.2196941,0.063321345,0.18749481,0.0,0.007440797,0.0,0.0,0.0
99999E30639960,3,False,01,01.4,False,0.53708816,0.031326618,0.03805406,0.04024205,0.028046478,0.17558582,0.12928127,0.010977131,0.005289826,0.0,0.0003937652,0.0,0.0036664733,0.0,4.8291953e-05,0.0,0.0,0.0
99999E30656667,6,False,DO,DO.01,False,0.009033853,0.025260555,0.008792951,0.0037035628,0.11913656,0.019499177,0.041368075,0.01642703,0.03029669,0.16333714,0.10572714,0.08115253,0.0916001,0.0020730316,0.0,0.110966146,0.042445797,0.12917966
99999E30656670,2,False,61,61.10,False,0.0,0.0,0.0,0.0,0.0,0.0,0.0,0.0,0.0,0.0,1.0,0.0,0.0,0.0,0.0,0.0,0.0,0.0
99999E30663058,6,False,DO,DO.01,False,0.0,0.0,0.0,0.0,0.09995339,0.0,0.03657367,0.0,0.020199642,0.14961128,0.48802757,0.0,0.0,0.0,0.0,0.014504092,0.0,0.19113038
99999E30663063,6,False,DO,DO.01,False,0.054055322,0.04158758,0.07898868,0.019484315,0.06904604,0.008334577,0.062076397,0.059559815,0.016176503,0.09360831,0.36684084,0.0621809,0.029107042,0.0,0.0,0.012420824,0.0042099427,0.022322934
99999E30663115,5,False,52,52.10,False,0.5278736,0.08901747,0.0,0.0,0.0,0.0,0.0,0.0,0.0,0.0,0.24490935,0.0,0.0,0.0,0.0,0.08629131,0.051908314,0.0
99999E30663144,4,False,87,87.30,True,0.0,0.0,0.0,0.0,0.0,0.0,0.0,0.0,0.0,1.0,0.0,0.0,0.0,0.0,0.0,0.0,0.0,0.0
99999E30663204,6,False,DO,DO.01,False,0.022864433,0.055727545,0.0,0.0027691424,0.042645957,0.009979995,0.00288898,0.008049069,0.041405704,0.15183638,0.07315936,0.025470572,0.0024560194,0.0,0.0,0.10732006,0.043082137,0.41034466
99999E30663217,4,False,DO,DO.01,False,0.009169531,0.05743675,0.031925857,0.014294046,0.02557294,0.089796886,0.04687753,0.031342674,0.01018699,0.05048826,0.4607969,0.0,0.09211718,0.0,0.0,0.029096821,0.050897725,0.0
99999E30663229,6,False,DO,DO.01,False,0.08779393,0.16610636,0.056144774,0.03492731,0.093595736,0.0,0.011010864,0.041395374,0.058530424,0.113031596,0.071121536,0.0076150745,0.02794343,0.00042419083,0.00043324026,0.10281368,0.09057437,0.0365381
99999E30663278,4,False,53,53.10,False,0.0,0.017384062,0.0,0.004813622,0.0071250456,0.052197803,0.0,0.0,0.0,0.3079355,0.57444793,0.0,0.0,0.0,0.0,0.0,0.0,0.03609608
99999E30663296,6,False,DO,DO.01,False,0.09205539,0.061361462,0.018786853,0.028733386,0.12268021,0.048364505,0.053939566,0.0077070883,0.07853893,0.15059383,0.051914327,0.013051607,0.014880227,0.013770868,0.01972472,0.049613945,0.044859286,0.12942368
99999E30663298,2,False,61,61.10,False,0.0,0.0,0.0,0.0,0.0,0.0,0.0,0.0,0.0,0.0,1.0,0.0,0.0,0.0,0.0,0.0,0.0,0.0
99999E30663365,5,False,DO,DO.01,False,0.06465272,0.06006696,0.0,0.0,0.0,0.0,0.0,0.0,0.0,0.18054345,0.08874618,0.0,0.0022517692,0.0,0.0,0.16075255,0.04216243,0.400824
99999E30663378,2,False,61,61.10,False,0.0,0.0,0.0,0.0,0.0,0.003088986,0.0,0.0,0.0,0.003608422,0.9933026,0.0,0.0,0.0,0.0,0.0,0.0,0.0
99999E30663387,6,False,DO,DO.01,False,0.08576013,0.06971166,0.018166188,0.015126802,0.06185228,0.02048955,0.023694117,0.006527799,0.028870106,0.2446037,0.06206803,0.006281034,0.018050222,0.0,0.0031546757,0.026858907,0.024054151,0.28473058
99999E30684619,6,False,DO,DO.01,False,0.070881136,0.029877191,0.10605445,0.029668499,0.021770105,0.020213423,0.017647348,0.028348196,0.071398616,0.22881927,0.04695809,0.0032581685,0.0028173572,0.0011605895,0.00494262,0.052047648,0.022313131,0.24182425
99999E30685539,3,False,52,52.10,False,0.017479304,0.0019083066,0.02436904,0.033448976,0.0077082305,0.658619,0.008066635,0.004994015,0.0020789518,0.045824528,0.1813289,0.0,0.0029442587,0.0,0.009106614,0.0,0.0,0.0021232492
99999E30695665,6,False,DO,DO.01,False,0.005873221,0.12804803,0.008098552,0.022932123,0.013174904,0.0,0.018552296,0.03831465,0.050793033,0.053319406,0.38014203,0.019095344,0.025092524,0.008464522,0.006274606,0.037045565,0.028663684,0.15611553
99999E30707923,6,False,DO,DO.01,False,0.015312456,0.03632406,0.011331835,0.028028132,0.007799834,0.005893788,0.0,0.024351342,0.016940784,0.2978369,0.22777842,0.0018395835,0.026067493,0.0,0.0,0.04362068,0.004023347,0.25285137
99999E30708610,4,False,94,94.91,False,0.0,0.0,0.0006207601,0.0014105323,0.0,0.0,0.0,0.0,0.009999586,0.23900028,0.30313322,0.0,0.0047282954,0.0010644171,0.015606655,0.0,0.0,0.4244363
99999E30710857,4,False,DO,DO.01,False,0.058394704,0.0005350495,0.0032028654,0.0010775302,0.025538702,0.0,0.026081182,0.0,0.026264487,0.04281386,0.70224744,0.0,0.0006985368,0.0,0.0,0.0,0.0,0.11314562
99999E30711379,6,False,DO,DO.01,False,0.055769384,0.07231105,0.051965714,0.05677903,0.09990315,0.026565973,0.046686716,0.02770749,0.04261106,0.0,0.15416427,0.034678146,0.02933528,0.024146954,0.018791724,0.19834748,0.026710209,0.033526335
99999E30711382,2,False,62,62.02,False,0.0,0.0,0.0,0.0,0.0,0.0,0.0,0.0,0.0,0.0,1.0,0.0,0.0,0.0,0.0,0.0,0.0,0.0
99999E30713153,2,False,64,64.19,False,0.0,0.0,0.0,0.0,0.0,0.0,0.0,0.0,0.0,0.0,1.0,0.0,0.0,0.0,0.0,0.0,0.0,0.0
99999E30713278,6,False,DO,DO.01,False,0.20237112,0.10049903,0.074520774,0.02208722,0.06298871,0.015068425,0.029701287,0.018086258,0.087442495,0.16117096,0.12304257,0.0017007716,0.0029514618,0.0,0.0,0.087017305,0.011351616,0.0
99999E30715817,4,False,36,36.00,False,0.0,0.0,0.0,0.0,0.0041825264,0.0,0.0,0.0,0.0,0.0,0.9860382,0.0,0.0,0.0,0.0061233393,0.0,0.0,0.0036559494
99999E30715855,6,False,01,01.41,True,0.0,0.041720364,0.0,0.0,0.0,0.0,0.0,0.0,0.0,0.0,0.0,0.94086194,0.0,0.0,0.0033436427,0.0,0.014073981,0.0
99999E30721527,5,False,DO,DO.01,False,0.0,0.04669907,0.0,0.0072035245,0.051085167,0.025439382,0.0,0.010681445,0.15948892,0.06356234,0.011486421,0.0,0.0060476586,0.0,0.0,0.157332,0.17590843,0.28506556
99999E30730075,4,False,55,55.20,False,0.08823722,0.004990057,0.0,0.0,0.015440152,0.04857548,0.0103585515,0.0,0.0,0.5249704,0.23311931,0.0,0.0,0.0,0.0,0.0,0.0,0.07430883
99999E30730494,4,False,96,96.0,False,0.013728161,0.003709862,0.006286155,0.0015429908,0.008182864,0.008026893,0.0072414726,0.0,0.0,0.0,0.7576335,0.017451948,0.007247043,0.008032464,0.116754815,0.01103489,0.0,0.03312695
99999E30730712,6,False,DO,DO.01,False,0.040160857,0.096513584,0.044916347,0.023788618,0.12584071,0.011695056,0.025262384,0.00487294,0.08039022,0.11087372,0.069753654,0.012454313,0.013041582,0.0,0.0022791657,0.07408687,0.05976588,0.20430414
99999E30730775,6,False,DO,DO.01,False,0.0,0.0,0.0,0.0,0.0028234269,0.0,0.003632941,0.0,0.0,0.042134218,0.60783976,0.0,0.0,0.0,0.0,0.0592459,0.0,0.28432372
99999E30734315,6,False,94,94.99,False,0.08191649,0.0686895,0.20716132,0.0,0.16834605,0.0,0.0,0.0,0.1557719,0.0,0.17325652,0.0,0.0,0.0,0.0,0.14485823,0.0,0.0
99999E30737010,4,False,84,84.11,False,0.0,0.0,0.0,0.0,0.0,0.0,0.0,0.0,0.0,0.0,0.9496476,0.0,0.0,0.0,0.03946515,0.0,0.0,0.010887236
99999E30737012,4,False,84,84.11,False,0.0,0.0,0.0,0.0,0.0,0.0,0.0,0.0,0.0,0.0,0.82817566,0.0,0.0,0.0,0.1415064,0.0,0.0,0.030317958
99999E30740297,4,False,96,96.0,False,0.0,0.0,0.0,0.0044724746,0.1344414,0.0,0.0,0.0,0.12774424,0.026462354,0.5747091,0.0,0.0,0.0,0.0,0.053209856,0.0,0.07896062
99999E30742899,6,False,84,84.11,False,0.050942883,0.003073397,0.004365019,0.00035105617,0.0013379877,0.0,0.0024838876,0.0,0.0021394552,0.00028481917,0.80328923,0.00029144282,0.0,0.0,0.0,0.0076172557,0.0,0.12382346
99999E30747869,6,False,DO,DO.01,False,0.06067828,0.10579396,0.01177129,0.008480323,0.08067562,0.004028267,0.0427771,0.018201023,0.005619524,0.10966365,0.010062465,0.022266656,0.03648316,0.0,0.008818443,0.15539542,0.060847796,0.25843704
99999E30748590,6,False,DO,DO.01,False,0.041935045,0.017197913,0.020083845,0.016486885,0.13279383,0.0132673215,0.045113757,0.022856949,0.05203825,0.12895077,0.15464696,0.0055277264,0.0,0.0,0.008975868,0.1296618,0.024766315,0.18569678
99999E30748871,6,False,96,96.09,False,0.091693945,0.11297027,0.074627675,0.01346036,0.036310438,0.016795876,0.013031538,0.039138973,0.09709963,0.03002387,0.029016241,0.009731933,0.14723377,0.009731933,0.0,0.20647877,0.049134955,0.023519715
99999E30752917,4,False,DO,DO.01,False,0.0,0.027915018,0.0,0.0,0.032096844,0.00410464,0.00475618,0.0,0.009173523,0.08330533,0.14040197,0.0,0.0,0.0,0.0063187815,0.04898765,0.0059957467,0.6369443
99999E30753062,2,False,62,62.02,False,0.0,0.0,0.0,0.0,0.0,0.0,0.0,0.0,0.0,0.0,1.0,0.0,0.0,0.0,0.0,0.0,0.0,0.0
99999E30758135,2,False,74,74.90,False,0.0,0.0,0.0,0.0,0.0,0.0,0.0,0.0,0.0,0.0,1.0,0.0,0.0,0.0,0.0,0.0,0.0,0.0
99999E30763404,6,False,DO,DO.01,False,0.08920929,0.115745746,0.033189632,0.013272171,0.18082644,0.0,0.0870012,0.044450868,0.039955832,0.0070027853,0.044947684,0.040563054,0.03718258,0.020692915,0.004400399,0.14629355,0.0807765,0.014489247
99999E30769765,4,False,DO,DO.01,False,0.0,0.0,0.0,0.022610411,0.0,0.08950922,0.0,0.047142994,0.0,0.10255102,0.46932068,0.0,0.021424519,0.012785308,0.0,0.23465581,0.0,0.0
99999E30780137,4,False,84,84.11,False,0.0007340412,0.0,0.00061119907,0.0037685419,0.0,0.0049387086,0.0013284183,0.0,0.0,0.031635005,0.93795073,0.0,0.005089172,0.0,0.0025274525,0.0,0.0,0.011416733
99999E30791738,6,False,DO,DO.01,False,0.058832414,0.05451812,0.07559993,0.14733073,0.054804575,0.0,0.04666373,0.1627298,0.033693735,0.07410182,0.08858153,0.033939544,0.06329575,0.022959273,0.0035458943,0.057982717,0.021420527,0.0
99999E30795221,4,False,DO,DO.01,False,0.0,0.0,0.0,0.00768607,0.012979777,0.0,0.0,0.0,0.0,0.009849635,0.60175735,0.0,0.0,0.0,0.0,0.004306255,0.0,0.3634209
99999E30795274,2,False,62,62.02,False,0.0,0.0,0.0,0.0,0.0,0.0,0.0,0.0,0.0,0.0,1.0,0.0,0.0,0.0,0.0,0.0,0.0,0.0
99999E30798243,6,False,DO,DO.01,False,0.03233021,0.019417576,0.050969854,0.02742208,0.095045805,0.0,0.0050309636,0.038246583,0.028368901,0.04652234,0.33512977,0.01086033,0.025564255,0.0123752495,0.0,0.1773581,0.022309229,0.07304878
99999E30800039,6,False,36,36.00,True,0.002623811,0.012282788,0.0,0.0,0.017519254,0.0,0.001542513,0.0,0.012180852,0.00703786,0.57094485,0.0017217676,0.007986832,0.0,0.11075166,0.0042371023,0.0,0.25117072
99999E30800382,6,False,84,84.11,False,0.025276516,0.0,0.0057616434,0.006115101,0.04800699,0.0,0.12080772,0.0,0.0108910855,0.010540502,0.74932975,0.0022012063,0.0,0.0,0.0,0.0066208607,0.0066725863,0.007776063
99999E30800864,6,False,56,56.30,False,0.0,0.0,0.0,0.0,0.00089251914,0.0,0.0012288099,0.0012352741,0.001117659,0.085121185,0.8451159,0.00014851669,0.0003057047,0.0,0.0,0.0,0.0,0.06483447
99999E30804807,3,False,70,70.2,False,0.062190827,0.0,0.03400296,0.015198187,0.014208832,0.007285095,0.018529369,0.0039416356,0.0,0.258285,0.58635813,0.0,0.0,0.0,0.0,0.0,0.0,0.0
99999E30809668,4,False,DO,DO.01,False,0.032555148,0.011756562,0.0026340922,0.0018005187,0.017697427,0.0,0.004081335,0.0,0.01742592,0.037390668,0.44169235,0.0021625275,0.0,0.0025806376,0.0,0.014954838,0.0019828465,0.41128516
99999E30827449,5,False,DO,DO.01,False,0.042922694,0.032011643,0.021347428,0.005221354,0.044625174,0.011898357,0.070010446,0.0053922343,0.0,0.1862979,0.3886839,0.015847597,0.024980223,0.0,0.0028353531,0.08479478,0.0,0.063130915
99999E30832020,3,False,70,70.22,False,0.0,0.0012690981,0.0040437835,0.0,0.00879523,0.8540465,0.0073101018,0.0,0.0026904398,0.0,0.058083057,0.0,0.0637618,0.0,0.0,0.0,0.0,0.0
99999E30832026,3,False,84,84.11,False,0.0101654455,0.0,0.0049552736,0.015307406,0.0,0.8779711,0.00090022455,0.02671055,0.0,0.0052115195,0.05440659,0.0,0.004371878,0.0,0.0,0.0,0.0,0.0
99999E30832030,3,False,10,10.85,False,0.0,0.0,0.29304758,0.19652326,0.00036827763,0.28288168,0.0,0.011551819,0.0,0.06982152,0.1451423,0.0,0.0,0.0,0.0,0.0,0.0006636114,0.0
99999E30832031,3,False,84,84.11,False,0.0014871019,0.0,0.0014650286,0.056839902,0.0047699763,0.7651614,0.0020093855,0.0815478,0.0,0.0040301634,0.0784472,0.0,0.0020599405,0.0,0.0,0.0,0.0,0.002182056
99999E30832032,3,False,84,84.11,False,0.0,0.0,0.0013191048,0.09146034,0.0,0.74028337,0.0,0.027294284,0.0,0.01813576,0.10716713,0.0,0.01433996,0.0,0.0,0.0,0.0,0.0
99999E30832033,4,False,DO,DO.02,True,0.0,0.0,0.0060436805,0.0,0.0,0.0,0.0,0.0,0.0,0.24230877,0.47368637,0.0,0.0054806047,0.0,0.26055846,0.0,0.0,0.011922191
99999E30832648,6,False,01,01.4,False,0.03759729,0.18173756,0.0047965012,0.0026979686,0.014856517,0.0,0.006402141,0.010514294,0.013286055,0.06021676,0.23469658,0.37230936,0.008044576,0.0,0.0,0.03039718,0.010347705,0.012099515
99999E30838208,6,False,DO,DO.01,False,0.041263465,0.013650063,0.01826485,0.02199403,0.15946612,0.025004782,0.08373937,0.030627169,0.024185449,0.15524745,0.32293552,0.0056494973,0.0,0.0,0.0,0.027453752,0.0061374833,0.06438107
99999E30893170,2,False,61,61.20,False,0.0,0.0,0.0,0.0,0.0,0.0,0.0,0.0,0.0,0.0,1.0,0.0,0.0,0.0,0.0,0.0,0.0,0.0
99999E30906519,3,False,16,16.11,False,0.038980108,0.004957673,0.031124707,0.05635268,0.059183665,0.45475376,0.014925957,0.013455226,0.0043937783,0.047937986,0.15899079,0.013291812,0.07896027,0.002048435,0.0,0.009577009,0.0,0.011066153
99999E30909838,5,False,47,47.78,False,0.105951376,0.38772994,0.006606541,0.05912991,0.054305222,0.06244689,0.049124163,0.01573508,0.025000686,0.0,0.016530057,0.012500343,0.020203408,0.0138709955,0.0,0.033032708,0.13783275,0.0
99999E30913189,3,False,96,96.0,False,0.019109959,0.008809635,0.05922966,0.0,0.38741657,0.14155939,0.0,0.0,0.06850444,0.095745936,0.18498552,0.0,0.0,0.0,0.0,0.005094121,0.0,0.02954478
99999E30918930,6,False,DO,DO.01,False,0.049537685,0.06517847,0.031092498,0.015579016,0.02747005,0.022668742,0.01804445,0.017001932,0.0038265837,0.1462945,0.27972552,0.0063455,0.012245821,0.01261944,0.019081695,0.11689384,0.013296626,0.14309765
99999E30925891,6,False,IL,IL.01,False,0.039247498,0.036049653,0.0046397164,0.0,0.017357899,0.008116128,0.011620967,0.0054917648,0.011990495,0.018668303,0.65929884,0.0,0.0,0.0,0.0,0.08521829,0.01260235,0.08969811
99999E30928389,4,False,01,01.45,True,0.028420731,0.058084033,0.0,0.018609557,0.013250367,0.0,0.004494372,0.0,0.0018181236,0.01452417,0.07695385,0.043953978,0.011258982,0.037755255,0.3245362,0.115333736,0.10677331,0.14423336
99999E30933483,4,False,DO,DO.01,False,0.0042195073,0.023884201,0.0,0.0,0.026726693,0.0,0.011582745,0.0,0.0146393655,0.24330208,0.40779653,0.0,0.0,0.0,0.0,0.0,0.005993232,0.2618557
99999E30938374,6,False,DO,DO.01,False,0.037091326,0.014913905,0.028257282,0.019181807,0.05246116,0.007435895,0.01406914,0.01398295,0.03666576,0.035991903,0.20924522,0.017747909,0.007836485,0.0,0.04016333,0.07417873,0.057711437,0.3330658
99999E30939797,4,False,52,52.10,False,0.0,0.011816736,0.0,0.0,0.0,0.0,0.0,0.0,0.0,0.0,0.98818326,0.0,0.0,0.0,0.0,0.0,0.0,0.0
99999E31001646,3,False,49,49.3,False,0.08214877,0.025991712,0.07721649,0.033531494,0.052351393,0.351685,0.045570046,0.019590972,0.026223032,0.11198769,0.0756842,0.019948876,0.03579823,0.0,0.0013744329,0.022480985,0.0,0.01841659
99999E31003248,4,False,55,55.10,False,0.0,0.0,0.0,0.0,0.0,0.0,0.0,0.0,0.0,0.74013954,0.12513213,0.0,0.0,0.0,0.00086016575,0.0024998914,0.0,0.13136832
99999E31005224,1,False,01,01.45,True,0.0,0.0,0.0,0.0,0.0,0.0,0.0,0.0,0.0,0.0,0.00551156,0.0,0.0,0.1911351,0.79998845,0.0012473529,0.0,0.0021175994
99999E31005308,4,False,56,56.10,False,0.0,0.0,0.0,0.0,0.0,0.0,0.0,0.0,0.0,0.18721096,0.47821814,0.0,0.0,0.0,0.0,0.0,0.0,0.33457088
99999E31006031,4,False,DO,DO.01,False,0.038003497,0.03375304,0.029958496,0.043499853,0.046898823,0.0,0.0,0.11080062,0.02126502,0.11986647,0.13511774,0.0016670033,0.053181697,0.0019338167,0.07665431,0.07372516,0.009105295,0.20456925
99999E31007089,6,False,55,55.20,False,0.0,0.0,0.008079186,0.0,0.6271076,0.0,0.0,0.0036099702,0.000256854,0.21211499,0.02647589,0.0,0.0,0.0011206978,0.0,0.073844105,0.0,0.04739077
99999E31007663,4,False,10,10.71,False,0.0,0.0,0.0,0.0,0.0,0.0,0.0,0.0,0.0,0.0,0.9931168,0.0,0.0,0.0023300846,0.0045531103,0.0,0.0,0.0
99999E31007960,6,False,DO,DO.01,False,0.040781096,0.07761212,0.014991587,0.013264028,0.15270078,0.009061651,0.010212591,0.0071840896,0.042364158,0.18763131,0.08226909,0.017369157,0.01695126,0.0,0.0,0.09168854,0.030396026,0.20552249
99999E31008697,6,False,DO,DO.01,False,0.014305521,0.07465074,0.044475593,0.04614127,0.011578483,0.0,0.0022699921,0.01182224,0.0517934,0.047578428,0.25049642,0.012837897,0.046583083,0.0,0.0045247492,0.14082584,0.09359273,0.14652367
99999E31008710,5,False,DO,DO.01,False,0.0,0.039969098,0.0,0.018568318,0.003490501,0.0,0.0,0.0,0.07784962,0.07822155,0.18628405,0.0,0.013017851,0.0,0.0,0.08978027,0.18957424,0.3032444
99999E31010435,4,False,DO,DO.02,False,0.009635059,0.0,0.005298566,0.010625849,0.024575867,0.0,0.0044441894,0.0,0.0,0.0041354652,0.9405024,0.0,0.0,0.0,0.0,0.0007825794,0.0,0.0
99999E31011204,6,False,77,77.21,False,0.10261472,0.21979584,0.0,0.0,0.07903164,0.0,0.017479654,0.0021909762,0.010786343,0.0,0.45327926,0.0,0.0,0.0058626663,0.0,0.077719465,0.031239469,0.0
99999E31012625,2,False,62,62.02,False,0.0,0.0,0.0,0.0,0.0,0.0,0.0,0.0,0.0,0.0,0.9979036,0.0,0.0,0.0,0.0,0.0,0.0,0.0020964283
99999E31012626,2,False,62,62.02,False,0.0,0.0,0.0,0.0,0.0,0.0,0.0,0.0,0.0,0.0,1.0,0.0,0.0,0.0,0.0,0.0,0.0,0.0
99999E31014923,4,False,84,84.11,False,0.043293465,0.001864949,0.009117185,0.0,0.030973028,0.0058798566,0.02358758,0.0,0.006629554,0.5741441,0.15543824,0.023228223,0.026223913,0.0,0.01629507,0.02421336,0.02928466,0.029826794
99999E31014964,6,False,DO,DO.01,False,0.0,0.06360817,0.0,0.0,0.015931014,0.0,0.02365452,0.0,0.123136446,0.04739085,0.58587205,0.0010668394,0.00434916,0.0,0.0,0.038866356,0.04258155,0.05354307
99999E31014981,2,False,61,61.90,False,0.0,0.0,0.0,0.0,0.0,0.0,0.0,0.0,0.0028592532,0.0,0.99714077,0.0,0.0,0.0,0.0,0.0,0.0,0.0
99999E31022481,4,False,84,84.11,False,0.0037285849,0.0051134927,0.001766123,0.0020933542,0.0018310145,0.0,0.0026816304,0.00087612873,0.0087727485,0.0341069,0.9100662,0.0027431939,0.0033762106,0.0,0.0,0.0050216094,0.0010462148,0.016776597
99999E31023047,5,False,DO,DO.01,False,0.035092257,0.061675064,0.04528511,0.056227162,0.0,0.0,0.0,0.022096843,0.13521713,0.18635711,0.113656744,0.0,0.011330528,0.0,0.0,0.049021874,0.068417884,0.21562225
99999E31023496,6,False,DO,DO.01,True,0.03211631,0.13448974,0.013876002,0.021333545,0.070152804,0.029034048,0.024253149,0.0098788785,0.00537182,0.21851923,0.026240041,0.015586309,0.084963575,0.0,0.053093653,0.0356536,0.102956116,0.12248121
99999E31023497,5,False,96,96.0,False,0.15405014,0.07287986,0.042780664,0.060875747,0.12560119,0.18703923,0.107346565,0.038750526,0.013829573,0.0122682545,0.0,0.009187459,0.011541206,0.0,0.0,0.16384958,0.0,0.0
99999E31023930,4,False,84,84.11,False,0.0,0.0,0.0014346079,0.03147626,0.012106914,0.0,0.0,0.0020058793,0.0,0.0,0.809619,0.0070389467,0.0,0.0,0.0,0.08235311,0.0,0.053965256
99999E31025941,6,False,43,43.91,False,0.034971073,0.00397491,0.01126394,0.032022934,0.050296336,0.08661949,0.009581464,0.0029583091,0.0,0.16236643,0.34526825,0.0032988703,0.00093527295,0.012641435,0.0025110047,0.044369552,0.0,0.19692071
99999E31026107,6,False,56,56.30,False,0.0,0.0146264285,0.044356886,0.0,0.0,0.0,0.0,0.0,0.18671083,0.0,0.75069404,0.0,0.0,0.0,0.0013133937,0.0,0.0,0.002298439
99999E31026643,2,False,61,61.10,False,0.0,0.0,0.0,0.0,0.0,0.0,0.0,0.0,0.0,0.0,1.0,0.0,0.0,0.0,0.0,0.0,0.0,0.0
99999E31027863,4,False,84,84.11,True,0.0,0.0,0.010934965,0.0,0.017667845,0.0,0.0,0.17042306,0.012176488,0.0,0.78512084,0.0,0.0036768222,0.0,0.0,0.0,0.0,0.0
99999E31028219,3,False,DO,DO.01,False,0.0062064906,0.0037452963,0.017604874,0.02543829,0.049061395,0.2121641,0.00572099,0.019881776,0.0103897285,0.07655663,0.48345435,0.009099682,0.00896295,0.002110445,0.0051304614,7.332062e-05,0.0,0.06439928
99999E31029211,4,False,96,96.0,False,0.01665169,0.0,0.0,0.3661687,0.0025553184,0.0,0.16059193,0.2637313,0.0,0.0,0.16505674,0.0,0.0,0.0,0.0,0.0,0.0,0.0252443
99999E31029428,2,False,61,61.10,False,0.0,0.0,0.0,0.0,0.0,0.0,0.0,0.0,0.0,0.0,1.0,0.0,0.0,0.0,0.0,0.0,0.0,0.0
99999E31029436,6,False,DO,DO.01,False,0.02375377,0.03188305,0.014160474,0.012159607,0.05392332,0.0032647222,0.027611101,0.012691455,0.025004756,0.022920966,0.2950724,0.0022839475,0.0,0.007847629,0.0061934646,0.22189032,0.020816447,0.21852265
99999E31030586,4,False,87,87.30,False,0.0,0.0,0.0,0.0,0.016350608,0.0046909866,0.0,0.0,0.0,0.7315204,0.24743803,0.0,0.0,0.0,0.0,0.0,0.0,0.0
99999E31030833,6,False,DO,DO.01,False,0.023657002,0.05943823,0.007002718,0.0,0.015150832,0.0,0.0,0.0,0.024096519,0.13762337,0.02362252,0.0,0.002561323,0.0,0.0013750062,0.07187391,0.0047725486,0.628826
99999E40000025,6,False,DO,DO.01,False,0.122339904,0.059097588,0.01996171,0.0023989053,0.09122884,0.0,0.01590662,0.0005485042,0.0008878511,6.616198e-05,0.25164175,0.0006488143,0.001143962,0.14156744,0.062036466,0.17623845,0.018459195,0.03582778
99999E40000066,5,False,DO,DO.01,False,0.115782455,0.0,0.61478144,0.14397733,0.0,0.0,0.12012012,0.0,0.0,0.0,0.005338672,0.0,0.0,0.0,0.0,0.0,0.0,0.0
99999E40000074,6,False,01,01.41,True,0.16107875,0.14342062,0.013171574,0.020563234,0.1040835,0.061999522,0.051427443,0.004596383,0.026523396,0.013406897,0.0035946707,0.371452,0.0129703265,0.0,0.0,0.0,0.011711601,0.0
99999E40000084,6,False,DO,DO.01,False,0.027152551,0.054963667,0.0018424082,0.0015729972,0.037546054,0.0070304805,0.0020226524,0.0015429035,0.019295847,0.24842703,0.26098028,0.0,0.0035505886,0.0,0.0,0.02341965,0.011653618,0.29899925
99999E40000094,2,False,61,61.90,False,0.0,0.0,0.0,0.0,0.0,0.0,0.0,0.0,0.0,0.0,1.0,0.0,0.0,0.0,0.0,0.0,0.0,0.0
99999E40000097,2,False,62,62.02,False,0.0,0.0,0.0,0.0,0.0013043153,0.0,0.0,0.0,0.0,0.0,0.9966446,0.0020510014,0.0,0.0,0.0,0.0,0.0,0.0
99999E40000103,5,False,DO,DO.01,False,0.0,0.020052107,0.0,0.0,0.018971283,0.0,0.0,0.0063541,0.0053586056,0.022685902,0.6646179,0.0,0.0110955,0.0,0.0,0.0345266,0.026869824,0.18946822
99999E40000116,3,False,01,01.4,False,0.0911243,0.0,0.0,0.0057243765,0.0,0.021636205,0.0030465324,0.0072767492,0.0,0.0,0.010886016,0.83544844,0.0,0.0,0.0079559125,0.0,0.0,0.016901463
99999E40000123,6,False,DO,DO.01,False,0.018168287,0.03251384,0.03816843,0.0070774243,0.16154964,0.0268899,0.019280475,0.0299677,0.041034304,0.30619887,0.16876689,0.006013755,0.022788187,0.0,0.0,0.014883616,0.003167759,0.103531
99999E40000128,6,False,43,43.91,False,0.059604865,0.07002718,0.051278573,0.06304749,0.040674858,0.083076805,0.023492318,0.03500102,0.038947772,0.101695634,0.012849877,0.11302837,0.21735132,0.0038312515,0.00807627,0.03593658,0.027580388,0.01449951
99999E40000129,5,False,98,98.10,False,0.11048028,0.036067262,0.013984655,0.037128065,0.11389427,0.042066023,0.08499115,0.08737422,0.067719504,0.0067756856,0.016659072,0.0,0.06484338,0.112586945,0.0,0.18634255,0.019086964,0.0
99999E40000149,2,False,35,35.30,False,0.0,0.0,0.0,0.0,0.0,0.0,0.0,0.0,0.0,0.0021760813,0.9958101,0.0,0.0,0.0,0.0,0.0,0.0,0.0020138482
99999E40000155,4,False,93,93.11,False,0.00022012943,0.0,0.036211584,0.0,0.1513854,0.020879013,0.0,0.0,0.05109747,0.43866244,0.301544,0.0,0.0,0.0,0.0,0.0,0.0,0.0
99999E40000158,3,False,DO,DO.01,False,0.008626503,0.013567765,0.0,0.0,0.02535896,0.014100143,0.009415211,0.0032199037,0.009281131,0.0027447068,0.7972841,0.0,0.0,0.0,0.0,0.05260294,0.0,0.063798666
99999E40000163,3,False,52,52.10,False,0.0,0.0,0.16072504,0.118589,0.14194615,0.17665757,0.022342984,0.060590632,0.05790475,0.00011256192,0.013105106,0.004349794,0.22371738,0.0,0.008024217,0.0,7.91277e-05,0.011855779
99999E40000164,4,False,94,94.99,False,0.0,0.0,0.0,0.0,0.0,0.0,0.0,0.0,0.005517864,0.035917588,0.83982676,0.0,0.0,0.0,0.0,0.0,0.0,0.11873782
99999E40000167,5,False,16,16.23,False,0.047303006,0.0,0.023955986,0.096613824,0.019886589,0.598001,0.084853604,0.06792156,0.0,0.0,0.0032795137,0.0069818026,0.04082071,0.0,0.0,0.010382432,0.0,0.0
99999E40000206,6,False,DO,DO.01,False,0.029012553,0.026043076,0.033587147,0.07517982,0.041993957,0.02976495,0.00048153612,0.08330575,0.020645859,0.08776998,0.20271666,0.0,0.0,0.0,0.0,0.16344137,0.049407605,0.15664971
99999E40000223,6,False,56,56.30,False,0.010123401,0.022312008,0.0,0.0111787245,0.23318861,0.01831544,0.004643917,0.0014245615,0.010984297,0.44296196,0.16487743,0.0,0.0039707455,0.0,0.00065132044,0.0007633088,0.0,0.07460437
99999E40000225,2,False,61,61.10,False,0.0,0.0,0.0,0.0,0.0,0.0,0.0,0.0,0.0,0.0,1.0,0.0,0.0,0.0,0.0,0.0,0.0,0.0
99999E40000228,6,False,91,91.04,False,0.0,0.0,0.0044517806,0.0,0.0,0.0,0.008203281,0.0,0.0,0.0,0.9297469,0.0,0.0,0.0,0.024659865,0.0,0.0,0.032938175
99999E40000234,6,False,CO,CO.02,False,0.042060524,0.14083645,0.093301594,0.06601496,0.091635495,0.0,0.14245155,0.06603196,0.012478749,0.0,0.12114927,0.0,0.0,0.06640598,0.0,0.11098266,0.046650797,0.0
99999E40000235,6,False,CO,CO.02,False,0.13131662,0.093172,0.12290406,0.044079516,0.035292424,0.0,0.06681072,0.0,0.037021033,0.0,0.2096514,0.0,0.0,0.025295306,0.0,0.17237106,0.062085852,0.0
99999E40000240,4,False,56,56.30,False,0.00069951074,0.0,0.0,0.0,0.0014536643,0.0,0.0,0.00063790963,0.0,0.00029695441,0.23030932,0.0,0.0,0.056773957,0.19367424,0.07335142,0.0,0.44280303
99999E40000241,6,False,01,01.41,True,0.0178476,0.14894226,0.0,0.00010757838,0.00021168649,0.0048739947,0.0006662919,0.015073119,0.0001960703,0.0,0.0,0.7823065,0.0064113247,0.00013187027,0.002297319,0.004452357,0.01648205,0.0
99999E40000243,1,False,IL,IL.01,False,0.0,0.0,0.0,0.0,0.0,0.0,0.0,0.0,0.0,0.0,0.0,0.0,0.0,0.24205664,0.75794333,0.0,0.0,0.0
99999E40000245,4,False,56,56.10,False,0.0,0.0,0.00087342196,0.0,0.023145001,0.077651314,0.0022313204,0.0,0.00057113613,0.7894684,0.10381644,0.0,0.0,0.0,0.0,0.0006468782,0.0,0.0015960423
99999E40000247,6,False,56,56.10,False,0.05142997,0.044735737,0.008628461,0.0057060556,0.00861884,0.035904173,0.0007515001,0.00021379803,0.0008064461,0.0040694317,0.021255586,0.5807965,0.23702525,0.0,0.0,0.0,0.0,5.836687e-05
99999E40000262,1,False,IL,IL.01,False,0.0,0.0,0.0,0.0,0.0,0.0,0.0,0.0,0.0,0.0,0.0,0.0,0.0,0.32992896,0.67007107,0.0,0.0,0.0
99999E40000268,2,False,61,61.10,False,0.0,0.0,0.0,0.0,0.0,0.0,0.0,0.0,0.0,0.0,1.0,0.0,0.0,0.0,0.0,0.0,0.0,0.0
99999E40000278,4,False,56,56.10,False,0.0,0.0,0.18321691,0.015702726,0.018013068,0.44848603,0.00026267284,0.002122344,0.0014620594,0.29506576,0.03320093,0.0,0.0,0.0,0.0,0.0,0.0,0.0024675524
99999E40000283,6,False,DO,DO.01,False,0.028688516,0.035880256,0.019576877,0.018264417,0.039794676,0.0,0.0259335,0.012142159,0.090838045,0.041573957,0.5165521,0.0,0.00863621,0.013733947,0.0059185014,0.050379485,0.0,0.092087366
99999E40000298,4,False,DO,DO.01,True,0.033060435,0.0,0.0041023213,0.0,0.005641124,0.0,0.007955621,0.0,0.0,0.024283215,0.85097605,0.0,0.0,0.0,0.0,0.0,0.0,0.07398123
99999E40000314,4,False,55,55.20,False,0.0,0.0,0.0010610183,0.0,0.0020989182,0.0019516895,0.0,0.0,0.00019589902,0.9196327,0.073560685,0.0,0.0,0.0009515094,0.00016547991,0.0,0.0,0.0003820639
99999E40000319,6,False,DO,DO.01,False,0.0006661761,0.04557884,0.0,0.0072117434,0.12673612,0.0,0.033943992,0.058089007,0.06594369,0.0016344555,0.22566327,0.0,0.007738487,0.0,0.0,0.22714281,0.051628646,0.14802277
99999E40000320,6,False,DO,DO.01,False,0.056901567,0.037206016,0.014606625,0.0067886612,0.23256768,0.010270394,0.030880079,0.00535422,0.07124701,0.018717661,0.049399283,0.0025131002,0.014575776,0.0048575634,0.0,0.3093859,0.03983017,0.09489833
99999E40000336,3,False,47,47.12,False,0.5648422,0.12276924,0.01963306,0.030612264,0.16795783,0.0039924374,0.0016331072,0.0,0.0015848116,0.00425538,0.027562482,0.0005509277,0.0,0.00018066136,6.439415e-05,0.020849396,0.0053965873,0.028115202
99999E40000346,1,False,IL,IL.01,False,0.0,0.0,0.0,0.0,0.0,0.0,0.0,0.0,0.0,0.0,0.00326289,0.0,0.0,0.27910355,0.71763355,0.0,0.0,0.0
99999E40000353,2,False,80,80.20,False,0.0,0.0,0.0,0.0,0.0,0.0,0.0,0.0,0.0,0.0,1.0,0.0,0.0,0.0,0.0,0.0,0.0,0.0
99999E40000366,6,False,DO,DO.01,False,0.0028099543,0.10512257,0.00840148,0.00862224,0.0018039212,0.0,0.0037497592,0.0028667212,0.0205811,0.1831327,0.4906792,0.0027563411,0.0066921697,0.0110758245,0.0,0.06686808,0.032180443,0.05265747
99999E40000385,2,False,61,61.10,False,0.0,0.0,0.0,0.0,0.0,0.0,0.0,0.0,0.0,0.0,1.0,0.0,0.0,0.0,0.0,0.0,0.0,0.0
99999E40000434,6,False,68,68.20,False,0.03368402,0.013234833,0.013549792,0.018674867,0.10230859,0.00092508615,0.052213777,0.055722836,0.0007041209,0.040604852,0.10453474,0.0087396735,0.01429184,0.018404434,0.0011988194,0.3200831,0.036582954,0.16454166
99999E40000435,5,False,DO,DO.01,False,0.0,0.018754572,0.22554728,0.103663675,0.26807922,0.0,0.0009004446,0.0,0.111894295,0.0,0.17883673,0.0,0.0,0.08831392,0.0,0.0,0.0,0.004009792
99999E40000444,4,False,DO,DO.01,False,0.0020228114,0.005801711,0.0044236407,0.0022406036,0.02079722,0.0003388409,0.0095377555,0.00226363,0.01308607,0.15370265,0.57138634,0.00983774,0.0037742623,0.0,0.0,0.037107635,0.0039615124,0.15971752
99999E40000445,4,False,56,56.30,False,0.10310097,0.07561938,0.00044048482,0.0004997808,0.0120137995,0.0065818597,0.009303125,0.0,0.0042883735,0.010173504,0.0018424125,0.0,0.0,0.00094026566,0.0057178317,0.45859125,0.017106904,0.29378006
99999E40000459,6,False,CO,CO.02,False,0.14977063,0.055017516,0.10977093,0.04624066,0.15490392,0.0,0.15178086,0.017928064,0.062691815,0.0,0.0613226,0.0,0.023517761,0.004205095,0.0,0.07490711,0.07254302,0.015399879
99999E40000461,4,False,46,46.71,False,0.0,0.0,0.0,0.0,0.0,0.0,0.0,0.0,0.0,0.0,0.7247363,0.0,0.0,0.0,0.2717466,0.0,0.0,0.003517121
99999E40000471,4,False,16,16.10,False,0.0,0.0,0.0,0.0,0.0012032281,0.25566882,0.0015103258,0.0,0.0,0.52607185,0.21309336,0.0,0.0,0.0,0.0,0.0,0.0,0.0024525155
99999E40000478,1,False,IL,IL.01,False,0.0,0.0,0.0,0.0,0.0,0.0,0.0,0.0,0.0,0.0,0.0,0.0,0.0,0.25191316,0.7480868,0.0,0.0,0.0
99999E40000485,6,False,CO,CO.02,False,0.25701404,0.111330785,0.09382103,0.021708356,0.102855116,0.01614846,0.050902355,0.011186202,0.018007794,0.0,0.05986701,0.0,0.0,0.14496788,0.04450334,0.03920302,0.02848467,0.0
99999E40000493,5,False,DO,DO.01,False,0.0,0.0,0.11629612,0.24225152,0.09439322,0.36312982,0.047233276,0.012793491,0.0,0.0,0.0,0.0,0.044960506,0.02903279,0.0,0.0,0.0,0.049909275
99999E40000494,6,False,DO,DO.02,False,0.07549929,0.05625885,0.0,0.42392942,0.10232621,0.0,0.32525933,0.0068095606,0.0,0.0,0.009917281,0.0,0.0,0.0,0.0,0.0,0.0,0.0
99999E40000504,5,False,DO,DO.01,False,0.0027074874,0.025567228,0.0,0.0,0.06945754,0.08071293,0.0,0.0,0.030564614,0.06440527,0.5690076,0.0,0.041704323,0.0,0.03801265,0.054241896,0.0,0.023618465
99999E40000505,4,False,DO,DO.01,False,0.0008363689,0.004291321,0.0009983494,0.0009469625,0.036796797,0.002226307,0.0009821083,0.0,0.0076245083,0.4010544,0.1904907,0.09479266,0.0,0.0,0.0011513929,0.024749232,0.0049392427,0.22811964
99999E40000512,6,False,DO,DO.01,False,0.013216835,0.045428995,0.021874616,0.007413998,0.052942585,0.0,0.010977143,0.0058736573,0.03711868,0.04790992,0.46854916,0.0025074806,0.0033595373,0.0,0.0,0.1496167,0.07081807,0.062392667
99999E40000518,6,False,DO,DO.01,True,0.0,0.0018137235,0.002052036,0.0011645183,0.004162165,0.0,4.6934874e-05,0.0015043414,0.0006084554,0.010810786,0.3789468,0.025834916,0.019933857,0.04829186,0.29080117,0.024794832,0.012428402,0.17680523
99999E40000520,4,False,52,52.10,False,0.0,0.0,0.0,0.0,0.0,0.0,0.0,0.0,0.0,0.0,0.9977071,0.0,0.0,0.0,0.0,0.0,0.0,0.002292887
99999E40000521,4,False,52,52.10,False,0.0,0.0,0.0,0.0,0.0,0.0,0.0,0.0,0.0,0.0,1.0,0.0,0.0,0.0,0.0,0.0,0.0,0.0
99999E40000522,4,False,52,52.10,False,0.011920214,0.010623657,0.018314261,0.0087043885,0.02085323,0.017905138,0.017222265,0.001455996,0.009381246,0.002326886,0.76578313,0.0006091718,0.0033421724,0.0028458103,0.0129685905,0.017369669,0.00029781737,0.07807627
99999E40000523,6,False,52,52.10,False,0.015262893,0.014065506,0.0,0.0,0.04768328,0.0,0.0,0.0,0.028479617,0.0,0.8924322,0.0,0.0,0.0,0.0,0.0,0.0,0.0020764812
99999E40000535,3,False,68,68.32,False,0.05992769,0.10543943,0.0076626744,0.01401248,0.035149682,0.10262157,0.03074036,0.012821293,0.006589964,0.23383808,0.37573043,0.0,0.0,0.0,0.0,0.00045149904,0.010230777,0.004783969
99999E40000541,4,False,52,52.10,False,0.0,0.0,0.0,0.0,0.0,0.0,0.0,0.0,0.0,0.0,1.0,0.0,0.0,0.0,0.0,0.0,0.0,0.0
99999E40000544,6,False,DO,DO.01,False,0.020187248,0.0092342505,0.061949547,0.031908873,0.016413482,0.020384742,0.02221558,0.010248417,0.02359271,0.05347325,0.56347615,0.0011636224,0.0036136347,0.0,0.0,0.03282162,0.005423121,0.12389375
99999E40000547,2,False,61,61.90,False,0.0,0.0,0.0,0.0,0.0,0.0,0.0,0.0,0.0,0.0,1.0,0.0,0.0,0.0,0.0,0.0,0.0,0.0
99999E40000554,3,False,46,46.73,True,0.026822757,0.009562022,0.024904342,0.04413552,0.030765183,0.26446784,0.060881,0.04400449,0.0037524344,0.05886277,0.31757572,0.0,0.039615795,0.010907379,0.03304123,0.006196893,0.0,0.024504704
99999E40000561,4,False,DO,DO.01,False,0.051671587,0.15418978,0.035854734,0.0054530473,0.15536667,0.0106753325,0.026926788,0.0,0.055248406,0.20887537,0.07616639,0.0,0.0,0.0,0.0,0.0,0.0058402163,0.21373165
99999E40000579,1,False,IL,IL.01,False,0.0,0.0,0.0,0.0,0.0,0.0,0.0,0.0,0.0,0.0,0.004762635,0.0,0.0,0.2728557,0.7223817,0.0,0.0,0.0
99999E40000580,1,False,IL,IL.01,False,0.0,0.0,0.0,0.0,0.0,0.0,0.0,0.0,0.0,0.0,0.0,0.0,0.0,0.27962556,0.72037446,0.0,0.0,0.0
99999E40000582,6,False,DO,DO.01,False,0.033375137,0.07325931,0.019170703,0.024563164,0.20246953,0.0,0.019545056,0.016003417,0.12992701,0.08179214,0.057993136,0.0059367917,0.006123718,0.0,0.0,0.12321559,0.0659612,0.14066409
99999E40000599,1,False,IL,IL.01,False,0.0,0.0,0.0,0.0,0.0,0.0,0.0,0.0,0.0,0.0,0.0,0.0,0.0,0.27626175,0.72373825,0.0,0.0,0.0
99999E40000600,5,False,IL,IL.01,False,0.0,0.0,0.0,0.0,0.0,0.0,0.0,0.0,0.0,0.0,0.0,0.0,0.0,0.0,0.73109245,0.26890758,0.0,0.0
99999E40000605,4,False,CO,CO.02,False,0.0,0.0,0.01161334,0.0,0.0,0.0,0.0,0.0,0.0,0.0,0.9860455,0.0,0.0,0.0,0.0,0.0,0.0,0.0023411508
99999E40000615,6,False,CO,CO.02,False,0.20555717,0.20706928,0.070121795,0.012205603,0.07300099,0.020550128,0.08113101,0.029740585,0.06479544,0.0,0.013725262,0.0,0.0057916194,0.014882376,0.012329472,0.070713945,0.071381636,0.047003657
99999E40000625,1,False,IL,IL.01,False,0.0,0.0,0.0,0.0,0.0,0.0,0.0,0.0,0.0,0.0,0.0,0.0,0.0,0.2727585,0.7272415,0.0,0.0,0.0
99999E40000630,6,False,DO,DO.01,False,0.0,0.010749707,0.0,0.00080507324,0.016028875,0.0032532879,0.01961871,0.0032664856,0.0032730848,0.013290307,0.79620427,0.0,0.003081715,0.0,0.0,0.009033977,0.0,0.121394485
99999E40000636,5,False,DO,DO.01,False,0.017994333,0.09237832,0.14256716,0.0,0.09550442,0.053563323,0.0082135,0.0047448166,0.031946145,0.0860833,0.062033765,0.030986905,0.07764712,0.03789858,0.031098247,0.040527925,0.015767522,0.17104463
99999E40000648,1,False,IL,IL.01,False,0.0,0.0,0.0,0.0,0.0,0.0,0.0,0.0,0.0,0.0,0.0,0.0,0.0,0.27341557,0.7265845,0.0,0.0,0.0
99999E40000649,1,False,IL,IL.01,False,0.0,0.0,0.0,0.0,0.0,0.0,0.0,0.0,0.0,0.0,0.0,0.0,0.0,0.24332297,0.7566771,0.0,0.0,0.0
99999E40000650,1,False,IL,IL.01,False,0.0,0.0,0.0,0.0,0.0,0.0,0.0,0.0,0.0,0.0,0.0,0.0,0.0,0.2728552,0.72714484,0.0,0.0,0.0
99999E40000652,1,False,IL,IL.01,False,0.0,0.0,0.0,0.0,0.0,0.0,0.0,0.0,0.0,0.0,0.0,0.0,0.0,0.24666269,0.7533373,0.0,0.0,0.0
99999E40000660,4,False,DO,DO.01,True,0.034327652,0.012512479,0.0024614986,0.0,0.05162814,0.0,0.07541151,0.043213714,0.034096003,0.019781983,0.3728412,0.021188552,0.06407729,0.030364592,0.13657567,0.032339457,0.018893711,0.050286565
99999E40000667,6,False,DO,DO.01,False,0.07514769,0.1115094,0.047418058,0.028978672,0.07335516,0.02224384,0.066622324,0.012506332,0.08257261,0.23040931,0.033152103,0.018018553,0.010716294,0.0,0.0,0.046743426,0.03551655,0.105089694
99999E40000685,6,False,DO,DO.01,False,0.051154308,0.06126338,0.10198223,0.017212618,0.051639363,0.0,0.028776849,0.0,0.09805797,0.1525865,0.11464954,0.0,0.007809218,0.0,0.0,0.03717841,0.03102079,0.24666885
99999E40000687,3,False,70,70.22,False,0.012492061,0.0,0.006084674,0.0035675177,0.0,0.8227695,0.0,0.0,0.0,0.108096235,0.04533356,0.0,0.0,0.0,0.0,0.0,0.0,0.0016564423
99999E40000688,6,False,DO,DO.01,False,0.02319318,0.033663236,0.01731828,0.007361102,0.018636255,0.0058994778,0.007377488,0.02077571,0.06296891,0.18847851,0.21511383,0.0012136507,0.0025567499,0.0011049573,0.0014987655,0.027285837,0.069572985,0.29598108
99999E40000704,6,False,74,74.90,False,0.028771888,0.0,0.019762035,0.007939895,0.01854591,0.028017655,0.0060513928,0.011787061,0.0,0.022849124,0.6197328,0.0,0.0011284241,0.0,0.061338324,0.05246295,0.0,0.121612534
99999E40000705,4,False,52,52.21,False,0.0,0.0,0.0,0.003469984,0.0,0.0,0.0,0.0,0.0,0.0,0.99653006,0.0,0.0,0.0,0.0,0.0,0.0,0.0
99999E40000716,6,False,55,55.30,False,0.0,0.0011122708,0.0,0.0,0.0032197312,0.0,0.00057704275,0.0,0.0,0.01644488,0.58043224,0.0,0.0015488161,0.0,0.035259817,0.0126430895,0.0,0.3487621
99999E40000726,1,False,IL,IL.01,False,0.0,0.0,0.0,0.0,0.0,0.0,0.0,0.0,0.0,0.0,0.0,0.0,0.0,0.282393,0.71760696,0.0,0.0,0.0
99999E40000746,4,False,DO,DO.01,False,0.012784,0.048499737,0.006352978,0.012301547,0.019258605,0.0,0.016513893,0.0,0.0065262965,0.044721197,0.3632529,0.0048812926,0.0,0.0056637595,0.0035798848,0.08292623,0.0038190845,0.3689187
99999E40000757,4,False,CO,CO.02,False,0.0,0.0,0.0,0.0,0.0,0.0,0.0,0.0,0.0026047565,0.0,0.9973953,0.0,0.0,0.0,0.0,0.0,0.0,0.0
99999E40000758,4,False,CO,CO.02,False,0.0,0.004715392,0.0,0.0,0.008105259,0.0,0.0,0.0,0.0,0.0,0.98152953,0.0,0.002781429,0.0,0.0,0.0,0.002868349,0.0
99999E40000761,6,False,CO,CO.02,False,0.03472132,0.09438015,0.25295988,0.048309408,0.23772326,0.038437806,0.044848982,0.022737859,0.089971095,0.0,0.033370316,0.0039896113,0.013827074,0.018577542,0.0,0.042495698,0.023059757,0.0005901503
99999E40000764,4,False,52,52.10,False,0.0,0.0,0.0,0.0,0.0,0.0,0.0,0.0,0.0,0.0,1.0,0.0,0.0,0.0,0.0,0.0,0.0,0.0
99999E40000765,4,False,CO,CO.02,False,0.0,0.03570368,0.0,0.0,0.0,0.0,0.0,0.0,0.0,0.0012971166,0.91322505,0.0,0.0,0.0,0.018687274,0.005870002,0.0,0.025216827
99999E40000767,4,False,CO,CO.02,False,0.0,0.0,0.0,0.0,0.0075809527,0.0,0.0,0.0,0.0,0.0,0.99241906,0.0,0.0,0.0,0.0,0.0,0.0,0.0
99999E40000773,6,False,52,52.10,False,0.23252112,0.16721667,0.09365789,0.010700741,0.04518775,0.0058607673,0.11494497,0.017327104,0.01681671,0.017362304,0.022809476,0.01643831,0.013587126,0.0,0.0011087939,0.1464136,0.052826107,0.025220662
99999E40000777,6,False,41,41.20,False,0.027778653,0.116520666,0.039646193,0.0098951,0.0996761,0.0029908724,0.0,0.027616909,0.06153494,0.030876443,0.42253956,0.0025412822,0.024994757,0.0,0.0,0.024050344,0.055103607,0.054234583
99999E40000791,4,False,DO,DO.01,False,0.005690826,0.0,0.0,0.0,0.017714953,0.0,0.0035947685,0.0,0.005749017,0.0,0.5148701,0.0,0.0,0.010577668,0.017890714,0.2530945,0.0,0.17081742
99999E40000807,2,False,CO,CO.02,False,0.0,0.0,0.0,0.0,0.0,0.0,0.0,0.0,0.0,0.0,1.0,0.0,0.0,0.0,0.0,0.0,0.0,0.0
99999E40000813,4,False,47,47.29,False,0.0,0.0,0.0,0.0,0.0,0.0,0.0,0.0,0.0,0.73707885,0.2598028,0.0,0.0,0.0,0.0,0.0,0.0,0.003118374
99999E40000819,2,False,61,,False,0.0,0.0,0.0,0.0,0.0,0.0,0.0,0.0,0.0,0.0,1.0,0.0,0.0,0.0,0.0,0.0,0.0,0.0
99999E40000821,2,False,61,,False,0.0,0.0,0.0,0.0,0.0,0.0,0.0,0.0,0.0,0.0,0.98596257,0.0,0.0,0.0,0.0,0.0,0.0,0.014037445
99999E40000823,6,False,43,43.33,False,0.0,0.0,0.0,0.0,0.0013801611,0.020195544,0.0024610837,0.0061679767,0.0,0.0,0.30070412,0.0,0.0,0.23211744,0.40013677,0.004708426,0.0,0.032128442
99999E40000830,5,False,DO,DO.01,False,0.0009874175,0.12537383,0.0,0.0780624,0.09651302,0.0,0.063194714,0.03241551,0.0012413249,0.15361395,0.0716583,0.021525703,0.03653445,0.0020030471,0.009366361,0.10776957,0.09817752,0.10156294
99999E40000835,6,False,52,52.10,False,0.06014823,0.02565329,0.025987973,0.055672366,0.0721218,0.069712065,0.013187362,0.013740708,0.024783852,0.11075569,0.2687556,0.03432983,0.027653221,0.009512512,0.007186818,0.038422663,0.016428608,0.12594745
99999E40000840,6,False,52,52.10,False,0.0024144484,0.06504766,0.009125858,0.011587189,0.018585302,0.034566823,0.0015399096,0.0005355423,0.048139308,0.057690714,0.62956697,0.019194776,0.023228474,0.0,0.00017490776,0.0057521216,0.025527518,0.04732247
99999E40000850,4,False,84,84.11,False,0.0,0.0,0.0,0.0,0.00034745038,0.0,0.0,0.0,0.00071710616,0.0042190403,0.65244913,0.016379803,0.03329254,0.0017672946,0.2810325,0.0,0.0,0.009795227
99999E40000875,2,False,52,52.10,False,0.0,0.0,0.0,0.0,0.0,0.0,0.0,0.0,0.0,0.007528944,0.9924711,0.0,0.0,0.0,0.0,0.0,0.0,0.0
99999E40000877,4,False,56,56.10,False,0.10778388,0.027016709,0.001452005,0.0003256984,0.0023401184,0.016051317,0.0,0.0013831678,0.0013538026,0.7262882,0.088022806,0.0,0.0,0.0,0.0,0.0,0.0,0.027982311
99999E40000878,6,False,DO,DO.01,False,0.0025431057,0.07927707,0.13173287,0.0,0.0025261515,0.0,0.045674175,0.110777676,0.0,0.038977332,0.27445197,0.0,0.019988809,0.0,0.0,0.035501752,0.02690606,0.231643
99999E40000884,4,False,41,41.20,False,0.009092155,0.008957566,0.027452042,0.03547788,0.021893485,0.20062448,0.0035923251,0.00730884,0.0103646405,0.035528656,0.26336354,0.0,0.024103815,0.0,0.0007665503,0.010177439,0.03036469,0.3109319
99999E40000898,3,False,41,41.20,False,0.007965218,0.0,0.015056354,0.02622301,0.021281987,0.616445,0.030370235,0.012618412,0.0,0.053668022,0.18120342,0.0,0.031078693,0.0,0.0,0.0,0.0,0.0040896605
99999E40000918,5,False,41,41.20,False,0.0,0.0021300875,0.07364016,0.019170787,0.049549885,0.11908203,0.006364904,0.0,0.015595282,0.07102828,0.19807278,0.032331683,0.28345376,0.0,0.0,0.002079371,0.0,0.12750094
99999E40000921,6,False,DO,DO.01,False,0.09354191,0.08266587,0.022506246,0.09556487,0.13086289,0.018506803,0.015343704,0.0677582,0.069312945,0.092937894,0.18372416,0.0,0.0051324386,0.01394265,0.0,0.028439289,0.02654143,0.053218674
99999E40000924,6,False,DO,DO.01,False,0.026850224,0.029417995,0.0027904843,0.014605283,0.019561777,0.011369368,0.033739097,0.01238687,0.01562715,0.21545467,0.23371945,0.017585728,0.02523882,0.0,0.0023537888,0.094965994,0.016238524,0.22809482
99999E40000928,6,False,DO,DO.01,False,0.04600089,0.06911155,0.021233559,0.029678509,0.03287217,0.0,0.038457587,0.032955952,0.088392206,0.04288702,0.18512364,0.0055255727,0.040004548,0.0040244916,0.004437413,0.07254658,0.05766344,0.22908485
99999E40000929,3,False,41,41.20,False,0.026345422,0.01850203,0.059940636,0.02979355,0.06801536,0.6414081,0.029623322,0.0795033,0.012570381,0.0,0.011247872,0.0,0.023050062,0.0,0.0,0.0,0.0,0.0
99999E40000935,3,False,41,41.20,False,0.0,0.0,0.0023568494,0.011504085,0.014481938,0.42956707,0.02346751,0.0041739284,0.001044331,0.013486938,0.43597648,0.004782064,0.023878148,0.0016905365,0.030882206,0.0,0.0,0.0027079682
99999E40000937,6,False,52,52.10,False,0.023159558,0.009319098,0.0034678837,0.0057582944,0.06375026,0.034523472,0.0064741597,0.0,0.010013152,0.099076845,0.5719122,0.0050080693,0.0,0.015941449,0.034513313,0.040362436,0.002315209,0.07440458
99999E40000946,6,False,DO,DO.01,False,0.10553809,0.13581285,0.048761003,0.053028483,0.05350765,0.0018776122,0.06642823,0.050738882,0.053355094,0.034267582,0.11416439,0.030108973,0.0704912,0.0,0.0,0.063799106,0.07375568,0.044365127
99999E40000954,6,False,98,98.1,True,0.04489141,0.0058555533,0.02655263,0.086304195,0.095943496,0.0033365474,0.06923481,0.019365951,0.0155099975,0.0,0.09724202,0.07872156,0.062796965,0.22487864,0.06681946,0.07977435,0.02176384,0.0010085342
99999E40000963,6,False,DO,DO.01,False,0.02854423,0.12917805,0.009091016,0.010588774,0.0043549775,0.0,0.0073460825,0.0085628275,0.01060496,0.019890184,0.57823515,0.0026600675,0.005018523,0.0,0.0,0.036658317,0.0695693,0.079697564
99999E40000979,5,False,41,41.20,False,0.0009772875,0.0,0.023927882,0.11475297,0.015874658,0.7619115,0.020648332,0.061907407,0.0,0.0,0.0,0.0,0.0,0.0,0.0,0.0,0.0,0.0
99999E40000982,5,False,41,41.20,False,0.0,0.0,0.0,0.0,0.0,0.26530614,0.26455024,0.47014365,0.0,0.0,0.0,0.0,0.0,0.0,0.0,0.0,0.0,0.0
99999E40000985,3,False,41,41.20,False,0.02319152,0.011292847,0.014487202,0.03918533,0.030928958,0.75814193,0.013937674,0.03096078,0.0018027921,0.008695748,0.03360806,0.0,0.033767164,0.0,0.0,0.0,0.0,0.0
99999E40000991,2,False,46,46.51,False,0.0,0.0,0.0,0.0,0.0,0.0,0.0,0.0,0.0,0.0,1.0,0.0,0.0,0.0,0.0,0.0,0.0,0.0
99999E40000993,4,False,DO,DO.01,False,0.0042363727,0.0040360396,0.0067932797,0.0048926603,0.038264997,0.003598592,0.0063958513,0.0019170437,0.0063377875,0.137202,0.1948972,0.007900432,0.015492268,0.009028172,0.03840264,0.12056162,0.003527342,0.39651576
99999E40001010,1,False,IL,IL.01,False,0.0,0.0,0.0,0.0,0.0,0.0,0.0,0.0,0.0,0.0,0.0,0.0,0.0,0.19324754,0.80675244,0.0,0.0,0.0
99999E40001016,3,False,85,85.59,False,0.0020630374,0.0,0.11450648,0.1868768,0.023420613,0.44548765,0.027997237,0.03976485,0.0,0.038731355,0.12115207,0.0,0.0,0.0,0.0,0.0,0.0,0.0
99999E40001029,6,False,DO,DO.01,False,0.040013418,0.042414945,0.0027922771,0.010188784,0.012043964,0.0,0.002358307,0.028064545,0.10011048,0.11781507,0.011841674,0.0013814422,0.026529225,0.0,0.0,0.14979227,0.33846372,0.116189845
99999E40001043,6,False,DO,DO.01,False,0.006577918,0.040778138,0.023034453,0.00047599923,0.014796402,0.011635248,0.015680587,0.003420674,0.008020261,0.042734295,0.26547715,0.0011867377,0.04085508,0.023880817,0.0315594,0.3338137,0.01223644,0.12383674
99999E40001047,4,False,DO,DO.01,False,0.06564272,0.0347769,0.06652524,0.028695181,0.004921422,0.10075641,0.0038668318,0.006229212,0.03896822,0.00578181,0.30767,0.00371442,0.020843524,0.0,0.0,0.042176243,0.011686533,0.25774536
99999E40001063,6,False,DO,DO.01,False,0.02055803,0.07522815,0.008144926,0.002748288,0.05170946,0.0,0.0028419802,0.021095194,0.05230492,0.014228637,0.13047707,0.0035436263,0.00841351,0.02912769,0.03666466,0.26638824,0.19027315,0.086252525
99999E40001065,2,False,61,61.90,False,0.0,0.0,0.0,0.0,0.0,0.0,0.0,0.0,0.0,0.005378041,0.9912235,0.0,0.0,0.0,0.0,0.0,0.0,0.0033984669
99999E40001081,1,False,IL,IL.01,False,0.0,0.0,0.0,0.0,0.0,0.0,0.0,0.0,0.0,0.0,0.0,0.0,0.0,0.21554568,0.7844543,0.0,0.0,0.0
99999E40001082,1,False,IL,IL.01,False,0.0,0.0,0.0,0.0,0.0,0.0,0.0,0.0,0.0,0.0,0.0,0.0,0.0,0.21560486,0.78439516,0.0,0.0,0.0
99999E40001084,3,False,41,41.20,False,0.00046977276,0.0,0.040573534,0.02147768,0.06807379,0.40985203,0.017775131,0.0100815715,0.0031524224,0.0338154,0.35145596,0.0,0.040194422,0.0,0.0,0.0,0.0,0.0030782477
99999E40001098,3,False,69,69.10,False,0.0054155337,0.0,0.032226913,0.0026970722,0.0,0.6458932,0.0,0.0,0.0,0.17932537,0.13444191,0.0,0.0,0.0,0.0,0.0,0.0,0.0
99999E40001109,3,False,41,41.20,False,0.054171044,0.0066292267,0.032719333,0.028361803,0.059026968,0.48861465,0.03000018,0.0014029456,0.0,0.111661516,0.17521535,0.0,0.010248799,0.0,0.0,0.0,0.0019481528,0.0
99999E40001128,6,False,52,52.10,False,0.0,0.032371044,0.0007960094,0.052218214,0.117013365,0.0,0.43297598,0.008968372,0.005731268,0.0,0.20781152,0.0,0.14068139,0.0,0.0,0.0,0.0,0.001432817
