pod,class,E,ateco_l1,ateco_l2,prosumer
99999E00000053,non-residential,27954.849855747256,25,25.11,False
99999E00010036,residential,233.205798605214,DO,DO.01,False
99999E00010048,residential,1796.4090326097278,DO,DO.01,False
99999E00010056,residential,358.3869261211819,DO,DO.01,False
99999E00010098,residential,299.4136531394501,DO,DO.02,False
99999E00010122,non-residential,2668.9316691999807,84,84.11,False
99999E00010123,non-residential,2247.5635392269314,56,56.2,False
99999E00010127,residential,280.1520789061354,DO,DO.02,False
99999E00010131,residential,532.8211573927615,DO,DO.02,False
99999E00010132,non-residential,268.6031671085268,68,68.32,False
99999E00010148,residential,294.79434251324125,DO,DO.02,False
99999E00010161,residential,1817.61195924547,DO,DO.01,False
99999E00010217,residential,503.4304162396809,DO,DO.01,False
99999E00010218,residential,754.7011877195927,DO,DO.01,False
99999E00010219,residential,168.29573206343446,DO,DO.01,False
99999E00010237,residential,233.79937424552023,DO,DO.01,False
99999E00010293,residential,424.44629731954126,DO,DO.01,False
99999E00010323,residential,247.9927663838034,DO,DO.01,False
99999E00010343,residential,447.0193381182222,DO,DO.01,False
99999E00010348,residential,960.2175608797485,DO,DO.01,False
99999E00010359,residential,896.0326747045757,DO,DO.01,False
99999E00010368,non-residential,4191.47067550325,47,47.78,False
99999E00010370,residential,204.21015533335478,DO,DO.01,False
99999E00010385,residential,3048.96835685336,DO,DO.01,False
99999E00010427,residential,247.52450519137912,DO,DO.01,False
99999E00010429,non-residential,3404.5969173110243,47,47.71,False
99999E00010457,non-residential,680.7775942484537,16,16.2,False
99999E00010488,residential,899.7204840501475,DO,DO.01,False
99999E00010508,residential,332.28941281636554,DO,DO.01,False
99999E00010541,residential,1339.5677418178982,DO,DO.01,False
99999E00010570,residential,458.59145429399274,DO,DO.01,False
99999E00010621,residential,2146.1046068934243,DO,DO.01,False
99999E00010651,residential,1341.4890501234268,DO,DO.01,False
99999E00010675,residential,821.546573638916,DO,DO.01,False
99999E00010690,residential,239.7435275713603,DO,DO.01,False
99999E00010695,residential,577.2988435957167,DO,DO.01,False
99999E00010717,residential,2030.5413118998208,DO,DO.01,False
99999E00010739,non-residential,2022.1988826327854,23,23.3,False
99999E00010741,residential,431.87716654594374,DO,DO.01,False
99999E00010770,residential,155.76940787855045,DO,DO.01,False
99999E00010833,residential,4712.40907880995,DO,DO.01,False
99999E00010848,residential,2499.1587575276694,DO,DO.01,False
99999E00010911,residential,1509.2565960354275,DO,DO.01,False
99999E00010933,residential,828.6647277408175,DO,DO.01,False
99999E00010943,residential,40.77410521330657,DO,DO.01,False
99999E00010969,residential,505.6390983400223,DO,DO.01,False
99999E00011020,residential,598.6200353601477,DO,DO.01,False
99999E00011021,residential,1688.3833903291802,DO,DO.01,False
99999E00011023,residential,290.6825345450074,DO,DO.01,False
99999E00011033,residential,129.41088199615479,DO,DO.01,False
99999E00011041,residential,458.56078543654303,DO,DO.01,False
99999E00011042,residential,693.5158729553223,DO,DO.01,False
99999E00011130,residential,170.44139058966385,DO,DO.01,False
99999E00011197,residential,132.92636199892144,DO,DO.01,False
99999E00011214,non-residential,189.93244171142578,94,94.99,False
99999E00011228,residential,318.21601125929095,DO,DO.01,True
99999E00011264,residential,1262.206756859495,DO,DO.02,False
99999E00011274,residential,698.8417482839047,DO,DO.01,False
99999E00011322,residential,486.4176268047757,DO,DO.01,True
99999E00011328,residential,2859.2307154337564,DO,DO.01,False
99999E00011548,residential,644.7036529005619,DO,DO.01,False
99999E00011559,non-residential,6048.450972786687,94,94.9,False
99999E00011644,non-residential,882.1575154198541,96,96.0,False
99999E00011650,non-residential,1465.6466568840876,84,84.1,False
99999E00011653,non-residential,1211.4882310231526,IL,IL.01,False
99999E00011655,non-residential,3152.4917644924585,94,94.99,False
99999E00011698,residential,2330.6116591404825,DO,DO.01,False
99999E00011704,residential,7184.100117489724,DO,DO.02,False
99999E00011730,residential,376.0601659379211,DO,DO.02,False
99999E00011731,residential,1915.152851081237,DO,DO.02,False
99999E00011744,residential,646.8931651653941,DO,DO.02,False
99999E00011770,residential,105.62995094330714,DO,DO.01,False
99999E00011840,residential,1090.0002511342366,DO,DO.01,False
99999E00011857,residential,1817.5017786113174,DO,DO.01,False
99999E00011872,residential,27.322404881318413,DO,DO.01,False
99999E00011950,non-residential,0.0,52,52.10,False
99999E00011966,residential,316.59778518258327,DO,DO.01,False
99999E00011985,residential,163.3398324523591,DO,DO.01,False
99999E00012029,residential,2039.4020101759168,DO,DO.01,False
99999E00012035,residential,1814.6906238132053,DO,DO.01,False
99999E00012083,residential,352.3078784313831,DO,DO.01,False
99999E00012088,residential,40.2609744089427,DO,DO.01,False
99999E00012127,residential,767.0976848750151,DO,DO.01,False
99999E00012136,residential,570.1625016764008,DO,DO.01,False
99999E00012169,residential,3535.0806924882627,DO,DO.01,False
99999E00012177,residential,58.120591732882716,DO,DO.01,False
99999E00012179,residential,116.83247047881784,DO,DO.01,False
99999E00012224,residential,1185.955591132171,DO,DO.01,False
99999E00012319,residential,1575.643607245551,DO,DO.01,False
99999E00012426,residential,62.97486808510532,DO,DO.01,False
99999E00012449,non-residential,650.9284395709552,01,01.50,False
99999E00012503,non-residential,38436.19272496578,85,85.3,False
99999E00012505,residential,953.4986225179824,DO,DO.01,False
99999E00012532,residential,382.4137602613566,DO,DO.01,False
99999E00012593,residential,426.7955160364858,DO,DO.01,False
99999E00012615,residential,56.43034893874025,DO,DO.01,False
99999E00012616,residential,404.66588911316205,DO,DO.01,False
99999E00012624,residential,429.9499807410092,DO,DO.01,False
99999E00012658,residential,294.9637746903145,DO,DO.01,False
99999E00012661,residential,20.82268430281055,DO,DO.01,False
99999E00012665,residential,0.0015020576845126326,DO,DO.01,False
99999E00012962,non-residential,90.1632466404345,68,68.31,False
99999E00012977,residential,496.63161260146626,DO,DO.01,False
99999E00013007,residential,407.76583885961725,DO,DO.01,False
99999E00013010,residential,228.8497400480043,DO,DO.01,False
99999E00013030,residential,459.69980578100007,DO,DO.01,False
99999E00013045,residential,596.0691547393799,DO,DO.01,False
99999E00013080,residential,305.80704549989173,DO,DO.01,False
99999E00013085,residential,11.242988529242215,DO,DO.01,False
99999E00013141,residential,461.97561828495225,DO,DO.01,False
99999E00013172,residential,690.4717863807383,DO,DO.01,False
99999E00013193,residential,328.67046858913216,DO,DO.01,False
99999E00013195,residential,108.85331159403523,DO,DO.01,False
99999E00013291,residential,1285.348139868842,DO,DO.01,False
99999E00013320,residential,349.7515584086324,DO,DO.01,False
99999E00013325,non-residential,57804.40596417683,55,55.10,False
99999E00013332,non-residential,11025.26311506305,84,84.11,False
99999E00013345,residential,167.25525514922873,DO,DO.01,False
99999E00013421,residential,516.4330371645196,DO,DO.01,False
99999E00013450,residential,471.7091779874879,DO,DO.01,False
99999E00013453,residential,275.1237132937409,DO,DO.01,False
99999E00013589,residential,238.08801706339912,DO,DO.01,False
99999E00013594,residential,415.9542364544339,DO,DO.01,False
99999E00013601,non-residential,32.91020052300559,96,96.0,False
99999E00013697,residential,513.7837723929371,DO,DO.01,False
99999E00013735,residential,185.64645920356693,DO,DO.01,False
99999E00013736,residential,700.2711275198163,DO,DO.01,False
99999E00013737,residential,199.38248152889642,DO,DO.01,False
99999E00013753,residential,1006.8274433423749,DO,DO.02,False
99999E00013759,residential,1127.2918801412095,DO,DO.01,False
99999E00013789,residential,271.22048254620125,DO,DO.01,False
99999E00013809,non-residential,16.579525679567436,16,16.10,False
99999E00013835,residential,237.18527617794504,DO,DO.01,False
99999E00013841,non-residential,1199.416512502751,68,68.32,False
99999E00013849,residential,169.23993880288643,DO,DO.01,False
99999E00013854,residential,336.60763589959396,DO,DO.01,False
99999E00013895,residential,1882.595157623291,DO,DO.01,False
99999E00013918,residential,1069.7655593024358,DO,DO.01,False
99999E00013946,residential,2191.4194382561577,DO,DO.01,False
99999E00013957,residential,17.188767378550796,DO,DO.01,False
99999E00013965,residential,14356.418175845522,DO,DO.01,True
99999E00013973,residential,471.1909706219022,DO,DO.01,False
99999E00013994,residential,263.39854629209754,DO,DO.01,False
99999E00014044,residential,3061.786024305555,DO,DO.01,False
99999E00014061,residential,215.2088080512153,DO,DO.01,False
99999E00014097,residential,106.23264998946938,DO,DO.01,False
99999E00014109,residential,489.0325388820264,DO,DO.01,False
99999E00014116,residential,187.96899858215048,DO,DO.01,False
99999E00014130,residential,114.74814282523262,DO,DO.02,False
99999E00014153,residential,22.72408612685404,DO,DO.01,False
99999E00014160,residential,488.3115513858364,DO,DO.01,False
99999E00014172,residential,354.9793671092948,DO,DO.01,False
99999E00014222,residential,1201.0128540462917,DO,DO.01,False
99999E00014290,residential,1053.1681782998587,DO,DO.02,False
99999E00014297,residential,731.6197066836886,DO,DO.01,False
99999E00014303,residential,919.722039964464,DO,DO.01,False
99999E00014340,residential,1768.5504489474827,DO,DO.01,True
99999E00014361,residential,47.396677825676555,DO,DO.01,False
99999E00014367,residential,377.4686342782348,DO,DO.01,False
99999E00014417,residential,296.9167213969761,DO,DO.01,False
99999E00014444,residential,1581.0944048563638,DO,DO.01,False
99999E00014471,non-residential,5259.471257527669,84,84.11,True
99999E00014483,residential,1805.2013503180608,DO,DO.01,False
99999E00014487,residential,2197.228382958306,DO,DO.01,False
99999E00014505,residential,1832.277889251709,DO,DO.01,False
99999E00014508,residential,1298.824161620201,DO,DO.01,False
99999E00014530,non-residential,114.58827055944799,70,70.2,False
99999E00014566,residential,508.10800518905904,DO,DO.01,False
99999E00014617,residential,1343.6246278550889,DO,DO.01,False
99999E00014631,residential,423.2231751046189,DO,DO.01,False
99999E00014634,residential,2219.3494966295034,DO,DO.01,False
99999E00014649,residential,226.12986286096924,DO,DO.01,False
99999E00014650,residential,71.68746711131206,DO,DO.01,False
99999E00014656,residential,245.94362447063514,DO,DO.01,False
99999E00014657,residential,291.142551903315,DO,DO.01,False
99999E00014660,residential,198.55132052405878,DO,DO.01,False
99999E00014674,residential,51.61455081568824,DO,DO.01,False
99999E00014679,residential,314.2912170284828,DO,DO.01,False
99999E00014765,non-residential,8384.980447334156,55,55.10,False
99999E00014789,residential,1181.117821799384,DO,DO.01,False
99999E00014808,residential,459.13469915924964,DO,DO.01,False
99999E00014859,residential,477.64244291517474,DO,DO.01,False
99999E00014866,residential,44.67701733112335,DO,DO.01,False
99999E00014892,residential,29.750872461213223,DO,DO.01,False
99999E00014911,residential,373.5126706853784,DO,DO.01,False
99999E00014968,residential,71.42139368407732,DO,DO.01,False
99999E00015012,residential,443.93858101441685,DO,DO.01,False
99999E00015079,residential,142.20309576704273,DO,DO.01,False
99999E00015081,residential,107.41881643662431,DO,DO.01,False
99999E00015092,residential,834.8804749382867,DO,DO.01,False
99999E00015106,residential,1841.2931399875217,DO,DO.01,False
99999E00015117,residential,269.04806317858817,DO,DO.01,False
99999E00015119,residential,147.80215069314707,DO,DO.01,False
99999E00015126,residential,376.08345843376003,DO,DO.01,False
99999E00015131,non-residential,291.7135712835524,01,01.4,False
99999E00015528,residential,1458.1244341996464,DO,DO.01,False
99999E00015569,residential,277.9920972005542,DO,DO.01,False
99999E00015643,residential,0.027037038670952425,DO,DO.01,False
99999E00015654,residential,1372.2004166904708,DO,DO.01,False
99999E00015728,residential,1952.7454059607805,DO,DO.01,False
99999E00015738,residential,1419.5224168565537,DO,DO.01,False
99999E00015850,residential,214.43996909047465,DO,DO.01,False
99999E00015917,residential,203.16243780983817,DO,DO.01,False
99999E00015959,non-residential,2173.763173421224,84,84.24,False
99999E00015966,residential,1369.5003297593857,DO,DO.01,False
99999E00015991,residential,1200.2004867129856,DO,DO.01,False
99999E00015998,residential,1267.9751438564724,DO,DO.01,False
99999E00016020,residential,2546.5067312452525,DO,DO.01,False
99999E00016039,residential,630.7313651968836,DO,DO.01,False
99999E00016083,residential,0.7223958242684603,DO,DO.01,False
99999E00016131,residential,1140.5953536780708,DO,DO.01,False
99999E00016202,residential,1296.2110520147032,DO,DO.01,False
99999E00016275,residential,579.0524941159968,DO,DO.01,False
99999E00016300,non-residential,395.79526767396095,68,68.20,False
99999E00016301,non-residential,637.4980933206124,68,68.20,False
99999E00016302,residential,1967.1057958770216,DO,DO.01,False
99999E00016303,non-residential,560.479133338259,68,68.20,False
99999E00016310,residential,206.616412714908,DO,DO.02,False
99999E00016420,non-residential,102.21843434343434,81,81.22,False
99999E00016462,residential,1900.739368862576,DO,DO.01,False
99999E00016486,residential,1956.7605357699924,DO,DO.01,False
99999E00016499,residential,89.74803039425453,DO,DO.01,False
99999E00016578,residential,144.25070071367267,DO,DO.01,False
99999E00016586,residential,328.2110724022009,DO,DO.01,False
99999E00016733,residential,433.0672962901357,DO,DO.01,False
99999E00016773,residential,1969.4281607300695,DO,DO.01,False
99999E00016789,residential,384.1710680751174,DO,DO.02,False
99999E00016791,residential,982.5688020947954,DO,DO.02,False
99999E00016801,residential,696.4016082038391,DO,DO.02,False
99999E00016814,residential,339.7827750016042,DO,DO.01,False
99999E00016879,non-residential,10932.150375633908,74,74.90,False
99999E00016883,residential,556.1511270623458,DO,DO.01,False
99999E00017161,residential,61.65352274994586,DO,DO.01,False
99999E00017174,non-residential,998.1949053312603,74,74.20,False
99999E00017247,residential,2562.3221355014375,DO,DO.01,False
99999E00020060,residential,1567.5793414645725,DO,DO.01,False
99999E00020233,residential,4091.687414381239,DO,DO.01,False
99999E00020263,residential,112.65637133089983,DO,DO.01,False
99999E00020279,residential,233.97870954773234,DO,DO.01,False
99999E00020341,non-residential,2810.0040760869565,53,53.10,False
99999E00020380,non-residential,8092.859165331842,47,47.71,False
99999E00020425,non-residential,591.9791745401388,74,74.10,False
99999E00020434,non-residential,1807.8317594876255,16,16.23,False
99999E00020458,non-residential,6168.754561970611,91,91.04,False
99999E00020529,non-residential,20837.753363715277,64,64.19,False
99999E00020552,residential,158.84489594391283,DO,DO.01,False
99999E00020571,non-residential,889.4447644551594,96,96.02,False
99999E00020650,residential,188.43942478326383,DO,DO.01,False
99999E00020739,residential,223.1914802523323,DO,DO.01,False
99999E00020774,non-residential,5049.947628445095,01,01.41,False
99999E00020842,residential,1190.5389806410844,DO,DO.01,False
99999E00020859,non-residential,38690.18886281483,55,55.10,False
99999E00020938,residential,308.3777792302,DO,DO.01,False
99999E00020964,non-residential,6805.092098838405,77,77.21,False
99999E00021006,residential,850.4671446482341,DO,DO.01,False
99999E00021047,residential,318.8965680864122,DO,DO.01,False
99999E00021068,non-residential,0.0,01,01.4,False
99999E00021135,non-residential,31243.20146348741,25,25.62,False
99999E00021185,residential,2406.3980420430503,DO,DO.01,False
99999E00021210,residential,2192.414978875054,DO,DO.01,False
99999E00021518,residential,97.59394500481247,DO,DO.01,False
99999E00021541,non-residential,7119.933635860498,53,53.10,False
99999E00021609,non-residential,4519.077378657827,41,41.20,False
99999E00021618,non-residential,1446.0379550331518,47,47.78,False
99999E00021646,non-residential,574.0607065624662,47,47.74,False
99999E00021755,residential,780.7603696076767,DO,DO.01,False
99999E00021788,residential,3533.064897325304,DO,DO.01,False
99999E00021801,non-residential,50.86870756414202,01,01.4,False
99999E00021815,residential,373.4210205078125,DO,DO.01,False
99999E00021846,residential,634.8161061604818,DO,DO.01,False
99999E00021881,non-residential,140288.0293367347,55,55.10,False
99999E00021886,non-residential,9528.808602227104,56,56.30,True
99999E00021915,residential,1403.6124042183214,DO,DO.02,False
99999E00021976,residential,288.96258598150206,DO,DO.01,False
99999E00022001,residential,441.0993075047978,DO,DO.01,False
99999E00022043,non-residential,246.2641059027778,94,94.99,False
99999E00022065,non-residential,17913.50311814693,56,56.30,True
99999E00022097,non-residential,14026.664843749999,84,84.1,False
99999E00022104,residential,1312.0437897576228,DO,DO.01,False
99999E00022126,non-residential,48545.13161057692,47,47.11,False
99999E00022149,non-residential,2293.521217770047,43,43.22,False
99999E00022156,residential,524.6976096527288,DO,DO.02,False
99999E00022158,residential,262.73930731740086,DO,DO.02,False
99999E00022180,residential,429.9974052894843,DO,DO.01,False
99999E00022304,residential,1572.7425384521484,DO,DO.01,False
99999E00022335,residential,98.246424248878,DO,DO.01,False
99999E00022347,non-residential,4936.9024827745225,96,96.02,False
99999E00022354,non-residential,7553.635592990452,47,47.11,False
99999E00022435,non-residential,1230.4200564490422,84,84.1,False
99999E00022494,non-residential,2653.253593444824,53,53.10,False
99999E00022502,residential,252.179636346086,DO,DO.01,False
99999E00022565,non-residential,4514.110382927789,45,45.20,True
99999E00022604,non-residential,1540.5650750305426,47,47.64,False
99999E00022611,residential,95.82792797285256,DO,DO.01,False
99999E00022624,residential,293.40729512941687,DO,DO.01,False
99999E00022625,residential,3.8483419848812948,DO,DO.01,False
99999E00022652,residential,61.16536620919031,DO,DO.02,False
99999E00022695,residential,608.5988495084974,DO,DO.01,False
99999E00022701,residential,314.44990620213986,DO,DO.01,False
99999E00022724,residential,4280.389315287272,DO,DO.01,False
99999E00022763,non-residential,29.703142709202236,01,01.1,False
99999E00022813,residential,1665.885999467638,DO,DO.01,True
99999E00022827,non-residential,5211.6717261598815,60,60.10,False
99999E00022948,residential,2790.3185738457573,DO,DO.01,False
99999E00022969,residential,199.53780153964428,DO,DO.01,False
99999E00023020,non-residential,7035.444536052766,55,55.10,False
99999E00023050,residential,1672.1485455830893,DO,DO.01,False
99999E00023092,residential,241.46051025390625,DO,DO.01,False
99999E00023200,residential,398.4466195547116,DO,DO.01,False
99999E00023227,residential,181.29646956658047,DO,DO.01,False
99999E00023235,residential,253.96125751613914,DO,DO.01,False
99999E00023248,residential,864.1958768799275,DO,DO.01,False
99999E00023291,non-residential,25.813611149787903,01,01.4,False
99999E00023306,residential,2941.3613467746313,DO,DO.01,False
99999E00023313,residential,1019.9930922190349,DO,DO.01,False
99999E00023377,residential,2539.348121219211,DO,DO.01,False
99999E00023382,residential,363.0444627337986,DO,DO.01,False
99999E00023436,residential,949.1270407652244,DO,DO.01,False
99999E00023482,residential,6457.348945241088,DO,DO.01,False
99999E00023491,residential,229.55779192740457,DO,DO.01,False
99999E00023521,non-residential,13366.841275565586,47,47.30,False
99999E00023524,residential,2609.9476538764106,DO,DO.01,False
99999E00023574,non-residential,3780.1869260240514,47,47.78,False
99999E00023616,residential,380.6185735658157,DO,DO.01,False
99999E00023678,residential,389.53974471013765,DO,DO.01,False
99999E00023753,residential,1303.3454118695174,DO,DO.01,False
99999E00023773,residential,6414.621558419971,DO,DO.01,False
99999E00023786,residential,283.3898969646352,DO,DO.02,False
99999E00023810,residential,4416.324876868206,DO,DO.01,False
99999E00023819,residential,2092.1800507439507,DO,DO.01,False
99999E00023861,residential,889.2952929045025,DO,DO.01,False
99999E00023911,non-residential,641.8566368150026,47,47.59,False
99999E00023916,residential,128.51112040438395,DO,DO.01,False
99999E00023926,residential,4010.1245583428276,DO,DO.01,False
99999E00023956,non-residential,4431.408423119849,77,77.21,False
99999E00023959,residential,302.9525771163439,DO,DO.01,False
99999E00023984,non-residential,15409.49968126085,84,84.11,False
99999E00024008,residential,3792.33090294732,DO,DO.01,True
99999E00024019,residential,2196.129652659098,DO,DO.01,False
99999E00024025,residential,1154.256093766954,DO,DO.01,False
99999E00024080,residential,5760.774459838867,DO,DO.01,False
99999E00024104,residential,548.3900873284591,DO,DO.01,False
99999E00024132,residential,1866.5396478441028,DO,DO.01,False
99999E00024188,residential,1468.0575945206722,DO,DO.01,False
99999E00024232,residential,97.47978257544247,DO,DO.01,False
99999E00024304,non-residential,7014.40685696072,64,64.19,False
99999E00024397,residential,2556.640169746915,DO,DO.01,False
99999E00024399,residential,1497.5535700871396,DO,DO.01,False
99999E00024429,residential,682.4181863996718,DO,DO.01,False
99999E00024441,non-residential,28963.684183756508,55,55.10,False
99999E00024469,non-residential,13927.678479646382,47,47.11,False
99999E00024491,non-residential,14881.385108100045,46,46.71,False
99999E00024521,residential,1265.4264979892307,DO,DO.01,False
99999E00024592,non-residential,78.75826166735754,52,52.10,False
99999E00024596,residential,3276.1960614359577,DO,DO.01,False
99999E00024616,residential,410.2416230723752,DO,DO.01,False
99999E00024617,residential,654.7937448527412,DO,DO.01,False
99999E00024643,residential,112.0363555685447,DO,DO.02,False
99999E00024644,non-residential,1641.093866560194,94,94.9,False
99999E00024683,residential,606.1743948194716,DO,DO.01,True
99999E00024687,residential,114.67792026685632,DO,DO.01,False
99999E00024716,residential,17.58745350142524,DO,DO.01,False
99999E00024726,non-residential,25.117830170525448,01,01.50,False
99999E00024737,residential,1536.838253868951,DO,DO.01,False
99999E00024761,residential,2648.763682047526,DO,DO.01,False
99999E00024797,non-residential,37.3538873491496,01,01.4,False
99999E00024824,residential,519.8907610180173,DO,DO.01,False
99999E00024894,non-residential,29412.54536946615,45,45.20,True
99999E00024921,residential,3532.236904568142,DO,DO.01,True
99999E00024935,residential,4066.9268025143047,DO,DO.01,False
99999E00024971,residential,357.2324354631187,DO,DO.01,False
99999E00025005,non-residential,6901.961356268989,56,56.30,False
99999E00025021,non-residential,8700.621532864041,85,85.3,False
99999E00025097,residential,2584.4002405802407,DO,DO.01,False
99999E00025122,residential,875.3754048951914,DO,DO.01,False
99999E00025124,non-residential,753.4012381235759,84,84.1,False
99999E00025146,non-residential,649.6144655015734,96,96.02,False
99999E00025190,residential,374.17757723066546,DO,DO.01,False
99999E00025202,residential,2529.1768985324434,DO,DO.01,False
99999E00025238,residential,377.9062634389335,DO,DO.01,False
99999E00025265,non-residential,11836.427510579426,47,47.30,False
99999E00025267,residential,184.06012508604263,DO,DO.01,False
99999E00025330,residential,1336.9392670525447,DO,DO.01,False
99999E00025338,residential,3.8134896631042166,DO,DO.01,False
99999E00025358,residential,545.6914732191298,DO,DO.01,False
99999E00025359,residential,1911.0712796896423,DO,DO.01,False
99999E00025373,residential,3231.2346182929145,DO,DO.01,False
99999E00025379,residential,2153.5690922207305,DO,DO.01,False
99999E00025495,non-residential,29955.184205754354,56,56.10,False
99999E00025534,residential,893.6797184414335,DO,DO.01,False
99999E00025591,residential,365.4809459050497,DO,DO.01,True
99999E00025613,residential,1575.5896144443088,DO,DO.01,False
99999E00025634,residential,247.2959313025841,DO,DO.01,False
99999E00025685,residential,2402.276643117269,DO,DO.01,False
99999E00025690,residential,156.46600716279977,DO,DO.01,False
99999E00025698,non-residential,2086.4122581481934,77,77.39,False
99999E00025707,residential,102.34573741535564,DO,DO.01,False
99999E00025804,non-residential,61490.53029692869,56,56.30,False
99999E00025806,residential,1131.5285280015732,DO,DO.01,False
99999E00025817,non-residential,98052.57320183367,56,56.10,False
99999E00025841,residential,2620.329765304158,DO,DO.01,False
99999E00025915,non-residential,8339.599469006673,64,64.19,False
99999E00025933,residential,913.0835118540016,DO,DO.01,False
99999E00025950,non-residential,85454.61968195676,55,55.10,False
99999E00025981,residential,2748.3127165188757,DO,DO.01,False
99999E00025989,non-residential,1016.5729442395663,68,68.10,False
99999E00026011,non-residential,1978.880411783854,14,14.21,False
99999E00026039,non-residential,2013.7334611680774,47,47.76,False
99999E00026049,non-residential,112.27362102932399,01,01.4,False
99999E00026050,non-residential,86.96695142322118,01,01.4,False
99999E00026052,residential,50.31454082387184,DO,DO.01,False
99999E00026068,non-residential,39015.93359375,55,55.10,False
99999E00026100,residential,1842.4915017022029,DO,DO.01,False
99999E00026107,non-residential,83963.29739040798,IL,IL.01,False
99999E00026112,non-residential,3991.219651963976,IL,IL.01,False
99999E00026147,non-residential,2563.521514669822,IL,IL.01,False
99999E00026156,non-residential,15083.236359627017,IL,IL.01,False
99999E00026158,non-residential,9660.265757242838,IL,IL.01,False
99999E00026159,non-residential,31371.84356689453,IL,IL.01,False
99999E00026160,non-residential,25124.285481770836,IL,IL.01,False
99999E00026161,non-residential,10453.943227132162,IL,IL.01,False
99999E00026178,non-residential,6.552257041136423,01,01.1,False
99999E00026193,non-residential,7176.5981377495655,84,84.24,False
99999E00026195,non-residential,31962.691908360568,55,55.10,True
99999E00026225,residential,115.11782027534817,DO,DO.01,False
99999E00026279,residential,853.1336000230577,DO,DO.01,False
99999E00026285,residential,2702.05256568061,DO,DO.01,False
99999E00026330,residential,306.5228873239437,DO,DO.01,False
99999E00026401,residential,3469.754702250163,DO,DO.01,False
99999E00026409,residential,1359.6969375252165,DO,DO.01,False
99999E00026423,residential,1901.0469524449952,DO,DO.02,False
99999E00026455,residential,2651.293453640408,DO,DO.01,False
99999E00026456,residential,260.79694906870526,DO,DO.01,False
99999E00026465,non-residential,2302.7199715479023,62,62.09,True
99999E00026471,non-residential,3484.1786702473955,60,60.10,False
99999E00026481,non-residential,2716.4289219913053,47,47.78,False
99999E00026505,residential,724.002566309916,DO,DO.01,False
99999E00026551,residential,140.3503646693925,DO,DO.01,False
99999E00026554,residential,138.32728193399493,DO,DO.01,False
99999E00026572,residential,488.2363255818685,DO,DO.01,False
99999E00026575,residential,575.474801918895,DO,DO.02,False
99999E00026577,non-residential,11160.055345225872,47,47.26,False
99999E00026590,non-residential,9473.598954167619,45,45.20,False
99999E00026591,non-residential,2170.5929141574434,69,69.20,False
99999E00026594,non-residential,15770.14931572808,IL,IL.01,False
99999E00026644,non-residential,105590.13092269325,55,55.10,False
99999E00026650,non-residential,20656.018844632286,41,41.20,True
99999E00026658,non-residential,79476.59177902194,55,55.10,False
99999E00026701,non-residential,78334.78480658568,55,55.10,False
99999E00026709,non-residential,3871.2900373670786,94,94.91,False
99999E00026719,non-residential,38217.78561782002,55,55.10,False
99999E00026723,non-residential,4385.6811673832135,96,96.02,False
99999E00026728,non-residential,30999.40809745855,55,55.10,False
99999E00026745,non-residential,17393.42439350329,56,56.10,False
99999E00026773,non-residential,71970.36315917969,94,94.91,False
99999E00026778,non-residential,140355.1387049788,55,55.10,False
99999E00026835,non-residential,3827.4280802408857,36,36.00,False
99999E00026850,non-residential,44099.62198893229,16,16.23,False
99999E00026858,non-residential,101443.3591954023,55,55.10,False
99999E00026870,residential,121.66857149865892,DO,DO.01,False
99999E00026871,residential,201.63841750886704,DO,DO.01,False
99999E00026886,non-residential,601.6068204243978,14,14.13,False
99999E00026888,non-residential,439.15259444922737,55,55.30,False
99999E00026907,non-residential,247.12302290363075,52,52.10,False
99999E00026914,non-residential,49929.63814908994,55,55.10,True
99999E00026925,residential,141.36217622541548,DO,DO.01,False
99999E00026956,non-residential,26202.23627456581,23,23.70,False
99999E00026965,non-residential,52626.8866502193,10,10.51,False
99999E00026993,non-residential,70597.26650661892,41,41.20,True
99999E00026996,non-residential,188070.64585957178,56,56.10,False
99999E00027055,non-residential,18847.940724690754,55,55.10,False
99999E00027061,residential,907.1587350633409,DO,DO.01,False
99999E00027064,non-residential,4712.106027550846,33,33.20,False
99999E00027084,residential,373.06621327119717,DO,DO.01,False
99999E00027086,residential,1163.6416157504968,DO,DO.01,True
99999E00027094,non-residential,5124.265629283169,47,47.72,False
99999E00027159,non-residential,1743.9986221488864,55,55.10,False
99999E00027207,residential,1163.3380232916936,DO,DO.01,False
99999E00027228,residential,433.58395536377395,DO,DO.01,False
99999E00027247,non-residential,611.1703146828545,49,49.41,False
99999E00027262,non-residential,0.166947814433471,01,01.1,False
99999E00027270,non-residential,11.662682634200493,01,01.1,False
99999E00027327,residential,741.0431522793241,DO,DO.01,False
99999E00027379,non-residential,1609.90907880995,96,96.02,False
99999E00027464,non-residential,6429.541982014975,36,36.00,False
99999E00027466,non-residential,72516.05671356327,55,55.10,False
99999E00027494,non-residential,31373.615892198348,IL,IL.01,False
99999E00027497,residential,2460.1196416219077,DO,DO.01,False
99999E00027518,non-residential,25403.548763736264,55,55.20,False
99999E00027520,non-residential,3700.4674971731088,47,47.64,False
99999E00027529,non-residential,58097.58429276316,56,56.30,False
99999E00027541,non-residential,1686.6836654381095,84,84.11,False
99999E00027550,non-residential,492.7126227484809,95,95.24,False
99999E00027572,non-residential,1354.4233370808415,47,47.4,False
99999E00027580,residential,84.12289527424595,DO,DO.01,False
99999E00027595,non-residential,24943.623314670935,IL,IL.01,False
99999E00027675,non-residential,18960.79733219969,56,56.30,False
99999E00027676,residential,1660.606772104899,DO,DO.01,False
99999E00027732,residential,254.27637073728775,DO,DO.01,False
99999E00027766,residential,1221.419889662001,DO,DO.01,False
99999E00027801,non-residential,642.4028319131936,47,47.59,False
99999E00027836,non-residential,53264.667629665804,10,10.51,False
99999E00027846,non-residential,40543.594835069445,08,08.11,False
99999E00027851,non-residential,135320.8390299479,47,47.11,False
99999E00027928,non-residential,11161.003248426648,18,18.12,False
99999E00027948,residential,904.9788337283663,DO,DO.01,False
99999E00027951,residential,43.25799431689208,DO,DO.01,False
99999E00027961,residential,276.3569704691569,DO,DO.01,False
99999E00027966,residential,3017.181782192654,DO,DO.01,False
99999E00028039,non-residential,3961.9855668809682,45,45.20,True
99999E00028083,non-residential,8529.170553532469,52,52.10,False
99999E00028124,non-residential,13758.376922607422,84,84.11,False
99999E00028155,residential,846.533750990845,DO,DO.01,False
99999E00028156,residential,466.02895007926764,DO,DO.01,False
99999E00028157,residential,617.124252737767,DO,DO.01,False
99999E00028200,residential,230.05028898819634,DO,DO.01,False
99999E00028242,residential,10.116941766177908,DO,DO.01,False
99999E00028257,non-residential,22960.236680772567,16,16.23,False
99999E00028305,residential,26.259907643729395,DO,DO.01,False
99999E00028327,residential,383.407793574863,DO,DO.01,False
99999E00028387,non-residential,14214.52172173394,56,56.30,False
99999E00028397,residential,280.81278374854554,DO,DO.01,False
99999E00028415,residential,881.7198557740373,DO,DO.01,False
99999E00028428,non-residential,212340.7698567708,47,47.11,True
99999E00028441,residential,1315.2054643964434,DO,DO.01,False
99999E00028453,residential,956.8224595538877,DO,DO.01,False
99999E00028466,residential,2673.3333273823123,DO,DO.02,False
99999E00028492,residential,1002.8451853290969,DO,DO.01,False
99999E00028494,residential,278.88569397545757,DO,DO.01,False
99999E00028502,residential,123.11208605766296,DO,DO.01,False
99999E00028510,non-residential,14492.011265037334,55,55.10,True
99999E00028531,non-residential,1039.8227962674057,47,47.78,False
99999E00028547,non-residential,1251.586360617573,85,85.59,False
99999E00028557,non-residential,5598.487260606554,47,47.30,False
99999E00028589,residential,1753.5081164042153,DO,DO.01,False
99999E00028622,non-residential,19505.283841748977,56,56.10,False
99999E00028624,non-residential,163798.1875,55,55.10,True
99999E00028642,non-residential,51440.899580550256,55,55.10,False
99999E00028653,non-residential,4045.956946026373,47,47.78,False
99999E00028698,non-residential,1053.5712004055943,82,82.99,False
99999E00028722,residential,3776.6785600450307,DO,DO.01,False
99999E00028728,non-residential,4743.121236165364,49,49.39,False
99999E00028769,residential,1003.0079470740424,DO,DO.01,True
99999E00028773,non-residential,65112.42588552361,61,61.10,False
99999E00028821,residential,286.11436776947556,DO,DO.01,False
99999E00028864,non-residential,14505.891011555988,84,84.1,False
99999E00028875,non-residential,1342.133434381818,47,47.79,False
99999E00028879,residential,378.6998603084494,DO,DO.01,False
99999E00028884,non-residential,48596.92281614313,55,55.10,False
99999E00028886,non-residential,92651.52215442518,64,64.19,False
99999E00028928,residential,5428.644782172309,DO,DO.01,False
99999E00028952,non-residential,77989.63404605263,47,47.78,False
99999E00028955,non-residential,554.6198240625357,96,96.0,False
99999E00028961,non-residential,21328.10251240695,55,55.10,False
99999E00028963,residential,3692.1023178100586,DO,DO.01,False
99999E00028977,residential,1132.6666312747532,DO,DO.01,False
99999E00028986,residential,2549.0737872653535,DO,DO.01,False
99999E00029010,residential,409.4407982796859,DO,DO.01,False
99999E00029022,residential,0.0,DO,DO.01,False
99999E00029023,non-residential,8818.151329888236,16,16.23,False
99999E00029111,non-residential,995.9223004136295,47,47.64,False
99999E00029137,residential,829.7381634182401,DO,DO.01,False
99999E00029139,non-residential,194.54100530369843,01,01.1,False
99999E00029144,non-residential,1608.9636633131238,96,96.02,False
99999E00029153,non-residential,3194.8906981920563,85,85.10,False
99999E00029156,non-residential,2252.038656870524,16,16.23,False
99999E00029159,non-residential,1871.1150261235193,52,52.10,False
99999E00029167,residential,0.012701466038222715,DO,DO.01,False
99999E00029182,non-residential,8932.201453314889,25,25.11,False
99999E00029213,non-residential,20252.534518771703,85,85.3,False
99999E00029221,non-residential,304.26995303895734,41,41.20,False
99999E00029227,residential,473.432431646356,DO,DO.01,False
99999E00029241,non-residential,91348.9315109743,55,55.10,True
99999E00029288,non-residential,1360.9898885091145,01,01.50,False
99999E00029297,non-residential,105296.65761264534,55,55.10,True
99999E00029327,residential,822.9157564932841,DO,DO.01,False
99999E00029399,non-residential,11380.825739830896,45,45.20,True
99999E00029411,non-residential,122100.29229058161,10,10.71,False
99999E00029412,non-residential,1302.5816367147395,47,47.51,False
99999E00029440,residential,1128.1869191599415,DO,DO.01,False
99999E00029447,non-residential,58250.96663885518,01,01.41,False
99999E00029456,residential,41.35526107417213,DO,DO.01,False
99999E00029465,non-residential,11830.083677302331,93,93.1,False
99999E00029474,residential,152.51518053886218,DO,DO.01,False
99999E00029475,residential,114.86483360462854,DO,DO.01,False
99999E00029507,residential,631.943363399296,DO,DO.01,False
99999E00029572,residential,1412.806578742133,DO,DO.01,True
99999E00029574,non-residential,3343.4000130327354,45,45.20,False
99999E00029583,non-residential,16417.67801920573,56,56.10,False
99999E00029604,non-residential,6339.858856201172,16,16.29,False
99999E00029609,residential,4936.195471021864,DO,DO.01,True
99999E00029636,non-residential,8279.674307839912,49,49.4,False
99999E00029650,non-residential,30998.198955006843,47,47.59,False
99999E00029675,residential,15.180530164533822,DO,DO.01,False
99999E00029716,residential,3.2818261353865914,DO,DO.01,False
99999E00029718,residential,906.5643501281738,DO,DO.01,False
99999E00029721,non-residential,11588.515785420945,56,56.30,False
99999E00029722,non-residential,3490.415225558811,94,94.99,False
99999E00029733,non-residential,149626.48234137744,55,55.10,False
99999E00029736,residential,131.00521670447458,DO,DO.01,False
99999E00029737,non-residential,15813.22914644798,47,47.71,False
99999E00029749,residential,1714.2748430040149,DO,DO.01,True
99999E00029752,residential,121.39555095154562,DO,DO.01,False
99999E00029753,residential,2404.6980243801418,DO,DO.01,False
99999E00029776,residential,3653.761863986941,DO,DO.01,True
99999E00029782,non-residential,7036.818355984157,25,25.73,False
99999E00029825,non-residential,1797.8263622644995,47,47.64,False
99999E00029835,residential,317.87295688440855,DO,DO.01,False
99999E00029837,residential,298.04461626056775,DO,DO.01,False
99999E00029838,non-residential,8450.950156317818,43,43.22,True
99999E00029842,non-residential,4782.427169412168,49,49.39,False
99999E00029847,residential,546.529255319149,DO,DO.01,False
99999E00029879,non-residential,7544.84499326232,56,56.10,False
99999E00029895,residential,1262.7099174923367,DO,DO.01,False
99999E00029907,residential,3352.4119440960467,DO,DO.01,False
99999E00029926,residential,2126.2231871430636,DO,DO.01,False
99999E00029934,non-residential,13955.939029770037,85,85.3,False
99999E00029937,residential,210.49333106320987,DO,DO.01,False
99999E00029941,residential,1466.2303670247397,DO,DO.01,False
99999E00029963,non-residential,4112.8094720546715,68,68.31,False
99999E00029967,residential,2394.843931093321,DO,DO.01,False
99999E00029971,residential,4966.37107682054,DO,DO.01,True
99999E00029972,residential,3863.741874694824,DO,DO.01,False
99999E00029973,non-residential,1814.0659162733289,47,47.78,False
99999E00029976,non-residential,879.5137246449788,71,71.12,False
99999E00029979,non-residential,29840.217861599394,55,55.10,False
99999E00029988,residential,101.7589677704705,DO,DO.01,False
99999E00030002,non-residential,571.2779445389945,49,49.4,False
99999E00030047,residential,378.4237942428146,DO,DO.01,False
99999E00030054,residential,653.3151303498641,DO,DO.01,False
99999E00030069,non-residential,51546.37349446614,61,61.20,False
99999E00030080,non-residential,2416.519532252631,94,94.91,False
99999E00030103,non-residential,63771.28221943431,56,56.10,False
99999E00030114,non-residential,33456.93890171504,49,49.39,False
99999E00030123,residential,1316.4422692192927,DO,DO.01,False
99999E00030124,non-residential,1899.2875968085393,43,43.21,True
99999E00030125,non-residential,63.63990505536397,47,47.64,False
99999E00030126,non-residential,2406.0914124382866,47,47.64,False
99999E00030131,non-residential,6134.02374477081,55,55.10,False
99999E00030132,residential,239.56609778934055,DO,DO.01,False
99999E00030133,residential,1219.8166592915852,DO,DO.01,False
99999E00030151,non-residential,24651.892261170506,61,61.20,False
99999E00030183,non-residential,442051.67276247847,10,10.51,True
99999E00030229,residential,103.69543334066648,DO,DO.01,False
99999E00030233,non-residential,20852.258707682293,16,16.23,False
99999E00030256,residential,124.36424718962776,DO,DO.01,False
99999E00030263,residential,1436.660876803928,DO,DO.01,False
99999E00030277,residential,723.8054818343332,DO,DO.02,False
99999E00030325,residential,190.39163113562697,DO,DO.01,False
99999E00030355,residential,1194.6937624613445,DO,DO.01,False
99999E00030358,residential,808.4417100892449,DO,DO.01,False
99999E00030390,residential,164.13403537538318,DO,DO.01,False
99999E00030394,residential,46.81954747980291,DO,DO.01,False
99999E00030407,residential,696.3103485107422,DO,DO.01,False
99999E00030409,residential,717.5991762260866,DO,DO.01,False
99999E00030435,residential,60.3546863597828,DO,DO.01,False
99999E00030454,non-residential,21074.798297646605,10,10.85,False
99999E00030501,residential,82.45783768036293,DO,DO.01,False
99999E00030512,non-residential,59637.92818893862,49,49.12,True
99999E00030517,residential,309.4720233392422,DO,DO.01,False
99999E00030527,residential,542.779729631212,DO,DO.01,False
99999E00030528,residential,793.230520884196,DO,DO.01,False
99999E00030533,residential,957.8328780053367,DO,DO.01,False
99999E00030549,non-residential,3421.9020810607035,43,43.22,False
99999E00030588,non-residential,787.978812654405,47,47.78,False
99999E00030599,non-residential,4403.00596538343,61,61.10,False
99999E00030602,non-residential,395.2964792114508,47,47.59,False
99999E00030622,residential,18.282949725786846,DO,DO.01,False
99999E00030631,non-residential,771.2108177608915,16,16.2,False
99999E00030634,residential,1050.4281690385606,DO,DO.01,False
99999E00030647,residential,0.0,DO,DO.01,False
99999E00030670,residential,174.2659624417623,DO,DO.02,False
99999E00030676,residential,967.5055616367715,DO,DO.01,False
99999E00030677,residential,358.4126446321198,DO,DO.01,False
99999E00030680,residential,723.9524148866626,DO,DO.01,False
99999E00030694,residential,2340.5054749382866,DO,DO.01,False
99999E00030698,residential,474.6774413850572,DO,DO.01,False
99999E00030715,non-residential,6087.319250713873,47,47.11,False
99999E00030753,residential,79.53584072568002,DO,DO.01,False
99999E00030790,residential,372.45608748051154,DO,DO.01,False
99999E00030794,non-residential,4120.975646972656,61,61.10,False
99999E00030829,residential,2709.596396552192,DO,DO.01,False
99999E00030835,non-residential,10155.765923632469,55,55.10,False
99999E00030838,non-residential,2260.8999739752876,47,47.25,False
99999E00030863,non-residential,10872.56349351671,56,56.30,False
99999E00030915,residential,411.5298822191026,DO,DO.01,True
99999E00030919,non-residential,30014.077319764256,10,10.71,False
99999E00030922,residential,2349.5816802978516,DO,DO.01,True
99999E00030958,non-residential,71.32581995593176,94,94.9,False
99999E00030995,residential,627.9299112168687,DO,DO.01,False
99999E00031012,non-residential,10159.16247935022,56,56.30,False
99999E00031042,non-residential,1.3902951425148382,49,49.4,False
99999E00031066,residential,480.27033956427323,DO,DO.01,False
99999E00031082,residential,173.86944482492845,DO,DO.01,False
99999E00031089,non-residential,15639.586670536839,56,56.30,False
99999E00031117,non-residential,81772.33769103559,55,55.10,False
99999E00031122,residential,542.3491795857748,DO,DO.01,False
99999E00031123,residential,89.96198834705744,DO,DO.01,False
99999E00031130,residential,78.55942814039147,DO,DO.01,False
99999E00031136,non-residential,2944.2924124734445,47,47.71,False
99999E00031143,non-residential,2685.128139027378,84,84.11,False
99999E00031144,non-residential,35607.648467722436,47,47.11,False
99999E00031155,residential,176.5952748746715,DO,DO.01,False
99999E00031174,residential,312.101936710691,DO,DO.01,False
99999E00031175,residential,2366.138967960439,DO,DO.01,False
99999E00031185,residential,13385.585696868584,DO,DO.02,False
99999E00031188,non-residential,128372.3260967548,55,55.10,True
99999E00031218,non-residential,172341.8839089912,47,47.11,True
99999E00031227,residential,4379.003067016602,DO,DO.01,False
99999E00031234,residential,1841.895215111057,DO,DO.01,False
99999E00031269,residential,2243.0206214057075,DO,DO.01,False
99999E00031282,non-residential,19636.271514892578,93,93.1,True
99999E00031296,non-residential,11093.045959472656,16,16.10,False
99999E00031300,non-residential,46.38668623235491,49,49.4,False
99999E00031304,non-residential,7072.8991614447705,55,55.10,False
99999E00031369,non-residential,18303.515260930646,36,36.00,False
99999E00031370,non-residential,267078.3859454315,36,36.00,False
99999E00031372,non-residential,11122.804062157345,IL,IL.01,False
99999E00031374,non-residential,9286.70233641432,IL,IL.01,False
99999E00031376,non-residential,1210.9291478207238,75,75.00,False
99999E00031377,non-residential,5172.193453604715,84,84.1,False
99999E00031378,non-residential,7153.848638828285,IL,IL.01,False
99999E00031379,non-residential,11475.12254253808,IL,IL.01,False
99999E00031381,non-residential,92.64677365620932,IL,IL.01,False
99999E00031382,non-residential,386.46376291910804,36,36.00,False
99999E00031385,non-residential,401.1081859359889,96,96.0,False
99999E00031386,non-residential,252.31791592904648,36,36.00,False
99999E00031387,non-residential,3580.76675147341,IL,IL.01,False
99999E00031388,non-residential,6440.382278693442,IL,IL.01,False
99999E00031389,non-residential,5957.723476033608,IL,IL.01,False
99999E00031393,non-residential,2906.5735023900083,36,36.00,False
99999E00031394,non-residential,23910.988333386806,85,85.3,False
99999E00031425,non-residential,2077.993647831911,68,68.31,False
99999E00031490,residential,1338.918899959988,DO,DO.01,False
99999E00031497,residential,81.16612464026079,DO,DO.01,False
99999E00031583,residential,1672.6069266336006,DO,DO.01,False
99999E00031610,non-residential,18745.2436319987,IL,IL.01,False
99999E00031612,residential,2416.206785837809,DO,DO.01,False
99999E00031639,residential,2124.246824052599,DO,DO.01,True
99999E00031652,non-residential,2185.0332159745067,60,60.10,False
99999E00031656,non-residential,5767.351989746094,60,60.10,False
99999E00031672,non-residential,1817.20842595686,36,36.00,False
99999E00031717,residential,1186.490182876587,DO,DO.01,False
99999E00031750,residential,1794.1930071512857,DO,DO.01,False
99999E00031778,residential,6.898098882738051,DO,DO.01,False
99999E00031821,residential,1332.7638753255208,DO,DO.01,False
99999E00031823,non-residential,5674.075325859918,52,52.10,False
99999E00031834,non-residential,12026.353591824949,93,93.11,False
99999E00031839,residential,1254.739481608073,DO,DO.01,False
99999E00031841,residential,5309.373601277669,DO,DO.01,False
99999E00031849,residential,1053.840545018514,DO,DO.01,False
99999E00031857,non-residential,1988.502700694286,41,41.20,False
99999E00031873,residential,2960.8343378702803,DO,DO.01,False
99999E00031885,non-residential,19947.980400219298,56,56.10,False
99999E00031886,non-residential,104633.12840452982,55,55.10,False
99999E00031930,non-residential,9025.091349283854,93,93.1,False
99999E00031946,residential,1224.519215689765,DO,DO.01,False
99999E00031966,non-residential,1070.4605999490489,01,01.42,False
99999E00032033,non-residential,689.2166545014117,47,47.78,False
99999E00032034,non-residential,153607.8965585443,55,55.10,False
99999E00032068,residential,529.862315591111,DO,DO.01,False
99999E00032087,non-residential,417.1297401852078,43,43.22,False
99999E00032096,non-residential,611.5486123826769,82,82.30,False
99999E00032098,residential,2145.972100916043,DO,DO.01,False
99999E00032109,non-residential,2766.54781765408,46,46.34,False
99999E00032122,non-residential,79814.35148737981,55,55.10,False
99999E00032136,non-residential,36621.29833984375,55,55.20,False
99999E00032177,residential,868.7068548784569,DO,DO.01,False
99999E00032181,non-residential,309.7322317787204,55,55.10,False
99999E00032192,non-residential,171.13438265167014,36,36.00,False
99999E00032234,non-residential,74522.16505262587,43,43.33,False
99999E00032238,non-residential,9652.001100888732,47,47.71,False
99999E00032267,residential,912.8735981972563,DO,DO.01,False
99999E00032289,non-residential,3398.16148546007,43,43.22,False
99999E00032300,non-residential,224243.1917317708,47,47.11,True
99999E00032302,residential,270.5272165412041,DO,DO.01,False
99999E00032330,non-residential,59144.431084526914,16,16.10,True
99999E00032347,residential,3664.6163261605416,DO,DO.01,False
99999E00032367,non-residential,1591.6676076718177,74,74.90,False
99999E00032370,non-residential,43.11309225029416,27,27.5,False
99999E00032380,residential,2260.320750342475,DO,DO.01,False
99999E00032385,residential,675.8420871366466,DO,DO.01,False
99999E00032392,non-residential,398080.4505461165,55,55.10,False
99999E00032393,non-residential,86417.6675671729,55,55.10,False
99999E00032405,non-residential,55034.77090371621,55,55.10,False
99999E00032420,residential,341.62559542739604,DO,DO.01,False
99999E00032422,non-residential,3527.191285027398,16,16.23,False
99999E00032424,residential,248.52670394834666,DO,DO.01,False
99999E00032429,non-residential,35946.54048451206,61,61.90,False
99999E00032445,non-residential,11442.752108009912,55,55.10,False
99999E00032454,non-residential,27817.723838404607,61,61.90,False
99999E00032455,non-residential,5944.032394676878,47,47.78,False
99999E00032462,non-residential,9789.651936681854,47,47.71,False
99999E00032463,non-residential,88404.0020580243,55,55.10,True
99999E00032466,non-residential,4031.907640885841,47,47.64,False
99999E00032468,non-residential,34487.49100534539,56,56.10,False
99999E00032481,non-residential,56849.80057565789,61,61.20,False
99999E00032482,non-residential,25922.363120829057,56,56.30,False
99999E00032490,residential,300.2795814341833,DO,DO.01,False
99999E00032499,non-residential,125.82823967802895,41,41.20,False
99999E00032523,non-residential,8484.635052597314,61,61.10,False
99999E00032531,non-residential,678.9322099940243,47,47.75,False
99999E00032606,non-residential,3300.0570449968577,47,47.72,False
99999E00032607,non-residential,191.87656932406955,01,01.50,False
99999E00032608,non-residential,35233.32455105252,61,61.10,False
99999E00032630,residential,217.1108785878057,DO,DO.01,False
99999E00032632,non-residential,293.25749644403874,52,52.10,False
99999E00032671,residential,201.12024201504747,DO,DO.01,False
99999E00032682,non-residential,7105.8740658230245,71,71.12,False
99999E00032700,residential,58.154314509674016,DO,DO.01,False
99999E00032710,residential,2446.1910427962976,DO,DO.01,False
99999E00032724,residential,181.1443985048145,DO,DO.01,False
99999E00032773,residential,2740.206447177463,DO,DO.01,False
99999E00032778,residential,2564.6203638347024,DO,DO.02,False
99999E00032786,non-residential,5136.959694310239,77,77.21,False
99999E00032795,residential,807.8544300898362,DO,DO.01,False
99999E00032796,residential,476.3433548652457,DO,DO.01,False
99999E00032811,non-residential,32600.776418227353,56,56.11,False
99999E00032845,non-residential,1405.5401704654053,15,15.20,False
99999E00032888,residential,686.6277684105767,DO,DO.01,False
99999E00032891,residential,1133.8227203782337,DO,DO.02,False
99999E00032895,residential,445.1698587168818,DO,DO.01,False
99999E00032908,non-residential,92.27517740000849,52,52.10,False
99999E00032925,non-residential,13324.348572222858,62,62.02,False
99999E00032966,residential,1596.1422707216584,DO,DO.01,False
99999E00032975,non-residential,4228.4170777258205,35,35.11,False
99999E00032983,non-residential,6161.594327383667,60,60.10,False
99999E00032996,non-residential,63585.125981675395,55,55.30,True
99999E00033009,residential,56.303149726655754,DO,DO.01,False
99999E00033015,non-residential,9141.198459201389,38,38.11,False
99999E00033069,residential,1900.8871142069497,DO,DO.01,False
99999E00033085,non-residential,2890.939950316492,61,61.10,False
99999E00033092,non-residential,12296.245676676434,01,01.41,True
99999E00033098,non-residential,20600.859606666287,61,61.10,False
99999E00033126,non-residential,93021.12725151911,25,25.11,False
99999E00033129,non-residential,20781.299713541666,56,56.30,True
99999E00033130,residential,471.7890972561307,DO,DO.01,False
99999E00033158,non-residential,1415.3091358471943,68,68.31,False
99999E00033160,non-residential,771.5618483225505,71,71.11,False
99999E00033163,non-residential,74090.16610128839,38,38.1,False
99999E00033178,non-residential,7121.237472200045,60,60.10,False
99999E00033180,residential,3.1012116123648252,DO,DO.01,False
99999E00033183,non-residential,3714.0814520842837,60,60.10,False
99999E00033200,non-residential,4191.472869337651,96,96.02,False
99999E00033222,residential,188.9988907290177,DO,DO.01,False
99999E00033226,non-residential,5784.774032060125,85,85.51,False
99999E00033238,non-residential,5207.945975239027,49,49.39,False
99999E00033266,non-residential,1510.3712611728245,52,52.10,False
99999E00033270,non-residential,59754.62686088296,61,61.10,False
99999E00033273,non-residential,36926.17850421989,61,61.90,False
99999E00033301,non-residential,7816.638496161333,38,38.11,False
99999E00033335,residential,136.3951064400051,DO,DO.01,False
99999E00033342,residential,587.4499177096183,DO,DO.01,False
99999E00033353,residential,218.95652849326632,DO,DO.01,False
99999E00033359,non-residential,1163.1212785508897,01,01.19,False
99999E00033364,residential,2431.498354163109,DO,DO.01,False
99999E00033373,non-residential,77988.5947265625,85,85.31,False
99999E00033386,residential,2549.08663081927,DO,DO.01,False
99999E00033409,non-residential,15402.307477678572,55,55.10,False
99999E00033415,residential,1742.2825643751355,DO,DO.01,False
99999E00033449,residential,121.09575845907023,DO,DO.01,False
99999E00033488,non-residential,35020.25193956163,47,47.11,False
99999E00033497,non-residential,9081.52109781901,47,47.78,False
99999E00033498,non-residential,1949.0010847021579,49,49.31,False
99999E00033513,non-residential,34698.53086037404,56,56.30,False
99999E00033514,non-residential,270.26665210723877,47,47.71,False
99999E00033515,non-residential,3180.0599628024634,47,47.71,False
99999E00033517,non-residential,0.0,75,75.00,False
99999E00033522,residential,1371.0392426607903,DO,DO.01,False
99999E00033549,non-residential,2456.978839957801,61,61.10,False
99999E00033558,non-residential,71365.77259744624,68,68.32,False
99999E00033563,non-residential,4253.875083218365,47,47.78,False
99999E00033592,residential,1486.7648039923772,DO,DO.01,False
99999E00033602,non-residential,3521.800995986827,61,61.10,False
99999E00033633,non-residential,806.485122546815,35,35.11,False
99999E00033667,non-residential,3011.2968322308398,60,60.10,False
99999E00033668,residential,930.8954565760246,DO,DO.01,False
99999E00033700,non-residential,37064.641927083336,55,55.30,False
99999E00033716,residential,381.4703101833371,DO,DO.01,False
99999E00033724,non-residential,22941.189134385848,56,56.30,False
99999E00033725,non-residential,3051.661791885108,61,61.10,False
99999E00033728,residential,941.5852262828272,DO,DO.01,False
99999E00033729,non-residential,217.39954264925095,85,85.51,False
99999E00033738,non-residential,644.6179728264357,84,84.1,False
99999E00033742,residential,1686.4875793457031,DO,DO.01,False
99999E00033757,residential,441.38869881070275,DO,DO.01,False
99999E00033767,residential,215.8978528257034,DO,DO.01,False
99999E00033772,non-residential,16804.259843527423,55,55.10,False
99999E00033774,non-residential,1290.7966178251731,85,85.51,False
99999E00033788,non-residential,352.7841314985522,14,14.20,False
99999E00033818,non-residential,9.712809073406717,84,84.1,False
99999E00033824,non-residential,9822.886917679398,56,56.30,False
99999E00033825,non-residential,77818.77110712102,55,55.10,False
99999E00033827,non-residential,40487.0409634024,15,15.12,False
99999E00033829,non-residential,2703.7927673969075,10,10.71,False
99999E00033838,non-residential,89913.6891252281,10,10.85,False
99999E00033857,non-residential,726.9304551018608,84,84.1,False
99999E00033859,non-residential,14241.75995408443,79,79.90,False
99999E00033883,non-residential,1401.2604474140144,71,71.11,False
99999E00033887,non-residential,2036.5979427761501,86,86.23,False
99999E00033892,residential,762.4790205749888,DO,DO.01,False
99999E00033915,residential,372.4938991334703,DO,DO.01,True
99999E00033923,non-residential,527.3464134004381,43,43.12,False
99999E00033929,residential,274.62613930324056,DO,DO.01,False
99999E00033930,non-residential,0.08250957904419223,85,85.51,False
99999E00033936,non-residential,2344.9596489800347,02,02.20,False
99999E00033952,residential,381.9696636347808,DO,DO.01,False
99999E00033982,non-residential,397.19034565819635,93,93.1,False
99999E00033987,non-residential,6471.502522619353,79,79.90,False
99999E00033993,residential,472.62955159058066,DO,DO.01,False
99999E00034001,non-residential,3210.349424041971,47,47.76,False
99999E00034003,residential,187.5941589143541,DO,DO.01,False
99999E00034032,non-residential,1001.3895554012723,02,02.20,False
99999E00034035,non-residential,1761.3371837702132,47,47.78,False
99999E00034059,non-residential,499.43406899770105,47,47.73,False
99999E00034062,non-residential,16437.365434434676,01,01.41,False
99999E00034079,non-residential,6252.850926717123,01,01.50,False
99999E00034094,residential,1125.3989148662038,DO,DO.01,False
99999E00034164,residential,415.3862510105628,DO,DO.01,False
99999E00034193,residential,266.9375568584804,DO,DO.01,False
99999E00034223,residential,209.4074338369996,DO,DO.01,False
99999E00034293,non-residential,0.0,61,61.10,False
99999E00034294,non-residential,3465.129169664885,64,64.92,False
99999E00034295,residential,442.6184466285427,DO,DO.01,False
99999E00034299,residential,1607.7542387632827,DO,DO.01,False
99999E00034337,residential,142.06336488115025,DO,DO.01,False
99999E00034339,non-residential,1494.0241529217542,68,68.32,False
99999E00034344,non-residential,6107.612457275391,45,45.20,False
99999E00034349,residential,239.85295734266296,DO,DO.01,False
99999E00034363,residential,1269.9883482191299,DO,DO.01,False
99999E00034369,non-residential,38741.17003015913,55,55.10,False
99999E00034370,non-residential,26801.14037407769,47,47.22,False
99999E00034389,non-residential,64402.354398061,55,55.10,False
99999E00034402,residential,1821.8711660549018,DO,DO.01,False
99999E00034454,residential,1303.263174460752,DO,DO.02,False
99999E00034471,non-residential,32477.159904534605,56,56.10,False
99999E00034472,non-residential,1266.8244319491916,81,81.22,False
99999E00034484,residential,867.9332743750678,DO,DO.01,False
99999E00034512,non-residential,85980.31878097467,55,55.20,False
99999E00034513,non-residential,31664.74012586806,61,61.10,False
99999E00034517,non-residential,39356.4276658443,61,61.10,False
99999E00034520,residential,98.34013733286143,DO,DO.01,False
99999E00034530,non-residential,1413.1735524015014,47,47.72,False
99999E00034536,residential,1845.3309970431858,DO,DO.01,False
99999E00034544,residential,522.6020753457071,DO,DO.01,False
99999E00034545,non-residential,2160.135486888711,85,85.3,True
99999E00034555,residential,367.38283202678673,DO,DO.01,False
99999E00034581,non-residential,855.1782829103347,43,43.22,False
99999E00034594,non-residential,2432.127789949116,94,94.9,False
99999E00034597,non-residential,3310.413746303982,47,47.62,False
99999E00034621,non-residential,3259.1871092054575,96,96.02,False
99999E00034623,non-residential,11913.163503011066,94,94.91,False
99999E00034631,residential,1939.4896464877659,DO,DO.01,False
99999E00034640,non-residential,376.35897058640086,84,84.11,False
99999E00034648,residential,271.4614826683859,DO,DO.01,False
99999E00034679,residential,3402.5892592161836,DO,DO.02,False
99999E00034680,residential,2788.2881506071935,DO,DO.02,False
99999E00034685,non-residential,2641.5489866022476,61,61.10,False
99999E00034688,non-residential,2464.4799648758267,61,61.10,False
99999E00034690,non-residential,118.66998884412978,01,01.50,False
99999E00034735,residential,38.50369857417213,DO,DO.01,False
99999E00034746,non-residential,7753.128008240974,71,71.12,True
99999E00034752,non-residential,77945.13943014706,55,55.10,False
99999E00034760,non-residential,2078.8413948200077,47,47.61,False
99999E00034775,residential,1467.1760637046648,DO,DO.01,False
99999E00034787,residential,455.9779085319879,DO,DO.01,False
99999E00034791,non-residential,5649.74146042427,55,55.20,False
99999E00034810,non-residential,84118.1521381579,55,55.10,False
99999E00034815,non-residential,163.28933424419827,01,01.4,False
99999E00034823,residential,943.2386111517022,DO,DO.01,False
99999E00034833,non-residential,257.3017782914011,38,38.1,False
99999E00034887,residential,664.1337105129077,DO,DO.01,False
99999E00034890,residential,787.371596733149,DO,DO.01,False
99999E00034899,residential,2505.5595038098436,DO,DO.01,False
99999E00040016,non-residential,4354.64246706855,55,55.10,False
99999E00040067,non-residential,595.4146762354418,84,84.11,False
99999E00040070,non-residential,2766.3746320344585,47,47.71,False
99999E00040072,non-residential,3.843608586684517,46,46.41,False
99999E00040080,non-residential,284.55853617387453,84,84.11,False
99999E00040099,residential,18.78102461496989,DO,DO.01,False
99999E00040106,residential,575.9029431223178,DO,DO.01,False
99999E00040118,residential,907.9735777113173,DO,DO.01,False
99999E00040120,residential,429.02834574381507,DO,DO.01,False
99999E00040121,residential,260.6835100385878,DO,DO.01,False
99999E00040134,non-residential,21216.639879014754,56,56.10,False
99999E00040177,residential,138.5552742402835,DO,DO.01,False
99999E00040204,residential,1430.3983596457972,DO,DO.01,False
99999E00040208,residential,28.09169352054596,DO,DO.01,False
99999E00040264,non-residential,794.8139324522855,84,84.11,False
99999E00040268,residential,365.8126022368382,DO,DO.01,False
99999E00040269,non-residential,0.0,62,62.02,False
99999E00040270,non-residential,1562.9996022006922,62,62.02,False
99999E00040295,non-residential,4783.462986416286,01,01.30,False
99999E00040313,residential,95.28684154195324,DO,DO.01,False
99999E00040318,non-residential,646.3356599227242,52,52.10,False
99999E00040339,residential,1177.1376705169678,DO,DO.01,False
99999E00040344,non-residential,391.38325654259023,68,68.20,False
99999E00040345,non-residential,147.27432000106725,68,68.32,False
99999E00040346,non-residential,3535.063278227756,68,68.20,False
99999E00040347,non-residential,482.23432792249577,68,68.20,False
99999E00040348,non-residential,263.0617351679839,68,68.32,False
99999E00040349,non-residential,394.0868182514989,68,68.32,False
99999E00040351,non-residential,11769.642087702165,62,62.02,False
99999E00040352,non-residential,4452.285995483398,62,62.02,False
99999E00040357,non-residential,5282.583238032827,60,60.10,False
99999E00040358,non-residential,7332.851509038549,60,60.10,False
99999E00040359,non-residential,377.3681099269701,01,01.1,False
99999E00040364,non-residential,2553.7618215460525,60,60.10,False
99999E00040377,residential,223.68014558267095,DO,DO.01,False
99999E00040382,residential,863.320153332344,DO,DO.01,False
99999E00040390,non-residential,8641.34331597222,55,55.10,False
99999E00040398,non-residential,27.392238444616172,84,84.11,False
99999E00040400,non-residential,1585.389118600399,85,85.51,False
99999E00040401,non-residential,16947.238575918764,56,56.30,False
99999E00040411,non-residential,5.212022811174393,52,52.10,False
99999E00040433,non-residential,2382.8550148010254,43,43.22,False
99999E00040434,residential,186.78224487304686,DO,DO.01,False
99999E00040440,non-residential,385.20552953084314,96,96.0,False
99999E00040477,residential,4180.719711571409,DO,DO.02,False
99999E00040515,non-residential,696.7494848039415,94,94.99,False
99999E00040613,non-residential,170.1330958472358,49,49.4,False
99999E00040619,residential,1804.852795071072,DO,DO.01,False
99999E00040651,non-residential,4927.335313241693,10,10.85,False
99999E00040660,non-residential,893.4719955712035,47,47.78,False
99999E00040670,residential,2239.3447791205513,DO,DO.01,False
99999E00040704,non-residential,1234.5915804968938,43,43.34,False
99999E00040705,non-residential,417.1196068657769,52,52.21,False
99999E00040706,non-residential,1553.4210056728787,49,49.39,False
99999E00040707,residential,4158.488731384277,DO,DO.01,False
99999E00040709,non-residential,2051.7853906419546,43,43.21,False
99999E00040710,non-residential,5256.680959065755,45,45.20,False
99999E00040711,non-residential,2843.3094914754233,16,16.23,False
99999E00040712,non-residential,997.1508884429932,43,43.99,False
99999E00040713,non-residential,2683.7132687038848,41,41.20,False
99999E00040714,non-residential,4438.932910495335,47,47.64,False
99999E00040715,non-residential,2365.234177907308,43,43.34,False
99999E00040717,non-residential,3562.533827887641,25,25.99,False
99999E00040718,non-residential,2506.3707415262857,43,43.33,False
99999E00040748,non-residential,2482.368778173928,68,68.31,False
99999E00040826,residential,402.3002552874211,DO,DO.01,False
99999E00040839,non-residential,10619.727657171828,56,56.10,False
99999E00040896,residential,0.0,DO,DO.01,False
99999E00040954,residential,1235.9907521141902,DO,DO.01,False
99999E00040993,non-residential,20888.73741997613,IL,IL.01,False
99999E00041045,non-residential,2173.1454277038574,68,68.20,False
99999E00041046,non-residential,1794.9902131822375,68,68.20,False
99999E00041058,non-residential,2119.613395549923,93,93.11,False
99999E00041059,non-residential,5512.262194556912,84,84.1,False
99999E00041145,non-residential,13596.564234683388,62,62.02,False
99999E00041169,non-residential,2834.68054623229,IL,IL.01,False
99999E00041170,non-residential,4243.68280107404,IL,IL.01,False
99999E00041182,non-residential,548.5259405771891,49,49.32,False
99999E00041195,non-residential,18327.773865816886,35,35.30,False
99999E00041202,non-residential,11462.34479937637,55,55.10,False
99999E00041203,residential,2481.6971143086753,DO,DO.01,False
99999E00041204,residential,3008.5772789849175,DO,DO.01,False
99999E00041205,non-residential,7637.073760450932,61,61.90,False
99999E00041210,non-residential,1.5252691383163133,52,52.10,False
99999E00041224,non-residential,58.245382176505196,96,96.0,False
99999E00639916,non-residential,1936.4319492961868,49,49.4,False
99999E00639917,non-residential,110138.84032098415,55,55.20,False
99999E00656629,non-residential,689.2376742446633,49,49.4,False
99999E10004622,non-residential,4775.737838745117,01,01.41,False
99999E10004700,residential,1350.7028382351891,DO,DO.01,False
99999E10004711,non-residential,2667.735421922472,84,84.1,False
99999E10004722,non-residential,69579.42404513889,55,55.10,False
99999E10004730,residential,663.7214385138618,DO,DO.02,False
99999E10004747,residential,17.59173122903575,DO,DO.01,False
99999E10004800,non-residential,11041.78714328342,93,93.1,False
99999E10004846,non-residential,5812.549997965495,43,43.31,False
99999E10004856,residential,1547.6804415384927,DO,DO.01,True
99999E10004861,residential,723.3107038900055,DO,DO.01,False
99999E10004863,non-residential,2011.4989521555658,43,43.32,False
99999E10004885,residential,1083.7331049493018,DO,DO.02,False
99999E10004896,non-residential,2946.776947710793,47,47.73,False
99999E10004910,residential,84.61789713965521,DO,DO.01,False
99999E10004933,non-residential,577.5199588139852,79,79.11,False
99999E10004939,residential,1282.072679731581,DO,DO.01,False
99999E10004943,residential,131.97221385108102,DO,DO.01,False
99999E10004946,residential,377.06147352854407,DO,DO.01,False
99999E10004955,non-residential,6550.697496202257,38,38.11,False
99999E10004957,residential,1005.681585604257,DO,DO.01,False
99999E10004968,non-residential,65.31598799758488,52,52.10,False
99999E10004971,non-residential,1613.3005693223743,84,84.1,False
99999E10004976,residential,256.745806535085,DO,DO.01,False
99999E10004985,non-residential,27676.949881055363,47,47.73,True
99999E10004999,residential,1601.6491084628635,DO,DO.01,True
99999E10005015,non-residential,175.09914297806588,01,01.4,True
99999E10005029,residential,278.5989287164476,DO,DO.01,False
99999E10005038,non-residential,563.4127232066372,84,84.11,False
99999E10005044,residential,179.00777578353882,DO,DO.01,False
99999E10005051,residential,1391.1138492160374,DO,DO.01,True
99999E10005068,non-residential,0.0,84,84.11,False
99999E10005075,non-residential,84.31643591152401,94,94.99,False
99999E10005118,non-residential,26693.4348577468,55,55.10,True
99999E10005146,residential,710.3483221266005,DO,DO.01,False
99999E20000009,residential,2520.83833694458,DO,DO.01,False
99999E20000010,non-residential,212.82543015061762,49,49.39,False
99999E20000023,non-residential,167482.83155948066,56,56.10,True
99999E20000033,non-residential,9451.117975571577,93,93.1,False
99999E20000037,non-residential,1373.4376136055828,IL,IL.01,False
99999E20000049,residential,3425.1383929782446,DO,DO.01,False
99999E20000075,residential,469.46222411261664,DO,DO.01,False
99999E20000087,residential,984.3828286064996,DO,DO.01,False
99999E20000137,non-residential,493609.13207116787,47,47.11,False
99999E20000141,residential,8.275661286063816,DO,DO.01,False
99999E20000149,non-residential,180.21592110789294,01,01.11,False
99999E20000152,non-residential,3224.8494626764664,38,38.11,False
99999E20000165,non-residential,21415.37051730686,IL,IL.01,False
99999E20000168,non-residential,23350.61517012747,CO,CO.02,False
99999E20000193,residential,727.7099268059982,DO,DO.01,False
99999E20000199,residential,361.0400614932151,DO,DO.01,False
99999E20000207,non-residential,8577.818068901119,61,61.20,False
99999E20000235,non-residential,4448.944589994862,75,75.00,False
99999E20000236,residential,706.9137456681993,DO,DO.01,False
99999E20000237,non-residential,6565.021476353953,47,47.71,False
99999E20000251,non-residential,4828.617876838235,52,52.21,False
99999E20000252,non-residential,48379.926215277774,11,11.05,False
99999E20000256,non-residential,8712.334721883139,88,88.10,False
99999E20000264,non-residential,511.5599100790475,58,58.2,False
99999E20000269,residential,3581.4452319675024,DO,DO.01,False
99999E20000301,residential,639.4964620802137,DO,DO.01,False
99999E20000305,non-residential,6323.0285729302295,43,43.21,False
99999E20000333,non-residential,23524.691804584705,01,01.41,False
99999E20000342,non-residential,8534.298149181548,55,55.30,False
99999E20000352,non-residential,2928.043804273309,IL,IL.01,False
99999E20000353,non-residential,1189.6530915701412,IL,IL.01,False
99999E20000388,non-residential,244.24581554200913,36,36.00,False
99999E20000392,non-residential,304.6192205370087,84,84.11,False
99999E20000409,non-residential,314.97406456205584,36,36.00,False
99999E20000449,residential,639.8105909113299,DO,DO.01,False
99999E20000483,non-residential,3.8991059003955253,84,84.1,False
99999E20000505,non-residential,3842.969033983019,52,52.21,False
99999E20000519,non-residential,1542.9312765390775,55,55.10,False
99999E20000548,residential,527.4096311468093,DO,DO.02,False
99999E20000564,non-residential,1526.3432290818957,45,45.20,False
99999E20000569,residential,698.201256857978,DO,DO.01,False
99999E20000615,non-residential,3537.504064771864,68,68.20,False
99999E20000624,non-residential,26.69701272901385,01,01.41,False
99999E20000661,non-residential,5595.943874782985,16,16.23,False
99999E20000662,non-residential,340.6655903954863,01,01.11,False
99999E20000663,non-residential,3.576493089397748,96,96.0,False
99999E20000702,non-residential,4363.185806274414,IL,IL.01,False
99999E20000727,non-residential,1344.1510963439941,47,47.78,False
99999E20000735,non-residential,1479.3976487053767,45,45.20,False
99999E20000737,non-residential,294.06392123964093,IL,IL.01,False
99999E20000741,residential,908.5642496744792,DO,DO.01,False
99999E20000745,residential,620.116976052795,DO,DO.01,False
99999E20000752,non-residential,1211.5167744954426,16,16.29,False
99999E20000790,non-residential,22881.906183651805,55,55.10,True
99999E20000815,residential,20.754938191837734,DO,DO.01,False
99999E20000833,non-residential,3271.129529075901,CO,CO.02,False
99999E20000834,non-residential,966.6818571671196,CO,CO.02,False
99999E20000835,non-residential,1081.0827753278945,CO,CO.02,False
99999E20000855,non-residential,239.23278119828964,01,01.4,False
99999E20000877,residential,495.83940008582516,DO,DO.01,False
99999E20000894,non-residential,3800.5381270453668,47,47.72,False
99999E20000895,non-residential,2806.8717965942633,47,47.77,False
99999E20000903,non-residential,18543.44890993968,56,56.30,False
99999E30430511,residential,1471.6377844769022,DO,DO.01,False
99999E30430514,residential,325.1591388204823,DO,DO.01,False
99999E30431912,residential,374.92514212210256,DO,DO.01,False
99999E30431931,residential,159.36620563804033,DO,DO.01,False
99999E30461094,residential,502.9142541942482,DO,DO.01,False
99999E30461097,non-residential,10124.400872124565,56,56.10,False
99999E30461111,residential,459.15605809953473,DO,DO.01,False
99999E30478495,residential,2055.8718404282617,DO,DO.01,False
99999E30478515,residential,830.6001036706632,DO,DO.01,False
99999E30478577,residential,156.93663656493246,DO,DO.01,False
99999E30478605,residential,452.0578242392436,DO,DO.01,False
99999E30478621,residential,597.4223856682326,DO,DO.01,False
99999E30478644,residential,1027.8520124672102,DO,DO.01,False
99999E30478660,residential,1621.902762085852,DO,DO.01,False
99999E30478663,residential,60.451461276868834,DO,DO.01,False
99999E30478684,residential,542.046321673985,DO,DO.01,False
99999E30478696,residential,2047.9443470753022,DO,DO.01,False
99999E30478782,residential,698.931042747776,DO,DO.01,False
99999E30478826,residential,830.6880767153998,DO,DO.01,False
99999E30478853,residential,220.55357685019246,DO,DO.01,False
99999E30478871,residential,888.0582912472913,DO,DO.01,False
99999E30478893,residential,2963.609587954779,DO,DO.01,False
99999E30478940,residential,340.57296697240673,DO,DO.01,False
99999E30478956,residential,654.5332319657881,DO,DO.01,False
99999E30478967,residential,1257.915183853929,DO,DO.01,False
99999E30478988,residential,0.0,DO,DO.01,False
99999E30478996,residential,1237.5897517517535,DO,DO.01,False
99999E30479000,residential,151.86397663868257,DO,DO.01,False
99999E30479045,residential,42.70633624150203,DO,DO.01,False
99999E30479052,residential,44.29201244871258,DO,DO.01,False
99999E30479060,residential,131.8609124900651,DO,DO.01,False
99999E30479092,residential,647.0597533065908,DO,DO.01,False
99999E30479132,residential,45.24794518410623,DO,DO.01,False
99999E30479140,residential,344.4113812475147,DO,DO.01,False
99999E30479144,residential,1439.1950394864566,DO,DO.01,False
99999E30479172,residential,143.89439030094547,DO,DO.01,False
99999E30479175,residential,499.1571711922834,DO,DO.01,False
99999E30479196,residential,1196.1945840984047,DO,DO.01,False
99999E30479235,residential,618.9861407911922,DO,DO.01,False
99999E30479321,residential,3246.796282468921,DO,DO.01,False
99999E30479337,residential,313.08608591121475,DO,DO.01,False
99999E30479367,non-residential,471.6018459591526,74,74.90,False
99999E30479391,residential,1353.0483563276973,DO,DO.01,False
99999E30479403,residential,529.6029853122138,DO,DO.01,False
99999E30479456,residential,145.20532029527087,DO,DO.01,False
99999E30479476,residential,542.7286971725143,DO,DO.01,False
99999E30479484,residential,796.765528696026,DO,DO.01,False
99999E30479495,residential,1620.4294718668132,DO,DO.01,False
99999E30479528,residential,751.78490990991,DO,DO.01,False
99999E30479565,residential,2694.400532431231,DO,DO.01,False
99999E30479621,residential,2172.452396593596,DO,DO.01,False
99999E30479680,residential,81.06504730830919,DO,DO.01,False
99999E30479692,residential,112.43801367910285,DO,DO.01,False
99999E30479730,residential,1908.590969286467,DO,DO.01,False
99999E30479770,residential,2519.4867907072367,DO,DO.01,False
99999E30479817,residential,179.7685106177079,DO,DO.01,False
99999E30479821,residential,846.77599856728,DO,DO.01,False
99999E30479834,residential,494.2172534260529,DO,DO.01,False
99999E30479850,residential,507.2359331030595,DO,DO.01,False
99999E30479909,residential,2430.9407625700296,DO,DO.01,False
99999E30480010,residential,0.0,DO,DO.01,False
99999E30480085,residential,1213.059465508712,DO,DO.01,False
99999E30480097,residential,281.5595565141231,DO,DO.01,False
99999E30480117,residential,159.74834127394672,DO,DO.01,False
99999E30480148,residential,70.5566604513871,DO,DO.01,False
99999E30480166,residential,271.9238059670225,DO,DO.01,False
99999E30480207,residential,292.1945059926886,DO,DO.01,False
99999E30480220,residential,225.38871062429328,DO,DO.01,False
99999E30480243,residential,1434.1187470187447,DO,DO.01,False
99999E30480249,residential,1204.358286606638,DO,DO.01,False
99999E30480273,residential,5075.340383429277,DO,DO.01,False
99999E30480295,residential,45.77748223354942,DO,DO.01,False
99999E30480322,residential,540.6697858048744,DO,DO.01,False
99999E30480334,residential,2778.962269833213,DO,DO.01,False
99999E30480368,residential,324.02908800285815,DO,DO.01,False
99999E30480387,residential,1006.6446546568488,DO,DO.01,False
99999E30480403,residential,2036.620053479271,DO,DO.01,False
99999E30480412,residential,136.36080080575317,DO,DO.01,False
99999E30480426,residential,322.0088844159584,DO,DO.01,False
99999E30480480,residential,1973.3680935248644,DO,DO.01,False
99999E30480525,residential,503.6945452661571,DO,DO.01,False
99999E30480554,residential,618.4465575075435,DO,DO.01,False
99999E30480562,residential,680.9096632175102,DO,DO.01,False
99999E30480622,residential,496.4350946099908,DO,DO.01,False
99999E30480638,residential,172.79473999917727,DO,DO.01,False
99999E30480644,residential,407.0895731014057,DO,DO.01,False
99999E30480671,residential,46.569709076600915,DO,DO.01,False
99999E30480702,residential,1411.5980233552255,DO,DO.01,False
99999E30480706,residential,87.24171021405388,DO,DO.01,False
99999E30480809,residential,1628.202347581404,DO,DO.01,False
99999E30480817,residential,481.99317319549783,DO,DO.01,False
99999E30480865,residential,927.2691456592866,DO,DO.01,False
99999E30480909,residential,63.951209770454156,DO,DO.01,False
99999E30480915,residential,445.9127607136747,DO,DO.01,False
99999E30480945,residential,278.7958269503527,DO,DO.01,False
99999E30480951,residential,1053.978269248655,DO,DO.01,False
99999E30480980,residential,2285.336925200302,DO,DO.01,False
99999E30480989,residential,1407.1016943715786,DO,DO.01,False
99999E30480998,residential,130.73394079277986,DO,DO.01,False
99999E30481070,residential,1631.9429094077898,DO,DO.01,False
99999E30481082,residential,1653.977474017735,DO,DO.01,False
99999E30481126,residential,1126.3833673853073,DO,DO.01,False
99999E30481185,residential,3574.833944278912,DO,DO.01,False
99999E30481199,residential,311.804923312568,DO,DO.01,False
99999E30481239,residential,300.9611522368271,DO,DO.01,False
99999E30481262,residential,3210.4866684962362,DO,DO.01,False
99999E30481368,residential,211.0564432646099,DO,DO.01,False
99999E30481381,residential,685.0749929327714,DO,DO.01,False
99999E30481411,residential,1.9550988973170615,DO,DO.01,False
99999E30481453,residential,579.1253245504279,DO,DO.01,True
99999E30481472,residential,0.0,DO,DO.01,False
99999E30481499,residential,630.0074850299401,DO,DO.01,False
99999E30481507,residential,207.10735401233754,DO,DO.01,False
99999E30481510,residential,2360.3085564710423,DO,DO.01,True
99999E30481531,residential,821.7964071856287,DO,DO.01,False
99999E30481555,residential,1309.730420141163,DO,DO.01,False
99999E30481559,residential,2153.41259619433,DO,DO.01,False
99999E30481567,residential,153.0939307227149,DO,DO.01,False
99999E30481618,residential,386.0470022124685,DO,DO.01,False
99999E30481637,residential,106.76182799286896,DO,DO.01,False
99999E30481720,residential,704.5403347707818,DO,DO.01,False
99999E30481730,residential,1754.051846955952,DO,DO.01,False
99999E30481744,residential,2.9236019049820148,DO,DO.01,False
99999E30481783,residential,373.6564082281031,DO,DO.01,False
99999E30481838,residential,976.8708562276449,DO,DO.01,False
99999E30481847,residential,0.553528523301935,DO,DO.01,False
99999E30481850,residential,1452.1284548822277,DO,DO.01,False
99999E30481853,residential,487.8082832747591,DO,DO.01,False
99999E30481872,residential,43.95248168393185,DO,DO.01,False
99999E30481875,residential,527.3589711440237,DO,DO.01,False
99999E30481885,residential,1267.2595254998457,DO,DO.01,False
99999E30481921,residential,0.052771088891628994,DO,DO.01,False
99999E30481932,residential,0.0,DO,DO.01,False
99999E30481989,residential,32.01437688135839,DO,DO.01,False
99999E30482002,residential,610.2639563703711,DO,DO.01,False
99999E30482011,residential,31.13062324104728,DO,DO.01,False
99999E30482022,residential,0.0,DO,DO.01,False
99999E30482070,residential,552.2250143454893,DO,DO.01,False
99999E30482074,residential,251.64486181997034,DO,DO.01,False
99999E30482102,residential,304.83747694227435,DO,DO.01,False
99999E30482122,residential,227.89004891218536,DO,DO.01,False
99999E30482154,residential,175.73002364107236,DO,DO.01,False
99999E30482162,residential,0.0,DO,DO.01,False
99999E30482200,residential,563.3948266245153,DO,DO.01,False
99999E30482224,residential,701.17695717916,DO,DO.01,False
99999E30482242,residential,166.69134845663777,DO,DO.01,False
99999E30482248,residential,1115.276907337454,DO,DO.01,False
99999E30482273,residential,576.7705914573949,DO,DO.01,False
99999E30482289,residential,4640.085070533474,DO,DO.01,False
99999E30482295,residential,1894.8109202141309,DO,DO.01,False
99999E30482307,residential,890.6266651014342,DO,DO.01,False
99999E30482315,residential,337.8967610936965,DO,DO.01,False
99999E30482318,residential,2214.788072126625,DO,DO.01,False
99999E30482320,residential,827.5815387363851,DO,DO.01,False
99999E30482350,residential,1481.1047496934877,DO,DO.01,False
99999E30482353,residential,155.95357477229877,DO,DO.01,False
99999E30482364,residential,1388.4040888208542,DO,DO.01,False
99999E30482430,non-residential,560.2070639951386,96,96.04,False
99999E30482460,residential,23.22897509340838,DO,DO.01,False
99999E30482464,residential,0.0,DO,DO.01,False
99999E30482477,residential,1026.330696718536,DO,DO.01,False
99999E30482528,residential,3288.462332843864,DO,DO.01,False
99999E30482534,residential,423.76501821253424,DO,DO.01,False
99999E30482539,residential,53.506594018621755,DO,DO.01,False
99999E30482594,residential,76.43819920337984,DO,DO.01,False
99999E30482628,residential,3569.273592538207,DO,DO.01,True
99999E30482632,residential,401.17895530088106,DO,DO.01,False
99999E30482644,residential,84.39892636598462,DO,DO.01,False
99999E30482647,residential,783.2285138364241,DO,DO.01,False
99999E30482681,residential,812.9469544348055,DO,DO.01,False
99999E30482725,residential,1647.8969513742547,DO,DO.01,False
99999E30482730,residential,1346.3061101813066,DO,DO.01,False
99999E30482772,residential,304.6677892200231,DO,DO.01,False
99999E30482803,residential,4.339042901992798,DO,DO.01,False
99999E30482834,residential,778.6859594162541,DO,DO.01,False
99999E30482870,residential,699.7422338786878,DO,DO.01,False
99999E30482884,residential,856.1170788815148,DO,DO.01,False
99999E30482888,residential,135.34995189200927,DO,DO.01,False
99999E30482930,residential,1920.2109105963455,DO,DO.01,False
99999E30482957,non-residential,950.8753977323834,74,74.90,False
99999E30482965,residential,91.58368038265618,DO,DO.01,False
99999E30483005,residential,655.122154637387,DO,DO.01,False
99999E30483014,residential,1962.165637769197,DO,DO.01,False
99999E30483083,non-residential,313.2368452470381,84,84.11,False
99999E30483102,residential,322.6840275212338,DO,DO.01,False
99999E30483121,residential,630.5579135292455,DO,DO.01,False
99999E30483133,residential,567.3605769695622,DO,DO.01,False
99999E30483152,residential,249.81008780630012,DO,DO.01,False
99999E30483166,residential,486.72028491371555,DO,DO.01,False
99999E30483231,residential,452.42231670178865,DO,DO.01,False
99999E30483254,residential,401.9622576864142,DO,DO.01,False
99999E30483271,residential,706.4923437018143,DO,DO.01,False
99999E30483298,residential,326.5140924955669,DO,DO.01,False
99999E30483301,residential,1777.1681755467464,DO,DO.01,False
99999E30483333,residential,2024.8135396053917,DO,DO.01,False
99999E30483336,residential,0.04336633925439894,DO,DO.01,False
99999E30483452,residential,1004.0454011214407,DO,DO.01,False
99999E30483456,residential,1966.0232202630295,DO,DO.01,False
99999E30483476,residential,73.39029677236827,DO,DO.01,False
99999E30483486,residential,211.4687178709326,DO,DO.01,False
99999E30483507,residential,394.70547374926116,DO,DO.01,False
99999E30483530,residential,1724.4557471024364,DO,DO.01,False
99999E30483565,residential,1319.897645649157,DO,DO.01,False
99999E30483629,residential,566.9329602332791,DO,DO.01,False
99999E30483635,residential,46.37427131728371,DO,DO.01,False
99999E30483651,residential,385.1446196907445,DO,DO.01,False
99999E30483698,residential,1869.6764333624587,DO,DO.01,False
99999E30483701,residential,287.46581049248726,DO,DO.01,False
99999E30483743,residential,803.7888697574012,DO,DO.01,False
99999E30483746,residential,2619.5989709151418,DO,DO.01,False
99999E30483766,residential,68.0502158816498,DO,DO.01,False
99999E30483835,residential,1187.5034340659342,DO,DO.01,False
99999E30483867,residential,1410.720945924193,DO,DO.01,False
99999E30483916,residential,712.4439055055052,DO,DO.01,False
99999E30483919,residential,429.46359990717286,DO,DO.01,False
99999E30483924,residential,784.3800043797754,DO,DO.01,False
99999E30483931,residential,120.53144849036352,DO,DO.01,False
99999E30483958,residential,1051.5961550878098,DO,DO.01,False
99999E30483964,residential,490.4025591336764,DO,DO.01,False
99999E30484056,residential,212.16828859769382,DO,DO.01,False
99999E30484067,residential,0.0,DO,DO.01,False
99999E30484166,residential,70.46516734592164,DO,DO.01,False
99999E30484187,residential,1622.7007603907323,DO,DO.01,False
99999E30484200,residential,2452.173361306662,DO,DO.01,False
99999E30484203,residential,2023.2652383322243,DO,DO.01,False
99999E30484238,residential,1545.0199185884917,DO,DO.01,False
99999E30484322,residential,350.8422235342172,DO,DO.01,False
99999E30484375,residential,1301.592985719115,DO,DO.01,False
99999E30484385,residential,52.71485100107744,DO,DO.01,False
99999E30484388,residential,44.01512716069568,DO,DO.01,False
99999E30484432,residential,742.1953993577224,DO,DO.01,False
99999E30484440,residential,1185.220201094072,DO,DO.01,False
99999E30484446,residential,2809.6907026689128,DO,DO.01,False
99999E30484451,residential,0.0,DO,DO.01,False
99999E30484513,residential,395.9100611565521,DO,DO.01,False
99999E30484610,residential,5.176363398549314,DO,DO.01,False
99999E30484625,residential,309.68791740984955,DO,DO.01,False
99999E30484787,residential,264.13665645725126,DO,DO.01,False
99999E30484811,residential,2130.6557832407884,DO,DO.01,False
99999E30484924,residential,679.0504145360255,DO,DO.01,False
99999E30484978,residential,489.2114531922483,DO,DO.01,False
99999E30484996,residential,3252.286537764315,DO,DO.01,False
99999E30485017,residential,622.8573515665465,DO,DO.01,False
99999E30485039,residential,480.54366812521585,DO,DO.01,False
99999E30485136,residential,1070.9371260758285,DO,DO.01,False
99999E30485160,residential,111.98982008210905,DO,DO.01,False
99999E30485196,residential,190.89400173218783,DO,DO.01,False
99999E30485242,residential,132.11496478908663,DO,DO.01,False
99999E30485284,residential,294.7976550427112,DO,DO.01,False
99999E30485337,residential,1119.5592289180547,DO,DO.01,False
99999E30485462,residential,7.035274996862308,DO,DO.01,False
99999E30485525,residential,29.68264508838496,DO,DO.01,False
99999E30485528,residential,231.77902473891078,DO,DO.01,False
99999E30485544,residential,246.80635835841997,DO,DO.01,False
99999E30485639,residential,554.1020722441621,DO,DO.01,False
99999E30594379,residential,275.84366386917037,DO,DO.01,False
99999E30594380,residential,658.609700263301,DO,DO.01,False
99999E30594393,residential,1501.8917993473103,DO,DO.01,False
99999E30594394,non-residential,558.0766686548161,82,82.11,False
99999E30594400,residential,1870.2831057777887,DO,DO.01,False
99999E30594409,residential,1696.5236862762065,DO,DO.01,False
99999E30594415,residential,3548.3377361056173,DO,DO.01,False
99999E30594418,residential,248.28915894486522,DO,DO.01,False
99999E30594425,residential,275.861459080177,DO,DO.01,False
99999E30594455,residential,256.8879089355469,DO,DO.01,False
99999E30594456,residential,265.1655617243127,DO,DO.01,False
99999E30594476,residential,1962.4644883554192,DO,DO.01,False
99999E30594479,residential,47.60246779043463,DO,DO.01,False
99999E30594485,residential,231.5221008068414,DO,DO.01,False
99999E30594496,residential,696.9693256513722,DO,DO.01,False
99999E30594500,residential,60.32294773150094,DO,DO.01,False
99999E30594516,residential,2897.311804662777,DO,DO.01,False
99999E30601128,non-residential,492.13897537399123,01,01.1,False
99999E30601131,non-residential,215.49785975992245,01,01.1,False
99999E30601137,non-residential,12.252233840607026,01,01.4,False
99999E30601138,non-residential,721.3625430364679,49,49.41,False
99999E30601141,residential,2696.204379562044,DO,DO.01,False
99999E30601142,non-residential,129.44178588198918,29,29.10,False
99999E30601143,residential,46.70401642792416,DO,DO.01,False
99999E30601147,non-residential,81.51888645478408,70,70.22,False
99999E30601154,non-residential,10.752201365853498,01,01.4,False
99999E30601155,non-residential,820.0948877391702,49,49.4,False
99999E30601156,non-residential,147.7414487356163,55,55.20,False
99999E30601158,non-residential,0.3016167914796018,01,01.4,False
99999E30601161,non-residential,3339.7299662123633,84,84.11,True
99999E30601165,non-residential,13245.101208715381,56,56.10,False
99999E30601166,non-residential,1664.962858097282,84,84.11,False
99999E30601167,non-residential,339.1287336520806,94,94.91,False
99999E30601174,non-residential,16970.939379240335,55,55.10,False
99999E30601175,non-residential,711.1697894664851,41,41.20,False
99999E30601179,non-residential,2856.0350679096423,01,01.1,False
99999E30601183,non-residential,362.5986842105263,49,49.3,False
99999E30601187,non-residential,6217.380025763261,56,56.10,False
99999E30601188,non-residential,961.0245624341463,16,16.23,False
99999E30601191,non-residential,632.7142464487176,96,96.21,False
99999E30601192,non-residential,1923.3794925087377,84,84.11,False
99999E30601194,non-residential,184.35261425219085,94,94.91,False
99999E30601195,non-residential,275.79111475693554,84,84.11,False
99999E30601202,non-residential,722.5811155218827,36,36.00,False
99999E30601204,non-residential,232.1867873642471,49,49.4,False
99999E30601206,non-residential,202.7188806464202,84,84.11,False
99999E30601207,non-residential,0.0,36,36.00,False
99999E30601208,non-residential,20192.486082522453,IL,IL.01,False
99999E30601209,non-residential,2425.831529080511,43,43.99,False
99999E30601210,non-residential,5529.773051553144,56,56.30,False
99999E30601211,non-residential,6770.589599609375,47,47.11,False
99999E30601212,non-residential,162.19877528573224,74,74.90,False
99999E30601214,non-residential,89.75831905524888,94,94.91,False
99999E30601215,non-residential,665.7818813666612,IL,IL.01,False
99999E30601217,non-residential,381.26872034129985,IL,IL.01,False
99999E30601219,non-residential,7658.03695790089,01,01.41,False
99999E30601220,non-residential,118.71025336049769,01,01.1,False
99999E30601221,non-residential,7138.897306234529,16,16.23,False
99999E30601223,non-residential,1419.9592610409386,81,81.30,False
99999E30601224,non-residential,8889.365025570518,27,27.52,False
99999E30601225,non-residential,1021.6037770321495,81,81.30,True
99999E30601226,non-residential,120.49928929683935,81,81.30,False
99999E30601227,non-residential,893.0417772279168,01,01.1,False
99999E30601229,non-residential,90.96254048330006,49,49.4,False
99999E30601230,non-residential,7630.629045249772,94,94.91,False
99999E30601231,non-residential,12993.607649977192,56,56.10,False
99999E30601235,non-residential,884.2391065611457,01,01.1,False
99999E30601236,non-residential,136.40438079833984,01,01.4,False
99999E30601237,non-residential,1760.4616084412066,01,01.4,False
99999E30601239,non-residential,14461.821502908302,61,61.10,False
99999E30601240,non-residential,7504.533263714644,43,43.21,False
99999E30601243,non-residential,1614.0006361912638,60,60.10,False
99999E30601244,non-residential,1940.321278815722,60,60.10,False
99999E30601245,non-residential,647.5832823593252,60,60.10,False
99999E30601246,non-residential,8244.881235387204,60,60.10,False
99999E30601247,non-residential,2759.3921165744755,61,61.10,False
99999E30601248,non-residential,28461.682075444798,61,61.10,False
99999E30601249,non-residential,4794.147174027715,61,61.10,False
99999E30601252,non-residential,1259.1420907347742,96,96.0,False
99999E30601254,non-residential,354.08996025141136,94,94.91,False
99999E30601256,non-residential,1553.9249659628765,43,43.91,False
99999E30601262,non-residential,635.9099016398409,96,96.02,False
99999E30601267,non-residential,29733.580420278282,55,55.10,False
99999E30601269,non-residential,25212.344819229013,47,47.30,False
99999E30601270,non-residential,15444.6557082573,28,28.29,False
99999E30601271,non-residential,2353.397490158965,47,47.79,False
99999E30601273,non-residential,15874.493630959169,IL,IL.01,False
99999E30601275,non-residential,1989.6136652814212,49,49.41,False
99999E30601278,non-residential,2976.705700950901,84,84.11,True
99999E30601281,non-residential,71918.773879448,47,47.11,True
99999E30601286,non-residential,0.0,74,74.90,False
99999E30601287,non-residential,13593.990344861999,16,16.23,False
99999E30601288,non-residential,1639.541438861485,86,86.90,False
99999E30601289,non-residential,24788.66663577783,56,56.10,False
99999E30601291,non-residential,128.04573212226813,94,94.91,False
99999E30601292,non-residential,1324.2639338361087,52,52.10,False
99999E30601293,non-residential,36.7185612067491,01,01.1,False
99999E30601295,non-residential,63.024066499916906,01,01.4,False
99999E30601298,non-residential,13271.475557026111,IL,IL.01,False
99999E30601299,non-residential,780.2487493816175,84,84.11,False
99999E30601300,non-residential,20702.38596062911,47,47.11,False
99999E30601302,non-residential,31.274737245158146,55,55.10,False
99999E30601303,non-residential,12324.321803042763,56,56.10,False
99999E30601304,non-residential,3.1713908160759123,55,55.10,False
99999E30601305,non-residential,10.43637745394678,IL,IL.01,False
99999E30601306,non-residential,1276.0626733042027,IL,IL.01,False
99999E30601308,non-residential,249.1773314225046,74,74.90,False
99999E30601310,non-residential,2212.7477184094882,01,01.4,False
99999E30601311,non-residential,781.8035808362459,52,52.10,False
99999E30601313,non-residential,98.42392908899407,01,01.4,False
99999E30601314,non-residential,526.2171589700799,55,55.10,False
99999E30601317,non-residential,99.85045210330071,64,64.19,False
99999E30601320,non-residential,3146.9779355682595,84,84.11,False
99999E30601325,non-residential,294.61839230474595,70,70.2,False
99999E30601326,non-residential,0.0,49,49.4,False
99999E30601329,non-residential,40155.49498175182,16,16.23,True
99999E30601335,non-residential,0.0,84,84.11,False
99999E30601338,non-residential,30057.037629733117,47,47.11,False
99999E30601339,non-residential,2884.6270306441033,94,94.99,False
99999E30601342,non-residential,13241.227866959398,56,56.30,False
99999E30601343,non-residential,361.8362226277372,84,84.11,False
99999E30601344,non-residential,635.7433870413007,84,84.11,False
99999E30601345,non-residential,9404.178636091468,84,84.11,False
99999E30601346,non-residential,74.67391590495686,84,84.11,False
99999E30601347,non-residential,8795.007743000115,43,43.22,False
99999E30601348,non-residential,9733.818350464759,64,64.19,False
99999E30601349,non-residential,1137.711644973198,94,94.91,False
99999E30601350,non-residential,3523.688595068716,94,94.91,True
99999E30601351,non-residential,87546.38229927007,IL,IL.01,False
99999E30601352,non-residential,16192.056483804745,56,56.30,False
99999E30601355,non-residential,7078.015876268818,84,84.24,False
99999E30601356,non-residential,27554.13588475137,84,84.11,False
99999E30601357,non-residential,21.079416536066656,84,84.11,False
99999E30601359,non-residential,2055.5334450380647,43,43.22,False
99999E30601360,non-residential,6283.077784628764,84,84.11,False
99999E30601363,non-residential,267.5946432001451,90,90.01,False
99999E30601366,non-residential,293.00495373575313,16,16.23,False
99999E30601367,non-residential,1695.6905224448756,46,46.73,False
99999E30601368,non-residential,654.9936906914962,46,46.73,False
99999E30601369,non-residential,1340.6462255700842,51,51.10,False
99999E30601371,non-residential,0.0,01,01.4,False
99999E30601372,non-residential,2.058696502899573,01,01.1,False
99999E30601374,non-residential,11986.490205463611,56,56.10,False
99999E30601381,non-residential,3910.0118951727873,47,47.73,True
99999E30601382,non-residential,3214.3246348582916,71,71.12,False
99999E30601383,non-residential,872.5258452700873,96,96.02,False
99999E30601384,non-residential,1777.0997341183852,84,84.12,False
99999E30601385,non-residential,5005.993745901289,91,91.04,False
99999E30601386,non-residential,2.634504706946143,43,43.12,False
99999E30601391,non-residential,4000.566896137438,16,16.23,False
99999E30601393,non-residential,36.062959683568856,49,49.4,False
99999E30601394,non-residential,234.55842479175288,01,01.1,False
99999E30601402,non-residential,238.0472459291157,94,94.91,False
99999E30601403,residential,2692.3492833187706,DO,DO.01,False
99999E30601404,non-residential,1537.053451538086,82,82.99,False
99999E30601405,non-residential,3645.3427605879933,84,84.11,False
99999E30601406,non-residential,47737.78268914474,55,55.10,False
99999E30601408,non-residential,10763.536890933388,16,16.10,False
99999E30601409,non-residential,23793.54068153783,47,47.11,True
99999E30601410,residential,387.4270715211567,DO,DO.02,False
99999E30601411,non-residential,562.9068429846512,96,96.0,False
99999E30601419,non-residential,2633.927919708029,43,43.12,False
99999E30601421,non-residential,39390.767567393545,47,47.11,False
99999E30601422,non-residential,340.0576719346937,84,84.11,False
99999E30601424,non-residential,0.0,61,61.10,False
99999E30601425,non-residential,3196.227735582289,91,91.04,False
99999E30601426,non-residential,481.431508745466,91,91.04,False
99999E30601427,non-residential,1766.5909517728364,64,64.19,False
99999E30601428,non-residential,707.4662789145668,96,96.02,False
99999E30601432,non-residential,1726.9092366983602,43,43.32,False
99999E30601437,non-residential,44112.58295415522,47,47.11,True
99999E30601439,non-residential,95342.60323660713,IL,IL.01,False
99999E30601441,non-residential,2909.0576674912004,94,94.99,False
99999E30601444,non-residential,1149.536377623841,94,94.91,False
99999E30601447,non-residential,1481.0657710819455,84,84.11,False
99999E30601449,non-residential,57.02222640697773,84,84.11,False
99999E30601452,non-residential,2321.6296722076754,94,94.91,False
99999E30601454,non-residential,148.08070360959232,84,84.11,False
99999E30601455,non-residential,942.5964330316899,01,01.1,False
99999E30601456,non-residential,1247.37547486693,84,84.11,False
99999E30601458,non-residential,606.7983195596113,36,36.00,False
99999E30601460,non-residential,0.0,94,94.99,False
99999E30601474,non-residential,614.3431661417196,84,84.11,False
99999E30601478,non-residential,1545.7820162930332,61,61.10,False
99999E30601480,non-residential,2232.766337971111,61,61.10,False
99999E30601482,non-residential,18066.86544900412,61,61.20,False
99999E30601494,non-residential,34105.32748135654,55,55.10,False
99999E30601498,non-residential,2642.1227256020347,49,49.31,False
99999E30601502,non-residential,850.3246516971798,36,36.00,False
99999E30604264,non-residential,2347.0491681780136,94,94.91,False
99999E30604268,non-residential,7689.246285261508,IL,IL.01,False
99999E30617066,non-residential,57110.648193359375,IL,IL.01,False
99999E30617068,non-residential,0.36880209421118104,61,61.10,False
99999E30617070,non-residential,4429.22317928738,IL,IL.01,False
99999E30617072,non-residential,16466.36250813802,61,61.90,False
99999E30617074,non-residential,38515.104166666664,55,55.10,False
99999E30617076,non-residential,3293.058696322971,61,61.10,False
99999E30617084,non-residential,1329.9960850625143,IL,IL.01,False
99999E30617089,non-residential,19447.31708300606,35,35.13,False
99999E30629011,non-residential,5891.202781593407,36,36.00,False
99999E30639920,non-residential,0.0,84,84.11,False
99999E30639921,non-residential,697.6665749851661,84,84.11,False
99999E30639923,non-residential,24.62872140618819,94,94.91,False
99999E30639924,non-residential,2941.5534358929986,IL,IL.01,False
99999E30639925,non-residential,1747.1053065046478,IL,IL.01,False
99999E30639926,non-residential,753.9532377991495,84,84.11,False
99999E30639927,non-residential,4600.804786392405,84,84.11,False
99999E30639928,non-residential,233.4863435769383,49,49.4,False
99999E30639929,non-residential,14149.54336431962,IL,IL.01,False
99999E30639931,non-residential,19079.891317246835,47,47.11,False
99999E30639932,non-residential,9259.993510185917,84,84.11,True
99999E30639934,non-residential,651.4242816393888,94,94.91,False
99999E30639935,non-residential,1486.272613911689,84,84.11,False
99999E30639936,non-residential,505.34530949471565,IL,IL.01,False
99999E30639937,non-residential,456.68799909760685,84,84.11,False
99999E30639938,non-residential,2298.7173995005933,61,61.90,False
99999E30639939,non-residential,3492.985388647152,61,61.10,False
99999E30639940,non-residential,3554.391215264043,IL,IL.01,False
99999E30639943,non-residential,1081.2750506823575,01,01.4,False
99999E30639944,non-residential,4876.5432098002375,43,43.22,False
99999E30639945,non-residential,23197.545762460442,56,56.10,False
99999E30639946,non-residential,0.6206852394312167,52,52.10,False
99999E30639947,non-residential,28.45244337637213,96,96.0,False
99999E30639948,non-residential,319.1449179347557,43,43.12,False
99999E30639950,non-residential,306.7182868281497,94,94.91,False
99999E30639951,non-residential,9078.119771064083,84,84.11,False
99999E30639953,non-residential,3.144544411309158,52,52.10,False
99999E30639954,non-residential,756.778066900712,84,84.11,False
99999E30639955,non-residential,7665.859078322785,IL,IL.01,False
99999E30639960,non-residential,254.0834400804737,01,01.4,False
99999E30639963,non-residential,0.0,01,01.41,False
99999E30656670,non-residential,4817.586252719541,61,61.10,False
99999E30663115,non-residential,27.691974984972102,52,52.10,False
99999E30663144,non-residential,288706.61182709853,87,87.30,True
99999E30663248,non-residential,0.0,84,84.11,False
99999E30663278,non-residential,4818.025107279311,53,53.10,False
99999E30663298,non-residential,21623.865458913093,61,61.10,False
99999E30663365,residential,267.1872300755466,DO,DO.01,False
99999E30663378,non-residential,12194.681570870536,61,61.10,False
99999E30663424,residential,2889.2928238753434,DO,DO.01,False
99999E30685539,non-residential,2385.2005627280787,52,52.10,False
99999E30687517,residential,406.3702649409228,DO,DO.01,False
99999E30689635,residential,3451.8422016344575,DO,DO.01,False
99999E30691487,residential,192.21862772008873,DO,DO.01,False
99999E30702102,residential,4251.321437401108,DO,DO.01,False
99999E30706007,residential,715.3987864444131,DO,DO.01,False
99999E30706327,residential,283.4981454046149,DO,DO.01,False
99999E30708610,non-residential,2061.638524399191,94,94.91,False
99999E30710511,residential,671.2640674297626,DO,DO.01,False
99999E30711374,residential,51.874119318448585,DO,DO.01,True
99999E30711382,non-residential,8156.18653685182,62,62.02,False
99999E30713153,non-residential,1175.0243305289832,64,64.19,False
99999E30713690,residential,2555.7600844533818,DO,DO.01,False
99999E30715817,non-residential,133.29920904976981,36,36.00,False
99999E30715855,non-residential,9838.257622969777,01,01.41,True
99999E30730075,non-residential,16734.293061416513,55,55.20,False
99999E30730494,non-residential,373.58101584694606,96,96.0,False
99999E30730712,residential,662.5379750208201,DO,DO.01,False
99999E30734315,non-residential,77.95983483483484,94,94.99,False
99999E30737010,non-residential,463.8307667826558,84,84.11,False
99999E30737012,non-residential,294.73750650447647,84,84.11,False
99999E30740297,non-residential,518.5531282076871,96,96.0,False
99999E30740306,residential,212.25907170739714,DO,DO.01,False
99999E30742899,non-residential,181.26691466883608,84,84.11,False
99999E30748532,residential,494.13378998473456,DO,DO.01,False
99999E30748871,non-residential,630.610745283809,96,96.09,False
99999E30753062,non-residential,4060.314736470689,62,62.02,False
99999E30754865,non-residential,0.0,IL,IL.01,False
99999E30758135,non-residential,279.0284691276131,74,74.90,False
99999E30780137,non-residential,9656.70673076923,84,84.11,False
99999E30791738,residential,518.3772428743132,DO,DO.01,False
99999E30795274,non-residential,10119.488926351505,62,62.02,False
99999E30798244,residential,172.91297468354432,DO,DO.01,False
99999E30800039,non-residential,2919.611474609375,36,36.00,True
99999E30800382,non-residential,463.56464970720947,84,84.11,False
99999E30800864,non-residential,7640.611141192245,56,56.30,False
99999E30804807,non-residential,759.3971441784043,70,70.2,False
99999E30831149,residential,718.6849865160491,DO,DO.01,False
99999E30832020,non-residential,2213.7249154418055,70,70.22,False
99999E30832026,non-residential,2968.3998096772357,84,84.11,False
99999E30832030,non-residential,18997.405092592595,10,10.85,False
99999E30832031,non-residential,3741.675067539633,84,84.11,False
99999E30832032,non-residential,2762.9887668581773,84,84.11,False
99999E30832033,residential,11089.622490875912,DO,DO.02,True
99999E30832648,non-residential,5938.830911736739,01,01.4,False
99999E30837078,residential,702.9208055433336,DO,DO.01,False
99999E30884771,residential,1031.9019760771428,DO,DO.01,False
99999E30893170,non-residential,70331.0623859489,61,61.20,False
99999E30906519,non-residential,13041.486254240337,16,16.11,False
99999E30909838,non-residential,109.61832497146104,47,47.78,False
99999E30913189,non-residential,237.7042441820576,96,96.0,False
99999E30919076,residential,889.3312547877877,DO,DO.01,False
99999E30925891,non-residential,1537.8061954703871,IL,IL.01,False
99999E30928389,non-residential,1614.636294716283,01,01.45,True
99999E30938381,residential,204.91007493417473,DO,DO.01,False
99999E30939797,non-residential,34.749444691758406,52,52.10,False
99999E31001357,non-residential,0.14982092561143817,84,84.11,False
99999E31001646,non-residential,5605.67238255551,49,49.3,False
99999E31003248,non-residential,40983.42508900316,55,55.10,False
99999E31005224,non-residential,41.39028367243315,01,01.45,True
99999E31005308,non-residential,34548.066441890966,56,56.10,False
99999E31007089,non-residential,5097.4949827981645,55,55.20,False
99999E31007663,non-residential,25682.05128022354,10,10.71,False
99999E31008172,residential,1186.0714521199247,DO,DO.01,False
99999E31010815,residential,418.8002681732178,DO,DO.01,False
99999E31011204,non-residential,99.73625095267045,77,77.21,False
99999E31012625,non-residential,3494.0138912925236,62,62.02,False
99999E31012626,non-residential,12257.462446424697,62,62.02,False
99999E31013532,residential,888.265635731456,DO,DO.01,False
99999E31013534,residential,3149.1600398013466,DO,DO.01,False
99999E31014832,residential,1580.559171133668,DO,DO.01,False
99999E31014923,non-residential,430.0032990170221,84,84.11,False
99999E31014981,non-residential,15064.074170458449,61,61.90,False
99999E31022481,non-residential,5423.8829023759445,84,84.11,False
99999E31023497,non-residential,546.9804549391253,96,96.0,False
99999E31023930,non-residential,1659.2739834628262,84,84.11,False
99999E31024183,residential,158.6777613284814,DO,DO.01,False
99999E31025941,non-residential,183.51419405172803,43,43.91,False
99999E31026107,non-residential,44.62724379379384,56,56.30,False
99999E31026256,non-residential,0.0,61,61.90,False
99999E31026643,non-residential,4939.8139496963395,61,61.10,False
99999E31027863,non-residential,27.897189028941803,84,84.11,True
99999E31028222,residential,5309.380417427007,DO,DO.01,False
99999E31028223,residential,3.733469243197478,DO,DO.01,False
99999E31028436,residential,1118.2454231358781,DO,DO.01,False
99999E31029211,non-residential,69.18748138594802,96,96.0,False
99999E31029382,residential,2472.7558840981014,DO,DO.01,False
99999E31029428,non-residential,10978.626279726133,61,61.10,False
99999E31029820,residential,1578.6766493947882,DO,DO.01,False
99999E31030586,non-residential,5762.678685988823,87,87.30,False
99999E40000074,non-residential,10079.174397786459,01,01.41,True
99999E40000094,non-residential,914.6027146724233,61,61.90,False
99999E40000097,non-residential,4250.074445936415,62,62.02,False
99999E40000103,residential,249.86442950344826,DO,DO.01,False
99999E40000104,residential,582.9290360670823,DO,DO.01,False
99999E40000112,residential,2779.1954379611543,DO,DO.01,False
99999E40000116,non-residential,33.15289980835385,01,01.4,False
99999E40000124,residential,2497.0569059583872,DO,DO.01,False
99999E40000128,non-residential,1767.1799388684724,43,43.91,False
99999E40000129,non-residential,94.66662961846859,98,98.10,False
99999E40000149,non-residential,114157.55833675986,35,35.30,False
99999E40000155,non-residential,32097.404148485628,93,93.11,False
99999E40000163,non-residential,568.5914214452108,52,52.10,False
99999E40000164,non-residential,7189.77547539605,94,94.99,False
99999E40000167,non-residential,3637.8792332558737,16,16.23,False
99999E40000172,residential,2069.7252337137857,DO,DO.01,False
99999E40000186,residential,3756.3695314195425,DO,DO.01,False
99999E40000216,residential,919.379247791039,DO,DO.01,False
99999E40000223,non-residential,4038.267849094265,56,56.30,False
99999E40000225,non-residential,104.01232647939399,61,61.10,False
99999E40000228,non-residential,40.09384731670002,91,91.04,False
99999E40000234,non-residential,979.4388686131387,CO,CO.02,False
99999E40000235,non-residential,801.8449367088608,CO,CO.02,False
99999E40000240,non-residential,3682.8914505476805,56,56.30,False
99999E40000241,non-residential,577.9072822319282,01,01.41,True
99999E40000243,non-residential,12885.034902472245,IL,IL.01,False
99999E40000245,non-residential,37043.45567867036,56,56.10,False
99999E40000247,non-residential,5285.507381663603,56,56.10,False
99999E40000254,residential,70.1877263519499,DO,DO.01,False
99999E40000262,non-residential,22787.373167190708,IL,IL.01,False
99999E40000268,non-residential,2993.969882491731,61,61.10,False
99999E40000278,non-residential,41459.38488188244,56,56.10,False
99999E40000314,non-residential,20889.843913213786,55,55.20,False
99999E40000324,residential,183.6708912361573,DO,DO.01,False
99999E40000336,non-residential,469.87032376802887,47,47.12,False
99999E40000346,non-residential,6959.688412394123,IL,IL.01,False
99999E40000353,non-residential,180.62435289369012,80,80.20,False
99999E40000361,residential,149.89910640855774,DO,DO.01,False
99999E40000385,non-residential,824.8175798382675,61,61.10,False
99999E40000416,residential,709.5873068104619,DO,DO.01,False
99999E40000426,non-residential,9.657846715328466,35,35.11,False
99999E40000434,non-residential,485.40997220758805,68,68.20,False
99999E40000437,residential,0.0,DO,DO.01,False
99999E40000445,non-residential,355.023579685595,56,56.30,False
99999E40000456,residential,640.009088348924,DO,DO.01,False
99999E40000459,non-residential,3902.168252509937,CO,CO.02,False
99999E40000461,non-residential,7491.906544689565,46,46.71,False
99999E40000471,non-residential,5792.1014234754775,16,16.10,False
99999E40000473,residential,1750.5545772565688,DO,DO.01,False
99999E40000478,non-residential,16630.86944580078,IL,IL.01,False
99999E40000485,non-residential,2624.2376454671225,CO,CO.02,False
99999E40000494,residential,24.758532444636025,DO,DO.02,False
99999E40000504,residential,476.85399786469895,DO,DO.01,False
99999E40000520,non-residential,42.183271551962285,52,52.10,False
99999E40000521,non-residential,42.58569182464186,52,52.10,False
99999E40000522,non-residential,469.37233251575344,52,52.10,False
99999E40000523,non-residential,46.57951030325383,52,52.10,False
99999E40000524,residential,42.866677444723635,DO,DO.02,False
99999E40000525,residential,2409.314890967475,DO,DO.01,False
99999E40000535,non-residential,249.97615780746727,68,68.32,False
99999E40000540,residential,64.33125270737543,DO,DO.01,True
99999E40000541,non-residential,85.2906960906097,52,52.10,False
99999E40000544,residential,125.48332148128087,DO,DO.01,False
99999E40000547,non-residential,7381.85103144959,61,61.90,False
99999E40000554,non-residential,41107.63488769531,46,46.73,True
99999E40000579,non-residential,791.2760713674727,IL,IL.01,False
99999E40000580,non-residential,814.3416768094919,IL,IL.01,False
99999E40000582,residential,1271.2481286790635,DO,DO.01,False
99999E40000592,residential,3266.652823121008,DO,DO.01,True
99999E40000599,non-residential,2964.9417047430998,IL,IL.01,False
99999E40000600,non-residential,10.271974227189245,IL,IL.01,False
99999E40000605,non-residential,61.71288708845775,CO,CO.02,False
99999E40000615,non-residential,6201.917882523742,CO,CO.02,False
99999E40000625,non-residential,1767.6724710951755,IL,IL.01,False
99999E40000639,residential,1708.876719231153,DO,DO.01,False
99999E40000648,non-residential,5919.255094876254,IL,IL.01,False
99999E40000649,non-residential,1464.4423755846526,IL,IL.01,False
99999E40000650,non-residential,3464.8289367230273,IL,IL.01,False
99999E40000652,non-residential,599.1931077053672,IL,IL.01,False
99999E40000660,residential,556.5212214900757,DO,DO.01,True
99999E40000666,residential,1420.0629636976455,DO,DO.01,True
99999E40000675,non-residential,0.0,26,26.30,False
99999E40000684,residential,1441.7860022774578,DO,DO.01,False
99999E40000687,non-residential,3013.3506206874426,70,70.22,False
99999E40000692,residential,2192.1945211622447,DO,DO.01,False
99999E40000704,non-residential,2241.571781288572,74,74.90,False
99999E40000705,non-residential,42.72618328810199,52,52.21,False
99999E40000716,non-residential,12776.624455686477,55,55.30,False
99999E40000718,residential,1586.7430729336209,DO,DO.01,True
99999E40000726,non-residential,5913.004292954493,IL,IL.01,False
99999E40000733,residential,919.5422745414402,DO,DO.01,False
99999E40000751,residential,200.9793843163384,DO,DO.01,False
99999E40000757,non-residential,61.54939545525445,CO,CO.02,False
99999E40000758,non-residential,61.41542654368734,CO,CO.02,False
99999E40000761,non-residential,4102.898163377193,CO,CO.02,False
99999E40000764,non-residential,123.10384178530548,52,52.10,False
99999E40000765,non-residential,57.78299606986668,CO,CO.02,False
99999E40000767,non-residential,62.129780318208795,CO,CO.02,False
99999E40000773,non-residential,136.48238069132753,52,52.10,False
99999E40000777,non-residential,875.9435432835629,41,41.20,False
99999E40000807,non-residential,61.81997829013401,CO,CO.02,False
99999E40000813,non-residential,15391.728247829067,47,47.29,False
99999E40000816,residential,724.31321749722,DO,DO.01,True
99999E40000819,non-residential,3364.6477050781255,61,,False
99999E40000821,non-residential,2263.682059406364,61,,False
99999E40000823,non-residential,104.65804470909966,43,43.33,False
99999E40000835,non-residential,1614.3386218422338,52,52.10,False
99999E40000840,non-residential,606.1207799854393,52,52.10,False
99999E40000850,non-residential,612.7974004912794,84,84.11,False
99999E40000875,non-residential,18.754872892894884,52,52.10,False
99999E40000877,non-residential,31086.090727756287,56,56.10,False
99999E40000884,non-residential,1963.2653125963714,41,41.20,False
99999E40000898,non-residential,1400.4689790294065,41,41.20,False
99999E40000918,non-residential,29.494935790625085,41,41.20,False
99999E40000929,non-residential,313.3525052035812,41,41.20,False
99999E40000935,non-residential,7090.84704928928,41,41.20,False
99999E40000936,residential,1298.3702633154653,DO,DO.01,False
99999E40000937,non-residential,3369.1741186725203,52,52.10,False
99999E40000954,non-residential,811.2028105530558,98,98.1,True
99999E40000960,residential,1223.521818584866,DO,DO.01,False
99999E40000979,non-residential,411.8172494432918,41,41.20,False
99999E40000982,non-residential,4.2102016896118615,41,41.20,False
99999E40000985,non-residential,943.8761829652997,41,41.20,False
99999E40000988,residential,1264.8367195388898,DO,DO.01,False
99999E40000991,non-residential,1427.0357415290293,46,46.51,False
99999E40000992,residential,793.3696307558002,DO,DO.01,False
99999E40001010,non-residential,6286.825009648671,IL,IL.01,False
99999E40001016,non-residential,674.1176844687358,85,85.59,False
99999E40001025,non-residential,0.0,41,41.20,False
99999E40001030,residential,184.34277988088658,DO,DO.01,False
99999E40001049,residential,1134.3647041706124,DO,DO.01,False
99999E40001050,residential,438.74985364018653,DO,DO.01,False
99999E40001053,residential,1123.082504272461,DO,DO.01,False
99999E40001054,residential,573.7352918767605,DO,DO.01,False
99999E40001065,non-residential,635.7377354303995,61,61.90,False
99999E40001077,non-residential,0.0,52,52.10,False
99999E40001081,non-residential,448.71942577247853,IL,IL.01,False
99999E40001082,non-residential,245.274511782709,IL,IL.01,False
99999E40001084,non-residential,486.8202376235379,41,41.20,False
99999E40001098,non-residential,1245.646358963347,69,69.10,False
99999E40001109,non-residential,902.0398850408976,41,41.20,False
99999E40001128,non-residential,26.96349339135365,52,52.10,False
