pod,group,below_n_min,ateco_l1,ateco_l2,prosumer,f_1,f_2,f_3,f_4,f_5,f_6,f_7,f_8,f_9,f_10,f_11,f_12,f_13,f_14
99999E00000053,5,False,25,25.11,False,0.0,0.0,0.0,0.0,0.0,0.048304796,0.0044765384,0.0053057745,0.00018809385,0.01825895,0.90783787,0.009958949,0.0,0.0056690727
99999E00010037,4,False,DO,DO.01,False,0.008866224,0.0,0.024919959,0.0018704591,0.34343776,0.11021423,0.01715626,0.30626634,0.019194495,0.033671618,0.060331654,0.07196618,0.0,0.0021048659
99999E00010057,4,False,DO,DO.01,False,0.0,0.16475523,0.41713288,0.024275148,0.022906762,0.064658076,0.034766573,0.14528044,0.035684533,0.023116961,0.011995638,0.0,0.032179944,0.0232479
99999E00010076,3,False,DO,DO.01,False,0.015631849,0.18364842,0.03282357,0.27884552,0.0035364938,0.35069516,0.024689246,0.0113300225,0.047224656,0.019546142,0.0,0.009832465,0.015289105,0.006907459
99999E00010083,3,False,DO,DO.01,False,0.008168755,0.047344264,0.18832815,0.26246074,0.023127507,0.082811564,0.03457592,0.2026532,0.1076421,0.011544186,0.0017599101,0.004393942,0.002339174,0.022850636
99999E00010122,6,False,84,84.11,False,0.0,0.0,0.056152564,0.04191785,0.0042465446,0.330488,0.013031404,0.33950397,0.064854585,0.005389478,0.04996275,0.0029856674,0.03957217,0.051895067
99999E00010123,5,False,56,56.2,False,0.0,0.0,0.0018877527,0.0,0.0020168042,0.39088017,0.0,0.04385882,0.034618136,0.36002788,0.15120861,0.0155018475,0.0,0.0
99999E00010128,4,False,DO,DO.02,False,0.0025419123,0.0071857395,0.08860115,0.04870982,0.005036114,0.71562916,0.0074852556,0.10227287,0.008383804,0.0061122514,0.0,0.0020276983,0.0,0.00601418
99999E00010132,6,False,68,68.32,False,0.0,0.0,0.027790096,0.006845448,0.007336687,0.83889914,0.006701905,0.10220643,0.0016938178,0.0,0.0025933594,0.0,0.0,0.0059331474
99999E00010135,4,False,DO,DO.02,False,0.24925323,0.0,0.016197203,0.005354353,0.0,0.71048146,0.005371357,0.0024825758,0.0,0.010859853,0.0,0.0,0.0,0.0
99999E00010239,4,False,DO,DO.01,False,0.024412727,0.07145532,0.10461591,0.10112061,0.0,0.45495632,0.058495164,0.13150609,0.02110307,0.0,0.0,0.0,0.0,0.03233478
99999E00010242,4,False,DO,DO.01,False,0.00022749137,0.06205523,0.093273744,0.096020095,0.09534045,0.41785347,0.031534504,0.06786959,0.07877839,0.011309897,0.0132631445,0.006920617,0.013612608,0.011940745
99999E00010264,3,False,DO,DO.01,False,0.000571699,0.08155088,0.042027265,0.09971711,0.030755924,0.16913912,0.101345964,0.056541517,0.09891131,0.07436522,0.044351023,0.09973436,0.05189893,0.04908972
99999E00010293,3,False,DO,DO.01,False,0.0,0.106617846,0.20969048,0.077339895,0.01414781,0.15810536,0.070276216,0.05589227,0.20329113,0.020279525,0.021893134,0.009645446,0.0075107603,0.045310143
99999E00010323,2,False,DO,DO.01,False,0.0,0.025630105,0.1114915,0.66422623,0.0043184087,0.12889452,0.0,0.027123488,0.031991806,0.0,0.0063239615,0.0,0.0,0.0
99999E00010330,4,False,DO,DO.01,False,0.026765218,0.018550364,0.029124083,0.07178979,0.011612047,0.4059641,0.053565636,0.22657666,0.08310518,0.012345539,0.02453143,0.0,0.0022853264,0.033784617
99999E00010343,2,False,DO,DO.01,False,0.0,0.07218109,0.10077597,0.31810817,0.012158587,0.19428001,0.031442765,0.077932365,0.06904725,0.022525683,0.0,0.019909937,0.017048597,0.064589545
99999E00010353,3,False,DO,DO.01,False,0.0054845344,0.023873856,0.043378904,0.2862309,0.0,0.48331118,0.029694453,0.0053769946,0.048204757,0.012877903,0.018362436,0.002984232,0.00060491194,0.03961501
99999E00010368,6,False,47,47.78,False,0.0,0.0,0.043815397,0.0015836776,0.0,0.09032428,0.0025082044,0.5579967,0.0,0.0,0.0,0.0,0.0,0.3037718
99999E00010380,3,False,DO,DO.01,False,0.003610327,0.030648181,0.034406025,0.050032143,0.038235303,0.14125618,0.037533425,0.022969443,0.36254513,0.078253254,0.12135046,0.0089442935,0.011077881,0.05913793
99999E00010400,2,False,DO,DO.01,False,0.0,0.027330434,0.015622994,0.13119252,0.0,0.21035591,0.091748096,0.084815644,0.054282863,0.24322088,0.07821839,0.04500749,0.009831682,0.008373154
99999E00010414,2,False,DO,DO.01,False,0.0,0.08597623,0.46366408,0.0040012845,0.023240203,0.03813423,0.008403981,0.090879895,0.1484104,0.0106454715,0.0,0.014087988,0.061756577,0.050799616
99999E00010429,6,False,47,47.71,False,0.0,0.0,0.00017985408,0.0,0.00011601358,0.029033555,0.013539907,0.0045934333,0.0029164096,0.029654127,0.014219258,0.000117114265,0.0021826844,0.9034477
99999E00010451,4,False,DO,DO.01,False,0.0019462558,0.03905272,0.12940736,0.0845561,0.0105635775,0.5175758,0.029907601,0.101291224,0.04815434,0.007841574,0.010136915,0.0054574194,0.0036282502,0.010480927
99999E00010457,4,False,16,16.2,False,0.00088613934,0.0036655648,0.023375653,0.0053968877,0.0068601347,0.32506707,0.14278574,0.022021312,0.036994465,0.09547874,0.029716391,0.059698995,0.06073034,0.18732263
99999E00010550,6,False,DO,DO.01,False,0.004240774,0.0,0.0052687223,0.0071565513,0.009740101,0.9126166,0.020039124,0.01812589,0.012509307,0.0016161845,0.0050224843,0.0018936914,0.0,0.001770572
99999E00010579,4,False,DO,DO.01,False,0.0,0.031831615,0.34724656,0.019815281,0.0035560718,0.015752284,0.011335241,0.38866258,0.09722021,0.025366342,0.029676143,0.0,0.0023555032,0.027182218
99999E00010600,4,False,DO,DO.01,False,0.0134140225,0.08964826,0.18119721,0.15250282,0.10393701,0.050112244,0.05954506,0.08180167,0.077444956,0.030870017,0.028309893,0.01437676,0.032922205,0.083917886
99999E00010611,4,False,DO,DO.01,False,0.0,0.14792313,0.20838499,0.12041909,0.0018080858,0.05831339,0.03585799,0.15745866,0.10797386,0.09328733,0.011023707,0.0036504483,0.025549328,0.028350005
99999E00010622,4,False,DO,DO.01,False,0.015159952,0.20977364,0.103893645,0.13399692,0.06896392,0.14674579,0.062092263,0.025144625,0.1263935,0.030450396,0.0047974535,0.012145019,0.042943392,0.017499404
99999E00010631,4,False,DO,DO.01,False,0.0,0.0017415814,0.022015471,0.0,0.25533494,0.101011716,0.21094157,0.24548317,0.06318775,0.007240444,0.031239524,0.0,0.0,0.061803907
99999E00010642,4,False,DO,DO.01,False,0.0,0.004807965,0.075764865,0.010787786,0.054886494,0.52751946,0.079985164,0.0836149,0.056497652,0.015708184,0.009093754,0.0019925006,0.01831443,0.061026853
99999E00010695,6,False,DO,DO.01,False,0.0,0.0,0.0661788,0.009148059,0.00022875646,0.5621437,0.031633276,0.19132397,0.10024151,0.020938914,0.00951099,0.002879252,0.0013890355,0.0043837656
99999E00010739,6,False,23,23.3,False,0.0,0.0,0.06730486,0.004403678,0.0020641163,0.80754584,0.013776965,0.07330825,0.013103551,0.007150924,0.0038675158,0.0028202592,0.0,0.0046540545
99999E00010782,4,False,DO,DO.01,False,0.014934895,0.16952072,0.1102548,0.019715028,0.00030933114,0.18825458,0.030483617,0.06957534,0.34148228,0.0,0.023724252,0.0032600604,0.0068246187,0.02166043
99999E00010783,2,False,DO,DO.01,False,0.0,0.39173344,0.1695275,0.10019268,0.012685466,0.047876142,0.03752824,0.0,0.07624972,0.0,0.027151005,0.05490841,0.041469835,0.040677607
99999E00010800,2,False,DO,DO.01,False,0.0,0.28401786,0.1064128,0.10369685,0.030525422,0.0,0.030092029,0.0,0.34397078,0.030279828,0.01602115,0.023359966,0.0,0.031623352
99999E00010807,4,False,DO,DO.01,False,0.14029685,0.034103505,0.00085985294,0.040526938,0.037527934,0.4356818,0.0081581175,0.0014710376,0.0020282944,0.059048224,0.019441064,0.20043263,0.010489007,0.009934747
99999E00010852,4,False,DO,DO.01,False,0.09410645,0.15495132,0.048560187,0.037442494,0.01254822,0.31071132,0.061004855,0.045266297,0.08661521,0.035876635,0.05402589,0.0062952037,0.026779545,0.025816364
99999E00010976,3,False,DO,DO.01,False,0.0021006044,0.034603883,0.12533994,0.08708418,0.008723506,0.4536648,0.055474527,0.048418354,0.0374279,0.03376442,0.020924807,0.018371586,0.02049927,0.053602166
99999E00011001,3,False,DO,DO.01,False,0.0,0.0039282017,0.07828917,0.014110742,0.0072721215,0.67168015,0.015177216,0.10213796,0.056896888,0.01487408,0.008033888,0.010879911,0.0067490935,0.009970503
99999E00011020,2,False,DO,DO.01,False,0.0,0.0,0.03790524,0.15613087,0.027472973,0.0136303315,0.17293245,0.43151763,0.01803298,0.032320354,0.04726701,0.05476492,0.008025335,0.0
99999E00011044,3,False,DO,DO.01,False,0.0,0.017705726,0.15815435,0.021252273,0.009586476,0.6124633,0.03222496,0.02961456,0.04074027,0.0396421,0.014168182,0.0,0.010873674,0.01357409
99999E00011135,2,False,DO,DO.01,False,0.029156534,0.1560516,0.18699266,0.08768279,0.03381921,0.112160854,0.06478395,0.0907544,0.18503836,0.0,0.014047251,0.0,0.020194402,0.019317932
99999E00011214,6,False,94,94.99,False,0.005458265,0.0,0.019097254,0.0012511302,0.001267812,0.8356382,0.058786437,0.041364037,0.0016648372,0.033446882,0.0,0.0,0.002025163,0.0
99999E00011222,6,False,DO,DO.01,False,0.0,0.05756625,0.16859983,0.005399132,0.0069197034,0.21686634,0.0,0.19526248,0.12635683,0.09182442,0.007563681,0.058342457,0.033374228,0.03192466
99999E00011239,2,False,DO,DO.01,False,0.0,0.15378472,0.046311088,0.19993612,0.04790802,0.0,0.0,0.0,0.16520281,0.0,0.11937081,0.20129351,0.028106036,0.038086873
99999E00011261,6,False,DO,DO.02,False,0.0,0.009234897,0.033830367,0.045940205,0.0024402817,0.65582514,0.005040514,0.05137019,0.08192841,0.056515355,0.024136432,0.0,0.010207084,0.023531117
99999E00011331,4,False,DO,DO.01,False,0.0,0.0030346503,0.2429265,0.0017297013,0.013086125,0.004177224,0.04420788,0.14221868,0.13450383,0.054293018,0.01809404,0.065586075,0.2515948,0.0245475
99999E00011339,2,False,DO,DO.01,False,0.0,0.1827853,0.09999791,0.1874753,0.003161332,0.0,0.16374451,0.01002475,0.057767097,0.12161769,0.054096214,0.04173166,0.06021089,0.017387327
99999E00011341,2,False,DO,DO.01,False,0.0027035798,0.0073147393,0.04475646,0.31125176,0.0,0.022602106,0.064355,0.31020924,0.044249307,0.0,0.11499756,0.005862335,0.0,0.07169796
99999E00011525,2,False,DO,DO.01,False,0.000828989,0.09877306,0.21671401,0.111143745,0.025925644,0.00751518,0.1304054,0.13338087,0.03472625,0.006967455,0.121543124,0.013100987,0.064579725,0.034395643
99999E00011553,2,False,DO,DO.01,False,0.0044308086,0.19525076,0.070623316,0.1945293,0.04976644,0.011896869,0.06536901,0.06954476,0.13290608,0.08731172,0.020940674,0.03258248,0.025546385,0.03930157
99999E00011559,4,False,94,94.9,False,0.12665148,0.041399177,0.04470983,0.0026194844,0.00022780891,0.20644537,0.0341129,0.046342142,0.0033096983,0.008880517,0.45217925,0.002782493,0.027179047,0.0031607957
99999E00011571,3,False,DO,DO.01,False,0.0,0.06147312,0.21144095,0.046613313,0.058566783,0.13679036,0.039446443,0.14814487,0.065973245,0.01819323,0.03577446,0.05756936,0.055230744,0.064783104
99999E00011574,3,False,DO,DO.01,False,0.0,0.04585613,0.0710681,0.12273994,0.059211906,0.121407755,0.11509102,0.05897544,0.30675915,0.0035048823,0.014172882,0.0053416085,0.025778562,0.050092656
99999E00011592,3,False,DO,DO.01,False,0.0031223372,0.17269582,0.08845787,0.047972728,0.020087203,0.21070014,0.11085048,0.036450658,0.11431362,0.04300105,0.046404045,0.039888736,0.016448652,0.04960657
99999E00011614,3,False,DO,DO.01,False,0.057846434,0.21099748,0.027096521,0.09115618,0.026529025,0.114300966,0.18308502,0.035142094,0.07411075,0.0059779477,0.0204005,0.033428323,0.029148145,0.090780675
99999E00011644,1,False,96,96.0,False,0.99432516,0.0,0.0,0.0,0.0,0.0026951756,0.0,0.0,0.0,0.0029796343,0.0,0.0,0.0,0.0
99999E00011650,4,False,84,84.1,False,0.0,0.0017687668,0.031088965,0.0022728937,0.01070772,0.6033432,0.027027415,0.27135852,0.020137396,0.015597661,0.0,0.0021172457,0.0,0.014580329
99999E00011653,1,False,IL,IL.01,False,0.994454,0.0,0.0,0.0,0.0,0.005546001,0.0,0.0,0.0,0.0,0.0,0.0,0.0,0.0
99999E00011655,4,False,94,94.99,False,0.0,0.0,0.03183969,0.0003795058,0.0020165266,0.94194645,0.0,0.01719917,0.0018971269,0.0009441413,0.0,0.0,0.0,0.0037773692
99999E00011698,4,False,DO,DO.01,False,0.0,0.0065302327,0.015299892,0.0,0.01010657,0.016246418,0.017861687,0.25883096,0.018713903,0.12989075,0.104683205,0.08654715,0.018895661,0.3163936
99999E00011700,6,False,DO,DO.02,False,0.012053827,0.0,0.02594296,0.012360612,0.0,0.8830202,0.0,0.055025402,0.0036679094,0.0,0.007929118,0.0,0.0,0.0
99999E00011704,6,False,DO,DO.02,False,0.0,0.0,0.010084578,0.0033685688,0.0,0.3390056,0.0008476945,0.64519113,0.0015023829,0.0,0.0,0.0,0.0,0.0
99999E00011708,6,False,DO,DO.02,False,0.0,0.0031375808,0.045057952,0.02103182,0.0,0.7017722,0.016662128,0.06374017,0.035115115,0.033868678,0.061003737,0.010845427,0.0,0.0077651544
99999E00011733,1,False,DO,DO.02,False,0.0012755452,0.0,0.002968968,0.0,0.001576497,0.65639466,0.0,0.33662164,0.0,0.0,0.001162711,0.0,0.0,0.0
99999E00011756,6,False,DO,DO.02,False,0.0,0.0,0.0,0.0011237563,0.0,0.9610934,0.0,0.017623305,0.0,0.0,0.020159548,0.0,0.0,0.0
99999E00011772,3,False,DO,DO.01,False,0.0019908252,0.13370681,0.23445845,0.074624166,0.14450493,0.09179574,0.061730534,0.012475837,0.039844546,0.012844092,0.029428696,0.032785058,0.022787007,0.10702321
99999E00011809,6,False,DO,DO.01,False,0.019683536,0.014684263,0.078101106,0.09562077,0.0077488776,0.6542691,0.006377774,0.055165086,0.03248346,0.005524347,0.010795773,0.005244802,0.0,0.014301183
99999E00011819,4,False,DO,DO.01,False,0.0,0.009375951,0.040554788,0.009850782,0.004123949,0.3564186,0.015951445,0.10663111,0.12462617,0.20224272,0.036882065,0.06482628,0.013650744,0.014865369
99999E00011834,4,False,DO,DO.01,False,0.0,0.011907927,0.11745329,0.009101956,0.109289795,0.05195574,0.042078666,0.33692136,0.07191778,0.06486004,0.037097808,0.04659475,0.054369695,0.046451207
99999E00011857,6,False,DO,DO.01,False,0.0,0.008460722,0.184005,0.014590478,0.039121617,0.20578334,0.029723955,0.40936238,0.063779786,0.00918105,0.0,0.0,0.0017637366,0.03422802
99999E00011862,4,False,DO,DO.01,False,0.07503201,0.063873105,0.024062607,0.18678196,0.056566168,0.48882788,0.015892439,0.015723456,0.0022782013,0.017712556,0.0,0.0037481394,0.023924164,0.025577338
99999E00011877,6,False,DO,DO.01,False,0.0040784334,0.04546485,0.09836023,0.09805234,0.0,0.58890516,0.052470542,0.04015759,0.03586902,0.0,0.010169589,0.016857343,0.0,0.009615017
99999E00011894,4,False,DO,DO.01,False,0.0021939338,0.0055868775,0.08120106,0.51912045,0.0020663794,0.35304475,0.008775735,0.015714688,0.0,0.0023725098,0.0,0.0,0.0036735632,0.0062501603
99999E00011932,3,False,DO,DO.01,False,0.004348817,0.019554593,0.059971772,0.051021084,0.003018196,0.6769968,0.023713198,0.047080338,0.027493905,0.013461221,0.028352775,0.010090261,0.0039801304,0.030916817
99999E00011937,4,False,DO,DO.01,False,0.0,0.025754768,0.10249967,0.005178969,0.026975125,0.08097086,0.037641115,0.30193573,0.09610894,0.051502276,0.16434,0.08047783,0.010014724,0.016599989
99999E00011963,6,False,DO,DO.01,False,0.0,0.19495863,0.03655552,0.1596268,0.006025294,0.2797662,0.07593733,0.008367083,0.012603423,0.039723456,0.0,0.004633886,0.0,0.18180236
99999E00011984,3,False,DO,DO.01,False,0.0,0.027510788,0.40911707,0.08839344,0.0,0.21821217,0.031682566,0.080817334,0.017300116,0.051642973,0.0,0.0,0.060962208,0.014361389
99999E00011991,3,False,DO,DO.01,False,0.0,0.10236474,0.07801347,0.16559206,0.019652948,0.250685,0.051693663,0.02466946,0.12920065,0.047247063,0.036298025,0.017614374,0.020665387,0.056303173
99999E00011996,2,False,DO,DO.01,False,0.0,0.21893458,0.15291913,0.044564374,0.0048762015,0.0,0.031703196,0.02311856,0.26182622,0.028399792,0.0017779459,0.026169468,0.19430634,0.011404104
99999E00011999,6,False,DO,DO.01,False,0.0,0.019760711,0.16342327,0.0863596,0.04357761,0.2365215,0.074121684,0.12921765,0.005157311,0.0,0.03662499,0.0025303157,0.010181093,0.19252428
99999E00012030,4,False,DO,DO.01,False,0.039024036,0.02147123,0.15000103,0.14208095,0.02304443,0.18758507,0.07748622,0.21817085,0.061926957,0.038865887,0.027753616,0.0,0.0,0.0125897415
99999E00012034,4,False,DO,DO.01,False,0.0,0.122467555,0.5033803,0.069395304,0.021249546,0.008618819,0.030334804,0.0821951,0.09570905,0.0026682464,0.009461808,0.0012069953,0.021441348,0.03187105
99999E00012057,4,False,DO,DO.01,False,0.0,0.09995389,0.36011773,0.078065135,0.025421226,0.086008616,0.03512377,0.022085734,0.25705272,0.008508963,0.0036583452,0.00931642,0.011672266,0.0030152488
99999E00012077,3,False,DO,DO.01,False,0.0006394416,0.08769322,0.12071228,0.17320049,0.0152386315,0.2263403,0.035613324,0.07176421,0.03235453,0.081300326,0.025763186,0.012823047,0.021290896,0.09526616
99999E00012126,4,False,DO,DO.01,False,0.015823167,0.22601981,0.12312804,0.15356192,0.0496425,0.13536564,0.05403796,0.046430077,0.0398934,0.03841961,0.041283604,0.026118463,0.019405212,0.030870592
99999E00012282,3,False,DO,DO.01,False,0.0,0.037926223,0.16911195,0.07110088,0.0,0.27169052,0.029376093,0.2072165,0.15639031,0.009603318,0.023376236,0.002963975,0.009275904,0.011968073
99999E00012449,4,False,01,01.50,False,0.026390782,0.034240756,0.032020178,0.049751382,0.053685833,0.026333988,0.034897793,0.005891098,0.0032105928,0.06577873,0.23857723,0.032814194,0.2482914,0.14811602
99999E00012496,3,False,DO,DO.01,False,0.0,0.3233958,0.08364484,0.08601081,0.0,0.07083925,0.10501795,0.00756139,0.21029812,0.031971265,0.031922482,0.034611657,0.0012378728,0.013488545
99999E00012503,6,False,85,85.3,False,0.0,0.0,0.0,0.0,0.0,0.43462712,0.014616613,0.5117683,0.0,0.0,0.038988035,0.0,0.0,0.0
99999E00012530,6,False,DO,DO.02,False,0.002367619,0.0,0.060331367,0.012498282,0.0048320033,0.67207146,0.01501261,0.19787334,0.0076881293,0.0046478375,0.014063688,0.005936996,0.0,0.0026766425
99999E00012531,3,False,DO,DO.01,False,0.0,0.08781832,0.25610822,0.01253004,0.0019605362,0.22289768,0.023015222,0.10336295,0.17720455,0.033205263,0.008706467,0.0120056495,0.020335292,0.040849775
99999E00012532,3,False,DO,DO.01,False,0.0,0.11029207,0.07914654,0.19966213,0.00721449,0.061022934,0.060989324,0.03621584,0.1662111,0.033894658,0.053263996,0.042590134,0.024199907,0.12529688
99999E00012591,4,False,DO,DO.01,False,0.0,0.08802837,0.23256262,0.08347635,0.030911567,0.21517487,0.042029466,0.12831953,0.043476477,0.01219174,0.020439235,0.0202991,0.04317574,0.039914846
99999E00012594,4,False,DO,DO.01,False,0.024258718,0.06400611,0.2054516,0.10716615,0.017878128,0.19813132,0.06336423,0.10239832,0.08618928,0.029603042,0.0021077476,0.0,0.0557864,0.043659054
99999E00012627,2,False,DO,DO.01,False,0.0,0.12701869,0.14061375,0.09218241,0.017143838,0.17037545,0.038453624,0.21700668,0.12914452,0.0,0.01961255,0.0147437,0.033704784,0.0
99999E00012669,6,False,DO,DO.01,False,0.0,0.03323628,0.20062779,0.11113755,0.00659074,0.40774545,0.05154358,0.12643556,0.02709542,0.012635298,0.0017411757,0.0,0.0041469783,0.017064154
99999E00012705,2,False,DO,DO.01,False,0.0,0.5108855,0.263584,0.011480058,0.007866813,0.031604465,0.17457922,0.0,0.0,0.0,0.0,0.0,0.0,0.0
99999E00012764,3,False,DO,DO.01,False,0.20513734,0.066697374,0.017522192,0.012895663,0.013335287,0.6055728,0.009608944,0.0061756833,0.021164795,0.014842573,0.0,0.0,0.0018213032,0.025226096
99999E00012929,6,False,DO,DO.01,False,0.0,0.004292258,0.29268125,0.005191849,0.0,0.09208882,0.006932065,0.50544286,0.011973068,0.047564525,0.016472397,0.0029798972,0.00038397196,0.01399715
99999E00012962,2,False,68,68.31,False,0.0,0.06124016,0.1591169,0.022273805,0.00040109918,0.120304145,0.12440049,0.20291351,0.13982148,0.044590283,0.05177593,0.03230982,0.0008534025,0.039998975
99999E00012969,2,False,DO,DO.01,False,0.0061657955,0.024770455,0.0361951,0.17973576,0.004902893,0.12660727,0.10125899,0.051998455,0.06556126,0.09403631,0.2696213,0.020641642,0.0123949805,0.0061097206
99999E00012970,3,False,DO,DO.01,False,0.0033789952,0.07195718,0.2772477,0.185111,0.007888522,0.25691074,0.01820501,0.10243426,0.024585104,0.001996536,0.0047331136,0.030401513,0.0022894032,0.012860967
99999E00012972,4,False,DO,DO.01,False,0.016333964,0.101311125,0.08072947,0.061061673,0.00918192,0.3115937,0.03941373,0.12582144,0.11097743,0.01241823,0.018264381,0.009717968,0.04323582,0.059939206
99999E00012973,3,False,DO,DO.01,False,0.010853623,0.0044095805,0.036655482,0.06227079,0.029481463,0.040066082,0.023829577,0.25869313,0.08890671,0.10286678,0.16675432,0.08918247,0.0073511023,0.07867897
99999E00012974,3,False,DO,DO.01,False,0.0,0.047848556,0.10159777,0.04829307,0.041154373,0.023119366,0.06569598,0.16751872,0.13914067,0.118231274,0.11064161,0.041793615,0.0065681026,0.088396996
99999E00013010,4,False,DO,DO.01,False,0.030419225,0.01891599,0.01722202,0.07367125,0.009691081,0.6605134,0.009290568,0.030333871,0.059728835,0.040852237,0.0,0.017235152,0.0,0.032126326
99999E00013038,3,False,DO,DO.01,False,0.005204381,0.1310128,0.10197091,0.094525546,0.0062895115,0.024636699,0.05024941,0.26148605,0.062314153,0.06397014,0.06366501,8.284979e-05,0.015181718,0.11941079
99999E00013140,4,False,DO,DO.01,False,0.0,0.011368513,0.14160421,0.03871396,0.09803171,0.11738733,0.08151527,0.22835138,0.18039535,0.0042770496,0.034251437,0.0032268935,0.0042608893,0.05661601
99999E00013147,4,False,DO,DO.01,False,0.0043886825,0.103918396,0.074640974,0.17805217,0.19756888,0.059136387,0.13928191,0.04082709,0.03566287,0.015546527,0.059443362,0.018392712,0.011127338,0.0620126
99999E00013162,3,False,DO,DO.01,False,0.0,0.0044804974,0.018975623,0.0011866158,0.009175814,0.9463465,0.0024652965,0.008551818,0.0037132893,0.003743977,0.0,0.0013605163,0.0,0.0
99999E00013314,3,False,DO,DO.01,False,0.0,0.19494522,0.067204006,0.227706,0.0,0.2090096,0.052519225,0.016419815,0.034737665,0.040557947,0.07034285,0.025147608,0.016036004,0.045374002
99999E00013320,3,False,DO,DO.01,False,0.0016992762,0.08651908,0.09000979,0.14771223,0.006459169,0.22440429,0.10946218,0.101568714,0.045214187,0.025381617,0.06299227,0.02008794,0.013002822,0.065486446
99999E00013325,6,False,55,55.10,False,0.0,0.0,0.06796833,0.00033368767,0.0,0.14145517,0.0014387073,0.71700704,0.0013697239,0.0,0.0024278988,0.0,0.0,0.06799945
99999E00013332,6,False,84,84.11,False,0.0,0.0,0.007888035,0.0,0.0,0.992112,0.0,0.0,0.0,0.0,0.0,0.0,0.0,0.0
99999E00013376,6,False,DO,DO.01,False,0.0,0.0,0.027210891,0.0065629664,0.013772985,0.8574865,0.014697347,0.050678115,0.01572955,0.010976793,0.0,0.0,0.0,0.0028847782
99999E00013601,2,False,96,96.0,False,0.0,0.0,0.0,0.0,0.008529556,0.0016591158,0.038585074,0.0013187843,0.04273286,0.14551294,0.6787059,0.08295578,0.0,0.0
99999E00013630,4,False,DO,DO.01,False,0.0,0.009437982,0.087687775,0.02401986,0.0053015854,0.14381096,0.04803924,0.27398956,0.18797119,0.100035615,0.01887788,0.03010415,0.01215468,0.058569558
99999E00013759,4,False,DO,DO.01,False,0.0,0.008607478,0.057137392,0.023531124,0.0,0.57991874,0.005668598,0.24587914,0.014583318,0.03342901,0.0,0.00660332,0.004373459,0.02026846
99999E00013777,4,False,DO,DO.01,False,0.0,0.04016763,0.11873915,0.083661705,0.20671487,0.005395891,0.16574931,0.021445222,0.06106466,0.08455601,0.052545432,0.07572228,0.059536673,0.024701204
99999E00013783,4,False,DO,DO.02,False,0.01451254,0.026375405,0.089037225,0.07881271,0.0,0.695176,0.014320389,0.024858417,0.014896845,0.0072815535,0.0015068771,0.0041565537,0.009708739,0.019356797
99999E00013809,2,False,16,16.10,False,0.0,0.0,0.0,0.36828193,0.0,0.0,0.0,0.0,0.0,0.0,0.0,0.0,0.6317181,0.0
99999E00013841,6,False,68,68.32,False,0.0,0.0,0.01205686,0.0054983795,0.0,0.928066,0.0,0.04636726,0.0,0.0,0.003926087,0.0,0.0,0.004085388
99999E00013846,6,False,DO,DO.01,False,0.0,0.0,0.08263316,0.026698487,0.0115971295,0.47160053,0.017870493,0.27419907,0.038525175,0.029978173,0.006932562,0.012993928,0.022806644,0.004164681
99999E00013907,2,False,DO,DO.01,False,0.0,0.19540353,0.048518892,0.38166907,0.006680506,0.02573496,0.065782376,0.0,0.24745856,0.0,0.014994252,0.0026406571,0.0,0.011117216
99999E00013975,2,False,DO,DO.01,False,0.0,0.46171868,0.057849996,0.02634187,0.061874866,0.0,0.05010062,0.0,0.0,0.0075391224,0.0,0.29144263,0.0,0.043132186
99999E00014022,3,False,DO,DO.01,False,0.0021992403,0.046352,0.1793276,0.13496652,0.006452587,0.43045124,0.015265349,0.1104097,0.03169001,0.016171848,0.006008409,0.012490842,0.0036377,0.0045769713
99999E00014030,6,False,DO,DO.01,False,0.0,0.014040309,0.005093103,0.0,0.0,0.9808666,0.0,0.0,0.0,0.0,0.0,0.0,0.0,0.0
99999E00014084,3,False,DO,DO.01,False,0.0,0.14267868,0.28746322,0.043444276,0.0,0.046495944,0.046970647,0.0001570447,0.3043348,0.032315515,0.042755425,0.021161774,0.032222718,0.0
99999E00014145,3,False,DO,DO.01,False,0.02281877,0.06458681,0.24800068,0.09686786,0.012501027,0.11375056,0.09949467,0.1628649,0.022743246,0.034784272,0.035174243,0.048127033,0.0,0.03828577
99999E00014170,2,False,DO,DO.01,False,0.0,0.08341518,0.335398,0.0,0.12583771,0.033395477,0.028932052,0.04532243,0.10696841,0.039716426,0.091754034,0.033903286,0.030929903,0.044427074
99999E00014235,4,False,DO,DO.01,False,0.0,0.03072448,0.04144873,0.1706663,0.0028845347,0.37239224,0.09982165,0.009826569,0.0,0.0,0.0,0.026188223,0.08562639,0.16042084
99999E00014341,4,False,DO,DO.01,True,0.023674393,0.0,0.0,0.081550285,0.058079313,0.0029854148,0.031062135,0.02419042,0.08577117,0.31641233,0.12434122,0.23955812,0.0015794971,0.010795718
99999E00014367,3,False,DO,DO.01,False,0.0,0.040245622,0.08989977,0.017183088,0.028296158,0.51774067,0.061469506,0.042543054,0.073429555,0.024932947,0.027667983,0.04365471,0.0329369,0.0
99999E00014368,3,False,DO,DO.01,False,0.0035244757,0.11584529,0.023018543,0.090244055,0.017182032,0.43261793,0.06269647,0.060873143,0.08346831,0.023701549,0.035423778,0.024079958,0.011286976,0.016037468
99999E00014430,3,False,DO,DO.01,False,0.004163882,0.0130331,0.04530954,0.00874466,0.023356376,0.23236898,0.013028017,0.23134454,0.02145492,0.16039841,0.1275856,0.07863584,0.006088215,0.034488022
99999E00014466,6,False,DO,DO.01,False,0.0,0.0073922053,0.1321057,0.012532539,0.0,0.56923336,0.036623336,0.034448173,0.108015776,0.025313718,0.00797413,0.0065739844,0.03879938,0.02098764
99999E00014471,6,False,84,84.11,True,0.03387809,0.0,0.038221773,0.07747524,0.0011462821,0.6778617,0.011727884,0.034937747,0.004487175,0.0,0.011542098,0.0,0.0,0.10872209
99999E00014484,4,False,DO,DO.01,True,0.015417032,0.09016314,0.3480421,0.13337502,0.035481337,0.116215624,0.026486235,0.13032259,0.01523722,0.021365572,0.0008447589,0.01037857,0.016754262,0.039916508
99999E00014530,6,False,70,70.2,False,0.0,0.0,0.0,0.0,0.0,0.96746004,0.0024985445,0.0021388065,0.0,0.006468744,0.0,0.0,0.021433849,0.0
99999E00014567,3,False,DO,DO.01,False,0.0,0.10634245,0.0777773,0.05988132,0.02549367,0.4110278,0.0029490557,0.08016103,0.05682424,0.00939449,0.12023794,0.016099181,0.012944879,0.02086664
99999E00014611,3,False,DO,DO.01,False,0.0,0.033568997,0.07361048,0.25105956,0.0021365688,0.16441116,0.13714491,0.12983082,0.11042967,0.047906563,0.022174746,0.0014600272,0.0029363285,0.02333021
99999E00014618,4,False,DO,DO.01,False,0.0,0.0,0.20957775,0.0023709356,0.06527697,0.29716253,0.027531613,0.15925166,0.036012784,0.014796029,0.04688701,0.015160242,0.08061102,0.045361426
99999E00014624,2,False,DO,DO.01,False,0.013358375,0.0141301565,0.046562143,0.19140987,0.05067624,0.30529293,0.0802934,0.12134571,0.062302776,0.014080365,0.0,0.006765546,0.0,0.09378248
99999E00014638,2,False,DO,DO.01,False,0.00081557815,0.013933248,0.29269877,0.059736986,0.023054449,0.042923216,0.041055325,0.15600051,0.14694637,0.033447593,0.08893975,0.025109813,0.0034196808,0.07191865
99999E00014656,3,False,DO,DO.01,False,0.029007018,0.066929996,0.009797224,0.021491889,0.0,0.5930837,0.010839237,0.04480658,0.081087604,0.005123951,0.028590785,0.031863224,0.044924278,0.03245456
99999E00014672,2,False,DO,DO.01,False,0.0,0.34848186,0.07233546,0.21906155,0.025101524,0.0776759,0.020615755,0.067419894,0.07935559,0.043405224,0.0,0.0,0.022058316,0.024488928
99999E00014674,3,False,DO,DO.01,False,0.0037445368,0.0,0.23597948,0.025094533,0.036721017,0.22140649,0.039802585,0.035395082,0.28074205,0.057714973,0.0289864,0.0072312527,0.00036831512,0.026813336
99999E00014734,2,False,DO,DO.01,False,0.0,0.087931,0.085594214,0.5191497,0.0,0.0,0.100418985,0.0,0.036144804,0.16459267,0.0061686127,0.0,0.0,0.0
99999E00014765,6,False,55,55.10,False,0.0,0.01868,0.5169432,0.03615166,0.0,0.25525394,0.0019038743,0.15426508,0.011527202,0.0,0.0,0.0,0.0,0.0052750795
99999E00014778,6,False,DO,DO.01,False,0.0,0.0,0.004493745,0.0,0.0,0.036586776,0.005316916,0.53840256,0.03141006,0.0,0.35785353,0.0,0.0,0.02593641
99999E00014840,2,False,DO,DO.01,False,0.0,0.0,0.0,0.0,0.0,0.8763784,0.044433907,0.020383213,0.024449877,0.03435457,0.0,0.0,0.0,0.0
99999E00014863,4,False,DO,DO.01,False,0.044211462,0.008976271,0.34223557,0.080671705,0.0086922245,0.41824952,0.013425046,0.043305833,0.031011367,0.0049579884,0.0,0.00019346247,6.880105e-05,0.004000813
99999E00014875,4,False,DO,DO.01,False,0.0,0.0029109342,0.10751842,0.1136263,0.057934314,0.027845096,0.0357867,0.3197949,0.10425659,0.04188187,0.103978805,0.004441604,0.015767785,0.06425674
99999E00014892,3,False,DO,DO.01,False,0.0,0.028950015,0.27287257,0.07029981,0.029826507,0.14820449,0.0,0.17694825,0.10296203,0.030496767,0.044262845,0.07084118,0.0111623835,0.013173159
99999E00014895,4,False,DO,DO.01,False,0.0,0.0,0.10144165,0.03668955,0.021853548,0.33594206,0.045751337,0.26633105,0.1259344,0.010610222,0.0,0.0013424867,0.0,0.054103736
99999E00014910,2,False,DO,DO.01,False,0.016481616,0.19847116,0.2780948,0.15974887,0.0,0.0,0.04247518,0.021341356,0.020459337,0.083826214,0.0,0.038774166,0.12071528,0.019611912
99999E00015000,4,False,DO,DO.01,False,0.0,0.0,0.24231818,0.14760521,0.0,0.21649939,0.0,0.0,0.002135059,0.16054763,0.0,0.0,0.0012326115,0.22966193
99999E00015015,6,False,DO,DO.01,False,0.0,0.0034597425,0.2140305,0.12545897,0.008288502,0.22980502,0.045392245,0.17510548,0.07975105,0.013350036,0.012345593,0.0,0.009029344,0.08398352
99999E00015044,6,False,DO,DO.02,False,0.0014753861,0.0,0.06446719,0.019112632,0.002996792,0.8210334,0.0,0.06818935,0.0120266145,0.0,0.0036514844,0.0,0.0,0.0070471186
99999E00015052,2,False,DO,DO.01,False,0.0,0.06115924,0.20891859,0.0076428656,0.059217934,0.055767637,0.09888416,0.20151228,0.0926361,0.0683698,0.0,0.120703444,0.0,0.025188014
99999E00015108,4,False,DO,DO.01,False,0.0,0.012755013,0.07358661,0.05304206,0.09190022,0.36913377,0.044402312,0.20876838,0.049335048,0.0401898,0.007295594,0.027223919,0.010769595,0.011597655
99999E00015126,6,False,DO,DO.01,False,0.0017946346,0.0,0.040396173,0.024205038,0.022823395,0.16875385,0.03425762,0.2622363,0.110747345,0.17342252,0.070839256,0.017756745,0.031197729,0.04156944
99999E00015131,2,False,01,01.4,False,0.00722539,0.0,0.0043859077,0.008367735,0.0,0.92716944,0.0025708233,0.04787585,0.0,0.0024048227,0.0,0.0,0.0,0.0
99999E00015141,4,False,DO,DO.01,True,0.14650767,0.11849007,0.21849245,0.13476348,0.14589544,0.05447758,0.004127643,0.07370611,0.024839295,0.010644747,0.004999241,0.04730597,0.0032463723,0.012504014
99999E00015166,3,False,DO,DO.01,False,0.0070702704,0.104400724,0.20669572,0.1610031,0.0054818355,0.12859282,0.08006697,0.04618981,0.05448568,0.043116216,0.00873639,0.017043225,0.02435569,0.11276148
99999E00015243,2,False,DO,DO.01,False,0.0,0.0,0.0,0.045901638,0.010538125,0.3766656,0.13242137,0.010813157,0.09233887,0.08725799,0.15144934,0.032265767,0.0,0.06034813
99999E00015260,4,False,DO,DO.01,False,0.0,0.0009352648,0.08091336,0.027893264,0.08237996,0.38002822,0.015773144,0.34477818,0.021091618,6.2143845e-05,0.033437535,0.0024153239,0.0,0.010292056
99999E00015335,4,False,DO,DO.01,False,0.0,0.07702751,0.14320908,0.024538301,0.03919216,0.022168735,0.033109426,0.14759172,0.26565903,0.060801707,0.037793405,0.071058944,0.043182593,0.034667388
99999E00015402,4,False,DO,DO.02,False,0.0020238315,0.04196037,0.1519213,0.02772269,0.02959443,0.60980326,0.013767585,0.069850706,0.0151700955,0.0039560637,0.0038670567,0.004604174,0.008003727,0.017754758
99999E00015544,6,False,DO,DO.02,False,0.0,0.0,0.054579243,0.022987464,0.0,0.77590716,0.015936228,0.083959915,0.027406571,0.002251655,0.0060595092,0.0,0.0,0.010912106
99999E00015653,4,False,DO,DO.01,False,0.0047571105,0.100434534,0.058495473,0.2265499,0.0054524085,0.4838603,0.031584136,0.009372473,0.03741413,0.0073904456,0.0,0.0,0.011817625,0.022871522
99999E00015728,3,False,DO,DO.01,False,0.0020690649,0.031163773,0.16624346,0.014808763,0.014697707,0.5807361,0.0018004794,0.10027395,0.023758195,0.0059307497,0.0,0.009890848,0.044923823,0.0037031304
99999E00015850,3,False,DO,DO.01,False,0.03608008,0.06727113,0.08375886,0.24324343,0.0060709612,0.24110675,0.06163475,0.019595642,0.029627215,0.061730225,0.0356883,0.0294626,0.052554645,0.03217544
99999E00015853,4,False,DO,DO.02,False,0.003108366,0.10933676,0.15179421,0.0626689,0.20461877,0.042973157,0.09661012,0.10328958,0.042294968,0.046674937,0.007138645,0.039688177,0.044915885,0.04488763
99999E00015858,6,False,DO,DO.01,False,0.0058337427,0.009126706,0.12778147,0.1876797,0.006477196,0.47599405,0.096912935,0.023540739,0.022613063,0.0047643036,0.0074021155,0.0,0.0,0.031873967
99999E00015929,4,False,DO,DO.01,True,0.17575139,0.12773462,0.13278511,0.2374275,0.058088936,0.029080143,0.14381266,0.014717258,0.006201017,0.0007432338,0.002141817,0.014692214,0.018209936,0.038614135
99999E00015959,4,False,84,84.24,False,0.014944498,0.061508663,0.27232975,0.08952596,0.017080951,0.17958769,0.014342447,0.18194877,0.09992396,0.0,0.0,0.0036023664,0.044635758,0.020569168
99999E00015991,4,False,DO,DO.01,False,0.0,0.009036359,0.06883842,0.08888208,0.024972346,0.53697884,0.0110490145,0.20623279,0.008659382,0.012008352,0.015458167,0.014318259,0.0013136116,0.002252358
99999E00016040,2,False,DO,DO.01,False,0.0,0.0362356,0.08923782,0.050129093,0.0,0.0,0.06820168,0.13377135,0.0,0.0729534,0.104055546,0.20200317,0.08382308,0.15958932
99999E00016045,3,False,DO,DO.01,False,0.0025142925,0.1519393,0.047329012,0.24863304,0.027873572,0.08927542,0.13374266,0.028827494,0.17617093,0.06540766,0.0,0.007533043,0.020668337,8.5230255e-05
99999E00016087,3,False,DO,DO.01,False,0.0,0.02506597,0.10239445,0.14758621,0.0030038278,0.5461081,0.029417649,0.07526363,0.017143868,0.017688558,0.0,0.008920944,0.00029790026,0.027108923
99999E00016089,4,False,DO,DO.01,False,0.030422332,0.095577374,0.09402092,0.29762813,0.011421737,0.16830648,0.101803206,0.048932295,0.067250796,0.03618625,0.00791871,0.015544636,0.0038931393,0.021093955
99999E00016090,3,False,DO,DO.01,False,0.0,0.12167455,0.1787032,0.0648846,0.004743697,0.17736143,0.054243144,0.15395348,0.050444942,0.039937895,0.02031424,0.033073787,0.027136635,0.07352846
99999E00016141,4,False,DO,DO.01,False,0.005155479,0.09762001,0.053045314,0.025486087,0.56867063,0.026720533,0.021375671,0.026877198,0.08795522,0.009693107,0.009179698,0.049309257,0.013795972,0.0051158415
99999E00016150,3,False,DO,DO.01,False,0.0,0.0,0.1392694,0.0,0.0,0.6952933,0.029153494,0.0,0.0,0.0,0.0,0.0,0.0,0.1362838
99999E00016228,6,False,DO,DO.02,False,0.0,0.0019377592,0.27459064,0.013155162,0.013780313,0.42789376,0.0016843758,0.25678945,0.0017383755,0.0019273745,0.002251373,0.0,0.0,0.0042514396
99999E00016231,4,False,DO,DO.01,False,0.0,0.070803955,0.5660606,0.027552143,0.043232933,0.036810584,0.016364696,0.141953,0.017387796,0.019162245,0.0044815466,0.0056489785,0.02208171,0.028459817
99999E00016238,4,False,DO,DO.02,False,0.00573855,0.0027359505,0.05209734,0.019062024,0.1742516,0.4276553,0.001664874,0.30953997,0.0,0.0,0.0,0.0027718027,0.00342498,0.001057632
99999E00016258,4,False,DO,DO.01,False,0.0,0.0,0.27043676,0.1674184,0.03663018,0.18561299,0.0,0.28175518,0.0,0.010679786,0.0,0.03317602,0.009298121,0.0049924687
99999E00016266,2,False,DO,DO.01,False,0.0,0.055143893,0.11652317,0.35755432,0.004898347,0.038299575,0.04699039,0.06424081,0.0,0.113030605,0.0,0.051476378,0.09338723,0.05845527
99999E00016300,4,False,68,68.20,False,0.004746468,0.09260162,0.039801974,0.032290943,0.0,0.58383167,0.023621108,0.012542646,0.19202262,0.0021072943,0.0,0.0,0.006886119,0.009547539
99999E00016301,3,False,68,68.20,False,0.0,0.060085185,0.18360674,0.16438234,0.040107433,0.08288301,0.08836367,0.043876726,0.14651775,0.039770935,0.027226297,0.026256977,0.025080485,0.071842566
99999E00016303,3,False,68,68.20,False,0.009005328,0.1409911,0.13495135,0.22666173,0.0263403,0.10187279,0.1016685,0.024614662,0.10992958,0.039955433,5.8568923e-05,6.999701e-05,0.03861263,0.04526806
99999E00016364,4,False,DO,DO.01,False,0.0050199055,0.013524077,0.40680426,0.06915386,0.02433873,0.19047882,0.056725796,0.07005076,0.11896694,0.0,0.0065703085,0.007581347,0.01916508,0.011620099
99999E00016420,5,False,81,81.22,False,0.014153292,0.0336303,0.06304058,0.011130748,0.026308386,0.21605049,0.09823625,0.0016375113,0.055862937,0.12600902,0.10937421,0.06300451,0.041471597,0.14009017
99999E00016462,4,False,DO,DO.01,False,0.0019733137,0.022996323,0.26898077,0.061100382,0.04106953,0.20324299,0.096745715,0.118864566,0.057197098,0.016729327,0.0039732982,0.008229309,0.014968047,0.083929345
99999E00016467,4,False,DO,DO.01,False,0.0,0.052799277,0.15750031,0.05827061,0.21903674,0.012503022,0.057196856,0.205846,0.05210659,0.007879197,0.047464095,0.07106361,0.0061702454,0.052163336
99999E00016495,3,False,DO,DO.01,False,0.0033253967,0.17671818,0.08151277,0.17596795,0.0020189907,0.2734009,0.09115874,0.039218247,0.06686712,0.013197306,0.033361144,0.018014496,0.012244295,0.012994537
99999E00016498,3,False,DO,DO.01,False,0.0014660984,0.13930564,0.027540581,0.20753439,0.0,0.4064929,0.021392426,0.046473745,0.037414413,0.008901687,0.022133358,0.069090545,0.012254271,0.0
99999E00016506,6,False,DO,DO.01,False,0.0,0.03722432,0.06559974,0.035964508,0.0,0.6114074,0.11591981,0.016074186,0.07189123,0.01879244,0.013482237,0.0047866316,0.0,0.008857535
99999E00016586,3,False,DO,DO.01,False,0.0,0.10132806,0.13604996,0.25030637,0.02449282,0.12399286,0.11644878,0.014359403,0.15077375,0.02530504,0.007529833,0.020895846,0.017203195,0.011314087
99999E00016737,2,False,DO,DO.01,False,0.0,0.02876888,0.20138216,0.14524007,0.041374963,0.0,0.13207121,0.12624091,0.0,0.11307206,0.0,0.04781307,0.073542975,0.09049366
99999E00016749,3,False,DO,DO.01,False,0.026091497,0.037467644,0.15809344,0.03253393,0.18809615,0.40726757,0.06545398,0.0615642,0.0033820986,0.0004933717,0.0,0.0,0.0,0.019556109
99999E00016774,2,False,DO,DO.01,False,0.004974975,0.050291523,0.09708413,0.095955275,0.013375066,0.21166286,0.09217624,0.13708688,0.0784154,0.05226742,0.03551085,0.016828697,0.011410908,0.102959834
99999E00016791,4,False,DO,DO.02,False,0.038366593,0.0024485977,0.07635909,0.05246434,0.020189593,0.47305804,0.04412882,0.19718273,0.052623045,0.01301297,0.019200737,0.0023430847,0.000799631,0.007822781
99999E00016806,6,False,DO,DO.02,False,0.0,0.0053754603,0.13501053,0.057650752,0.008108849,0.43083742,0.014470521,0.3086872,0.015298451,0.0028551428,0.0070891557,0.0,0.0,0.014616627
99999E00016807,6,False,DO,DO.02,False,0.0,0.0,0.015115076,0.003019766,0.0,0.9513147,0.0022172243,0.025657289,0.0,0.0,0.0017019081,0.0,0.0,0.00097409706
99999E00016811,6,False,DO,DO.02,False,0.0,0.0,0.029096503,0.002343578,0.0,0.7557595,0.0,0.20901744,0.0,0.0037830228,0.0,0.0,0.0,0.0
99999E00016820,3,False,DO,DO.01,False,0.00085169583,0.041377418,0.19431269,0.056872327,0.19962448,0.027810423,0.04329617,0.24607599,0.0649242,0.010234672,0.062976815,0.01051246,0.0001420448,0.040988516
99999E00016829,3,False,DO,DO.01,False,0.012109305,0.0003667899,0.04644607,0.15066154,0.023207316,0.15211299,0.12100397,0.041279577,0.14348295,0.050658915,0.0936362,0.046005923,0.006633657,0.112394884
99999E00016879,4,False,74,74.90,False,0.35854492,0.11763123,0.11745037,0.081091695,0.0033232535,0.157096,0.030106973,0.06346493,0.017549148,0.0021378414,0.014095565,0.0009161865,0.0038631686,0.032728717
99999E00016906,6,False,DO,DO.01,False,0.0,0.0078084236,0.13813815,0.058583215,0.055018637,0.11136181,0.11874506,0.39849532,0.041826226,0.017413365,0.022005774,0.0,0.006124221,0.024479708
99999E00016951,2,False,DO,DO.01,False,0.00073649804,0.006385935,0.057079338,0.0,0.0,0.10584073,0.4107903,0.17439458,0.23879609,0.0,0.005976606,0.0,0.0,0.0
99999E00017017,4,False,DO,DO.01,False,0.17717579,0.017610498,0.018324383,0.038571216,0.03206476,0.6134071,0.010194223,0.04893033,0.009757744,0.012859657,0.0,0.0,0.0014219536,0.01968232
99999E00017071,3,False,DO,DO.01,False,0.0013685372,0.01795974,0.04576322,0.0053069983,0.20329246,0.0075382045,0.010398632,0.31992388,0.103852116,0.006020197,0.19204442,0.013629922,0.01523512,0.0576666
99999E00017174,4,False,74,74.20,False,0.0,0.0050555603,0.057874482,0.0082675535,0.0,0.41643882,0.0041534407,0.015098459,0.019885149,0.019792048,0.0,0.0,0.012767717,0.44066682
99999E00017209,3,False,DO,DO.01,False,0.0,0.038743503,0.10166778,0.18089184,0.0037745356,0.3201717,0.049226444,0.04136,0.0,0.15094994,0.032047212,0.010771235,0.0,0.07039582
99999E00017222,4,False,DO,DO.01,False,0.0,0.019959152,0.24151357,0.2447393,0.0,0.08973189,0.1321416,0.11221626,0.026293932,0.014280218,0.0,0.0018114322,0.04722116,0.070091404
99999E00017239,4,False,DO,DO.01,False,0.0,0.029152239,0.22065409,0.000988984,0.0050011454,0.45762137,0.015610085,0.16043083,0.08306163,0.007321203,0.006412119,0.003376513,0.0,0.010369831
99999E00017247,4,False,DO,DO.01,False,0.0,0.009910091,0.20137846,0.098030806,0.029896956,0.042764843,0.06815759,0.35003155,0.14399655,0.0053440593,0.0022529678,0.008212327,0.0,0.04002369
99999E00017256,4,False,DO,DO.01,False,0.001480586,0.02591778,0.27093565,0.026116693,0.017689792,0.099431686,0.040455688,0.21443208,0.17118065,0.018290639,0.08454244,0.0045155827,0.010456385,0.014554313
99999E00017274,2,False,DO,DO.01,False,0.0004903277,0.10259447,0.051391922,0.2161802,0.0065357457,0.014887464,0.09749154,0.10277357,0.0792995,0.14157699,0.032048937,0.006055694,0.069945104,0.07872843
99999E00017284,3,False,DO,DO.01,False,0.011276007,0.034131497,0.19840533,0.076740146,0.013025732,0.5553185,0.0049243625,0.042937025,0.02005427,0.0046694903,0.014200514,0.006068322,0.0047228355,0.013525992
99999E00017287,3,False,DO,DO.01,False,0.0,0.19553545,0.1855829,0.22436962,0.0234426,0.028166717,0.075919606,0.04255414,0.15011124,0.011191042,0.037577864,0.025548797,0.0,0.0
99999E00020049,2,False,DO,DO.01,False,0.011464707,0.03458108,0.112150595,0.2842436,0.022900818,0.20137177,0.041621055,0.14649999,0.07655553,0.0,0.02138094,0.004693073,0.004757593,0.0377792
99999E00020066,6,False,DO,DO.01,False,0.0015651651,0.16805424,0.120506,0.16526347,0.0027126926,0.092660904,0.07923795,0.07354325,0.15948291,0.03394574,0.02235727,0.0013543947,0.0,0.079316005
99999E00020264,3,False,DO,DO.01,False,0.015208144,0.11310178,0.07387719,0.031259924,0.032897305,0.4791994,0.03968722,0.036811598,0.070951685,0.060828034,0.0,0.0,0.019104294,0.02707349
99999E00020281,3,False,DO,DO.01,False,0.014714521,0.18622886,0.16719013,0.17928453,0.007287469,0.049607717,0.03996476,0.11570384,0.14813685,0.058785386,0.02213576,0.010960284,0.0,0.0
99999E00020341,6,False,53,53.10,False,0.00013531467,0.0,0.0,0.0,0.0012634641,0.3975604,0.0018566799,0.05284388,0.034112625,0.0,0.5122277,0.0,0.0,0.0
99999E00020380,6,False,47,47.71,False,0.0,0.0,0.007066016,0.0002959076,0.0,0.041680843,0.013821557,0.018159935,0.0028446217,0.027797434,0.008083984,0.0060564233,0.030586138,0.8436071
99999E00020425,2,False,74,74.10,False,0.0,0.0,0.0,0.0,0.0,0.0,0.41113544,0.07441165,0.17394611,0.034012634,0.1258773,0.025222724,0.017239755,0.13815436
99999E00020434,6,False,16,16.23,False,0.0,0.0,0.0,0.0,0.0,0.12269584,0.0027860634,0.6845979,0.0,0.0,0.18992022,0.0,0.0,0.0
99999E00020458,3,False,91,91.04,False,0.0038242475,0.0,0.0023197467,0.0,0.003996166,0.3461104,0.005673921,0.3772059,0.009349577,0.0011497284,0.14337562,0.0,0.0,0.106994726
99999E00020519,4,False,DO,DO.01,True,0.14538342,0.03459961,0.0997426,0.030916352,0.30926257,0.16934046,0.0051360126,0.0763823,0.010572849,0.024661422,0.0,0.050074905,0.021129802,0.022797784
99999E00020529,6,False,64,64.19,False,0.0,0.0,0.0,0.0,0.0,0.25425377,0.0,0.74574625,0.0,0.0,0.0,0.0,0.0,0.0
99999E00020542,3,False,DO,DO.01,False,0.0,0.06353569,0.18760177,0.1808602,0.015804574,0.26426584,0.06769681,0.12551989,0.055809353,0.005688791,0.0104331765,0.001935958,0.0018499264,0.018997958
99999E00020570,4,False,DO,DO.01,False,0.002714372,0.041183673,0.18378685,0.12579568,0.008240145,0.22378184,0.115272716,0.13393393,0.1179879,0.005909829,0.0022755093,0.003355818,0.0041961935,0.031565636
99999E00020571,5,False,96,96.02,False,0.0,0.0,0.0011057147,0.0,0.0,0.34477854,0.13321654,0.0038678644,0.051085874,0.052133165,0.41055357,0.0010401699,0.0,0.0022185538
99999E00020601,6,False,DO,DO.01,False,0.0,0.07829277,0.19856161,0.13539997,0.002232047,0.34897193,0.0,0.0,0.039849717,0.1502442,0.0,0.00078260055,0.0,0.045665123
99999E00020746,3,False,DO,DO.01,False,0.0100439815,0.013995544,0.16798727,0.0648103,0.02653525,0.30466306,0.062365472,0.1742484,0.036643226,0.029740715,0.025662618,0.05679227,0.0,0.02651198
99999E00020774,3,False,01,01.41,False,0.0,0.0047394778,0.024677785,0.001272519,0.6518331,0.0017430788,0.008017585,0.0019254051,0.048511386,0.021571275,0.0,0.0071914075,0.22264089,0.005876099
99999E00020842,2,False,DO,DO.01,False,0.001011428,0.0056530316,0.11560723,0.18148711,0.010908561,0.059653327,0.07131505,0.41031224,0.009073996,0.012605336,0.07449939,0.004433835,0.007745864,0.035693597
99999E00020859,6,False,55,55.10,False,0.0,0.0,0.019981913,0.0,0.0,0.08394088,0.0019141698,0.88165104,0.0061325384,0.0,0.0023233835,0.0,0.0,0.004056056
99999E00020894,4,False,DO,DO.01,True,0.010079796,0.023132958,0.11485075,0.024467919,0.010483837,0.6914182,0.007321514,0.09810856,0.011444154,0.0015844372,0.0,0.003920577,0.0012524641,0.0019348583
99999E00020935,6,False,DO,DO.01,False,0.0,0.0,0.19680965,0.09053904,0.024690358,0.044550497,0.0661937,0.40548897,0.0,0.027282324,0.077231295,0.03865334,0.0148182735,0.013742636
99999E00020964,4,False,77,77.21,False,0.014027005,0.014726108,0.014611239,0.0372046,0.6245787,0.06998297,0.013250108,0.034790225,0.057635926,0.007082354,0.10219734,0.0027545101,0.0034983363,0.0036605187
99999E00020988,2,False,DO,DO.01,False,0.0,0.08876499,0.16989599,0.13207197,0.028005298,0.030282836,0.3061603,0.12627691,0.07531063,0.007895469,0.0,0.0,0.0353356,0.0
99999E00021041,6,False,DO,DO.01,False,0.0,0.0,0.014832277,0.008240918,0.0,0.94249916,0.0,0.017100422,0.0,0.0,0.009172232,0.0,0.008155003,0.0
99999E00021058,2,False,DO,DO.01,False,0.12992887,0.1308702,0.29566428,0.19676337,0.011876886,0.10005661,0.014143058,0.018176274,0.051498886,0.03961865,0.0023901167,0.006158695,0.0011858463,0.0016682243
99999E00021090,6,False,DO,DO.01,False,0.0,0.0074727787,0.09968126,0.117834255,0.0,0.63875353,0.011419214,0.0855893,0.01491566,0.003123112,0.009680958,0.0026048936,0.0,0.008925095
99999E00021111,3,False,DO,DO.01,False,0.010870591,0.16113886,0.13077636,0.14556658,0.0,0.16489385,0.067336045,0.05011598,0.06353327,0.05495975,0.01932328,0.02391344,0.051729243,0.055842724
99999E00021135,5,False,25,25.62,False,0.0,0.0,0.002092615,0.0,0.00023780871,0.03553592,0.033429615,0.005999472,0.0005400133,0.010493497,0.8864927,0.0015972225,0.00033516317,0.023245925
99999E00021210,4,False,DO,DO.01,False,0.0,0.0043687355,0.16459772,0.012512244,0.0050470964,0.13712887,0.011590807,0.39321542,0.16665593,0.010184372,0.021206649,0.0,0.0077252774,0.065766886
99999E00021391,2,False,DO,DO.01,False,0.0,0.18784763,0.23532473,0.06557361,0.028890401,0.04462607,0.0,0.0,0.16047779,0.12881637,0.0,0.0,0.085890934,0.06255252
99999E00021410,3,False,DO,DO.01,False,0.00043535198,0.020094553,0.07575269,0.061871793,0.02229506,0.26567626,0.057108827,0.29824275,0.04960494,0.027986297,0.06639442,0.009424471,0.011598353,0.03351419
99999E00021541,4,False,53,53.10,False,0.0,0.0,0.02949384,0.004101899,0.008696759,0.4926878,0.00074907264,0.3207814,0.011207773,0.0009499201,0.13005073,0.0012808765,0.0,0.0
99999E00021609,4,False,41,41.20,False,0.0,0.0017094269,0.10459635,0.0,0.16597879,0.16564615,0.062244415,0.21751578,0.03898861,0.015272192,0.19608302,0.004295088,0.0,0.027670186
99999E00021618,6,False,47,47.78,False,0.0,0.014015057,0.27486706,2.7676959e-05,0.0,0.013439931,0.0022423868,0.0,0.010896417,0.008461952,0.008145882,0.0,0.048395373,0.61950827
99999E00021646,4,False,47,47.74,False,0.006021534,0.24123673,0.11622392,0.0016138377,0.0,0.15848617,0.009719455,0.040307313,0.04095086,0.25086898,0.09645495,0.0036879836,0.022693077,0.011735095
99999E00021731,3,False,DO,DO.01,False,0.013840766,0.17544265,0.17389417,0.095381014,0.08316229,0.10789397,0.06329309,0.010184715,0.06300252,0.024172606,0.04943026,0.053862393,0.05645914,0.029980358
99999E00021788,4,False,DO,DO.01,False,0.0,0.008599458,0.4432012,0.08632496,0.0,0.051542763,0.04195146,0.15846834,0.14107643,0.012133332,0.0054427725,0.0,0.014379781,0.03687942
99999E00021801,2,False,01,01.4,False,0.0,0.0014792284,0.071523815,0.0,0.0,0.08292012,0.14583941,0.0,0.012417184,0.24094753,0.2368432,0.16784033,0.0,0.040189173
99999E00021852,4,False,DO,DO.01,False,0.008738759,0.055303782,0.089234,0.114992574,0.04252828,0.28072068,0.13503388,0.077681325,0.09049939,0.034161232,0.006596191,0.009026229,0.04120383,0.0142797325
99999E00021881,6,False,55,55.10,False,0.0,0.0,0.29290375,0.0,0.0,0.08883561,0.0,0.6182606,0.0,0.0,0.0,0.0,0.0,0.0
99999E00021886,6,False,56,56.30,True,0.0023249607,0.0018123004,0.046077795,0.008844507,0.19531213,0.037596453,0.0,0.6996261,0.0,0.00096832914,0.0059320047,0.0015053956,0.0,0.0
99999E00021937,3,False,DO,DO.01,False,0.0010110472,0.12439719,0.10858751,0.17385997,0.046872914,0.041495983,0.15308347,0.048662897,0.119439684,0.026781695,0.023186022,0.025655467,0.043292362,0.06367387
99999E00021984,4,False,DO,DO.01,False,0.0060267705,0.0069853244,0.11504694,0.044147,0.0,0.3904636,0.0031023151,0.25920624,0.10635699,0.014364144,0.049840085,0.0,0.0,0.0044606603
99999E00022021,3,False,DO,DO.01,False,0.0029931387,0.04790557,0.12522833,0.08990929,0.010667855,0.42686766,0.07249536,0.05328555,0.019677969,0.027521526,0.0,0.040392026,0.031051898,0.05200387
99999E00022028,2,False,DO,DO.01,False,0.23450056,0.0,0.0,0.4445054,0.0,0.0,0.26015812,0.0,0.0,0.060835887,0.0,0.0,0.0,0.0
99999E00022043,3,False,94,94.99,False,0.0,0.008852255,0.022054436,0.0058842828,0.003807477,0.06402451,0.024986245,0.03946189,0.13324103,0.07556834,0.31787524,0.002038059,0.008066994,0.2941392
99999E00022048,4,False,DO,DO.01,False,0.0,0.23928486,0.2511473,0.13340746,0.028249856,0.042318035,0.02731163,0.12844862,0.052614268,0.012090921,0.005010722,0.011443533,0.023532586,0.045140184
99999E00022065,6,False,56,56.30,True,0.068027996,0.0,0.109681405,0.0030282477,0.01555322,0.7024239,0.011829652,0.08945558,0.0,0.0,0.0,0.0,0.0,0.0
99999E00022097,6,False,84,84.1,False,0.0,0.0,0.009360179,0.0018227074,0.0,0.26602393,0.0,0.6693669,0.0,0.0,0.05342624,0.0,0.0,0.0
99999E00022126,6,False,47,47.11,False,0.0,0.0,0.034527916,0.0,0.0,0.081693985,0.0031045938,0.5506521,0.005474661,0.0,0.0,0.0,0.0,0.32454675
99999E00022149,4,False,43,43.22,False,0.0,0.0,0.012257675,0.0,0.20875402,0.09242422,0.020524595,0.17079349,0.0040023597,0.022354197,0.38621223,0.011056359,0.015648602,0.05597225
99999E00022157,6,False,DO,DO.02,False,0.0,0.0,0.005477675,0.0,0.0,0.84641963,0.007355735,0.08637284,0.0051312135,0.038974524,0.0,0.0102684,0.0,0.0
99999E00022162,4,False,DO,DO.01,False,0.0111967595,0.008994526,0.18075798,0.014625676,0.00046666295,0.48165223,0.009667264,0.18712522,0.094604954,0.0009484506,0.003437109,0.0014403214,0.0034339586,0.0016489178
99999E00022176,6,False,DO,DO.02,False,0.0,0.0,0.0,0.0,0.0,0.7136977,0.0012051996,0.27540734,0.0019644091,0.0,0.007725428,0.0,0.0,0.0
99999E00022202,2,False,DO,DO.01,False,0.0,0.22796692,0.067934565,0.11639825,0.0,0.0008896617,0.0,0.077400565,0.18739323,0.15232533,0.019460713,0.11376485,0.01056918,0.02589678
99999E00022316,3,False,DO,DO.01,False,0.0011449688,0.037429713,0.345256,0.16098064,0.016254641,0.17595135,0.016383817,0.011214822,0.059634276,0.012379363,0.0,0.015585275,0.10582251,0.041962612
99999E00022347,5,False,96,96.02,False,0.0,0.0,0.003692029,0.0,0.0,0.027548641,0.09795095,0.006618287,0.024687203,0.022005592,0.4557909,0.0,0.0020902758,0.35961613
99999E00022354,5,False,47,47.11,False,0.0,0.0,0.001538809,0.0,0.0,0.031967178,0.018292977,0.14846776,0.0006469659,0.016677659,0.14936505,0.001972021,0.0,0.63107157
99999E00022427,4,False,DO,DO.01,False,0.0,0.040264968,0.33133832,0.3460786,0.0,0.0,0.0016609841,0.21241076,0.060831934,0.0020324658,0.0,0.0013006713,0.0,0.004081199
99999E00022435,5,False,84,84.1,False,0.0,0.0018942126,0.059604865,0.011457978,0.0,0.053863514,0.35900837,0.15485214,0.0,0.008097527,0.15668558,0.008283446,0.033546824,0.15270557
99999E00022476,4,False,DO,DO.01,False,0.005411593,0.017540788,0.10596255,0.027715798,0.0676132,0.12727313,0.020943033,0.37158227,0.03624071,0.031569008,0.030725686,0.0017900734,0.038276266,0.117355995
99999E00022494,6,False,53,53.10,False,0.0,0.0,0.0,0.0,0.0,0.4696185,0.0,0.39764017,0.06610308,0.0,0.064706154,0.0,0.0,0.0019321468
99999E00022500,4,False,DO,DO.01,False,0.011658086,0.058036342,0.06145653,0.08904794,0.021525413,0.4987709,0.019313179,0.07183002,0.095958896,0.016911386,0.014053833,0.0,0.021418534,0.020018997
99999E00022565,5,False,45,45.20,True,0.010002194,0.0043152114,0.056015205,0.0057032662,0.019016128,0.0033117915,0.054256972,0.04787498,0.0017559851,0.0043168957,0.20456924,0.018659007,0.045279957,0.52492315
99999E00022591,4,False,DO,DO.01,False,0.0,0.038736578,0.26693586,0.09181951,0.12229408,0.08357597,0.01900996,0.13937376,0.1176183,0.020628247,0.026264,0.0045664962,0.052592985,0.016584195
99999E00022604,2,False,47,47.64,False,0.0,0.0,0.0,0.0,0.00016530167,0.0001594503,0.013839017,0.00350303,0.0052174865,0.009941505,0.33376065,0.013571315,0.00015506175,0.61968714
99999E00022613,4,False,DO,DO.01,False,0.0,0.10652895,0.20554318,0.18287064,0.020975666,0.007823634,0.0707867,0.16863701,0.14398474,0.02017025,0.043105256,0.0,0.0025677606,0.02700618
99999E00022664,2,False,DO,DO.01,False,0.0,0.09304166,0.27178037,0.044833474,0.13822185,0.024368467,0.024475371,0.2298362,0.008289439,0.022374842,0.013767577,0.04374709,0.01809288,0.067170754
99999E00022680,4,False,DO,DO.01,False,0.0,0.05785927,0.19893068,0.06159693,0.009505762,0.08539963,0.046031144,0.23157679,0.19634964,0.022215437,0.0066120755,0.0,0.0096912235,0.07423145
99999E00022699,3,False,DO,DO.01,False,0.0,0.016684165,0.12123828,0.13699703,0.1116104,0.06066808,0.0015126977,0.16327347,0.16145824,0.04473136,0.059306648,0.05546262,0.0,0.067057
99999E00022763,3,False,01,01.1,False,0.0,0.0065698214,0.16796845,0.0,0.0,0.31484047,0.13183443,0.0,0.0,0.08993357,0.0,0.04467479,0.14526607,0.09891233
99999E00022806,4,False,DO,DO.01,False,0.0,0.029343227,0.31921366,0.08086796,0.006953754,0.124720484,0.068924524,0.12806459,0.14626688,0.013610779,0.019179435,0.006058132,0.011852505,0.044944156
99999E00022827,1,False,60,60.10,False,0.0,0.0,0.0,0.0,0.0,1.0,0.0,0.0,0.0,0.0,0.0,0.0,0.0,0.0
99999E00022990,3,False,DO,DO.01,False,0.0,0.052036084,0.11498052,0.11923154,0.002440879,0.53097546,0.028841252,0.051446382,0.07166248,0.0026352853,0.0047197524,0.0,0.0,0.02103044
99999E00023020,3,False,55,55.10,False,0.0,0.004910649,0.60154897,0.012059267,0.0061290883,0.07524367,0.004214838,0.24908909,0.024890466,0.0032072146,0.008021013,0.00065158505,0.0023977566,0.007636377
99999E00023046,3,False,DO,DO.01,False,0.15011637,0.03300214,0.0631769,0.079392076,0.004070144,0.53913265,0.0,0.0054099793,0.003183954,0.003342202,0.07138471,0.019302063,0.0101342155,0.018352574
99999E00023050,6,False,DO,DO.01,False,0.0,0.0,0.21810807,0.02928958,0.0,0.23955238,0.011700826,0.38334602,0.11270817,0.0,0.0028077282,0.0,0.0024871267,0.0
99999E00023065,2,False,DO,DO.01,False,0.026274234,0.08606001,0.06655124,0.4376377,0.012063412,0.029785147,0.11064381,0.028269323,0.0018799154,0.11808545,0.0014266552,0.010688769,0.030308995,0.040325303
99999E00023103,6,False,DO,DO.01,False,0.0,0.0,0.019606993,0.0017599544,0.014882403,0.79343593,0.008436993,0.053458616,0.029031847,0.020099865,0.020313513,0.017752906,0.010962697,0.010258292
99999E00023227,3,False,DO,DO.01,False,0.0,0.09973877,0.13432598,0.05499892,0.07070466,0.13781665,0.070651434,0.036090825,0.145756,0.049800634,0.010263509,0.1257701,0.012028797,0.052053813
99999E00023280,2,False,DO,DO.01,False,0.0,0.03689736,0.13946077,0.0069973753,0.0054168957,0.10958839,0.18654959,0.095967785,0.27688414,0.023722649,0.009692579,0.010280844,0.0078096893,0.090731904
99999E00023291,2,False,01,01.4,False,0.03575653,0.13868923,0.03166227,0.1484548,0.02756801,0.08315895,0.073575355,0.007763929,0.022108996,0.093258135,0.07433355,0.02841719,0.062202413,0.17305067
99999E00023338,4,False,DO,DO.01,False,0.0,0.010409297,0.048004042,0.014249621,0.022839818,0.7940374,0.0042445683,0.055381503,0.0,0.0,0.0,0.0,0.008590197,0.042243555
99999E00023482,4,False,DO,DO.01,False,0.38122138,0.08684867,0.08235035,0.17588268,0.0008226572,0.10750841,0.021999182,0.07165023,0.044118956,0.0037925313,0.0035741823,0.0042155883,0.004753245,0.011261961
99999E00023517,6,False,DO,DO.01,False,0.0,0.0,0.07639913,0.008511386,0.058607392,0.030511187,0.05957357,0.54882216,0.19847488,0.0,0.011753084,0.0,0.0,0.007347256
99999E00023521,6,False,47,47.30,False,0.0011561532,0.0,0.1664521,0.0054043666,0.0,0.50252527,0.0037170623,0.2506451,0.0019408994,0.002292338,0.0025429379,0.0,0.0,0.06332385
99999E00023525,2,False,DO,DO.01,False,0.003736746,0.0,0.1727311,0.18786493,0.09818301,0.15105797,0.014199637,0.049605306,0.18057826,0.014993695,0.027558504,0.058199827,0.02634406,0.014946986
99999E00023574,5,False,47,47.78,False,0.0,0.007145326,0.020486834,0.010157628,0.0019519508,0.054400433,0.0900681,0.05669324,0.013592341,0.027693588,0.5299296,0.0063276887,0.0,0.1815533
99999E00023589,6,False,DO,DO.01,False,0.0,0.0020010849,0.17904767,0.005701938,0.020488823,0.55221367,0.002010727,0.20699468,0.002847181,0.0,0.0,0.0,0.0,0.028694268
99999E00023647,4,False,DO,DO.01,False,0.07124012,0.0,0.16606717,0.39580277,0.0,0.086496696,0.01871025,0.049091294,0.05604771,0.04554325,0.11063847,0.0,0.0,0.00036235308
99999E00023700,6,False,DO,DO.01,False,0.0,0.006589599,0.19243646,0.05353633,0.045805886,0.2757334,0.05805787,0.25427952,0.089976855,0.0,0.0071563516,0.0,0.003996633,0.012431114
99999E00023769,4,False,DO,DO.01,True,0.05160299,0.061086226,0.3517802,0.19666962,0.030006569,0.040359072,0.018864483,0.15145586,0.044553157,0.0061183367,0.008428574,0.0073343106,0.00242532,0.02931526
99999E00023771,4,False,DO,DO.01,False,0.0,0.10051675,0.20280106,0.09796816,0.007514824,0.5140113,0.006494794,0.014016398,0.0,0.0029189705,0.0,0.0015857707,0.0117280055,0.040443927
99999E00023786,6,False,DO,DO.02,False,0.0,0.0,0.002967375,0.0,0.0,0.7119637,0.0022109856,0.24181992,0.0027187713,0.03010484,0.0,0.0053555565,0.0,0.0028589417
99999E00023825,6,False,DO,DO.02,False,0.0,0.0,0.0017380489,0.0,0.0,0.9899328,0.0,0.005385164,0.0029440417,0.0,0.0,0.0,0.0,0.0
99999E00023863,4,False,DO,DO.01,False,0.05867941,0.14720899,0.30262265,0.19226594,0.051407043,0.06943712,0.015564242,0.01856699,0.094417825,0.00851708,0.0022699344,0.012386334,0.018748585,0.00790795
99999E00023883,2,False,DO,DO.01,False,0.0,0.024294572,0.13468073,0.05913489,0.24815947,0.04389116,0.0,0.12438705,0.18076675,0.01929024,0.024775423,0.0894401,0.0,0.051179532
99999E00023911,6,False,47,47.59,False,0.0,0.0,0.008362964,0.0,0.02153679,0.33416355,0.11493878,0.0012774479,0.00023820782,0.0,0.0028316372,0.0010555877,0.008285896,0.50730914
99999E00023956,6,False,77,77.21,False,0.0,0.037479695,0.33389288,0.0,0.0,0.058988053,0.02036419,0.12243269,0.011877081,0.0022416385,0.06332135,0.0006696132,0.021923995,0.3268088
99999E00023984,6,False,84,84.11,False,0.0,0.0,0.014553454,0.027303923,0.0015863089,0.6969026,0.009362493,0.23261659,0.004627252,0.0,0.008907592,0.0,0.0,0.004139783
99999E00024001,3,False,DO,DO.01,False,0.0030013802,0.23626868,0.07495448,0.0884807,0.025591772,0.1754207,0.01862857,0.05498529,0.23644876,0.029993795,0.0,0.051923882,0.00040018407,0.0039017948
99999E00024005,4,False,DO,DO.01,False,0.0010162274,0.04031615,0.25053194,0.03211047,0.09478047,0.021564674,0.14220864,0.09089362,0.058532912,0.024140276,0.031126905,0.009517453,0.05573921,0.14752103
99999E00024009,6,False,DO,DO.01,False,0.0,0.002107091,0.068236515,0.019636791,0.0,0.6222813,0.027262824,0.17749566,0.03280405,0.015816506,0.019008879,0.0,0.0,0.015350417
99999E00024080,6,False,DO,DO.01,False,0.0,0.0060904357,0.11309809,0.013934478,0.0030499478,0.36900243,0.018744193,0.377102,0.073900536,0.008342449,0.00818141,0.0,0.0,0.008554088
99999E00024096,3,False,DO,DO.01,False,0.0,0.021339247,0.104770064,0.036238253,0.02392239,0.43090147,0.029477144,0.22642529,0.056455884,0.013876891,0.013415581,0.023808133,0.006363118,0.013006639
99999E00024130,4,False,DO,DO.01,False,0.0,0.005900703,0.12424392,0.005356817,0.010960763,0.027554844,0.26274738,0.22145765,0.07126117,0.100663394,0.035606783,0.04023639,0.015991451,0.07801872
99999E00024247,3,False,DO,DO.01,False,0.0040025995,0.045815792,0.02602034,0.12639375,0.0067907874,0.4186482,0.17458878,0.032930914,0.07222165,0.021238424,0.035246834,0.019236434,0.004890689,0.011974753
99999E00024304,1,False,64,64.19,False,0.0,0.0,0.0031531318,0.0026875203,0.002236905,0.9706494,0.0,0.021272957,0.0,0.0,0.0,0.0,0.0,0.0
99999E00024305,2,False,DO,DO.01,False,0.038659036,0.11259811,0.099550866,0.2149963,0.0,0.04789355,0.105966054,0.041338444,0.13187866,0.015306907,0.032460716,0.0,0.053840015,0.10551132
99999E00024333,4,False,DO,DO.01,False,0.0,0.012723152,0.24156082,0.11906136,0.03335274,0.18304141,0.058450665,0.19004548,0.09797284,0.012552839,0.012934667,0.0071340054,0.0039306786,0.027239393
99999E00024441,6,False,55,55.10,False,0.0,0.0,0.0,0.0,0.0,0.3935445,0.0,0.60645556,0.0,0.0,0.0,0.0,0.0,0.0
99999E00024463,6,False,DO,DO.01,False,0.0016288183,0.0,0.2246574,0.022901054,0.0,0.67257035,0.0020291924,0.06806372,0.0054945033,0.0,0.0,0.0,0.0,0.0026549739
99999E00024469,6,False,47,47.11,False,0.0,0.0,0.060183473,0.030224094,0.0,0.16694841,0.0018593615,0.7239256,0.010125253,0.0018116031,0.0020730388,0.0,0.0,0.0028491286
99999E00024491,1,False,46,46.71,False,0.11930886,0.0,0.0,0.0,0.0,0.8806912,0.0,0.0,0.0,0.0,0.0,0.0,0.0,0.0
99999E00024502,4,False,DO,DO.01,True,0.0544599,0.015701905,0.32517374,0.058318045,0.04483087,0.2423684,0.01516609,0.21264777,0.007185366,0.003685693,0.0025965518,0.0,0.006684579,0.011181093
99999E00024557,4,False,DO,DO.01,False,0.037618533,0.27376252,0.100159295,0.18921512,0.029197795,0.13351156,0.08719283,0.019920077,0.030776681,0.031396132,0.0,0.021573486,0.014815472,0.030860519
99999E00024592,6,False,52,52.10,False,0.0,0.0,0.0,0.0019792898,0.0039424878,0.8505717,0.03172496,0.021128517,0.015440069,0.05548448,0.0064528063,0.009389558,0.0019068768,0.0019792896
99999E00024644,4,False,94,94.9,False,0.0,0.03477244,0.018831324,0.026240831,0.07626514,0.11131405,0.14065167,0.054664087,0.04917443,0.16861698,0.0577462,0.10599932,0.1076427,0.048080903
99999E00024670,3,False,DO,DO.01,False,0.0,0.027175408,0.14846028,0.09767117,0.01791487,0.31504363,0.1399734,0.12515764,0.049238317,0.02632225,0.025980387,0.02225073,0.0047105164,0.00010136554
99999E00024726,4,False,01,01.50,False,0.07973421,0.051495012,0.0,0.0,0.033388704,0.0,0.38521594,0.0,0.0,0.0,0.25930232,0.0,0.19086377,0.0
99999E00024797,4,False,01,01.4,False,0.03687379,0.08507132,0.04490074,0.04855587,0.0065935655,0.21206911,0.020174874,0.0,0.0,0.07958862,0.0,0.029348528,0.13943239,0.29739124
99999E00024894,4,False,45,45.20,True,0.059384905,0.0026828372,0.028478418,0.009597027,0.037667982,0.41910565,0.014791692,0.14682865,0.0040132147,0.004768351,0.20909433,0.001412785,0.00051437656,0.061659742
99999E00024900,4,False,DO,DO.01,False,0.0020615316,0.013458849,0.3117259,0.09624235,0.0706333,0.12610778,0.09110098,0.22165479,0.027515559,0.0019156064,0.01081542,0.0,0.0048676603,0.021900145
99999E00024935,3,False,DO,DO.01,False,0.0041168374,0.11249725,0.1377237,0.26181197,0.02885452,0.07312427,0.026824225,0.1501905,0.049577963,0.025846053,0.031857297,0.026033344,0.045949474,0.025592608
99999E00024976,3,False,DO,DO.01,False,0.05324231,0.05169643,0.017114067,0.124119096,0.06813267,0.43567738,0.10061813,0.016486533,0.042274617,0.0,0.0,0.015264255,0.052853107,0.02252139
99999E00025005,6,False,56,56.30,False,0.0037539036,0.0009395087,0.20939578,0.0058900854,0.0,0.7203266,0.0,0.053679895,0.0,0.0017619578,0.001688692,0.00069528975,0.0007107141,0.0011575614
99999E00025008,2,False,DO,DO.01,False,0.0,0.29692182,0.016203323,0.0728926,0.0044967826,0.01661077,0.10963703,0.0,0.12766887,0.0065439367,0.0,0.031442694,0.057101686,0.2604805
99999E00025021,6,False,85,85.3,False,0.0,0.0,0.016258061,0.0050404593,0.003276404,0.3983751,0.0,0.48769465,0.0,0.0,0.08216855,0.0,0.0,0.0071867714
99999E00025029,3,False,DO,DO.01,False,0.0,0.05816345,0.024803331,0.10876424,0.020186754,0.48434132,0.099680886,0.029406292,0.05738267,0.041503813,0.015166166,0.013400336,0.017494883,0.029705893
99999E00025050,6,False,DO,DO.01,False,0.0,0.0,0.08972548,0.0022847948,0.06546014,0.73328316,0.0,0.09692897,0.004205147,0.0022377698,0.0,0.004822092,0.0010524368,0.0
99999E00025124,4,False,84,84.1,False,0.004698346,0.13182874,0.15425733,0.117036425,0.015846195,0.31493556,0.04387394,0.05266841,0.06697204,0.025941836,0.012129404,0.002709161,0.032591518,0.024511136
99999E00025146,5,False,96,96.02,False,0.0,0.01648645,0.004246229,0.0062303385,0.3847446,0.056536395,0.014031186,0.0068643955,0.007687692,0.018572006,0.3329334,0.049870994,0.04464149,0.057154838
99999E00025151,6,False,DO,DO.01,False,0.0,0.07831545,0.52041596,0.023479791,0.08740534,0.03548206,0.017280374,0.14792827,0.046293523,0.0,0.00807984,0.014863706,0.0057508126,0.014704859
99999E00025206,4,False,DO,DO.01,False,0.005867756,0.0006266621,0.026373047,0.00491729,0.04520084,0.82762074,0.0037643365,0.03863747,0.010780683,0.016594326,0.004001735,0.01174424,0.0,0.003870817
99999E00025222,4,False,DO,DO.01,False,0.024389617,0.12507847,0.07506174,0.07512509,0.004233236,0.116095215,0.10818314,0.06445686,0.094968624,0.034836087,0.008611011,0.021233499,0.070141435,0.17758603
99999E00025235,4,False,DO,DO.01,False,0.0040625073,0.017257446,0.20441043,0.16082114,0.12144026,0.16216539,0.03398216,0.16153641,0.0250907,0.03110961,0.008055894,0.019685479,0.028536461,0.021846192
99999E00025265,5,False,47,47.30,False,0.0,0.0,0.011074074,0.0017039054,0.00044253244,0.07089723,0.0031995003,0.05444906,0.0,0.008777894,0.8269158,0.0038790924,0.0,0.018660942
99999E00025292,2,False,DO,DO.01,False,0.0,0.22777465,0.34796342,0.09047679,0.011100772,0.037427552,0.069051936,0.105285145,0.014844993,0.0,0.0072906055,0.03705387,0.018992212,0.03273812
99999E00025310,4,False,DO,DO.01,False,0.0068779676,0.016674036,0.09090214,0.07578844,0.011349456,0.29588804,0.20358759,0.06853197,0.08604288,0.0055919657,0.0,0.0015012997,0.026044136,0.11122005
99999E00025330,3,False,DO,DO.01,False,0.0,0.018782824,0.081238985,0.16462179,0.011438999,0.2535492,0.07083705,0.17576644,0.09047446,0.04746517,0.059609447,0.013343446,0.0021129968,0.0107593145
99999E00025495,6,False,56,56.10,False,0.0,0.002297826,0.77735436,0.0,0.0,0.097566426,0.0032885952,0.0070496188,0.11076695,0.0,0.0,0.0,0.0016762799,0.0
99999E00025500,4,False,DO,DO.01,False,0.017734846,0.082403116,0.16617471,0.12774223,0.00849476,0.3074328,0.012378113,0.19016095,6.1699306e-05,0.014311769,0.011620446,0.027334023,0.0,0.034150563
99999E00025532,3,False,DO,DO.01,False,0.004844875,0.0005333808,0.0644724,0.00402258,0.0,0.49913326,0.03620322,0.00044448394,0.040848076,0.24993335,0.05002667,0.0,0.0024891105,0.047048625
99999E00025533,6,False,DO,DO.01,False,0.0,0.0020553786,0.27889106,0.0004847012,0.04038925,0.11559156,0.014235679,0.29151216,0.14884104,0.03385357,0.014733124,0.003206013,0.03754004,0.018666424
99999E00025547,3,False,DO,DO.01,False,0.001140839,0.13026778,0.27043974,0.10678861,0.08078403,0.103140414,0.03433011,0.0919972,0.0966136,0.0228653,0.03551496,0.008020853,0.01482075,0.0032758212
99999E00025548,2,False,DO,DO.01,False,0.035971936,0.048878152,0.08220266,0.21957113,0.0625455,0.33122644,0.009960951,0.019657161,0.0016546429,0.13985041,0.0067840363,0.0,0.032828115,0.008868886
99999E00025586,3,False,DO,DO.01,False,0.0046914243,0.0019445257,0.09891701,0.09220327,0.05613539,0.3310504,0.13428077,0.08033348,0.04903276,0.008259118,0.027724845,0.036475208,0.006206108,0.07274573
99999E00025598,3,False,DO,DO.01,False,0.112091035,0.017155763,0.017860293,0.013223043,0.16592015,0.16851681,0.0988023,0.0021038593,0.17092489,0.11112733,0.01925962,0.045816436,0.018484514,0.038713932
99999E00025600,3,False,DO,DO.01,False,0.002718911,0.0063130553,0.16206194,0.013801514,0.0,0.13567857,0.010087302,0.16236211,0.08967825,0.08272378,0.14279102,0.07821017,0.04754856,0.06602483
99999E00025623,6,False,DO,DO.02,False,0.0,0.014855836,0.005186221,0.018477922,0.0,0.9186719,0.005270055,0.0060842778,0.010597531,0.0037805669,0.0021417853,0.0,0.0,0.014933928
99999E00025637,2,False,DO,DO.01,False,0.004196661,0.01597055,0.006879156,0.006385109,0.18969785,0.0566508,0.00054711214,0.2850518,0.24366614,0.024225721,0.053149465,0.08365508,0.0,0.029924652
99999E00025648,3,False,DO,DO.01,False,0.0,0.0950161,0.25279295,0.037744246,0.0071979905,0.1824711,0.050324686,0.06350739,0.2481192,0.015661754,0.0059234677,0.018573908,0.0070740376,0.015593215
99999E00025688,3,False,DO,DO.01,False,0.0,0.091346525,0.071036555,0.031895168,0.055455208,0.029844236,0.041595563,0.19771409,0.33508125,0.016576607,0.059617482,0.028838402,0.0,0.04099901
99999E00025698,4,False,77,77.39,False,0.0021188674,0.0024278117,0.0006911002,0.0032586511,0.006838094,0.0071248626,0.011739892,0.004634168,0.00734085,0.053982362,0.21341659,0.0022898954,0.008267076,0.6758698
99999E00025699,4,False,DO,DO.01,False,8.6263775e-05,0.12641582,0.19903663,0.081358336,0.07417702,0.008485694,0.06391742,0.05924586,0.12147679,0.056761574,0.03106307,0.026427984,0.065918274,0.08562926
99999E00025707,2,False,DO,DO.01,False,0.0,0.047356952,0.0,0.45829695,0.002312208,0.06813351,0.15535106,0.0,0.11545048,0.06520827,0.0,0.012987012,0.0,0.07490355
99999E00025714,4,False,DO,DO.01,False,0.009071757,0.0070509724,0.046619546,0.012674928,0.01939636,0.6908617,0.010490857,0.097029306,0.027080683,0.021737775,0.009659585,0.018027728,0.0031044073,0.027194489
99999E00025795,4,False,DO,DO.01,False,0.0,0.060786497,0.1884545,0.04635518,0.022229427,0.3216625,0.05767487,0.09728147,0.075570084,0.028966807,0.001420842,0.0050628344,0.031782728,0.06275226
99999E00025804,6,False,56,56.30,False,0.0005832455,0.0,0.69714737,0.0,0.0,0.07201258,0.0,0.22770587,0.0025509363,0.0,0.0,0.0,0.0,0.0
99999E00025817,6,False,56,56.10,False,0.00016997331,0.0,0.06239975,0.0,0.0,0.020430181,0.0022821038,0.7458449,0.1645948,0.0017472644,0.002345632,0.0,0.0,0.00018550936
99999E00025826,4,False,DO,DO.01,False,0.0,0.14751446,0.19815278,0.17993604,0.022317288,0.07737449,0.08839802,0.0602364,0.16095999,0.010958552,0.019328134,0.0023628145,0.005641339,0.02681978
99999E00025846,6,False,DO,DO.01,False,0.005879853,0.0,0.29623494,0.0121088,0.0013347745,0.42750806,0.010545712,0.1912691,0.031103006,0.007310236,0.0,0.0071762074,0.009529341,0.0
99999E00025888,4,False,DO,DO.01,False,0.0007690274,0.052010443,0.109459385,0.06426822,0.0014153561,0.46157885,0.10395003,0.07323906,0.007533012,0.061613783,0.012682903,0.0017592583,0.027123336,0.022597307
99999E00025912,4,False,DO,DO.01,False,0.001998856,0.023891153,0.23281907,0.22680919,0.030387338,0.11926752,0.111497685,0.09489204,0.12105331,0.0015049999,0.0025191223,0.0011159915,0.0074040676,0.024839548
99999E00025915,6,False,64,64.19,False,0.0,0.0,0.0,0.0,0.0,0.22964233,0.0,0.77035767,0.0,0.0,0.0,0.0,0.0,0.0
99999E00025933,4,False,DO,DO.01,False,0.0,0.17595698,0.12245785,0.12916812,0.0013709543,0.39965525,0.011541915,0.051924545,0.024082255,0.0112538375,0.0075313346,0.0008041806,0.032260124,0.031992693
99999E00025944,4,False,DO,DO.01,True,0.26411042,0.017436907,0.04804833,0.18505095,0.22291917,0.21261692,0.0,0.017764723,0.0,0.002409143,0.0,0.029643437,0.0,0.0
99999E00025949,6,False,DO,DO.01,False,0.0,0.008398492,0.02557748,0.01626735,0.009669985,0.7447918,0.0,0.05036143,0.11898141,0.0041577243,0.007855941,0.010391543,0.0,0.0035468913
99999E00025950,6,False,55,55.10,False,0.0,0.0,0.033405997,0.0005017562,0.0,0.04567497,0.01888528,0.85114425,0.0010415845,0.0016259251,0.0,0.0,0.0,0.047720257
99999E00025989,1,False,68,68.10,False,0.0,0.0,0.0045511094,0.0,0.0,0.9816302,0.0025353932,0.011283288,0.0,0.0,0.0,0.0,0.0,0.0
99999E00025990,6,False,DO,DO.01,False,0.0,0.0,0.03280771,0.0045971144,0.011963053,0.78599435,0.008108076,0.0337596,0.006364619,0.0,0.0,0.0,0.0132048465,0.103200614
99999E00026009,4,False,DO,DO.01,False,0.008564366,0.15387903,0.2039828,0.05948463,0.05182847,0.07743578,0.02482113,0.07093485,0.11260293,0.024602216,0.051999316,0.016717525,0.063762374,0.07938458
99999E00026011,4,False,14,14.21,False,0.0,0.0036024947,0.0016619508,0.014182301,0.03635958,0.005188553,0.0062654587,0.02710741,0.0004915404,0.09512891,0.19915582,0.03061576,0.05034526,0.52989495
99999E00026039,5,False,47,47.76,False,0.00042827873,0.0,0.016648745,0.0053640264,0.0,0.050753076,0.03816369,0.07569363,0.00027502983,0.052485075,0.049602296,0.0018905944,0.0016602487,0.70703536
99999E00026047,3,False,DO,DO.01,False,0.0028818187,0.0390511,0.050298695,0.064720094,0.07633015,0.027062915,0.08978945,0.076872736,0.1469526,0.14131315,0.078955784,0.054524094,0.026417416,0.124829955
99999E00026049,2,False,01,01.4,False,0.0,0.0,0.0,0.00074881216,0.0002379403,0.0,0.03722366,0.003100222,0.012799788,0.09501516,0.49142367,0.19668564,0.0136605725,0.14910458
99999E00026050,3,False,01,01.4,False,0.0,0.0025502588,0.0065359487,0.00032060393,0.040971722,0.26014096,0.07754972,0.0008598015,0.027703093,0.09825053,0.32656425,0.15466954,0.0030748833,0.00080879626
99999E00026052,6,False,DO,DO.01,False,0.0045283926,0.1817315,0.08273253,0.1293422,0.0,0.2988143,0.05380445,0.033411786,0.18596198,0.009950545,0.0,0.012006197,0.0,0.007716142
99999E00026068,6,False,55,55.10,False,0.0,0.0,0.7146031,0.0052486523,0.0012346747,0.105054766,0.019451523,0.09839719,0.01197768,0.0,0.005222951,0.0,0.0063604764,0.03244902
99999E00026107,1,False,IL,IL.01,False,0.9588255,0.0,0.0,0.00056950527,0.0,0.040604983,0.0,0.0,0.0,0.0,0.0,0.0,0.0,0.0
99999E00026112,1,False,IL,IL.01,False,1.0,0.0,0.0,0.0,0.0,0.0,0.0,0.0,0.0,0.0,0.0,0.0,0.0,0.0
99999E00026147,1,False,IL,IL.01,False,0.99503946,0.0,0.0049605146,0.0,0.0,0.0,0.0,0.0,0.0,0.0,0.0,0.0,0.0,0.0
99999E00026156,1,False,IL,IL.01,False,0.99750376,0.0024962318,0.0,0.0,0.0,0.0,0.0,0.0,0.0,0.0,0.0,0.0,0.0,0.0
99999E00026158,1,False,IL,IL.01,False,0.9950215,0.0,0.0,0.0,0.0,0.0049785194,0.0,0.0,0.0,0.0,0.0,0.0,0.0,0.0
99999E00026159,1,False,IL,IL.01,False,0.98764366,0.0,0.0,0.0,0.0,0.012356368,0.0,0.0,0.0,0.0,0.0,0.0,0.0,0.0
99999E00026160,1,False,IL,IL.01,False,0.99145865,0.0,0.0,0.0,0.0,0.008541374,0.0,0.0,0.0,0.0,0.0,0.0,0.0,0.0
99999E00026161,1,False,IL,IL.01,False,0.99941146,0.0,0.0,0.0005130573,0.0,7.540681e-05,0.0,0.0,0.0,0.0,0.0,0.0,0.0,0.0
99999E00026178,2,False,01,01.1,False,0.0,0.23419611,0.0,0.0,0.0027376802,0.025012443,0.0,0.0,0.103409655,0.050024886,0.0,0.0,0.3566451,0.22797412
99999E00026188,4,False,DO,DO.01,False,0.00021066715,0.11183668,0.28701997,0.15521674,0.036327686,0.053753264,0.025984831,0.2509375,0.031048492,0.014896415,0.0149033675,0.008385897,0.0011977204,0.0082809115
99999E00026193,6,False,84,84.24,False,0.006067409,0.0,0.034569267,0.0026183059,0.014603106,0.85492706,0.03174099,0.022069247,0.028944409,0.0023465243,0.0,0.0,0.0021136818,0.0
99999E00026195,6,False,55,55.10,True,0.00037786568,0.0,0.06938811,0.006048139,0.005198116,0.051461406,0.0029153973,0.81514394,0.018995611,0.0025873648,0.010795842,0.001131955,0.0030997773,0.012856488
99999E00026227,4,False,DO,DO.01,False,0.0,0.03131712,0.15968983,0.018503636,0.08743681,0.41284892,0.035431217,0.15302601,0.018017363,0.013690662,0.010372696,0.008393678,0.021539262,0.029732775
99999E00026252,3,False,DO,DO.01,False,0.0024118868,0.1106209,0.044191036,0.11784489,0.020042442,0.1980412,0.07727062,0.04818254,0.19082995,0.06350099,0.0039999965,0.037230324,0.03998085,0.045852393
99999E00026276,6,False,DO,DO.01,False,0.0,0.017623786,0.088845246,0.046610147,0.018644819,0.5971096,0.0013556759,0.2138241,0.007843145,0.0026885353,0.0,0.0013841961,0.0,0.0040708296
99999E00026330,2,False,DO,DO.01,False,0.0020124898,0.053347796,0.3568918,0.3590921,0.035229784,0.012175842,0.012537419,0.14253081,0.008478804,0.0,0.0,0.007677173,0.0,0.010026012
99999E00026345,4,False,DO,DO.01,False,0.0,0.008650508,0.16136837,0.038192596,0.037906602,0.09039289,0.118607774,0.20723383,0.17746161,0.016523909,0.04484197,0.006153681,0.009294621,0.08337164
99999E00026465,4,False,62,62.09,True,0.04930759,3.4311914e-05,0.04293079,0.012003954,0.0051734126,0.688645,0.010126955,0.09589795,0.01418427,0.007635636,0.051154394,0.004027121,0.0018780967,0.017000591
99999E00026471,1,False,60,60.10,False,0.0,0.0,0.0,0.0,0.0,0.9981095,0.0,0.0018904912,0.0,0.0,0.0,0.0,0.0,0.0
99999E00026481,3,False,47,47.78,False,0.0023797133,0.020671638,0.52618754,0.21152711,0.006384805,0.058705386,0.012940949,0.066598035,0.056333397,0.012056661,0.0072365357,0.002768193,0.0006260371,0.015583879
99999E00026500,6,False,DO,DO.01,False,0.0,0.003016952,0.042361822,0.1410259,0.047171794,0.04307903,0.11309447,0.5406507,0.027364824,0.013364735,0.016270893,0.0,0.0016104112,0.010988452
99999E00026505,4,False,DO,DO.01,False,0.0011594289,0.02852546,0.041991998,0.059966557,0.0027966711,0.5411637,0.05450291,0.16751748,0.027212935,0.01713205,0.0075426255,0.0017805862,0.009710339,0.03899738
99999E00026518,4,False,DO,DO.01,False,0.0059293658,0.005141888,0.16776638,0.17072164,0.040960167,0.33294722,0.10292689,0.1060168,0.04183485,0.0,0.009428626,0.0,0.0,0.016326163
99999E00026520,4,False,DO,DO.01,False,0.005350533,0.094129406,0.11733379,0.022386031,0.007149662,0.19786666,0.06662086,0.01744155,0.06647405,0.1351439,0.16849963,0.05250269,0.012234699,0.036866516
99999E00026554,2,False,DO,DO.01,False,0.0,0.0,0.016419547,0.0,0.0,0.92077476,0.0023119843,0.0057512997,0.016279425,0.027240653,0.0,0.0,0.0,0.011222359
99999E00026577,6,False,47,47.26,False,0.0,0.00075002015,0.007136743,0.0033557494,0.0,0.043502986,0.0028426626,0.8282509,0.0017897598,0.001091317,0.009539924,0.0,0.0008440413,0.10089592
99999E00026590,4,False,45,45.20,False,0.0,0.0,0.029209249,0.0012622011,0.0076834382,0.08104845,0.08843712,0.42655066,0.018245708,0.07145784,0.12409409,0.016004598,0.026276674,0.109730005
99999E00026591,6,False,69,69.20,False,0.0,0.0020826925,0.037461605,0.0,0.014819697,0.16280647,0.008014016,0.7281535,0.016990263,0.0012856991,0.023548963,0.0011160827,0.0,0.003721054
99999E00026594,1,False,IL,IL.01,False,1.0,0.0,0.0,0.0,0.0,0.0,0.0,0.0,0.0,0.0,0.0,0.0,0.0,0.0
99999E00026642,4,False,DO,DO.01,False,0.0,0.094194315,0.41704792,0.07506958,0.003501046,0.17225392,0.018165048,0.09262454,0.10918498,0.0029693674,0.006772208,0.0015598455,0.0,0.006657075
99999E00026644,6,False,55,55.10,False,0.0,0.0,0.0,0.0,0.0,0.9152438,0.0,0.084756196,0.0,0.0,0.0,0.0,0.0,0.0
99999E00026650,4,False,41,41.20,True,0.062372275,0.003188589,0.16369027,0.003773289,0.14683071,0.38667807,0.007860075,0.15969402,0.0,0.0,0.024467574,0.0,0.0,0.041445184
99999E00026658,6,False,55,55.10,False,0.0,0.0,0.0034671626,0.0,0.0,0.029718226,0.0,0.9558601,0.008506875,0.0,0.0015282182,0.0,0.0,0.0009193489
99999E00026674,2,False,DO,DO.01,False,0.01250696,0.035413187,0.11588324,0.0,0.0,0.66288877,0.0,0.0,0.13083594,0.0,0.0,0.0,0.042471964,0.0
99999E00026686,2,False,DO,DO.01,False,0.0,0.061516218,0.1552311,0.073101096,0.005461797,0.33318746,0.05332558,0.17212823,0.094653316,9.466565e-05,0.029244829,0.00041433374,0.0,0.021641394
99999E00026701,6,False,55,55.10,False,0.0,0.0,0.17429239,0.0,0.0,0.09482809,0.0,0.72183204,0.0017608338,0.0,0.0072866767,0.0,0.0,0.0
99999E00026709,4,False,94,94.91,False,0.0,0.3458517,0.049421906,0.0,0.0023127361,0.39726403,0.014307897,0.0577526,0.02240501,0.007088637,0.09763433,0.0045082723,0.0,0.0014528873
99999E00026719,6,False,55,55.10,False,0.0,0.0,0.7296756,0.0,0.0,0.19510517,0.0009604863,0.06770008,0.002144167,0.0,0.0,0.0,0.0,0.004414559
99999E00026720,2,False,DO,DO.01,False,0.0,0.20463954,0.4582469,0.02387703,0.012065327,0.0,0.063995145,0.07962028,0.0,0.012626925,0.0,0.020860698,0.065064,0.059004158
99999E00026723,4,False,96,96.02,False,0.0006644359,0.0015841875,0.08420273,0.040424123,0.0,0.0,0.0021100282,0.002604083,0.0034537679,0.0023773066,0.013463372,0.0,0.0031953761,0.84592056
99999E00026728,6,False,55,55.10,False,0.0,0.0,0.022253765,0.0,0.00067607354,0.04501248,0.0026896636,0.89075565,0.0064133285,0.00078070763,0.03141834,0.0,0.0,0.0
99999E00026731,3,False,DO,DO.01,False,0.0083493665,0.1465686,0.14766271,0.12314889,0.0036262055,0.15351693,0.019340236,0.062034823,0.18977472,0.049581822,0.0062066084,0.027484989,0.014992199,0.047711883
99999E00026745,6,False,56,56.10,False,0.0,0.0,0.004635831,0.0,0.0,0.06943052,0.0015753432,0.40817764,0.08363378,0.0007458398,0.43064326,0.0,0.00039010824,0.00076769915
99999E00026773,6,False,94,94.91,False,0.0,0.0,0.045644008,0.0,0.0024721515,0.0844529,0.0012044888,0.63290036,0.0,0.0,0.23332614,0.0,0.0,0.0
99999E00026778,6,False,55,55.10,False,0.0,0.0,0.02009109,0.0,0.0,0.11605988,0.0,0.8635146,0.0,0.0,0.0,0.0,0.0,0.0003343244
99999E00026835,6,False,36,36.00,False,0.004025665,0.0017824516,0.005546858,0.0145558035,0.0,0.948988,0.0,0.0,0.0,0.0019250013,0.0,0.0014935442,0.02168263,0.0
99999E00026850,5,False,16,16.23,False,0.0,0.0,2.3709343e-05,2.2990878e-05,0.0047673737,0.00055249955,0.015390954,0.0,0.00036210628,0.024642987,0.93740594,0.007458743,0.0,0.0093727335
99999E00026858,6,False,55,55.10,False,0.0,0.0,0.011104546,0.00053946197,0.0,0.02170106,0.0015910902,0.81544477,0.14558533,0.0,0.0033391719,0.0,0.0,0.0006946338
99999E00026870,6,False,DO,DO.01,False,0.0,0.058608457,0.20075208,0.008421744,0.022327775,0.34561443,0.012984173,0.20028333,0.10093593,0.013452915,0.0,0.019806983,0.0,0.016812239
99999E00026886,5,False,14,14.13,False,0.0,0.0,0.0,0.0,0.0,0.47364876,0.026432902,0.46507898,0.013760488,0.0,0.017763078,0.0033158306,0.0,0.0
99999E00026888,6,False,55,55.30,False,0.0,0.0,0.0016768737,0.0,0.0,0.9930738,0.0052493443,0.0,0.0,0.0,0.0,0.0,0.0,0.0
99999E00026907,3,False,52,52.10,False,0.0,0.020125952,0.051623274,0.016997686,0.0,0.531737,0.0895735,0.009832352,0.2188509,0.013974452,0.0,0.0009864321,0.022811238,0.023487128
99999E00026914,6,False,55,55.10,True,0.005488194,0.0,0.3908256,0.040574126,0.0005942151,0.104894,0.00643994,0.40469134,0.035443462,0.00091480324,0.0035421234,0.0,0.0022832516,0.0043088426
99999E00026925,3,False,DO,DO.01,False,0.0,0.13497551,0.046126444,0.104028374,0.069947824,0.080896236,0.2188779,0.09330796,0.07053634,0.0,0.04127521,0.09601192,0.0,0.044016287
99999E00026932,2,False,DO,DO.01,False,0.0,0.06759858,0.39778492,0.11509805,0.0,0.0,0.04192556,0.069846705,0.07448734,0.015035656,0.0,0.064752325,0.03339194,0.120079
99999E00026956,5,False,23,23.70,False,0.0,0.0,0.002553259,0.0,0.0,0.06094359,0.062053923,0.106100574,0.0061725406,0.026326122,0.58924973,0.004292103,0.0,0.14230816
99999E00026965,6,False,10,10.51,False,0.0,0.0,0.0,0.0,0.0,0.08145999,0.0,0.041455742,0.0021071655,0.0,0.8749771,0.0,0.0,0.0
99999E00026993,6,False,41,41.20,True,0.0,0.0,0.05025865,0.0,0.00256498,0.41166347,0.01001308,0.5007107,0.0,0.0,0.012852725,0.0,0.0,0.011936456
99999E00026996,6,False,56,56.10,False,0.0,0.0,0.0035990833,0.0,0.0,0.033365797,0.0,0.67709243,0.26095125,0.0,0.024991442,0.0,0.0,0.0
99999E00027041,4,False,DO,DO.01,False,0.0,0.0052880663,0.16505748,0.0404051,0.14253044,0.18712646,0.08038847,0.12951387,0.13870978,0.017496,0.039516237,0.006394906,0.0061297,0.04144352
99999E00027055,6,False,55,55.10,False,0.0,0.0,0.0017320365,0.0,0.0028616576,0.43914628,0.0,0.5025022,0.04923476,0.0,0.004024933,0.0,0.0,0.0004981576
99999E00027061,3,False,DO,DO.01,False,0.123514675,0.21145165,0.0650153,0.11060019,0.05895552,0.089050435,0.102217086,0.01794183,0.09551885,0.03133551,0.036290206,0.006286801,0.036943335,0.014878761
99999E00027064,6,False,33,33.20,False,0.0,0.002312048,0.03248097,0.0065845298,0.0013216357,0.13606419,0.029992761,0.47106093,0.005618049,0.016530996,0.17022152,0.0,0.0,0.12781236
99999E00027094,6,False,47,47.72,False,0.0,0.0021437649,0.0,0.0,0.0,0.016373308,0.002637687,0.057815105,0.0020680053,0.037470274,0.060019635,0.0,0.0015965769,0.81987566
99999E00027135,4,False,DO,DO.01,False,0.037083272,0.0013491039,0.030074276,0.00919946,0.03723209,0.64926255,0.004827681,0.07002775,0.0005315298,0.0035932388,0.020705266,0.0063115726,0.008160796,0.12164134
99999E00027159,3,False,55,55.10,False,0.0,0.0032740142,0.07576259,0.004135698,0.022170758,0.06605152,0.017882118,0.49482867,0.03744901,0.007305017,0.011773617,0.002253116,0.0020176729,0.25509614
99999E00027207,4,False,DO,DO.01,False,0.0,0.008921787,0.03995385,0.09454349,0.5617964,0.042524878,0.017039584,0.09245453,0.03966679,0.051498957,0.008192967,0.011150191,0.019063177,0.013193394
99999E00027234,2,False,DO,DO.01,False,0.0,0.12723635,0.0,0.0,0.0068508377,0.009216144,0.030982655,0.28842482,0.0,0.024661876,0.36726075,0.14536656,0.0,0.0
99999E00027247,4,False,49,49.41,False,0.010564272,0.0031561144,0.026747134,0.009646678,0.006400359,0.38996777,0.113663666,0.062604904,0.10739394,0.10048657,0.029332994,0.024126025,0.016873391,0.099036045
99999E00027270,2,False,01,01.1,False,0.0,0.0,0.0,0.0050321496,0.0,0.0044730217,0.60833097,0.0,0.2773274,0.0,0.0,0.0,0.09505172,0.009784736
99999E00027301,2,False,DO,DO.01,False,0.026052674,0.093226686,0.13827156,0.3298047,0.01278467,0.0035634066,0.0917672,0.022053318,0.11066462,0.0959561,0.011268326,0.06458674,0.0,0.0
99999E00027302,2,False,DO,DO.01,False,0.006453926,0.20071296,0.112447254,0.11992167,0.062346585,0.0,0.07997077,0.13397413,0.24293241,0.008832777,0.032407537,0.0,0.0,0.0
99999E00027327,3,False,DO,DO.01,False,0.0008569779,0.017751684,0.2783997,0.057164047,0.01334868,0.22465494,0.039201993,0.13805276,0.053629227,0.070873104,0.03434722,0.027336214,0.014753987,0.029629536
99999E00027368,4,False,DO,DO.01,False,0.0041761226,0.028131327,0.040697973,0.35394698,0.094370045,0.12829657,0.03402934,0.18573952,0.08527754,0.012219925,0.021643328,0.0052264007,0.0,0.0062450436
99999E00027376,4,False,DO,DO.01,False,0.0,0.01757364,0.16830444,0.046917763,0.026546745,0.0,0.06319754,0.15324782,0.2835067,0.09597873,0.061413668,0.017314784,0.016275227,0.049722992
99999E00027379,4,False,96,96.02,False,0.0,0.0018484048,0.014408584,0.0,0.0009005858,0.11003205,0.040387806,0.019968363,0.014436531,0.10924955,0.123005524,0.004950466,0.027752051,0.53306013
99999E00027400,3,False,DO,DO.01,False,0.0,0.04312672,0.07779545,0.01246929,0.06082456,0.28013998,0.08981759,0.059789047,0.14656809,0.04696805,0.027811078,0.024724154,0.10778346,0.022182444
99999E00027464,1,False,36,36.00,False,0.0028571864,0.0,0.007230091,0.0016755785,0.0,0.97834456,0.0003853604,0.009098941,0.0,0.0,0.0,0.0,0.0,0.00040832435
99999E00027466,6,False,55,55.10,False,0.0,0.0,0.05570832,0.0,0.0020421692,0.08677172,0.00068107113,0.849598,0.0028727793,0.0,0.0017196995,0.0,0.0,0.0006063016
99999E00027470,3,False,DO,DO.01,False,0.0,0.028234249,0.08501337,0.027500264,0.079350874,0.33121347,0.023259722,0.23126037,0.08076822,0.045631293,0.02922133,0.007213298,0.010400033,0.020933516
99999E00027488,3,False,DO,DO.01,False,0.0,0.0904466,0.040301118,0.10017015,0.028488668,0.027313415,0.15282291,0.2682374,0.06421658,0.028184118,0.15112343,0.0020329792,0.004587184,0.042075478
99999E00027492,4,False,DO,DO.01,False,0.0,0.028740752,0.22633879,0.034531694,0.032912802,0.4775601,0.014726962,0.052346684,0.0,0.0048281606,0.0,0.031151272,0.046698377,0.050164387
99999E00027494,1,False,IL,IL.01,False,0.98100257,0.0,0.0017891283,0.0,0.0,0.017208291,0.0,0.0,0.0,0.0,0.0,0.0,0.0,0.0
99999E00027497,4,False,DO,DO.01,False,0.002545675,0.06869434,0.27851793,0.05783162,0.025256095,0.020468177,0.07872326,0.115420595,0.22171715,0.020844502,0.016799964,0.004516687,0.03556218,0.053101912
99999E00027518,6,False,55,55.20,False,0.0,0.0,0.4490302,0.006180071,0.001853797,0.2633808,0.0072309924,0.1853624,0.008363765,0.0,0.0018701546,0.0,0.005075182,0.07165266
99999E00027520,4,False,47,47.64,False,0.0,0.0028083196,0.15174897,0.007457199,0.015630594,0.027148314,0.0397532,0.3733765,0.1519802,0.008630884,0.0681124,0.0025234427,0.031570505,0.11925959
99999E00027529,6,False,56,56.30,False,0.0,0.0,0.010742085,0.0,0.0,0.02205016,0.0010420738,0.9611858,0.0003840336,4.268265e-05,0.004553156,0.0,0.0,0.0
99999E00027541,4,False,84,84.11,False,0.0,0.0,0.0013970528,0.0,0.19397081,0.40818068,0.056044742,0.0626883,0.034921877,0.007353634,0.19955637,0.0064960285,0.0,0.02939054
99999E00027550,4,False,95,95.24,False,0.0,0.013927239,0.017384293,0.0,0.0,0.061315097,0.00047585915,0.00044242042,0.00017105207,0.29098144,0.014320788,0.18130104,0.05572954,0.36395124
99999E00027572,6,False,47,47.4,False,0.0,0.0,0.013652202,0.0,0.0,0.02204536,0.0,0.09656628,0.0110568,0.017467074,0.34522477,0.0,0.01619323,0.47779432
99999E00027590,2,False,DO,DO.01,False,0.0017266105,0.09429873,0.15114519,0.18112063,0.023853745,0.06339595,0.073580764,0.17009565,0.114277825,0.038218856,0.041051734,0.031326946,0.0039909137,0.011916429
99999E00027595,1,False,IL,IL.01,False,0.98587453,0.0,0.0,0.0,0.0,0.014125416,0.0,0.0,0.0,0.0,0.0,0.0,0.0,0.0
99999E00027598,4,False,DO,DO.01,False,0.0045355503,0.03739513,0.16826673,0.027290355,0.018664725,0.5105526,0.04093827,0.09323478,0.03188738,0.004285026,0.01087151,0.0058896476,0.024225952,0.02196239
99999E00027637,2,False,DO,DO.01,False,0.0,0.31292254,0.15682265,0.07249363,0.042400286,0.0,0.17282526,0.024593398,0.034655266,0.080869116,0.0,0.054368947,0.030062586,0.017986294
99999E00027658,5,False,DO,DO.01,False,0.0,0.1725555,0.14772859,0.0,0.0,0.101741895,0.25423354,0.0022234637,0.05463819,0.042056125,0.13628462,0.05103428,0.03212957,0.005374248
99999E00027675,6,False,56,56.30,False,0.0,0.00041097502,0.16289325,0.005452761,0.0,0.6461982,0.008640791,0.16672496,0.006943529,0.0,0.0025072359,0.0,0.0,0.00022835458
99999E00027686,2,False,DO,DO.01,False,0.0,0.5540741,0.0,0.0,0.094006725,0.09481481,0.0,0.25710437,0.0,0.0,0.0,0.0,0.0,0.0
99999E00027737,4,False,DO,DO.01,False,0.0018170383,0.29385114,0.12088416,0.23841059,0.00094890204,0.013042714,0.20341644,0.0043873806,0.037896372,0.0,0.0028241226,0.0,0.019528091,0.06299309
99999E00027746,6,False,DO,DO.01,False,0.0,0.0,0.0,0.0,0.0,0.95700455,0.0,0.021524401,0.0,0.008379223,0.0,0.005139231,0.0,0.007952621
99999E00027752,4,False,DO,DO.01,False,0.0008594832,0.004030599,0.016454652,0.0070698233,0.28898573,0.014978891,0.031017968,0.19631873,0.08749425,0.06629625,0.17541924,0.05894004,0.009435089,0.04269925
99999E00027766,3,False,DO,DO.01,False,0.00024902716,0.010140592,0.05923577,0.039873913,0.06863966,0.38745043,0.0154319,0.2637327,0.05409855,0.0115450015,0.05249855,0.012965493,0.010365235,0.0137732765
99999E00027770,6,False,DO,DO.01,False,0.0,0.0,0.06703105,0.0,0.0,0.60510546,0.0046362695,0.2919318,0.01276368,0.0,0.008122268,0.0025709239,0.0,0.007838625
99999E00027801,3,False,47,47.59,False,0.0,0.26332122,0.06335214,0.038403507,0.0,0.01143399,0.22198452,0.003857943,0.38281935,0.0011773435,0.0044567646,0.0022452981,0.004708247,0.0022396594
99999E00027821,3,False,DO,DO.01,False,0.0,0.34162056,0.11933387,0.21253155,0.0084789395,0.05681628,0.06169196,0.032144096,0.06822748,0.028639829,0.0111880675,0.016027903,0.0106883,0.03261122
99999E00027823,2,False,DO,DO.01,False,0.0,0.008709716,0.0752502,0.15679552,0.105811186,0.0010791384,0.008427593,0.41847444,0.020971378,0.021863418,0.1776446,0.0049728756,0.0,0.0
99999E00027836,5,False,10,10.51,False,0.0,0.0,0.012447175,0.002220186,0.0017750065,0.09849312,0.01730346,0.016580846,0.0,0.0018104591,0.84525436,0.00272128,0.00076211075,0.00063195947
99999E00027846,5,False,08,08.11,False,0.0,0.0,0.0042121797,0.0009502803,0.0029028095,0.036942147,0.005050708,0.14602353,0.0027551095,0.0049776398,0.79234654,0.0005638382,0.00070372317,0.0025714615
99999E00027851,6,False,47,47.11,False,0.0,0.0,0.0,0.0,0.0,0.06824677,0.0,0.9317532,0.0,0.0,0.0,0.0,0.0,0.0
99999E00027869,3,False,DO,DO.01,False,0.015165989,0.073305905,0.024990773,0.29013866,0.01712009,0.16529517,0.2426124,0.010787358,0.046391793,0.012015908,0.019023532,0.012495386,0.031079244,0.03957777
99999E00027922,6,False,DO,DO.01,False,0.0,0.043372016,0.24723893,0.1318046,0.0034948378,0.44902906,0.012259937,0.062451053,0.035455965,0.0040078303,0.0,0.0014727837,0.0,0.009413023
99999E00027928,5,False,18,18.12,False,0.0,0.0,0.0,0.0,0.0015266864,0.013142677,0.0065452126,0.0010552764,0.0,0.026863541,0.9275255,0.01514759,8.9738256e-05,0.008103704
99999E00027936,4,False,DO,DO.01,False,0.0006186241,0.04833278,0.084482245,0.026984282,0.012592324,0.6891047,0.037562247,0.014432859,0.033642586,0.011956658,0.0,0.0022512465,0.033661336,0.004378087
99999E00027940,2,False,DO,DO.01,False,0.0,0.1897463,0.0,0.0,0.0,0.5533827,0.0,0.0,0.25687104,0.0,0.0,0.0,0.0,0.0
99999E00027951,3,False,DO,DO.01,False,0.010610678,0.039366744,0.107235566,0.016226437,0.01264251,0.53863305,0.0055028787,0.002342251,0.16731572,0.012190991,0.0,0.084067054,0.0038661251,0.0
99999E00027966,4,False,DO,DO.01,False,0.0016075234,0.012494535,0.33780277,0.08637908,0.052887604,0.0716669,0.040980086,0.09674124,0.040510472,0.0075955167,0.02743837,0.0014714277,0.106998175,0.11542623
99999E00027979,6,False,DO,DO.01,False,0.0,0.02353442,0.11397511,0.011259175,0.057291344,0.51913375,0.01397442,0.13234335,0.061341904,0.0,0.015560315,0.0206853,0.004781716,0.026119225
99999E00027982,4,False,DO,DO.01,False,0.025305543,0.110582545,0.063848086,0.4996513,0.016295457,0.06298478,0.013067897,0.0128790885,0.043547582,0.038230404,0.0049459157,0.062167875,0.007676341,0.038817175
99999E00027997,3,False,DO,DO.01,False,0.0,0.019053353,0.04402169,0.0152828125,0.041552234,0.5860672,0.034463663,0.10803832,0.048998214,0.045620617,0.010406609,0.01369329,0.008056291,0.02474574
99999E00028031,4,False,DO,DO.01,True,0.4939662,0.025666356,0.21398889,0.021213975,0.0,0.22427161,0.013570396,0.0,0.0032764468,0.0,0.0,0.0,0.0,0.004046154
99999E00028037,4,False,DO,DO.01,False,0.0,0.016907606,0.10960931,0.0033824204,0.0,0.7760047,0.0,0.024513552,0.0023524016,0.011438158,0.014987002,0.0,0.016367858,0.02443709
99999E00028039,4,False,45,45.20,True,0.019489506,0.0015557378,0.020965114,0.007868895,0.13181643,0.02629384,0.08824058,0.02463206,0.0017161579,0.06837569,0.43070284,0.041148443,0.019163549,0.11803119
99999E00028083,3,False,52,52.10,False,0.0,0.0,8.848844e-05,0.0,0.0,0.20628731,0.0,0.79354006,0.0,8.418266e-05,0.0,0.0,0.0,0.0
99999E00028122,2,False,DO,DO.01,False,0.0,0.054011412,0.13180499,0.36643228,0.0,0.22919303,0.0,0.047973357,0.12882492,0.0,0.0,0.0,0.0,0.041759998
99999E00028124,4,False,84,84.11,False,0.0,0.0,0.015481961,0.0,0.0050166617,0.75178885,0.030918878,0.0828508,0.012878497,0.0012091554,0.025304385,0.0,0.0007469193,0.073803894
99999E00028143,4,False,DO,DO.01,False,0.0,0.087115124,0.052309588,0.050502762,0.030941727,0.095842,0.09928978,0.036952246,0.20412783,0.040277675,0.032985114,0.028366761,0.038196225,0.20309323
99999E00028157,3,False,DO,DO.01,False,0.07774309,0.042532716,0.10654264,0.15394214,0.0,0.4126212,0.064317,0.028665468,0.075162105,0.0121793905,0.0,0.004274248,0.0072325943,0.014787407
99999E00028175,2,False,DO,DO.01,False,0.0019128864,0.028356351,0.16440399,0.067349926,0.011311114,0.3427074,0.038966376,0.2096167,0.092092045,0.019347956,0.0042971955,0.0098212985,0.006707191,0.0031095739
99999E00028216,3,False,DO,DO.01,False,0.0,0.10687326,0.12311949,0.14030264,0.027127123,0.13324906,0.07980802,0.035586115,0.23011649,0.0,0.023768276,0.049702123,0.010509661,0.039837714
99999E00028225,3,False,DO,DO.01,False,0.027186051,0.055107597,0.016367245,0.13987775,0.0054859743,0.13188404,0.07810033,0.030488718,0.06549921,0.115243755,0.08337372,0.060167387,0.06469319,0.12652501
99999E00028241,3,False,DO,DO.01,False,0.009077363,0.03593904,0.41897509,0.053427115,0.0048600715,0.13255055,0.006696345,0.2154173,0.092128664,0.0072803036,0.0,0.0017020055,0.0034722104,0.018473985
99999E00028257,5,False,16,16.23,False,0.0005194139,0.0,0.008255426,0.0,0.006299757,0.0043269778,0.022627903,0.074926436,0.0009985333,0.010173007,0.77332133,0.0098738335,0.0,0.088677384
99999E00028269,2,False,DO,DO.01,False,0.0,0.060466554,0.15597197,0.18874925,0.009038491,0.064808175,0.062166665,0.17829531,0.12480402,0.07147301,0.006988721,0.0020957198,0.033086594,0.042055603
99999E00028305,2,False,DO,DO.01,False,0.0,0.32959387,0.0,0.13244003,0.0,0.15389009,0.017373014,0.0,0.18866211,0.04721097,0.0,0.024150826,0.027942246,0.07873689
99999E00028353,6,False,DO,DO.01,False,0.0,0.0,0.16938326,0.014806418,0.0057408875,0.28147334,0.0036028253,0.14561039,0.32405856,0.0,0.0056448774,0.0063341777,0.003890239,0.03945506
99999E00028387,6,False,56,56.30,False,0.0,0.0,0.0033984967,0.0,0.0,0.13927996,0.0,0.85732156,0.0,0.0,0.0,0.0,0.0,0.0
99999E00028414,4,False,DO,DO.01,False,0.00089474116,0.04945682,0.18036863,0.13925153,0.0014204017,0.3558721,0.014308402,0.15974858,0.013391293,0.025913939,0.0,0.019837154,0.030316811,0.009219561
99999E00028427,4,False,DO,DO.01,False,0.0,0.031965602,0.3312763,0.04039045,0.0004689847,0.007115352,0.13191903,0.14402159,0.22379154,0.015141338,0.013141795,0.0,0.00392231,0.056845803
99999E00028428,6,False,47,47.11,True,0.0,0.0,0.0,0.0,0.0,0.069065616,0.0012271286,0.9297072,0.0,0.0,0.0,0.0,0.0,0.0
99999E00028444,6,False,DO,DO.01,False,0.0,0.0,0.25958204,0.051650673,0.01249538,0.28933156,0.0333618,0.26938283,0.053595137,0.0,0.010343433,0.0,0.0044063004,0.015850978
99999E00028457,2,False,DO,DO.01,False,0.033244032,0.108772725,0.16786113,0.18399237,0.02084961,0.021728862,0.06499289,0.14230402,0.064679496,0.038206153,0.0,0.04412369,0.03903099,0.070214
99999E00028510,4,False,55,55.10,True,0.10391281,0.01880463,0.45567822,0.025251959,0.0033439812,0.31848434,0.002413872,0.07211021,0.0,0.0,0.0,0.0,0.0,0.0
99999E00028531,6,False,47,47.78,False,0.0,0.00247589,0.13320649,0.0,0.0,0.43809414,0.0014552611,0.41156355,0.0047261748,0.0,0.0023807466,0.0,0.0011287464,0.0049690786
99999E00028547,5,False,85,85.59,False,0.0,0.0,0.0,0.0,0.0,0.22744521,0.11126454,0.3529543,0.0023010508,0.0,0.2595229,0.0023527658,0.0,0.044159275
99999E00028551,4,False,DO,DO.01,False,0.0,0.02223057,0.08294173,0.03936532,0.041849595,0.40617588,0.054553304,0.20661294,0.052810423,0.016350113,0.011611398,0.010499931,0.012630191,0.04236857
99999E00028557,6,False,47,47.30,False,0.0,0.0,0.0,0.0,0.0,0.98656255,0.0,0.013437431,0.0,0.0,0.0,0.0,0.0,0.0
99999E00028584,3,False,DO,DO.01,False,0.0,0.17838144,0.16163859,0.32386053,0.011031301,0.10813635,0.009716598,0.038274344,0.065090775,0.06921771,0.0,0.03465239,0.0,0.0
99999E00028596,3,False,DO,DO.01,False,0.004003632,0.1447463,0.081873864,0.07364246,0.02557939,0.20828632,0.08658564,0.013800754,0.06599577,0.04647299,0.05945353,0.06293579,0.038418625,0.088204965
99999E00028614,4,False,DO,DO.01,False,0.026401527,0.07503452,0.20976974,0.12216049,0.01641136,0.1404262,0.087521404,0.08149658,0.120718844,0.024332637,0.0062838984,0.0056635994,0.032678887,0.051100295
99999E00028622,3,False,56,56.10,False,0.0,0.0,0.008452663,0.0012657961,0.0,0.10194185,0.0021000998,0.6749842,0.11332127,0.0,0.095114455,0.0,0.0,0.002819679
99999E00028624,6,False,55,55.10,True,0.0016064888,0.0,0.0043376544,0.0,0.0004742421,0.031872876,0.0006890185,0.94503653,0.0077520995,0.0,0.00799093,0.0,0.0,0.00024005146
99999E00028642,6,False,55,55.10,False,0.0,0.0,0.12747367,0.0011688655,0.0,0.025997413,0.0018795008,0.6920589,0.09904735,0.01481321,0.03756113,0.0,0.0,0.0
99999E00028653,6,False,47,47.78,False,0.0,0.0044854823,0.21067283,0.0,0.0,0.023893246,0.0,0.009324595,0.0006987379,0.0273773,0.003256578,7.557928e-05,0.0026776928,0.71753794
99999E00028698,5,False,82,82.99,False,0.0,0.0,0.09269693,0.047525603,0.0,0.048753317,0.046292834,0.16955495,0.0,0.0030104946,0.28429133,0.0,0.0,0.3078746
99999E00028728,6,False,49,49.39,False,0.0,0.0040805424,0.08524823,0.034142256,0.005693093,0.04071631,0.117694706,0.4611985,0.14888173,0.0,0.0771466,0.0020323219,0.0,0.02316569
99999E00028773,1,False,61,61.10,False,0.0,0.0,0.0,0.0,0.0,1.0,0.0,0.0,0.0,0.0,0.0,0.0,0.0,0.0
99999E00028795,3,False,DO,DO.01,False,0.0,0.044495646,0.14792866,0.2589603,0.023164362,0.2698133,0.044548284,0.07101963,0.066362604,0.02144275,0.0033472364,0.0031769327,0.004149211,0.041591194
99999E00028864,6,False,84,84.1,False,0.0,0.0,0.0041782344,0.01184449,0.0,0.2237754,0.0,0.6067576,0.0,0.0,0.14870034,0.0,0.0,0.0047439467
99999E00028875,6,False,47,47.79,False,0.0,0.0,0.02193287,0.0,0.0005941688,0.033057343,0.0009699918,0.0001736715,0.0030942569,0.013635727,0.016807605,0.0,0.026529301,0.8832051
99999E00028884,6,False,55,55.10,False,0.0031210536,0.0,0.3340858,0.0,0.0,0.41631016,0.0,0.24244435,0.0,0.0,0.0,0.0,0.0,0.0040386897
99999E00028886,6,False,64,64.19,False,0.0,0.0,0.0,0.0,0.0,0.23086062,0.0,0.6748645,0.0,0.0,0.094274946,0.0,0.0,0.0
99999E00028919,2,False,DO,DO.01,False,0.00044072774,0.20956944,0.0669861,0.15501411,0.017208721,0.13902813,0.046888914,0.04162052,0.12281161,0.052060116,0.03697141,0.012595772,0.054207254,0.04459713
99999E00028928,4,False,DO,DO.01,False,0.007670266,0.058698837,0.2823651,0.21402377,0.006644568,0.07524996,0.06158858,0.10140451,0.14467749,0.01784939,0.0,0.0,0.00873892,0.02108862
99999E00028951,4,False,DO,DO.01,False,0.0,0.04173636,0.014045796,0.0030810763,0.0044308812,0.24599707,0.021440377,0.013028553,0.06524057,0.07821043,0.116161466,0.30568188,0.005966529,0.08497902
99999E00028952,6,False,47,47.78,False,0.0,0.0,0.0,0.0,0.0,0.0,0.0,0.3304139,0.0,0.010080196,0.2632682,0.0,0.0,0.3962377
99999E00028955,4,False,96,96.0,False,0.0,0.0047619618,0.02894594,0.005260055,0.045496102,0.0891779,0.21778935,0.035912026,0.11992612,0.12391807,0.14913434,0.095559254,0.017915709,0.06620306
99999E00028961,6,False,55,55.10,False,0.0,0.0,0.002431146,0.0,0.014534857,0.23467939,0.0,0.7483546,0.0,0.0,0.0,0.0,0.0,0.0
99999E00028965,4,False,DO,DO.02,True,0.18829517,0.15974642,0.37485084,0.037288662,0.02294164,0.043455362,0.018756216,0.03396926,0.005456447,0.0,0.0,0.0016907045,0.04212323,0.071425974
99999E00028974,2,False,DO,DO.01,False,0.0015207715,0.06718286,0.36402076,0.10784495,0.007066023,0.02485163,0.0,0.07293212,0.10253153,0.0,0.011034866,0.058809344,0.057974778,0.12423034
99999E00029007,6,False,DO,DO.01,False,0.0,0.01718656,0.07939117,0.07631515,0.019991158,0.68082297,0.019086448,0.04772196,0.015010878,0.014478268,0.004813929,0.011879416,0.0009893434,0.012312802
99999E00029016,2,False,DO,DO.01,False,0.0,0.29378697,0.056294393,0.09638637,0.0041991835,0.0,0.047028907,0.0,0.3721295,0.0,0.010746404,0.0077066226,0.11172167,0.0
99999E00029023,5,False,16,16.23,False,0.0,0.0,0.0006359692,0.0011210304,0.027881969,0.03032718,0.085684024,0.017044406,0.005107156,0.027725527,0.7351651,0.036440138,0.0,0.032867465
99999E00029042,4,False,DO,DO.01,True,0.0025874889,0.0029052019,0.059631784,0.019847086,0.026569385,0.048421662,0.032171823,0.41466513,0.2439174,0.053396713,0.05150547,0.005306747,0.0075566005,0.031517524
99999E00029083,3,False,DO,DO.01,False,0.0,0.048655163,0.10609843,0.027961394,0.017172886,0.44079226,0.01738664,0.10546523,0.122343704,0.027078148,0.0,0.040213913,0.027775872,0.019056339
99999E00029096,4,False,DO,DO.01,False,0.0,0.25896797,0.1262525,0.12554464,0.04127639,0.023390852,0.035552036,0.06394171,0.058970556,0.06883139,0.013585355,0.14461686,0.027484288,0.01158552
99999E00029105,3,False,DO,DO.01,False,0.00054275885,0.065478586,0.041456625,0.1368299,0.01207736,0.3532267,0.045412127,0.039242636,0.14050816,0.06017204,0.00901995,0.035642464,0.022971585,0.037419125
99999E00029111,6,False,47,47.64,False,0.005659513,0.0,0.012980794,0.0,0.0017509253,0.043593965,0.01705836,0.0030492593,0.002528737,0.011924463,0.10599806,0.008122867,0.0,0.787333
99999E00029120,2,False,DO,DO.01,False,0.0,0.06027515,0.11698639,0.0,0.20118473,0.020338535,0.13171262,0.09855783,0.16745557,0.0482478,0.03643498,0.042753145,0.042227205,0.033826053
99999E00029139,4,False,01,01.1,False,0.0055839727,0.0043079476,0.01732631,0.0029374023,0.0023702802,0.35166666,0.23017892,0.027632667,0.022452222,0.1580635,0.06453924,0.026207589,0.020670878,0.066062465
99999E00029141,4,False,DO,DO.01,False,0.033202942,0.035331517,0.06796964,0.20893161,0.0,0.28387046,0.030094106,0.078253075,0.11477025,0.024142502,0.007323972,0.008187538,0.02844633,0.07947607
99999E00029144,4,False,96,96.02,False,0.0,0.00027962917,0.0033996606,0.0,0.0019231398,0.20718712,0.12741087,0.04768229,0.000340675,0.01251636,0.50522846,0.057298776,0.00030404748,0.036428988
99999E00029153,5,False,85,85.10,False,0.0,0.0,0.01060906,0.0,0.0021401572,0.12633236,0.015288175,0.0101753045,0.059484772,0.012799184,0.7348172,0.025400843,0.0,0.0029530083
99999E00029156,5,False,16,16.23,False,0.0,0.0,0.0011663238,0.0012403269,0.0,0.28272757,0.15490186,0.1857125,0.005649284,0.094466604,0.22190063,0.016891014,0.0,0.03534397
99999E00029159,4,False,52,52.10,False,0.0,0.032779448,0.14697853,0.046941895,0.012134765,0.1360474,0.067230776,0.36767876,0.028366396,0.026189677,0.04528436,0.0022789708,0.017862378,0.07022664
99999E00029171,4,False,DO,DO.01,False,0.0016880266,0.012328329,0.37436765,0.039521806,0.0,0.17953445,0.01342022,0.23136751,0.083331965,0.028090755,0.0,0.0082434695,0.010860184,0.017245594
99999E00029181,6,False,DO,DO.02,False,0.0,0.0,0.04328167,0.0141370585,0.0033177733,0.50628674,0.0056087696,0.41987327,0.0015892395,0.0,0.0039093024,0.0,0.0,0.0019961754
99999E00029182,5,False,25,25.11,False,0.0,0.0060602664,0.030803043,0.02536119,0.019815052,0.055852722,0.06382683,0.39202482,0.059216715,0.022960396,0.29595453,0.0014048916,0.0,0.026719403
99999E00029189,6,False,DO,DO.01,False,0.0,0.010386179,0.021958066,0.09102917,0.004982965,0.58596367,0.052291114,0.06464346,0.039803684,0.0,0.023443948,0.033214763,0.0,0.07228301
99999E00029213,5,False,85,85.3,False,0.00081676675,0.0,0.0009011531,0.0,0.00895036,0.11188306,0.011019311,0.076081805,0.0030600592,0.004667936,0.7694434,0.0024648495,0.0,0.010711303
99999E00029221,5,False,41,41.20,False,0.0012558238,0.025151879,0.019037286,0.018718647,0.012106307,0.16740151,0.056874443,0.02498735,0.13650991,0.026951266,0.074553855,0.022065425,0.2144876,0.19989881
99999E00029226,3,False,DO,DO.01,False,0.0,0.08685543,0.1812158,0.055106305,0.022239897,0.054615803,0.027018007,0.30581677,0.06379784,0.077055424,0.01650252,0.009089809,0.07451247,0.026173878
99999E00029241,6,False,55,55.10,True,0.02921629,0.0,0.6898351,0.0,0.0,0.17492974,0.0,0.105384074,0.0006348577,0.0,0.0,0.0,0.0,0.0
99999E00029288,6,False,01,01.50,False,0.0,0.0,0.0545542,0.0,0.010257227,0.5662306,0.0033244032,0.33822218,0.009518782,0.0016510271,0.0,0.0040307227,0.009468962,0.0027419343
99999E00029297,6,False,55,55.10,True,0.028734334,0.0,0.14690202,0.0004406355,0.0,0.1251932,0.0,0.6987298,0.0,0.0,0.0,0.0,0.0,0.0
99999E00029299,6,False,DO,DO.01,False,0.0,0.0,0.1166856,0.018561007,0.0022827606,0.3763368,0.017888656,0.37531167,0.06143974,0.0050251246,0.0052522337,0.0,0.014254013,0.0069622844
99999E00029326,4,False,DO,DO.01,False,0.0018710489,0.07019429,0.014563176,0.12448994,0.005500391,0.17719997,0.14089598,0.0,0.06948251,0.06424992,0.116632245,0.02697693,0.044556335,0.1433872
99999E00029338,3,False,DO,DO.01,False,0.0,0.12443821,0.16337425,0.010827785,0.019328294,0.1353141,0.036688942,0.027569965,0.32221305,0.06080923,0.019756643,0.009911535,0.032893375,0.03687448
99999E00029399,4,False,45,45.20,True,0.12692118,0.006612824,0.52298224,0.039409466,0.047671244,0.09174298,0.0141125675,0.12884577,0.0,0.0,0.0,0.0,0.0,0.021701725
99999E00029411,6,False,10,10.71,False,0.0,0.0,0.0010775398,0.0,0.0,0.07779604,0.0,0.9211264,0.0,0.0,0.0,0.0,0.0,0.0
99999E00029412,6,False,47,47.51,False,0.0,0.0,0.0,0.0,0.0,0.064787835,0.0013159066,0.00038780982,0.0,0.0057924064,0.027866498,0.0,0.0,0.89984953
99999E00029416,4,False,DO,DO.01,False,0.0,0.01221903,0.15162693,0.0029250344,0.0038334345,0.14920656,0.038561277,0.27399674,0.17987879,0.091807336,0.026765626,0.0065471185,0.039031394,0.023600789
99999E00029442,4,False,DO,DO.01,False,0.0,0.09461395,0.092521064,0.040003903,0.0030952499,0.42360145,0.07155736,0.05775402,0.05495113,0.050414987,0.035423674,0.014125849,0.030098638,0.031838845
99999E00029447,6,False,01,01.41,False,0.0005145834,0.0,0.010885843,0.0005218431,0.0014365994,0.01785091,0.0,0.9497282,0.0064246473,0.0010758678,0.009722779,0.0,0.0,0.0018386784
99999E00029465,4,False,93,93.1,False,0.03181919,0.23000495,0.07963936,0.09709332,0.047098175,0.19142957,0.035047814,0.066862494,0.01809811,0.0,0.0074996096,0.0018410592,0.15271996,0.04084625
99999E00029544,2,False,DO,DO.01,False,0.0,0.07582948,0.19653772,0.27160946,0.0041984315,0.047526423,0.1071283,0.03434079,0.080038935,0.021860039,0.016751874,0.0070796222,0.03184288,0.10525596
99999E00029574,6,False,45,45.20,False,0.0,0.014795671,0.16035123,0.016508069,0.012708263,0.013609167,0.22157842,0.19097221,0.30272448,0.0014798865,0.022737162,0.0,0.00603151,0.036504
99999E00029578,6,False,DO,DO.01,False,0.0,0.02296026,0.15631308,0.091205254,0.0074275685,0.5748558,0.013657818,0.07770523,0.027923575,0.01861649,0.003109323,0.0052231983,0.0,0.0010024086
99999E00029583,6,False,56,56.10,False,0.0,0.0,0.0,0.0,0.0,0.030706163,0.0,0.96790755,0.0,0.0,0.0013862661,0.0,0.0,0.0
99999E00029604,4,False,16,16.29,False,0.0,0.0,0.000657983,0.00063799263,0.0,0.018760663,0.07689576,0.003165675,0.00058321905,0.29543877,0.14961612,0.015240459,0.057665423,0.38133803
99999E00029636,6,False,49,49.4,False,0.0,0.0,0.042351443,0.014352486,0.0013601225,0.75958407,0.006859294,0.16672274,0.007521808,0.001248076,0.0,0.0,0.0,0.0
99999E00029650,6,False,47,47.59,False,0.0,0.0,0.019456053,0.004593062,0.0081126345,0.18500912,0.08851528,0.3289016,0.022527836,0.005792037,0.2563443,0.0,0.0,0.08074816
99999E00029711,4,False,DO,DO.01,False,0.0,0.0038069421,0.13777508,0.0023647044,0.039648414,0.21705525,0.036571674,0.2874761,0.13397418,0.06958973,0.008923909,0.007090077,0.015903976,0.03981999
99999E00029718,4,False,DO,DO.01,False,0.017332885,0.103139654,0.2107214,0.024195582,0.016121535,0.21636015,0.031091131,0.11979032,0.18534103,0.008303317,0.009100167,0.007256927,0.0242536,0.026992247
99999E00029721,6,False,56,56.30,False,0.0,0.0009975464,0.39537865,0.0477532,0.0,0.27574927,0.0068796035,0.21279287,0.049347177,0.0,0.005124261,0.0,0.0,0.0059773875
99999E00029722,4,False,94,94.99,False,0.0032404638,0.0,0.0005490035,0.0,0.014838706,0.77224904,0.0014253393,0.16046695,0.0,0.0050314423,0.029930674,0.012268339,0.0,0.0
99999E00029733,6,False,55,55.10,False,0.0,0.0,0.36316898,0.0013855412,0.0,0.08030435,0.007653179,0.54068416,0.0026765754,0.0,0.0025351848,0.0,0.0,0.0015920178
99999E00029737,6,False,47,47.71,False,0.0,0.0,0.0,0.000495521,0.0,0.026665661,0.0109947445,0.004079721,0.001412825,0.016760211,0.014423631,0.0,0.0063187173,0.91884893
99999E00029776,6,False,DO,DO.01,True,0.0,0.011354356,0.22136857,0.028383156,0.019461328,0.04580243,0.025878439,0.30474213,0.3100425,0.008476301,0.0048245895,0.0,0.0,0.019666227
99999E00029782,4,False,25,25.73,False,0.30478263,0.012942834,0.049313273,0.07954252,0.053324737,0.28180927,0.037924647,0.023438862,0.07171699,0.010868393,0.025845954,0.008212035,0.004604276,0.03567362
99999E00029804,4,False,DO,DO.01,True,0.34952945,0.056846526,0.14135271,0.31236967,0.03502693,0.031085465,0.009235588,0.0100065535,0.0045113824,0.0037214903,0.0,0.015830634,0.00071754784,0.029766034
99999E00029807,6,False,DO,DO.01,False,0.0,0.028424554,0.4821952,0.14342038,0.0,0.17438209,0.011569213,0.10883848,0.03657309,0.012653635,0.0,0.0,0.0,0.0019433491
99999E00029822,3,False,DO,DO.01,False,0.0,0.072027475,0.08115877,0.25039786,0.017129201,0.34036896,0.020401074,0.036439653,0.024170138,0.07200787,0.0,0.0045603025,0.02930783,0.05203093
99999E00029825,6,False,47,47.64,False,0.002647214,0.0,0.006459955,0.0034815262,0.0037186455,0.019963674,0.0005988642,0.053627204,0.0050146515,0.0061454675,0.18160474,0.0012851326,0.029243143,0.6862098
99999E00029835,2,False,DO,DO.01,False,0.0,0.079437636,0.082321174,0.24231654,0.02879111,0.34526128,0.09426245,0.06730652,0.018710317,0.013223786,0.0,0.017478433,0.0057755182,0.005115278
99999E00029836,3,False,DO,DO.01,False,0.0,0.08417589,0.22958733,0.11822345,0.009142818,0.3563551,0.017003426,0.04212375,0.10611293,0.010718256,0.01048081,0.0,0.005671578,0.010404677
99999E00029838,4,False,43,43.22,True,0.06669349,0.00290388,0.54448724,0.019679155,0.058470592,0.1095737,0.0038120789,0.19028097,0.0,0.0,0.0,0.0,0.0,0.00409889
99999E00029842,4,False,49,49.39,False,0.0,0.0,0.0016184682,0.0,0.0,0.031579692,0.0017856506,0.0026144488,0.036033154,0.003784726,0.9225838,0.0,0.0,0.0
99999E00029860,3,False,DO,DO.01,False,0.0,0.027380317,0.0787455,0.1558858,0.007467113,0.45102137,0.08161101,0.07972504,0.04524505,0.027560879,0.0076765646,0.017240897,0.0,0.020440446
99999E00029879,6,False,56,56.10,False,0.023889,0.0,0.03898881,0.008437834,0.034854777,0.81471044,0.0041707875,0.05728252,0.010174354,0.0,0.0008173497,0.0007152306,0.0031805905,0.0027783727
99999E00029894,2,False,DO,DO.01,False,0.0,0.071506895,0.15266305,0.4205909,0.019035365,0.22490095,0.0,0.017061653,0.04767614,0.046565007,0.0,0.0,0.0,0.0
99999E00029934,5,False,85,85.3,False,0.0,0.0,0.0176684,0.0046744216,0.012086791,0.18413414,0.00087774626,0.04666244,0.009916032,0.0,0.71091455,0.012027195,0.0,0.0010382893
99999E00029937,3,False,DO,DO.01,False,0.0,0.07118035,0.0727221,0.036681507,0.16215418,0.16716042,0.062859185,0.06932527,0.20572905,0.0063022966,0.0,0.03176429,0.09440983,0.019711591
99999E00029963,4,False,68,68.31,False,0.06082203,0.0,0.026604272,0.0,0.0,0.9079104,0.0,0.004663324,0.0,0.0,0.0,0.0,0.0,0.0
99999E00029972,4,False,DO,DO.01,False,0.16889635,0.079341166,0.18747997,0.113667816,0.008885734,0.20273541,0.064755365,0.043870226,0.07632032,0.0077326004,0.004537581,0.0024430477,0.005384021,0.03395043
99999E00029973,4,False,47,47.78,False,0.105570704,0.018059239,0.05493783,0.06033824,0.0,0.092635214,0.0793843,0.0,0.00035455482,0.023324117,0.0055953288,0.0013364793,0.008926048,0.5495379
99999E00029976,5,False,71,71.12,False,0.0,0.0,0.039550558,0.0,0.0,0.06521151,0.0038985694,0.1909989,0.006905172,0.00084153196,0.40650886,0.0018264409,0.010928386,0.27332997
99999E00029979,6,False,55,55.10,False,0.0,0.0,0.06410248,0.003165789,0.005174185,0.15413721,0.0010783003,0.7659925,0.004249876,0.0,0.002099646,0.0,0.0,0.0
99999E00029980,3,False,DO,DO.01,False,0.0069975825,0.03145566,0.031927235,0.26948148,0.0056710844,0.39077085,0.108492956,0.017854484,0.060208116,0.0040570768,0.022944465,0.036404163,0.0068621947,0.0068728435
99999E00030002,6,False,49,49.4,False,0.0,0.0,0.0021429101,0.0,0.006425023,0.96290195,0.0066165747,0.0,0.0009132703,0.01440347,0.0065968023,0.0,0.0,0.0
99999E00030051,4,False,DO,DO.01,False,0.0020774326,0.028614257,0.09826391,0.1031004,0.0,0.594993,0.021855133,0.034371324,0.048867185,0.0021670472,0.039900284,0.008119639,0.00059471594,0.01707568
99999E00030068,3,False,DO,DO.01,False,0.0,0.061571367,0.22950521,0.070794456,0.032270607,0.2316555,0.03815676,0.12695637,0.119227126,0.012362453,0.007063895,0.0048537194,0.03649849,0.029084077
99999E00030069,1,False,61,61.20,False,0.0,0.0,0.0,0.0,0.0,1.0,0.0,0.0,0.0,0.0,0.0,0.0,0.0,0.0
99999E00030080,6,False,94,94.91,False,0.0,0.0,0.015459801,0.014232532,0.001603482,0.08127329,0.02716491,0.1786428,0.005609086,0.024612056,0.10409235,0.0,0.29816705,0.24914268
99999E00030103,6,False,56,56.10,False,0.0,0.0,0.35085043,0.0,0.0,0.088362046,0.00047571168,0.3909208,0.15161875,0.0,0.017772343,0.0,0.0,0.0
99999E00030114,4,False,49,49.39,False,0.0,0.0,0.05357364,0.012683282,0.0,0.26925308,0.0037668156,0.021301534,0.31826627,0.0024694721,0.31868595,0.0,0.0,0.0
99999E00030122,6,False,DO,DO.01,False,0.0,0.06488878,0.3700563,0.09148142,0.011256308,0.013021331,0.016995935,0.2681822,0.12617269,0.0,0.018933278,0.0021453165,0.0016413387,0.015225188
99999E00030124,4,False,43,43.21,True,0.14727588,0.0077631623,0.025488181,0.0059878575,0.33882394,0.24971604,0.019467628,0.12896465,0.004319318,0.004187864,0.020971682,0.006929393,0.012407113,0.027697219
99999E00030125,4,False,47,47.64,False,0.0,0.174362,0.004201974,0.11532526,0.0,0.0,0.03691165,0.0,0.01371118,0.1887901,0.03379502,0.04699838,0.20680283,0.17910166
99999E00030126,4,False,47,47.64,False,0.0,0.012220405,0.013100835,0.006435063,0.0,0.0011680244,0.0,0.030669922,0.0016536695,0.03291906,0.0388295,0.0056994846,0.015662061,0.84164196
99999E00030131,6,False,55,55.10,False,0.0010600458,0.0,0.37234604,0.04134573,0.0102871405,0.11869884,0.015464821,0.4051854,0.00930185,0.0002442803,0.023334894,0.0,0.00024101233,0.002489916
99999E00030149,2,False,DO,DO.01,False,0.08173724,0.3280136,0.03147995,0.3053639,0.0039454317,0.0,0.08010897,0.0,0.056582507,0.08357427,0.0,0.0,0.0,0.029194107
99999E00030151,1,False,61,61.20,False,0.0,0.0,0.0,0.0,0.0,0.9970918,0.0,0.0029081777,0.0,0.0,0.0,0.0,0.0,0.0
99999E00030183,6,False,10,10.51,True,0.00010181207,0.0,0.0,0.0,0.0012434034,0.5455744,0.0,0.45308033,0.0,0.0,0.0,0.0,0.0,0.0
99999E00030213,6,False,DO,DO.01,False,0.0,0.0,0.0,0.0,0.0,0.9903018,0.0020037673,0.005490322,0.0,0.0,0.0,0.0,0.0,0.002204144
99999E00030233,5,False,16,16.23,False,0.0,0.0,0.0,0.0,0.00047368553,0.01794247,0.07729442,0.0262454,0.0069901235,0.068447165,0.5026356,0.02244133,0.02445814,0.25307167
99999E00030248,4,False,DO,DO.01,False,0.0028958472,0.027757252,0.14742188,0.10542258,0.004888166,0.5207598,0.039989434,0.03814839,0.02766873,0.021401554,0.0,0.008199733,0.029205361,0.02624116
99999E00030283,3,False,DO,DO.01,False,0.026160868,0.10374027,0.11139925,0.11642837,0.0,0.045527156,0.09316037,0.08522976,0.13563944,0.0507783,0.1164219,0.050700698,0.012860559,0.051953126
99999E00030323,3,False,DO,DO.01,False,0.0015285317,0.20625694,0.08195496,0.030425591,0.04133172,0.0756177,0.033571914,0.034191135,0.39606825,0.01956409,0.0,0.013656371,0.03606554,0.029767318
99999E00030335,4,False,DO,DO.01,False,0.012853382,0.019489143,0.16599526,0.08736801,0.013417871,0.17843215,0.037955496,0.19243926,0.08698673,0.0156042995,0.03238269,0.012781309,0.028490143,0.11580423
99999E00030409,3,False,DO,DO.01,False,0.006666437,0.0909099,0.18292463,0.18020238,0.041894466,0.24171737,0.061829828,0.08544865,0.025254935,0.033578143,0.0,0.0032407383,0.011486224,0.034846302
99999E00030433,3,False,DO,DO.01,False,0.008931208,0.15122625,0.14661972,0.2568021,0.015700078,0.16551258,0.06456355,0.022148764,0.025501633,0.055936735,0.007898516,0.01038329,0.03396159,0.0348139
99999E00030454,6,False,10,10.85,False,0.0,0.0002615276,0.00203166,0.00020175087,0.00019847153,0.0083749425,0.0025314388,0.8152322,0.00063676294,0.0037183114,0.028406523,7.360699e-05,8.490645e-05,0.13824783
99999E00030458,3,False,DO,DO.01,False,0.002953714,0.021695994,0.083507545,0.1876833,0.005583413,0.47048292,0.011532314,0.17045093,0.008408817,0.012473252,0.0019674145,0.008958346,0.013287175,0.0010148125
99999E00030496,4,False,DO,DO.01,False,0.0,0.034825902,0.19263177,0.12689093,0.0059601925,0.46307278,0.081214756,0.01599691,0.0,0.023886822,0.0,0.0051477384,0.006434947,0.043937236
99999E00030512,6,False,49,49.12,True,0.009896674,0.0,0.050465588,0.00032370104,0.0013229793,0.02932218,0.0037801643,0.6399942,0.1651035,0.00033778857,0.093753085,0.0,0.0,0.005700144
99999E00030549,4,False,43,43.22,False,0.0,0.0100651365,0.13001513,0.16925064,0.039674215,0.0628356,0.17585231,0.20513526,0.0762538,0.01660614,0.04233889,0.0036518264,0.0032468466,0.065074265
99999E00030572,4,False,DO,DO.01,False,0.0,0.21475922,0.110820085,0.010317568,0.42532957,0.0013281839,0.0053211334,0.14061955,0.0063785017,0.02470856,0.0,0.02687508,0.0,0.033542592
99999E00030577,2,False,DO,DO.01,False,0.004900688,0.038949728,0.09334489,0.21620904,0.0021420224,0.11982113,0.19067633,0.12791398,0.027635334,0.012566995,0.071301065,0.0137276435,0.01709136,0.06371976
99999E00030588,4,False,47,47.78,False,0.0,0.24223432,0.013570068,0.012609406,0.0,0.00037475344,0.039578333,0.0,0.0,0.005181869,0.0,0.0,0.1543071,0.5321441
99999E00030597,6,False,DO,DO.01,False,0.0,0.0029063767,0.12568475,0.08839908,0.0010355739,0.111713305,0.031005213,0.52294046,0.08673242,0.0,0.02413685,0.001691184,0.0,0.0037549052
99999E00030599,1,False,61,61.10,False,0.0,0.0,0.0,0.0,0.0,1.0,0.0,0.0,0.0,0.0,0.0,0.0,0.0,0.0
99999E00030602,3,False,47,47.59,False,0.0,0.0,0.45830008,0.0,0.0,0.22919366,0.16117045,0.0,0.07421368,0.0,0.0,0.0,0.05069176,0.0264304
99999E00030605,4,False,DO,DO.01,True,0.16068932,0.014526337,0.12504016,0.38263264,0.0021727257,0.09379468,0.11609222,0.015311491,0.023080692,0.037986554,0.0,0.0045101126,0.0,0.02416304
99999E00030611,3,False,DO,DO.01,False,0.009439097,0.06680435,0.3750488,0.14991713,0.00902157,0.17528439,0.023195129,0.05292406,0.06647878,0.018276757,0.004175272,0.022700557,0.026734168,0.0
99999E00030618,2,False,DO,DO.01,False,0.0,0.06410991,0.08294967,0.25569305,0.05111869,0.10144099,0.017222073,0.14979719,0.072845384,0.07311914,0.036534682,0.0,0.095169365,0.0
99999E00030631,4,False,16,16.2,False,0.0,0.0,0.012384207,0.002200432,0.01504313,0.5209362,0.08811833,0.022138247,0.015822073,0.14893833,0.07032178,0.05339046,0.020628018,0.030078866
99999E00030670,4,False,DO,DO.02,False,0.026777595,0.017715978,0.087958075,0.032621104,0.005454426,0.5922561,0.038908243,0.08090005,0.022050427,0.015603295,0.039359137,0.005716238,0.0049017114,0.02977753
99999E00030675,4,False,DO,DO.01,False,0.0,0.040043514,0.36925206,0.07278403,0.0,0.2781605,0.020708058,0.14462493,0.040486798,0.0,0.0,0.0,0.013918055,0.020022087
99999E00030676,2,False,DO,DO.01,False,0.0,0.021749515,0.30396333,0.09342576,0.003258679,0.049155787,0.033742838,0.34301752,0.04017641,0.019513123,0.014158425,0.0025288938,0.01572309,0.059586644
99999E00030678,4,False,DO,DO.01,False,0.098036975,0.07940189,0.07563545,0.15775613,0.05811445,0.16755953,0.07687219,0.04018024,0.04446284,0.04104172,0.048068665,0.040972367,0.019416261,0.05248122
99999E00030715,6,False,47,47.11,False,0.0,0.0,0.07335928,0.0,0.0,0.11880458,0.0007218679,0.73533094,0.00257868,0.0,0.0018401905,0.0,0.0,0.06736445
99999E00030790,2,False,DO,DO.01,False,0.022955146,0.07599625,0.08353238,0.07656412,0.037869167,0.11994504,0.0859187,0.0019983614,0.0962573,0.036395323,0.20603064,0.025343644,0.040407218,0.090786725
99999E00030794,1,False,61,61.10,False,0.0,0.0,0.0,0.0,0.0,1.0,0.0,0.0,0.0,0.0,0.0,0.0,0.0,0.0
99999E00030797,3,False,DO,DO.01,False,0.018236259,0.04396376,0.23279583,0.19160727,0.0097709,0.0999982,0.1037507,0.10741638,0.084113605,0.010857262,0.036334876,0.013091397,0.0062746378,0.041788917
99999E00030832,3,False,DO,DO.01,False,0.0,0.19336244,0.08335586,0.19397311,0.013208238,0.2364569,0.029179456,0.010481299,0.10124514,0.03193042,0.009282006,0.03397062,0.0,0.06355451
99999E00030835,6,False,55,55.10,False,0.0,0.0,0.17660151,0.07273466,0.010005769,0.49643317,0.0112240715,0.21886945,0.002623127,0.0018297904,0.004379079,0.0,0.0,0.0052992487
99999E00030838,6,False,47,47.25,False,0.0010090008,0.0019288734,0.02867216,0.00067743205,0.0071095326,0.015653526,0.004600764,0.49181223,0.02762392,0.079215534,0.03806119,0.0,0.0,0.3036358
99999E00030863,6,False,56,56.30,False,0.0,0.0008199187,0.0041662687,0.0008402593,4.202171e-05,0.1775754,0.00076577417,0.80818295,0.0018171911,0.0006144728,0.002562858,4.2196556e-05,0.0,0.0025706678
99999E00030915,4,False,DO,DO.01,True,0.26239717,0.03053784,0.13565288,0.08106613,0.16479068,0.15159258,0.042365152,0.022237625,0.0062548127,0.017013213,0.0006022241,0.03695438,0.028527861,0.020007392
99999E00030919,1,False,10,10.71,False,0.08912945,0.0,0.0,0.0,0.0,0.9082228,0.0,0.0026477827,0.0,0.0,0.0,0.0,0.0,0.0
99999E00030956,3,False,DO,DO.01,False,0.041822612,0.0073149814,0.1834652,0.082577504,0.02980514,0.55036145,0.00069287873,0.013005674,0.05599255,0.00041459128,0.009143726,0.0,0.023603309,0.0018003487
99999E00030958,4,False,94,94.9,False,0.045001343,0.07304719,0.09535237,0.02492669,0.0004354395,0.40110198,0.016848844,0.019950237,0.018528394,0.02203857,0.026028618,0.0,0.23362659,0.023113837
99999E00031012,6,False,56,56.30,False,0.0,0.0,0.0,0.0,0.0,0.08173124,0.0,0.024480185,0.8057913,0.00032541688,0.08767184,0.0,0.0,0.0
99999E00031016,4,False,DO,DO.01,False,0.002092811,0.02802065,0.14351597,0.04293175,0.0070655467,0.24860406,0.054060735,0.08589902,0.25681335,0.013773055,0.017099105,0.010113122,0.037232995,0.052777767
99999E00031042,2,False,49,49.4,False,0.0,0.0,0.0,0.0,0.0,0.0,0.0,0.0,0.0,0.0,0.0,0.0,0.0,1.0
99999E00031074,6,False,DO,DO.01,False,0.0,0.36908764,0.04509529,0.06189017,0.0,0.17650716,0.02869448,0.0801947,0.17775594,0.056684088,0.0,0.00409049,0.0,0.0
99999E00031089,6,False,56,56.30,False,0.0,0.0,0.0,0.0,0.0,0.13304473,0.0,0.8620327,0.0,0.0,0.0048583457,0.0,0.0,6.425357e-05
99999E00031093,4,False,DO,DO.01,False,0.0034786456,0.05342131,0.12015573,0.06000752,0.05273191,0.6127042,0.0006243273,0.050554678,0.003992177,0.018230354,0.0,0.009199594,0.007068088,0.00783135
99999E00031117,6,False,55,55.10,False,0.0,0.0,0.27150768,0.0,0.0,0.09386781,0.0,0.6346245,0.0,0.0,0.0,0.0,0.0,0.0
99999E00031130,2,False,DO,DO.01,False,0.0,0.0,0.45005575,0.020022947,0.0,0.12931688,0.005163303,0.20144153,0.19399957,0.0,0.0,0.0,0.0,0.0
99999E00031136,6,False,47,47.71,False,0.0,0.0,0.03418599,0.0,0.0,0.05295039,0.000514633,0.023703298,0.0,0.004967174,0.0,0.0010727638,0.0028450268,0.87976074
99999E00031143,3,False,84,84.11,False,0.00362878,0.01456848,0.08401104,0.012178308,0.023439957,0.28255296,0.018618476,0.4551825,0.03276276,0.016990846,0.010104123,0.009221746,0.0024342905,0.034305725
99999E00031144,6,False,47,47.11,False,0.0027891765,0.0,0.0013090839,0.005954076,0.0,0.9703635,0.0024481504,0.009284036,0.0057186293,0.0,0.0021333953,0.0,0.0,0.0
99999E00031172,3,False,DO,DO.01,False,0.0047385977,0.17505464,0.08756213,0.17978828,0.02733105,0.0930996,0.056563176,0.042027503,0.14066127,0.03461049,0.01247549,0.019885868,0.053859904,0.07234193
99999E00031175,4,False,DO,DO.01,False,0.002448463,0.02272989,0.17954642,0.16093737,0.0045890035,0.23006842,0.11269435,0.15622604,0.05171998,0.008027473,0.015681384,0.009155629,0.0,0.04617558
99999E00031188,6,False,55,55.10,True,0.024982868,0.0,0.20384909,0.0,0.00069971645,0.20466098,0.013296662,0.50269717,0.0,0.0,0.0,0.0,0.0,0.049813572
99999E00031193,6,False,DO,DO.01,False,0.0,0.022868281,0.099245705,0.0506275,0.0060665524,0.50371957,0.06914855,0.10833526,0.09902339,0.006081051,0.010590188,0.010278462,0.0,0.014015537
99999E00031218,6,False,47,47.11,True,0.0,0.0,0.0048140045,0.0,0.0,0.04424444,0.0,0.94409823,0.0,0.0,0.0,0.0,0.0,0.0068433643
99999E00031226,6,False,DO,DO.01,False,0.0,0.0062527233,0.47373176,0.010860896,0.0,0.17130561,0.04504757,0.19578137,0.04661888,0.0,0.0,0.0,0.0,0.050401192
99999E00031227,4,False,DO,DO.01,False,0.0,0.0067428537,0.16957186,0.0042090015,0.1102651,0.006556179,0.086076155,0.22338589,0.19483541,0.015900608,0.11777144,0.0080573885,0.013532737,0.04309531
99999E00031282,6,False,93,93.1,True,0.0,0.0,0.119379334,0.032908466,0.0,0.50175077,0.028114136,0.29037833,0.00614419,0.0,0.010931969,0.0,0.0,0.010392818
99999E00031296,6,False,16,16.10,False,0.0,0.0,0.02683971,0.0,0.0,0.7734851,0.0,0.1980239,0.0,0.0,0.0,0.0,0.0,0.0016511725
99999E00031300,2,False,49,49.4,False,0.021521425,0.0,0.15765792,0.0,0.0,0.20051418,0.1332338,0.0,0.08283054,0.11150504,0.18587628,0.042296447,0.0,0.06456427
99999E00031304,3,False,55,55.10,False,0.0,0.0045386795,0.19615161,0.07404994,0.0014514026,0.2049911,0.17369008,0.20538898,0.055188693,0.009402043,0.0044168336,0.0,0.0033145738,0.06741604
99999E00031320,6,False,DO,DO.01,False,0.0,0.011971956,0.13338268,0.0,0.0,0.01098424,0.2124199,0.22013341,0.07385547,0.039271545,0.06349806,0.0018627237,0.012244564,0.22037548
99999E00031342,6,False,DO,DO.01,False,0.0,0.0133636985,0.18090987,0.15759778,0.0,0.4852139,0.011512656,0.12326685,0.0053046863,0.015723892,0.0,0.0,0.0,0.007106654
99999E00031359,4,False,DO,DO.01,False,0.012655224,0.02880606,0.08829185,0.06071376,0.043780096,0.64685214,0.017394153,0.03476068,0.009756198,0.0024057925,0.0065389243,0.0056660445,0.0071181157,0.035261076
99999E00031369,4,False,36,36.00,False,0.0005072406,0.010438601,0.08122248,0.006287002,0.01111014,0.57993716,0.015104347,0.17147996,0.011830963,0.016997654,0.0,0.0035058155,0.0051383534,0.086440206
99999E00031370,6,False,36,36.00,False,0.0075538945,0.0,0.015817124,0.003736321,0.012419168,0.82197434,0.0078016417,0.08937566,0.016018044,0.0008979414,0.021964751,0.0,0.0,0.002441135
99999E00031372,1,False,IL,IL.01,False,0.9815984,0.0,0.0,0.0,0.0,0.018401632,0.0,0.0,0.0,0.0,0.0,0.0,0.0,0.0
99999E00031374,1,False,IL,IL.01,False,1.0,0.0,0.0,0.0,0.0,0.0,0.0,0.0,0.0,0.0,0.0,0.0,0.0,0.0
99999E00031376,6,False,75,75.00,False,0.0010285345,0.0015474289,0.0017953084,0.0016915295,0.0,0.17833376,0.11505706,0.10235637,0.03831027,0.20068322,0.30074522,0.0054804496,0.00071323186,0.05225762
99999E00031377,6,False,84,84.1,False,0.0,0.0,0.0015129149,0.0,0.0,0.15638442,0.0024054048,0.81530464,0.0,0.0,0.0,0.0,0.0,0.024392657
99999E00031378,1,False,IL,IL.01,False,0.99610865,0.0,0.0038913577,0.0,0.0,0.0,0.0,0.0,0.0,0.0,0.0,0.0,0.0,0.0
99999E00031379,1,False,IL,IL.01,False,1.0,0.0,0.0,0.0,0.0,0.0,0.0,0.0,0.0,0.0,0.0,0.0,0.0,0.0
99999E00031381,6,False,IL,IL.01,False,0.0,0.009149423,0.051786255,0.0034817918,0.0,0.93309426,0.0,0.0,0.0,0.0,0.0,0.0024882283,0.0,0.0
99999E00031382,6,False,36,36.00,False,0.0,0.0,0.0,0.0,0.0,0.97417647,0.0046104626,0.009007592,0.00924785,0.0,0.002957655,0.0,0.0,0.0
99999E00031385,1,False,96,96.0,False,0.98725504,0.0,0.0073555172,0.0016017039,0.0,0.0037877655,0.0,0.0,0.0,0.0,0.0,0.0,0.0,0.0
99999E00031386,6,False,36,36.00,False,0.0,0.0,0.00029314117,0.0,0.0,0.951772,0.0074846586,0.009466548,0.014606076,0.011821236,0.0,0.0007902066,0.0,0.0037662263
99999E00031387,1,False,IL,IL.01,False,0.98161554,0.0015377202,0.0,0.0,0.0,0.013873907,0.0,0.0029728366,0.0,0.0,0.0,0.0,0.0,0.0
99999E00031388,1,False,IL,IL.01,False,0.905883,0.0,0.0,0.0,0.0,0.094117016,0.0,0.0,0.0,0.0,0.0,0.0,0.0,0.0
99999E00031389,1,False,IL,IL.01,False,0.9946498,0.0,0.0042349887,0.0,0.0,0.0011152128,0.0,0.0,0.0,0.0,0.0,0.0,0.0,0.0
99999E00031393,6,False,36,36.00,False,0.06034023,0.0,0.4994032,0.023848694,0.00439576,0.17688873,0.000754566,0.22298777,0.0016740903,0.004286431,0.0005023097,0.0,0.0035285603,0.0013896134
99999E00031394,6,False,85,85.3,False,0.0,0.0,0.006583863,0.0,0.0017910767,0.42721143,0.00414213,0.54796016,0.009244697,0.0,0.0030666876,0.0,0.0,0.0
99999E00031425,4,False,68,68.31,False,0.007603092,0.064893186,0.030148352,0.12261284,0.017527508,0.3395026,0.025708044,0.030687205,0.061621834,0.09999581,0.0,0.0047905254,0.042822577,0.15208636
99999E00031482,4,False,DO,DO.01,False,0.004546206,0.20195042,0.20903797,0.07301644,0.04501798,0.09845089,0.03923838,0.043585233,0.17291144,0.024680795,0.007713153,0.0008557565,0.056755457,0.022239944
99999E00031490,3,False,DO,DO.01,False,0.0023919458,0.06412962,0.22582781,0.09045711,0.051574502,0.07210151,0.035417743,0.076717384,0.097446956,0.07108917,0.0,0.055740766,0.111213185,0.045892328
99999E00031610,1,False,IL,IL.01,False,0.9943773,0.0011081912,0.002181192,0.0,0.0,0.0023333475,0.0,0.0,0.0,0.0,0.0,0.0,0.0,0.0
99999E00031652,1,False,60,60.10,False,0.0,0.0,0.0,0.0,0.0,1.0,0.0,0.0,0.0,0.0,0.0,0.0,0.0,0.0
99999E00031656,1,False,60,60.10,False,0.0,0.0,0.0,0.0,0.0,1.0,0.0,0.0,0.0,0.0,0.0,0.0,0.0,0.0
99999E00031672,3,False,36,36.00,False,0.0,0.0029062675,0.06648473,0.020198515,0.019654527,0.16897668,0.087647885,0.51156473,0.04474762,0.0030952322,0.03430347,0.0035757928,0.0058090114,0.031035572
99999E00031701,3,False,DO,DO.01,False,0.0,0.029215436,0.34752056,0.1252034,0.013257146,0.2505207,0.061744124,0.027106723,0.041213155,0.009157787,0.003838358,0.0076922523,0.0,0.08353038
99999E00031702,4,False,DO,DO.01,False,0.0030495129,0.019445691,0.044622246,0.096465416,0.25398758,0.14235388,0.06187495,0.20758726,0.040486548,0.013471223,0.06069672,0.033745855,0.002597443,0.019615544
99999E00031763,4,False,DO,DO.01,False,0.19380176,0.107224174,0.12992437,0.17237781,0.0034841618,0.3148679,0.007898924,0.01716297,0.011961985,0.0027553616,0.0,0.001177951,0.008393625,0.028968979
99999E00031800,3,False,DO,DO.01,False,0.0,0.112554945,0.19140542,0.04194037,0.0048229247,0.3867981,0.046578754,0.021124657,0.04485983,0.017382018,0.008090735,0.01116986,0.038170774,0.0751016
99999E00031807,3,False,DO,DO.01,False,0.00559452,0.0073323096,0.14333212,0.04718519,0.01433515,0.16523215,0.054948177,0.30759093,0.12621048,0.04599436,0.020437872,0.0027800328,0.056492165,0.002534546
99999E00031817,4,False,DO,DO.01,False,0.0,0.06912645,0.11060303,0.04127756,0.0072780363,0.24516864,0.09259683,0.13640568,0.09710166,0.0038767725,0.096010014,0.054558456,0.0,0.0459969
99999E00031823,4,False,52,52.10,False,0.06808201,0.0,0.018666526,0.0039723455,0.06299108,0.36267236,0.054129496,0.0778099,0.0011548827,0.024658604,0.2548161,0.007832452,0.008139014,0.055075314
99999E00031834,4,False,93,93.11,False,0.0,0.016403217,0.13394316,0.017497376,0.015938181,0.1280277,0.013468177,0.045009755,0.025271527,0.0023438686,0.059437852,0.0,0.11394324,0.42871594
99999E00031857,6,False,41,41.20,False,0.0,0.0,0.0014604027,0.0,0.0,0.2942008,0.0,0.51975733,0.0,0.0,0.1845815,0.0,0.0,0.0
99999E00031871,3,False,DO,DO.01,False,0.0,0.07922446,0.2101029,0.08002481,0.041990127,0.14332205,0.01979287,0.14403205,0.07666111,0.03811834,0.044847958,0.020352274,0.020776154,0.08075488
99999E00031885,6,False,56,56.10,False,0.0004134614,0.00038806142,0.78828925,0.11789656,0.00014136493,0.070549615,0.0019492955,0.0135127315,0.0001335403,0.0008416892,0.0054215845,0.0,0.0,0.00046289698
99999E00031886,6,False,55,55.10,False,0.0,0.0,0.10661236,0.0,0.0,0.06182071,0.0,0.8111426,0.0023238522,0.0,0.008517125,0.0,0.0,0.00958324
99999E00031930,6,False,93,93.1,False,0.0,0.0,0.031897154,0.020548876,0.0,0.19208197,0.0046434095,0.54946756,0.009491912,0.0,0.052496657,0.0,0.0,0.13937244
99999E00031966,3,False,01,01.42,False,0.030805945,0.010531649,0.13028146,0.005051964,0.003233708,0.43346933,0.038993735,0.21882255,0.016264644,0.0019268177,0.0022999607,0.0026642052,0.024929391,0.08072464
99999E00032033,6,False,47,47.78,False,0.0,0.0,0.012195081,0.0,0.0,0.027220855,0.0011242068,0.006205491,0.0041631637,0.044167913,0.0021339213,0.0,0.0,0.90278935
99999E00032034,6,False,55,55.10,False,0.0,0.0,0.19678067,0.0009848814,0.0,0.10012584,0.00167259,0.69378483,0.0007882902,0.0,0.0050856266,0.0,0.0,0.00077722146
99999E00032062,4,False,DO,DO.01,False,0.07473597,0.01436638,0.12886241,0.04010122,0.0,0.63142157,0.07349747,0.0029586896,0.0034920285,0.001681954,0.0,0.0,0.0,0.028882233
99999E00032068,3,False,DO,DO.01,False,0.13911368,0.025132824,0.112107,0.08015387,0.027654879,0.31829298,0.15246275,0.0034419997,0.078485236,0.0,0.0,0.0044086464,0.0076142917,0.051131807
99999E00032087,4,False,43,43.22,False,0.0048020175,0.0029456222,0.086664185,0.006184439,0.0,0.2230029,0.009117908,0.00810008,0.010760104,0.0,0.0060279677,0.0,0.035075538,0.60731924
99999E00032096,4,False,82,82.30,False,0.0012444641,0.0020620178,0.014102544,0.111457765,0.00030567602,0.82343,0.013245615,0.01877058,0.0,0.0033044093,0.0,0.000349196,0.0014744981,0.0102531
99999E00032109,4,False,46,46.34,False,0.10134248,0.21957356,0.19265915,0.0290526,0.00042763824,0.05405237,0.094924465,0.012689426,0.15351571,0.034782767,0.0156109715,0.002286845,0.018459678,0.07062238
99999E00032116,4,False,DO,DO.01,False,0.0009838562,0.13670129,0.4465764,0.08471039,0.0021263543,0.03295832,0.011077071,0.061271284,0.20778498,0.002118095,0.0023896107,0.0,0.007859493,0.0034429803
99999E00032122,6,False,55,55.10,False,0.0,0.0,0.026678834,0.0,0.0,0.13186218,0.0,0.84145904,0.0,0.0,0.0,0.0,0.0,0.0
99999E00032136,6,False,55,55.20,False,0.0,0.0,0.00029900653,0.0,0.008255211,0.12036848,0.00050249713,0.8263499,0.017234059,0.0,0.026990877,0.0,0.0,0.0
99999E00032155,2,False,DO,DO.01,False,0.0031826363,0.031065488,0.09758346,0.0,0.11301402,0.07405717,0.15537961,0.05142653,0.44111255,0.0030174176,0.0,0.0,0.0031608972,0.027000235
99999E00032161,4,False,DO,DO.01,False,0.0,0.1038547,0.11348541,0.05496362,0.024476524,0.019202985,0.11762595,0.021035222,0.23567256,0.106506586,0.05526689,0.054169662,0.020614065,0.073125795
99999E00032173,6,False,DO,DO.01,False,0.0,0.01708397,0.12371309,0.055828348,0.0068565174,0.522791,0.045545608,0.106745474,0.093282424,0.010350241,0.0117609585,0.0,0.0,0.0060424465
99999E00032181,3,False,55,55.10,False,0.0,0.028265042,0.029429115,0.005472162,0.0047446196,0.7786684,0.051089108,0.042252056,0.015338166,0.024645517,0.0022657765,0.0,0.010868972,0.006961027
99999E00032192,3,False,36,36.00,False,0.07943614,0.017490739,0.1577358,0.040064454,0.041893706,0.55097777,0.021312702,0.03568204,0.016922504,0.0022573718,0.005254227,0.0,0.002467541,0.028505154
99999E00032214,4,False,DO,DO.01,False,0.0065887845,0.012268608,0.1207386,0.08674165,0.0,0.5587241,0.029390069,0.07506147,0.061981406,0.016469263,0.0028493595,0.006032746,0.0015857889,0.02156808
99999E00032228,4,False,DO,DO.01,True,0.08246944,0.072640665,0.077459574,0.3995527,0.10731124,0.024537914,0.016987404,0.011029359,0.021816276,0.032609835,0.004725919,0.08169065,0.024305437,0.04286372
99999E00032234,5,False,43,43.33,False,0.0,0.0,0.0014117095,0.0,0.012582599,0.062468786,0.038029768,0.21496165,0.005793944,0.009828567,0.63059115,0.0,0.0,0.024331879
99999E00032238,6,False,47,47.71,False,0.0,0.0,0.0,0.00015444768,9.9160214e-05,0.029425737,0.01189845,0.18555929,0.003638644,0.01678013,0.058672253,0.00076928764,0.0,0.69300264
99999E00032242,2,False,DO,DO.01,False,0.0,0.058432885,0.13215242,0.209022,0.027859598,0.08985164,0.0,0.12791142,0.10434736,0.016718488,0.04250532,0.067473955,0.10929744,0.014427536
99999E00032260,3,False,DO,DO.01,False,0.0,0.0948931,0.10604305,0.08992985,0.041267026,0.5388177,0.034587115,0.04427658,0.021155458,0.0,0.0,0.0069480697,0.009943256,0.01213877
99999E00032288,4,False,DO,DO.01,False,0.0,0.037855823,0.1563641,0.0676793,0.03609536,0.08820375,0.11680384,0.14155443,0.17608364,0.03084926,0.061540592,0.012002676,0.024442373,0.050524767
99999E00032289,6,False,43,43.22,False,0.0,0.0,0.01996465,0.0,0.009173572,0.5632502,0.03854135,0.21898255,0.011462957,0.0,0.0899323,0.0,0.0,0.04869244
99999E00032300,1,False,47,47.11,True,0.0058758734,0.0,0.0,0.0,0.0,0.9941242,0.0,0.0,0.0,0.0,0.0,0.0,0.0,0.0
99999E00032327,4,False,DO,DO.01,False,0.0,0.013412538,0.11974905,0.025388544,0.0049472484,0.28143978,0.08345091,0.010238972,0.091088004,0.06745848,0.023050511,0.030933125,0.1907329,0.05811001
99999E00032330,5,False,16,16.10,True,0.026027277,0.0,0.0008523083,0.0,0.017817315,0.02835117,0.05115269,0.005665359,0.0,0.0054186666,0.7444243,0.097964294,0.0,0.02232662
99999E00032341,4,False,DO,DO.01,False,0.0,0.015280106,0.07104879,0.08502689,0.0,0.66018856,0.09029589,0.028770491,0.01933419,0.014017286,0.0,0.010307212,0.002242592,0.003487992
99999E00032367,3,False,74,74.90,False,0.0036615615,0.045272317,0.03545435,0.061764017,0.006239412,0.48059234,0.039241683,0.16105968,0.016448103,0.021859532,0.08118279,0.012568121,0.002866281,0.031789854
99999E00032370,2,False,27,27.5,False,0.00355248,0.015778545,0.0,0.0,0.007843136,0.00922722,0.22459054,0.0,0.0030680504,0.35538638,0.16198382,0.14768165,0.0,0.07088812
99999E00032392,6,False,55,55.10,False,0.0,0.0,0.16944355,0.0,0.0,0.03688716,0.0,0.7928688,0.0,0.0,0.00080055173,0.0,0.0,0.0
99999E00032393,6,False,55,55.10,False,0.0,0.0,0.024546057,0.0,0.0,0.054675847,0.004447686,0.8758992,0.0025703222,0.0,0.011572668,0.0,0.0,0.026288223
99999E00032401,6,False,DO,DO.01,False,0.007607672,0.07418175,0.09090937,0.21759176,0.0032560222,0.1536503,0.15381077,0.05217659,0.09190006,0.07586994,0.0,0.00028085118,0.00096291833,0.07780195
99999E00032405,6,False,55,55.10,False,0.0,0.0,0.0013614566,0.0,0.0,0.11708705,0.002566278,0.82659894,0.020397719,0.0,0.031026151,0.0,0.0,0.0009624232
99999E00032422,4,False,16,16.23,False,0.0,0.009435525,0.054705206,0.010964217,0.011133991,0.048886694,0.13273549,0.2264862,0.054376077,0.034466796,0.17160656,0.0060448805,0.014706449,0.22445196
99999E00032429,1,False,61,61.90,False,0.0,0.0,0.0,0.0,0.0,1.0,0.0,0.0,0.0,0.0,0.0,0.0,0.0,0.0
99999E00032445,6,False,55,55.10,False,0.0,0.0,0.003022328,0.016219579,0.0008541269,0.05621451,0.2982816,0.017373305,0.001549793,0.00017938293,0.002441563,0.0,0.0002714753,0.60359234
99999E00032447,6,False,DO,DO.01,False,0.0,0.0022664398,0.026785282,0.0063053817,0.0,0.5549079,0.056629412,0.15415409,0.07836636,0.009176999,0.02009537,0.0,0.0,0.09131268
99999E00032454,1,False,61,61.90,False,0.0,0.0,0.0,0.0,0.0,0.997689,0.0,0.0,0.0023110171,0.0,0.0,0.0,0.0,0.0
99999E00032455,4,False,47,47.78,False,0.036949657,0.008533162,0.0023293928,0.013537358,0.68216443,0.0850557,0.009183448,0.010282833,0.016637422,0.011645753,0.07661235,0.043261826,0.000709941,0.0030967002
99999E00032462,6,False,47,47.71,False,0.0,0.0,0.0060266536,0.0,0.0,0.036543407,0.0009272834,0.15895408,0.0008281394,0.014382464,0.014890127,0.0,0.0,0.7674479
99999E00032463,6,False,55,55.10,True,0.0133060515,0.0008071697,0.6043151,0.0016639694,0.0018616434,0.04484734,0.008160397,0.29216862,0.008783831,0.0028062982,0.010865324,0.0011750634,0.0016743175,0.00756484
99999E00032466,4,False,47,47.64,False,0.0,0.26628196,0.043410618,0.021347767,0.011393832,0.020575775,0.039666247,0.015725605,0.008693035,0.017460968,0.22863919,0.0012443896,0.19200194,0.13355868
99999E00032468,6,False,56,56.10,False,0.0,8.817302e-05,0.0,0.0,0.00026201244,0.13876577,0.00026055024,0.42832413,0.10694703,0.00048213167,0.32409018,0.0002585774,0.0001772048,0.00034426703
99999E00032481,1,False,61,61.20,False,0.0,0.0,0.0,0.0,0.0,1.0,0.0,0.0,0.0,0.0,0.0,0.0,0.0,0.0
99999E00032482,6,False,56,56.30,False,0.0,0.0061338386,0.25414085,0.0,0.0,0.04080022,0.00048501123,0.19092892,0.49773073,0.0017853619,0.005625697,0.0,0.0,0.0023693992
99999E00032492,2,False,DO,DO.01,False,0.0,0.120712765,0.117411874,0.23514074,0.0,0.030185588,0.109085694,0.037269183,0.049771138,0.0081528975,0.0,0.014378517,0.0,0.2778917
99999E00032499,4,False,41,41.20,False,0.032592673,0.0142758675,0.031919185,0.00030757813,0.20805007,0.110600844,0.10948189,0.043495785,0.034024503,0.2215888,0.019647876,0.038521506,0.056779977,0.07871348
99999E00032519,4,False,DO,DO.01,False,0.0,0.0058498285,0.044138137,0.009520993,0.016528074,0.18754864,0.018931689,0.33919343,0.36182094,0.0024486035,0.006668062,0.0023026045,0.0,0.005049011
99999E00032523,1,False,61,61.10,False,0.0,0.0,0.0,0.0,0.0,0.9947649,0.0,0.0052351034,0.0,0.0,0.0,0.0,0.0,0.0
99999E00032525,2,False,DO,DO.01,False,0.065366305,0.103464514,0.1317799,0.0,0.1436608,0.058891587,0.019565664,0.0,0.048868164,0.13330834,0.0648179,0.045457445,0.12836562,0.056453843
99999E00032531,6,False,47,47.75,False,0.00923995,0.0,0.08864539,0.0039618732,0.0,0.13377649,0.063039646,0.1394911,0.16680315,0.0070584333,0.03402459,0.009661003,0.032373533,0.31192484
99999E00032590,6,False,DO,DO.01,False,0.0,0.018723855,0.03938708,0.01565318,0.0,0.86795855,0.0,0.015678944,0.03189192,0.0,0.0,0.0077129905,0.0,0.0029933807
99999E00032591,4,False,DO,DO.01,False,0.0,0.053436153,0.12682188,0.0124766175,0.08876299,0.31875464,0.06333248,0.1345159,0.08305676,0.017849833,0.032073494,0.00802376,0.030837448,0.03005807
99999E00032606,4,False,47,47.72,False,0.0,0.05202055,0.13184077,0.1572316,0.005556494,0.038159445,0.19459274,0.09191833,0.17414048,0.036966052,0.038077958,0.01841994,0.01174325,0.04933249
99999E00032607,2,False,01,01.50,False,0.001689558,0.0,0.00020319852,0.0,0.017776107,0.0,0.21664724,0.0,0.008094074,0.23821639,0.38734528,0.119936034,0.0015014111,0.008590781
99999E00032608,1,False,61,61.10,False,0.0,0.0,0.0015530275,0.0,0.0,0.9900962,0.0,0.008350809,0.0,0.0,0.0,0.0,0.0,0.0
99999E00032632,3,False,52,52.10,False,0.015324634,0.032892,0.063558586,0.073075056,0.003149787,0.17726697,0.18940935,0.02296855,0.34139577,0.01328106,0.006524713,0.0010910601,0.012787484,0.047274943
99999E00032641,2,False,DO,DO.01,False,0.0,0.27128202,0.11817991,0.13284945,0.026575478,0.04700956,0.024300369,0.056235604,0.12450275,0.014502059,0.0,0.07351525,0.0,0.11104752
99999E00032659,3,False,DO,DO.01,False,0.0,0.11573622,0.07124179,0.12629288,0.029699873,0.2409733,0.06255381,0.07665026,0.114506885,0.0398828,0.03266172,0.038227692,0.013985675,0.037587006
99999E00032669,4,False,DO,DO.01,False,0.0039426233,0.087055765,0.23117575,0.14072466,0.012189726,0.1581826,0.026518192,0.09954973,0.08306754,0.032983616,0.011747457,0.0085495515,0.041888423,0.06242427
99999E00032682,6,False,71,71.12,False,0.0,0.0,0.0,0.0,0.0,0.7495102,0.0,0.25048974,0.0,0.0,0.0,0.0,0.0,0.0
99999E00032684,6,False,DO,DO.01,False,0.0,0.03975462,0.13098818,0.08687688,0.006877059,0.58802456,0.0008056241,0.036460113,0.074072406,0.013434567,0.0,0.001953301,0.0,0.020752698
99999E00032700,4,False,DO,DO.01,False,0.0077453507,0.2119895,0.06734084,0.21549799,0.0,0.24078572,0.02044384,0.04848735,0.0,0.040924102,0.0,0.00047346187,0.07966299,0.066648856
99999E00032745,4,False,DO,DO.01,False,0.25967947,0.16009305,0.04640896,0.12392841,0.00075633655,0.18911825,0.04142711,0.007606297,0.07339117,0.02786103,0.0,0.0019489242,0.026181368,0.041599464
99999E00032775,3,False,DO,DO.01,False,0.028683055,0.07750761,0.048539538,0.08252379,0.07728179,0.42063436,0.04293579,0.09816432,0.04963135,0.0075549795,0.0069038393,0.003485902,0.031213073,0.024940643
99999E00032786,6,False,77,77.21,False,0.0,0.0,0.0063465293,0.0,0.0,0.12970075,0.01048385,0.0984005,0.27342027,0.007874184,0.4706451,0.0,0.0,0.003128856
99999E00032811,6,False,56,56.11,False,0.0,0.0,0.015754838,0.0,0.0,0.08926726,0.0,0.57438195,0.3124604,0.00092533225,0.0070277667,0.00018256977,0.0,0.0
99999E00032840,6,False,DO,DO.01,False,0.0026445426,0.02513701,0.03819081,0.16524951,0.010914213,0.65760815,0.025265707,0.040028315,0.0071793213,0.003275515,0.009850676,0.002011783,0.0,0.012644472
99999E00032845,3,False,15,15.20,False,0.007786708,0.024857907,0.054457724,0.21224797,0.034260724,0.022744654,0.052489005,0.14676656,0.076567054,0.06122076,0.0222491,0.010665527,0.0077994154,0.2658869
99999E00032860,2,False,DO,DO.01,False,0.0012331889,0.1848737,0.09238301,0.16917582,0.008089438,0.020154161,0.25629705,0.016484784,0.121475406,0.011303478,0.018709656,0.0064728586,0.024628058,0.06871947
99999E00032895,2,False,DO,DO.01,False,0.0,0.06154052,0.045736883,0.022298777,0.08113573,0.11920963,0.5229005,0.02410116,0.043861777,0.033104517,0.010812868,0.0138985915,0.0,0.021399014
99999E00032907,3,False,DO,DO.01,False,0.0,0.017420443,0.076728545,0.03237223,0.22084138,0.19361621,0.0331702,0.07448409,0.054626327,0.047801353,0.047794115,0.13547733,0.054633558,0.011034234
99999E00032908,2,False,52,52.10,False,0.008205483,0.06503017,0.10671264,0.16416481,0.010377522,0.3585175,0.051873818,0.03995863,0.09969316,0.03000862,0.0,0.00965351,0.009074298,0.04672987
99999E00032925,6,False,62,62.02,False,0.0,0.0,0.0,0.0036687239,0.011067058,0.9346519,0.0038825728,0.043072615,0.0036571266,0.0,0.0,0.0,0.0,0.0
99999E00032975,6,False,35,35.11,False,0.0,0.0,0.008375001,0.0,0.0,0.97996765,0.0,0.00853189,0.0031255034,0.0,0.0,0.0,0.0,0.0
99999E00032983,1,False,60,60.10,False,0.0,0.0,0.0,0.0,0.0,1.0,0.0,0.0,0.0,0.0,0.0,0.0,0.0,0.0
99999E00032996,3,False,55,55.30,True,0.15059343,0.0043365587,0.5349959,0.078649,0.0006985078,0.1953127,0.0048695183,0.027898988,0.0014408446,0.000490383,0.0,0.0,0.0,0.0007142862
99999E00033015,4,False,38,38.11,False,0.00024609093,0.0,0.01197527,0.0005129783,0.16803332,0.24076357,0.0010398207,0.2485059,0.021872632,0.23662163,0.040894423,0.029534377,0.0,0.0
99999E00033046,6,False,DO,DO.01,False,0.002284097,0.005936438,0.107687354,0.018673979,0.0,0.6324209,0.05059323,0.12641805,0.047015596,0.0,0.0035347475,0.0,0.0,0.0054356246
99999E00033074,3,False,DO,DO.01,False,0.0,0.019001447,0.031973325,0.0059168106,0.44073257,0.10654554,0.0,0.00656111,0.14659408,0.08448905,0.0,0.090663575,0.04074653,0.026775984
99999E00033085,1,False,61,61.10,False,0.0,0.0,0.0,0.0,0.0,1.0,0.0,0.0,0.0,0.0,0.0,0.0,0.0,0.0
99999E00033092,4,False,01,01.41,True,0.0,0.022001714,0.025890762,0.012924793,0.3736882,0.0,0.07725661,0.0089972485,0.13293017,0.05717069,0.1396984,0.012897222,0.08117813,0.055366002
99999E00033098,1,False,61,61.10,False,0.0,0.0,0.0,0.0,0.0,1.0,0.0,0.0,0.0,0.0,0.0,0.0,0.0,0.0
99999E00033126,5,False,25,25.11,False,0.0,0.0,0.0077321446,0.0012618959,0.0013336968,0.056262005,0.026133727,0.06759196,0.0021735074,0.01514861,0.7798276,0.004733268,0.0,0.037801564
99999E00033129,6,False,56,56.30,True,0.0,0.0,0.0,0.0,0.0,0.05049495,0.00034425184,0.003929623,0.7360361,0.008025517,0.20116952,0.0,0.0,0.0
99999E00033130,3,False,DO,DO.01,False,0.0065827463,0.035836414,0.08165373,0.24305122,0.05645501,0.07791039,0.056444265,0.117890395,0.090627275,0.0895823,0.025975052,0.019358726,0.04637741,0.052254997
99999E00033133,4,False,DO,DO.01,False,0.002232297,0.045385588,0.17934589,0.070353635,0.0040785586,0.041872285,0.04610702,0.16722657,0.22921115,0.10728511,0.01712272,0.010080187,0.018440135,0.06125888
99999E00033158,4,False,68,68.31,False,0.0,0.068206795,0.2370257,0.17503043,0.00048810363,0.34881642,0.0169809,0.022181783,0.018948305,0.009513302,0.02697342,0.0027709182,0.009737086,0.06332687
99999E00033160,4,False,71,71.11,False,0.0031472056,0.04526408,0.13366015,0.031730767,0.0065547624,0.23823,0.010409924,0.40678456,0.03240012,0.022379491,0.03927601,0.015459251,0.0032104454,0.0114932135
99999E00033163,1,False,38,38.1,False,0.0,0.0,0.0,0.0,0.0014548093,0.95427126,0.0,0.04427391,0.0,0.0,0.0,0.0,0.0,0.0
99999E00033171,3,False,DO,DO.01,False,0.0026654934,0.04630124,0.08213637,0.10021858,0.02319178,0.41854206,0.04099296,0.0849807,0.070659705,0.006205291,0.036459636,0.0113744745,0.056591347,0.019680368
99999E00033178,1,False,60,60.10,False,0.0,0.0,0.0,0.0,0.0,1.0,0.0,0.0,0.0,0.0,0.0,0.0,0.0,0.0
99999E00033183,1,False,60,60.10,False,0.0,0.0,0.0,0.0,0.0,1.0,0.0,0.0,0.0,0.0,0.0,0.0,0.0,0.0
99999E00033189,3,False,DO,DO.01,False,0.002363519,0.02453992,0.0861913,0.020657998,0.08761151,0.034197386,0.026419513,0.19663846,0.14237922,0.17277533,0.078241594,0.03831776,0.050075743,0.039590694
99999E00033200,6,False,96,96.02,False,0.0,0.008065358,0.05366898,0.0010249271,0.0,0.0027067855,0.022666033,0.054514397,0.04318482,0.019001925,0.060290046,0.00093383534,0.0281241,0.70581883
99999E00033207,4,False,DO,DO.01,False,0.01662021,0.074953645,0.16492195,0.17660107,0.023233835,0.27447033,0.07122091,0.048032545,0.01556021,0.01146378,0.012461568,0.05217683,0.02966322,0.028619971
99999E00033226,4,False,85,85.51,False,0.0,0.0,0.0023222687,0.0,0.0,0.28673643,0.014668228,0.5146824,0.035601813,0.011024816,0.12854749,0.0009643297,0.0,0.0054522264
99999E00033238,6,False,49,49.39,False,0.0,0.0,0.0024288052,0.0,0.0,0.28263855,0.0031771483,0.7040271,0.0023461995,0.0,0.00538217,0.0,0.0,0.0
99999E00033247,3,False,DO,DO.01,False,0.0,0.07446065,0.093408436,0.05294061,0.024149772,0.35117427,0.022077221,0.10771016,0.10567509,0.046226997,0.012135477,0.015438565,0.020734249,0.0738685
99999E00033248,6,False,DO,DO.02,False,0.053740583,0.007159371,0.11481888,0.04463101,0.0,0.24926275,0.0060411687,0.48872632,0.003977348,0.0,0.017242607,0.0013490337,0.0,0.013050966
99999E00033266,4,False,52,52.10,False,0.0145005835,0.0005903108,0.01554443,0.001731914,0.049249202,0.76666933,0.019421939,0.08457681,0.0024413778,0.0031533586,0.017338438,0.002458999,0.0048256963,0.01749745
99999E00033270,1,False,61,61.10,False,0.0,0.0,0.0,0.0,0.0,0.99813086,0.0,0.0018691566,0.0,0.0,0.0,0.0,0.0,0.0
99999E00033273,1,False,61,61.90,False,0.0,0.0,0.020985302,0.0,0.0,0.9790147,0.0,0.0,0.0,0.0,0.0,0.0,0.0,0.0
99999E00033301,4,False,38,38.11,False,0.0012586719,0.0,0.0059969486,0.0,0.0006479169,0.8474847,0.0006763543,0.09804568,0.008750111,0.0030699307,0.027857201,0.006212571,0.0,0.0
99999E00033359,4,False,01,01.19,False,0.010227726,0.0129234465,0.1592094,0.022230987,0.0040354105,0.40698263,0.033575576,0.07943935,0.024159618,0.022269124,0.010710972,0.0,0.06907978,0.14515601
99999E00033364,4,False,DO,DO.01,False,0.0021891017,0.004883507,0.14766894,0.029492171,0.04768282,0.3194489,0.077578306,0.11256128,0.11162613,0.009862169,0.018904585,0.0055255266,0.01739059,0.095186
99999E00033373,6,False,85,85.31,False,0.0,0.0,0.0,0.0,0.0,0.13145053,0.0,0.7352526,0.0031688362,0.0,0.13012803,0.0,0.0,0.0
99999E00033374,3,False,DO,DO.01,False,0.0,0.057738066,0.21715446,0.08726702,0.03894983,0.055925943,0.0043911748,0.08487346,0.041632332,0.18970874,0.037130576,0.05082491,0.07190682,0.06249666
99999E00033376,3,False,DO,DO.01,False,0.0043835775,0.0048175226,0.105231605,0.031655904,0.0,0.67024606,0.0006472397,0.07592931,0.020888189,0.013724423,0.0,0.0,0.020564567,0.051911563
99999E00033399,2,False,DO,DO.01,False,0.0,0.22614405,0.12523992,0.24833113,0.0,0.030486109,0.15840587,0.028331382,0.08088386,0.03160874,0.040469088,0.004418102,0.0,0.02568173
99999E00033409,6,False,55,55.10,False,0.013007093,0.0,0.034710687,0.0027854,0.003462488,0.26417875,0.0057599177,0.62415373,0.0036364298,0.0006152162,0.034628965,0.00030935922,0.0,0.012752021
99999E00033412,4,False,DO,DO.01,False,0.027574563,0.038037192,0.08187726,0.17464255,0.100894764,0.1607909,0.19361314,0.024115745,0.089886755,0.020166082,0.02064711,0.01351459,0.0019971924,0.052242238
99999E00033420,6,False,DO,DO.01,False,0.0,0.0,0.19868569,0.29092467,0.0183746,0.40911627,0.0076268734,0.038211763,0.022172041,0.004829356,0.0040898183,0.0,0.0039611724,0.0020077599
99999E00033476,6,False,DO,DO.01,False,0.0,0.0043645944,0.4205351,0.05131616,0.11342643,0.072974674,0.021975748,0.2826512,0.006247617,0.0010535648,0.00241059,0.0,0.004530974,0.018513337
99999E00033488,6,False,47,47.11,False,0.0,0.0,0.0,0.0,0.0,0.75813836,0.0,0.24186169,0.0,0.0,0.0,0.0,0.0,0.0
99999E00033497,5,False,47,47.78,False,0.0,0.0,0.0011823002,0.0,0.0,0.010038805,0.0,0.0,0.0,0.01980304,0.95228654,0.0,0.0,0.016689314
99999E00033498,6,False,49,49.31,False,0.0,0.0,0.0,0.0,0.0,0.9350865,0.0,0.06491357,0.0,0.0,0.0,0.0,0.0,0.0
99999E00033513,6,False,56,56.30,False,0.0,0.0,0.0010309332,0.0,0.0,0.06587964,0.0,0.9277583,0.0,0.0053311917,0.0,0.0,0.0,0.0
99999E00033514,4,False,47,47.71,False,0.0,0.36712754,0.0,0.08280833,0.0,0.0,0.0,0.0,0.0,0.03500327,0.0,0.011817033,0.37956825,0.12367558
99999E00033515,6,False,47,47.71,False,0.003543164,0.0005826563,0.061650973,0.0052706082,0.0,0.062567,0.0,0.23698747,0.0,0.0075087734,0.007679944,0.0,0.0,0.6142094
99999E00033522,2,False,DO,DO.01,False,0.0010494967,0.058349304,0.20396121,0.21742672,0.007519723,0.043870255,0.13735089,0.1202973,0.0456369,0.035144288,0.037159603,0.041226774,0.0069003957,0.044107143
99999E00033531,4,False,DO,DO.01,False,0.0,0.010457042,0.11196827,0.024756342,0.002234865,0.024650995,0.21297558,0.06791082,0.19169374,0.01760633,0.08872562,0.0049828724,0.02475076,0.2172868
99999E00033541,6,False,DO,DO.01,False,0.0,0.0,0.018120784,0.005664513,0.0075344117,0.85480857,0.003983621,0.09593712,0.011978929,0.0,0.0,0.0,0.0,0.0019720765
99999E00033549,1,False,61,61.10,False,0.0,0.0,0.0,0.0,0.0,1.0,0.0,0.0,0.0,0.0,0.0,0.0,0.0,0.0
99999E00033558,6,False,68,68.32,False,0.0,0.0,0.1488842,0.0,0.0,0.31370386,0.0008979516,0.532328,0.0013887233,0.0,0.002123671,0.0,0.0,0.0006735737
99999E00033563,4,False,47,47.78,False,0.0,0.025142722,0.2044772,0.107554145,0.0,0.0,0.0,0.0040433654,0.004267125,0.0060184454,0.0,0.0,0.02651171,0.62198526
99999E00033595,3,False,DO,DO.01,False,0.0,0.014091609,0.120933965,0.041251272,0.053843014,0.30937946,0.018226363,0.3019992,0.02377484,0.054927375,0.0030022573,0.057468526,0.000676458,0.00042563654
99999E00033602,6,False,61,61.10,False,0.0,0.0,0.0,0.0,0.0,0.15774788,0.0,0.84225214,0.0,0.0,0.0,0.0,0.0,0.0
99999E00033633,6,False,35,35.11,False,0.0008592251,0.0,0.0022677581,0.00079366565,0.0010648431,0.5384987,0.0038203234,0.4302145,0.014435976,0.0005195084,0.005865577,0.0,0.0,0.0016598441
99999E00033667,1,False,60,60.10,False,0.0,0.0,0.0,0.0,0.0,1.0,0.0,0.0,0.0,0.0,0.0,0.0,0.0,0.0
99999E00033674,6,False,DO,DO.01,False,0.0,0.0,0.122154556,0.0010584638,0.0021796513,0.7479131,0.00459713,0.028353762,0.008739513,0.056866948,0.0032041399,0.0123905605,0.0024880434,0.010054099
99999E00033680,3,False,DO,DO.01,False,0.006431469,0.27225414,0.2609344,0.056295116,0.016574508,0.04914325,0.03630187,0.0941815,0.119844496,0.0,0.04474901,0.0022653863,0.01241022,0.028614648
99999E00033695,4,False,DO,DO.01,False,0.0,0.011497255,0.053583886,0.03368139,0.009820356,0.7369142,0.009006317,0.096847035,0.0,0.005805074,0.0,0.007472209,0.0061614453,0.029210877
99999E00033700,4,False,55,55.30,False,0.18271613,0.0,0.009102565,0.031603795,0.0,0.77533555,0.0,0.0012419743,0.0,0.0,0.0,0.0,0.0,0.0
99999E00033711,4,False,DO,DO.01,False,0.0,0.07376605,0.15737331,0.16662073,0.022747725,0.08196572,0.032113995,0.2119234,0.044215485,0.044681426,0.02169299,0.027014611,0.05808386,0.0578007
99999E00033724,6,False,56,56.30,False,0.0,0.0,0.018809337,0.0,0.0,0.12256666,0.0,0.858624,0.0,0.0,0.0,0.0,0.0,0.0
99999E00033725,1,False,61,61.10,False,0.0,0.0,0.0,0.0,0.0,1.0,0.0,0.0,0.0,0.0,0.0,0.0,0.0,0.0
99999E00033729,4,False,85,85.51,False,0.0,0.015280913,0.030071987,0.2211313,0.0,0.15084623,0.0035886187,0.0,0.0,0.067527086,0.0,0.0,0.2283405,0.28321335
99999E00033738,6,False,84,84.1,False,0.0,0.0,0.036325313,0.0,0.0,0.5471053,0.07183435,0.32089564,0.0025190897,0.010584722,0.0,0.0038643947,0.0,0.006871183
99999E00033742,4,False,DO,DO.01,False,0.0,0.07964745,0.24013795,0.13142516,0.09461993,0.06834783,0.086533636,0.09435955,0.084612854,0.033757217,0.0125805205,0.011628397,0.020885874,0.041463643
99999E00033772,6,False,55,55.10,False,0.0,0.0,0.76771706,0.0,0.0,0.102645695,0.0,0.05709724,0.0,0.0,0.0009375166,0.0,0.0,0.07160245
99999E00033774,4,False,85,85.51,False,0.0,0.0021872665,0.058904648,0.0030588054,0.0069426983,0.7280932,0.0020566226,0.1278288,0.0055572945,0.0018789473,0.0006956053,0.0002543198,0.0005504456,0.061991327
99999E00033787,4,False,DO,DO.01,False,0.0,0.16087417,0.34258586,0.012223512,0.0,0.23627646,0.051313106,0.065361306,0.06067482,0.010562577,0.0,0.0010596368,0.021723853,0.037344616
99999E00033788,3,False,14,14.20,False,0.0,0.0037624736,0.23138255,0.0062587503,0.0,0.05487773,0.0026025013,0.0,0.019785382,0.012400653,0.0,0.0,0.022428248,0.6465017
99999E00033818,2,False,84,84.1,False,0.7383178,0.0,0.14502318,0.0,0.0,0.0,0.0,0.0,0.0,0.0,0.0,0.0,0.0,0.11665904
99999E00033819,4,False,DO,DO.01,False,0.0,0.05161841,0.049474172,0.012650082,0.43201882,0.021428721,0.01692289,0.22172396,0.10161046,0.01872482,0.036889575,0.020012889,0.0,0.0169253
99999E00033824,6,False,56,56.30,False,0.026561633,0.00053061184,0.46583834,0.033207048,0.0,0.45022896,0.0008652642,0.016269827,0.0028468012,0.002583636,0.0006505729,0.0,0.0,0.0004173025
99999E00033825,6,False,55,55.10,False,0.0,0.0,0.0010346371,0.0,0.0,0.08636341,0.0017438141,0.6167913,0.27162653,0.0062853456,0.016154995,0.0,0.0,0.0
99999E00033827,6,False,15,15.12,False,0.0,0.0,0.31746852,0.0,0.004114418,0.006678818,0.011818708,0.58493,0.0075702593,0.0,0.0,0.0,0.0,0.067419276
99999E00033829,6,False,10,10.71,False,0.00093305245,0.00026145516,0.0030650676,0.0,0.0,0.0447222,0.0071542375,0.5642066,0.020230895,0.003332927,0.09974306,8.158292e-05,0.00028929918,0.25597966
99999E00033838,5,False,10,10.85,False,0.0,0.0,0.0,0.0,0.078103654,0.0,0.0,0.0,0.07768215,0.012352799,0.78855944,0.043302026,0.0,0.0
99999E00033857,6,False,84,84.1,False,0.0,0.0,0.007468906,0.0,0.0,0.7170037,0.0,0.2458977,0.0009153071,0.003122505,0.0,0.0,0.0,0.025591986
99999E00033859,5,False,79,79.90,False,0.0,0.0,0.040294126,0.002959683,0.0,0.07382712,0.034253415,0.3437436,0.0,0.0058454582,0.410239,0.0,0.0,0.088837594
99999E00033883,6,False,71,71.11,False,0.00049903,0.0,0.014046652,0.0040286114,0.0,0.7867596,0.0,0.15074825,0.02873033,0.0,0.011758495,0.0,0.0,0.0034290263
99999E00033887,5,False,86,86.23,False,0.0005762435,0.0,0.00166619,0.0098673925,0.0019620904,0.073042914,0.059296764,0.0012775679,0.011571231,0.038202893,0.5464559,0.0034300801,0.0020793928,0.25057134
99999E00033903,3,False,DO,DO.01,False,0.0077526676,0.12071115,0.14198543,0.12076303,0.009387666,0.12041793,0.1295703,0.058476232,0.13430637,0.026602812,0.013006382,0.024290886,0.052521456,0.040207688
99999E00033915,4,False,DO,DO.01,True,0.053165082,0.18026243,0.2177312,0.121489555,0.15941119,0.010277234,0.020822074,0.11876886,0.00060040585,0.020470409,0.00010292672,0.047497254,0.0262892,0.023112196
99999E00033923,4,False,43,43.12,False,0.004790939,0.014233426,0.012388909,0.0014107254,0.019304346,0.14452966,0.35757563,0.05416633,0.054135084,0.05277122,0.05016246,0.04175699,0.04224846,0.15052584
99999E00033930,2,False,85,85.51,False,0.0,0.0,0.0,0.0,0.0,1.0,0.0,0.0,0.0,0.0,0.0,0.0,0.0,0.0
99999E00033936,6,False,02,02.20,False,0.0014487079,0.0008698732,0.047232576,0.0075864624,0.009981789,0.80558455,0.0037840435,0.08990014,0.0075267414,0.0105535975,0.003726484,0.0032257463,0.006365829,0.0022134613
99999E00033982,6,False,93,93.1,False,0.0,0.0,0.021721477,0.0,0.0010912588,0.8191254,0.018213175,0.019872399,0.0037157047,0.015130846,0.013634355,0.0,0.06645671,0.021038642
99999E00033987,4,False,79,79.90,False,0.006445016,0.041406997,0.080912456,0.13891795,0.0,0.3696479,0.049529683,0.015755834,0.024236964,0.027531624,0.16150954,0.006147144,0.0091735795,0.0687854
99999E00033993,2,False,DO,DO.01,False,0.0034419608,0.40968674,0.011845892,0.034963075,0.002250295,0.0005972482,0.014339616,0.0,0.001208649,0.0,0.0,0.0,0.38968602,0.13198051
99999E00034001,6,False,47,47.76,False,0.0,0.0,0.033222944,0.0,0.0,0.070867956,0.004428287,0.5722462,0.0074254316,0.0007431656,0.026546488,0.0009904725,0.0020506557,0.28147843
99999E00034032,4,False,02,02.20,False,0.0,0.002617899,0.0066051795,0.0,0.01701666,0.70867544,0.094482936,0.019121358,0.023761056,0.022256255,0.044614393,0.018986572,0.0020496433,0.039812695
99999E00034035,6,False,47,47.78,False,0.0,8.8956374e-05,0.011845244,0.0014024464,0.0,0.039992917,0.0030555879,0.024759669,0.0,0.016445013,0.025415989,0.0024920558,0.004181802,0.8703203
99999E00034057,4,False,DO,DO.01,False,0.1339427,0.029230664,0.16083765,0.21872208,0.02809556,0.11544281,0.1071556,0.071094655,0.05122577,0.006524403,0.0056334105,0.014830544,0.0058371653,0.051427037
99999E00034059,4,False,47,47.73,False,0.008105078,0.013798171,0.04568178,0.053441744,0.0358486,0.43014765,0.12572894,0.06879546,0.054839958,0.036311712,0.018808654,0.044105932,0.009618753,0.054767635
99999E00034062,4,False,01,01.41,False,0.0,0.015079389,0.06470647,0.0,0.5667406,0.0,0.04724742,0.027001897,0.016817356,0.02420431,0.03923817,0.008874956,0.023017397,0.16707215
99999E00034067,2,False,DO,DO.01,False,0.0053336583,0.14697728,0.13583988,0.02651839,0.1327511,0.18844175,0.08301038,0.012767838,0.18530487,0.00069585553,0.030961871,0.0037050608,0.014601862,0.03309015
99999E00034072,3,False,DO,DO.01,False,0.0,0.17679194,0.08427667,0.038765926,0.050697412,0.0822948,0.06562182,0.03912261,0.304576,0.01926094,0.030827692,0.107764184,0.0,0.0
99999E00034079,6,False,01,01.50,False,0.0,0.00074892223,0.04186668,0.0,0.008119372,0.71090084,0.054856785,0.11029654,0.010398366,0.0059831697,0.013651667,0.0,0.004912484,0.038265165
99999E00034088,3,False,DO,DO.01,False,0.0,0.059530415,0.13088526,0.10615163,0.0017880375,0.4455638,0.03610169,0.048997883,0.052544147,0.03585172,0.0108467145,0.009470712,0.0106059145,0.051661976
99999E00034090,4,False,DO,DO.01,False,0.019440198,0.03981278,0.051197182,0.2881407,0.0,0.3349588,0.04636122,0.03531247,0.032462485,0.051383656,0.014206418,0.009957856,0.0049385256,0.071827725
99999E00034197,6,False,DO,DO.01,False,0.0,0.044703655,0.17347617,0.05069163,0.009739721,0.5730331,0.018423613,0.0551789,0.04927397,0.0034551688,0.0,0.0,0.0017854177,0.020238688
99999E00034215,4,False,DO,DO.01,False,0.0,0.005631293,0.02306435,0.015426958,0.12387499,0.26231495,0.12297292,0.30332303,0.0807675,0.0054296507,0.014523634,0.019989604,0.0064125042,0.016268598
99999E00034234,4,False,DO,DO.01,False,0.0017680019,0.0073921974,0.06746946,0.1482059,0.03306999,0.039703477,0.049775522,0.09101034,0.12333553,0.06662723,0.0,0.0805137,0.057996035,0.23313263
99999E00034237,4,False,DO,DO.01,True,0.14728048,0.08412346,0.13362491,0.10446511,0.20651473,0.15418556,0.0051530455,0.00016747399,0.010653921,0.091189586,0.0022415747,0.05073173,0.0077424506,0.0019259506
99999E00034257,2,False,DO,DO.01,False,0.0,0.2553846,0.2833654,0.042668268,0.15483174,0.074278854,0.0,0.0,0.16730769,0.0,0.0,0.019807694,0.0023557695,0.0
99999E00034294,1,False,64,64.92,False,0.0,0.0,0.0,0.0,0.0,0.9930042,0.0,0.0069957804,0.0,0.0,0.0,0.0,0.0,0.0
99999E00034308,2,False,DO,DO.01,False,0.011393689,0.028169392,0.066479355,0.8051265,0.0023720507,0.0051858937,0.028838273,0.0097338725,0.026152426,0.013158791,0.0,0.003389824,0.0,0.0
99999E00034328,4,False,DO,DO.01,False,0.0,0.0,0.02371311,0.051723387,0.03957102,0.0017327577,0.013304479,0.48729315,0.02890791,0.024121644,0.30223924,0.0037595867,0.0,0.023633793
99999E00034339,6,False,68,68.32,False,0.0031320397,0.0,0.034538914,0.01804656,0.0129676275,0.7629834,0.004652222,0.14869438,0.0038559812,0.0,0.004941421,0.0026505145,0.0,0.0035370118
99999E00034344,5,False,45,45.20,False,0.0,0.0016463463,0.07474503,0.0015345009,0.003936166,0.053414635,0.064035684,0.18099298,0.028196739,0.043470677,0.29715812,0.02324608,0.045859788,0.18176334
99999E00034369,6,False,55,55.10,False,0.0,0.0,0.43639955,0.006036745,0.0,0.1750177,0.0010395766,0.36950642,0.008636112,0.0,0.0,0.0,0.0,0.0033639017
99999E00034370,6,False,47,47.22,False,0.0,0.0,0.0013370564,0.0,0.0014785643,0.08649367,0.0,0.90593046,0.0,0.0,0.003390212,0.0,0.0,0.0013701103
99999E00034389,6,False,55,55.10,False,0.0,0.0,0.010962848,0.0,0.0,0.044954587,0.0,0.93151724,0.001196234,0.0,0.0113691315,0.0,0.0,0.0
99999E00034419,2,False,DO,DO.01,False,0.0,0.32010895,0.24556799,0.13762523,0.006443264,0.00402704,0.051618505,0.0,0.108521946,0.014443047,0.008045031,0.015148911,0.08845009,0.0
99999E00034465,3,False,DO,DO.01,False,0.010129668,0.07816721,0.18752165,0.18414378,0.009796683,0.1494992,0.12050431,0.15620218,0.057363924,0.01157575,0.004952264,0.0019955477,0.0077074585,0.020440388
99999E00034466,6,False,DO,DO.02,False,0.0,0.0,0.08029247,0.003965963,0.0,0.77351886,0.0,0.14222269,0.0,0.0,0.0,0.0,0.0,0.0
99999E00034471,6,False,56,56.10,False,0.00022042808,0.0,0.012183118,0.0008695885,0.0,0.16492073,0.0,0.2653187,0.522942,0.0033923073,0.029150018,0.0,0.00023603883,0.0007671262
99999E00034472,5,False,81,81.22,False,0.0,0.0,0.006931435,0.0,0.005807459,0.060013413,0.0043838564,0.035694614,0.0013605761,0.41230562,0.2864783,0.1870247,0.0,0.0
99999E00034480,3,False,DO,DO.01,False,0.0,0.021943947,0.01822005,0.013310218,0.0032517174,0.47318736,0.07929167,0.04974071,0.14695595,0.07949619,0.021298818,0.009727701,0.017439034,0.06613656
99999E00034494,4,False,DO,DO.01,False,0.0,0.030134905,0.3283583,0.039729785,0.0036659227,0.2226904,0.046957195,0.10234733,0.14115036,0.012607057,0.0063080513,0.0,0.022472484,0.043578267
99999E00034512,6,False,55,55.20,False,0.0,0.0,0.2519443,0.0,0.0,0.10330918,0.0,0.6447465,0.0,0.0,0.0,0.0,0.0,0.0
99999E00034513,1,False,61,61.10,False,0.0,0.0,0.0,0.0,0.0,0.99866885,0.0,0.0013311704,0.0,0.0,0.0,0.0,0.0,0.0
99999E00034517,1,False,61,61.10,False,0.0,0.0,0.0014840371,0.0,0.0,0.9906367,0.0,0.0078792805,0.0,0.0,0.0,0.0,0.0,0.0
99999E00034522,4,False,DO,DO.01,False,0.040348116,0.05007255,0.12810764,0.14198186,0.0017658215,0.30799526,0.09861553,0.048854396,0.07490882,0.042193808,0.0,0.004810874,0.018693816,0.04165151
99999E00034530,4,False,47,47.72,False,0.0,0.001223534,0.039911494,0.0,0.00033041253,0.030766549,0.017544214,0.0011365553,0.032856684,0.07783892,0.0,0.000580741,0.08095159,0.71685934
99999E00034544,4,False,DO,DO.01,False,0.030813621,0.01710444,0.079836085,0.16792129,0.02255874,0.35136026,0.049072854,0.13745756,0.08051139,0.010194413,0.010519829,0.030154152,0.009434152,0.003061204
99999E00034545,1,False,85,85.3,True,0.87041014,0.0,0.0,0.0,0.0,0.12958987,0.0,0.0,0.0,0.0,0.0,0.0,0.0,0.0
99999E00034581,4,False,43,43.22,False,0.0,0.0,0.02244389,0.0,0.20499285,0.31744093,0.0454449,0.17769016,0.01934385,0.014403135,0.10686519,0.031701878,0.0065894406,0.05308381
99999E00034594,2,False,94,94.9,False,0.0,0.003659665,0.0,0.0,0.0,0.98941994,0.001423807,0.0,0.0,0.0005237975,0.0044091237,0.0005027139,6.0945e-05,0.0
99999E00034597,6,False,47,47.62,False,0.0,0.0,0.004652663,0.0,0.0,0.056694496,0.0,0.9276435,0.0,0.0,0.0045261336,0.0,0.0,0.006483216
99999E00034621,4,False,96,96.02,False,0.0,0.0,0.0027441715,0.0,0.010879471,0.027986115,0.02066353,0.007758107,0.009000704,0.022957208,0.3312505,0.0047580674,0.008380475,0.5536217
99999E00034623,5,False,94,94.91,False,0.0,0.0013071311,0.0027171879,0.0023261763,0.0,0.13183679,0.0017011216,0.045900118,0.11990834,0.0,0.69430315,0.0,0.0,0.0
99999E00034640,4,False,84,84.11,False,0.11333784,0.0,0.0,0.0040385523,0.005033148,0.8775905,0.0,0.0,0.0,0.0,0.0,0.0,0.0,0.0
99999E00034679,6,False,DO,DO.02,False,0.0,0.0,0.019880645,0.007198848,0.0,0.90564317,0.0,0.06727736,0.0,0.0,0.0,0.0,0.0,0.0
99999E00034680,6,False,DO,DO.02,False,0.0,0.0,0.045408607,0.0,0.0,0.36586896,0.021368645,0.52778167,0.014983615,0.0017109001,0.017738527,0.0,0.0,0.0051391516
99999E00034685,1,False,61,61.10,False,0.0,0.0,0.0,0.0,0.0,1.0,0.0,0.0,0.0,0.0,0.0,0.0,0.0,0.0
99999E00034688,1,False,61,61.10,False,0.0,0.0,0.009411649,0.0,0.0,0.9734375,0.0,0.017150909,0.0,0.0,0.0,0.0,0.0,0.0
99999E00034690,4,False,01,01.50,False,0.0072769197,0.012784174,0.0,0.0,0.38012543,0.0,0.08954797,0.0,0.01694766,0.013863597,0.0,0.01567732,0.4407713,0.02300564
99999E00034746,4,False,71,71.12,True,0.20932275,0.029007567,0.0782924,0.28525233,0.0,0.20257463,0.036821358,0.12498193,0.007074059,0.0013100875,0.0077442504,0.0011040468,0.0013221366,0.015192436
99999E00034749,6,False,DO,DO.01,False,0.0,0.07892884,0.19541612,0.06701052,0.0,0.40216252,0.017473714,0.05482924,0.1556877,0.022896592,0.0024660733,0.0022942144,0.0,0.000834448
99999E00034752,6,False,55,55.10,False,0.0,0.0,0.0045918794,0.0,0.0004704817,0.034014754,0.0,0.9609229,0.0,0.0,0.0,0.0,0.0,0.0
99999E00034755,4,False,DO,DO.01,True,0.24310447,0.03792895,0.24991697,0.13390392,0.09201053,0.10227977,0.0042234315,0.043962315,0.00035993912,0.0061643226,0.0,0.07690626,0.0001602168,0.009078951
99999E00034760,3,False,47,47.61,False,0.0023239823,0.015573134,0.15181129,0.029948585,0.0079991,0.035698693,0.010417902,0.28056806,0.027231263,0.03089606,0.044820126,0.0037621404,0.011837672,0.34711197
99999E00034775,4,False,DO,DO.01,False,0.0,0.24449895,0.20452754,0.0,0.1445441,0.050183084,0.019900361,0.28379488,0.023147175,0.0,0.0038106488,0.006287526,0.0035981897,0.015707465
99999E00034791,6,False,55,55.20,False,0.0,0.0026853401,0.052961957,0.011144315,0.0009473786,0.10759562,0.01047964,0.71016693,0.0036496948,0.0061369766,0.06464716,0.0,0.0,0.029584952
99999E00034803,6,False,DO,DO.01,False,0.0014099246,0.023750255,0.09367734,0.123101786,0.02074788,0.5875907,0.047603995,0.03573246,0.03019193,0.009342007,0.020230478,0.0,0.0,0.0066213277
99999E00034810,6,False,55,55.10,False,0.0,0.0,0.0016035615,0.0,0.0,0.050500404,0.0032608372,0.9348085,0.0054218173,0.0006131426,0.0037917644,0.0,0.0,0.0
99999E00034813,4,False,DO,DO.01,False,0.08534529,0.04005297,0.092540935,0.13693501,0.0070019457,0.5148367,0.0010628819,0.025637483,0.028516222,0.03933389,0.018204574,0.0,0.0013921573,0.009139815
99999E00034815,4,False,01,01.4,False,0.0,0.012643393,0.014517782,0.00025224697,0.052556623,0.030459791,0.07716428,0.0036556404,0.020719174,0.097755395,0.10019249,0.12701604,0.34177133,0.121295854
99999E00034822,2,False,DO,DO.01,False,0.014272813,0.0819695,0.17263688,0.2083569,0.008208345,0.15405944,0.024342278,0.13517392,0.04390726,0.040066853,0.022599325,0.017952854,0.04269605,0.03375761
99999E00034833,1,False,38,38.1,False,0.0,0.0,0.0,0.0,0.0,1.0,0.0,0.0,0.0,0.0,0.0,0.0,0.0,0.0
99999E00034841,4,False,DO,DO.01,False,0.0,0.025541566,0.010307694,0.0230116,0.0,0.74592185,0.0034975584,0.059256427,0.0029966873,0.010504059,0.0,0.009183581,0.04198208,0.06779685
99999E00034872,3,False,DO,DO.01,False,0.0014326058,0.0774419,0.07522955,0.12968011,0.0045362297,0.13111997,0.104960494,0.19143511,0.09267333,0.019297669,0.13681835,0.015049412,0.0024516233,0.017873608
99999E00034890,4,False,DO,DO.01,False,0.0,0.038486265,0.11880867,0.032104596,0.4074303,0.10538212,0.00793479,0.07658341,0.026403053,0.04593211,0.014737729,0.048107833,0.057303052,0.020786103
99999E00034898,3,False,DO,DO.01,False,0.0,0.020328835,0.15821922,0.070951514,0.0,0.020284444,0.04137001,0.39638266,0.010882393,0.015923033,0.09401276,0.012538886,0.0,0.15910631
99999E00040016,1,False,55,55.10,False,0.0,0.0,0.0039010309,0.0,0.0,0.98713106,0.0,0.008967959,0.0,0.0,0.0,0.0,0.0,0.0
99999E00040067,4,False,84,84.11,False,0.03539519,0.0,0.019159649,0.00878995,0.0,0.927134,0.0,0.0095212925,0.0,0.0,0.0,0.0,0.0,0.0
99999E00040070,4,False,47,47.71,False,0.0,0.021863569,0.14308515,0.0030194859,0.0013329627,0.13135237,0.03977214,0.17600445,0.013207439,0.0017770128,0.11884013,0.0,0.01194248,0.33780283
99999E00040072,2,False,46,46.41,False,0.0,0.0,0.0,0.0,0.0,0.0,1.0,0.0,0.0,0.0,0.0,0.0,0.0,0.0
99999E00040080,4,False,84,84.11,False,0.15610579,0.0,0.0063665444,0.01634197,0.0049806777,0.816205,0.0,0.0,0.0,0.0,0.0,0.0,0.0,0.0
99999E00040094,4,False,DO,DO.01,True,0.079866715,0.1448772,0.31678393,0.16123195,0.090431966,0.109535,0.055058308,0.013156789,0.009725215,0.0,0.0,0.0024850166,0.0027041046,0.014143896
99999E00040099,2,False,DO,DO.01,False,0.0,0.0,0.0,0.0,0.0,0.0016578635,0.24066006,0.0,0.38153988,0.15807533,0.10841655,0.005397694,0.0,0.10425261
99999E00040112,6,False,DO,DO.01,False,0.0,0.028080119,0.0451111,0.02846478,0.0,0.42320946,0.09157636,0.081995204,0.07557572,0.10116732,0.028225347,0.013885019,0.009375086,0.073334485
99999E00040134,6,False,56,56.10,False,0.0,0.0,0.012184303,0.0,0.0016602253,0.2649198,0.012763935,0.59835964,0.043982573,0.000513924,0.06561562,0.0,0.0,0.0
99999E00040157,4,False,DO,DO.01,False,0.0,0.12543964,0.31157374,0.051252313,0.116643436,0.027797036,0.050893303,0.07209676,0.1084878,0.011037236,0.037973728,0.011122623,0.041144185,0.03453822
99999E00040264,4,False,84,84.11,False,0.08797923,0.0,0.025964452,0.015155498,0.0,0.8709008,0.0,0.0,0.0,0.0,0.0,0.0,0.0,0.0
99999E00040270,1,False,62,62.02,False,0.0,0.0,0.0,0.0,0.0,1.0,0.0,0.0,0.0,0.0,0.0,0.0,0.0,0.0
99999E00040295,5,False,01,01.30,False,0.005403449,0.0,0.035906855,0.0023980297,0.0012309408,0.3586955,0.025672905,0.22254142,0.0074602272,0.0057474812,0.038597252,0.0014296506,0.006752688,0.2881636
99999E00040318,5,False,52,52.10,False,7.660577e-05,0.0,0.0075987037,0.0012109606,0.00054900796,0.14186506,0.22493517,0.060828913,0.021803182,0.09133471,0.2744215,0.14893538,0.00062266743,0.02581811
99999E00040320,2,False,DO,DO.01,False,0.0,0.06950705,0.12580411,0.26336518,0.0,0.003578594,0.116246946,0.08521822,0.10969706,0.08515525,0.05357769,0.0080479,0.01804367,0.0617583
99999E00040344,3,False,68,68.20,False,0.0,0.023109183,0.12328994,0.07996565,0.021285249,0.46046996,0.020864064,0.034266084,0.12746203,0.029689081,0.033559293,0.003387563,0.013684019,0.028967822
99999E00040345,2,False,68,68.32,False,0.0,0.10479924,0.2368983,0.17381583,0.037061796,0.0,0.03569608,0.0740226,0.27823037,0.010516952,0.0031305603,0.015676847,0.030151479,0.0
99999E00040346,4,False,68,68.20,False,0.0,0.008166842,0.37924778,0.06415324,0.0016048892,0.013768776,0.027070625,0.20539887,0.20435697,0.025442569,0.021293743,0.0030046739,0.008387125,0.038103938
99999E00040347,3,False,68,68.20,False,0.0,0.14653362,0.24277046,0.095553026,0.082377195,0.032007042,0.069113314,0.07326901,0.14114238,0.035500936,0.016665319,0.016285263,0.043991342,0.0047910786
99999E00040348,4,False,68,68.32,False,0.0008808953,0.0448527,0.18441784,0.020133592,0.029196545,0.19209732,0.022219637,0.036003217,0.31240436,0.0020238974,0.059214536,0.009354783,0.032455314,0.05474521
99999E00040349,2,False,68,68.32,False,0.0020464833,0.090907626,0.14720581,0.21170619,0.029630622,0.10785076,0.043977704,0.0292799,0.32363185,0.0,0.0002567144,0.0116280755,0.0018783538,0.0
99999E00040351,6,False,62,62.02,False,0.0,0.0,0.0030361146,0.00340309,0.0,0.93622196,0.048512887,0.0,0.0,0.0,0.0,0.0,0.0,0.008825972
99999E00040352,1,False,62,62.02,False,0.0,0.0,0.0,0.0,0.0,1.0,0.0,0.0,0.0,0.0,0.0,0.0,0.0,0.0
99999E00040357,1,False,60,60.10,False,0.0,0.0,0.0,0.0,0.0,1.0,0.0,0.0,0.0,0.0,0.0,0.0,0.0,0.0
99999E00040358,1,False,60,60.10,False,0.0,0.0,0.0,0.0,0.0,1.0,0.0,0.0,0.0,0.0,0.0,0.0,0.0,0.0
99999E00040359,5,False,01,01.1,False,0.0011623525,0.0,0.0,0.0005921101,0.0,0.6788458,0.0355367,0.0016871775,0.0,0.14057569,0.05767691,0.044078562,0.0,0.039844636
99999E00040364,1,False,60,60.10,False,0.0,0.0,0.0,0.0,0.0,1.0,0.0,0.0,0.0,0.0,0.0,0.0,0.0,0.0
99999E00040390,3,False,55,55.10,False,0.0,0.0025519277,0.24227422,0.010062221,0.060581516,0.38614312,0.0016048547,0.2826141,0.014168039,0.0,0.0,0.0,0.0,0.0
99999E00040398,1,False,84,84.11,False,0.0,0.0,0.0,0.0,0.0,0.9946098,0.0,0.005390172,0.0,0.0,0.0,0.0,0.0,0.0
99999E00040400,3,False,85,85.51,False,0.0,0.27287334,0.33141834,0.040770732,0.0,0.09344961,0.0032026991,0.047698483,0.0066316174,0.006610688,0.0047158767,0.0,0.054008584,0.13862005
99999E00040401,6,False,56,56.30,False,0.0,0.0,0.0040944447,0.0,0.0,0.15015571,0.001090119,0.8382054,0.00089594873,0.0003153963,0.00315063,0.00017600704,0.00017342423,0.0017427821
99999E00040411,2,False,52,52.10,False,0.0,0.0,0.0,0.007101152,0.0,0.6457314,0.16522014,0.0,0.013886696,0.0,0.0,0.0,0.08647624,0.081584334
99999E00040415,4,False,DO,DO.01,True,0.03713407,0.051516965,0.5105623,0.14100707,0.039294306,0.08894282,0.0023133133,0.106482334,0.014786091,0.0,0.0,0.0,0.003281605,0.0046792314
99999E00040433,4,False,43,43.22,False,0.0,0.003894328,0.0034738875,0.027239019,0.21598972,0.0,0.060556743,0.06357243,0.047932625,0.09525892,0.40215716,0.059561353,0.0012663746,0.019097472
99999E00040436,4,False,DO,DO.01,False,0.0,0.032748077,0.2830133,0.11557329,0.037242733,0.1681314,0.07011627,0.18908827,0.030470293,0.021080516,0.021712804,0.0045719305,0.0038078208,0.022443278
99999E00040440,3,False,96,96.0,False,0.048704855,0.027834166,0.06253804,0.09776834,0.043455515,0.36677602,0.11037596,0.053992033,0.06263181,0.034086984,0.001710847,0.0028557987,0.037924875,0.049344778
99999E00040503,6,False,DO,DO.02,False,0.0,0.0,0.051664248,0.004535208,0.0,0.7079832,0.0,0.2358173,0.0,0.0,0.0,0.0,0.0,0.0
99999E00040504,4,False,DO,DO.01,False,0.0040942105,0.16530973,0.28188536,0.07101074,0.051036373,0.18919376,0.018842025,0.06329735,0.020422067,0.010661579,0.038018968,0.016666193,0.06523737,0.0043243244
99999E00040515,6,False,94,94.99,False,0.013437586,0.0,0.06026313,0.0052986373,0.0014242475,0.19989124,0.02832852,0.5182342,0.018919028,0.0044482723,0.025445463,0.0,0.0052913614,0.119018346
99999E00040613,4,False,49,49.4,False,0.0,0.08307014,0.078965604,0.025975479,0.01701405,0.17723963,0.08478718,0.0045365836,0.008063796,0.067382045,0.13282357,0.042151492,0.18618615,0.091804355
99999E00040651,5,False,10,10.85,False,0.0,0.0,0.0,0.0,0.00035965422,0.034052867,0.00022184277,0.0,0.5634874,0.3536779,0.04511139,0.0030889926,0.0,0.0
99999E00040660,4,False,47,47.78,False,0.00012542242,0.012924778,0.004197171,0.0,0.003141831,0.016028088,0.008961431,0.002493218,0.005338514,0.23320863,0.010166381,0.00080987037,0.026967607,0.675637
99999E00040670,4,False,DO,DO.01,False,0.018863456,0.046510767,0.24805585,0.100063115,0.02536483,0.14751194,0.12014846,0.042142753,0.110637926,0.0077374103,0.015245328,0.0074869767,0.01723578,0.0929955
99999E00040704,4,False,43,43.34,False,0.0,0.0031006727,0.017633952,0.0,0.38274595,0.10521756,0.07370936,0.049217597,0.02361921,0.045100126,0.125326,0.0463289,0.023029974,0.10497067
99999E00040705,6,False,52,52.21,False,0.0,0.0,0.0068439147,0.002459556,0.0,0.7511307,0.034020565,0.07224622,0.012142823,0.05820442,0.012312971,0.0,0.008483113,0.042155784
99999E00040706,4,False,49,49.39,False,0.0,0.013704268,0.04786928,0.021415697,0.062261313,0.08733896,0.14422707,0.03886432,0.060646743,0.16059224,0.09104619,0.097287044,0.036364958,0.1383819
99999E00040709,5,False,43,43.21,False,0.0,0.0,0.004384651,0.0019447876,0.0,0.70889527,0.061104376,0.14911613,0.012205495,0.01775572,0.027792208,0.0037854947,0.0,0.0130159
99999E00040710,5,False,45,45.20,False,0.0,0.0,0.0,0.0008556473,0.0013523035,0.046417356,0.003383893,0.004755605,0.014255965,0.035275377,0.8732548,0.01379463,0.0,0.006654472
99999E00040711,4,False,16,16.23,False,0.0007127295,0.011094778,0.02264153,0.0041549145,0.044133738,0.0646402,0.080116324,0.15823844,0.011910472,0.097793266,0.31250694,0.077749476,0.0026407542,0.11166652
99999E00040712,4,False,43,43.99,False,0.0,0.002311917,0.011920542,0.0012639917,0.108136445,0.19901358,0.10409218,0.010594273,0.033022027,0.08899672,0.09825201,0.037933104,0.08292905,0.22153412
99999E00040713,4,False,41,41.20,False,0.0014103497,0.038917437,0.47507206,0.05477295,0.022899708,0.06284309,0.036846418,0.12972337,0.0833601,0.009091125,0.016009701,0.0011383386,0.036178906,0.03173653
99999E00040714,6,False,47,47.64,False,0.0,0.0,0.072407134,0.0,0.0,0.08760984,0.0,0.62334985,0.0,0.0034014275,0.04372248,0.0,0.0,0.16950934
99999E00040715,4,False,43,43.34,False,0.025019195,0.03045893,0.04387422,0.010573246,0.117412195,0.32727122,0.041261245,0.082692884,0.054647326,0.04123392,0.09044901,0.01741498,0.03407069,0.08362094
99999E00040717,4,False,25,25.99,False,0.0,0.0039404333,0.05683363,0.0046841227,0.074525826,0.18646611,0.030328155,0.16424935,0.021296091,0.08724538,0.13826041,0.046865594,0.03372234,0.15158261
99999E00040718,4,False,43,43.33,False,0.0046975436,0.0055859806,0.042174734,0.0150923105,0.11689222,0.20433934,0.095828615,0.17278439,0.032639075,0.017195081,0.14667661,0.015749412,0.008938226,0.12140646
99999E00040748,6,False,68,68.31,False,0.010120191,0.0,0.047045797,0.0061746477,0.0,0.2331913,0.0,0.66499,0.0,0.0,0.0,0.0,0.0,0.038478103
99999E00040839,3,False,56,56.10,False,0.0,0.054964114,0.3582111,0.012565123,0.0,0.027023232,0.20490104,0.0,0.0,0.0035014814,0.0,0.0,0.05000013,0.2888338
99999E00040993,1,False,IL,IL.01,False,0.99872714,0.0,0.0,0.0012728377,0.0,0.0,0.0,0.0,0.0,0.0,0.0,0.0,0.0,0.0
99999E00041045,3,False,68,68.20,False,0.0037636296,0.022349669,0.17986342,0.21992464,0.013085955,0.31106558,0.03180117,0.11161158,0.04901525,0.010031778,0.021375448,0.0058389185,0.0,0.020272922
99999E00041046,3,False,68,68.20,False,0.009953957,0.08292364,0.25141898,0.20118849,0.017288806,0.0882134,0.042910468,0.0652338,0.059829656,0.05064671,0.029053088,0.03817002,0.009479489,0.05368945
99999E00041058,6,False,93,93.11,False,0.02166447,0.015767904,0.09975225,0.0028892322,0.0,0.7789117,0.0056532924,0.020319037,0.002697937,0.00082281773,0.006685085,0.0,0.0059892084,0.03884711
99999E00041059,5,False,84,84.1,False,0.0,0.0,0.0,0.00039608774,0.040424876,0.013609324,0.00783379,0.0010188567,0.0028129725,0.029181203,0.8900549,0.014668055,0.0,0.0
99999E00041065,6,False,DO,DO.01,False,0.0,0.0,0.035630185,0.015076307,0.0,0.90487844,0.016432714,0.004080761,0.017240783,0.0,0.0,0.0,0.0,0.0066608186
99999E00041066,3,False,DO,DO.01,False,0.0,0.009797988,0.006236445,0.006380225,0.0,0.8998334,0.01466553,0.01516876,0.022438623,0.012224272,0.0,0.0,0.008644756,0.0046099373
99999E00041145,1,False,62,62.02,False,0.0,0.0,0.0012913278,0.0,0.0,0.9987087,0.0,0.0,0.0,0.0,0.0,0.0,0.0,0.0
99999E00041169,1,False,IL,IL.01,False,0.938445,0.0,0.0,0.00059437804,0.0,0.060960587,0.0,0.0,0.0,0.0,0.0,0.0,0.0,0.0
99999E00041170,1,False,IL,IL.01,False,1.0,0.0,0.0,0.0,0.0,0.0,0.0,0.0,0.0,0.0,0.0,0.0,0.0,0.0
99999E00041178,6,False,DO,DO.01,False,0.0,0.022771388,0.2999153,0.046361964,0.0021853596,0.3485725,0.007357207,0.20537727,0.06513876,0.0,0.0023202975,0.0,0.0,0.0
99999E00041180,4,False,DO,DO.01,False,0.0,0.064504124,0.14109488,0.056897316,0.012410327,0.45084736,0.020421362,0.07435277,0.07042586,0.035614062,0.010451903,0.0016099507,0.04871359,0.012656582
99999E00041182,6,False,49,49.32,False,0.0051119486,0.0048439326,0.047473542,0.0052632852,0.006633403,0.837068,0.006465893,0.025579384,0.005875564,0.006054627,0.007170591,0.0,0.008116735,0.034343053
99999E00041195,6,False,35,35.30,False,0.0,0.0,0.31676224,0.002296529,0.025547225,0.36994445,0.0059475927,0.2695494,0.0034913933,0.0,0.0044664484,0.0,0.0,0.001994701
99999E00041202,6,False,55,55.10,False,0.0,0.0026624852,0.42977065,0.07094038,0.0043733697,0.20915483,0.0046876837,0.25316095,0.0039224643,0.0026839233,0.018643262,0.0,0.0,0.0
99999E00041205,1,False,61,61.90,False,0.0,0.0,0.0,0.0,0.0,1.0,0.0,0.0,0.0,0.0,0.0,0.0,0.0,0.0
99999E00041224,4,False,96,96.0,False,0.0022350296,0.02056908,0.022894872,0.028749062,0.0,0.45151007,0.13833359,0.027705291,0.051076666,0.036259666,0.0,0.026366543,0.08571395,0.10858613
99999E00639916,6,False,49,49.4,False,0.0412092,0.008239182,0.035671566,0.027066143,0.0025167665,0.79386234,0.004331363,0.023322757,0.012202228,0.0061430535,0.036178574,0.004188521,0.0,0.0050684134
99999E00639917,6,False,55,55.20,False,0.00020356353,3.8051e-05,0.025166426,8.659883e-05,0.0,0.010042278,0.0019514727,0.61274076,0.33616307,0.001689427,0.011524861,0.00033646083,0.0,5.6982783e-05
99999E00656629,4,False,49,49.4,False,0.052764278,0.0,0.01850826,0.008958569,0.0,0.91976887,0.0,0.0,0.0,0.0,0.0,0.0,0.0,0.0
99999E10004622,4,False,01,01.41,False,0.0,0.0056321844,0.24144459,0.0,0.66012776,0.0,0.00058316137,0.082867295,0.0,0.0,0.0,0.0003565312,0.00898838,0.0
99999E10004655,4,False,DO,DO.01,True,0.13538933,0.065866075,0.33625734,0.095636755,0.03250995,0.082482256,0.039495777,0.12084766,0.023470182,0.0035459243,0.0,0.0026292086,0.0142727895,0.047596656
99999E10004701,6,False,DO,DO.01,False,0.0,0.012760124,0.03820429,0.012028492,0.15353401,0.55672795,0.038635194,0.11331727,0.02227027,0.014178677,0.025089705,0.0,0.0,0.013254129
99999E10004711,4,False,84,84.1,False,0.0105817085,0.0072213006,0.031042257,0.02684644,0.011943495,0.67326254,0.058982547,0.1109647,0.040866233,0.002553739,0.0017537207,0.0,0.0053459625,0.018635333
99999E10004722,6,False,55,55.10,False,0.0,0.0,0.007596507,0.0,0.0,0.061245926,0.9113296,0.0143682575,0.0014058755,0.0,0.0,0.0,0.0,0.004053841
99999E10004737,3,False,DO,DO.01,False,0.0012362717,0.24764855,0.11009329,0.05032656,0.018375235,0.031704504,0.13434367,0.06753134,0.15137532,0.0059280945,0.1058386,0.018886054,0.036122315,0.020590222
99999E10004741,6,False,DO,DO.01,False,0.0,0.0,0.0,0.0,0.0009946238,0.34051973,0.042087816,0.04307348,0.43185484,0.043808244,0.07220431,0.012293907,0.0,0.013163082
99999E10004752,2,False,DO,DO.01,False,0.0,0.0,0.0,0.0,0.0,0.4666906,0.0,0.0,0.36479092,0.16851842,0.0,0.0,0.0,0.0
99999E10004754,2,False,DO,DO.01,False,0.0,0.19356364,0.12754521,0.1853323,0.026516551,0.010233073,0.07503266,0.16080339,0.04422058,0.020698907,0.0,0.077749625,0.06620321,0.012100812
99999E10004757,3,False,DO,DO.01,False,0.0022779256,0.004180885,0.022558967,0.0011342759,0.0,0.6856744,0.03751547,0.052664142,0.040313665,0.060285352,0.005858863,0.0065431776,0.00254509,0.078447826
99999E10004765,3,False,DO,DO.01,False,0.035090864,0.018140784,0.09531889,0.0,0.010887585,0.11888401,0.035114206,0.0,0.13332036,0.21154909,0.029946689,0.0,0.12062726,0.19112028
99999E10004800,4,False,93,93.1,False,0.039219458,0.4917402,0.01721496,0.10120428,0.0,0.2117213,0.0007206376,0.019229496,0.0,0.0,0.0,0.0,0.11238028,0.0065694703
99999E10004846,4,False,43,43.31,False,0.0010498565,0.0,0.01102731,0.0,0.1008995,0.047191434,0.09223039,0.102929875,0.02076819,0.055105913,0.44249806,0.028352013,0.012320934,0.08562654
99999E10004863,6,False,43,43.32,False,0.0,0.0,0.025233077,0.0,0.0022854272,0.17930108,0.016233752,0.55008996,0.015539052,0.005761582,0.14875343,0.0,0.0,0.05680257
99999E10004896,6,False,47,47.73,False,0.0,0.0,0.03208287,0.0,0.0,0.06829651,0.0072062016,0.52158004,0.010903287,0.0026570181,0.015983313,0.0,0.010711757,0.33057898
99999E10004933,5,False,79,79.11,False,0.00015251698,0.0052568982,0.011909491,0.008152527,0.024427954,0.06670478,0.113364,0.017629426,0.04130467,0.12597024,0.1710209,0.0034376667,0.025204802,0.38546416
99999E10004938,3,False,DO,DO.01,False,0.005204149,0.018323155,0.06257394,0.058614783,0.0027003633,0.36806676,0.11356011,0.059811495,0.1413742,0.08070052,0.034008026,0.0100668715,0.0070906095,0.0379051
99999E10004947,2,False,DO,DO.01,False,0.0,0.0391674,0.043727897,0.013634644,0.014337289,0.0009318401,0.14969836,0.0,0.25663748,0.07169649,0.0,0.024371719,0.2069622,0.17883468
99999E10004948,3,False,DO,DO.01,False,0.002635306,0.0050995876,0.15280294,0.053757403,0.0055640307,0.5732143,0.0031511115,0.16524838,0.017434655,0.0031647715,0.005952524,0.00046717536,0.001328308,0.010179505
99999E10004955,4,False,38,38.11,False,0.0,0.0,0.0,0.0,0.019645585,0.44151825,0.0,0.31953573,0.0008387876,0.044631317,0.1561597,0.016992535,0.0,0.0006781111
99999E10004968,2,False,52,52.10,False,0.10360062,0.0,0.042432275,0.0,0.01692873,0.058858972,0.19436914,0.0014257887,0.015904572,0.075044684,0.12490712,0.25826856,0.036809444,0.071450084
99999E10004971,6,False,84,84.1,False,0.0,0.0,0.012515315,0.0,0.00534345,0.58081615,0.0,0.38526374,0.009498331,0.0,0.0021697455,0.0,0.0,0.004393302
99999E10004979,2,False,DO,DO.01,False,0.0,0.018917222,0.19014771,0.07221989,0.0,0.18565355,0.1629738,0.07521599,0.08733974,0.078804344,0.055497494,0.022087513,0.0,0.0511427
99999E10004980,3,False,DO,DO.02,False,0.0,0.0,0.009706309,0.03954237,0.0,0.72617203,0.12316339,0.0,0.03050316,0.0,0.0,0.0047864444,0.010290021,0.055836286
99999E10004985,6,False,47,47.73,True,0.0,0.0,0.0005424366,0.0,0.0,0.05386272,0.0,0.9455948,0.0,0.0,0.0,0.0,0.0,0.0
99999E10004987,4,False,DO,DO.01,False,0.19608182,0.017623706,0.17886704,0.24695362,0.0,0.27525038,0.004633651,0.03345425,0.046093747,0.0,0.0,0.0,0.0,0.001041771
99999E10005015,1,False,01,01.4,True,0.31946388,0.0,0.0,0.0,0.0019062508,0.65979594,0.0,0.01883394,0.0,0.0,0.0,0.0,0.0,0.0
99999E10005016,3,False,DO,DO.01,False,0.00061510276,0.0056983046,0.027082171,0.019328523,0.011263352,0.15444727,0.23911963,0.048127156,0.08075849,0.06556272,0.19083099,0.014788941,0.009764867,0.13261244
99999E10005017,6,False,DO,DO.01,False,0.0,0.048352454,0.37327948,0.20463715,0.014480256,0.07521864,0.04020019,0.09239575,0.08431535,0.030397866,0.0,0.008043378,0.0018816275,0.026797947
99999E10005025,3,False,DO,DO.01,False,0.06946593,0.12520556,0.06300779,0.035242885,0.0,0.6322175,0.023944179,0.013623833,0.021575134,0.003815844,0.0056725303,0.00030009515,0.0,0.005928709
99999E10005038,4,False,84,84.11,False,0.2873974,0.0009192012,0.07627665,0.0,0.0,0.6333126,0.0,0.0,0.001949218,7.955992e-05,0.0,0.0,0.0,6.53528e-05
99999E10005044,2,False,DO,DO.01,False,0.0,0.0058239875,0.04078212,0.2195395,0.006029958,0.19036627,0.034496475,0.22921653,0.06924153,0.047181405,0.05160266,0.02759647,0.0,0.07812311
99999E10005046,6,False,DO,DO.01,False,0.0,0.0,0.0,0.010793137,0.0012129097,0.9812175,0.0,0.001450218,0.0,0.005326255,0.0,0.0,0.0,0.0
99999E10005075,4,False,94,94.99,False,0.0,0.5512821,0.0,0.30531815,0.0,0.08879392,0.0,0.040835705,0.0,0.0,0.006647674,0.0071225073,0.0,0.0
99999E10005118,6,False,55,55.10,True,0.07241914,0.0,0.40030974,0.019530749,0.0,0.37548196,0.010390006,0.086910956,0.0,0.0,0.0,0.0,0.0041302545,0.030827235
99999E20000010,1,False,49,49.39,False,0.0,0.0,0.0,0.0,0.0,1.0,0.0,0.0,0.0,0.0,0.0,0.0,0.0,0.0
99999E20000017,6,False,DO,DO.01,False,0.0,0.0,0.02014738,0.0,0.0,0.7920925,0.05338499,0.0103853615,0.06995927,0.035463836,0.0,0.011721099,0.0021817053,0.004663951
99999E20000023,6,False,56,56.10,True,0.011915765,0.001241401,0.40247422,0.0,0.0,0.09737924,0.0,0.44633478,0.033538222,0.0,0.007116374,0.0,0.0,0.0
99999E20000033,4,False,93,93.1,False,0.029933875,0.0027935442,0.017387772,0.09782375,0.0,0.7807672,0.0,0.001583127,0.0,0.0,0.0034236002,0.013300395,0.042696502,0.010290324
99999E20000037,1,False,IL,IL.01,False,1.0,0.0,0.0,0.0,0.0,0.0,0.0,0.0,0.0,0.0,0.0,0.0,0.0,0.0
99999E20000044,4,False,DO,DO.01,False,0.0,0.2614586,0.22391321,0.121640824,0.061771944,0.06493417,0.03821427,0.04819285,0.12011098,0.01124139,0.0055191913,0.0027791155,0.025261374,0.014962145
99999E20000091,3,False,DO,DO.01,False,0.0021232262,0.045467474,0.13743427,0.036524788,0.0,0.2967953,0.12298177,0.0,0.086033665,0.08344082,0.0055428776,0.04399246,0.013572774,0.12609056
99999E20000107,3,False,DO,DO.01,False,0.0057659205,0.0042589186,0.011025536,0.061182495,0.0058046374,0.6438532,0.09200753,0.0028978514,0.0855179,0.027108166,0.053662375,0.0018733281,0.0018286546,0.0032135476
99999E20000108,2,False,DO,DO.01,False,0.0,0.0,0.02060806,0.055028196,0.027624154,0.37790617,0.05219425,0.0,0.11591691,0.085981555,0.13231531,0.052689496,0.0,0.07973587
99999E20000137,6,False,47,47.11,False,0.0,0.0,0.0,0.0,0.0,0.0066434587,0.0,0.9933565,0.0,0.0,0.0,0.0,0.0,0.0
99999E20000149,3,False,01,01.11,False,0.36816975,0.009232692,0.027537428,0.010790067,0.0023204442,0.15174814,0.008393762,0.0,0.0023606063,0.33666524,0.0,0.024177246,0.04322274,0.015381869
99999E20000152,6,False,38,38.11,False,0.0,0.0,0.0,0.15624322,0.0,0.8100477,0.032271963,0.0014371335,0.0,0.0,0.0,0.0,0.0,0.0
99999E20000165,1,False,IL,IL.01,False,0.9904622,0.0,0.0,0.0,0.0,0.009537829,0.0,0.0,0.0,0.0,0.0,0.0,0.0,0.0
99999E20000167,2,False,DO,DO.01,False,0.013898547,0.058056496,0.06959908,0.04271001,0.2072675,0.0,0.16957209,0.08114985,0.061214138,0.085894495,0.046603896,0.0,0.0,0.16403393
99999E20000168,3,False,CO,CO.02,False,0.007898767,0.07452709,0.064155094,0.040943842,0.017923696,0.011330107,0.18373181,0.009065114,0.15800789,0.10120311,0.0437633,0.007124059,0.06850168,0.2118244
99999E20000207,1,False,61,61.20,False,0.0,0.0,0.0,0.0,0.0,1.0,0.0,0.0,0.0,0.0,0.0,0.0,0.0,0.0
99999E20000235,6,False,75,75.00,False,0.0,0.0,0.09028135,0.054999832,0.0,0.4696429,0.011421761,0.2860648,0.035155363,0.004126535,0.025069602,0.002831319,0.0,0.02040654
99999E20000236,6,False,DO,DO.01,False,0.0,0.0,0.63790107,0.03541335,0.0025045539,0.006482796,0.0075522065,0.12998311,0.038761422,0.02235005,0.0,0.0,0.09915666,0.019894797
99999E20000237,6,False,47,47.71,False,0.0,0.0005541503,0.0013155076,0.0,0.0,0.03420571,0.0025388852,0.009840448,0.0047722682,0.012873091,0.013777267,0.0,0.0,0.9201227
99999E20000243,6,False,DO,DO.01,False,0.0,0.0014046174,0.25895888,0.08941024,0.01734069,0.072915554,0.18343225,0.26387045,0.060962014,0.0,0.02380786,0.0,0.0,0.027897427
99999E20000251,6,False,52,52.21,False,0.0,0.0,0.08216004,0.0,0.0,0.3767113,0.040136866,0.49159154,0.0,0.0,0.0,0.0,0.0,0.009400239
99999E20000252,5,False,11,11.05,False,0.0,0.0,0.020910313,0.0032430666,0.0035489053,0.27299848,0.04808475,0.14842923,0.07463965,0.027038872,0.36681885,0.0030950592,0.0030318613,0.028161043
99999E20000256,5,False,88,88.10,False,0.019349135,0.0,0.043420143,0.025464004,0.0,0.105081394,0.14973322,0.019781318,0.01892626,0.042007215,0.57515925,0.0,0.0,0.0010780592
99999E20000264,1,False,58,58.2,False,0.9940223,0.0015046758,0.004473004,0.0,0.0,0.0,0.0,0.0,0.0,0.0,0.0,0.0,0.0,0.0
99999E20000304,4,False,DO,DO.01,True,0.0932429,0.06385987,0.264976,0.047006764,0.12556964,0.061257515,0.016106334,0.23177002,0.031058747,0.014206216,0.008158474,0.0071539655,0.011213951,0.02441968
99999E20000305,6,False,43,43.21,False,0.0,0.0,0.0764441,0.0053845067,0.02870571,0.50491565,0.015689611,0.33878997,0.009020211,0.0,0.0026508633,0.0,0.0,0.018399402
99999E20000320,4,False,DO,DO.01,False,0.0,0.018400822,0.17397945,0.04128606,0.05358068,0.2841391,0.03736759,0.18749504,0.046204865,0.026723536,0.012817403,0.029188078,0.050635833,0.03818157
99999E20000321,4,False,DO,DO.01,False,0.0,0.010781945,0.29647937,0.073252,0.04697675,0.08752713,0.021977285,0.31871483,0.08938435,0.0047680098,0.020877004,0.005248964,0.008012009,0.016000288
99999E20000333,3,False,01,01.41,False,0.0,0.0,0.0042202123,0.0,0.0,0.074903764,0.00269924,0.91211694,0.002358203,0.00068061135,0.0014772497,0.0,0.0,0.0015437354
99999E20000342,3,False,55,55.30,False,0.061680388,0.0030854493,0.12682438,0.021254446,0.0069285133,0.769801,0.0,0.009698208,0.00015584065,0.00039485606,0.0,0.0,0.0,0.00017685835
99999E20000352,1,False,IL,IL.01,False,1.0,0.0,0.0,0.0,0.0,0.0,0.0,0.0,0.0,0.0,0.0,0.0,0.0,0.0
99999E20000353,1,False,IL,IL.01,False,0.9960782,0.0,0.0039218105,0.0,0.0,0.0,0.0,0.0,0.0,0.0,0.0,0.0,0.0,0.0
99999E20000388,1,False,36,36.00,False,0.0,0.0,0.0,0.0,0.0,1.0,0.0,0.0,0.0,0.0,0.0,0.0,0.0,0.0
99999E20000392,4,False,84,84.11,False,0.18757868,0.025723593,0.60056084,0.0,0.00081367756,0.013642087,0.0,0.13749668,8.1615086e-05,0.005079921,0.004360224,0.0,0.01672862,0.007933975
99999E20000409,1,False,36,36.00,False,0.0,0.0,0.0,0.0,0.0,1.0,0.0,0.0,0.0,0.0,0.0,0.0,0.0,0.0
99999E20000467,4,False,DO,DO.01,False,0.0,0.025909457,0.28331298,0.11604258,0.019881658,0.118882395,0.10806449,0.14622298,0.13122308,0.0011369115,0.018481832,0.016498275,0.0,0.014343466
99999E20000474,3,False,DO,DO.01,False,0.011321564,0.011278691,0.11322177,0.18792512,0.014463551,0.22843714,0.098289676,0.055119514,0.1054648,0.04376426,0.0,0.0015556817,0.041761473,0.08739684
99999E20000483,4,False,84,84.1,False,0.0,0.021543987,0.0,0.9694793,0.008976661,0.0,0.0,0.0,0.0,0.0,0.0,0.0,0.0,0.0
99999E20000484,4,False,DO,DO.01,False,0.0,0.016932178,0.5004599,0.03107043,0.05075476,0.055894155,0.025716629,0.21780698,0.034311477,0.006361918,0.025362978,0.001570832,0.010913992,0.022843923
99999E20000505,4,False,52,52.21,False,0.015778825,0.019041572,0.06601907,0.026744736,0.0,0.59779036,0.0,0.27250317,0.0,0.0,0.0,0.0,0.0021223442,0.0
99999E20000519,3,False,55,55.10,False,0.27744064,0.13750046,0.12054495,0.0595395,0.009085052,0.26363727,0.0407843,0.0172453,0.011835655,0.0030623823,0.0011830162,0.0008208777,0.03225917,0.025061263
99999E20000548,6,False,DO,DO.02,False,0.0,0.0,0.042652257,0.0073824134,0.0018446542,0.72836643,0.024993926,0.12088559,0.035468478,0.0,0.011834634,0.002252047,0.0,0.024319578
99999E20000564,4,False,45,45.20,False,0.0,0.0,0.015575657,0.0,0.0,0.6429519,0.09115974,0.13119139,0.023274016,0.028923962,0.03735965,0.0078013204,0.0033462106,0.018416198
99999E20000599,4,False,DO,DO.01,True,0.0057999715,0.06978553,0.09495413,0.019967984,0.33052626,0.007362815,0.06697089,0.021621868,0.025733816,0.096900105,0.024872735,0.14326194,0.021238742,0.071003176
99999E20000615,5,False,68,68.20,False,0.0014678085,0.0,0.03579794,0.024042754,0.04216698,0.079806045,0.02601625,0.33567637,0.0018389701,0.017478457,0.3499641,0.0021148338,0.004096931,0.079532504
99999E20000624,2,False,01,01.41,False,0.0,0.0,0.049208283,0.0018444404,0.0,0.92072386,0.0018792413,0.016913172,0.009431006,0.0,0.0,0.0,0.0,0.0
99999E20000661,5,False,16,16.23,False,0.0,0.0,0.0007768213,0.0,0.1669124,0.070933074,0.07572083,0.0131357545,0.016505755,0.067223355,0.4781188,0.021529047,0.03120421,0.05794
99999E20000662,3,False,01,01.11,False,0.0,0.025243264,0.017237207,0.06598883,0.00047339246,0.26496452,0.09384095,0.047612358,0.14095911,0.114875704,0.035314556,0.017632568,0.025851911,0.15000558
99999E20000663,2,False,96,96.0,False,0.0,0.0,0.0,0.0,0.0,0.0,0.0,0.0,0.0,0.0,0.0,1.0,0.0,0.0
99999E20000684,4,False,DO,DO.01,False,0.0,0.1825345,0.40728915,0.03097029,0.005962214,0.029069655,0.033072993,0.10942053,0.105077885,0.013897484,0.0010002016,0.00012407564,0.034257535,0.047323458
99999E20000702,1,False,IL,IL.01,False,1.0,0.0,0.0,0.0,0.0,0.0,0.0,0.0,0.0,0.0,0.0,0.0,0.0,0.0
99999E20000709,4,False,DO,DO.01,False,0.0,0.021772662,0.18576182,0.054634348,0.042092487,0.03560392,0.10036655,0.25871894,0.13509056,0.024435807,0.071492545,0.0027211432,0.014241334,0.05306786
99999E20000727,6,False,47,47.78,False,0.0037785554,0.00030596164,0.032014713,0.0018183268,0.0,0.041382138,0.014949692,0.023664176,0.018117268,0.10510183,0.11607732,0.004664383,0.02958022,0.6085454
99999E20000735,4,False,45,45.20,False,0.0,0.005491708,0.019797731,0.023241132,0.016850773,0.025550297,0.09520173,0.05225068,0.06315057,0.069340035,0.09106571,0.026272472,0.110358,0.4014292
99999E20000737,1,False,IL,IL.01,False,0.0,0.0,0.0,0.0,0.0,1.0,0.0,0.0,0.0,0.0,0.0,0.0,0.0,0.0
99999E20000752,4,False,16,16.29,False,0.094221205,0.05480018,0.14425851,0.14847113,0.06368257,0.0633044,0.09628881,0.012102788,0.09690705,0.050075494,0.004234067,0.026939547,0.046483733,0.09823036
99999E20000761,6,False,DO,DO.01,False,0.0,0.023289688,0.40459585,0.15645953,0.0067943307,0.024348175,0.08793506,0.15803754,0.10895657,0.0,0.0088288365,0.0,0.00338519,0.017369231
99999E20000790,6,False,55,55.10,True,0.0019753065,0.0,0.21264052,0.012436472,0.0,0.6641475,0.0,0.106242366,0.0,0.0,0.002557823,0.0,0.0,0.0
99999E20000833,3,False,CO,CO.02,False,0.013459101,0.16305669,0.0011707991,0.029229257,0.0,0.027060732,0.22265546,0.0,0.0658091,0.061874192,0.0,0.0008653733,0.1922045,0.22261474
99999E20000834,3,False,CO,CO.02,False,0.08354373,0.17503308,0.0,0.14872558,0.0,0.16230206,0.10078931,0.0,0.08931415,0.041241616,0.026594788,0.028794602,0.059345767,0.084315315
99999E20000835,3,False,CO,CO.02,False,0.054482978,0.2049486,0.0067261127,0.073269196,0.03289787,0.101624385,0.08449404,0.0,0.18929099,0.08299935,0.0,0.022830682,0.06482859,0.08160724
99999E20000837,3,False,DO,DO.01,False,0.011628704,0.085488126,0.17075484,0.088464364,0.02551849,0.30211902,0.0703855,0.0222699,0.088958114,0.010545189,0.061417587,0.0,0.03957874,0.02287142
99999E20000849,6,False,DO,DO.01,False,0.0,0.0,0.06764283,0.026560765,0.0,0.8247096,0.0,0.023989681,0.027472328,0.008856421,0.020768393,0.0,0.0,0.0
99999E20000855,4,False,01,01.4,False,0.0,0.0,0.002295562,0.0,0.3895378,0.00444595,0.00586442,0.0,7.863584e-05,0.009094538,0.017653748,0.0,0.1326133,0.43841603
99999E20000877,3,False,DO,DO.01,False,0.0,0.0336247,0.16374393,0.25291696,0.048204087,0.2238324,0.050886977,0.12997228,0.023387013,0.02305222,0.0037827028,0.021443397,0.0013785582,0.023774825
99999E20000894,6,False,47,47.72,False,0.0,0.001070431,0.013175688,0.0008101198,0.0,0.041829433,0.0033919332,0.015088382,0.0017164758,0.021116361,0.01778714,0.0020604022,0.003511439,0.8784422
99999E20000895,6,False,47,47.77,False,0.00011410135,0.0,0.007393875,0.0,0.00019907614,0.015953613,0.0015535955,0.009759807,0.0048804386,0.041366685,0.030924672,0.00019934334,0.0020786754,0.8855761
99999E20000897,4,False,DO,DO.01,True,0.15070783,0.1516628,0.32510293,0.14671323,0.10743233,0.02025214,0.010585717,0.012174892,0.036697727,0.010362311,0.0,0.006510747,0.0043660626,0.017431237
99999E20000898,4,False,DO,DO.01,True,0.44600016,0.0014354627,0.1457801,0.05474453,0.09729544,0.2487806,0.0,0.0012964808,0.0037335614,0.0,0.0,0.0009337062,0.0,0.0
99999E20000903,6,False,56,56.30,False,0.007637764,0.0,0.14509572,0.0,0.0,0.15369022,0.009135447,0.64960134,0.03282274,0.00016126728,0.0018554629,0.0,0.0,0.0
99999E20000909,6,False,DO,DO.01,False,0.0,0.0064143166,0.2543281,0.070292115,0.0,0.15108617,0.040304303,0.22764981,0.15042275,0.006272787,0.0052362736,0.0031790421,0.021541223,0.06327314
99999E30430516,2,False,DO,DO.01,False,0.0,0.124002025,0.17106119,0.05710749,0.1374426,0.01490971,0.030526143,0.17058577,0.052391723,0.024632502,0.055141516,0.12436608,0.0,0.037833232
99999E30431901,6,False,DO,DO.01,False,0.0,0.037576966,0.121370785,0.017064923,0.0,0.4378609,0.024162713,0.24406366,0.041096047,0.03230091,0.008323249,0.011973924,0.0,0.024205893
99999E30431955,2,False,DO,DO.01,False,0.0017268665,0.06775502,0.18659437,0.13837098,0.063971385,0.16382551,0.065265246,0.10697293,0.06697665,0.020016186,0.025516383,0.03657864,0.027640173,0.0287897
99999E30431976,4,False,DO,DO.01,False,0.00073074613,0.030698704,0.23252173,0.13850416,0.023685524,0.30567282,0.016234461,0.13531664,0.062680185,0.0020738465,0.007848441,0.0,0.016745985,0.027286856
99999E30431979,2,False,DO,DO.01,False,0.00013695312,0.115798876,0.20675912,0.20035073,0.015898252,0.0018188043,0.19584796,0.07475302,0.09858955,0.016342515,0.030545557,0.018112887,0.0,0.025045719
99999E30431982,2,False,DO,DO.01,False,0.0025488317,0.029303178,0.14311187,0.06156881,0.18045561,0.07450861,0.06090925,0.3139255,0.027799593,0.0,0.010991837,0.048044916,0.0,0.046831984
99999E30431986,3,False,DO,DO.01,False,0.025227018,0.04614498,0.0,0.04840733,0.019310392,0.6227827,0.08476576,0.0044894214,0.099073105,0.020216119,0.016075656,0.0,0.012342968,0.0011645049
99999E30461097,6,False,56,56.10,False,0.0,0.007125682,0.055426203,0.016878368,0.0037118667,0.20172057,0.015504217,0.3069891,0.36261505,0.003039531,0.026395781,0.0,0.0,0.00059366086
99999E30478495,4,False,DO,DO.01,False,0.0,0.041337073,0.07943695,0.086400546,0.003524239,0.0032987497,0.14547934,0.18609133,0.40443668,0.01929422,0.027954165,0.0,0.0,0.00274669
99999E30478536,3,False,DO,DO.01,False,0.0,0.030965665,0.06723441,0.032815438,0.010762311,0.18402229,0.036442913,0.21728815,0.2577249,0.0,0.14380777,0.0,0.0,0.01893614
99999E30478573,4,False,DO,DO.01,False,0.0,0.049037594,0.14722788,0.00804164,0.17109811,0.060228623,0.13338624,0.07299109,0.17535771,0.021443283,0.04848739,0.0148522565,0.046875957,0.05097229
99999E30478652,3,False,DO,DO.01,False,0.005527382,0.011695339,0.048038237,0.018644601,0.030713607,0.39863628,0.083255276,0.075854704,0.03537233,0.13673355,0.0052362117,0.056564666,0.045519616,0.048208084
99999E30478671,3,False,DO,DO.01,False,0.028674852,0.08416232,0.2465008,0.22886375,0.042545326,0.10703185,0.079475455,0.037526514,0.024300113,0.027878433,0.0010577653,0.024505721,0.040928334,0.026548794
99999E30478696,4,False,DO,DO.01,False,0.0050976966,0.21402717,0.2050709,0.1512423,0.0016007952,0.06355502,0.103544325,0.011630319,0.1356695,0.0030493815,0.0032731416,0.0,0.04373599,0.0585035
99999E30478717,6,False,DO,DO.01,False,0.0,0.0,0.28582743,0.0112681845,0.0129837105,0.08462734,0.016429257,0.3400707,0.1416455,0.025599808,0.01662558,0.0,0.04225833,0.022664178
99999E30478730,4,False,DO,DO.01,False,0.0,0.13073638,0.096970685,0.15931228,0.1938917,0.1612343,0.07963777,0.076517634,0.024233146,0.020496596,0.0036447013,0.04232058,0.0,0.011004181
99999E30478770,4,False,DO,DO.01,False,0.0,0.1271458,0.30903375,0.14820978,0.008887801,0.018773157,0.10469347,0.10541557,0.039651237,0.0022448031,0.018952912,0.0,0.01306943,0.10392231
99999E30478806,4,False,DO,DO.01,False,0.04119749,0.046648506,0.11607831,0.010217933,0.026017174,0.46738628,0.034410868,0.005244699,0.055976026,0.06366391,0.0,0.08522906,0.036832336,0.011097478
99999E30478834,2,False,DO,DO.01,False,0.0,0.0,0.0,0.027337251,0.046607077,0.0,0.0,0.24603528,0.30126178,0.22520858,0.08053273,0.02405367,0.0,0.048963614
99999E30478862,4,False,DO,DO.01,False,0.0,0.042553194,0.07114931,0.03770528,0.11159094,0.18538764,0.10610977,0.019192565,0.032086447,0.08187233,0.11122454,0.088759795,0.046795383,0.065572836
99999E30478915,2,False,DO,DO.01,False,0.0097730495,0.11163761,0.06310478,0.15509354,0.0,0.008866459,0.09082832,0.19867034,0.09152943,0.01793237,0.0888157,0.03286694,0.09550633,0.03537518
99999E30478919,4,False,DO,DO.01,False,0.0,0.1299534,0.34497455,0.14260484,0.0045595346,0.10891124,0.031351134,0.028144253,0.054762434,0.021138204,0.016741415,0.045451276,0.011530899,0.059876908
99999E30478976,6,False,DO,DO.01,False,0.0,0.010381038,0.26293218,0.049171075,0.21258755,0.033211544,0.0029354224,0.37652057,0.03690004,0.0069730016,0.0,0.0,0.0,0.008387641
99999E30478992,2,False,DO,DO.01,False,0.0,0.0,0.0,0.0,0.0,0.06124981,0.2255919,0.0,0.38154566,0.0,0.0,0.0,0.33161265,0.0
99999E30479045,2,False,DO,DO.01,False,0.092527024,0.2099013,0.0,0.49860567,0.0,0.024471255,0.0,0.0,0.0,0.0,0.0,0.0,0.17449477,0.0
99999E30479064,4,False,DO,DO.01,False,0.0,0.010148722,0.039737713,0.051272668,0.014014902,0.33628893,0.049797412,0.32136345,0.0654122,0.04616142,0.015783934,0.0073012295,0.0,0.042717468
99999E30479080,4,False,DO,DO.01,True,0.113237925,0.04850242,0.03138807,0.073181055,0.20520481,0.07489072,0.16074452,0.00026144483,0.11923941,0.014076895,0.0033370934,0.11593756,0.00073733315,0.03926079
99999E30479105,6,False,DO,DO.01,False,0.0,0.0,0.026087636,0.023995258,0.0,0.90465367,0.0,0.038447678,0.0042488268,0.002566916,0.0,0.0,0.0,0.0
99999E30479112,6,False,DO,DO.01,False,0.0,0.020366605,0.23176752,0.054686975,0.015204651,0.48875332,0.0142705245,0.047640596,0.07003708,0.0077380817,0.0,0.017838962,0.0,0.031695753
99999E30479149,4,False,DO,DO.01,False,0.005073683,0.0074683414,0.09168923,0.06441631,0.020450009,0.09967205,0.07317927,0.46764502,0.08334909,0.01873446,0.0,0.005795822,0.033899385,0.028627394
99999E30479211,3,False,DO,DO.01,False,0.00097031443,0.034375645,0.25368544,0.11323962,0.012687161,0.04038446,0.042680245,0.18639895,0.04665667,0.036515094,0.14024189,0.010931757,0.024861122,0.056371707
99999E30479215,6,False,DO,DO.01,False,0.0,0.0,0.21723568,0.0,0.0,0.61470985,0.0022710068,0.07029846,0.057953496,0.007874879,0.0,0.0,0.0,0.029656678
99999E30479251,6,False,DO,DO.01,False,0.0,0.0,0.0166949,0.0,0.0047894153,0.9117839,0.0031488538,0.06358296,0.0,0.0,0.0,0.0,0.0,0.0
99999E30479273,4,False,DO,DO.01,False,0.019805953,0.027582482,0.2311595,0.12373002,0.018189158,0.30905244,0.0035634143,0.1701174,0.025250519,0.0027620601,0.0137174865,0.0042354907,0.0063370764,0.0444971
99999E30479281,4,False,DO,DO.01,False,0.0,0.04109198,0.42831218,0.14276454,0.0,0.18741544,0.04852987,0.062356316,0.07727588,0.0038265234,0.0,0.0,0.004433581,0.0039937748
99999E30479305,3,False,DO,DO.01,False,0.03540226,0.116381265,0.18222238,0.15403686,0.005341572,0.25498062,0.047217514,0.06701915,0.057988856,0.017045667,0.021710632,0.02350364,0.007260237,0.009889338
99999E30479360,4,False,DO,DO.01,False,0.0054491777,0.0,0.12145506,0.029838286,0.09572848,0.5089759,0.0072161234,0.14996065,0.04403366,0.031495173,0.0,0.003489627,0.0,0.0023579209
99999E30479367,4,False,74,74.90,False,0.0,0.0,0.07915732,0.033573374,0.0,0.63563573,0.0,0.20139095,0.0,0.0,0.028792916,0.013407896,0.008041839,0.0
99999E30479520,2,False,DO,DO.01,False,0.008710936,0.0049798796,0.0067066494,0.0,0.0003854397,0.97844625,0.0002158462,0.0,0.00026209897,0.0,0.0,0.0,0.00029293416,0.0
99999E30479578,2,False,DO,DO.01,False,0.0,0.0,0.0,0.0,0.0,0.834708,0.0,0.0,0.16529201,0.0,0.0,0.0,0.0,0.0
99999E30479657,4,False,DO,DO.01,False,0.0,0.06073067,0.16014998,0.28039166,0.023013169,0.033261623,0.10674517,0.120119385,0.05466589,0.02202626,0.023821235,0.002380151,0.02696606,0.08572883
99999E30479688,6,False,DO,DO.01,False,0.0012940185,0.011273646,0.07766428,0.02361851,0.0060209287,0.5138608,0.10325947,0.088978924,0.06587017,0.0007575177,0.014738622,0.0,0.015941737,0.07672139
99999E30479703,2,False,DO,DO.01,False,0.20425893,0.07488252,0.124783285,0.23588523,0.0,0.07814595,0.019133464,0.042863976,0.15950435,0.005973814,0.014579558,0.006362131,0.0,0.033626728
99999E30479762,4,False,DO,DO.01,False,0.046020124,0.059609946,0.045186024,0.12596866,0.09431818,0.2856251,0.07282705,0.020711318,0.020906724,0.025035597,0.0040546926,0.018026281,0.15022989,0.031480405
99999E30479794,4,False,DO,DO.01,False,0.0,0.0,0.045530327,0.0268641,0.017398793,0.1258755,0.0,0.7162334,0.014071672,0.040005416,0.006682409,0.0,0.0,0.007338384
99999E30479802,2,False,DO,DO.01,False,0.0,0.055623762,0.048013005,0.21735017,0.0035609624,0.033525374,0.10236682,0.33153838,0.06361742,0.021518935,0.085461825,0.009946445,0.0,0.027476845
99999E30479806,4,False,DO,DO.01,False,0.0,0.006796952,0.097939484,0.048711963,0.0816104,0.026882842,0.113207795,0.22820085,0.13548942,0.037484817,0.13481602,0.03704386,0.0,0.051815577
99999E30479834,4,False,DO,DO.01,False,0.004704874,0.060783736,0.035238795,0.17471468,0.0050771497,0.5501592,0.017438158,0.052263044,0.005368601,0.010737202,0.0,0.00065638014,0.01564046,0.06721773
99999E30479880,6,False,DO,DO.01,False,0.0,0.010462412,0.1747345,0.08221854,0.015969845,0.4117619,0.019111626,0.22600032,0.022993471,0.0059388853,0.0,0.0,0.0022477075,0.028560795
99999E30479913,3,False,DO,DO.01,False,0.0,0.029175103,0.0925811,0.16976084,0.00025431573,0.16963877,0.16913013,0.11964029,0.0,0.08566371,0.029958392,0.0,0.03236931,0.10182802
99999E30479978,4,False,DO,DO.01,False,0.0,0.0035984758,0.039666053,0.0020504114,0.023954747,0.26501006,0.12747769,0.3210577,0.046266224,0.028081113,0.053296756,0.026349606,0.0039483383,0.059242874
99999E30479987,3,False,DO,DO.01,False,0.00011733051,0.08618325,0.0713472,0.033318445,0.04951803,0.014572904,0.11678372,0.21637455,0.11994824,0.08383778,0.13512032,0.022733642,0.0001321392,0.050012413
99999E30480002,3,False,DO,DO.01,False,0.0,0.062840454,0.07147276,0.06064634,0.0,0.54546875,0.03308983,0.07753258,0.03749607,0.014652096,0.030257106,0.012736252,0.016287668,0.037520092
99999E30480074,3,False,DO,DO.01,False,0.067602724,0.058092587,0.12358694,0.07177463,0.06764759,0.1786291,0.03350978,0.026915487,0.07922124,0.037547104,0.010272743,0.05010766,0.16781805,0.027274359
99999E30480103,4,False,DO,DO.01,False,0.0,0.02389793,0.2585025,0.05915732,0.008922791,0.0819309,0.048137005,0.2750698,0.0872503,0.040909253,0.0032784704,0.0,0.025473842,0.08746994
99999E30480139,4,False,DO,DO.01,False,0.0,0.012896945,0.04962358,0.069122985,0.009936694,0.20469828,0.017183674,0.4888813,0.06346553,0.020247376,0.03132339,0.012870061,0.0021758638,0.017574336
99999E30480169,3,False,DO,DO.01,False,0.0,0.0142372865,0.11586571,0.031402998,0.004373719,0.39204943,0.03871649,0.28189677,0.010143546,0.030044723,0.026246091,0.0015739334,0.020915153,0.032534264
99999E30480193,2,False,DO,DO.01,False,0.0016836883,0.0,0.033904165,0.0,0.24408163,0.47064847,0.0,0.10097699,0.012862491,0.0,0.0,0.043102417,0.01768316,0.07505705
99999E30480207,2,False,DO,DO.01,False,0.0,0.00557232,0.094795585,0.051080976,0.0100037195,0.5985614,0.019098012,0.08357653,0.051163655,0.010499772,0.028684217,0.0,0.0,0.046963744
99999E30480220,3,False,DO,DO.01,False,0.017557973,0.018394321,0.25617808,0.013578662,0.03626659,0.3361851,0.009183842,0.022357648,0.07648052,0.0957325,0.0,0.05971628,0.03984637,0.01852217
99999E30480224,2,False,DO,DO.01,False,0.0,0.0,0.0,0.013491743,0.0,0.29637536,0.0,0.5894482,0.035551753,0.0,0.012494965,0.0,0.0,0.05263794
99999E30480228,3,False,DO,DO.01,False,0.0,0.031184262,0.2154316,0.20247608,0.0014320611,0.32059845,0.04004452,0.019946424,0.055188518,0.025367375,0.022457948,0.019266834,0.025725883,0.02088012
99999E30480273,6,False,DO,DO.01,False,0.0,0.042497125,0.20215993,0.08141783,0.06049064,0.08359637,0.08286893,0.23290749,0.10886314,0.0024957813,0.045809533,0.0029107197,0.0054741595,0.048508286
99999E30480291,2,False,DO,DO.01,False,0.11637485,0.048719093,0.048751194,0.047694698,0.13235065,0.12782778,0.027749691,0.20370279,0.0470929,0.05012597,0.0939959,0.026417706,0.02318938,0.0060073067
99999E30480303,3,False,DO,DO.01,False,0.0,0.0043420424,0.17487547,0.04120844,0.026407262,0.34772232,0.116388574,0.095719986,0.0417195,0.018300558,0.02995346,0.009807631,0.0,0.09355482
99999E30480330,2,False,DO,DO.01,False,0.04464774,0.08449769,0.030073121,0.1429014,0.0062508583,0.020398617,0.0470744,0.002029044,0.0418293,0.0220008,0.005426377,0.017012978,0.403885,0.13197264
99999E30480385,2,False,DO,DO.01,False,0.0,0.023844972,0.27877778,0.0,0.013632381,0.011818541,0.08248553,0.116992645,0.26469585,0.0,0.015791839,0.014552293,0.070737146,0.106670916
99999E30480403,4,False,DO,DO.01,False,0.0,0.0,0.04632275,0.0,0.0118846735,0.0,0.032460134,0.36678636,0.21794082,0.10833628,0.13587968,0.0034986853,0.013080334,0.06381029
99999E30480412,4,False,DO,DO.01,False,0.0,0.10155914,0.0019440429,0.0030772537,0.0028427965,0.16217616,0.17083155,0.001641202,0.047516704,0.13589738,0.11105467,0.0049236054,0.15308116,0.10345434
99999E30480435,3,False,DO,DO.01,False,0.0,0.069066316,0.09774107,0.06181722,0.0,0.4199607,0.098003596,0.054951265,0.04113422,0.06449927,0.008313407,0.0031219623,0.01269598,0.068694994
99999E30480509,4,False,DO,DO.01,False,0.05087521,0.08211306,0.4253675,0.18788409,0.056545373,0.12848268,0.0030725393,0.04487767,0.0028695657,0.0053340574,0.0,0.0023147713,0.0017739452,0.008489532
99999E30480579,6,False,DO,DO.01,False,0.0,0.020976638,0.100046575,0.12872599,0.032432284,0.65169996,0.008061049,0.0124946255,0.0095568225,0.0028392805,0.012055748,0.021110993,0.0,0.0
99999E30480660,3,False,DO,DO.01,False,0.028530138,0.15930328,0.07523459,0.14315352,0.023838384,0.087275326,0.06669353,0.0,0.14737242,0.08517086,0.033022106,0.037151117,0.025816316,0.087438494
99999E30480664,4,False,DO,DO.01,False,0.026224889,0.003777174,0.10632609,0.0,0.043226656,0.18068527,0.015593177,0.25883958,0.16567527,0.099193424,0.0022340054,0.042194888,0.056029566,0.0
99999E30480679,3,False,DO,DO.01,False,0.0021928186,0.023245065,0.02986274,0.0060875965,0.0022914654,0.61172146,0.010770364,0.2577447,0.043587763,0.00088544696,0.0011421673,0.0038935896,0.0,0.006574889
99999E30480720,3,False,DO,DO.01,False,0.014950738,0.03087847,0.073462404,0.0005276062,0.007561406,0.15201883,0.0140704475,0.25501722,0.11807712,0.07606061,0.12528726,0.00051196275,0.0,0.13157585
99999E30480751,6,False,DO,DO.01,False,0.0,0.0,0.15389618,0.01981306,0.0033383076,0.122600935,0.017176282,0.47195002,0.1694582,0.003868641,0.009364568,0.0,0.0,0.028533787
99999E30480781,2,False,DO,DO.01,False,0.0,0.07655511,0.034547914,0.12999238,0.08385583,0.005285587,0.0,0.0,0.44688314,0.053483523,0.0,0.03847907,0.036060914,0.09485644
99999E30480789,5,False,DO,DO.01,False,0.0,0.0,0.011437222,0.032149166,0.022814374,0.21316244,0.15702152,0.015137499,0.023270901,0.026310414,0.46001178,0.03868472,0.0,0.0
99999E30480809,4,False,DO,DO.01,False,0.00332006,0.054354735,0.18060294,0.13364674,0.08271188,0.1417448,0.11919,0.110044695,0.06407029,0.012120102,0.047458537,0.0,0.009808005,0.04092723
99999E30480830,6,False,DO,DO.01,False,0.0,0.0,0.13302276,0.008997583,0.035116382,0.59514123,0.009217085,0.17868544,0.008741496,0.0,0.0076724356,0.0,0.0,0.023405503
99999E30480877,6,False,DO,DO.01,False,0.0,0.0021256895,0.08838245,0.037930373,0.06564798,0.6949683,0.01651448,0.048830196,0.002403453,0.0097677,0.014584821,0.0,0.002317889,0.016526612
99999E30480880,4,False,DO,DO.01,False,0.00917739,0.17928126,0.12861513,0.15930526,0.033251002,0.045821123,0.07314591,0.10591165,0.08507524,0.04185109,0.029662533,0.027148858,0.021650812,0.06010276
99999E30480912,2,False,DO,DO.01,False,0.0,0.01409216,0.14293668,0.00934948,0.031044513,0.11640616,0.020727275,0.54648554,0.049378905,0.0,0.0,0.0,0.027866155,0.041713063
99999E30480951,4,False,DO,DO.01,False,0.0,0.04081436,0.27099675,0.0020220703,0.0004998091,0.06061517,0.034649204,0.43227524,0.080413446,0.044201393,0.0,0.009180505,0.023508785,0.0008232896
99999E30480957,4,False,DO,DO.01,False,0.0,0.0,0.042582456,0.0,0.068002336,0.12917736,0.021375865,0.5962681,0.020807216,0.01914271,0.05643983,0.004544774,0.0032664184,0.03839298
99999E30480995,3,False,DO,DO.01,False,0.0059068194,0.012468404,0.09267329,0.11848467,0.036050793,0.46605515,0.043428123,0.13352415,0.045508515,0.022941552,0.0,0.0,0.0051065506,0.01785203
99999E30481028,2,False,DO,DO.01,False,0.0,0.0,0.0,0.040403485,0.21824928,0.0,0.10850246,0.07897895,0.16819917,0.0,0.1515048,0.23416181,0.0,0.0
99999E30481074,4,False,DO,DO.01,False,0.0006467696,0.062345885,0.0795695,0.04326282,0.004116419,0.613279,0.078211956,0.07156909,0.019958904,0.011466685,0.0013036447,0.005750186,0.0,0.008519168
99999E30481122,4,False,DO,DO.01,False,0.0,0.054343272,0.14401235,0.10141955,0.061394114,0.059900545,0.09640508,0.102136105,0.084649734,0.033317927,0.031127267,0.002905128,0.07668148,0.15170747
99999E30481141,3,False,DO,DO.01,False,0.0,0.016087435,0.18066247,0.0260365,0.0066589015,0.56721073,0.007927826,0.10560546,0.03600914,0.009579782,0.019481706,0.006692294,0.0,0.018047784
99999E30481161,4,False,DO,DO.01,False,0.0,0.025419448,0.19532025,0.037995987,0.0,0.016535852,0.043416806,0.42704692,0.13365917,0.057026938,0.016600687,0.0,0.0044925865,0.04248533
99999E30481169,4,False,DO,DO.01,False,0.0,0.0640583,0.23026688,0.057958536,0.078364216,0.1778351,0.007239653,0.23445259,0.02387006,0.03863045,0.03507801,0.0,0.016016774,0.03622942
99999E30481173,4,False,DO,DO.01,False,0.0,0.022750925,0.119606696,0.0,0.02364158,0.09977162,0.016035104,0.22023226,0.2870528,0.1507936,0.027940718,0.007162781,0.007931911,0.017079914
99999E30481222,3,False,DO,DO.01,False,0.0028178135,0.16530025,0.13398968,0.07244445,0.009997841,0.018973738,0.15669753,0.030769743,0.15656549,0.0148331355,0.0,0.0054461653,0.082350425,0.14981376
99999E30481270,6,False,DO,DO.01,False,0.0,0.0,0.16850637,0.034715924,0.0,0.22581711,0.0190199,0.4815991,0.054105,0.0,0.0,0.0,0.0,0.016236665
99999E30481286,4,False,DO,DO.01,False,0.009026105,0.06664861,0.16561663,0.17615712,0.06325964,0.108527265,0.028306538,0.15583381,0.061986987,0.024121681,0.085358165,0.011324431,0.015794009,0.028039014
99999E30481321,4,False,DO,DO.01,False,0.0070852335,0.04404822,0.039362404,0.12262884,0.0042960886,0.62904894,0.011202047,0.032105695,0.043826077,0.016052848,0.016138587,0.0044987462,0.006642244,0.023064032
99999E30481344,4,False,DO,DO.01,False,0.10790454,0.03934444,0.080126904,0.42123446,0.10541681,0.083298855,0.012439542,0.0669174,0.0028517868,0.00212888,0.011477303,0.022398278,0.0112111205,0.033249676
99999E30481356,6,False,DO,DO.01,False,0.0,0.0099621825,0.131185,0.06539689,0.002731902,0.5148326,0.07567138,0.08758304,0.08891667,0.004431533,0.004129084,0.0,0.0064369,0.0087228
99999E30481389,2,False,DO,DO.01,False,0.011311624,0.15046981,0.1597477,0.013159995,0.019961385,0.022741668,0.020383578,0.028513324,0.32940662,0.09564166,0.034599047,0.009504441,0.09518857,0.009370575
99999E30481476,3,False,DO,DO.01,False,0.0,0.0,0.10679364,0.35305983,0.0,0.16732621,0.0,0.21397023,0.13201767,0.026832445,0.0,0.0,0.0,0.0
99999E30481486,4,False,DO,DO.01,False,0.0033991341,0.028730718,0.11780247,0.041789077,0.010984864,0.52382773,0.06970903,0.042737294,0.09807165,0.029723203,0.005954891,0.0,0.006956693,0.020313263
99999E30481519,4,False,DO,DO.01,False,0.04747031,0.009004902,0.047824964,0.05117953,0.014736863,0.6733915,0.03000542,0.075758785,0.017983364,0.0078909295,0.0084490655,0.0,0.0,0.016304357
99999E30481610,2,False,DO,DO.01,False,0.007647854,0.096863076,0.048179854,0.11341718,0.046372622,0.07444398,0.085126616,0.079742275,0.018129148,0.06807077,0.12120306,0.12052271,0.06355025,0.056730513
99999E30481614,4,False,DO,DO.01,False,0.111123264,0.08382258,0.120608404,0.040474944,0.04067956,0.28277558,0.088516526,0.047664776,0.0601158,0.009007038,0.015982123,0.009013115,0.05698987,0.033226367
99999E30481649,2,False,DO,DO.01,False,0.0,0.0,0.0,0.0,0.0,0.0,0.15696949,0.0,0.32266334,0.1712551,0.3054558,0.006567386,0.0,0.03708885
99999E30481671,3,False,DO,DO.01,False,0.0,0.1270684,0.11597899,0.11971976,0.021174544,0.19833031,0.014603655,0.120943025,0.098428935,0.012889575,0.011244965,0.095946155,0.0065814606,0.05709017
99999E30481703,6,False,DO,DO.01,False,0.0,0.0,0.011174765,0.0,0.025684169,0.7993637,0.0,0.16377738,0.0,0.0,0.0,0.0,0.0,0.0
99999E30481715,3,False,DO,DO.01,False,0.0,0.01570443,0.20747086,0.055699475,0.013374541,0.4395002,0.017325947,0.18547086,0.032014847,0.0,0.010755351,0.0,0.012899514,0.009783869
99999E30481741,6,False,DO,DO.01,False,0.0,0.021167638,0.0085992245,0.119830586,0.0,0.62227654,0.035599932,0.11541128,0.046261493,0.0,0.03085327,0.0,0.0,0.0
99999E30481747,2,False,DO,DO.01,False,0.0,0.10066749,0.0,0.0,0.010284302,0.7456613,0.0,0.0,0.012904821,0.07703337,0.0,0.0,0.0,0.053448707
99999E30481762,2,False,DO,DO.01,False,0.0,0.08179021,0.2925151,0.060744945,0.0042971848,0.019998332,0.053694278,0.20438313,0.10261239,0.05589761,0.03750183,0.012715015,0.0070889858,0.066761
99999E30481783,2,False,DO,DO.01,False,0.0,0.0,0.23866536,0.13353787,0.007655901,0.12796614,0.16704252,0.045599874,0.11899714,0.041576732,0.025097027,0.03914414,0.0,0.05471727
99999E30481793,3,False,DO,DO.01,True,0.00897237,0.026453001,0.080404446,0.034593444,0.008145826,0.42666367,0.06556433,0.036973797,0.13866085,0.02235138,0.0,0.0026255636,0.013207363,0.13538398
99999E30481806,4,False,DO,DO.01,False,0.0,0.04199494,0.04497746,0.0,0.06057947,0.5969393,0.0452134,0.12231657,0.0065880916,0.062758304,0.0031410486,0.00746552,0.0,0.008025896
99999E30481842,2,False,DO,DO.01,False,0.01948591,0.057082396,0.20954913,0.1158721,0.016492182,0.042789564,0.057847127,0.15432817,0.18623953,0.04181734,0.07846532,0.005151584,0.0,0.014879719
99999E30481935,6,False,DO,DO.01,False,0.0023996676,0.01618525,0.2757159,0.099086754,0.020989818,0.16765173,0.056245215,0.14714617,0.1194599,0.0,0.0,0.0,0.0029751435,0.09214443
99999E30482019,2,False,DO,DO.01,False,0.018043568,0.05043146,0.07145474,0.09405257,0.017281959,0.022020975,0.10715492,0.20472609,0.1181962,0.14892744,0.026603973,0.038614202,0.02067738,0.06181454
99999E30482042,2,False,DO,DO.01,False,0.0,0.0,0.12740047,0.0,0.0,0.6852459,0.0,0.0,0.0,0.0,0.18735366,0.0,0.0,0.0
99999E30482049,2,False,DO,DO.01,False,0.44712374,0.09604469,0.0,0.0,0.00946973,0.14836502,0.095702775,0.014671876,0.0,0.008335085,0.0,0.063357785,0.06826361,0.04866565
99999E30482052,2,False,DO,DO.01,False,0.0021977546,0.0092851985,0.019145444,0.012059797,0.0059732916,0.13396059,0.03582358,0.07215033,0.24463183,0.09959979,0.24768497,0.09949556,0.0,0.017991757
99999E30482070,6,False,DO,DO.01,False,0.0,0.0,0.2689032,0.00555305,0.0041177482,0.27465165,0.012575174,0.3923343,0.00462915,0.024108246,0.0,0.0,0.0,0.013127584
99999E30482088,6,False,DO,DO.01,False,0.0,0.0,0.0,0.047174327,0.005606482,0.91666216,0.0,0.030557048,0.0,0.0,0.0,0.0,0.0,0.0
99999E30482192,2,False,DO,DO.01,False,0.10175334,0.0,0.0,0.18502335,0.0,0.65511346,0.05810987,0.0,0.0,0.0,0.0,0.0,0.0,0.0
99999E30482211,2,False,DO,DO.01,False,0.048486684,0.0,0.2366899,0.0008349325,0.0036965962,0.66261315,0.00072719925,0.0061138603,0.0,0.0030939635,0.03687843,0.00086523255,0.0,0.0
99999E30482228,4,False,DO,DO.01,False,0.0,0.0,0.019756136,0.011874683,0.2960746,0.021269698,0.085801974,0.04300915,0.20476654,0.09188003,0.053123143,0.07058583,0.012093107,0.0897651
99999E30482262,2,False,DO,DO.01,False,0.0018399956,0.07374732,0.1271122,0.0414399,0.14217466,0.038532406,0.006957483,0.37170908,0.099047266,0.04989988,0.02081245,0.009408727,0.0,0.017318709
99999E30482276,2,False,DO,DO.01,False,0.0,0.099752724,0.11684267,0.028635466,0.08967782,0.007649566,0.10668477,0.003599447,0.37387997,0.07976897,0.0,0.04567799,0.047830544,0.0
99999E30482315,6,False,DO,DO.01,False,0.0017858972,0.0,0.02479756,0.015091425,0.005156631,0.85098207,0.023666097,0.026875194,0.01692463,0.030927956,0.0,0.0,0.0,0.0037925679
99999E30482386,2,False,DO,DO.01,False,0.0,0.0,0.072248586,0.12335198,0.037018985,0.0,0.18084282,0.0,0.1186051,0.0,0.3956541,0.0,0.0,0.07227836
99999E30482411,2,False,DO,DO.01,False,0.0,0.016608082,0.2551879,0.10222291,0.005845771,0.0,0.11002236,0.38266376,0.028630946,0.0135347685,0.0636256,0.0124912895,0.009166625,0.0
99999E30482430,5,False,96,96.04,False,0.0023429291,0.010261314,0.0023500645,0.0020099238,0.12633976,0.010687086,0.21057339,0.0028186503,0.100748315,0.14368695,0.051848896,0.2703906,0.025270332,0.040671818
99999E30482437,2,False,DO,DO.01,False,0.0,0.16930519,0.10399614,0.030479318,0.08740407,0.0068604336,0.05474955,0.008047465,0.2329869,0.06995167,0.018055055,0.16097365,0.0233064,0.033884168
99999E30482498,4,False,DO,DO.01,False,0.0,0.0938029,0.24357831,0.05839973,0.0,0.25107908,0.017029792,0.07944969,0.10955409,0.0035561859,0.0026297336,0.0,0.06331159,0.077608876
99999E30482528,4,False,DO,DO.01,False,0.0,0.0015142191,0.026404046,0.0023077866,0.14201497,0.0047658607,0.01720571,0.41784993,0.08917527,0.018892497,0.26083943,0.009831081,0.0,0.009199144
99999E30482531,4,False,DO,DO.01,False,0.0,0.028317772,0.13927308,0.032243736,0.17659621,0.090594076,0.02056512,0.36958763,0.067964695,0.009342804,0.030400282,0.0035155155,0.010952543,0.020646585
99999E30482573,3,False,DO,DO.01,False,0.0,0.039629996,0.07129625,0.17382786,0.05400688,0.22225508,0.07872845,0.02723776,0.09278137,0.05309161,0.011989646,0.055507153,0.042655714,0.07699227
99999E30482579,3,False,DO,DO.01,False,0.0,0.0,0.39819145,0.13966385,0.04846092,0.12307313,0.01859862,0.013121607,0.07300104,0.06390978,0.006705955,0.11527371,0.0,0.0
99999E30482647,2,False,DO,DO.01,False,0.0,0.050891753,0.13176413,0.038254596,0.10788615,0.004375124,0.027039392,0.36026406,0.08341584,0.00756386,0.15580085,0.010552875,0.008929486,0.013261935
99999E30482651,2,False,DO,DO.01,False,0.0,0.06299726,0.07641565,0.28648427,0.0,0.077099435,0.10339723,0.028083695,0.2455453,0.015719146,0.104258,0.0,0.0,0.0
99999E30482655,2,False,DO,DO.01,False,0.0,0.0,0.14232183,0.22420445,0.0,0.0,0.0,0.0,0.13157049,0.24212895,0.0811044,0.0,0.0,0.17866991
99999E30482667,6,False,DO,DO.01,False,0.0,0.0,0.013007248,0.06998398,0.0,0.5203854,0.019661255,0.29616326,0.036376104,0.035345502,0.0,0.009077276,0.0,0.0
99999E30482738,3,False,DO,DO.01,False,0.0,0.14574775,0.06031204,0.041393407,0.13799089,0.23873612,0.0,0.27775767,0.008640918,0.0,0.0,0.0,0.087278895,0.002142294
99999E30482753,6,False,DO,DO.01,False,0.0,0.006613994,0.056731876,0.05755998,0.0146416295,0.5955553,0.047906265,0.057424024,0.041433636,0.014104756,0.03328472,0.0038794067,0.0,0.07086444
99999E30482831,4,False,DO,DO.01,True,0.019383065,0.011372463,0.106940955,0.059298776,0.019533388,0.006571664,0.015492896,0.06071773,0.40139896,0.2500117,0.0060320627,0.0166112,0.0210149,0.0056201937
99999E30482852,2,False,DO,DO.01,False,0.0,0.057881735,0.09194805,0.077763736,0.0,0.091567926,0.07507809,0.37541112,0.09742262,0.0,0.053836748,0.012048193,0.0,0.06704183
99999E30482888,2,False,DO,DO.01,False,0.0,0.0,0.19728577,0.13188682,0.071752556,0.17304127,0.055796538,0.23538941,0.018430855,0.0,0.05106283,0.0,0.0,0.06535395
99999E30482899,3,False,DO,DO.01,False,0.0,0.12520741,0.23672721,0.03979906,0.019198623,0.16665725,0.09339661,0.047632504,0.12701721,0.049191236,0.062941596,0.0021696787,0.018146213,0.011915447
99999E30482937,3,False,DO,DO.01,False,0.0,0.0,0.0236892,0.0032733185,0.048078246,0.21438394,0.145077,0.2549947,0.08034977,0.04194415,0.116088614,0.01611612,0.0,0.05600493
99999E30482957,3,False,74,74.90,False,0.0,0.012794807,0.042486887,0.12788619,0.014885816,0.09946816,0.09283779,0.15839018,0.2812938,0.046966903,0.049150087,0.02670709,0.011890722,0.03524159
99999E30483014,6,False,DO,DO.01,False,0.0,0.0,0.0,0.003502541,0.044713084,0.55770934,0.014689378,0.3288185,0.016898965,0.015035717,0.0,0.014652664,0.0,0.0039798263
99999E30483051,2,False,DO,DO.01,False,0.018130755,0.08938353,0.20518418,0.052417435,0.040389806,0.36460978,0.034505002,0.0,0.08108725,0.00016870436,0.010439822,0.0,0.03778977,0.06589393
99999E30483083,6,False,84,84.11,False,0.0,0.0,0.01036349,0.0214654,0.33019325,0.44822517,0.009193969,0.06115227,0.03625941,0.042017378,0.032481942,0.0,0.004362227,0.0042853965
99999E30483109,2,False,DO,DO.01,False,0.023350636,0.02188288,0.07568846,0.21874684,0.003608388,0.026392888,0.2325342,0.13375053,0.16484405,0.046501122,0.032631796,0.008499631,0.0,0.011568572
99999E30483121,3,False,DO,DO.01,False,0.012468176,0.12387824,0.07736629,0.08401358,0.026467266,0.17929384,0.1768794,0.045110505,0.14375535,0.0,0.029340584,0.0075269863,0.04611207,0.047787696
99999E30483144,2,False,DO,DO.01,False,0.044256665,0.0,0.2502066,0.10170516,0.0,0.2656458,0.0,0.08640707,0.026731368,0.0,0.0,0.11223647,0.0,0.112810895
99999E30483212,3,False,DO,DO.01,False,0.0,0.0642212,0.14958587,0.1318692,0.021726161,0.055328183,0.0490989,0.20537189,0.13746028,0.025222324,0.009739314,0.0,0.044048887,0.10632778
99999E30483220,2,False,DO,DO.01,False,0.0,0.06941275,0.074671015,0.15588105,0.09463981,0.024370227,0.119163364,0.22584397,0.08336566,0.0,0.04286887,0.050021198,0.0,0.059762068
99999E30483257,6,False,DO,DO.01,False,0.0051959334,0.0,0.012080949,0.06012208,0.026273822,0.82998896,0.0075652422,0.029153302,0.0099965995,0.0012271687,0.0,0.01839604,0.0,0.0
99999E30483308,3,False,DO,DO.01,False,0.0,0.016361304,0.287436,0.044666454,0.0025864604,0.41388547,0.044988878,0.1262235,0.048549674,0.0,0.0,0.0,0.0070556947,0.008246549
99999E30483341,4,False,DO,DO.01,False,0.02903623,0.33848047,0.06065776,0.16160746,0.0,0.1288252,0.0,0.0,0.0,0.04210341,0.0,0.18958847,0.044301797,0.0053992267
99999E30483355,3,False,DO,DO.01,False,0.0,0.087585054,0.1013274,0.14333855,0.22007248,0.056549683,0.0075758803,0.18794738,0.07253785,0.05173836,0.001318943,0.048087135,0.0060840272,0.01583737
99999E30483404,6,False,DO,DO.01,False,0.00651966,0.0,0.016030794,0.07952241,0.0,0.6458496,0.036440123,0.1624548,0.021089513,0.02229068,0.0,0.0015610385,0.004519624,0.0037217068
99999E30483419,3,False,DO,DO.01,False,0.001629213,0.046991345,0.18255599,0.05784379,0.022674335,0.46978217,0.011922876,0.084466614,0.02376833,0.024141973,0.03772099,0.02290323,0.0035378155,0.0100614
99999E30483448,4,False,DO,DO.01,False,0.0,0.010060082,0.18606602,0.023484651,0.0129812695,0.1588392,0.02490437,0.40869582,0.03904859,0.043702688,0.010153347,0.0028244683,0.01249191,0.06674749
99999E30483452,6,False,DO,DO.01,False,0.0,0.0,0.091217175,0.01118929,0.0036137693,0.7088883,0.0,0.17515539,0.009936071,0.0,0.0,0.0,0.0,0.0
99999E30483464,2,False,DO,DO.01,False,0.0,0.0,0.0,0.0,0.0,0.0,0.0,0.0,0.0,0.57691264,0.32262453,0.10046284,0.0,0.0
99999E30483472,2,False,DO,DO.01,False,0.0037418,0.017047744,0.30771396,0.037152622,0.052135747,0.1420557,0.01663376,0.11015753,0.13814937,0.019128293,0.0,0.04749167,0.10859181,0.0
99999E30483486,2,False,DO,DO.01,False,0.0032583682,0.084096655,0.13719325,0.30749422,0.010065623,0.09841183,0.045537405,0.19044363,0.022244627,0.0,0.0450589,0.033415362,0.0,0.022780096
99999E30483507,2,False,DO,DO.01,False,0.023836393,0.27017623,0.11882303,0.16564408,0.32350087,0.0062085353,0.0,0.0,0.0065096836,0.004754503,0.0,0.02848443,0.052062266,0.0
99999E30483610,3,False,DO,DO.01,False,0.0,0.037186407,0.10078345,0.16629827,0.009103589,0.15587269,0.035141714,0.13266893,0.24125512,0.04160365,0.008803936,0.01740928,0.0018284738,0.05204452
99999E30483663,3,False,DO,DO.01,False,0.008005306,0.075516015,0.10890173,0.15817977,0.0051876074,0.16745241,0.11469766,0.040698215,0.0030500428,0.16804805,0.07933068,0.039025337,0.017679265,0.0142279
99999E30483701,2,False,DO,DO.01,False,0.014734412,0.43389466,0.07828638,0.17695302,0.00954277,0.0,0.036184423,0.08168662,0.0,0.009631917,0.0,0.085150555,0.040879395,0.033055853
99999E30483762,2,False,DO,DO.01,False,0.0,0.04724729,0.0,0.14193776,0.08721932,0.14207764,0.047163345,0.0,0.11667016,0.08086744,0.0,0.0,0.17166844,0.16514866
99999E30483797,2,False,DO,DO.01,False,0.0,0.080200985,0.18773256,0.0,0.0019052832,0.011511292,0.17441052,0.0,0.14178193,0.17800717,0.060576066,0.0,0.14220974,0.021664511
99999E30483807,3,False,DO,DO.01,False,0.0,0.037486505,0.044914614,0.06893472,0.0,0.34586823,0.07748355,0.15148665,0.0036815256,0.1542367,0.039444074,0.015015893,0.0031226433,0.058324825
99999E30483867,4,False,DO,DO.01,False,0.00751605,0.035985917,0.066179484,0.024706865,0.20237964,0.12854479,0.084191985,0.19811694,0.117987916,0.009963351,0.047400728,0.0029597909,0.024292465,0.049774107
99999E30483912,2,False,DO,DO.01,False,0.0,0.023119967,0.1215521,0.02238534,0.011433256,0.24767631,0.017896391,0.3888119,0.05205359,0.023898158,0.018345881,0.0065938244,0.0,0.06623328
99999E30483924,2,False,DO,DO.01,False,0.0,0.08781293,0.24111292,0.075962216,0.0044091833,0.060779996,0.00610817,0.18886365,0.26669997,0.006229617,0.0050752265,0.018353911,0.0,0.03859218
99999E30483941,2,False,DO,DO.01,False,0.0,0.0,0.0,0.0,0.0,0.0,0.0,0.0,0.0,0.0,0.0,1.0,0.0,0.0
99999E30484052,2,False,DO,DO.01,False,0.019404951,0.14235374,0.115058996,0.14446206,0.014576111,0.12423888,0.18020207,0.087250605,0.045842633,0.008555737,0.0,0.005769524,0.061532624,0.0507521
99999E30484119,3,False,DO,DO.01,False,0.0,0.07735333,0.108423024,0.090980716,0.041921943,0.2507124,0.095973454,0.08488456,0.032719895,0.036402147,0.010284855,0.00752675,0.07272452,0.09009243
99999E30484129,2,False,DO,DO.01,False,0.0,0.016071906,0.055356666,0.0049129752,0.0,0.0,0.043426514,0.2647294,0.1806185,0.10629546,0.122643486,0.07669383,0.0,0.12925126
99999E30484132,2,False,DO,DO.01,False,0.0,0.02610361,0.45079398,0.05519721,0.028466482,0.07463773,0.0,0.27229053,0.077571735,0.0032475535,0.0,0.011691192,0.0,0.0
99999E30484155,4,False,DO,DO.01,False,0.0026040676,0.0,0.0075523257,0.0,0.27671796,0.09743861,0.018896725,0.22242677,0.13016625,0.06480733,0.09668461,0.06629146,0.005340725,0.011073032
99999E30484207,2,False,DO,DO.01,False,0.0,0.0,0.021385154,0.0,0.47453803,0.1444815,0.00013950666,0.1726483,0.15463163,0.019641995,0.0,0.0,0.0,0.012533928
99999E30484224,4,False,DO,DO.01,False,0.0,0.016012423,0.15958768,0.07454953,0.083682075,0.019400952,0.03067362,0.39153206,0.08804869,0.018116279,0.07518065,0.005211599,0.011613277,0.026391126
99999E30484264,2,False,DO,DO.01,False,0.0,0.0,0.027410809,0.008961033,0.1304627,0.044915527,0.05405313,0.1612063,0.017091377,0.11792407,0.13120309,0.26275733,0.009103494,0.03491111
99999E30484284,2,False,DO,DO.01,False,0.048883256,0.20439874,0.1780751,0.09012478,0.0037883709,0.031931713,0.07620339,0.0020228112,0.0771972,0.06777366,0.032844283,0.02646444,0.041623335,0.11866891
99999E30484334,4,False,DO,DO.01,False,0.0,0.06281474,0.050766043,0.014115442,0.1273124,0.046524093,0.009659116,0.35184756,0.036983073,0.060129907,0.13057362,0.0846612,0.0,0.024612807
99999E30484337,4,False,DO,DO.01,False,0.0,0.05346059,0.1432889,0.0,0.002586997,0.0066172457,0.024020681,0.22229281,0.09729381,0.16229238,0.004927757,0.031258043,0.22758539,0.024375463
99999E30484352,2,False,DO,DO.01,False,0.0,0.056126494,0.056851074,0.027909594,0.057333056,0.01815029,0.2105091,0.20057513,0.036277942,0.092860535,0.08658184,0.12926787,0.0,0.027557004
99999E30484395,6,False,DO,DO.01,False,0.0055413083,0.0042758,0.18741152,0.08629418,0.0020034465,0.15517052,0.08524965,0.32211477,0.05330097,0.006713887,0.047956496,0.0,0.0,0.04396753
99999E30484440,4,False,DO,DO.01,False,0.0041185375,0.0025888917,0.1266975,0.0,0.02738726,0.119728625,0.035173394,0.36842638,0.02376958,0.03593314,0.06019512,0.14320548,0.011340361,0.041435804
99999E30484526,2,False,DO,DO.01,False,0.03153621,0.05873633,0.11702833,0.060613256,0.011981691,0.03263555,0.07768947,0.061996058,0.27485874,0.05092985,0.0,0.13711146,0.024480492,0.060402583
99999E30484628,2,False,DO,DO.01,False,0.008517308,0.0,0.0,0.0,0.0,0.19410942,0.0,0.4097336,0.09742096,0.068700604,0.0,0.0,0.0,0.22151811
99999E30484688,2,False,DO,DO.01,False,0.0,0.0,0.013752134,0.53419983,0.0,0.0,0.052144878,0.0,0.19660793,0.11317612,0.0,0.0,0.024566764,0.06555239
99999E30484719,2,False,DO,DO.01,False,0.004192556,0.033473365,0.068749525,0.02988454,0.016778609,0.0045447308,0.034060325,0.0,0.3615744,0.124787234,0.0,0.023042286,0.22207968,0.07683278
99999E30484811,4,False,DO,DO.01,False,0.0,0.0063610775,0.031638324,0.0,0.24739772,0.45690602,0.07864016,0.010386596,0.07118092,0.0021448992,0.004733408,0.0,0.07293648,0.017674536
99999E30484814,4,False,DO,DO.01,True,0.45359445,0.01822032,0.015606078,0.022664165,0.055942237,0.34563965,0.0069371625,0.023061104,0.014277725,0.020248393,0.008209206,0.0140598705,0.000372936,0.0011668095
99999E30485068,2,False,DO,DO.01,False,0.0,0.1720579,0.3194949,0.00374791,0.0,0.055007786,0.0,0.0,0.23271638,0.10113591,0.0,0.0010955429,0.11474371,0.0
99999E30485123,2,False,DO,DO.01,False,0.0,0.11161339,0.3315926,0.018993855,0.066062234,0.06477515,0.020789532,0.09756618,0.054646038,0.007313414,0.049974997,0.039215125,0.06971611,0.06774143
99999E30485132,3,False,DO,DO.01,False,0.0,0.0073569193,0.12175776,0.08870956,0.0035736437,0.28264105,0.1046835,0.29541373,0.056007665,0.0028873063,0.0152605325,0.002873441,0.0018721602,0.016962677
99999E30485154,4,False,DO,DO.01,False,0.03226921,0.0037603527,0.040745627,0.014608966,0.027437743,0.6666273,0.017971037,0.15389325,0.013685334,0.002963371,0.00532057,0.0,0.007818168,0.012899185
99999E30485163,6,False,DO,DO.01,False,0.0,0.0,0.11403297,0.0,0.011291818,0.3694766,0.0072542,0.4740669,0.0,0.008222113,0.0,0.011676633,0.003978868,0.0
99999E30485202,2,False,DO,DO.01,False,0.11941007,0.0,0.22974448,0.14678468,0.10829666,0.07868893,0.12580277,0.0,0.101504125,0.032981288,0.0,0.028551372,0.0,0.0282356
99999E30485301,2,False,DO,DO.01,False,0.0,0.0075095566,0.16864827,0.14896208,0.056503046,0.014439787,0.04137565,0.17776045,0.137982,0.056335203,0.09502539,0.024234157,0.016670456,0.05455392
99999E30485366,2,False,DO,DO.01,False,0.0,0.07409843,0.06299293,0.12448525,0.015039565,0.029296951,0.24412678,0.090286635,0.22578177,0.017727943,0.07908844,0.028829094,0.008246195,0.0
99999E30485369,4,False,DO,DO.01,False,0.0,0.0,0.075999774,0.0,0.0,0.6814536,0.030864537,0.07185133,0.0074672266,0.01067537,0.09690801,0.0052547157,0.005310029,0.014215388
99999E30485390,3,False,DO,DO.01,False,0.014810809,0.020057084,0.0987915,0.04339407,0.016269693,0.53918815,0.052168153,0.15793219,0.03146729,0.0,0.014874407,0.0030631411,0.007983637,0.0
99999E30485478,2,False,DO,DO.01,False,0.026633056,0.18588339,0.44108942,0.0,0.06276487,0.113875486,0.016933363,0.029190414,0.09604705,0.0,0.0,0.0,0.02758293,0.0
99999E30485510,2,False,DO,DO.01,False,0.0,0.0,0.0,0.0,0.0,0.0,0.0,0.0,1.0,0.0,0.0,0.0,0.0,0.0
99999E30485550,2,False,DO,DO.01,False,0.0,0.5049,0.090729356,0.10633277,0.109769486,0.01213126,0.0,0.0,0.041672867,0.0,0.0012046229,0.08425982,0.0,0.04899981
99999E30485559,4,False,DO,DO.01,False,0.077306114,0.02210476,0.117700905,0.12674263,0.01999437,0.2283369,0.13356355,0.06645498,0.052196942,0.023059333,0.03900568,0.019005962,0.010738938,0.06378894
99999E30485570,3,False,DO,DO.01,False,0.0,0.019102585,0.21253139,0.12446329,0.090169914,0.35680825,0.047739387,0.03830452,0.036156137,0.009534217,0.0,0.040809926,0.011617403,0.012762998
99999E30594379,4,False,DO,DO.01,False,0.012562057,0.11674884,0.12710822,0.07801894,0.011030346,0.2716244,0.014330977,0.18989816,0.09360036,0.053521745,0.008105864,0.0,0.0077432683,0.015706806
99999E30594386,4,False,DO,DO.01,False,0.0,0.042726383,0.12576756,0.067868195,0.045061443,0.21940288,0.019074043,0.21798009,0.12590422,0.04320028,0.057881877,0.015229281,0.008748282,0.011155495
99999E30594394,3,False,82,82.11,False,0.0057803183,0.014446657,0.13589792,0.03737586,0.0,0.6626917,0.026715968,0.010600286,0.08783898,0.0,0.0051892055,0.009590262,0.0,0.0038728626
99999E30594424,2,False,DO,DO.01,False,0.0,0.08891218,0.10544369,0.16031745,0.025194345,0.0,0.068995275,0.06873115,0.22702877,0.037114788,0.11045011,0.029149411,0.038980972,0.03968187
99999E30594427,4,False,DO,DO.01,False,0.0,0.0052501806,0.079376265,0.047440037,0.022072887,0.7557418,0.011364673,0.03851727,0.004812042,0.0077862963,0.0,0.013150123,0.006377675,0.008110788
99999E30594434,6,False,DO,DO.01,False,0.0,0.0,0.15564577,0.028917573,0.060204912,0.37296614,0.06096322,0.2887688,0.0030281197,0.0066156616,0.0,0.0,0.0,0.022889892
99999E30594435,3,False,DO,DO.01,False,0.015837047,0.03547112,0.16978769,0.040391,0.027208807,0.20842281,0.022530997,0.23301426,0.18801023,0.0,0.010738733,0.0025775686,0.0,0.04600983
99999E30594445,3,False,DO,DO.01,False,0.0,0.0,0.08307998,0.03992515,0.0012659982,0.59367,0.052719124,0.15721019,0.052705266,0.0011227649,0.0,0.0,0.0,0.01830153
99999E30594468,3,False,DO,DO.01,False,0.0,0.11257166,0.18772589,0.1631069,0.0356533,0.10797218,0.011434806,0.1478048,0.12348803,0.049542632,0.030680362,0.0,0.0,0.030019432
99999E30594476,6,False,DO,DO.01,False,0.0,0.0076063094,0.18866086,0.2982988,0.016939271,0.2105974,0.01467254,0.17933545,0.053436276,0.0032885023,0.0067681745,0.0,0.0024258825,0.01797046
99999E30594485,2,False,DO,DO.01,False,0.017201979,0.0,0.026591424,0.0,0.0,0.94172615,0.0,0.014480398,0.0,0.0,0.0,0.0,0.0,0.0
99999E30594488,2,False,DO,DO.01,False,0.00026591914,0.15676211,0.1649696,0.04232823,0.021838611,0.02471663,0.0645768,0.04904269,0.10991325,0.057809714,0.0,0.050632667,0.10943958,0.14770424
99999E30594497,3,False,DO,DO.01,False,0.0,0.0577486,0.10412232,0.05593882,0.008970553,0.24333256,0.08211151,0.26252192,0.06516133,0.025532814,0.06404673,0.0030972143,0.0,0.02741557
99999E30594502,3,False,DO,DO.01,False,0.0,0.009863404,0.2764303,0.019641927,0.02120965,0.13017395,0.03215303,0.3093809,0.06552315,0.0047704247,0.03054025,0.0027665326,0.010145803,0.08740076
99999E30594504,2,False,DO,DO.01,True,0.27221608,0.069430366,0.2587709,0.023448002,0.081478566,0.26778346,0.012991301,0.0,0.0,0.0,0.0,0.0,0.013881358,0.0
99999E30594517,3,False,DO,DO.01,False,0.0011708512,0.022538014,0.09532263,0.055884596,0.18160285,0.18018086,0.10126874,0.103032574,0.046168976,0.035381332,0.0032253636,0.030414226,0.055042792,0.0887661
99999E30594519,4,False,DO,DO.01,False,0.008344908,0.090133846,0.28807095,0.08515601,0.018148167,0.061041493,0.095474824,0.11450431,0.1338491,0.010000332,0.0376974,0.0016207381,0.009638767,0.04631926
99999E30594523,6,False,DO,DO.01,False,0.0,0.0,0.12840468,7.449432e-05,0.0,0.34840012,0.011915171,0.2388229,0.21040331,0.009507827,0.0077650524,0.00010586035,0.014391127,0.030209405
99999E30594532,4,False,DO,DO.01,False,0.027410032,0.009231908,0.10455521,0.026754204,0.025365284,0.486975,0.041872397,0.07450031,0.071172655,0.07910548,0.01954728,0.010257875,0.0023843404,0.02086792
99999E30601128,3,False,01,01.1,False,0.0,0.07141402,0.16442585,0.24583735,0.04666484,0.12037176,0.03551005,0.08359029,0.10766573,0.04396987,0.0074845217,0.012725046,0.010467464,0.04987327
99999E30601131,4,False,01,01.1,False,0.0030725114,0.14780952,0.0,0.023363499,0.05758941,0.0,0.062133007,0.20602584,0.16783983,0.10492471,0.11732648,0.03679565,0.028025026,0.04509454
99999E30601137,2,False,01,01.4,False,0.0,0.0,0.0,0.0,0.0,0.0,1.0,0.0,0.0,0.0,0.0,0.0,0.0,0.0
99999E30601138,6,False,49,49.41,False,0.0,0.0,0.11621633,0.0065833703,0.0033923283,0.034745052,0.05855783,0.56510985,0.054022413,0.07469217,0.06986868,0.0,0.003661942,0.01315012
99999E30601142,3,False,29,29.10,False,0.0,0.0073197107,0.0,0.0062387404,0.0,0.92340565,0.028918518,0.0,0.0015236528,0.0,0.0,0.0,0.013527565,0.01906625
99999E30601147,5,False,70,70.22,False,0.0,0.0,0.0,0.0,0.07471199,0.26742387,0.21995264,0.0033989712,0.025802763,0.048173875,0.106822446,0.09134734,0.0023367926,0.16002944
99999E30601154,2,False,01,01.4,False,0.006215684,0.0,0.0,0.0,0.0,0.984668,0.0,0.009116336,0.0,0.0,0.0,0.0,0.0,0.0
99999E30601155,6,False,49,49.4,False,0.0,0.0,0.012876395,0.008431019,0.004364089,0.91969144,0.0062083327,0.042558864,0.0,0.0,0.005869866,0.0,0.0,0.0
99999E30601156,2,False,55,55.20,False,0.0,0.061009005,0.12621163,0.26980963,0.0074843485,0.21443442,0.0,0.041883994,0.23960361,0.0011192943,0.0,0.0,0.03844403,0.0
99999E30601158,2,False,01,01.4,False,0.0,0.0,0.0,0.0,0.0,0.0,1.0,0.0,0.0,0.0,0.0,0.0,0.0,0.0
99999E30601161,4,False,84,84.11,True,0.40824583,0.0,0.020978149,0.0,0.16286007,0.30902582,0.06724264,0.0047353804,0.0,0.0060033863,0.013518888,0.0073898574,0.0,0.0
99999E30601165,6,False,56,56.10,False,0.0,0.025057396,0.19064082,0.0,0.0,0.164121,0.046680436,0.07374069,0.47464046,0.010443333,0.008875698,0.0,0.0,0.005800247
99999E30601166,4,False,84,84.11,False,0.009762692,0.01957133,0.14305358,0.120866,0.0,0.66418344,0.015916064,0.004727102,0.0,0.01184926,0.0,0.0,0.008232718,0.001837807
99999E30601167,4,False,94,94.91,False,0.08996024,0.10142882,0.10943975,0.06771912,0.002777724,0.4105425,0.036471326,0.0014984242,0.0,0.101641506,0.0,0.05135889,0.003254642,0.02390712
99999E30601174,6,False,55,55.10,False,0.0,0.0,0.067364365,0.0,0.0,0.16486555,0.0034401156,0.68736166,0.07696839,0.0,0.0,0.0,0.0,0.0
99999E30601175,4,False,41,41.20,False,0.00016386945,0.0,0.0074426825,0.0015183005,0.19514677,0.37866384,0.05743791,0.1840906,0.014749924,0.027239114,0.06311816,0.02474763,0.0070547466,0.038626373
99999E30601176,2,False,DO,DO.01,False,0.016369466,0.13517776,0.25237814,0.12151579,0.014408864,0.25939065,0.0,0.035155967,0.09870434,0.06689903,0.0,0.0,0.0,0.0
99999E30601179,4,False,01,01.1,False,0.34318554,0.011539796,0.021989513,0.0065661226,0.09714533,0.42717803,0.011283777,0.04070542,0.0059132525,0.01525397,0.0,0.0,0.0061091552,0.013130144
99999E30601183,1,False,49,49.3,False,0.0,0.0,0.0,0.0,0.0,1.0,0.0,0.0,0.0,0.0,0.0,0.0,0.0,0.0
99999E30601187,6,False,56,56.10,False,0.0031259228,0.0,0.0024676,0.0034685056,0.0,0.34182537,0.0,0.6491126,0.0,0.0,0.0,0.0,0.0,0.0
99999E30601188,2,False,16,16.23,False,0.00018563989,0.0,0.0,0.0,0.01898134,0.0017005698,0.2834653,0.0,0.04917153,0.2230077,0.0862846,0.1768606,0.023938058,0.13640465
99999E30601190,2,False,DO,DO.02,False,0.0,1.0,0.0,0.0,0.0,0.0,0.0,0.0,0.0,0.0,0.0,0.0,0.0,0.0
99999E30601191,4,False,96,96.21,False,0.0,0.0,0.0028198792,0.0,0.0037421274,0.029735873,0.105293825,0.0012695149,0.004888296,0.06825397,0.327068,0.05276361,0.025217611,0.37894732
99999E30601192,6,False,84,84.11,False,0.0,0.0,0.0,0.0,0.0,0.4257031,0.0,0.04748811,0.05079285,0.0,0.4760159,0.0,0.0,0.0
99999E30601194,3,False,94,94.91,False,0.0048455484,0.0,0.008701146,0.0034583148,0.028656468,0.20097302,0.06999993,0.025308872,0.003666725,0.12480543,0.0,0.17090327,0.3394489,0.019232398
99999E30601195,4,False,84,84.11,False,0.19719201,0.2567436,0.0023595998,0.29209843,0.0,0.0,0.0020200263,0.0,0.007514149,0.0,0.10491512,0.0,0.11254681,0.024610365
99999E30601202,1,False,36,36.00,False,0.0,0.0,0.0,0.0,0.0,1.0,0.0,0.0,0.0,0.0,0.0,0.0,0.0,0.0
99999E30601204,2,False,49,49.4,False,0.0073795,0.0,0.18227191,0.11065788,0.012479953,0.3331218,0.02258854,0.26604855,0.024625259,0.013506966,0.0,0.0,0.012739589,0.014580137
99999E30601206,4,False,84,84.11,False,0.0,0.0,0.0,0.0,0.063544005,0.85515654,0.002240797,0.038277544,0.0,0.027986964,0.0,0.012794228,0.0,0.0
99999E30601208,1,False,IL,IL.01,False,1.0,0.0,0.0,0.0,0.0,0.0,0.0,0.0,0.0,0.0,0.0,0.0,0.0,0.0
99999E30601209,5,False,43,43.99,False,0.0,0.0,0.00675736,0.009245869,0.0,0.21498089,0.13007782,0.11066708,0.028359737,0.061808214,0.2714206,0.02601133,0.012524091,0.12814702
99999E30601210,6,False,56,56.30,False,0.0,0.0,0.0048091738,0.0,0.0,0.086456425,0.0,0.9004028,0.006335817,0.0,0.001995802,0.0,0.0,0.0
99999E30601211,6,False,47,47.11,False,0.0,0.0,0.0,0.0,0.0,0.16570465,0.0,0.83429533,0.0,0.0,0.0,0.0,0.0,0.0
99999E30601212,1,False,74,74.90,False,0.86657053,0.0,0.0032946377,0.0,0.0,0.11348646,0.0054236883,0.0,0.009931076,0.0,0.0,0.0012936002,0.0,0.0
99999E30601214,6,False,94,94.91,False,0.0,0.0,0.0,0.0,0.0,0.9130213,0.023595303,0.0044926032,0.0,0.0067449934,0.0,0.048675966,0.0,0.0034698974
99999E30601215,1,False,IL,IL.01,False,1.0,0.0,0.0,0.0,0.0,0.0,0.0,0.0,0.0,0.0,0.0,0.0,0.0,0.0
99999E30601217,1,False,IL,IL.01,False,0.99725413,0.0,0.0027458747,0.0,0.0,0.0,0.0,0.0,0.0,0.0,0.0,0.0,0.0,0.0
99999E30601219,4,False,01,01.41,False,0.0,0.0,0.00038321226,0.0,0.21013771,0.017503561,0.07878099,0.01754757,0.016249381,0.1384838,0.061177924,0.0031876368,0.03880219,0.417746
99999E30601220,2,False,01,01.1,False,0.0,0.05729798,0.0,0.0,0.0,0.1832159,0.24117199,0.0,0.08200595,0.08809321,0.14506215,0.0,0.035102677,0.16805014
99999E30601221,4,False,16,16.23,False,0.0,0.0,0.0137228165,0.0,0.0071503753,0.29051197,0.08588888,0.12940282,0.026517559,0.08987537,0.21459143,0.047154516,0.010698143,0.084486224
99999E30601223,5,False,81,81.30,False,0.0,0.025233988,0.037124224,0.0,0.13926086,0.023383906,0.021815397,0.042926442,0.029869337,0.09506947,0.29510736,0.04109581,0.11405901,0.13505422
99999E30601224,5,False,27,27.52,False,0.0,0.0,0.027104255,0.0,0.0,0.12119582,0.024329579,0.042082757,0.0,0.006944728,0.73583746,0.0,0.0,0.04250538
99999E30601225,5,False,81,81.30,True,0.030608673,0.05096666,0.05683242,0.0048973407,0.12261216,0.034743268,0.07517718,0.0008767498,0.02814296,0.12522714,0.1708475,0.08434309,0.11570981,0.09901513
99999E30601226,5,False,81,81.30,False,0.0052621686,0.0053948285,0.008423893,0.0012049925,0.07350453,0.20019458,0.0688725,0.004985795,0.013487072,0.087256916,0.39685157,0.065600224,0.020838631,0.048122313
99999E30601227,6,False,01,01.1,False,0.037950873,0.010411804,0.050856736,0.0075418446,0.0040886467,0.70733285,0.041656163,0.06800936,0.052724298,0.0056892,0.011535024,0.0022031853,0.0,0.0
99999E30601229,3,False,49,49.4,False,0.0,0.02795495,0.052491385,0.013526112,0.0012431002,0.6526867,0.01940124,0.09755376,0.019593626,0.018424518,0.02662306,0.0,0.011868645,0.058632888
99999E30601230,6,False,94,94.91,False,0.0,0.0,0.30911714,0.0033172737,0.0040969257,0.21910435,0.004609303,0.41893318,0.01182379,0.0,0.026763394,0.0,0.0,0.0022347344
99999E30601231,6,False,56,56.10,False,0.0,0.0,0.60246974,0.13497056,0.0,0.10612722,0.0011779657,0.06019363,0.09009602,0.0049648844,0.0,0.0,0.0,0.0
99999E30601235,3,False,01,01.1,False,0.0,0.082341425,0.14018245,0.10845832,0.032054055,0.2834397,0.03171057,0.06542782,0.15727383,0.037622124,0.01944907,0.025330491,0.010703767,0.006006463
99999E30601236,2,False,01,01.4,False,0.0,0.017946662,0.111934155,0.20939551,0.0,0.09545188,0.23015338,0.0,0.1922933,0.01902624,0.0,0.0,0.0,0.12379884
99999E30601237,4,False,01,01.4,False,0.051329795,0.00626309,0.12983899,0.16692418,0.08656715,0.14807664,0.08713845,0.04248792,0.004547683,0.009417714,0.06681613,0.0061132656,0.028008731,0.16647017
99999E30601239,1,False,61,61.10,False,0.0,0.0,0.0,0.0,0.0,1.0,0.0,0.0,0.0,0.0,0.0,0.0,0.0,0.0
99999E30601240,1,False,43,43.21,False,0.0,0.0,0.0,0.0,0.0,1.0,0.0,0.0,0.0,0.0,0.0,0.0,0.0,0.0
99999E30601243,1,False,60,60.10,False,0.0,0.0,0.0,0.0,0.0,1.0,0.0,0.0,0.0,0.0,0.0,0.0,0.0,0.0
99999E30601244,1,False,60,60.10,False,0.0,0.0,0.0020925873,0.0,0.0,0.99790746,0.0,0.0,0.0,0.0,0.0,0.0,0.0,0.0
99999E30601245,1,False,60,60.10,False,0.0,0.0,0.0,0.0,0.0,1.0,0.0,0.0,0.0,0.0,0.0,0.0,0.0,0.0
99999E30601246,1,False,60,60.10,False,0.0,0.0,0.0019175003,0.0,0.0,0.9980825,0.0,0.0,0.0,0.0,0.0,0.0,0.0,0.0
99999E30601247,1,False,61,61.10,False,0.0,0.0,0.019025952,0.0040633692,0.0,0.9629933,0.0,0.013917412,0.0,0.0,0.0,0.0,0.0,0.0
99999E30601248,1,False,61,61.10,False,0.0,0.0,0.0,0.0,0.0,1.0,0.0,0.0,0.0,0.0,0.0,0.0,0.0,0.0
99999E30601249,1,False,61,61.10,False,0.0,0.0,0.0,0.0,0.0,1.0,0.0,0.0,0.0,0.0,0.0,0.0,0.0,0.0
99999E30601252,4,False,96,96.0,False,0.003978972,0.03264323,0.09546359,0.15553221,0.04597453,0.10172669,0.077934325,0.07127766,0.06612965,0.05077236,0.12819251,0.04614063,0.061654493,0.06257915
99999E30601254,3,False,94,94.91,False,0.0064030704,0.0159061,0.28136265,0.0,0.0,0.49812275,0.016741283,0.0,0.013641325,0.02783944,0.0,0.0,0.13702269,0.0029607618
99999E30601256,5,False,43,43.91,False,0.056269653,0.0,0.0,0.0,0.06198329,0.30079523,0.19169007,0.0060736835,0.021282325,0.0993058,0.13385163,0.03208208,0.013512981,0.083153315
99999E30601262,4,False,96,96.02,False,0.0,0.0043677,0.007817868,0.0,0.0010746426,0.18377855,0.11587287,0.005568032,0.011714233,0.0146092735,0.0,0.018268924,0.117965594,0.5189623
99999E30601267,6,False,55,55.10,False,0.0,0.0,0.0,0.0,0.0,0.11206672,0.0,0.88793325,0.0,0.0,0.0,0.0,0.0,0.0
99999E30601269,6,False,47,47.30,False,0.0,0.0,0.0023241453,0.0,0.0,0.23499113,0.0,0.7626847,0.0,0.0,0.0,0.0,0.0,0.0
99999E30601270,5,False,28,28.29,False,0.014974637,0.0044770297,0.14673674,0.093684874,0.0,0.18237504,0.040577464,0.21172158,0.023967424,0.003438309,0.26637402,0.0,0.0,0.011672864
99999E30601271,5,False,47,47.79,False,0.0022786225,0.00048806224,0.0019151204,0.00038865322,0.0021175311,0.03413501,0.04860142,0.04499754,0.004145834,0.13226606,0.6652851,0.031865973,0.0055848695,0.025930177
99999E30601272,4,False,DO,DO.02,False,0.0,0.009458026,0.051185388,0.0,0.007823468,0.21429844,0.08714566,0.18551572,0.18657027,0.019103894,0.08980181,0.0,0.004887196,0.14421017
99999E30601273,1,False,IL,IL.01,False,1.0,0.0,0.0,0.0,0.0,0.0,0.0,0.0,0.0,0.0,0.0,0.0,0.0,0.0
99999E30601275,4,False,49,49.41,False,0.3629672,0.010859865,0.004061402,0.0,0.03654793,0.06849682,0.028385624,0.03744042,0.1634289,0.17834884,0.053940453,0.024926802,0.012393771,0.018201988
99999E30601278,4,False,84,84.11,True,0.16918391,0.15378675,0.080924354,0.13515586,0.034919944,0.04241401,0.051744666,0.010063688,0.011368192,0.024652636,0.009416137,0.10182503,0.11836514,0.056179527
99999E30601281,6,False,47,47.11,True,0.0,0.0,0.0,0.0,0.0,0.25652486,0.0,0.74347514,0.0,0.0,0.0,0.0,0.0,0.0
99999E30601284,1,False,DO,DO.02,False,0.008222346,0.0,0.0,0.004924535,0.0,0.98439085,0.0,0.0024622674,0.0,0.0,0.0,0.0,0.0,0.0
99999E30601287,5,False,16,16.23,False,0.0,0.0,0.0012268731,0.0022230705,0.04418595,0.03509729,0.06974489,0.023831615,0.0073961243,0.021271745,0.7758442,0.015316608,0.0,0.0038615144
99999E30601288,4,False,86,86.90,False,0.0034400974,0.011009287,0.04040124,0.009489112,0.00691757,0.8603998,0.01900016,0.019819967,0.009958733,0.0058255787,0.0,0.0,0.0,0.013738452
99999E30601289,6,False,56,56.10,False,0.0,0.0,0.4937123,0.0,0.0,0.076243415,0.0,0.37982708,0.0410522,0.0,0.009164962,0.0,0.0,0.0
99999E30601291,4,False,94,94.91,False,0.286126,0.0,0.023688648,0.0100601325,0.0,0.6801253,0.0,0.0,0.0,0.0,0.0,0.0,0.0,0.0
99999E30601292,3,False,52,52.10,False,0.0,0.02260727,0.47865367,0.07319247,0.041715916,0.06541362,0.040220097,0.06338063,0.053090975,0.048913345,0.0,0.06514604,0.018230468,0.029435523
99999E30601293,2,False,01,01.1,False,0.0,0.0075994073,0.11660833,0.0,0.090909086,0.3761864,0.10125185,0.07302999,0.08863872,0.036672655,0.0,0.01750071,0.03906915,0.052533656
99999E30601295,2,False,01,01.4,False,0.009073962,0.0,0.0,0.0,0.07139591,0.47566208,0.05433827,0.13122076,0.11080435,0.004730419,0.020996729,0.019730594,0.029156262,0.07289065
99999E30601298,1,False,IL,IL.01,False,0.97056973,0.0,0.01070285,0.0,0.0,0.018727364,0.0,0.0,0.0,0.0,0.0,0.0,0.0,0.0
99999E30601299,4,False,84,84.11,False,0.0,0.06362689,0.35645708,0.08245121,0.0,0.14631508,0.05808562,0.003960908,0.0,0.10063999,0.015466623,0.0,0.035718955,0.13727762
99999E30601300,6,False,47,47.11,False,0.0,0.0,0.0,0.0,0.0,0.4190994,0.0,0.58090067,0.0,0.0,0.0,0.0,0.0,0.0
99999E30601302,3,False,55,55.10,False,0.011308641,0.03363841,0.06967272,0.39307106,0.08821697,0.35622218,0.0139441285,0.0,0.0,0.0,0.0,0.023383968,0.0,0.010541953
99999E30601303,6,False,56,56.10,False,0.0,0.0,0.3300774,0.0,0.0,0.6202167,0.0,0.044979267,0.0,0.0,0.0,0.0,0.0047266143,0.0
99999E30601305,1,False,IL,IL.01,False,0.7089005,0.0,0.0,0.0,0.0,0.2910995,0.0,0.0,0.0,0.0,0.0,0.0,0.0,0.0
99999E30601306,1,False,IL,IL.01,False,1.0,0.0,0.0,0.0,0.0,0.0,0.0,0.0,0.0,0.0,0.0,0.0,0.0,0.0
99999E30601308,4,False,74,74.90,False,0.0,0.02213259,0.022896454,0.0014255549,0.0,0.08493972,0.0012504015,0.017359657,0.5455253,0.23391749,0.033264566,0.0,0.023183513,0.014104723
99999E30601310,4,False,01,01.4,False,0.0016198809,0.015619233,0.47093007,0.0021929443,0.3378567,0.0056796228,0.0074346294,0.053524993,0.012663291,0.010053572,0.00039343841,0.0072962474,0.058645662,0.016089732
99999E30601311,3,False,52,52.10,False,0.016774418,0.0012643484,0.07909029,0.022010874,0.045947857,0.29793155,0.065247856,0.12124977,0.0632688,0.069168575,0.020642202,0.03658825,0.05089781,0.10991735
99999E30601313,2,False,01,01.4,False,0.0,0.0,0.0028057336,0.0,0.0,0.983312,0.0,0.0,0.007075328,0.0,0.0,0.0,0.0,0.006806953
99999E30601314,6,False,55,55.10,False,0.0,0.0,0.3602381,0.0,0.007593423,0.19067295,0.005941489,0.2856706,0.00017797087,0.0,0.03194577,0.0,0.00034225165,0.11741741
99999E30601317,6,False,64,64.19,False,0.00871183,0.0,0.0,0.0,0.005920981,0.97366744,0.0,0.0,0.0,0.0,0.0,0.011699683,0.0,0.0
99999E30601319,4,False,DO,DO.01,False,0.0,0.020655705,0.0,0.09475719,0.39004803,0.009284576,0.08973659,0.016124105,0.016623026,0.105175085,0.018582368,0.20233437,0.008655141,0.02802389
99999E30601320,6,False,84,84.11,False,0.0,0.0,0.04667648,0.025946617,0.0,0.8099471,0.028316252,0.040498413,0.014440468,0.002026762,0.006118806,0.002130894,0.009157679,0.014740587
99999E30601321,3,False,DO,DO.01,False,0.0,0.0,0.13545115,0.0,0.016812207,0.73707724,0.004265784,0.0,0.0,0.0024590988,0.10393457,0.0,0.0,0.0
99999E30601325,6,False,70,70.2,False,0.0,0.0,0.0687064,0.030098498,0.030492038,0.7863961,0.01132731,0.036499113,0.0,0.013874193,0.0,0.022606358,0.0,0.0
99999E30601329,5,False,16,16.23,True,0.020080198,0.002647282,0.028260067,0.0013037366,0.0064788745,0.02589974,0.09668302,0.035809632,0.00681559,0.027076587,0.6614697,0.05651682,0.0009728264,0.029985942
99999E30601338,6,False,47,47.11,False,0.0,0.0,0.0,0.0,0.0,0.27532998,0.0,0.72467,0.0,0.0,0.0,0.0,0.0,0.0
99999E30601339,5,False,94,94.99,False,0.0,0.0,0.015136836,0.0032741525,0.0021358188,0.23671614,0.16106799,0.008928877,0.338691,0.019801926,0.1442165,0.002823437,0.0024207486,0.06478666
99999E30601342,6,False,56,56.30,False,0.0,0.0,0.0,0.0,0.0,0.6298988,0.0,0.37010118,0.0,0.0,0.0,0.0,0.0,0.0
99999E30601343,4,False,84,84.11,False,0.0,0.01602577,0.22212978,0.009535205,0.027703635,0.06462954,0.0038288077,0.6369554,0.008456511,0.0017045558,0.007282099,0.0,0.0017487345,0.0
99999E30601344,5,False,84,84.11,False,0.0,0.0,0.008293469,0.0,0.0,0.23741156,0.055634134,0.19403532,0.0026443552,0.16110241,0.26885465,0.0,0.0,0.07202411
99999E30601345,6,False,84,84.11,False,0.002967601,0.0,0.24276249,0.123969935,0.01364459,0.39266884,0.0,0.21665257,0.0073340107,0.0,0.0,0.0,0.0,0.0
99999E30601346,2,False,84,84.11,False,0.3992733,0.0053492123,0.0,0.087303184,0.0,0.5080743,0.0,0.0,0.0,0.0,0.0,0.0,0.0,0.0
99999E30601347,4,False,43,43.22,False,0.0,0.05240311,0.0220439,0.036790323,0.006049425,0.00892116,0.13950938,0.014016369,0.19718038,0.1351624,0.09724822,0.022919355,0.09837511,0.16938089
99999E30601348,6,False,64,64.19,False,0.0,0.0,0.0,0.0,0.0,0.32063872,0.0,0.6793613,0.0,0.0,0.0,0.0,0.0,0.0
99999E30601349,3,False,94,94.91,False,0.0,0.26987705,0.010026192,0.020246752,0.04268889,0.023239505,0.059883174,0.008383457,0.012335156,0.03939171,0.0,0.0045336233,0.39603168,0.113362834
99999E30601350,4,False,94,94.91,True,0.28674835,0.0027827974,0.17722537,0.15670465,0.020266294,0.30961674,0.006154969,0.009530542,0.0,0.0,0.0,0.0,0.0,0.030970294
99999E30601351,1,False,IL,IL.01,False,0.9871028,0.005388791,0.0,0.0,0.0,0.0075083976,0.0,0.0,0.0,0.0,0.0,0.0,0.0,0.0
99999E30601352,6,False,56,56.30,False,0.0,0.0,0.0,0.0,0.0,0.78596705,0.0,0.21403295,0.0,0.0,0.0,0.0,0.0,0.0
99999E30601355,6,False,84,84.24,False,0.009866073,0.0,0.036702573,0.045439795,0.00288725,0.72152346,0.057158176,0.11532249,0.011100133,0.0,0.0,0.0,0.0,0.0
99999E30601356,6,False,84,84.11,False,0.0,0.0,0.040764876,0.0,0.0,0.36075848,0.0,0.59847665,0.0,0.0,0.0,0.0,0.0,0.0
99999E30601357,1,False,84,84.11,False,0.9892432,0.01075677,0.0,0.0,0.0,0.0,0.0,0.0,0.0,0.0,0.0,0.0,0.0,0.0
99999E30601359,4,False,43,43.22,False,0.013279474,0.019338224,0.04061351,0.029807046,0.0806645,0.10492347,0.08724623,0.13466442,0.14315535,0.13089657,0.055094495,0.04303727,0.030727945,0.08655151
99999E30601360,6,False,84,84.11,False,0.0,0.0,0.0,0.0,0.0076925983,0.9045203,0.009208941,0.06456075,0.014017478,0.0,0.0,0.0,0.0,0.0
99999E30601363,4,False,90,90.01,False,0.010774452,0.006036534,0.06556488,0.29579017,0.0,0.6089087,0.0,0.0031907393,0.0,0.009734545,0.0,0.0,0.0,0.0
99999E30601366,3,False,16,16.23,False,0.01557143,0.06762967,0.13308889,0.0,0.0,0.54450685,0.007843266,0.0,0.0026267543,0.004390256,0.0,0.0,0.0,0.2243429
99999E30601367,5,False,46,46.73,False,0.0013113352,0.0,0.0005600788,0.0,0.0,0.012897391,0.0,0.0063378834,0.0,0.078572474,0.8774723,0.022848524,0.0,0.0
99999E30601368,1,False,46,46.73,False,0.9904662,0.0,0.0,0.0,0.0,0.009533865,0.0,0.0,0.0,0.0,0.0,0.0,0.0,0.0
99999E30601369,4,False,51,51.10,False,0.0,0.004891177,0.058335587,0.010734032,0.059716623,0.5875079,0.031095494,0.09119722,0.010114335,0.010379919,0.061504893,0.013412006,0.017904807,0.043206137
99999E30601372,2,False,01,01.1,False,0.0,0.0,0.0,0.0,0.0,0.0,0.0,0.0,0.16707316,0.0,0.8329268,0.0,0.0,0.0
99999E30601374,6,False,56,56.10,False,0.0,0.0,0.1371014,0.034832276,0.0,0.18624742,0.09815312,0.4081544,0.060405266,0.0,0.027481781,0.0,0.0026881977,0.044936184
99999E30601381,4,False,47,47.73,True,0.32358664,0.0039362926,0.089950785,0.028141068,0.030554589,0.45955217,0.0003368024,0.0555124,0.00029044095,0.0011859671,0.0013264151,0.0021909203,0.002342958,0.0010925623
99999E30601382,6,False,71,71.12,False,0.0,0.0,0.02345557,0.0060113263,0.0,0.26441216,0.0,0.6930129,0.0041981894,0.0,0.0050726393,0.0,0.0,0.0038372194
99999E30601383,2,False,96,96.02,False,0.0,0.0,5.0400304e-05,0.0,0.00035891126,0.0098708235,0.12252924,0.00024894698,0.0023672872,0.033639908,0.68247503,0.008736052,0.0,0.13972338
99999E30601384,5,False,84,84.12,False,0.0,0.0,0.0034196826,0.0,0.0,0.29583552,0.0,0.1276354,0.0,0.020216754,0.46143076,0.0,0.0,0.09146189
99999E30601385,6,False,91,91.04,False,0.0,0.0,0.0663989,0.023913203,0.0,0.45077893,0.00425155,0.4546574,0.0,0.0,0.0,0.0,0.0,0.0
99999E30601386,2,False,43,43.12,False,0.0,0.0,0.0,0.5125743,0.0,0.0,0.48742574,0.0,0.0,0.0,0.0,0.0,0.0,0.0
99999E30601391,5,False,16,16.23,False,0.0026290682,0.0008796574,0.005895295,0.025220148,0.030336326,0.026250767,0.14194266,0.02022912,0.009698741,0.07376007,0.52701354,0.048376355,0.00408616,0.0836821
99999E30601393,2,False,49,49.4,False,0.0,0.021612845,0.0,0.029262133,0.0,0.4329064,0.049900774,0.028576585,0.3447231,0.050442,0.0,0.0,0.0,0.042576227
99999E30601394,3,False,01,01.1,False,0.0,0.033772793,0.07607141,0.7579513,0.0,0.0,0.022065926,0.033814102,0.0021895512,0.041033424,0.021983301,0.0055719945,0.0,0.005546174
99999E30601402,6,False,94,94.91,False,0.0,0.0,0.0023554454,0.0,0.0030161806,0.5696446,0.09088388,0.03554352,0.08115947,0.14435299,0.0,0.063430585,0.0,0.009613446
99999E30601404,4,False,82,82.99,False,0.0,0.040749867,0.09086172,0.2221132,0.004173645,0.27098072,0.020596385,0.18284361,0.06531758,0.044325937,0.008919086,0.005614853,0.010486058,0.033017334
99999E30601405,6,False,84,84.11,False,0.0,0.0,0.01930885,0.0,0.0,0.5670713,0.0,0.31277412,0.0,0.0037692834,0.0,0.0,0.0,0.097076505
99999E30601406,6,False,55,55.10,False,0.0,0.0,0.014750519,0.0,0.0,0.039417088,0.0032105637,0.85296863,0.08444579,0.0,0.0052074357,0.0,0.0,0.0
99999E30601408,5,False,16,16.10,False,0.018749094,0.0,0.00036766432,0.0,0.00059098465,0.0036181915,0.07555189,0.0009845283,0.0,0.09212735,0.6988315,0.096881665,0.0,0.012297122
99999E30601409,6,False,47,47.11,True,0.046827823,0.0,0.12493552,0.0,0.20171578,0.41614586,0.0,0.21037503,0.0,0.0,0.0,0.0,0.0,0.0
99999E30601411,4,False,96,96.0,False,0.0064884652,0.020077558,0.13201958,0.122254886,0.013851444,0.51438046,0.05905101,0.035882793,0.0026107437,0.015359447,0.027109927,0.0,0.018460773,0.032452993
99999E30601419,4,False,43,43.12,False,0.1571154,0.0043119797,0.014086642,0.011431172,0.001959991,0.76320773,0.009028602,0.02773071,0.009344729,0.0,0.0,0.0,0.0,0.0017829593
99999E30601421,6,False,47,47.11,False,0.0,0.0,0.0,0.0,0.0,0.17397948,0.0,0.82602054,0.0,0.0,0.0,0.0,0.0,0.0
99999E30601422,4,False,84,84.11,False,0.12668744,0.0,0.0,0.0,0.0009671922,0.23048367,0.035084307,0.00093770464,0.049813345,0.088285774,0.11160158,0.0,0.0,0.35613903
99999E30601425,5,False,91,91.04,False,0.0,0.0,0.009563695,0.0,0.0007943601,0.63824517,0.0023576685,0.030351022,0.0036050521,0.037203163,0.010241976,0.0,0.0,0.26763788
99999E30601426,6,False,91,91.04,False,0.0,0.0,0.0,0.0,0.0,0.99364734,0.0,0.0024473432,0.0,0.0,0.0,0.003905335,0.0,0.0
99999E30601427,6,False,64,64.19,False,0.0,0.0,0.0,0.0,0.0,0.782984,0.20338626,0.0032024954,0.0024004523,0.0,0.0080266725,0.0,0.0,0.0
99999E30601428,4,False,96,96.02,False,0.0,0.015494777,0.019067988,0.0005130909,0.00048899546,0.026788449,0.034099285,0.0015676203,0.057208218,0.124377765,0.088970244,0.019351464,0.14313535,0.46893674
99999E30601432,5,False,43,43.32,False,0.0,0.0,0.0,0.0,0.05301949,0.008187888,0.1869952,0.0,0.006869789,0.14401822,0.4123302,0.17082961,0.0,0.017749617
99999E30601437,6,False,47,47.11,True,0.049702983,0.0,0.33837602,0.0,0.0,0.46684363,0.0,0.14507735,0.0,0.0,0.0,0.0,0.0,0.0
99999E30601439,1,False,IL,IL.01,False,0.9971912,0.0,0.0,0.0006830569,0.0,0.0021257263,0.0,0.0,0.0,0.0,0.0,0.0,0.0,0.0
99999E30601441,3,False,94,94.99,False,0.0069542895,0.030152487,0.023112025,0.066569865,0.0057564625,0.3467493,0.019031657,0.14082651,0.06699213,0.02376695,0.20885272,0.0014994377,0.0063424497,0.053393774
99999E30601444,4,False,94,94.91,False,0.0,0.004274298,0.016105382,0.020823684,0.00062631554,0.8102988,0.02072424,0.0032484666,0.0,0.010109152,0.0056063095,0.055103555,0.00047802355,0.052601784
99999E30601447,4,False,84,84.11,False,0.0030250344,0.0043621976,0.03590976,0.0,0.0036709348,0.66176087,0.016091317,0.0109281745,0.0,0.004084609,0.0052017323,0.0,0.0075233174,0.24744214
99999E30601449,2,False,84,84.11,False,0.0,0.92541933,0.033813436,0.0,0.0,0.0,0.040767215,0.0,0.0,0.0,0.0,0.0,0.0,0.0
99999E30601452,6,False,94,94.91,False,0.0,0.016620098,0.10082543,0.041777004,0.0064804554,0.72059834,0.016566109,0.03531814,0.0063253986,0.002615247,0.032787118,0.0037347712,0.0,0.016351879
99999E30601454,2,False,84,84.11,False,0.0,0.0,0.0,0.0,0.0052533993,0.31520396,0.08621755,0.016378244,0.08343633,0.0,0.4715698,0.021940667,0.0,0.0
99999E30601455,4,False,01,01.1,False,0.008327535,0.006697772,0.013711496,0.007411591,0.0038765378,0.5774254,0.07649354,0.0748925,0.030711241,0.041878097,0.10892177,0.016544433,0.005286091,0.027821923
99999E30601456,1,False,84,84.11,False,0.9341449,0.0,0.0042099496,0.0,0.0,0.040298793,0.007803319,0.0,0.0,0.007081429,0.0,0.0064616334,0.0,0.0
99999E30601458,1,False,36,36.00,False,0.0,0.0,0.0,0.0,0.0,1.0,0.0,0.0,0.0,0.0,0.0,0.0,0.0,0.0
99999E30601474,1,False,84,84.11,False,0.0,0.0,0.0,0.0,0.0,1.0,0.0,0.0,0.0,0.0,0.0,0.0,0.0,0.0
99999E30601478,1,False,61,61.10,False,0.0,0.0,0.0,0.0,0.0,0.9999916,0.0,8.433087e-06,0.0,0.0,0.0,0.0,0.0,0.0
99999E30601480,1,False,61,61.10,False,0.0,0.0,0.0,0.0,0.0,1.0,0.0,0.0,0.0,0.0,0.0,0.0,0.0,0.0
99999E30601482,1,False,61,61.20,False,0.0,0.0,0.0,0.0,0.0,1.0,0.0,0.0,0.0,0.0,0.0,0.0,0.0,0.0
99999E30601494,6,False,55,55.10,False,0.0,2.9715387e-05,0.23668732,0.0,0.0,0.026408754,0.0,0.66309595,0.07130733,0.0,0.0,0.0,0.0,0.0024709585
99999E30601498,4,False,49,49.31,False,0.0,0.0,0.011619486,0.0,0.0027579963,0.95103616,0.025708154,0.004767572,0.0,0.0,0.0,0.0,0.004110617,0.0
99999E30601502,3,False,36,36.00,False,0.0,0.0039292686,0.014112112,0.030497821,0.0039964863,0.84175026,0.009268924,0.009281895,0.019912856,0.022956505,0.007430468,0.024991894,0.007919859,0.0039516743
99999E30604264,6,False,94,94.91,False,0.0,0.0,0.039433587,0.0036340817,0.0,0.8576086,0.011632821,0.051436394,0.0,0.00883228,0.017045919,0.0,0.0022019818,0.008174334
99999E30604268,1,False,IL,IL.01,False,0.99594784,0.0,0.0,0.0,0.0,0.0040521948,0.0,0.0,0.0,0.0,0.0,0.0,0.0,0.0
99999E30617066,6,False,IL,IL.01,False,0.0,0.0,0.0,0.0,0.0,0.029073348,0.001507801,0.4163861,0.027102437,0.0,0.52356774,0.0,0.0,0.0023626331
99999E30617068,2,False,61,61.10,False,0.0,0.0,0.0,0.0,0.0,1.0,0.0,0.0,0.0,0.0,0.0,0.0,0.0,0.0
99999E30617070,1,False,IL,IL.01,False,0.9721738,0.0,0.0,0.0016983612,0.0,0.026127812,0.0,0.0,0.0,0.0,0.0,0.0,0.0,0.0
99999E30617072,1,False,61,61.90,False,0.0,0.0,0.0,0.0012420497,0.0,0.99875796,0.0,0.0,0.0,0.0,0.0,0.0,0.0,0.0
99999E30617074,6,False,55,55.10,False,0.0,0.0,0.0067041954,0.0,0.0,0.13586646,0.0,0.85095,0.0064793187,0.0,0.0,0.0,0.0,0.0
99999E30617076,1,False,61,61.10,False,0.0,0.0,0.0,0.0,0.0,1.0,0.0,0.0,0.0,0.0,0.0,0.0,0.0,0.0
99999E30617084,1,False,IL,IL.01,False,0.99438506,0.0,0.0,0.0,0.0,0.0056149387,0.0,0.0,0.0,0.0,0.0,0.0,0.0,0.0
99999E30617089,1,False,35,35.13,False,0.0,0.0,0.0,0.0,0.0,1.0,0.0,0.0,0.0,0.0,0.0,0.0,0.0,0.0
99999E30629011,4,False,36,36.00,False,0.003382943,0.06653972,0.04736971,0.040586803,0.001178711,0.5721621,0.036335785,0.0032510296,0.08681185,0.09268412,0.0,0.0019787026,0.02998266,0.01773598
99999E30639921,1,False,84,84.11,False,0.9974252,0.0,0.0,0.0,0.0,0.0025748035,0.0,0.0,0.0,0.0,0.0,0.0,0.0,0.0
99999E30639923,5,False,94,94.91,False,0.0,0.0,0.0,0.0,0.0,0.5795971,0.08239222,0.0017258846,0.0,0.19648817,0.10404081,0.0,0.0033767307,0.0323791
99999E30639924,1,False,IL,IL.01,False,1.0,0.0,0.0,0.0,0.0,0.0,0.0,0.0,0.0,0.0,0.0,0.0,0.0,0.0
99999E30639925,1,False,IL,IL.01,False,0.9985128,0.00087493786,0.0,0.0006122447,0.0,0.0,0.0,0.0,0.0,0.0,0.0,0.0,0.0,0.0
99999E30639926,1,False,84,84.11,False,0.0001973228,0.0,0.0015356861,0.0,0.0,0.9979581,0.0,0.0,0.0,0.00030885302,0.0,0.0,0.0,0.0
99999E30639927,4,False,84,84.11,False,0.0019052197,0.0,0.0040667187,0.0,0.0040341816,0.9141289,0.0062430794,0.047549352,0.0058313464,0.0031486535,0.006818301,0.0062742108,0.0,0.0
99999E30639928,3,False,49,49.4,False,0.022578234,0.054896172,0.03095652,0.06148957,0.0,0.44663745,0.071193665,0.03673465,0.068641,0.12407541,0.00767383,0.008449522,0.039267525,0.027406532
99999E30639929,1,False,IL,IL.01,False,1.0,0.0,0.0,0.0,0.0,0.0,0.0,0.0,0.0,0.0,0.0,0.0,0.0,0.0
99999E30639931,6,False,47,47.11,False,0.0,0.0,0.0,0.0,0.0,0.15031092,0.0,0.8496891,0.0,0.0,0.0,0.0,0.0,0.0
99999E30639932,4,False,84,84.11,True,0.6375414,0.0,0.010950906,0.009169762,0.0,0.34233794,0.0,0.0,0.0,0.0,0.0,0.0,0.0,0.0
99999E30639934,4,False,94,94.91,False,0.4555539,0.002194432,0.008296854,0.0,0.0013319792,0.33282456,0.017698726,0.009150796,0.0058896462,0.025431013,0.0,0.13542639,0.0062017175,0.0
99999E30639935,6,False,84,84.11,False,0.0,0.0,0.044438936,0.07979014,0.0010687428,0.52090734,0.012343078,0.030728687,0.0,0.07559599,0.04353122,0.16569431,0.0023159203,0.023585705
99999E30639936,1,False,IL,IL.01,False,1.0,0.0,0.0,0.0,0.0,0.0,0.0,0.0,0.0,0.0,0.0,0.0,0.0,0.0
99999E30639937,1,False,84,84.11,False,0.0,0.0,0.0,0.0,0.0,0.9960747,0.0,0.003925346,0.0,0.0,0.0,0.0,0.0,0.0
99999E30639938,1,False,61,61.90,False,0.0,0.0,0.0026832519,0.0,0.0,0.9973168,0.0,0.0,0.0,0.0,0.0,0.0,0.0,0.0
99999E30639939,1,False,61,61.10,False,0.0,0.0,0.0,0.0,0.0,1.0,0.0,0.0,0.0,0.0,0.0,0.0,0.0,0.0
99999E30639940,1,False,IL,IL.01,False,0.9991452,0.0,0.0,0.00084751647,0.0,7.2792827e-06,0.0,0.0,0.0,0.0,0.0,0.0,0.0,0.0
99999E30639941,6,False,DO,DO.02,False,0.0,0.0007651693,0.0014645547,0.0090920115,0.054403182,0.49810442,0.22033411,0.023256298,0.034591883,0.027760755,0.051712975,0.023311693,0.013364494,0.041838486
99999E30639943,3,False,01,01.4,False,0.0,0.00882966,0.06774704,0.020512808,0.095325634,0.22584,0.017857585,0.2099215,0.047905948,0.09095609,0.10109927,0.06584899,0.008403217,0.03975227
99999E30639944,6,False,43,43.22,False,0.0,0.0,0.28091896,0.0128697045,0.078257576,0.2050874,0.0038036099,0.35581386,0.056684647,0.0,0.0043500955,0.0,0.0,0.0022141773
99999E30639945,6,False,56,56.10,False,0.0,0.0,0.24825023,0.021995569,0.0,0.046299156,0.0028902742,0.34385866,0.3367061,0.0,0.0,0.0,0.0,0.0
99999E30639947,2,False,96,96.0,False,0.0,0.0,0.0,0.0,0.0,0.0,0.2923172,0.0,0.1776484,0.29743317,0.0,0.0,0.13689688,0.095704325
99999E30639948,3,False,43,43.12,False,0.03184191,0.0021506185,0.018686036,0.029827513,0.036690947,0.49094102,0.13351226,0.01900486,0.11454218,0.056246504,0.0,0.037395258,0.007860482,0.021300402
99999E30639950,4,False,94,94.91,False,0.0,0.02222771,0.0011930298,0.01640717,0.001229182,0.5460732,0.06910233,0.0152322175,0.0,0.038764425,0.027048033,0.23083921,0.022652501,0.009230916
99999E30639951,6,False,84,84.11,False,0.0,0.0,0.03692479,0.0,0.0,0.8325211,0.0,0.13055417,0.0,0.0,0.0,0.0,0.0,0.0
99999E30639953,2,False,52,52.10,False,0.0,0.0,0.0,0.0,0.0,0.0,1.0,0.0,0.0,0.0,0.0,0.0,0.0,0.0
99999E30639954,4,False,84,84.11,False,0.0,0.0,0.019603677,0.0,0.0022430366,0.92805797,0.0036582137,0.04083621,0.0014237238,0.0,0.0,0.0,0.0022662363,0.001910916
99999E30639955,1,False,IL,IL.01,False,0.99308133,0.0,0.006918695,0.0,0.0,0.0,0.0,0.0,0.0,0.0,0.0,0.0,0.0,0.0
99999E30639960,4,False,01,01.4,False,4.8291957e-05,0.0,0.0,0.0,0.0,0.0003937652,0.14349397,0.0,0.0021137015,0.06334418,0.144887,0.014049243,0.09656162,0.53510827
99999E30656670,1,False,61,61.10,False,0.0,0.0,0.0,0.0,0.0,1.0,0.0,0.0,0.0,0.0,0.0,0.0,0.0,0.0
99999E30663064,4,False,DO,DO.01,False,0.0,0.01763177,0.1580599,0.06254724,0.07749667,0.4143273,0.023130784,0.099106714,0.05692105,0.0030262477,0.006037271,0.0054954304,0.04203341,0.034186125
99999E30663065,4,False,DO,DO.01,False,0.0,0.018563233,0.050004322,0.003249668,0.006671299,0.27648813,0.08047537,0.32837433,0.028463036,0.017670788,0.010596476,0.0097551765,0.0,0.16968824
99999E30663115,2,False,52,52.10,False,0.0,0.13819961,0.0,0.0,0.0,0.24490933,0.0,0.0,0.0,0.0,0.0,0.0,0.089017466,0.5278736
99999E30663126,6,False,DO,DO.01,False,0.0,0.0,0.010371689,0.027316563,0.0,0.91359895,0.023562578,0.0,0.014689516,0.010460716,0.0,0.0,0.0,0.0
99999E30663138,2,False,DO,DO.01,False,0.08986362,0.20508742,0.07361016,0.23696558,0.02541091,0.20697671,0.039490677,0.0,0.08118579,0.0055049285,0.008803889,0.015484821,0.006391928,0.0052236104
99999E30663144,6,False,87,87.30,True,0.0,0.0,0.0,0.0,0.0,0.0,0.0,1.0,0.0,0.0,0.0,0.0,0.0,0.0
99999E30663278,4,False,53,53.10,False,0.0,0.0,0.053480145,0.0,0.01060877,0.5289646,0.0,0.3296712,0.013460999,0.004813622,0.05900074,0.0,0.0,0.0
99999E30663298,1,False,61,61.10,False,0.0,0.0,0.0,0.0,0.0,0.9961337,0.0,0.003866329,0.0,0.0,0.0,0.0,0.0,0.0
99999E30663371,6,False,DO,DO.01,False,0.0,0.005797488,0.12592326,0.022598341,0.009830566,0.4569508,0.020218002,0.29061243,0.041246984,0.014311819,0.0029104075,0.0,0.0,0.009599778
99999E30663378,1,False,61,61.10,False,0.0,0.0,0.0,0.0,0.0,0.9933026,0.0,0.003608422,0.0,0.0,0.003088986,0.0,0.0,0.0
99999E30663388,6,False,DO,DO.01,False,0.0020398512,0.14089216,0.12296888,0.026243933,0.010701828,0.5233306,0.0,0.030995524,0.10239568,0.0030154318,0.0,0.009876748,0.0035583174,0.023981014
99999E30663462,4,False,DO,DO.01,False,0.007997689,0.013390528,0.06206344,0.088464044,0.032927718,0.26312357,0.052683473,0.2886521,0.040852368,0.023205997,0.057624456,0.025885519,0.0036786208,0.039450467
99999E30684619,3,False,DO,DO.01,False,0.0061032088,0.098371126,0.092717245,0.16196929,0.0060755247,0.027585823,0.016642213,0.19638447,0.11427227,0.09217422,0.03802687,0.039547347,0.01851619,0.09161416
99999E30685539,5,False,52,52.10,False,0.0,0.0,0.0021232492,0.0,0.0026991135,0.17929173,0.03756409,0.07105334,0.0020789518,0.041961603,0.6222167,0.01112214,0.0019083066,0.027980778
99999E30695836,4,False,DO,DO.01,False,0.0,0.002486766,0.15424342,0.015728353,0.035581876,0.36757702,0.0065004937,0.38673854,0.0188272,0.0,0.012316339,0.0,0.0,0.0
99999E30706327,6,False,DO,DO.01,False,0.0,0.0049551288,0.081242934,0.054747816,0.0216501,0.7974538,0.011811839,0.020036507,0.0,0.0,0.0,0.0,0.0,0.008101846
99999E30707780,6,False,DO,DO.01,False,0.00044361202,0.01760365,0.09358803,0.0,0.0,0.67802924,0.002580695,0.041755855,0.15650702,0.009491887,0.0,0.0,0.0,0.0
99999E30708610,2,False,94,94.91,False,0.018530654,0.0,0.18749112,0.07562799,0.0,0.31513304,0.0,0.3803007,0.009999585,0.0020312923,0.006157256,0.004728295,0.0,0.0
99999E30711352,4,False,DO,DO.01,False,0.005382993,0.012035683,0.16958742,0.008229895,0.007962068,0.0137021635,0.022963686,0.19459452,0.09499262,0.088690415,0.1371605,0.009661612,0.04595383,0.18908256
99999E30711382,1,False,62,62.02,False,0.0,0.0,0.0,0.0,0.0,1.0,0.0,0.0,0.0,0.0,0.0,0.0,0.0,0.0
99999E30713153,1,False,64,64.19,False,0.0,0.0,0.0,0.0,0.0,1.0,0.0,0.0,0.0,0.0,0.0,0.0,0.0,0.0
99999E30715817,6,False,36,36.00,False,0.0,0.0,0.0,0.003655949,0.0,0.99216145,0.004182526,0.0,0.0,0.0,0.0,0.0,0.0,0.0
99999E30715855,4,False,01,01.41,True,0.0,0.045089513,0.43830043,0.0,0.0602992,0.0,0.0,0.0,0.0,0.0,0.0,0.0,0.4529797,0.0033311953
99999E30730075,6,False,55,55.20,False,0.0,0.0,0.080394715,0.0,0.0022734907,0.15853433,0.035205826,0.5801139,0.0,0.0,0.027141146,0.0,0.0,0.11633664
99999E30730494,4,False,96,96.0,False,0.091810726,0.0,0.0128006935,0.019810997,0.029038303,0.79656196,0.0052222153,0.0,0.011764606,0.0062666587,0.008026893,0.0,0.0037098618,0.014987062
99999E30730712,2,False,DO,DO.01,False,0.0022791654,0.11998758,0.24355751,0.063054584,0.01867238,0.059789646,0.0927103,0.07474964,0.1865462,0.058254354,0.011695056,0.010735849,0.020558633,0.03740908
99999E30734227,3,False,DO,DO.01,False,0.0,0.051604304,0.20798002,0.048806876,0.0069944574,0.21499044,0.12662221,0.07757586,0.11910801,0.07027274,0.012128103,0.017355764,0.0,0.04656113
99999E30734315,3,False,94,94.99,False,0.0,0.14485823,0.00086571486,0.0,0.0,0.1732565,0.03400414,0.0,0.32566485,0.17161022,0.0,0.0,0.14431891,0.005421361
99999E30737010,6,False,84,84.11,False,0.0,0.0,0.0,0.0025812867,0.0,0.9974187,0.0,0.0,0.0,0.0,0.0,0.0,0.0,0.0
99999E30737012,4,False,84,84.11,False,0.07147409,0.0,0.0,0.0072179157,0.0024858196,0.91882217,0.0,0.0,0.0,0.0,0.0,0.0,0.0,0.0
99999E30740297,6,False,96,96.0,False,0.0,0.04884527,0.08071262,0.0035579416,0.0,0.57470906,0.034780487,0.030934826,0.22645977,0.0,0.0,0.0,0.0,0.0
99999E30742899,3,False,84,84.11,False,0.0,0.007451664,0.101130664,0.025236305,0.00029144285,0.76978666,0.0,0.034118686,0.0044246325,0.0037688862,0.0024838878,0.0,0.00036430362,0.05094289
99999E30748532,6,False,DO,DO.01,False,0.0,0.028286457,0.016784366,0.02085312,0.0013474573,0.7783818,0.051789846,0.042515926,0.043770038,0.0,0.010515849,0.0057551037,0.0,0.0
99999E30748871,3,False,96,96.09,False,0.0097319335,0.103707306,0.06805383,0.14826043,0.10821944,0.028895836,0.032258812,0.015378441,0.16380364,0.059416126,0.023946429,0.072762415,0.04838083,0.117184564
99999E30753062,1,False,62,62.02,False,0.0,0.0,0.0,0.0,0.0,1.0,0.0,0.0,0.0,0.0,0.0,0.0,0.0,0.0
99999E30755333,6,False,DO,DO.01,False,0.021654151,0.0,0.036206964,0.021791548,0.015181064,0.45796597,0.09979436,0.06975799,0.09632513,0.03347125,0.06978348,0.0,0.027315056,0.05075313
99999E30756123,4,False,DO,DO.01,True,0.10045758,0.09142795,0.13959664,0.16100429,0.04793076,0.021750044,0.052178632,0.03913615,0.010114815,0.074703395,0.000487461,0.107386485,0.08813178,0.06569407
99999E30758135,1,False,74,74.90,False,0.0,0.0,0.0,0.0,0.0,1.0,0.0,0.0,0.0,0.0,0.0,0.0,0.0,0.0
99999E30760437,3,False,DO,DO.01,False,0.0,0.029532919,0.025022924,0.027792828,0.03998909,0.6046191,0.048253655,0.024831895,0.055538766,0.017039692,0.034767084,0.014207268,0.033539295,0.044865515
99999E30780137,4,False,84,84.11,False,0.0025274525,0.0,0.0036794473,0.0,0.0050471174,0.92224,0.0024460424,0.049222607,0.0030525688,0.0,0.0110507,0.0,0.0,0.0007340412
99999E30795274,1,False,62,62.02,False,0.0,0.0,0.0,0.0,0.0,1.0,0.0,0.0,0.0,0.0,0.0,0.0,0.0,0.0
99999E30798254,4,False,DO,DO.01,False,0.110592656,0.07392172,0.28276786,0.059470385,0.038480617,0.24258897,0.03424492,0.053933263,0.011085152,0.0027706951,0.0,0.0,0.042545628,0.047598213
99999E30800039,3,False,36,36.00,True,0.06916498,0.002516104,0.15901692,0.04711358,0.028998088,0.64868826,0.015026616,0.0008435738,0.012677842,0.0013428711,0.0,0.0,0.0,0.014611175
99999E30800382,6,False,84,84.11,False,0.0,0.0,0.018095298,0.006620861,0.0,0.75212294,0.15705867,0.00420988,0.018744739,0.0061151013,0.0,0.0,0.0,0.03703257
99999E30800832,6,False,DO,DO.02,False,0.00289129,0.0,0.014165791,0.0,0.0,0.80287987,0.030366194,0.0074385707,0.07980496,0.056705233,0.0,0.0,0.0,0.0057481597
99999E30800864,3,False,56,56.30,False,0.0,0.0,0.055009034,0.0003033398,0.0004542214,0.6071641,0.0015316769,0.33528838,0.00024926208,0.0,0.0,0.0,0.0,0.0
99999E30804807,6,False,70,70.2,False,0.0,0.0,0.0,0.0,0.0,0.250528,0.027403744,0.60767835,0.0,0.035585225,0.0,0.0,0.0,0.07880463
99999E30821726,4,False,DO,DO.01,True,0.47797108,0.005324172,0.17594655,0.022396632,0.0065692924,0.24325347,0.024911316,0.007453692,0.012760087,0.010632789,0.0,0.0028228185,0.0,0.009958009
99999E30827449,2,False,DO,DO.01,False,0.0063795457,0.08668081,0.07813678,0.0073478697,0.042270817,0.28345308,0.046511192,0.26375118,0.047606096,0.017942473,0.03644189,0.0,0.0,0.08347838
99999E30827768,6,False,DO,DO.01,False,0.0,0.014128868,0.068963155,0.025327183,0.0064320727,0.40616196,0.0,0.2852971,0.16528155,0.0,0.007222013,0.0,0.0,0.021186138
99999E30831149,4,False,DO,DO.01,False,0.016670316,0.0966788,0.056509994,0.050156295,0.013860185,0.4875474,0.035846688,0.020329162,0.009564797,0.044870175,0.07619927,0.072119415,0.019647514,0.0
99999E30832020,5,False,70,70.22,False,0.0,0.0,0.0,0.0,0.011267834,0.058083057,0.0196635,0.0,0.0026904398,0.0,0.8953882,0.0,0.0012690981,0.011637913
99999E30832026,5,False,84,84.11,False,0.0,0.0,0.0,0.0,0.0024942413,0.05440659,0.0,0.0052115195,0.0,0.0042911,0.87926894,0.023900377,0.0,0.03042723
99999E30832030,5,False,10,10.85,False,0.0,0.0006636114,0.0,0.0,0.0,0.1451423,0.0,0.013894919,0.0028786142,0.15505022,0.6782339,0.0041364515,0.0,0.0
99999E30832031,5,False,84,84.11,False,0.0,0.0,0.002182056,0.0,0.0014835417,0.07941416,0.0040917555,0.004466646,0.000562514,0.032074332,0.7854518,0.08710743,0.0,0.0031657433
99999E30832032,5,False,84,84.11,False,0.0,0.0,0.0,0.0,0.007793132,0.102152504,0.0,0.016280528,0.0,0.008746301,0.82550067,0.039526857,0.0,0.0
99999E30832648,4,False,01,01.4,False,0.0,0.022304086,0.19115064,0.03374776,0.044356264,0.353385,0.020006618,0.15851401,0.010505804,0.0031389033,0.0,0.0026979689,0.12516353,0.035029523
99999E30835265,2,False,DO,DO.01,False,0.0078481175,0.08314338,0.1435187,0.24578205,0.060999036,0.20490362,0.031141188,0.0807517,0.056408625,0.016898807,0.03658417,0.008956457,0.0118462145,0.011218008
99999E30835269,6,False,DO,DO.01,False,0.0,0.020389335,0.15798584,0.07010768,0.017567644,0.534145,0.039036162,0.08496405,0.0649334,0.0,0.010870919,0.0,0.0,0.0
99999E30838101,4,False,DO,DO.01,False,0.008957802,0.040820036,0.18449566,0.14413683,0.0038065792,0.27772436,0.0,0.073136985,0.07999662,0.04903731,0.068563886,0.0,0.027113752,0.042210154
99999E30893170,1,False,61,61.20,False,0.0,0.0,0.0,0.0,0.0,1.0,0.0,0.0,0.0,0.0,0.0,0.0,0.0,0.0
99999E30906519,5,False,16,16.11,False,0.002048435,0.0,0.01190394,0.0,0.061771825,0.16049604,0.045109306,0.04095489,0.06612302,0.019952677,0.47442564,0.05255962,0.0054225987,0.059231997
99999E30909838,4,False,47,47.78,False,0.013870995,0.2786809,0.0,0.012637408,0.019956687,0.00032895638,0.06644919,0.0,0.06195345,0.0591299,0.06562679,0.01573508,0.33386332,0.071767315
99999E30913189,6,False,96,96.0,False,0.0,0.0,0.035401054,0.01103446,0.00843416,0.16479395,0.04864913,0.04674374,0.56442183,0.0,0.10460599,0.0,0.0,0.015915623
99999E30918930,3,False,DO,DO.01,False,0.031701136,0.062205337,0.119626686,0.1445379,0.0090934085,0.28122678,0.04304304,0.11186128,0.050005462,0.027614675,0.04336619,0.010761136,0.017775536,0.047181476
99999E30925891,3,False,IL,IL.01,False,0.008972441,0.042478032,0.14941183,0.06647964,0.0,0.6206597,0.01707507,0.008461497,0.027096402,0.0,0.008116129,0.0,0.0051094447,0.046139922
99999E30928389,4,False,01,01.45,True,0.3056054,0.19563085,0.1566769,0.0944703,0.04010952,0.09580805,0.011436705,0.01452417,0.006308034,0.0,0.018609557,0.001540014,0.030859768,0.028420731
99999E30938374,4,False,DO,DO.01,False,0.030762196,0.066812865,0.20017073,0.16757306,0.010674408,0.25874406,0.036584467,0.06643236,0.060615472,0.030241624,0.010158244,0.009903099,0.008818861,0.0425086
99999E30938383,3,False,DO,DO.01,False,0.0,0.093325906,0.16502982,0.03359825,0.014532501,0.3275741,0.041688483,0.05160071,0.09885718,0.021513214,0.013504566,0.05193928,0.035681315,0.05115473
99999E30939797,6,False,52,52.10,False,0.0,0.0,0.005044571,0.0,0.0,0.98818326,0.0,0.0,0.0,0.0,0.0,0.0,0.0067721647,0.0
99999E31001646,4,False,49,49.3,False,0.0013744332,0.0065849423,0.033310678,0.015024523,0.04414593,0.07467818,0.09859164,0.11109777,0.041914538,0.05615921,0.39931878,0.0076912143,0.0021969085,0.10791132
99999E31001791,4,False,DO,DO.01,False,0.08305345,0.0,0.0064140866,0.005256716,0.25672162,0.5811338,0.034136157,0.0,0.023164632,0.004141631,0.0,0.0026389295,0.0,0.0033389898
99999E31003206,4,False,DO,DO.01,False,0.0,0.022097558,0.20964302,0.013564369,0.029563254,0.5526889,0.012048709,0.07725587,0.06193486,0.0,0.0,0.0,0.021203475,0.0
99999E31003248,6,False,55,55.10,False,0.00086016563,0.0,0.1939772,0.0024998912,0.0,0.10435004,0.0,0.6944256,0.0038870918,0.0,0.0,0.0,0.0,0.0
99999E31004899,2,False,DO,DO.01,False,0.0,0.066331476,0.02605345,0.24177063,0.0,0.0076560564,0.24156967,0.09658532,0.10865848,0.06819131,0.0,0.08171058,0.019067245,0.042405806
99999E31005224,1,False,01,01.45,True,0.9807676,0.0021175994,0.0,0.0012473529,0.0,0.015867492,0.0,0.0,0.0,0.0,0.0,0.0,0.0,0.0
99999E31005308,6,False,56,56.10,False,0.0,0.0,0.25397432,0.0,0.0,0.43479952,0.0,0.28239423,0.028832017,0.0,0.0,0.0,0.0,0.0
99999E31006031,4,False,DO,DO.01,False,0.030468918,0.038030177,0.21894698,0.0936213,0.05057852,0.15746509,0.0,0.10297717,0.093259364,0.039228514,0.04273073,0.09431502,0.0067352955,0.031642895
99999E31007089,3,False,55,55.20,False,0.0011206977,0.015225332,0.03698303,0.11262905,0.0,0.026475888,0.18514027,0.23173419,0.32315934,0.0,0.067532234,0.0,0.0,0.0
99999E31007663,1,False,10,10.71,False,0.0158419,0.0,0.0,0.0,0.017478436,0.964227,0.0,0.0024526522,0.0,0.0,0.0,0.0,0.0,0.0
99999E31008697,3,False,DO,DO.01,False,0.004524749,0.09591858,0.21777703,0.10235277,0.055556398,0.24101017,0.002269992,0.098244436,0.053819627,0.04949801,0.005692754,0.008231893,0.05079805,0.014305519
99999E31011204,3,False,77,77.21,False,0.0058626663,0.1303992,0.007656378,0.051945396,0.0,0.4534117,0.013795926,0.0021909762,0.089817986,0.0,0.0,0.0,0.12525883,0.119661
99999E31011774,4,False,DO,DO.01,False,0.0,0.047744624,0.0031459637,0.022931607,0.02826741,0.24743621,0.036209423,0.0,0.28227314,0.022576917,0.09568973,0.025846252,0.09863522,0.08924358
99999E31012625,1,False,62,62.02,False,0.0,0.0,0.0020964283,0.0,0.0,0.9979036,0.0,0.0,0.0,0.0,0.0,0.0,0.0,0.0
99999E31012626,1,False,62,62.02,False,0.0,0.0,0.0,0.0,0.0,1.0,0.0,0.0,0.0,0.0,0.0,0.0,0.0,0.0
99999E31013545,2,False,DO,DO.01,False,0.0,0.0,0.0,0.0,0.0,0.0,0.06675387,0.08951758,0.49955845,0.1605233,0.18364678,0.0,0.0,0.0
99999E31014923,4,False,84,84.11,False,0.014811166,0.01440534,0.033996597,0.03184664,0.060381606,0.1079471,0.0579993,0.5990483,0.028525667,0.0,0.0058798566,0.0,0.001864949,0.043293465
99999E31014964,3,False,DO,DO.01,False,0.0,0.01683084,0.1309554,0.04498108,0.0054159993,0.5760694,0.0027949149,0.025648456,0.1571901,0.0,0.0,0.0,0.040113844,0.0
99999E31014981,1,False,61,61.90,False,0.0,0.0,0.0,0.0,0.0,0.99714077,0.0,0.0,0.0028592532,0.0,0.0,0.0,0.0,0.0
99999E31021421,4,False,DO,DO.01,False,0.0,0.09935962,0.024801135,0.014545949,0.049712118,0.3625954,0.07141796,0.0117543675,0.1936078,0.093395196,0.04429697,0.0013311708,0.0020032183,0.031179123
99999E31022481,4,False,84,84.11,False,0.0,0.002193927,0.016437167,0.0038738975,0.0085411,0.9038966,0.0018310146,0.044190425,0.0062715583,0.0017106603,0.0,0.0,0.0005819906,0.010471763
99999E31023451,6,False,DO,DO.01,False,0.0,0.009294635,0.45467553,0.033113673,0.00145668,0.21065499,0.019165643,0.11591126,0.112155624,0.0,0.0,0.0,0.0050664283,0.03850554
99999E31023497,4,False,96,96.0,False,0.0,0.044564284,0.0,0.110882424,0.020728666,0.0,0.2779357,0.0058948295,0.038217008,0.05016882,0.16139123,0.060692683,0.073591225,0.15593316
99999E31023930,4,False,84,84.11,False,0.0,0.0072465143,0.04136667,0.07510658,0.055238213,0.7716102,0.012106914,0.035319027,0.0,0.0,0.0,0.0020058793,0.0,0.0
99999E31024183,2,False,DO,DO.01,False,0.038431488,0.109355435,0.020059979,0.054904528,0.026083013,0.015414598,0.099149056,0.09851062,0.20521156,0.0,0.21613197,0.11674773,0.0,0.0
99999E31025941,3,False,43,43.91,False,0.011202944,0.024911812,0.13759188,0.04960505,0.0032988703,0.33569697,0.050016772,0.16400316,0.024291683,0.032022934,0.09426942,0.0038935824,0.0039749104,0.06522004
99999E31026107,3,False,56,56.30,False,0.0013133937,0.0009253456,0.0,0.0013730935,0.0,0.74758965,0.0,0.04746127,0.18671083,0.0,0.0,0.0,0.0146264285,0.0
99999E31026643,1,False,61,61.10,False,0.0,0.0,0.0,0.0,0.0,1.0,0.0,0.0,0.0,0.0,0.0,0.0,0.0,0.0
99999E31027863,6,False,84,84.11,True,0.0,0.0,0.0,0.0,0.0036768217,0.7815872,0.0052048513,0.021631172,0.024687229,0.0,0.0,0.16321266,0.0,0.0
99999E31029211,2,False,96,96.0,False,0.0,0.0,0.0,0.025244301,0.0,0.16505675,0.09283388,0.0,0.0,0.34286198,0.074020006,0.25070202,0.0,0.049281146
99999E31029428,1,False,61,61.10,False,0.0,0.0,0.0,0.0,0.0,1.0,0.0,0.0,0.0,0.0,0.0,0.0,0.0,0.0
99999E31030586,6,False,87,87.30,False,0.0,0.0,0.0,0.0,0.0,0.22666019,0.004053902,0.6672148,0.087921605,0.0,0.014149473,0.0,0.0,0.0
99999E40000015,3,False,DO,DO.01,False,0.012205589,0.048076417,0.0027064853,0.09342655,0.031065166,0.48729277,0.03977873,0.089254595,0.044881444,0.052875474,0.03420733,0.0,0.0,0.06422952
99999E40000068,6,False,DO,DO.01,False,0.0,0.0,0.011759492,0.0,0.0,0.9330578,0.0044460157,0.02376169,0.0,0.0,0.022592861,0.0021693567,0.0,0.002212789
99999E40000074,4,False,01,01.41,True,0.0,0.0026665174,0.07243682,0.0,0.33034605,0.0,0.113549076,0.038592797,0.07867198,0.027354734,0.027916417,0.0059050284,0.07175901,0.2308016
99999E40000089,6,False,DO,DO.01,False,0.0,0.08496783,0.17247808,0.020527476,0.013608252,0.32073528,0.0,0.16807868,0.16457538,0.019672465,0.013507541,0.014683183,0.0,0.007165862
99999E40000094,1,False,61,61.90,False,0.0,0.0,0.0,0.0,0.0,1.0,0.0,0.0,0.0,0.0,0.0,0.0,0.0,0.0
99999E40000097,1,False,62,62.02,False,0.0,0.0,0.0,0.0,0.0,0.99869573,0.0,0.0,0.0013043154,0.0,0.0,0.0,0.0,0.0
99999E40000116,2,False,01,01.4,False,0.007955913,0.0,0.016901463,0.0,0.014301239,0.010886017,0.0,0.0,0.0,0.005724377,0.021636205,0.010323281,0.013777312,0.8984942
99999E40000128,4,False,43,43.91,False,0.008729192,0.034603555,0.054806117,0.03379776,0.3198568,0.01565656,0.054077778,0.07390598,0.055051386,0.07134049,0.13689028,0.029562935,0.045606088,0.06611507
99999E40000129,2,False,98,98.10,False,0.11258694,0.082077675,0.0,0.1582537,0.0031973463,0.013461725,0.11789841,0.0,0.13505802,0.038689382,0.0,0.105512425,0.08342982,0.14983453
99999E40000149,1,False,35,35.30,False,0.0,0.0,0.0020138482,0.0,0.0,0.99133474,0.0,0.006651431,0.0,0.0,0.0,0.0,0.0,0.0
99999E40000155,2,False,93,93.11,False,0.0,0.0,0.0,0.0,0.0,0.21189235,0.0,0.33348963,0.41782722,0.0,0.03657068,0.0,0.0,0.00022012941
99999E40000163,5,False,52,52.10,False,0.008024217,0.0,0.011997316,0.0,0.17379448,0.010822662,0.13173088,0.00021732254,0.14686878,0.14346184,0.27078274,0.10229983,0.0,0.0
99999E40000164,6,False,94,94.99,False,0.0,0.0,0.083301716,0.0071774716,0.0014670294,0.80961496,0.0,0.093170784,0.0052680857,0.0,0.0,0.0,0.0,0.0
99999E40000167,2,False,16,16.23,False,0.0,0.010382431,0.0,0.0,0.021863548,0.0032795134,0.10440054,0.0,0.0037128201,0.087658055,0.5411088,0.12563331,0.0,0.10196094
99999E40000223,3,False,56,56.30,False,0.0,0.0037400643,0.13577709,0.0060550706,0.0,0.15211523,0.09223695,0.39000586,0.14614955,0.0111787245,0.018527497,0.0014245615,0.006374895,0.036414597
99999E40000225,1,False,61,61.10,False,0.0,0.0,0.0,0.0,0.0,1.0,0.0,0.0,0.0,0.0,0.0,0.0,0.0,0.0
99999E40000228,2,False,91,91.04,False,0.024659865,0.0,0.032938175,0.0,0.0,0.9297469,0.008203281,0.0,0.0,0.0044517806,0.0,0.0,0.0,0.0
99999E40000234,3,False,CO,CO.02,False,0.027439646,0.20751446,0.0,0.03896634,0.0,0.12114927,0.15069705,0.0,0.07735464,0.08624618,0.027762666,0.10717443,0.096157774,0.05953757
99999E40000235,3,False,CO,CO.02,False,0.014606743,0.18337655,0.0,0.091817915,0.0,0.2096514,0.039556324,0.0,0.06853933,0.10236243,0.0531259,0.0,0.067703836,0.16925958
99999E40000240,4,False,56,56.30,False,0.2262936,0.013167913,0.17403044,0.34099188,0.0,0.24242818,0.0012526932,0.0,0.0004979257,0.0,0.0006379097,0.0,0.0,0.0006995108
99999E40000241,4,False,01,01.41,True,0.0024847137,0.01810787,0.04923099,0.0015147731,0.04808927,0.0,0.0003539676,0.0,0.0001960703,0.0043187514,0.0,0.0178476,0.8289695,0.02888653
99999E40000243,1,False,IL,IL.01,False,1.0,0.0,0.0,0.0,0.0,0.0,0.0,0.0,0.0,0.0,0.0,0.0,0.0,0.0
99999E40000245,6,False,56,56.10,False,0.0,0.0,0.0,0.0006468782,0.0,0.09004436,0.006880928,0.4150058,0.17452985,0.00044762884,0.31244457,0.0,0.0,0.0
99999E40000247,3,False,56,56.10,False,0.0,0.0,5.8366866e-05,0.0,0.8582688,0.021255584,0.005708834,0.0042372625,0.0095569845,0.008425352,0.03890782,0.0038639714,0.025774848,0.023942173
99999E40000262,1,False,IL,IL.01,False,0.98971957,0.0,0.0027927603,0.0012642427,0.0,0.006223463,0.0,0.0,0.0,0.0,0.0,0.0,0.0,0.0
99999E40000268,1,False,61,61.10,False,0.0,0.0,0.0,0.0,0.0,1.0,0.0,0.0,0.0,0.0,0.0,0.0,0.0,0.0
99999E40000269,4,False,DO,DO.01,False,0.0,0.22272979,0.1801673,0.08535912,0.17718649,0.059181824,0.05732718,0.035741165,0.063620485,0.039725162,0.005353453,0.017158747,0.02297233,0.03347696
99999E40000278,6,False,56,56.10,False,0.0,0.0,0.0010048382,0.0,0.0,0.031042555,0.0008928256,0.063178055,0.2176336,0.004416965,0.68150693,0.000324247,0.0,0.0
99999E40000279,2,False,DO,DO.01,False,0.0,0.0,0.0,0.0,0.0,0.0,0.0,0.0,0.0,0.0,0.0,1.0,0.0,0.0
99999E40000314,2,False,55,55.20,False,0.00095150946,0.0,0.0003820639,0.0,0.0,0.053397693,0.0017728255,0.93363285,0.007441729,4.136998e-05,0.0023799906,0.0,0.0,0.0
99999E40000324,2,False,DO,DO.01,False,0.0,0.0,0.0,0.0,0.0,0.27920353,0.13415782,0.0,0.09885349,0.058712296,0.37727413,0.022784274,0.0,0.029014451
99999E40000336,3,False,47,47.12,False,0.0,0.034229066,0.084914416,0.005468136,0.00074411015,0.027430115,0.08046943,0.004266112,0.0088166315,0.047472794,0.001345122,0.0,0.19276924,0.51207477
99999E40000346,1,False,IL,IL.01,False,0.9799286,0.0,0.008149526,0.0,0.0,0.011921896,0.0,0.0,0.0,0.0,0.0,0.0,0.0,0.0
99999E40000353,1,False,80,80.20,False,0.0,0.0,0.0,0.0,0.0,1.0,0.0,0.0,0.0,0.0,0.0,0.0,0.0,0.0
99999E40000383,6,False,DO,DO.02,False,0.0,0.0,0.017645318,0.0,0.0,0.9332256,0.004203001,0.028000273,0.0039024614,0.0039980877,0.0,0.0,0.0,0.009025295
99999E40000385,1,False,61,61.10,False,0.0,0.0,0.0,0.0,0.0,1.0,0.0,0.0,0.0,0.0,0.0,0.0,0.0,0.0
99999E40000416,3,False,DO,DO.01,False,0.00923475,0.11575686,0.05782744,0.06760341,0.031781744,0.22387221,0.12179886,0.030156292,0.18280116,0.033517227,0.030137507,0.015179233,0.044644013,0.03568927
99999E40000434,3,False,68,68.20,False,0.0039641834,0.073024094,0.06764672,0.41033262,0.022897944,0.10710882,0.11205085,0.014925052,0.03975397,0.018455552,0.042120278,0.037804857,0.010688785,0.039226294
99999E40000444,4,False,DO,DO.01,False,0.0,0.0056897774,0.13039395,0.05538954,0.007270449,0.547574,0.01604993,0.18550509,0.04121227,0.002675868,0.0032181095,0.0,0.0007648306,0.0042562196
99999E40000445,4,False,56,56.30,False,0.0057792445,0.3031022,0.20196438,0.33701533,0.0,0.0018424123,0.00398554,0.0038690653,0.004288373,0.00094026554,0.00089155807,0.0,0.043173857,0.0931477
99999E40000459,3,False,CO,CO.02,False,0.0042050956,0.08930187,0.0,0.068576396,0.011543499,0.061604653,0.16637051,0.0,0.17609094,0.106765844,0.030045921,0.037892014,0.07143791,0.17616531
99999E40000461,1,False,46,46.71,False,0.1533127,0.0,0.0,0.0,0.0,0.8466873,0.0,0.0,0.0,0.0,0.0,0.0,0.0,0.0
99999E40000471,6,False,16,16.10,False,0.0,0.0,0.0012766385,0.0,0.0,0.20207843,0.0026950645,0.3737764,0.0,0.0,0.4186632,0.0,0.0,0.0015103258
99999E40000478,1,False,IL,IL.01,False,0.9956141,0.0,0.00438589,0.0,0.0,0.0,0.0,0.0,0.0,0.0,0.0,0.0,0.0,0.0
99999E40000485,3,False,CO,CO.02,False,0.16528776,0.07380902,0.0002776931,0.052870356,0.0065499363,0.059867013,0.119383894,0.0,0.110271335,0.047437232,0.01614846,0.011186202,0.181729,0.15518215
99999E40000489,4,False,DO,DO.01,False,0.0,0.017012665,0.40254885,0.03186117,0.004433868,0.1111458,0.03827317,0.16783388,0.15191081,0.012739505,0.015021749,0.0,0.020474518,0.026744109
99999E40000520,6,False,52,52.10,False,0.0,0.0,0.0,0.0,0.0,1.0,0.0,0.0,0.0,0.0,0.0,0.0,0.0,0.0
99999E40000521,6,False,52,52.10,False,0.0,0.0,0.0,0.0,0.0,1.0,0.0,0.0,0.0,0.0,0.0,0.0,0.0,0.0
99999E40000522,4,False,52,52.10,False,0.015814401,0.0033075775,0.056958318,0.033841375,0.003951344,0.7520098,0.039376568,0.016426582,0.014486255,0.026149262,0.0071506235,0.001455996,0.007598855,0.02147293
99999E40000523,3,False,52,52.10,False,0.0,0.0073965164,0.0,0.0,0.0,0.8925838,0.010291465,0.0019249131,0.06587143,0.0,0.0,0.0,0.010594601,0.011337283
99999E40000535,4,False,68,68.32,False,0.0,0.019619396,0.01228974,0.0,0.0025456864,0.30259082,0.07005601,0.2678542,0.004735937,0.026231773,0.10604464,0.0049728937,0.09628777,0.08677108
99999E40000541,6,False,52,52.10,False,0.0,0.0,0.0,0.0,0.0,0.9976492,0.0,0.0,0.002350818,0.0,0.0,0.0,0.0,0.0
99999E40000547,1,False,61,61.90,False,0.0,0.0,0.0,0.0,0.0,1.0,0.0,0.0,0.0,0.0,0.0,0.0,0.0,0.0
99999E40000554,5,False,46,46.73,True,0.029126551,0.0056099608,0.020733,0.006337556,0.014913392,0.32566175,0.09260308,0.07284047,0.005006072,0.038123608,0.26950395,0.066632785,0.001325318,0.05158258
99999E40000574,4,False,DO,DO.01,False,0.10853647,0.22448412,0.23406641,0.14164992,0.06874389,0.045103956,0.01217197,0.029558266,0.04274127,0.0030418425,0.0089511955,0.004785164,0.052786756,0.023378676
99999E40000579,1,False,IL,IL.01,False,0.99523735,0.0,0.0,0.0,0.0,0.0047626346,0.0,0.0,0.0,0.0,0.0,0.0,0.0,0.0
99999E40000580,1,False,IL,IL.01,False,1.0,0.0,0.0,0.0,0.0,0.0,0.0,0.0,0.0,0.0,0.0,0.0,0.0,0.0
99999E40000582,4,False,DO,DO.01,False,0.0,0.0970987,0.18137473,0.11797717,0.007314068,0.06117488,0.09134386,0.051411323,0.27852428,0.03173517,0.00835039,0.011039642,0.020689048,0.041966792
99999E40000588,4,False,DO,DO.01,False,0.02144677,0.05472559,0.096919276,0.026637409,0.003239405,0.59480053,0.021059928,0.16131432,0.004208582,0.00043698042,0.015211289,0.0,0.0,0.0
99999E40000599,1,False,IL,IL.01,False,1.0,0.0,0.0,0.0,0.0,0.0,0.0,0.0,0.0,0.0,0.0,0.0,0.0,0.0
99999E40000600,2,False,IL,IL.01,False,0.73109245,0.0,0.0,0.26890758,0.0,0.0,0.0,0.0,0.0,0.0,0.0,0.0,0.0,0.0
99999E40000605,6,False,CO,CO.02,False,0.0,0.0,0.0,0.0023411508,0.0,0.9860455,0.0,0.0,0.0,0.01161334,0.0,0.0,0.0,0.0
99999E40000615,3,False,CO,CO.02,False,0.021840176,0.18877296,0.043496057,0.050085273,0.0057916194,0.016831044,0.12894133,0.0,0.09350127,0.021713285,0.0427891,0.029740585,0.12469958,0.23179771
99999E40000621,4,False,DO,DO.01,False,0.005230529,0.018939013,0.15694366,0.030242309,0.020169403,0.20245838,0.057102095,0.15146653,0.08280033,0.012292259,0.19615874,0.0062149693,0.0061878217,0.053793907
99999E40000625,1,False,IL,IL.01,False,1.0,0.0,0.0,0.0,0.0,0.0,0.0,0.0,0.0,0.0,0.0,0.0,0.0,0.0
99999E40000648,1,False,IL,IL.01,False,1.0,0.0,0.0,0.0,0.0,0.0,0.0,0.0,0.0,0.0,0.0,0.0,0.0,0.0
99999E40000649,1,False,IL,IL.01,False,1.0,0.0,0.0,0.0,0.0,0.0,0.0,0.0,0.0,0.0,0.0,0.0,0.0,0.0
99999E40000650,1,False,IL,IL.01,False,1.0,0.0,0.0,0.0,0.0,0.0,0.0,0.0,0.0,0.0,0.0,0.0,0.0,0.0
99999E40000652,1,False,IL,IL.01,False,1.0,0.0,0.0,0.0,0.0,0.0,0.0,0.0,0.0,0.0,0.0,0.0,0.0,0.0
99999E40000681,6,False,DO,DO.01,False,0.00050885585,0.0,0.02590701,0.0,0.0013390944,0.86738044,0.0027674618,0.0051019494,0.0073516266,0.027576415,0.00998518,0.0,0.035834163,0.016247677
99999E40000685,4,False,DO,DO.01,False,0.0,0.014296249,0.2774932,0.030590136,0.0073740296,0.063315414,0.068706915,0.27749622,0.110064946,0.05693718,0.0,0.0,0.043012656,0.050713077
99999E40000687,5,False,70,70.22,False,0.0,0.0,0.0016564421,0.0,0.0,0.023787871,0.0017015334,0.11790402,0.0,0.004027272,0.8358773,0.0,0.0,0.015045464
99999E40000704,3,False,74,74.90,False,0.0,0.037311077,0.029929547,0.10502236,0.0,0.68401206,0.0015961645,0.016382612,0.002806443,0.0,0.080960035,0.008752594,0.0,0.033227116
99999E40000705,6,False,52,52.21,False,0.0,0.0,0.0,0.0,0.0,0.99653006,0.0,0.0,0.0,0.003469984,0.0,0.0,0.0,0.0
99999E40000715,4,False,DO,DO.01,False,0.0,0.15256865,0.37620696,0.083598234,0.016854143,0.027504712,0.023818174,0.09900143,0.084547006,0.02499797,0.037776083,0.003610389,0.017064067,0.05245226
99999E40000716,3,False,55,55.30,False,0.015304177,0.002441978,0.1391501,0.101717584,0.0027698053,0.6884413,0.0027681326,0.045993652,0.0014133366,0.0,0.0,0.0,0.0,0.0
99999E40000726,1,False,IL,IL.01,False,1.0,0.0,0.0,0.0,0.0,0.0,0.0,0.0,0.0,0.0,0.0,0.0,0.0,0.0
99999E40000757,6,False,CO,CO.02,False,0.0,0.0,0.0,0.0,0.0,0.9973953,0.0,0.0,0.0026047565,0.0,0.0,0.0,0.0,0.0
99999E40000758,6,False,CO,CO.02,False,0.0,0.004715392,0.002868349,0.0,0.002781429,0.98152953,0.008105259,0.0,0.0,0.0,0.0,0.0,0.0,0.0
99999E40000761,3,False,CO,CO.02,False,0.0074037053,0.088746905,0.010939729,0.020777196,0.009817956,0.04035458,0.12121005,0.0,0.3679124,0.1531367,0.046090256,0.03131699,0.05580091,0.04649263
99999E40000764,6,False,52,52.10,False,0.0,0.0,0.0,0.0,0.0,0.9974135,0.0,0.0,0.002586469,0.0,0.0,0.0,0.0,0.0
99999E40000765,4,False,CO,CO.02,False,0.018687274,0.0024073604,0.051016256,0.0050015934,0.0,0.9099054,0.0,0.0026052257,0.0,0.0,0.0,0.0,0.010376932,0.0
99999E40000767,6,False,CO,CO.02,False,0.0,0.0,0.0,0.0,0.0,0.99241906,0.0,0.0,0.0075809527,0.0,0.0,0.0,0.0,0.0
99999E40000773,4,False,52,52.10,False,0.0011087938,0.20070048,0.033897415,0.039300583,0.020943884,0.025651857,0.12004893,0.025431858,0.076638766,0.06617563,0.002657585,0.017159903,0.07690277,0.29338154
99999E40000777,3,False,41,41.20,False,0.0,0.06531259,0.118998885,0.025473129,0.014389631,0.4132064,0.01352746,0.026579287,0.15083344,0.020538602,0.039402205,0.027616905,0.056213867,0.027907496
99999E40000797,4,False,DO,DO.01,False,0.0,0.01915742,0.450289,0.16402182,0.0,0.1469815,0.097785465,0.09058084,0.019668423,0.001767502,0.0,0.0,0.0064263786,0.0033216737
99999E40000807,1,False,CO,CO.02,False,0.0,0.0,0.0,0.0,0.0,1.0,0.0,0.0,0.0,0.0,0.0,0.0,0.0,0.0
99999E40000813,6,False,47,47.29,False,0.0,0.0,0.0027290217,0.0,0.0,0.252965,0.0,0.7429937,0.001312249,0.0,0.0,0.0,0.0,0.0
99999E40000815,4,False,DO,DO.01,False,0.027863296,0.15559219,0.23735464,0.15074793,0.040490057,0.08640966,0.03680072,0.0820909,0.1471695,0.0029053772,0.011139073,0.01131191,0.00460682,0.0055178464
99999E40000819,1,False,61,,False,0.0,0.0,0.0,0.0,0.0,1.0,0.0,0.0,0.0,0.0,0.0,0.0,0.0,0.0
99999E40000821,6,False,61,,False,0.0,0.0,0.0018942961,0.0,0.0,0.9981057,0.0,0.0,0.0,0.0,0.0,0.0,0.0,0.0
99999E40000823,2,False,43,43.33,False,0.63510007,0.0,0.024842901,0.011993967,0.0,0.29785833,0.0024610837,0.0,0.0013801611,0.0,0.020195544,0.0061679767,0.0,0.0
99999E40000835,3,False,52,52.10,False,0.010111972,0.038227063,0.06530462,0.10371985,0.05624431,0.27747008,0.04808988,0.077823356,0.08188941,0.04103024,0.11714373,0.011555582,0.004958555,0.0664314
99999E40000840,3,False,52,52.10,False,0.00017490776,0.012569917,0.090366006,0.0057521216,0.02702956,0.641623,0.031640276,0.040107973,0.08131047,0.011587189,0.037817944,0.0017526841,0.008114278,0.010153667
99999E40000850,4,False,84,84.11,False,0.2007597,0.0,0.0,0.01063381,0.10285576,0.68112946,0.0,0.0035567945,0.0010645565,0.0,0.0,0.0,0.0,0.0
99999E40000875,6,False,52,52.10,False,0.0,0.0,0.0,0.0,0.0,0.9892038,0.0,0.010796222,0.0,0.0,0.0,0.0,0.0,0.0
99999E40000877,6,False,56,56.10,False,0.0,0.0036130701,0.071473576,0.0,0.0,0.07721778,0.0017497689,0.68623286,0.0028775062,0.0016529064,0.041183602,0.0014173479,0.0023886291,0.11019295
99999E40000884,4,False,41,41.20,False,0.00076655025,0.016944248,0.28245327,0.04147569,0.0119216,0.24704452,0.018787514,0.07115458,0.016668338,0.017502796,0.22995773,0.01017805,0.012601278,0.022543794
99999E40000898,2,False,41,41.20,False,0.0,0.0,0.0,0.0,0.005296007,0.17349623,0.04072946,0.05524248,0.011993275,0.02261306,0.6534302,0.021532448,8.1298356e-05,0.01558555
99999E40000918,2,False,41,41.20,False,0.01409915,0.0,0.0,0.009154306,0.2431089,0.19992393,0.054621525,0.11857486,0.05069101,0.0,0.22994803,0.077748194,0.0021300877,0.0
99999E40000929,5,False,41,41.20,False,0.0,0.010732835,0.0,0.0,0.0123565085,0.011247871,0.11214263,0.0,0.02138274,0.047278598,0.647667,0.09608048,0.0077691935,0.033342056
99999E40000935,5,False,41,41.20,False,0.02998193,0.0,0.0,0.0,0.030810978,0.4315513,0.018816635,0.023848029,0.008566981,0.013290331,0.43181816,0.008831415,0.0,0.0024841956
99999E40000937,3,False,52,52.10,False,0.031320907,0.010062749,0.07300124,0.07111208,0.018158063,0.55860895,0.03586079,0.08903382,0.031688098,0.005516586,0.0412504,0.00024170915,0.0052539622,0.028890666
99999E40000954,4,False,98,98.1,True,0.26100302,0.062805116,0.014093855,0.056688692,0.10682541,0.22040895,0.06257453,0.0004041123,0.035111193,0.07584269,0.0040189964,0.017905556,0.0012985166,0.08101929
99999E40000961,3,False,DO,DO.01,False,0.0066366917,0.14253768,0.24847277,0.0781982,0.040404048,0.19932036,0.017760243,0.08091538,0.05502162,0.015864559,0.0,0.022470292,0.077890776,0.014507415
99999E40000973,4,False,DO,DO.01,False,0.005595369,0.32740083,0.08672822,0.20205021,0.019293264,0.055358287,0.042772293,0.019013496,0.13195387,0.03714106,0.02043027,0.016129727,0.005265386,0.030867785
99999E40000979,2,False,41,41.20,False,0.0,0.0,0.0,0.0,0.0,0.0,0.04297559,0.0,0.017594308,0.06838193,0.7383375,0.12805912,0.0,0.004651513
99999E40000982,2,False,41,41.20,False,0.0,0.0,0.0,0.0,0.0,0.0,0.26455024,0.0,0.0,0.0,0.26530614,0.47014365,0.0,0.0
99999E40000985,5,False,41,41.20,False,0.0,0.0,0.0,0.0,0.018882196,0.032616705,0.032281358,0.0052296873,0.011155769,0.028531354,0.79902357,0.030960778,0.011292846,0.030025726
99999E40000991,1,False,46,46.51,False,0.0,0.0,0.0,0.0,0.0,1.0,0.0,0.0,0.0,0.0,0.0,0.0,0.0,0.0
99999E40001001,3,False,DO,DO.01,False,0.0,0.0,0.059369117,0.001400186,0.0031848578,0.76820654,0.04443997,0.029724652,0.0065259775,0.015953071,0.029619792,0.021362603,0.0,0.020213258
99999E40001010,1,False,IL,IL.01,False,1.0,0.0,0.0,0.0,0.0,0.0,0.0,0.0,0.0,0.0,0.0,0.0,0.0,0.0
99999E40001016,5,False,85,85.59,False,0.0,0.0,0.0,0.0,0.0,0.11805553,0.025434248,0.018654283,0.009277739,0.2141903,0.5619702,0.045214903,0.0,0.007202846
99999E40001038,3,False,DO,DO.01,False,0.018712468,0.0816159,0.1282861,0.0046846042,0.08004187,0.4236151,0.022238178,0.029874803,0.08648212,0.0089454325,0.0,0.031892788,0.024656877,0.058953945
99999E40001043,3,False,DO,DO.01,False,0.014188688,0.054446485,0.066332124,0.4259867,0.020278871,0.2709205,0.027675768,0.022872739,0.046666183,0.002829913,0.009832971,0.0,0.025188835,0.012780253
99999E40001049,3,False,DO,DO.01,False,0.007347229,0.06421701,0.0716986,0.12255819,0.00825412,0.27320403,0.05838669,0.078455314,0.123428255,0.015071518,0.054468744,0.017813861,0.017907042,0.087189436
99999E40001053,4,False,DO,DO.01,False,0.013380583,0.07579474,0.1724005,0.13411303,0.011600884,0.23239166,0.10339846,0.108188845,0.07274065,0.011192411,0.006603477,0.004785935,0.005665212,0.047743596
99999E40001065,1,False,61,61.90,False,0.0,0.0,0.0,0.0,0.0,0.994622,0.0,0.005378041,0.0,0.0,0.0,0.0,0.0,0.0
99999E40001081,1,False,IL,IL.01,False,1.0,0.0,0.0,0.0,0.0,0.0,0.0,0.0,0.0,0.0,0.0,0.0,0.0,0.0
99999E40001082,1,False,IL,IL.01,False,1.0,0.0,0.0,0.0,0.0,0.0,0.0,0.0,0.0,0.0,0.0,0.0,0.0,0.0
99999E40001083,4,False,DO,DO.01,False,0.0033977032,0.07858323,0.099745914,0.03807355,0.022402935,0.4584078,0.07237295,0.055718586,0.06497857,0.0057305484,0.054426335,0.017003767,0.012228543,0.016929587
99999E40001084,4,False,41,41.20,False,0.0,0.0,0.007221726,0.0,0.0153768165,0.34701374,0.069833376,0.030362155,0.006284241,0.016565671,0.45914933,0.026099175,0.0,0.022093743
99999E40001090,4,False,DO,DO.01,False,0.0,0.18295953,0.059986163,0.09192486,0.0,0.3505889,0.028533198,0.069895685,0.02672211,0.022776721,0.018287826,0.0069843316,0.12819174,0.013148889
99999E40001098,5,False,69,69.10,False,0.0,0.0,0.0,0.0,0.0,0.12518609,0.0019581048,0.03405562,0.0067993607,0.0026970722,0.82388824,0.0,0.0,0.0054155337
99999E40001100,5,False,DO,DO.01,False,0.0,0.0,0.006636255,0.0,0.0021815032,0.09620531,0.079054005,0.004959352,0.002839012,0.05507786,0.46297818,0.08872295,0.0,0.2013456
99999E40001109,4,False,41,41.20,False,0.0,0.0019481529,0.0,0.0,0.005492002,0.17740719,0.0759463,0.07752823,0.009637507,0.020197459,0.5493323,0.006174888,0.0110101625,0.065325774
99999E40001124,3,False,DO,DO.01,False,0.0,0.12311052,0.07814919,0.07956958,0.0,0.3584149,0.09343554,0.040467855,0.13356735,0.036054358,0.021355389,0.021849481,0.013051045,0.0009748538
99999E40001128,2,False,52,52.10,False,0.0,0.0,0.0014328171,0.0,0.0036616437,0.20781155,0.46762896,0.0,0.121258765,0.05221822,0.008968373,0.13701974,0.0,0.0
