pod,group,below_n_min,ateco_l1,ateco_l2,prosumer,f_1,f_2,f_3,f_4,f_5,f_6,f_7,f_8,f_9,f_10,f_11,f_12
99999E00000053,5,False,25,25.11,False,0.0,0.0,0.0,0.0073447307,0.00097627373,0.012719727,0.04884043,0.0,0.013492631,0.0,0.033568542,0.88305765
99999E00010036,3,False,DO,DO.01,False,0.003338907,0.1040626,0.3802562,0.058654558,0.17054886,0.047497593,0.174908,0.0,0.01027314,0.015851624,0.0038244668,0.030783959
99999E00010048,6,False,DO,DO.01,False,0.07206439,0.12788859,0.07034016,0.038051326,0.05021621,0.10292564,0.44737777,0.013426311,0.03135475,0.012175112,0.016285338,0.017894223
99999E00010056,6,False,DO,DO.01,False,0.0042453194,0.003741398,0.0016620578,0.15356176,0.03676684,0.05158391,0.5646099,0.01006429,0.03854206,0.067949876,0.0402271,0.027045568
99999E00010098,6,False,DO,DO.02,False,0.030914806,0.03672946,0.04453892,0.03636634,0.006616349,0.10369936,0.63199097,0.028389465,0.04605271,0.008064116,0.012103249,0.014534274
99999E00010122,4,False,84,84.11,False,0.0,0.032177083,0.0034492994,0.024402326,0.10497996,0.3261645,0.3630891,0.0,0.0317581,0.078331366,0.011955026,0.023693258
99999E00010123,5,False,56,56.2,False,0.0,0.0,0.0,0.0,0.112888336,0.019838575,0.397184,0.0,0.013685789,0.0,0.37956065,0.076842636
99999E00010127,4,False,DO,DO.02,False,0.0,0.0027005372,0.002382467,0.003260218,0.00623295,0.076844506,0.88670284,0.0,0.0022998913,0.0135363275,0.0034192533,0.0026210197
99999E00010131,6,False,DO,DO.02,False,0.024542186,0.02506159,0.02783549,0.03429506,0.026743617,0.13818045,0.6279468,0.017654873,0.040310808,0.01170988,0.010405745,0.01531354
99999E00010132,4,False,68,68.32,False,0.0,0.002925105,0.0063542086,0.0067019043,0.005499325,0.08861761,0.8743959,0.0,0.012912568,0.0,0.0025933592,0.0
99999E00010148,6,False,DO,DO.02,False,0.0,0.002984017,0.036059666,0.016249241,0.017118583,0.119111605,0.7604453,0.0066936812,0.033468407,0.0045382925,0.0013531055,0.0019781685
99999E00010161,4,False,DO,DO.01,False,0.0,0.084315635,0.14067608,0.055588577,0.08091646,0.1280782,0.46012205,0.018965667,0.022485472,0.0051587312,0.0036930754,0.0
99999E00010217,4,False,DO,DO.01,False,0.018802952,0.124473795,0.18517846,0.041028235,0.0,0.08095635,0.37294555,0.007099155,0.055644065,0.07719337,0.019254934,0.017423151
99999E00010218,4,False,DO,DO.01,False,0.0047718068,0.03967134,0.065401256,0.026790023,0.08438946,0.112015896,0.6192191,0.0,0.0027019903,0.015218148,0.008159021,0.0216619
99999E00010219,4,False,DO,DO.01,False,0.0051971073,0.2646472,0.06307783,0.2593833,0.061314277,0.052621268,0.17406969,0.0,0.058343872,0.0,0.03045674,0.030888718
99999E00010237,3,False,DO,DO.01,False,0.0008792243,0.095793575,0.18816365,0.06469222,0.041526437,0.38092953,0.16593829,0.0,0.0,0.05947807,0.0025990258,0.0
99999E00010293,4,False,DO,DO.01,False,0.0,0.06553142,0.23837337,0.09572402,0.20496142,0.11372244,0.14845519,0.0,0.060051445,0.02072189,0.023783812,0.028675016
99999E00010323,3,False,DO,DO.01,False,0.0,0.5194167,0.045852765,0.0,0.031991806,0.047378495,0.34471792,0.0,0.0043184087,0.0,0.0,0.0063239615
99999E00010343,3,False,DO,DO.01,False,0.01611164,0.2580453,0.08353729,0.048116244,0.08430099,0.20136353,0.25670293,2.3550112e-05,0.00714073,0.000116068404,0.024678836,0.019862836
99999E00010348,4,False,DO,DO.01,False,0.0077421595,0.12353504,0.1841337,0.1289871,0.15712084,0.08591855,0.21031062,0.0,0.04833562,0.012498762,0.016609078,0.024808634
99999E00010359,4,False,DO,DO.01,False,0.051357772,0.10044557,0.09388225,0.044379227,0.047546636,0.08752142,0.41873187,0.0010006501,0.063879296,0.016829044,0.06550713,0.00891918
99999E00010368,4,False,47,47.78,False,0.0,0.0,0.0043477244,0.0025082047,0.0,0.7398832,0.1143283,0.0,0.0,0.0,0.0,0.13893268
99999E00010370,3,False,DO,DO.01,False,0.068373546,0.25432137,0.21376662,0.05145577,0.057525028,0.1035188,0.17643526,0.0,0.03656655,0.021217791,0.016819302,0.0
99999E00010385,4,False,DO,DO.01,False,0.0,0.07270321,0.08210487,0.007397171,0.03525424,0.05606456,0.039740935,0.0051580393,0.6646085,0.0029093535,0.03405908,0.0
99999E00010427,4,False,DO,DO.01,False,0.0,0.0078595225,0.05128402,0.098082736,0.04683712,0.25511444,0.38297376,0.016453795,0.0653774,0.009800081,0.06621711,0.0
99999E00010429,4,False,47,47.71,False,0.0,0.0,0.0,0.010496696,0.009841562,0.00515611,0.02878986,0.00011601358,0.0011946976,0.37981746,0.02527445,0.5393132
99999E00010457,5,False,16,16.2,False,0.007871936,0.007711834,0.024309264,0.14087477,0.03748035,0.06757838,0.28738287,0.00087310805,0.029856013,0.20109876,0.074981175,0.11998162
99999E00010488,4,False,DO,DO.01,False,0.0103085395,0.110313386,0.18805201,0.049113628,0.060262997,0.08193195,0.16737989,0.1316445,0.079737276,0.049755927,0.03454003,0.036959928
99999E00010508,4,False,DO,DO.01,False,0.0058183,0.1543461,0.090314284,0.10467219,0.09223464,0.0533964,0.06017774,0.0,0.018551433,0.24608111,0.07604791,0.09835998
99999E00010541,6,False,DO,DO.01,False,0.08643511,0.0595983,0.039971054,0.033702057,0.03565659,0.26707515,0.36089125,0.0060639265,0.08111236,0.004105606,0.021877307,0.003511243
99999E00010570,4,False,DO,DO.01,False,0.020938378,0.042459875,0.09715557,0.030751906,0.14617208,0.33548388,0.22062609,0.0,0.009150263,0.029791556,0.012340834,0.055129576
99999E00010621,6,False,DO,DO.01,False,0.0,0.0959587,0.54694164,0.02387743,0.05850227,0.14640585,0.015832886,0.0016954702,0.04967264,0.008967678,0.039068572,0.013076854
99999E00010651,6,False,DO,DO.01,False,0.0,0.006572098,0.046432182,0.002053869,0.788024,0.004482801,0.011099774,0.004444539,0.06911166,0.0,0.06609321,0.0016858922
99999E00010675,6,False,DO,DO.01,False,0.019291645,0.022513475,0.14355926,0.0026441067,0.005619884,0.19242665,0.19393536,0.356966,0.039757248,0.009609184,0.008735271,0.004941888
99999E00010690,4,False,DO,DO.01,False,0.0017894116,0.037243616,0.011773001,0.0006892548,0.09924738,0.004055999,0.4586328,0.024057642,0.016791306,0.052693527,0.104928434,0.18809761
99999E00010695,4,False,DO,DO.01,False,0.0,0.0043034805,0.014745993,0.04265208,0.12003885,0.23260683,0.54468125,8.24843e-05,0.0015089128,0.005537446,0.013591213,0.020251544
99999E00010717,4,False,DO,DO.01,False,0.0,0.27483353,0.05862728,0.22226861,0.05592815,0.17677595,0.15074985,0.0,0.025601355,0.013845192,0.00995331,0.011416628
99999E00010739,4,False,23,23.3,False,0.0,0.0047095194,0.013902311,0.01612969,0.016942237,0.1308829,0.7961977,0.0,0.003804843,0.0,0.013898864,0.0035319047
99999E00010741,4,False,DO,DO.01,False,0.002160444,0.0,0.0,0.013603521,0.009209871,0.00020429069,0.97408307,0.0,0.0,0.00073880464,0.0,0.0
99999E00010770,3,False,DO,DO.01,False,0.009379059,0.22116897,0.46126923,0.057208613,0.072430216,0.017719038,0.04043751,0.0,0.018420873,0.063051164,0.038915347,0.0
99999E00010833,6,False,DO,DO.01,False,0.028646814,0.0,0.0039918944,0.01878205,0.05773523,0.075947255,0.56017756,0.010344286,0.18082505,0.0013078612,0.045442462,0.016799549
99999E00010848,6,False,DO,DO.01,False,0.0029440569,0.059422985,0.2843995,0.049394026,0.14364491,0.19651115,0.08898348,0.0135037135,0.028339874,0.08652449,0.014672107,0.0316597
99999E00010911,6,False,DO,DO.01,False,0.008668066,0.10012256,0.12125299,0.18602143,0.058578826,0.13422129,0.05321214,0.005217214,0.16106395,0.024691705,0.073445745,0.073504105
99999E00010933,4,False,DO,DO.01,False,0.00037852683,0.06642114,0.027672227,0.026507588,0.020054277,0.015164017,0.8277167,0.0018826933,0.002333102,0.003123038,0.0061887233,0.0025579243
99999E00010943,3,False,DO,DO.01,False,0.0,0.102965556,0.27006814,0.0,0.0,0.21924847,0.37316266,0.0053232643,0.029231904,0.0,0.0,0.0
99999E00010969,4,False,DO,DO.01,False,0.0048840935,0.13326013,0.18692842,0.13414827,0.07795811,0.030195337,0.26889172,0.0044010947,0.058299,0.044936035,0.049197245,0.006900547
99999E00011020,3,False,DO,DO.01,False,0.0,0.06227399,0.008025333,0.19615246,0.102217406,0.32169944,0.013630328,0.0,0.22366789,0.0,0.06283717,0.009495862
99999E00011021,4,False,DO,DO.01,False,0.13855839,0.25942683,0.3927171,0.010258441,0.009145965,0.06305604,0.08064182,0.0,0.0027235916,0.036841072,0.0066306666,0.0
99999E00011023,4,False,DO,DO.01,False,0.006356263,0.3964988,0.16782458,0.1167545,0.10415655,0.032569543,0.06667889,0.012900418,0.020773567,0.055189952,0.0022501259,0.018046835
99999E00011033,3,False,DO,DO.01,False,0.0,0.037849333,0.041813593,0.12810543,0.031759385,0.18843566,0.28068647,0.0,0.13910158,0.0607584,0.049873065,0.041617136
99999E00011041,3,False,DO,DO.01,False,0.005725126,0.14859661,0.12110115,0.24571817,0.06077296,0.107615165,0.22634518,0.0009755756,0.029327055,0.038225353,0.008842885,0.006754658
99999E00011042,4,False,DO,DO.01,False,0.17087604,0.14919707,0.111557215,0.14111064,0.083886065,0.044957854,0.17930147,0.0,0.003354273,0.112344846,0.003414578,0.0
99999E00011130,4,False,DO,DO.01,False,0.016826732,0.01867706,0.07280156,0.06540494,0.065898046,0.043478057,0.5878649,0.0015685537,0.0054993313,0.06837298,0.040923286,0.012684622
99999E00011197,3,False,DO,DO.01,False,0.0021609222,0.14234342,0.073028505,0.023391316,0.059417356,0.28331557,0.3714492,0.0023583397,0.009294634,0.0,0.012501335,0.020739516
99999E00011214,4,False,94,94.99,False,0.0054582646,0.0,0.008501013,0.059056677,0.001394593,0.04370281,0.8479493,0.0,0.0,0.0017248915,0.021556137,0.010656292
99999E00011228,3,False,DO,DO.01,True,0.25329003,0.0,0.18994868,0.068280466,0.0037847632,0.0001974836,0.07902805,0.0006657437,0.16419642,0.041237425,0.03589112,0.16347976
99999E00011264,4,False,DO,DO.02,False,0.0,0.0,0.0,0.0065648044,0.019277137,0.058220785,0.88506645,0.0,0.02311633,0.0027744416,0.0,0.004980043
99999E00011274,3,False,DO,DO.01,False,0.025015257,0.04269142,0.13795137,0.1024222,0.05735325,0.21256068,0.32396665,0.0037615388,0.03251278,0.004977906,0.02545376,0.03133321
99999E00011322,6,False,DO,DO.01,True,0.16051337,0.078899875,0.16014381,0.0,0.043335583,0.096019946,0.07897301,0.13977079,0.115868,0.026797935,0.0874586,0.012219106
99999E00011328,4,False,DO,DO.01,False,0.0,0.19764118,0.07238535,0.028947711,0.0838319,0.16721988,0.40300736,0.0,0.041365873,0.0,0.005600717,0.0
99999E00011548,4,False,DO,DO.01,False,0.019821512,0.046069343,0.2384305,0.033311065,0.05705963,0.38840476,0.08452419,0.0,0.012346077,0.028282747,0.0074692266,0.08428085
99999E00011559,4,False,94,94.9,False,0.14334421,0.010582085,0.051266972,0.024527108,0.007338989,0.07546923,0.21188477,0.0,0.003065875,0.019575235,0.025418088,0.42752743
99999E00011644,1,False,96,96.0,False,0.99432516,0.0,0.0,0.0,0.0,0.0,0.00567481,0.0,0.0,0.0,0.0,0.0
99999E00011650,4,False,84,84.1,False,0.0013718642,0.0,0.016202094,0.03175825,0.03939062,0.23457842,0.6249743,0.0036534048,0.028286433,0.004492175,0.013383135,0.0019092822
99999E00011653,1,False,IL,IL.01,False,1.0,0.0,0.0,0.0,0.0,0.0,0.0,0.0,0.0,0.0,0.0,0.0
99999E00011655,6,False,94,94.99,False,0.004096372,0.00037950583,0.00037829977,0.001897127,0.0,0.04736144,0.9378501,0.0,0.0033156509,0.0037773694,0.00094414136,0.0
99999E00011698,6,False,DO,DO.01,False,0.0,0.0033820027,0.024471365,0.022089615,0.02745841,0.15793273,0.0153256105,0.0011494352,0.14853606,0.09131408,0.15211925,0.35622144
99999E00011704,4,False,DO,DO.02,False,0.0,0.0006738514,0.0028620749,0.0008476946,0.0042142984,0.63819355,0.35145316,0.0,0.0017554335,0.0,0.0,0.0
99999E00011730,4,False,DO,DO.02,False,0.0025410708,0.01079407,0.019206509,0.0049844845,0.01395297,0.16924527,0.768071,0.0,0.009169778,0.0,0.0,0.0020348497
99999E00011731,4,False,DO,DO.02,False,0.0,0.0,0.0,0.0079247495,0.009549617,0.29573658,0.6824996,0.0,0.0020498685,0.0,0.0,0.002239671
99999E00011744,4,False,DO,DO.02,False,0.0,0.0,0.0,0.02492484,0.027836388,0.48242128,0.44494075,0.0,0.008346513,0.0,0.0027945295,0.008735801
99999E00011770,3,False,DO,DO.01,False,0.0,0.18836948,0.17953409,0.059654847,0.23634824,0.09124436,0.11954463,0.0,0.08272936,0.03622435,0.0063506537,0.0
99999E00011840,6,False,DO,DO.01,False,0.118378475,0.18809727,0.06525513,0.051984467,0.02334618,0.039013784,0.31575248,0.015568191,0.026644226,0.07963735,0.037707474,0.038614973
99999E00011857,6,False,DO,DO.01,False,0.0,0.0064844117,0.08495306,0.035480693,0.09898181,0.3883429,0.24143621,0.011082094,0.096205145,0.0075733466,0.0127834175,0.016676929
99999E00011872,4,False,DO,DO.01,False,0.00551255,0.004503871,0.07977949,0.06849636,0.1580108,0.026600985,0.6268121,0.0,0.0,0.0,0.0,0.030283839
99999E00011966,4,False,DO,DO.01,False,0.0009969166,0.05056875,0.07807564,0.03349471,0.038201082,0.059536785,0.67846805,0.0,0.01749346,0.0,0.019278638,0.023885952
99999E00011985,3,False,DO,DO.01,False,0.0016443466,0.17499177,0.13339189,0.07448266,0.023611983,0.07312971,0.30572355,0.0,0.015057219,0.043144323,0.0769346,0.07788791
99999E00012029,4,False,DO,DO.01,False,0.0,0.099576056,0.07061209,0.17019157,0.083541416,0.21532378,0.31307498,0.0,0.040604424,0.0,0.005184033,0.0018916562
99999E00012035,6,False,DO,DO.01,False,0.0,0.02828583,0.030427093,0.0069461833,0.05449814,0.36162654,0.4747192,0.0043628407,0.026526935,0.002750957,0.0061444324,0.003711941
99999E00012083,3,False,DO,DO.01,False,0.0,0.12132102,0.0,0.18295446,0.06884052,0.28882846,0.028364075,0.0,0.014653997,0.0,0.16596775,0.12906969
99999E00012088,3,False,DO,DO.01,False,0.06947074,0.10395693,0.0,0.0,0.14771254,0.03465231,0.6016812,0.0,0.0241204,0.014585202,0.0,0.0038207248
99999E00012127,3,False,DO,DO.01,False,0.007399107,0.06946934,0.13418086,0.032430463,0.04071215,0.31035674,0.33451656,4.057843e-05,0.053172495,0.015284234,0.0024374723,0.0
99999E00012136,4,False,DO,DO.01,False,0.0,0.11901931,0.16642272,0.032284543,0.08269935,0.28124195,0.12783556,0.0017446755,0.03480064,0.07208519,0.050437093,0.031428922
99999E00012169,6,False,DO,DO.01,False,0.0,0.010483837,0.12129645,0.06934068,0.22369921,0.39117473,0.020700093,0.00564656,0.1450136,0.0025143758,0.0028978095,0.0072326474
99999E00012177,3,False,DO,DO.01,False,0.0,0.23797466,0.5465613,0.0,0.08220212,0.0418437,0.055661745,0.0,0.020294867,0.0,0.015461595,0.0
99999E00012179,3,False,DO,DO.01,False,0.016847057,0.10665762,0.11609317,0.0080538625,0.07004254,0.040578373,0.6041003,0.0,0.025931133,0.004011781,0.004502648,0.003181548
99999E00012224,4,False,DO,DO.01,False,0.0026587169,0.13404562,0.06082363,0.100431435,0.11133251,0.09416261,0.4494153,0.0,0.006136279,0.013588999,0.0,0.027404893
99999E00012319,6,False,DO,DO.01,False,0.0,0.0036859114,0.0067174877,0.061435476,0.11797169,0.42396387,0.07353886,0.18692659,0.072549514,0.014822069,0.013087097,0.025301479
99999E00012426,3,False,DO,DO.01,False,0.0,0.18946677,0.21705031,0.0,0.07854993,0.13188374,0.05128205,0.018939393,0.118820414,0.15921234,0.03479507,0.0
99999E00012449,6,False,01,01.50,False,0.031515706,0.030835278,0.13965578,0.034293097,0.008030379,0.014625292,0.02660126,0.07101168,0.03164934,0.21534692,0.086790696,0.30964458
99999E00012503,4,False,85,85.3,False,0.0,0.0,0.0,0.0347927,0.029421765,0.45541734,0.46857208,0.0,0.0,0.0,0.0,0.011796156
99999E00012505,4,False,DO,DO.01,False,0.0055991095,0.091241345,0.050078783,0.11899995,0.12685737,0.18833873,0.334385,0.0067016054,0.039914943,0.01262132,0.009527075,0.015734816
99999E00012532,4,False,DO,DO.01,False,0.0015235567,0.21362057,0.14459226,0.052504446,0.16884817,0.03784022,0.072431676,0.0016624691,0.062044602,0.12290397,0.08416978,0.037858143
99999E00012593,4,False,DO,DO.01,False,0.056429837,0.26246127,0.13070667,0.08655493,0.045551,0.037593126,0.23115978,0.0,0.06790492,0.0311931,0.039909825,0.010535551
99999E00012615,3,False,DO,DO.01,False,0.0,0.16137473,0.13663636,0.0820914,0.10388473,0.04581941,0.13734867,0.0,0.042299055,0.021081038,0.082721494,0.1867432
99999E00012616,4,False,DO,DO.01,False,0.0138620995,0.22575086,0.038785085,0.056013722,0.120846085,0.034249783,0.40978625,0.0,0.02852878,0.009997988,0.046763144,0.015416213
99999E00012624,4,False,DO,DO.01,False,0.011675587,0.15234445,0.082879126,0.17325744,0.08460959,0.023439638,0.35239846,0.013274131,0.029175775,0.026885044,0.027535325,0.022525515
99999E00012658,4,False,DO,DO.01,False,0.0,0.07487351,0.023961343,0.0289111,0.013750664,0.041544,0.702598,0.0023599921,0.007127847,0.009095306,0.02206569,0.07371266
99999E00012661,3,False,DO,DO.01,False,0.0,0.0,0.53201365,0.0,0.0,0.057768717,0.057241317,0.0,0.0,0.15565558,0.104004785,0.09331598
99999E00012962,3,False,68,68.31,False,0.0,0.053516865,0.07142979,0.16071275,0.11785488,0.28166547,0.13512774,0.0,0.02309307,0.035185784,0.09477035,0.026643228
99999E00012977,4,False,DO,DO.01,False,0.005051092,0.079368696,0.17108668,0.0019090623,0.03878339,0.057676315,0.53224957,0.009379305,0.06711448,0.0064244093,0.022462038,0.008494949
99999E00013007,3,False,DO,DO.01,False,0.034807518,0.11785289,0.026166784,0.0313259,0.06816479,0.18649125,0.470048,0.0,0.007901731,0.0006626699,0.054318108,0.0022603634
99999E00013010,4,False,DO,DO.01,False,0.030419225,0.07367125,0.02585273,0.027904533,0.070877515,0.028790914,0.6605134,0.0,0.039827976,0.032126326,0.0100160865,0.0
99999E00013030,4,False,DO,DO.01,False,0.11572692,0.1763685,0.098184,0.040417094,0.025388809,0.053637795,0.43311244,0.00050670176,0.0020921412,0.02387306,0.026921982,0.0037705
99999E00013045,4,False,DO,DO.01,False,0.0,0.26602355,0.093641914,0.20701605,0.10615272,0.114232056,0.08542072,0.0,0.019619633,0.026575333,0.068208225,0.013109778
99999E00013080,4,False,DO,DO.01,False,0.0,0.214285,0.08070035,0.09972498,0.029679995,0.09758699,0.088198125,0.00010122108,0.13047643,0.041715425,0.12299102,0.09454048
99999E00013085,4,False,DO,DO.01,False,0.0,0.0,0.0,0.03277865,0.0,0.0038304555,0.92954475,0.0,0.0,0.033846155,0.0,0.0
99999E00013141,4,False,DO,DO.01,False,0.041998286,0.07193899,0.14054495,0.08538572,0.07625312,0.30897823,0.1313772,0.0,0.06603398,0.00015282109,0.032830548,0.04450608
99999E00013172,3,False,DO,DO.01,False,0.022712694,0.022427797,0.098822705,0.0044496916,0.011322015,0.1624701,0.676183,0.0,0.0002756718,6.456255e-05,0.0,0.0012717795
99999E00013193,4,False,DO,DO.01,False,0.033991836,0.08352686,0.25884715,0.0491261,0.09567171,0.038455497,0.39824727,0.0,0.0,0.013765466,0.0,0.028368138
99999E00013195,3,False,DO,DO.01,False,0.1662405,0.092327565,0.09879846,0.1615178,0.041173633,0.07566764,0.23970987,0.0,0.04423295,0.0071362415,0.03441573,0.038779665
99999E00013291,4,False,DO,DO.01,False,0.00073851866,0.09723057,0.026021197,0.11406909,0.07001186,0.2046244,0.32121962,0.00093670585,0.06727668,0.021760171,0.062368345,0.013742955
99999E00013320,3,False,DO,DO.01,False,0.0016992763,0.13088652,0.11112883,0.12781438,0.07509841,0.1140128,0.25784066,0.0036385632,0.023991477,0.03656036,0.024826715,0.09250207
99999E00013325,4,False,55,55.10,False,0.0,0.0,0.0,0.0014387073,0.0113611035,0.8467766,0.1359259,0.0,0.0034347372,0.0,0.0,0.0010629877
99999E00013332,2,False,84,84.11,False,0.0,0.0,0.0,0.0,0.0,0.0074744304,0.9925256,0.0,0.0,0.0,0.0,0.0
99999E00013345,4,False,DO,DO.01,False,0.0,0.13866323,0.054175027,0.20215681,0.1584791,0.0,0.10955272,0.035275094,0.12725796,0.047739655,0.12670043,0.0
99999E00013421,3,False,DO,DO.01,False,0.0,0.15176123,0.10970992,0.2237889,0.107636765,0.19761966,0.072902635,0.0010249318,0.06441783,0.007433667,0.06343222,0.0002722475
99999E00013450,4,False,DO,DO.01,False,0.025896996,0.077313825,0.18688104,0.056424707,0.110701695,0.024907693,0.3516906,0.0122428145,0.025389623,0.07347934,0.037654888,0.017416826
99999E00013453,4,False,DO,DO.01,False,0.0,0.08920353,0.3153298,0.06442606,0.09981179,0.119136006,0.13543922,0.021586766,0.12514205,0.026790626,0.0031341433,0.0
99999E00013589,4,False,DO,DO.01,False,0.06967503,0.09555297,0.08457257,0.03249347,0.21725374,0.07743219,0.1865691,0.0,0.102835685,0.035408333,0.071391925,0.026814967
99999E00013594,4,False,DO,DO.01,False,0.0063868146,0.14025591,0.2323873,0.054956593,0.049148172,0.09424912,0.35170323,0.005277461,0.0175339,0.011251137,0.023495335,0.013355082
99999E00013601,3,False,96,96.0,False,0.0,0.0,0.0,0.15633973,0.026014082,0.0013187843,0.0016591158,0.008529556,0.02824751,0.0,0.36968496,0.40820625
99999E00013697,4,False,DO,DO.01,False,0.00015939692,0.03006281,0.03882964,0.04369262,0.021023903,0.010642493,0.8241275,0.0,0.006801851,0.009394799,0.00024184362,0.015023161
99999E00013735,4,False,DO,DO.01,False,0.0,0.041037016,0.12103013,0.018520115,0.21336521,0.061071172,0.15295419,0.0,0.21452765,0.041654114,0.110216565,0.02562392
99999E00013736,4,False,DO,DO.01,False,0.008084721,0.14387187,0.06160367,0.14786097,0.0,0.18000202,0.32858968,0.0,0.034431398,0.0088532455,0.048171617,0.038530827
99999E00013737,6,False,DO,DO.01,False,0.0,0.06842106,0.079204105,0.106350735,0.08054486,0.06540793,0.38673872,0.0033839683,0.0635644,0.038714163,0.065557696,0.04211239
99999E00013753,4,False,DO,DO.02,False,0.0,0.0,0.0,0.0,0.0046104467,0.056107912,0.9368884,0.0,0.0023932252,0.0,0.0,0.0
99999E00013759,4,False,DO,DO.01,False,0.0,0.020787222,0.024126697,0.008075715,0.017388664,0.23108783,0.6310023,0.0,0.01294194,0.009929796,0.022676757,0.021983102
99999E00013789,4,False,DO,DO.01,False,0.0050625214,0.15988946,0.41492227,0.0150300525,0.0766038,0.1364532,0.17533126,0.004034542,0.001074957,0.0,0.007115716,0.0044822106
99999E00013809,3,False,16,16.10,False,0.0,0.36828193,0.0,0.0,0.0,0.0,0.0,0.0,0.0,0.6317181,0.0,0.0
99999E00013835,4,False,DO,DO.01,False,0.010051212,0.23070236,0.2771653,0.058922846,0.09649952,0.051364735,0.16319716,0.0020569533,0.052037254,0.022761552,0.022950081,0.012291069
99999E00013841,4,False,68,68.32,False,0.0,0.0,0.0,0.0,0.0076642996,0.054285157,0.9312635,0.0,0.006787073,0.0,0.0,0.0
99999E00013849,4,False,DO,DO.01,False,0.0040390855,0.16894634,0.2417965,0.086769395,0.06764759,0.14521791,0.102949396,0.0005533642,0.0592951,0.094549604,0.0,0.028235763
99999E00013854,3,False,DO,DO.01,False,0.006892512,0.10619231,0.08740991,0.051104587,0.020568019,0.32122445,0.31144634,0.0,0.026720094,0.03918852,0.014104057,0.015149242
99999E00013895,4,False,DO,DO.01,False,0.0,0.07831694,0.2191919,0.06928564,0.11951705,0.29891515,0.07791403,0.0,0.037028637,0.019506276,0.021149218,0.0591752
99999E00013918,4,False,DO,DO.01,False,0.0,0.0,0.016985768,0.0148260435,0.0379954,0.18722552,0.6876852,0.0029789512,0.003975884,0.023496931,0.007851661,0.01697866
99999E00013946,6,False,DO,DO.01,False,0.005483425,0.01924216,0.12738736,0.04109692,0.036496025,0.35082963,0.25580183,0.009421846,0.057498325,0.034049407,0.009334229,0.05335894
99999E00013957,4,False,DO,DO.01,False,0.0,0.0,0.0,0.035500467,0.083489224,0.0,0.8405052,0.0,0.0,0.031992514,0.008512628,0.0
99999E00013965,6,False,DO,DO.01,True,0.0057835574,0.019261437,0.051785365,0.014670768,0.02499921,0.7148149,0.14161529,0.0061838836,0.012148012,0.004440213,0.00081854674,0.003478882
99999E00013973,4,False,DO,DO.01,False,0.078053616,0.14288153,0.123166606,0.11197264,0.1087048,0.040613532,0.25262767,0.00089749525,0.007102049,0.0871814,0.04140165,0.005396958
99999E00013994,3,False,DO,DO.01,False,0.010298328,0.17448716,0.22457114,0.09410024,0.047245774,0.16636132,0.16438957,0.0017024128,0.041597318,0.01966414,0.04256286,0.013019647
99999E00014044,6,False,DO,DO.01,False,0.0,0.215691,0.13914627,0.03329394,0.074601546,0.07870958,0.0021147616,0.074169815,0.30256885,0.031460237,0.025177006,0.023067005
99999E00014061,3,False,DO,DO.01,False,0.004766597,0.03502261,0.09418224,0.10815704,0.20640695,0.028798776,0.00012580464,0.05643735,0.12572077,0.025573285,0.11601982,0.19878878
99999E00014097,3,False,DO,DO.01,False,0.0022710322,0.18236792,0.11092447,0.084874794,0.06653184,0.039816972,0.10755824,0.0,0.01552768,0.08067539,0.22455671,0.08489495
99999E00014109,3,False,DO,DO.01,False,0.084907256,0.11874007,0.14630486,0.088144295,0.052830603,0.043407056,0.26757613,0.0,0.043250203,0.016097533,0.1173576,0.021384437
99999E00014116,4,False,DO,DO.01,False,0.038252737,0.11167228,0.04101959,0.09064513,0.06387004,0.036083017,0.4584585,0.009257782,0.009098244,0.086469784,0.030836483,0.024336435
99999E00014130,4,False,DO,DO.02,False,0.07476171,0.28415304,0.3949592,0.0,0.0,0.002148198,0.23481628,0.0,0.0,0.009161595,0.0,0.0
99999E00014153,3,False,DO,DO.01,False,0.0,0.1383371,0.1719843,0.10011511,0.2720699,0.12414038,0.0,0.0,0.14426965,0.0,0.04908356,0.0
99999E00014160,4,False,DO,DO.01,False,0.0012889856,0.092814684,0.2562229,0.09235675,0.010540077,0.36749348,0.054800395,0.0,0.0037914063,0.07065214,0.027875086,0.022164077
99999E00014172,4,False,DO,DO.01,False,0.050571118,0.050324094,0.1093934,0.19551758,0.132025,0.024373457,0.08427887,0.054065406,0.0706543,0.08375314,0.11609484,0.028948756
99999E00014222,6,False,DO,DO.01,False,0.0,0.038005654,0.28594464,0.0018245161,0.37252316,0.07468064,0.08530536,0.010010568,0.07963554,0.036738835,0.005668768,0.009662338
99999E00014290,4,False,DO,DO.02,False,0.21145602,0.21979795,0.42212492,0.0023584068,0.0016659716,0.078017436,0.06312973,0.0,0.00024480745,0.0,4.6968875e-05,0.001157854
99999E00014297,6,False,DO,DO.01,False,0.0,0.058576066,0.34423557,0.07837448,0.04007064,0.114610404,0.071492985,0.0190582,0.116248764,0.11868896,0.021817742,0.016826268
99999E00014303,6,False,DO,DO.01,False,0.0,0.057034705,0.23902558,0.050525803,0.16429137,0.11738071,0.059780337,0.03234263,0.11877591,0.035057258,0.10238894,0.023396768
99999E00014340,6,False,DO,DO.01,True,0.0008072613,0.0,0.052897293,0.0,0.008981992,0.21232657,0.03617054,0.0,0.39231968,0.00849613,0.13320601,0.1547946
99999E00014361,3,False,DO,DO.01,False,0.0,0.6678069,0.2413547,0.0,0.053987447,0.0,0.033008542,0.0,0.0,0.0038423499,0.0,0.0
99999E00014367,4,False,DO,DO.01,False,0.004305477,0.012877611,0.06358695,0.03844579,0.09931183,0.09812252,0.50553006,0.0,0.09926242,0.03900692,0.030840624,0.008709768
99999E00014417,6,False,DO,DO.01,False,0.0,0.0007021528,0.028192822,0.044741433,0.014386662,0.10360488,0.14489746,0.34071055,0.23228452,0.017765107,0.05573471,0.016979719
99999E00014444,6,False,DO,DO.01,False,0.0,0.028627746,0.27368435,0.04547198,0.18750574,0.23740922,0.14447735,0.014376195,0.029449757,0.006207775,0.0025934863,0.030196423
99999E00014471,4,False,84,84.11,True,0.05918135,0.016330842,0.012588619,0.0127559705,0.0,0.11903946,0.70049417,0.0,0.0020582231,0.051776666,0.0,0.025774715
99999E00014483,4,False,DO,DO.01,False,0.0,0.17090197,0.12070567,0.020342916,0.08138992,0.27154452,0.08042002,0.0,0.123388246,0.0026846805,0.1193858,0.009236313
99999E00014487,6,False,DO,DO.01,False,0.0,0.13036399,0.11402988,0.14307089,0.09105623,0.1899552,0.053602304,0.0017102117,0.15104197,0.010488529,0.044050496,0.070630305
99999E00014505,6,False,DO,DO.01,False,0.0,0.057618488,0.061686985,0.06276498,0.05119653,0.38820398,0.13268857,0.06872801,0.10483851,0.011578825,0.024424817,0.03627029
99999E00014508,6,False,DO,DO.01,False,0.0,0.04996514,0.13136998,0.12284525,0.012041365,0.27107662,0.07454878,0.0,0.05610039,0.15609181,0.056285854,0.0696748
99999E00014530,4,False,70,70.2,False,0.0,0.0,0.0,0.0024985445,0.0,0.0,0.9695988,0.0,0.0,0.021433849,0.006468744,0.0
99999E00014566,4,False,DO,DO.01,False,0.005968932,0.115465514,0.1724673,0.14197047,0.22154047,0.023403127,0.11611298,0.011318759,0.09958932,0.03462264,0.021578893,0.035961673
99999E00014617,4,False,DO,DO.01,False,0.0,0.014710308,0.023417361,0.012644139,0.027267197,0.13266395,0.29203436,0.005877332,0.1677657,0.007422831,0.2784281,0.037768766
99999E00014631,4,False,DO,DO.01,False,0.0058919517,0.044799015,0.045101732,0.023347076,0.008483969,0.06816659,0.7290885,0.0,0.017463008,0.02650196,0.024359286,0.00679695
99999E00014634,6,False,DO,DO.01,False,0.012176514,0.0014764516,0.016587025,0.018301604,0.059169136,0.4460069,0.20218593,0.03204822,0.08105437,0.010851677,0.060044553,0.060097665
99999E00014649,4,False,DO,DO.01,False,0.011283207,0.020621356,0.09143019,0.09015638,0.29655102,0.0006587595,0.29623884,0.0,0.008557629,0.014186745,0.13912001,0.031195853
99999E00014650,4,False,DO,DO.01,False,0.05189896,0.28568053,0.22875422,0.020374026,0.018332846,0.04358303,0.16982451,0.0,0.0118407495,0.08303645,0.08667467,0.0
99999E00014656,4,False,DO,DO.01,False,0.029007014,0.06584779,0.06059753,0.010839236,0.0810876,0.030821208,0.5885596,0.0,0.03324109,0.061312303,0.008514082,0.03017246
99999E00014657,4,False,DO,DO.01,False,0.009953818,0.08271318,0.060091905,0.14245212,0.06656429,0.021055888,0.48212874,0.0,0.0,0.106258094,0.009401465,0.019380493
99999E00014660,4,False,DO,DO.01,False,0.008625387,0.2560603,0.19826953,0.15443951,0.16231471,0.020752735,0.11099636,0.0052411677,0.016715892,0.01164629,0.04160303,0.013335037
99999E00014674,4,False,DO,DO.01,False,0.0037445365,0.0,0.17521974,0.043387517,0.31255215,0.08622256,0.22140647,0.004444335,0.06355891,0.026813334,0.0049845306,0.057665862
99999E00014679,4,False,DO,DO.01,False,0.0967492,0.029570138,0.059047278,0.017885165,0.10406065,0.044944227,0.40117142,0.003247946,0.0712545,0.0045571406,0.10071971,0.06679275
99999E00014765,4,False,55,55.10,False,0.0,0.021482067,0.2132993,0.0034851858,0.017599097,0.4178161,0.32159275,0.0,0.0047255107,0.0,0.0,0.0
99999E00014789,6,False,DO,DO.01,False,0.0,0.01627769,0.025768535,0.016798638,0.07616392,0.08099411,0.68639266,0.004622027,0.07136484,0.003814044,0.008467725,0.009335796
99999E00014808,4,False,DO,DO.01,False,0.00995793,0.15780611,0.19420269,0.061861865,0.11039985,0.057033595,0.17641804,0.004365436,0.029861486,0.0773554,0.056933645,0.06380394
99999E00014859,4,False,DO,DO.01,False,0.0,0.05927624,0.0829947,0.03465564,0.06181419,0.037470866,0.665275,0.0,0.01825252,0.0076350663,0.013940796,0.018685019
99999E00014866,4,False,DO,DO.01,False,0.0,0.0,0.0,0.004609667,0.002226824,0.003928855,0.987178,0.0,0.0,0.0,0.0020566208,0.0
99999E00014892,3,False,DO,DO.01,False,0.0,0.07378,0.075017415,0.0,0.19365318,0.13748033,0.24941353,0.0,0.22113377,0.01317316,0.025572943,0.0107756965
99999E00014911,6,False,DO,DO.01,False,0.07160716,0.049889836,0.08459782,0.06543088,0.029761737,0.078074396,0.45077035,0.012942502,0.03713796,0.04650472,0.04845713,0.024825526
99999E00014968,3,False,DO,DO.01,False,0.0,0.0063171443,0.11221346,0.06664686,0.010535175,0.16776077,0.45875537,0.0,0.011188672,0.15003712,0.016545372,0.0
99999E00015012,6,False,DO,DO.01,False,0.0042465613,0.19901541,0.21124142,0.12712899,0.1934991,0.04050084,0.042738546,0.008899979,0.11961403,0.024997922,0.018225463,0.009891691
99999E00015079,4,False,DO,DO.01,False,0.0,0.0,0.0,0.0,0.0,0.0031749061,0.99682504,0.0,0.0,0.0,0.0,0.0
99999E00015081,3,False,DO,DO.01,False,0.05132203,0.17592926,0.29415622,0.08734899,0.017629704,0.05914946,0.1409497,0.0,0.021571403,0.057726286,0.051449955,0.042767026
99999E00015092,4,False,DO,DO.01,False,0.13981298,0.0054360116,0.08563199,0.009519473,0.100165464,0.08102178,0.4433765,0.016065912,0.06743782,0.02346168,0.021294715,0.00677566
99999E00015106,4,False,DO,DO.01,False,0.0,0.0119619565,0.057953097,0.036085133,0.02085513,0.3601131,0.4342337,0.0,0.051301368,0.0054024626,0.0130246915,0.009069378
99999E00015117,4,False,DO,DO.01,False,0.019234303,0.025377207,0.16396914,0.021060642,0.041213363,0.03714608,0.3825212,0.007838043,0.08480149,0.11328295,0.061843656,0.041711934
99999E00015119,3,False,DO,DO.01,False,0.022501884,0.36263257,0.16369446,0.042244438,0.026063304,0.019193297,0.3422536,0.0,0.0,0.02141646,0.0,0.0
99999E00015126,4,False,DO,DO.01,False,0.0044415323,0.00801766,0.0,0.045117408,0.14084126,0.15575211,0.1969311,0.012213276,0.12145883,0.059249215,0.16767442,0.08830315
99999E00015131,4,False,01,01.4,False,0.009304764,0.0,0.0043859077,0.0025708233,0.0,0.043039992,0.93829364,0.0,0.0,0.0,0.0,0.0024048225
99999E00015528,4,False,DO,DO.01,False,0.0,0.0,0.014125811,0.01389102,0.04171874,0.64179343,0.21778159,0.0,0.033509288,0.0024401785,0.0040572193,0.030682664
99999E00015569,4,False,DO,DO.01,False,0.005362487,0.14050308,0.167879,0.016262705,0.018144563,0.066681944,0.39533308,0.0,0.004634547,0.022242593,0.08183657,0.0811194
99999E00015654,6,False,DO,DO.01,False,0.002127969,0.13171233,0.30520356,0.094101846,0.17483921,0.02412687,0.02179758,0.046962176,0.07429559,0.079200715,0.037730604,0.007901592
99999E00015728,6,False,DO,DO.01,False,0.009694362,0.012342971,0.13605663,0.0018004793,0.09954542,0.050241537,0.63289833,0.0015342857,0.038350996,0.00924091,0.005881543,0.0024124852
99999E00015738,6,False,DO,DO.01,False,0.0,0.009208422,0.06433888,0.06572228,0.08586582,0.3040873,0.1309004,0.010832441,0.25231025,0.017541448,0.03482264,0.024370091
99999E00015850,4,False,DO,DO.01,False,0.07440878,0.17623895,0.113175355,0.07772411,0.049993243,0.025416387,0.27466822,0.0,0.059689,0.08204029,0.032234695,0.034410894
99999E00015917,4,False,DO,DO.01,False,0.020751264,0.067709066,0.066102736,0.095291115,0.11354711,0.07983606,0.5480542,0.0,0.0,0.005739114,0.0029693677,0.0
99999E00015959,6,False,84,84.24,False,0.017732348,0.06636595,0.17242754,0.022571957,0.12322943,0.23689857,0.2671319,0.01674108,0.018360177,0.053489413,0.0032971061,0.0017546024
99999E00015966,6,False,DO,DO.01,False,0.0,0.02854593,0.0737716,0.04634173,0.064470224,0.29398516,0.34080625,0.10417161,0.019845605,0.0057389843,0.008000245,0.0143227065
99999E00015991,6,False,DO,DO.01,False,0.0,0.045506503,0.031047272,0.0110490145,0.043954775,0.1493383,0.61835253,0.0066873804,0.06296518,0.002252358,0.021519892,0.007326763
99999E00015998,4,False,DO,DO.01,False,0.15924287,0.076794304,0.13105752,0.057152312,0.038630787,0.06346626,0.36337748,0.009993658,0.08686992,0.010770283,0.0026447189,0.0
99999E00016020,6,False,DO,DO.01,False,0.008630873,0.040187657,0.046641152,0.15694283,0.10825843,0.16797031,0.28186205,0.004531681,0.13996328,0.0082386965,0.017841551,0.018931484
99999E00016039,4,False,DO,DO.01,False,0.031851776,0.08000977,0.08541273,0.0470207,0.053435065,0.20693444,0.354942,0.013605271,0.021218292,0.00010579525,0.0771935,0.028270604
99999E00016131,4,False,DO,DO.01,False,0.008734309,0.17306757,0.26383543,0.03863621,0.044358604,0.11978587,0.16556686,0.005262497,0.06839451,0.06385188,0.023023887,0.025482444
99999E00016202,6,False,DO,DO.01,False,0.011205862,0.039603416,0.1508565,0.13351937,0.1094949,0.06355653,0.13970074,0.035672598,0.06654944,0.20929755,0.01794169,0.022601267
99999E00016275,3,False,DO,DO.01,False,0.010981917,0.11109792,0.25429693,0.045644633,0.01445593,0.17160629,0.28586438,0.0,0.042666905,0.028537225,0.027671833,0.0071761245
99999E00016300,4,False,68,68.20,False,0.004746468,0.04317324,0.09799929,0.048890438,0.17917258,0.014362766,0.5885276,0.0,0.004639283,0.016037276,0.0,0.0024510946
99999E00016301,4,False,68,68.20,False,0.006973568,0.15449454,0.19789162,0.1084946,0.14116892,0.05676163,0.10152355,0.017195357,0.044352595,0.06568765,0.0703007,0.035155375
99999E00016302,6,False,DO,DO.01,False,0.0021830818,0.030380847,0.065958366,0.17866032,0.35559452,0.10789184,0.039461493,0.009962014,0.107782386,0.0,0.0949256,0.00719949
99999E00016303,4,False,68,68.20,False,0.013563704,0.23222862,0.2738968,0.1305287,0.099522874,0.013082297,0.113926545,0.007985372,0.043096725,0.031807207,0.035125636,0.00523549
99999E00016310,6,False,DO,DO.02,False,0.019079607,0.020059738,0.06314672,0.02853612,0.02035029,0.1343863,0.6361161,0.0066052238,0.050928026,0.009208574,0.0,0.011583356
99999E00016420,5,False,81,81.22,False,0.014153292,0.02226871,0.044782687,0.10600541,0.044422,0.04080072,0.2238485,0.001348963,0.058351666,0.15769883,0.11501533,0.17130387
99999E00016462,4,False,DO,DO.01,False,0.00603896,0.04579895,0.16290458,0.1033611,0.059924863,0.19249728,0.25327727,0.019019024,0.07881987,0.058184586,0.009555186,0.010618355
99999E00016486,6,False,DO,DO.01,False,0.0016739372,0.3678909,0.13267952,0.21193263,0.088962205,0.053823445,0.015585525,0.017219305,0.087288596,0.0016486775,0.0056853634,0.015609813
99999E00016499,3,False,DO,DO.01,False,0.030250724,0.31335607,0.11654944,0.05630691,0.0,0.045717,0.32537004,0.0,0.05227636,0.0,0.060173478,0.0
99999E00016578,3,False,DO,DO.01,False,0.0,0.04086688,0.11576695,0.09843028,0.074619025,0.0,0.00833264,0.0029770578,0.06358517,0.059202854,0.4864367,0.049782448
99999E00016586,3,False,DO,DO.01,False,0.0033140215,0.23051383,0.14876659,0.15351982,0.12945855,0.053496614,0.1621672,0.0043521984,0.0632168,0.01175582,0.028804304,0.010634184
99999E00016733,3,False,DO,DO.01,False,0.0017248216,0.08618179,0.122927345,0.026344748,0.120633766,0.33360937,0.09773494,0.0,0.043177966,0.062480778,0.055631515,0.049552955
99999E00016773,4,False,DO,DO.01,False,0.0,0.0052217906,0.16595149,0.05617822,0.27103734,0.23453146,0.12439902,0.0,0.012211011,0.016929563,0.06062283,0.052917305
99999E00016789,6,False,DO,DO.02,False,0.0024376917,0.007607472,0.0071190414,0.013537776,0.015545025,0.105971575,0.80313134,0.0019737943,0.026129914,0.0009790913,0.0043245056,0.011242823
99999E00016791,6,False,DO,DO.02,False,0.045963522,0.0215133,0.035114877,0.066265605,0.048979796,0.20332427,0.4957843,0.007569899,0.042429276,0.0063578077,0.018210135,0.008487251
99999E00016801,4,False,DO,DO.02,False,0.0,0.0025228804,0.0060345996,0.002866387,0.0,0.022257496,0.96631867,0.0,0.0,0.0,0.0,0.0
99999E00016814,3,False,DO,DO.01,False,0.09268591,0.12434633,0.34022757,0.029771542,0.110236004,0.08858337,0.065404154,0.004652632,0.036149584,0.067456536,0.031651597,0.008834699
99999E00016879,4,False,74,74.90,False,0.38750023,0.10619782,0.16713494,0.0341466,0.034573022,0.056884028,0.16421345,0.0,0.0038707838,0.033323035,0.0021378414,0.010018231
99999E00016883,4,False,DO,DO.01,False,0.056383923,0.07149026,0.024644218,0.033284016,0.012171708,0.028179009,0.74917245,0.008639797,0.0052705207,0.0031260436,0.0,0.007638082
99999E00017161,3,False,DO,DO.01,False,0.0065839672,0.14509343,0.11517636,0.05785277,0.067981005,0.119877435,0.33995423,0.008540698,0.09255704,0.026286643,0.020096485,0.0
99999E00017174,4,False,74,74.20,False,0.0,0.004713653,0.04022938,0.008574146,0.022850744,0.061292745,0.42937744,0.0,0.0016003789,0.26053992,0.0,0.17082158
99999E00017247,6,False,DO,DO.01,False,0.0,0.059257757,0.060888994,0.06357574,0.18502308,0.4406427,0.074166425,0.0012793199,0.08864922,0.0071711647,0.010281547,0.009064054
99999E00020060,6,False,DO,DO.01,False,0.000959265,0.107934095,0.24786027,0.16512983,0.19560073,0.034263913,0.024283191,0.010801737,0.09872305,0.030524274,0.042896893,0.04102283
99999E00020233,6,False,DO,DO.01,False,0.013646081,0.28313702,0.17960116,0.03158238,0.117342085,0.12161216,0.0406268,0.008839838,0.13409162,0.014855772,0.03144207,0.023223102
99999E00020263,3,False,DO,DO.01,False,0.0,0.24121766,0.11502395,0.21405323,0.048442833,0.050758515,0.15724385,0.019521954,0.05906771,0.06919073,0.025479626,0.0
99999E00020279,4,False,DO,DO.01,False,0.0138896005,0.108092085,0.059399746,0.0990545,0.00031126186,0.036933962,0.62065977,0.0008971665,0.01621491,0.041818943,0.0,0.0027281186
99999E00020341,4,False,53,53.10,False,0.00013531467,0.0,0.0,0.0028775262,0.5721312,0.0,0.396786,0.0,0.0020378528,0.0018566799,0.011360334,0.0128151355
99999E00020380,4,False,47,47.71,False,0.0,0.00029590764,0.0074329353,0.004784248,0.002844622,0.036846,0.04362963,0.0,0.0043566995,0.27846783,0.022604048,0.59873813
99999E00020425,5,False,74,74.10,False,0.0,0.0,0.0,0.38738248,0.12837307,0.07591411,0.0,0.0,0.0,0.20356669,0.05831506,0.14644858
99999E00020434,4,False,16,16.23,False,0.0,0.0,0.0,0.0027860631,0.01758882,0.712118,0.11886565,0.0,0.016891751,0.0,0.0,0.13174963
99999E00020458,4,False,91,91.04,False,0.0053117382,0.0,0.0,0.0013200676,0.022139713,0.3605212,0.35033813,0.0,0.0024769644,0.0,0.0020361724,0.25585607
99999E00020529,2,False,64,64.19,False,0.0,0.0,0.0,0.0,0.0062173684,0.70815635,0.28562626,0.0,0.0,0.0,0.0,0.0
99999E00020552,3,False,DO,DO.01,False,0.00726277,0.08959229,0.21621473,0.06276266,0.03913826,0.077854894,0.31570834,0.0,0.049429446,0.075692385,0.041944534,0.024399642
99999E00020571,5,False,96,96.02,False,0.0,0.0,0.0,0.2746604,0.086876266,0.005046961,0.34470516,0.0,0.0,0.0074186902,0.09009295,0.19119959
99999E00020650,4,False,DO,DO.01,False,0.008349829,0.0,0.016827136,0.0074043646,0.03071873,0.042085547,0.8531025,0.009408606,0.032103285,0.0,0.0,0.0
99999E00020739,3,False,DO,DO.01,False,0.0,0.467078,0.09859935,0.24702275,0.034194693,0.028160509,0.024178792,0.0,0.027222926,0.023923362,0.039071918,0.0105477935
99999E00020774,6,False,01,01.41,False,0.0,0.0012725191,0.010454333,0.0014705306,0.05280189,0.013086456,0.0,0.8587674,0.030273935,0.003772509,0.009771644,0.01832887
99999E00020842,3,False,DO,DO.01,False,0.0010114278,0.08412238,0.06377046,0.08424286,0.05654257,0.48676738,0.0739273,0.004652424,0.08635661,0.012087356,0.02258038,0.023938809
99999E00020859,4,False,55,55.10,False,0.0,0.0,0.0,0.0037429414,0.027780894,0.8649266,0.10166703,0.0,0.0,0.0,0.0,0.0018825239
99999E00020938,3,False,DO,DO.01,False,0.0,0.17972669,0.32041454,0.08602813,0.13360184,0.0990703,0.015637936,0.0,0.04599579,0.009107113,0.074948624,0.03546904
99999E00020964,6,False,77,77.21,False,0.018877175,0.02869509,0.019691147,0.02496937,0.07576221,0.043144736,0.070148796,0.00796906,0.62333614,0.0023949551,0.015598573,0.06941274
99999E00021006,4,False,DO,DO.01,False,0.0,0.059043728,0.16003494,0.01362112,0.14920346,0.117019735,0.49334517,0.0,0.002049762,0.0,0.0028790554,0.0028030553
99999E00021047,3,False,DO,DO.01,False,0.05528889,0.29659,0.3287163,0.09052369,0.06263676,0.029679669,0.063217126,0.0,0.0,0.026000768,0.028870746,0.018476008
99999E00021135,5,False,25,25.62,False,0.0,0.0,0.0007042991,0.067830235,0.0007235671,0.007110429,0.034979172,0.0,0.027600512,0.007398943,0.0582829,0.7953699
99999E00021185,6,False,DO,DO.01,False,0.026912222,0.1127196,0.1304634,0.138065,0.105514586,0.15174928,0.186098,0.0053935573,0.04389316,0.05010594,0.025159752,0.023925517
99999E00021210,4,False,DO,DO.01,False,0.0,0.010325131,0.05294885,0.012764282,0.39710352,0.29095146,0.15190917,0.0018012546,0.003245842,0.011069969,0.003974495,0.063906096
99999E00021518,3,False,DO,DO.01,False,0.0,0.0333385,0.16680095,0.046509646,0.06357015,0.3355001,0.1177733,0.056860615,0.12867436,0.05097234,0.0,0.0
99999E00021541,4,False,53,53.10,False,0.0,0.0017988901,0.0017716261,0.0007490726,0.22685409,0.16092703,0.5244164,0.0,0.03255676,0.0,0.0068126027,0.044113543
99999E00021609,6,False,41,41.20,False,0.0,0.0,0.034345116,0.09664214,0.06307362,0.3018282,0.15101285,0.08009669,0.10875629,0.0074440045,0.016533494,0.1402676
99999E00021618,4,False,47,47.78,False,0.0,9.299459e-05,0.31343934,0.004496399,0.007189367,0.040251154,0.013412809,2.7123422e-05,0.0017132037,0.41937292,0.004506916,0.19549787
99999E00021646,5,False,47,47.74,False,0.0076353727,0.031005116,0.34914866,0.016860303,0.073593,0.040307317,0.15848619,0.0,0.0,0.0078947805,0.2702726,0.044796698
99999E00021755,3,False,DO,DO.01,False,0.042046674,0.18344353,0.15900296,0.07959268,0.13531238,0.053666815,0.06595795,0.0025927494,0.1171794,0.074456856,0.04554412,0.041203868
99999E00021788,4,False,DO,DO.01,False,0.0,0.05840175,0.2538105,0.040366486,0.17135623,0.34216383,0.0902963,0.0,0.00622764,0.020352555,0.0043985555,0.012626207
99999E00021801,3,False,01,01.4,False,0.0,0.0,0.06912788,0.1351723,0.0030417934,0.0038751618,0.08292012,0.0,0.0,0.036751527,0.58619106,0.08292012
99999E00021815,4,False,DO,DO.01,False,0.017953254,0.08886745,0.14339374,0.08349952,0.028982168,0.036842857,0.5469622,0.0,0.00070940994,0.015499804,0.02691648,0.010373111
99999E00021846,4,False,DO,DO.01,False,0.0,0.005131804,0.047893178,0.03243987,0.041156247,0.1459814,0.67869174,0.0,0.033396155,0.0074726082,0.0078369565,0.0
99999E00021881,4,False,55,55.10,False,0.0,0.0,0.002985038,0.0,0.005633023,0.90279293,0.08788364,0.0,0.00070537423,0.0,0.0,0.0
99999E00021886,4,False,56,56.30,True,0.005844024,0.0047176206,0.0032736722,0.0,0.0061319754,0.72244203,0.0923269,0.07654682,0.08729347,0.0,0.00069700286,0.0007265295
99999E00021915,4,False,DO,DO.02,False,0.006218695,0.0037794227,0.016793473,0.016546741,0.027029766,0.49077442,0.3845408,0.0,0.007892575,0.006751142,0.0059177675,0.033755235
99999E00021976,3,False,DO,DO.01,False,0.06956552,0.33253765,0.17658503,0.039578773,0.105887316,0.036123287,0.10682838,0.019615388,0.03202572,0.04115212,0.035081744,0.0050190296
99999E00022001,4,False,DO,DO.01,False,0.008372413,0.20998415,0.031434562,0.18892588,0.01118936,0.011386226,0.3803166,0.0,0.02532531,0.062260922,0.04498632,0.025818277
99999E00022043,6,False,94,94.99,False,0.0,0.010177381,0.013349416,0.024544535,0.07325648,0.09122188,0.03951355,0.00014723622,0.00377648,0.06693565,0.013163434,0.66391397
99999E00022065,4,False,56,56.30,True,0.07934821,0.0009329473,0.011744796,0.00851391,0.0032297694,0.13316509,0.7553611,0.0059749917,0.0017290737,0.0,0.0,0.0
99999E00022097,4,False,84,84.1,False,0.0,0.0,0.0,0.0,0.012394554,0.65548706,0.29804635,0.0,0.0015889631,0.0,0.0,0.032483075
99999E00022104,6,False,DO,DO.01,False,0.0,0.03770708,0.02488562,0.011182253,0.08320837,0.23794828,0.52359104,0.0021588851,0.041711405,0.007915912,0.013296222,0.016394971
99999E00022126,4,False,47,47.11,False,0.0,0.0,0.010125355,0.0031045938,0.010568425,0.829533,0.091391966,0.0,0.051088437,0.0023010762,0.0,0.0018871302
99999E00022149,6,False,43,43.22,False,0.0,0.0,0.0029845014,0.024914315,0.052459203,0.27779347,0.074821964,0.14854042,0.08624689,0.025820827,0.03623039,0.270188
99999E00022156,4,False,DO,DO.02,False,0.016178245,0.0004770911,0.02663854,0.05052309,0.11715872,0.3389761,0.28161657,0.0,0.021439103,0.0066964165,0.037601635,0.10269457
99999E00022158,4,False,DO,DO.02,False,0.0,0.0,0.011010985,0.018501878,0.035394896,0.3255543,0.48519078,0.0,0.021602638,0.0022050496,0.044802725,0.05573669
99999E00022180,4,False,DO,DO.01,False,0.010389351,0.04632965,0.05984537,0.07414418,0.113153055,0.065336935,0.51121426,0.0,0.01535687,0.017594546,0.054100737,0.032534968
99999E00022304,6,False,DO,DO.01,False,0.0019803238,0.10330521,0.14036407,0.08016464,0.1244421,0.08375904,0.14780065,0.04053882,0.15491572,0.03998844,0.045207795,0.037533082
99999E00022335,3,False,DO,DO.01,False,0.02869937,0.09601309,0.2339864,0.16161783,0.076817684,0.05104594,0.20842376,0.0,0.013246418,0.00077156606,0.08545634,0.043921575
99999E00022347,6,False,96,96.02,False,0.0,0.0,0.00542355,0.11354067,0.058972217,0.0061438833,0.028490517,0.0,0.0025761027,0.10363982,0.03618083,0.6450324
99999E00022354,5,False,47,47.11,False,0.0,0.0,0.0011998063,0.018292977,0.0006469659,0.0062786397,0.031879008,0.0,0.010024028,0.0032901135,0.04411784,0.88427067
99999E00022435,4,False,84,84.1,False,0.0,0.0039516836,0.007934269,0.35593635,0.003431007,0.2476258,0.047319777,0.0,0.00844516,0.14689057,0.022890719,0.1555747
99999E00022494,4,False,53,53.10,False,0.0,0.0,0.0,0.0038521138,0.50487626,0.016233858,0.46839184,0.0,0.0027250678,0.0,0.0,0.0039208974
99999E00022502,3,False,DO,DO.01,False,0.054961354,0.23460063,0.12249031,0.020536764,0.14124446,0.025795324,0.04837619,0.005035333,0.007752309,0.098710395,0.19586779,0.044629186
99999E00022565,5,False,45,45.20,True,0.011116232,0.00433697,0.052039426,0.033968743,0.0065327585,0.049824968,0.0020962607,0.0,0.102731794,0.3401282,0.009279108,0.3879455
99999E00022604,4,False,47,47.64,False,0.0,0.0,0.0,0.015223845,0.0044295,0.00066120666,0.00013311906,0.0,0.0020655396,0.04259712,0.020065868,0.91482383
99999E00022611,3,False,DO,DO.01,False,0.040015314,0.24784139,0.26026294,0.09942039,0.015698377,0.252633,0.050619088,0.011345246,0.012573051,0.009591238,0.0,0.0
99999E00022624,4,False,DO,DO.01,False,0.005355815,0.13062274,0.2921,0.030877238,0.14583963,0.030172227,0.27093828,0.004696287,0.03267388,0.029328488,0.018041477,0.009353913
99999E00022652,4,False,DO,DO.02,False,0.0,0.0,0.0,0.011820978,0.0,0.13119234,0.8569867,0.0,0.0,0.0,0.0,0.0
99999E00022695,4,False,DO,DO.01,False,0.0,0.018030673,0.014243784,0.01809627,0.043301936,0.101908654,0.7105545,0.0,0.064223014,0.0,0.029641232,0.0
99999E00022701,3,False,DO,DO.01,False,0.027769802,0.05725471,0.047420423,0.067601725,0.050025124,0.137198,0.37812516,0.0,0.06751457,0.037481032,0.042618647,0.086990856
99999E00022724,4,False,DO,DO.01,False,0.0,0.061421752,0.072171435,0.14830035,0.08328649,0.525069,0.0794387,0.006756523,0.021536963,0.0020188591,0.0,0.0
99999E00022763,3,False,01,01.1,False,0.0,0.0,0.006569823,0.29980296,0.0,0.0,0.31484053,0.0,0.0,0.24417843,0.055186518,0.07942187
99999E00022813,4,False,DO,DO.01,True,0.4987932,0.053442404,0.17783487,0.0,0.007775861,0.049998384,0.16258822,0.0,0.027590195,0.017759865,0.004216965,0.0
99999E00022827,2,False,60,60.10,False,0.0,0.0,0.0,0.0,0.0,0.0,1.0,0.0,0.0,0.0,0.0,0.0
99999E00022948,4,False,DO,DO.01,False,0.28864512,0.2374616,0.140106,0.017238004,0.024840849,0.13651577,0.13404651,0.0052637174,0.004975074,0.0025149023,0.00564252,0.0027499506
99999E00022969,4,False,DO,DO.01,False,0.000562567,0.34768412,0.06645721,0.1293515,0.06704808,0.07338492,0.16347349,0.0,0.045235343,0.046763822,0.055280168,0.004758822
99999E00023020,4,False,55,55.10,False,0.000484144,0.013160233,0.2525701,0.004916709,0.053151976,0.5332265,0.120817,0.0,0.006063069,0.0041023605,0.0040886463,0.007419395
99999E00023050,4,False,DO,DO.01,False,0.0,0.011278284,0.02668877,0.01652198,0.18374497,0.35750467,0.3872653,0.0,0.0141883325,0.0,0.0028077285,0.0
99999E00023092,3,False,DO,DO.01,False,0.025687741,0.08412204,0.20037806,0.015413698,0.060016938,0.032446846,0.043349214,0.0,0.18465415,0.30738798,0.034465898,0.012077524
99999E00023200,4,False,DO,DO.01,False,0.0023795909,0.0337695,0.106274605,0.13380262,0.2869542,0.11676361,0.08638762,0.0,0.08080263,0.016497241,0.06460072,0.07176771
99999E00023227,3,False,DO,DO.01,False,0.0,0.109390184,0.16481046,0.1008831,0.117098905,0.05936335,0.14032707,0.010840109,0.13811824,0.076036,0.055202942,0.027929692
99999E00023235,4,False,DO,DO.01,False,0.012236137,0.21673226,0.17563072,0.032864418,0.1057137,0.06952816,0.30409047,0.0,0.011784212,0.013744305,0.03844254,0.019233093
99999E00023248,4,False,DO,DO.01,False,0.031702325,0.16544387,0.11814595,0.10138907,0.05083352,0.075132616,0.35546556,0.004535522,0.02250774,0.017722048,0.04381018,0.01331161
99999E00023291,3,False,01,01.4,False,0.03575653,0.19006461,0.149213,0.04797865,0.053498317,0.007763929,0.08315895,0.0,0.06808601,0.169472,0.08288601,0.112122044
99999E00023306,4,False,DO,DO.01,False,0.0,0.032001782,0.19128554,0.075541556,0.09501477,0.4147241,0.14456978,0.0,0.0029056105,0.017560339,0.0059671975,0.020429324
99999E00023313,4,False,DO,DO.01,False,0.0,0.07309803,0.077760585,0.018025849,0.053643286,0.108645886,0.62341225,0.0,0.01643356,0.01532834,0.008839282,0.004812899
99999E00023377,6,False,DO,DO.01,False,0.0,0.03646271,0.121374995,0.113002025,0.30415145,0.19449656,0.006872957,0.0079739485,0.06273527,0.017186886,0.032777436,0.10296585
99999E00023382,3,False,DO,DO.01,False,0.0,0.02696301,0.019258047,0.063690424,0.15050621,0.18245448,0.34026217,0.003428893,0.1076896,0.010152179,0.07041895,0.025176076
99999E00023436,4,False,DO,DO.01,False,0.0,0.14128006,0.21989308,0.09628748,0.10326739,0.13032915,0.047063302,0.0,0.15369739,0.01376119,0.07458568,0.019835329
99999E00023482,4,False,DO,DO.01,False,0.43690962,0.15123108,0.1281942,0.031454626,0.044680174,0.07446965,0.09910741,0.0,0.009536148,0.009532325,0.0062137945,0.00867102
99999E00023491,3,False,DO,DO.01,False,0.0055075376,0.03584454,0.13233155,0.08011855,0.3514839,0.103553616,0.19877586,0.0,0.0,0.017359953,0.07502444,0.0
99999E00023521,4,False,47,47.30,False,0.002294335,0.0,0.006808124,0.0,0.004114927,0.40265077,0.56493556,0.0,0.0,0.0019778407,0.0042931424,0.012925352
99999E00023524,6,False,DO,DO.01,False,0.0,0.006800184,0.0051341294,0.30026644,0.06419774,0.07208419,0.04595223,0.2862475,0.17122975,0.0028836685,0.009612957,0.035591226
99999E00023574,5,False,47,47.78,False,0.0,0.007108963,0.009147408,0.079697244,0.023358626,0.07197628,0.057271168,0.0,0.009779524,0.039167166,0.027790673,0.67470294
99999E00023616,4,False,DO,DO.01,False,0.0,0.06871282,0.105291024,0.04088611,0.042153582,0.6269755,0.024377413,0.0,0.015027504,0.009206809,0.036042966,0.031326193
99999E00023678,4,False,DO,DO.01,False,0.0039655627,0.04978965,0.062225927,0.0152781205,0.0056854,0.021109125,0.75384057,0.0,0.07126364,0.008679701,0.00064065674,0.0075217206
99999E00023753,4,False,DO,DO.01,False,0.0,0.003994377,0.026047587,0.004862159,0.41832253,0.400268,0.09739119,0.0,0.023606988,0.0025677257,0.002559128,0.020380288
99999E00023773,4,False,DO,DO.01,False,0.0,0.0,0.018708516,0.035124913,0.09266265,0.42623255,0.19851065,0.0,0.22876075,0.0,0.0,0.0
99999E00023786,4,False,DO,DO.02,False,0.0,0.0,0.0,0.0022109854,0.0076643955,0.25271347,0.6882749,0.0,0.004609745,0.0,0.032027546,0.012498942
99999E00023810,3,False,DO,DO.01,False,0.0009911051,0.01647405,0.08671055,0.025542766,0.0321371,0.28682765,0.5180895,0.0015785808,0.017012509,0.0061419765,0.00849418,0.0
99999E00023819,4,False,DO,DO.01,False,0.0,0.0,0.006078206,0.009645533,0.033729076,0.4109177,0.53084624,0.0,0.0041742995,0.0027652988,0.0018436336,0.0
99999E00023861,4,False,DO,DO.01,False,0.00186857,0.08342409,0.14358287,0.06187343,0.07423696,0.10490905,0.45671415,0.002175498,0.012583145,0.035567638,0.006581399,0.016483199
99999E00023911,4,False,47,47.59,False,0.0,0.0,0.0,0.07751563,0.0,0.26684648,0.2204707,0.007986967,0.016135078,0.4008022,0.0,0.010242937
99999E00023916,4,False,DO,DO.01,False,0.0,0.04752075,0.014020079,0.16154191,0.42650327,0.031062156,0.13845585,0.019342976,0.10650196,0.053405106,0.0002862364,0.0013596228
99999E00023926,4,False,DO,DO.01,False,0.0,0.055697527,0.0278283,0.0803305,0.04455932,0.36148125,0.42699468,0.0,0.0,0.0,0.0013888393,0.0017195755
99999E00023956,4,False,77,77.21,False,0.0,0.009729758,0.34254685,0.015320821,0.017088445,0.25587067,0.05735919,0.0,0.003995504,0.11442259,0.005604911,0.17806138
99999E00023959,3,False,DO,DO.01,False,0.0,0.19764741,0.27013388,0.041851323,0.05201652,0.08941897,0.073896326,0.0,0.0966961,0.023295358,0.06683851,0.08820564
99999E00023984,4,False,84,84.11,False,0.0,0.017889617,0.00446346,0.010994283,0.02879043,0.108295865,0.8178299,0.0,0.0047742245,0.0024088044,0.0045534363,0.0
99999E00024008,6,False,DO,DO.01,True,0.17993386,0.19713229,0.15826978,0.033175927,0.076682515,0.049219407,0.20281386,0.0063006603,0.077684924,0.008988054,0.006260056,0.0035385762
99999E00024019,4,False,DO,DO.01,False,0.01353965,0.04909667,0.17356022,0.06307375,0.030548755,0.14412901,0.50021166,0.0,0.013666032,0.0038027246,0.0,0.008371534
99999E00024025,4,False,DO,DO.01,False,0.0,0.0,0.014364997,0.010263457,0.0,0.06501086,0.9103607,0.0,0.0,0.0,0.0,0.0
99999E00024080,4,False,DO,DO.01,False,0.0,0.0066845403,0.029265283,0.011503275,0.12560333,0.4258692,0.35619166,0.0,0.018256454,0.002146634,0.01081479,0.013664758
99999E00024104,4,False,DO,DO.01,False,0.0076556825,0.0010771962,0.079734415,0.027782321,0.031062076,0.06602571,0.6874234,0.0,0.0460027,0.014018145,0.033166844,0.0060515655
99999E00024132,4,False,DO,DO.01,False,0.0013175793,0.0,0.0169486,0.004562471,0.036265176,0.608296,0.28793916,0.0,0.015763424,0.0039425534,0.008348857,0.016616235
99999E00024188,4,False,DO,DO.01,False,0.0,0.04853966,0.30434504,0.11788712,0.38020346,0.079547934,0.001017114,0.0,0.0029373674,0.025550481,0.004058838,0.03591302
99999E00024232,3,False,DO,DO.01,False,0.0,0.17328277,0.16569097,0.056270365,0.06659612,0.037626848,0.31987455,0.0070588957,0.036337096,0.03816746,0.038314205,0.060780644
99999E00024304,2,False,64,64.19,False,0.0,0.0,0.0031531318,0.0,0.0,0.008155249,0.98645467,0.0,0.002236905,0.0,0.0,0.0
99999E00024397,4,False,DO,DO.01,False,0.0,0.018402394,0.63731587,0.0048101796,0.11243605,0.137491,0.012385364,0.007106694,0.04734412,0.013918722,0.0,0.0087896045
99999E00024399,4,False,DO,DO.01,False,0.007804765,0.005015049,0.12593792,0.0029650233,0.0,0.0,0.8069774,0.0,0.021790016,0.007828914,0.021680895,0.0
99999E00024429,4,False,DO,DO.01,False,0.0,0.0635428,0.24783455,0.09686771,0.17007983,0.118564,0.09905174,0.0054238415,0.11011949,0.018150045,0.032209687,0.038156323
99999E00024441,4,False,55,55.10,False,0.0,0.0,0.0,0.0,0.005212278,0.62965906,0.3651287,0.0,0.0,0.0,0.0,0.0
99999E00024469,4,False,47,47.11,False,0.0,0.0025884972,0.0046821684,0.0,0.074537456,0.6171077,0.22937292,0.0,0.07171132,0.0,0.0,0.0
99999E00024491,1,False,46,46.71,False,0.14242816,0.0,0.0,0.0,0.0,0.0,0.85757184,0.0,0.0,0.0,0.0,0.0
99999E00024521,6,False,DO,DO.01,False,0.0066010766,0.017975941,0.105019815,0.114251405,0.34840935,0.09097938,0.08441586,0.005529441,0.010469982,0.06561917,0.047981743,0.102746844
99999E00024592,4,False,52,52.10,False,0.0,0.0019792898,0.0,0.042442087,0.011175746,0.016317073,0.8632359,0.0019551523,0.011376893,0.0,0.02076645,0.030751405
99999E00024596,4,False,DO,DO.01,False,0.0,0.015039903,0.07586634,0.07724848,0.12347535,0.48648605,0.13472529,0.0,0.020472908,0.00959651,0.014237834,0.04285139
99999E00024616,3,False,DO,DO.01,False,0.004782481,0.074632876,0.09020434,0.051903177,0.093323804,0.07981132,0.45993596,0.0,0.13045605,0.008328886,0.0066211033,0.0
99999E00024617,4,False,DO,DO.01,False,0.01541389,0.1277975,0.07179708,0.059031237,0.068280004,0.21704626,0.37318525,0.00040971453,0.025970507,0.0105824955,0.030485993,0.0
99999E00024643,4,False,DO,DO.02,False,0.0063968417,0.016967088,0.015873203,0.006717873,0.026479121,0.21726672,0.67534244,0.00890564,0.015254921,0.0,0.0,0.010796156
99999E00024644,6,False,94,94.9,False,0.0,0.04723527,0.028246792,0.14784224,0.05286239,0.093628004,0.10389219,0.0,0.13311937,0.11898845,0.19233559,0.08184978
99999E00024683,6,False,DO,DO.01,True,0.031328555,0.037056785,0.15615967,0.1468615,0.06396003,0.049870543,0.05564583,0.026576988,0.15310106,0.101452865,0.14300503,0.034981113
99999E00024687,5,False,DO,DO.01,False,0.003459595,0.0145524405,0.007998585,0.4973735,0.0099636335,0.0021200401,0.1178089,0.0,0.0032215747,0.022108195,0.26116344,0.06023016
99999E00024716,3,False,DO,DO.01,False,0.055339925,0.18695216,0.0326196,0.08028433,0.05311587,0.016135361,0.5108369,0.004142863,0.01574288,0.036588024,0.002049627,0.0061924905
99999E00024726,3,False,01,01.50,False,0.07973421,0.051495012,0.09186046,0.0,0.0,0.0,0.0,0.075747505,0.0,0.44186044,0.0,0.25930232
99999E00024737,6,False,DO,DO.01,False,0.06806042,0.04010709,0.037279353,0.015517532,0.024284026,0.091520205,0.62961,0.0050283335,0.050776068,0.010513114,0.023266401,0.0040375106
99999E00024761,6,False,DO,DO.01,False,0.05520211,0.07987456,0.19283526,0.06613569,0.026921507,0.08276047,0.42623115,0.008499828,0.02753419,0.006081388,0.026488489,0.0014354181
99999E00024797,6,False,01,01.4,False,0.03995556,0.07808356,0.11563821,0.024510859,0.0,0.0045509925,0.21515086,0.0022934135,0.03594209,0.4042858,0.05396688,0.025621729
99999E00024824,4,False,DO,DO.01,False,0.025255283,0.11504458,0.11083601,0.06855006,0.063432775,0.029919498,0.4786465,0.0,0.042620942,0.0024963932,0.032105286,0.031092608
99999E00024894,6,False,45,45.20,True,0.068918385,0.004971409,0.013993198,0.019749098,0.008112069,0.17138974,0.41405836,0.0012016484,0.08203418,0.023560604,0.007417257,0.18459414
99999E00024921,4,False,DO,DO.01,True,0.14626491,0.10804713,0.28142196,0.019298334,0.01845121,0.2049568,0.20154086,0.0,0.008334888,0.011683912,0.0,0.0
99999E00024935,6,False,DO,DO.01,False,0.004116838,0.24736357,0.13864416,0.047292337,0.07800608,0.14234702,0.13382809,0.022466797,0.1025196,0.024812896,0.041671894,0.01693084
99999E00024971,4,False,DO,DO.01,False,0.0108251255,0.06315032,0.13829604,0.05206638,0.10044186,0.005134995,0.42962545,0.0,0.025652472,0.08809388,0.08671352,0.0
99999E00025005,4,False,56,56.30,False,0.0154575035,0.0,0.04089732,0.0,0.0,0.16427025,0.7740714,0.0,0.00069528975,0.0011575614,0.0028475388,0.0006031108
99999E00025021,4,False,85,85.3,False,0.0,0.0025273312,0.0,0.0,0.06088733,0.31668347,0.41172642,0.0,0.19557111,0.0016702481,0.0,0.010934179
99999E00025097,4,False,DO,DO.01,False,0.0,0.104733825,0.18063328,0.111329064,0.10880797,0.26206455,0.117850006,0.0,0.037840366,0.011829896,0.016010705,0.048900355
99999E00025122,4,False,DO,DO.01,False,0.0,0.10011246,0.049970098,0.12425037,0.009869126,0.083809756,0.16891739,0.29055732,0.007083493,0.15986556,0.005564414,0.0
99999E00025124,4,False,84,84.1,False,0.010409367,0.23696369,0.14076367,0.039276525,0.05814645,0.09641787,0.31446877,0.0,0.030419813,0.031149043,0.019861573,0.022123273
99999E00025146,5,False,96,96.02,False,0.0,0.011912461,0.031378,0.012238269,0.010532168,0.021343322,0.09031113,0.11004688,0.5471665,0.049608592,0.0096844835,0.10577821
99999E00025190,6,False,DO,DO.01,False,0.0,0.0,0.037084162,0.014491647,0.0064145303,0.052032173,0.015087125,0.49448374,0.29518375,0.011361574,0.070939854,0.0029214018
99999E00025202,4,False,DO,DO.01,False,0.0,0.20221163,0.07756569,0.08343153,0.04643985,0.35029635,0.1955621,0.0,0.038270477,0.004586033,0.0016363299,0.0
99999E00025238,4,False,DO,DO.01,False,0.017289935,0.105980545,0.15381597,0.037056968,0.077503726,0.08561687,0.33921623,0.0127743445,0.11056716,0.018232828,0.034993608,0.0069518434
99999E00025265,5,False,47,47.30,False,0.0,0.0017039053,0.0044012335,0.008791973,0.0,0.09954277,0.08764284,0.0,0.034745544,0.0,0.025579672,0.73759204
99999E00025267,3,False,DO,DO.01,False,0.03398598,0.39771426,0.12192715,0.04066999,0.0135992225,0.06265442,0.30253005,0.0016528867,0.0134577425,0.0,0.008457674,0.0033506327
99999E00025330,4,False,DO,DO.01,False,0.004263438,0.11824249,0.045202862,0.0678306,0.17704569,0.12029197,0.29414874,0.0022253292,0.08922409,0.0151957525,0.05858849,0.0077405437
99999E00025338,3,False,DO,DO.01,False,0.0,0.0,0.0,0.5092652,0.2538871,0.0,0.0,0.0,0.0,0.2368477,0.0,0.0
99999E00025358,4,False,DO,DO.01,False,0.0,0.0021250756,0.01207577,0.027261348,0.033258013,0.11253261,0.6455305,0.0,0.006489028,0.030216713,0.07504652,0.055464465
99999E00025359,6,False,DO,DO.01,False,0.0013620863,0.03579448,0.18369624,0.07494093,0.059997436,0.05535985,0.15876248,0.08730481,0.3307345,0.0018949095,0.007460224,0.0026920494
99999E00025373,6,False,DO,DO.01,False,0.0,0.057558764,0.12323849,0.04736531,0.14203416,0.42102987,0.09691393,0.0042914962,0.07459748,0.0075598815,0.0018103002,0.023600386
99999E00025379,6,False,DO,DO.01,False,0.0,0.007552429,0.075823836,0.06905205,0.12022655,0.58460814,0.025852807,0.025923427,0.056621302,0.0081906505,0.0063969227,0.019751897
99999E00025495,4,False,56,56.10,False,0.0,0.0,0.39807972,0.003288595,0.18968302,0.31269783,0.09625085,0.0,0.0,0.0,0.0,0.0
99999E00025534,6,False,DO,DO.01,False,0.0,0.0,0.0,0.030750195,0.19892079,0.12284904,0.13614337,0.3905871,0.010386443,0.008562717,0.018432958,0.08336737
99999E00025591,6,False,DO,DO.01,True,0.12324904,0.05329955,0.3290421,0.0007021997,0.019533288,0.082270056,0.041043136,0.060181107,0.16100311,0.00051147875,0.10084454,0.02832032
99999E00025613,4,False,DO,DO.01,False,0.0,0.050626006,0.07318745,0.14796716,0.16303506,0.09733753,0.39878058,0.0,0.010131878,0.018665869,0.022099333,0.018169168
99999E00025634,4,False,DO,DO.01,False,0.043652486,0.07981411,0.05227029,0.03789182,0.019343654,0.33109933,0.32894486,0.0,0.037079755,0.01087832,0.05875353,0.00027179223
99999E00025685,6,False,DO,DO.01,False,0.0,0.0,0.004954643,0.35004842,0.05421012,0.25225157,0.034632646,0.0021545826,0.14152268,0.007362721,0.052369438,0.10049328
99999E00025690,3,False,DO,DO.01,False,0.0234533,0.15283342,0.22194047,0.040313162,0.013918047,0.023735508,0.4646661,0.0017317386,0.029148795,0.0012100792,0.027049327,0.0
99999E00025698,6,False,77,77.39,False,0.0021188674,0.004859269,0.0035165604,0.007930791,0.0062493673,0.00071995927,0.007707817,0.0039795213,0.006956568,0.09601006,0.024999596,0.83495164
99999E00025707,3,False,DO,DO.01,False,0.047683463,0.17503482,0.047356952,0.32043073,0.13956541,0.0,0.134961,0.0,0.0059837545,0.07490355,0.021169698,0.03291065
99999E00025804,4,False,56,56.30,False,0.0005832455,0.0,0.026920818,0.0,0.017337553,0.8831458,0.07201258,0.0,0.0,0.0,0.0,0.0
99999E00025806,6,False,DO,DO.01,False,0.0016991058,0.16022782,0.1851331,0.1032064,0.16601229,0.09552739,0.067636065,0.016935056,0.08893985,0.027618032,0.039534733,0.047530163
99999E00025817,4,False,56,56.10,False,0.0001699733,0.0,0.0,0.0029320014,0.227455,0.74773145,0.020385725,0.0,0.0,0.00018550934,0.00012505728,0.0010153023
99999E00025841,4,False,DO,DO.01,False,0.0022593318,0.0029060403,0.040443156,0.054557756,0.084631555,0.2528784,0.3742039,0.004800115,0.102970496,0.027813606,0.013746198,0.038789343
99999E00025915,2,False,64,64.19,False,0.0,0.0,0.0,0.0,0.02151157,0.7324745,0.24601391,0.0,0.0,0.0,0.0,0.0
99999E00025933,4,False,DO,DO.01,False,0.0,0.14664708,0.22560316,0.014500587,0.026180442,0.06812452,0.43908826,0.00012574121,0.017494919,0.043951243,0.018284084,0.0
99999E00025950,4,False,55,55.10,False,0.0,0.0,0.0,0.0028429064,0.007863499,0.9474486,0.038152415,0.0,0.001230051,0.0,0.0016259251,0.0008366392
99999E00025981,4,False,DO,DO.01,False,0.008064497,0.10787998,0.062704645,0.045914996,0.07796844,0.25764903,0.4240579,0.0,0.013287178,0.0,0.0024734423,0.0
99999E00025989,2,False,68,68.10,False,0.0,0.0,0.0,0.0025353932,0.0,0.005236138,0.9922285,0.0,0.0,0.0,0.0,0.0
99999E00026011,6,False,14,14.21,False,0.0,0.014983176,0.01175502,0.0054402472,0.0004915404,0.01821261,0.005188553,0.018271852,0.041221503,0.12883738,0.06694236,0.68865573
99999E00026039,4,False,47,47.76,False,0.00042827873,0.0053640264,0.0023383829,0.049546592,0.006674351,0.044995386,0.055243865,0.0,0.0019311879,0.012587493,0.059252255,0.7616382
99999E00026049,3,False,01,01.4,False,0.0,0.0007488121,0.0040169917,0.014766294,0.009405639,0.0023374131,0.0,0.0,0.03039337,0.102552265,0.4334152,0.402364
99999E00026050,4,False,01,01.4,False,0.0,0.0028708624,0.0,0.15872808,0.0054429797,0.008423139,0.25939044,0.015228685,0.082169324,0.026209367,0.38089928,0.060637854
99999E00026052,4,False,DO,DO.01,False,0.0045283926,0.15973009,0.1476941,0.09101472,0.14875172,0.032100935,0.34242985,0.0,0.049454812,0.007716142,0.016579276,0.0
99999E00026068,4,False,55,55.10,False,0.0,0.005248652,0.37405086,0.018541707,0.019481333,0.44474882,0.1094707,0.0,0.003775986,0.01755556,0.0,0.007126364
99999E00026100,6,False,DO,DO.01,False,0.0035180182,0.024943916,0.12865031,0.06454252,0.241512,0.22670324,0.22325574,0.003147266,0.036283154,0.00358474,0.011660809,0.032198347
99999E00026107,1,False,IL,IL.01,False,0.9710238,0.00056950527,0.0,0.0,0.0,0.0,0.028406734,0.0,0.0,0.0,0.0,0.0
99999E00026112,1,False,IL,IL.01,False,1.0,0.0,0.0,0.0,0.0,0.0,0.0,0.0,0.0,0.0,0.0,0.0
99999E00026147,1,False,IL,IL.01,False,1.0,0.0,0.0,0.0,0.0,0.0,0.0,0.0,0.0,0.0,0.0,0.0
99999E00026156,1,False,IL,IL.01,False,0.99750376,0.0,0.0024962318,0.0,0.0,0.0,0.0,0.0,0.0,0.0,0.0,0.0
99999E00026158,1,False,IL,IL.01,False,1.0,0.0,0.0,0.0,0.0,0.0,0.0,0.0,0.0,0.0,0.0,0.0
99999E00026159,1,False,IL,IL.01,False,0.99251497,0.0,0.0,0.0,0.0,0.0,0.0074850307,0.0,0.0,0.0,0.0,0.0
99999E00026160,1,False,IL,IL.01,False,0.99145865,0.0,0.0,0.0,0.0,0.0,0.008541374,0.0,0.0,0.0,0.0,0.0
99999E00026161,1,False,IL,IL.01,False,0.99941146,0.0005130573,0.0,0.0,0.0,0.0,7.540681e-05,0.0,0.0,0.0,0.0,0.0
99999E00026178,3,False,01,01.1,False,0.0027376807,0.23419611,0.16276754,0.0,0.103409655,0.0,0.022274764,0.0,0.0027376802,0.42185166,0.0018666004,0.048158288
99999E00026193,4,False,84,84.24,False,0.009586975,0.0026183059,0.0059330193,0.036695752,0.031140296,0.019190904,0.8771937,0.004927921,0.0103666475,0.0,0.0,0.0023465243
99999E00026195,4,False,55,55.10,True,0.001168005,0.0060481397,0.013238833,0.0049725366,0.0468078,0.8370701,0.06481382,0.0,0.007119489,0.0059655905,0.0032927406,0.009503019
99999E00026225,3,False,DO,DO.01,False,0.015064167,0.1444183,0.27103353,0.082482934,0.1163773,0.021116337,0.06020696,0.0,0.12051333,0.07043933,0.0699534,0.028394407
99999E00026279,6,False,DO,DO.01,False,0.0,0.15137841,0.3555008,0.03233048,0.073332034,0.050659027,0.10483061,0.059308562,0.10915872,0.015387931,0.02543833,0.022675231
99999E00026285,6,False,DO,DO.01,False,0.020394174,0.14234342,0.08711226,0.14969508,0.13335246,0.121127255,0.28444833,0.00055909145,0.026187712,0.010241644,0.01785434,0.006684238
99999E00026330,3,False,DO,DO.01,False,0.0020124898,0.46142915,0.1599453,0.0,0.040925298,0.18361308,0.021927169,0.0,0.10176247,0.014594756,0.013790321,0.0
99999E00026401,6,False,DO,DO.01,False,0.0,0.14859965,0.5128383,0.03854164,0.05984997,0.13314825,0.024524624,0.0024565533,0.037839063,0.02850029,0.0062333373,0.00746828
99999E00026409,4,False,DO,DO.01,False,0.12831219,0.16581029,0.0960588,0.056842938,0.04357144,0.077724084,0.26408595,0.0017852032,0.10669062,0.0050354954,0.0540829,0.0
99999E00026423,2,False,DO,DO.02,False,0.0,0.0,0.0,0.0,0.0012218147,0.008992037,0.9897862,0.0,0.0,0.0,0.0,0.0
99999E00026455,4,False,DO,DO.01,False,0.0032029473,0.29328728,0.2980708,0.028700568,0.052866913,0.12578374,0.06658287,0.0,0.08867295,0.0063757794,0.033146117,0.0033100229
99999E00026456,4,False,DO,DO.01,False,0.014364461,0.0398483,0.25739506,0.026130913,0.19160075,0.06311849,0.29919675,0.0,0.05629993,0.0,0.01864339,0.033401933
99999E00026465,6,False,62,62.09,True,0.06259426,0.0064918133,0.020351905,0.021139981,0.015712384,0.11569894,0.68964225,0.0032549652,0.012686898,0.008904078,0.011273522,0.032249082
99999E00026471,2,False,60,60.10,False,0.0,0.0,0.0,0.0,0.0,0.0018904912,0.9981095,0.0,0.0,0.0,0.0,0.0
99999E00026481,6,False,47,47.78,False,0.006164078,0.14730577,0.21414438,0.015894277,0.072423294,0.38978845,0.09604522,0.005965699,0.019718098,0.008890333,0.0055071395,0.018153142
99999E00026505,4,False,DO,DO.01,False,0.0011594289,0.040517602,0.043472245,0.06367303,0.029809704,0.2065636,0.5604459,0.0,0.007929753,0.021981368,0.008423168,0.0160243
99999E00026551,3,False,DO,DO.01,False,0.07829842,0.22016542,0.2804131,0.055277035,0.06188671,0.061624248,0.07791812,0.03610683,0.042507607,0.049427953,0.016218882,0.020155763
99999E00026554,4,False,DO,DO.01,False,0.0035093755,0.0,0.011387955,0.001305666,0.016279425,0.010782889,0.91726536,0.0,0.0,0.012228677,0.0,0.02724065
99999E00026572,3,False,DO,DO.01,False,0.0010009023,0.17876707,0.07555744,0.023599269,0.0712695,0.16423343,0.38985226,0.00091050885,0.09130398,0.0,0.003505623,0.0
99999E00026575,4,False,DO,DO.02,False,0.0050511793,0.1871883,0.36291224,0.0,0.0,0.39477253,0.022943119,0.0,0.0,0.0,0.0012140118,0.025918562
99999E00026577,4,False,47,47.26,False,0.0,0.0026901467,0.0014108546,0.0029552865,0.003198734,0.8242662,0.044547495,0.0,0.004460028,0.00073289487,0.0018415388,0.113896824
99999E00026590,6,False,45,45.20,False,0.0,0.0012622011,0.0072892113,0.08324843,0.025109561,0.49313956,0.08284758,0.0018466031,0.03684472,0.06521079,0.06192512,0.14127623
99999E00026591,4,False,69,69.20,False,0.0,0.002082692,0.0038389964,0.009744337,0.014909903,0.74393564,0.1396446,0.0,0.068657316,0.0,0.008601104,0.0085853385
99999E00026594,1,False,IL,IL.01,False,1.0,0.0,0.0,0.0,0.0,0.0,0.0,0.0,0.0,0.0,0.0,0.0
99999E00026644,2,False,55,55.10,False,0.0,0.0,0.0,0.0,0.0,0.11278851,0.8872115,0.0,0.0,0.0,0.0,0.0
99999E00026650,6,False,41,41.20,True,0.080787435,0.0015842845,0.07001873,0.0059695034,0.0010718108,0.2191724,0.448666,0.004781145,0.13867117,0.021299295,0.0,0.007978263
99999E00026658,4,False,55,55.10,False,0.0,0.0,0.0,0.0,0.22369467,0.7434506,0.032854762,0.0,0.0,0.0,0.0,0.0
99999E00026701,4,False,55,55.10,False,0.0,0.0,0.0,0.0,0.0075393133,0.88803446,0.10068998,0.0,0.00373617,0.0,0.0,0.0
99999E00026709,4,False,94,94.91,False,0.0008557565,0.12167096,0.2511483,0.012626991,0.075123735,0.035487704,0.41531032,0.0,0.0069486834,0.0014528872,0.012429748,0.06694478
99999E00026719,4,False,55,55.10,False,0.0,0.0,0.011134202,0.00096048624,0.0039456007,0.7999996,0.18309322,0.0,0.0008668619,0.0,0.0,0.0
99999E00026723,4,False,96,96.02,False,0.0006644359,0.010260477,0.10461653,0.0021100282,0.004298839,0.018876782,0.004270129,0.0,0.0,0.081230365,0.0032140035,0.7704584
99999E00026728,4,False,55,55.10,False,0.0,0.0,0.0,0.0026012012,0.054840647,0.872186,0.048203286,0.0,0.009193108,0.0,0.0026876086,0.010288171
99999E00026745,4,False,56,56.10,False,0.0,0.0,0.00039010824,0.0019212266,0.45972458,0.324774,0.07201728,0.0,0.0013184159,0.0,0.0007458398,0.13910858
99999E00026773,4,False,94,94.91,False,0.0,0.0,0.0031399913,0.0012044888,0.22548176,0.569729,0.09877557,0.0,0.101669244,0.0,0.0,0.0
99999E00026778,2,False,55,55.10,False,0.0,0.0,0.0,0.0,0.0,0.88601327,0.11398678,0.0,0.0,0.0,0.0,0.0
99999E00026835,4,False,36,36.00,False,0.00585911,0.013741234,0.003997519,0.0,0.0019250013,0.0025682135,0.9578543,0.0015152328,0.0014935442,0.011045868,0.0,0.0
99999E00026850,5,False,16,16.23,False,1.0417742e-05,6.466184e-06,0.0,0.0926403,0.00067499775,2.3709343e-05,0.00055860647,0.0016003806,0.03535961,0.004639128,0.03389143,0.83059496
99999E00026858,4,False,55,55.10,False,0.0,0.0,0.0011894301,0.0014281432,0.4944411,0.47542816,0.026841747,0.0,0.0,0.0,0.0006714738,0.0
99999E00026870,4,False,DO,DO.01,False,0.0,0.023411093,0.08075915,0.029322457,0.09506102,0.26346985,0.3513591,0.011614401,0.04790029,0.016812237,0.08029041,0.0
99999E00026871,4,False,DO,DO.01,False,0.0021307217,0.026747158,0.047334705,0.020499555,0.037139926,0.1052256,0.6150998,0.0,0.045713097,0.009641673,0.05204555,0.03842213
99999E00026886,4,False,14,14.13,False,0.0,0.0,0.0,0.033700764,0.05609737,0.31069693,0.55876595,0.0,0.03816892,0.0,0.0,0.0025700848
99999E00026888,4,False,55,55.30,False,0.0,0.0,0.0,0.0052493443,0.0,0.0016768737,0.9930738,0.0,0.0,0.0,0.0,0.0
99999E00026907,4,False,52,52.10,False,0.0,0.032661863,0.031419687,0.08730837,0.23042779,0.035739895,0.5356052,0.0,0.0063067717,0.023313591,0.017047921,0.00016897215
99999E00026914,4,False,55,55.10,True,0.0060157245,0.014366984,0.10036194,0.006717638,0.064996436,0.636685,0.15849079,0.0,0.006676625,0.0029861035,0.0027027712,0.0
99999E00026925,4,False,DO,DO.01,False,0.0,0.15982544,0.08347825,0.1975855,0.03158335,0.12976374,0.08089623,0.0,0.24611367,0.0,0.026737427,0.044016283
99999E00026956,5,False,23,23.70,False,0.0,0.0,0.0,0.089471534,0.022045225,0.112420306,0.067362644,0.0,0.024761977,0.029900584,0.041364018,0.6126737
99999E00026965,4,False,10,10.51,False,0.0,0.0,0.0,0.0,0.8576682,0.004758367,0.08447097,0.0,0.03749648,0.0,0.0022629737,0.01334302
99999E00026993,4,False,41,41.20,True,0.0,0.0,0.0,0.011595546,0.011100611,0.5780314,0.3818296,0.0,0.012874804,0.0,0.0,0.0045680623
99999E00026996,4,False,56,56.10,False,0.0,0.0,0.0,0.0028660432,0.7712658,0.1918088,0.033591893,0.0,0.00046746898,0.0,0.0,0.0
99999E00027055,4,False,55,55.10,False,0.0,0.0,0.0,0.0,0.32927582,0.19840658,0.46619844,0.000683979,0.0054351864,0.0,0.0,0.0
99999E00027061,4,False,DO,DO.01,False,0.15210143,0.17965019,0.19191642,0.10390962,0.10827475,0.017067263,0.10859887,0.01803124,0.045044918,0.026368234,0.02432223,0.024714805
99999E00027064,4,False,33,33.20,False,0.0,0.0048556267,0.013061577,0.017296392,0.010419015,0.5116843,0.12794079,0.0,0.028940182,0.01948255,0.02143831,0.24488126
99999E00027084,3,False,DO,DO.01,False,0.0,0.19003242,0.27750814,0.09920418,0.30583724,0.097205624,0.0057904217,0.0,0.0,0.0,0.02442204,0.0
99999E00027086,6,False,DO,DO.01,True,0.1523331,0.101383656,0.12057258,0.0145203285,0.09047673,0.06331741,0.08712059,0.27649912,0.08380642,0.00433223,0.005637814,0.0
99999E00027094,4,False,47,47.72,False,0.0,0.0021437649,0.0,0.002637687,0.0033920032,0.015175524,0.015340789,0.0,0.0,0.013318553,0.021381572,0.9266101
99999E00027159,6,False,55,55.10,False,0.0,0.0023621535,0.014583018,0.022935469,0.0414226,0.6294594,0.055348985,0.033820868,0.0035610818,0.03188329,0.0022453966,0.1623778
99999E00027207,6,False,DO,DO.01,False,0.0,0.11518414,0.027643431,0.0136073725,0.047418542,0.07928074,0.052394457,0.3715699,0.19803436,0.016888155,0.05792979,0.0200491
99999E00027228,6,False,DO,DO.01,False,0.0030471801,0.09579842,0.20339929,0.13482542,0.12986374,0.050250772,0.26013377,0.008333576,0.034485463,0.0035134912,0.034049932,0.04229886
99999E00027247,6,False,49,49.41,False,0.0155618,0.007920355,0.0084843915,0.11500637,0.107874006,0.08440015,0.38129267,0.0,0.02782026,0.09757413,0.066256635,0.08780925
99999E00027270,3,False,01,01.1,False,0.0,0.0050321496,0.0,0.60833097,0.2773274,0.0,0.0044730217,0.0,0.0,0.10483646,0.0,0.0
99999E00027327,3,False,DO,DO.01,False,0.0016872291,0.026915485,0.09642984,0.05865729,0.07673918,0.21225117,0.3270112,0.00550397,0.07672711,0.0241066,0.070861034,0.023109952
99999E00027379,6,False,96,96.02,False,0.0,0.0,0.015320585,0.028155506,0.014436531,0.026933337,0.10674578,0.0014689623,0.007816359,0.28200927,0.04767357,0.46944013
99999E00027464,2,False,36,36.00,False,0.0028571861,0.0011508575,0.0031810463,0.0,0.0010872879,0.016021432,0.97531676,0.0,0.0,0.00038536036,0.0,0.0
99999E00027466,4,False,55,55.10,False,0.0,0.0,0.00078445347,0.0024007703,0.01128101,0.8937431,0.0864411,0.0,0.005349572,0.0,0.0,0.0
99999E00027494,1,False,IL,IL.01,False,0.98100257,0.0,0.0017891283,0.0,0.0,0.0,0.017208291,0.0,0.0,0.0,0.0,0.0
99999E00027497,6,False,DO,DO.01,False,0.0051869126,0.054624986,0.2540482,0.08524469,0.24153955,0.17196713,0.034774233,0.0087016085,0.052772205,0.029985027,0.027443215,0.033712227
99999E00027518,4,False,55,55.20,False,0.0,0.0031910385,0.036887705,0.005662031,0.012809311,0.62634915,0.31004116,0.0006029222,0.001250875,0.0021030754,0.0,0.001102805
99999E00027520,4,False,47,47.64,False,0.0,0.0074571986,0.09194104,0.03887477,0.18217823,0.43795288,0.025883779,0.0,0.017024476,0.033614174,0.0053278683,0.15974563
99999E00027529,4,False,56,56.30,False,0.0,0.0,0.0,0.0010420739,0.004302158,0.97194743,0.022030655,0.0,0.0,0.0,4.2682652e-05,0.0006350319
99999E00027541,6,False,84,84.11,False,0.0,0.0,0.0,0.096115805,0.05254456,0.048122335,0.4487703,0.029169697,0.16141468,0.018466957,0.013687473,0.13170822
99999E00027550,5,False,95,95.24,False,0.014378666,0.006673603,0.029773349,0.00047585915,0.00017105207,0.0015947713,0.047053467,0.0,0.015197912,0.05290782,0.34906325,0.48271024
99999E00027572,4,False,47,47.4,False,0.0,0.0,0.012027719,0.0,0.0,0.09819077,0.02204536,0.0,0.0,0.101468585,0.004019596,0.762248
99999E00027580,3,False,DO,DO.01,False,0.057215523,0.35400194,0.057837017,0.30701715,0.06342089,0.0,0.15470374,0.0,0.0,0.0,0.0058037816,0.0
99999E00027595,1,False,IL,IL.01,False,0.9889382,0.0,0.0,0.0,0.0,0.0,0.011061743,0.0,0.0,0.0,0.0,0.0
99999E00027675,4,False,56,56.30,False,0.0,0.0028896318,0.0024963259,0.010530082,0.010600442,0.46196517,0.5066089,0.0,0.0,0.0,0.0,0.004909445
99999E00027676,6,False,DO,DO.01,False,0.0,0.004217397,0.05587822,0.13164139,0.1322985,0.14986679,0.12084605,0.0017961713,0.16798954,0.07655002,0.012133983,0.14678197
99999E00027732,4,False,DO,DO.01,False,0.01190224,0.061106138,0.034109287,0.15989771,0.30205673,0.021429513,0.20864059,0.0,0.021830738,0.017776104,0.10218333,0.059067607
99999E00027766,4,False,DO,DO.01,False,0.0043984414,0.02083475,0.045908667,0.014257321,0.1226858,0.21322739,0.41959408,0.0046993494,0.096942104,0.0079802815,0.019736435,0.029735394
99999E00027801,3,False,47,47.59,False,0.0,0.12636821,0.23870867,0.46352604,0.14127785,0.002955764,0.01143399,0.0,0.004507512,0.0069479058,0.0005131143,0.0037609588
99999E00027836,5,False,10,10.51,False,0.0,0.00087108574,0.0017681067,0.10677641,0.04148543,0.03067264,0.10228583,0.0,0.12191726,0.0007621108,0.027356518,0.56610465
99999E00027846,5,False,08,08.11,False,0.0,0.0,0.0028594371,0.01202464,0.024609601,0.17928295,0.037491135,0.0,0.034190554,0.0,0.008909659,0.70063204
99999E00027851,2,False,47,47.11,False,0.0,0.0,0.0,0.0,0.0,0.92789,0.07210998,0.0,0.0,0.0,0.0,0.0
99999E00027928,5,False,18,18.12,False,0.0,0.0,0.0,0.05200957,0.0063350676,0.0008621688,0.013004094,0.0,0.05275133,0.00038280748,0.12583007,0.7488249
99999E00027948,4,False,DO,DO.01,False,0.0,0.06378546,0.084184855,0.03484204,0.02639884,0.104285255,0.6659578,0.002029926,0.018515809,0.0,0.0,0.0
99999E00027951,4,False,DO,DO.01,False,0.017157692,0.009679422,0.14660232,0.011372616,0.16144599,0.026075177,0.5187662,0.0,0.0709448,0.014053505,0.018258268,0.0056439773
99999E00027961,4,False,DO,DO.01,False,0.007974979,0.028348092,0.062311687,0.04779255,0.008889877,0.6399405,0.18351164,0.00080942136,0.007417785,0.004679969,0.0,0.008323512
99999E00027966,6,False,DO,DO.01,False,0.0029922118,0.04541202,0.22537947,0.04062074,0.058556788,0.27933654,0.10462366,0.01795957,0.06985461,0.100111924,0.006922391,0.04823012
99999E00028039,5,False,45,45.20,True,0.019500863,0.009424633,0.013733741,0.10208532,0.0065218797,0.020165093,0.02488429,0.017532798,0.32380587,0.07113018,0.07950321,0.31171215
99999E00028083,4,False,52,52.10,False,0.0,0.0,0.0,0.0,0.0,0.79985285,0.20006298,0.0,0.0,0.0,8.418266e-05,0.0
99999E00028124,6,False,84,84.11,False,0.0,0.0,0.0039608325,0.050237406,0.022886304,0.14599535,0.70983565,0.0024683757,0.007106672,0.038520165,0.002825554,0.016163709
99999E00028155,4,False,DO,DO.01,False,0.0013904644,0.0859605,0.026697863,0.03653201,0.10219362,0.1590994,0.38193157,0.01268917,0.0785707,0.013999234,0.041281972,0.059653603
99999E00028156,4,False,DO,DO.01,False,0.038320176,0.1609854,0.31237176,0.04673363,0.12020533,0.044425514,0.16574769,0.0,0.027254961,0.02898175,0.044316694,0.01065714
99999E00028157,4,False,DO,DO.01,False,0.1209808,0.108344026,0.14671278,0.07685321,0.07053861,0.03514334,0.40721703,0.0,0.004274248,0.008722581,0.0063081114,0.014905265
99999E00028200,3,False,DO,DO.01,False,0.0033401886,0.23082912,0.15796885,0.01985618,0.04136865,0.0670881,0.1630509,0.04295317,0.15849057,0.022486923,0.08037432,0.012193069
99999E00028242,4,False,DO,DO.01,False,0.0,0.0,0.00237691,0.0,0.0,0.0,0.9976231,0.0,0.0,0.0,0.0,0.0
99999E00028257,5,False,16,16.23,False,0.0005194139,0.0,0.002795231,0.0363093,0.0005707482,0.09287961,0.004035532,0.00030082953,0.054341413,0.0051129987,0.021234151,0.78190076
99999E00028305,4,False,DO,DO.01,False,0.0,0.23969048,0.22234342,0.017373014,0.18866211,0.07873689,0.15389009,0.0,0.024150826,0.027942246,0.0,0.04721097
99999E00028327,4,False,DO,DO.01,False,0.0,0.015111173,0.009040589,0.005143385,0.018824922,0.071035564,0.85820323,0.0,0.0,0.0,0.006407745,0.016233396
99999E00028387,4,False,56,56.30,False,0.0,0.0,0.0,0.0,0.0,0.64651906,0.35159492,0.0,0.0018860376,0.0,0.0,0.0
99999E00028397,3,False,DO,DO.01,False,0.03926753,0.14001605,0.08541174,0.1873851,0.053139582,0.016548984,0.34720284,0.0,0.019763824,0.063084625,0.025832374,0.022347314
99999E00028415,3,False,DO,DO.01,False,0.0068716453,0.17082396,0.19832493,0.006233672,0.065327555,0.21255106,0.2215523,0.010420986,0.04060855,0.030673422,0.02492712,0.011684826
99999E00028428,2,False,47,47.11,True,0.0,0.0,0.0,0.0012271286,0.0,0.9276581,0.07111479,0.0,0.0,0.0,0.0,0.0
99999E00028441,6,False,DO,DO.01,False,0.01556944,0.102739386,0.08377756,0.058419608,0.13010113,0.03922732,0.26232687,0.18524237,0.08563483,0.013805324,0.016288962,0.006867244
99999E00028453,6,False,DO,DO.01,False,0.028747007,0.19794714,0.1601913,0.20169769,0.057477977,0.06450206,0.091044635,0.0062562623,0.088803925,0.031838525,0.029636178,0.041857194
99999E00028466,4,False,DO,DO.02,False,0.0,0.0,0.0,0.0,0.0023145825,0.012967703,0.98063546,0.0,0.0,0.0,0.0040822816,0.0
99999E00028492,6,False,DO,DO.01,False,0.04659087,0.030864358,0.041278347,0.02067848,0.002962978,0.07005632,0.71845216,0.024545386,0.017971812,0.0057559353,0.015268564,0.005574808
99999E00028494,3,False,DO,DO.01,False,0.000960458,0.027991813,0.15956226,0.057415076,0.080075115,0.30181164,0.2346196,0.0,0.073296495,0.02516585,0.013923564,0.025178164
99999E00028502,6,False,DO,DO.01,False,0.0034291719,0.000720847,0.027871033,0.048945505,0.080534056,0.005710138,0.11119065,0.0023633486,0.039317053,0.20128107,0.2632996,0.21533757
99999E00028510,4,False,55,55.10,True,0.12291347,0.016000845,0.23608826,0.0,0.0028430976,0.20111069,0.42104366,0.0,0.0,0.0,0.0,0.0
99999E00028531,4,False,47,47.78,False,0.0,0.0020686472,0.016652249,0.0014552609,0.0004569764,0.5257788,0.45010448,0.0,0.00029407945,0.0008087185,0.0,0.0023807462
99999E00028547,4,False,85,85.59,False,0.0,0.0,0.0,0.11923558,0.007588242,0.44183266,0.22128579,0.0,0.009440918,0.0018526763,0.0,0.19876418
99999E00028557,2,False,47,47.30,False,0.0,0.0,0.0,0.0,0.0,0.11543675,0.88456327,0.0,0.0,0.0,0.0,0.0
99999E00028589,6,False,DO,DO.01,False,0.0023637782,0.068014,0.2529752,0.051584277,0.13712949,0.115114294,0.18460742,0.0141707435,0.12475118,0.010110653,0.020576904,0.018601969
99999E00028622,4,False,56,56.10,False,0.0,0.0,0.0036431474,0.012078603,0.5446671,0.32894766,0.10595976,0.0,0.0021797698,0.0,0.0,0.002523944
99999E00028624,4,False,55,55.10,True,0.00214398,0.0,0.0,0.00068901863,0.025839787,0.93325335,0.03366521,0.0,0.0021408054,0.00024005151,0.0,0.0020278618
99999E00028642,4,False,55,55.10,False,0.0,0.0,0.0,0.0018795007,0.16335244,0.7937978,0.031238347,0.0,0.0,0.0,0.004770429,0.0049614483
99999E00028653,4,False,47,47.78,False,0.0,0.0,0.034646064,0.0,0.0,0.41705284,0.014584952,0.0,7.557928e-05,0.076024614,0.0053201895,0.45229575
99999E00028698,4,False,82,82.99,False,0.0,0.0,0.005869263,0.0,0.0,0.24906814,0.10031988,0.0,0.0,0.0,0.0030104944,0.6417322
99999E00028722,6,False,DO,DO.01,False,0.0,0.028083818,0.1338071,0.057844006,0.071888186,0.37974507,0.059028085,0.024040638,0.21193881,0.004185467,0.0088372165,0.020601658
99999E00028728,4,False,49,49.39,False,0.0,0.014023181,0.027382102,0.16342127,0.18580501,0.38905534,0.06288414,0.0,0.07885668,0.0041635074,0.005168847,0.06923989
99999E00028769,6,False,DO,DO.01,True,0.1095374,0.2899915,0.25812134,9.982125e-05,0.016922861,0.0533254,0.035616603,0.09442964,0.113996506,0.0015807139,0.026378082,0.0
99999E00028773,2,False,61,61.10,False,0.0,0.0,0.0,0.0,0.0,0.0,1.0,0.0,0.0,0.0,0.0,0.0
99999E00028821,6,False,DO,DO.01,False,0.032556966,0.09051005,0.098001234,0.021283802,0.059545938,0.1249818,0.4513773,0.031829126,0.04850792,0.017633392,0.021040255,0.0027322099
99999E00028864,4,False,84,84.1,False,0.0,0.0,0.0,0.002468254,0.011153099,0.6032902,0.2600757,0.0,0.02359222,0.0,0.0017236975,0.09769693
99999E00028875,4,False,47,47.79,False,0.0,0.0,0.007858218,0.0015367976,0.008260286,0.029837437,0.033057343,0.0,0.0005941688,0.37497187,0.0001736715,0.54371023
99999E00028879,4,False,DO,DO.01,False,0.0,0.026478438,0.03197243,0.05880117,0.048444517,0.05157348,0.7511077,0.0,0.014358403,0.0023551343,0.0024422149,0.0124663785
99999E00028884,4,False,55,55.10,False,0.0041807326,0.0,0.008825341,0.0,0.0,0.5569029,0.43009102,0.0,0.0,0.0,0.0,0.0
99999E00028886,4,False,64,64.19,False,0.0,0.0,0.0,0.0032321091,0.24324787,0.50811636,0.23593248,0.0,0.0026089794,0.0,0.0,0.006862194
99999E00028928,4,False,DO,DO.01,False,0.015211663,0.14445232,0.23641753,0.060650665,0.17800328,0.13798541,0.17622562,0.0,0.01715777,0.0069282195,0.0127687575,0.014198805
99999E00028952,4,False,47,47.78,False,0.0,0.0,0.0,0.0,0.0,0.019363439,0.0,0.0,0.0,0.0,0.034708757,0.9459278
99999E00028955,6,False,96,96.0,False,0.0,0.0026083714,0.026827244,0.2534572,0.08852702,0.04958432,0.08629763,0.0,0.1772321,0.058256436,0.15422598,0.10298374
99999E00028961,4,False,55,55.10,False,0.0,0.0,0.0015807758,0.0,0.0023759413,0.67932385,0.29347596,0.0,0.023243457,0.0,0.0,0.0
99999E00028963,6,False,DO,DO.01,False,0.009191373,0.029555775,0.14998348,0.16835284,0.18787126,0.24376817,0.17102893,0.001313323,0.021414958,0.0043774573,0.0063486435,0.0067936834
99999E00028977,4,False,DO,DO.01,False,0.0,0.06769567,0.11838154,0.038612746,0.08338793,0.19574521,0.43624884,0.0,0.033050604,0.008667699,0.004755402,0.013454431
99999E00028986,6,False,DO,DO.01,False,0.0040560346,0.19754277,0.08795102,0.07431647,0.22981007,0.1444623,0.18272516,0.01951774,0.052068688,0.0,0.0018206913,0.005729062
99999E00029010,3,False,DO,DO.01,False,0.017015617,0.12134293,0.0442948,0.076667316,0.04357895,0.074869454,0.360704,0.06691822,0.12167065,0.041041438,0.031896506,0.0
99999E00029023,5,False,16,16.23,False,0.0,0.0,0.00026416074,0.17178628,0.015188094,0.021411898,0.028376874,0.025801882,0.09130057,0.0141675975,0.0866765,0.5450261
99999E00029111,4,False,47,47.64,False,0.006716692,0.0,0.007978513,0.0077662277,0.0011055794,0.008081259,0.043593965,0.0,0.0024276895,0.07006503,0.016195634,0.8360694
99999E00029137,3,False,DO,DO.01,False,0.0047916193,0.24876064,0.16107988,0.06085792,0.057265546,0.22148609,0.02252879,0.0030046029,0.19041356,0.0027875316,0.013569249,0.013454597
99999E00029139,3,False,01,01.1,False,0.008859466,0.004398832,0.018842269,0.23174937,0.023695527,0.037062887,0.35492396,0.0023702797,0.01072806,0.06644782,0.08275985,0.15816164
99999E00029144,6,False,96,96.02,False,0.00089914567,0.0,0.00045252667,0.18716802,0.0,0.06581447,0.2056783,0.004773782,0.084182166,0.02453687,0.14075233,0.28574243
99999E00029153,5,False,85,85.10,False,0.0,0.0,0.0057720663,0.023538208,0.39289623,0.010900655,0.12804651,0.0,0.083453454,0.0029530083,0.08084294,0.271597
99999E00029156,5,False,16,16.23,False,0.0,0.0,0.0,0.19338773,0.01314527,0.19311254,0.27800345,0.0,0.03247867,0.015405603,0.06959084,0.20487595
99999E00029159,4,False,52,52.10,False,0.0042353394,0.025490893,0.12769179,0.06322975,0.06256341,0.39101595,0.10654793,0.0,0.09374381,0.029125927,0.04305934,0.053295847
99999E00029182,5,False,25,25.11,False,0.0021392265,0.01024238,0.014031821,0.10252184,0.11865096,0.38179854,0.075518236,0.0012757038,0.10002371,0.0010266217,0.025467608,0.16730335
99999E00029213,5,False,85,85.3,False,0.00081676675,0.0,0.0,0.019651901,0.024278067,0.04747022,0.1207021,0.0005474315,0.15474792,0.0033747326,0.026670827,0.60174006
99999E00029221,5,False,41,41.20,False,0.0039798985,0.035398398,0.049283266,0.06279743,0.1590189,0.05704313,0.15354161,0.00528154,0.031076945,0.31248763,0.03446538,0.095625855
99999E00029227,6,False,DO,DO.01,False,0.0,0.13241419,0.059335373,0.08232499,0.029680356,0.16920336,0.39617667,0.009112231,0.057277657,0.0076752678,0.055228986,0.001570887
99999E00029241,4,False,55,55.10,True,0.034738183,0.0,0.17755705,0.0,0.0006348577,0.4150918,0.37010247,0.0,0.0018756539,0.0,0.0,0.0
99999E00029288,4,False,01,01.50,False,0.0,0.0,0.01911206,0.0033244032,0.010786152,0.36446586,0.56396496,0.013460109,0.018740509,0.0,0.00061413,0.0055318256
99999E00029297,4,False,55,55.10,True,0.03857713,0.0004406355,0.002100959,0.0,0.0,0.8400497,0.11883163,0.0,0.0,0.0,0.0,0.0
99999E00029327,4,False,DO,DO.01,False,0.0,0.107448384,0.3121441,0.08740373,0.12618673,0.1098652,0.098581865,0.004232591,0.064399675,0.030303206,0.031161416,0.028273122
99999E00029399,4,False,45,45.20,True,0.15103889,0.034027085,0.22659673,0.003545746,0.0018229737,0.35564095,0.19145599,0.010189352,0.015251839,0.010430445,0.0,0.0
99999E00029411,4,False,10,10.71,False,0.0,0.0,0.0,0.0,0.02040488,0.8760724,0.10352271,0.0,0.0,0.0,0.0,0.0
99999E00029412,4,False,47,47.51,False,0.0,0.0,0.0,0.0013159068,0.0,0.0,0.06517565,0.0,0.0,0.21592553,0.003642191,0.71394074
99999E00029440,4,False,DO,DO.01,False,0.027866777,0.19035673,0.19911546,0.076359704,0.06092778,0.033258673,0.20594083,0.029214928,0.05871499,0.04910301,0.035669845,0.033471275
99999E00029447,4,False,01,01.41,False,0.00051458343,0.0005218431,0.0,0.0,0.01957767,0.9587397,0.010768231,0.0012528776,0.0008789246,0.0,0.0010442944,0.006701913
99999E00029456,3,False,DO,DO.01,False,0.0,0.7942134,0.0,0.0,0.0,0.0,0.0,0.009675488,0.1616948,0.0,0.03441629,0.0
99999E00029465,6,False,93,93.1,False,0.027584307,0.30024445,0.06177139,0.037040044,0.027478267,0.12584862,0.17769271,0.06552288,0.0045755743,0.15888052,0.00065317,0.012708049
99999E00029474,4,False,DO,DO.01,False,0.044500273,0.21538942,0.031390037,0.13223366,0.15264879,0.020985156,0.19971852,0.0,0.031205881,0.07510984,0.017135393,0.07968307
99999E00029475,4,False,DO,DO.01,False,0.044226076,0.0980895,0.022334887,0.07915411,0.13432904,0.010178914,0.5341973,0.0,0.014668077,0.015738167,0.047084,0.0
99999E00029507,3,False,DO,DO.01,False,0.0,0.04114044,0.28285336,0.10355626,0.06844681,0.19556847,0.024996031,0.0,0.014372307,0.11105977,0.07222331,0.0857832
99999E00029572,6,False,DO,DO.01,True,0.53537714,0.2255505,0.14624818,0.0039410014,0.008397082,1.4819172e-05,0.022273216,0.020378608,0.03192678,0.00014504827,0.0053869933,0.00036059986
99999E00029574,6,False,45,45.20,False,0.0,0.020577904,0.08314606,0.23044853,0.34436545,0.241542,0.012240845,0.0011605582,0.019597966,0.0065512164,0.003138397,0.037231065
99999E00029583,4,False,56,56.10,False,0.0,0.0,0.0,0.0,0.023214554,0.93003875,0.04475695,0.0,0.0019897372,0.0,0.0,0.0
99999E00029604,6,False,16,16.29,False,0.0,0.00031254938,0.0016023279,0.04978721,0.0019459623,0.0025302807,0.018380243,0.0,0.0051404233,0.17768688,0.18401183,0.5586023
99999E00029609,6,False,DO,DO.01,True,0.060695365,0.019296197,0.11737159,0.024027817,0.14217222,0.36581025,0.23697008,0.0018153408,0.014123611,0.0021245948,0.0015768214,0.014016162
99999E00029636,4,False,49,49.4,False,0.0,0.007906285,0.013689972,0.008626999,0.008769885,0.14901534,0.80965835,0.0,0.0023331577,0.0,0.0,0.0
99999E00029650,5,False,47,47.59,False,0.0,0.0,0.002998726,0.07764114,0.04945019,0.36885363,0.1779588,0.0,0.08463043,0.0,0.015815293,0.22265176
99999E00029675,3,False,DO,DO.01,False,0.0,0.54183227,0.29884008,0.0,0.0,0.0,0.005262593,0.0,0.12930942,0.0,0.024755664,0.0
99999E00029718,4,False,DO,DO.01,False,0.019843662,0.04172349,0.24201035,0.024773648,0.16880779,0.17908715,0.24066828,0.007181436,0.036133654,0.014835391,0.016399033,0.008536081
99999E00029721,4,False,56,56.30,False,0.0,0.011904718,0.033412695,0.0068796035,0.03731072,0.5660112,0.33519855,0.0,0.0,0.0,0.0,0.009282472
99999E00029722,6,False,94,94.99,False,0.0032404638,0.0,0.0005490035,0.0055003827,0.0,0.08343636,0.8153638,0.0033942356,0.06099149,0.0,0.020424236,0.0071000094
99999E00029733,4,False,55,55.10,False,0.0,0.00071446603,0.0,0.00765318,0.0066294754,0.89469904,0.08217249,0.0,0.006815103,0.0,0.0,0.0013163278
99999E00029736,4,False,DO,DO.01,False,0.05255339,0.059352424,0.10398893,0.068091966,0.0717407,0.13966814,0.23862919,0.011313981,0.07984147,0.091823265,0.05287278,0.030123835
99999E00029737,4,False,47,47.71,False,0.0,0.0,0.0,0.009195883,0.0016668696,0.0040730303,0.02679278,0.0,0.0,0.13107863,0.0068038194,0.820389
99999E00029749,6,False,DO,DO.01,True,0.27110046,0.030324183,0.13780674,0.002366495,0.0067290966,0.11934905,0.31774834,0.012573622,0.09405617,0.007092462,0.0008533354,0.0
99999E00029752,3,False,DO,DO.01,False,0.0,0.11182747,0.3005406,0.0038907353,0.023568878,0.11602372,0.032372914,0.0032048686,0.107101224,0.1734183,0.08527195,0.042779386
99999E00029753,4,False,DO,DO.01,False,0.0023392283,0.112068176,0.11801975,0.310223,0.23870923,0.09110864,0.017098842,0.0008932355,0.06032184,0.0083859805,0.003000206,0.037831955
99999E00029776,6,False,DO,DO.01,True,0.0,0.024091229,0.0793682,0.025420882,0.41894704,0.3095977,0.0653323,0.013919596,0.0393711,0.00340926,0.003378999,0.017163698
99999E00029782,6,False,25,25.73,False,0.34141153,0.04356957,0.05216351,0.048596546,0.08320394,0.023022281,0.2845871,0.017473988,0.034986965,0.017037775,0.013249733,0.040697083
99999E00029825,4,False,47,47.64,False,0.002647214,0.0034815262,0.012640553,0.016980644,0.00015055246,0.038873482,0.019963674,0.0024218033,0.0030056126,0.25003,0.009082913,0.64072204
99999E00029835,3,False,DO,DO.01,False,0.0,0.25867066,0.082405545,0.09426244,0.018710317,0.128635,0.33270615,0.0039930814,0.06757863,0.005115278,0.00792288,0.0
99999E00029837,4,False,DO,DO.01,False,0.0,0.07331565,0.07990664,0.08134756,0.094821244,0.059328977,0.45364675,0.0,0.04907409,0.029404217,0.05877072,0.020384042
99999E00029838,4,False,43,43.22,True,0.087886035,0.013111439,0.17895152,0.005899465,0.0,0.37993118,0.28955382,0.0036669108,0.03936566,0.0016339623,0.0,0.0
99999E00029842,3,False,49,49.39,False,0.0,0.0,0.0,0.038473308,0.21209049,0.001799879,0.031579692,0.0,0.002433038,0.0,0.012698751,0.7009249
99999E00029847,4,False,DO,DO.01,False,0.0,0.011629905,0.019277249,0.0023394153,0.0,0.018497013,0.93905765,0.0010838043,0.0054371064,0.002677862,0.0,0.0
99999E00029879,4,False,56,56.10,False,0.025258468,0.0,0.0062247906,0.0041707875,0.018779472,0.04343923,0.85103875,0.044090588,0.0022344994,0.003415524,0.0,0.0013479117
99999E00029895,4,False,DO,DO.01,False,0.0,0.058244262,0.29471412,0.102000855,0.14362814,0.18292233,0.15146087,0.0,0.0042179804,0.03608644,0.010066946,0.016658137
99999E00029907,4,False,DO,DO.01,False,0.055502117,0.06005494,0.09361364,0.014167254,0.01958814,0.102272816,0.629466,0.00021712187,0.013637822,0.000651155,0.009812392,0.0010165346
99999E00029926,6,False,DO,DO.01,False,0.0,0.05109052,0.14532946,0.096596435,0.11151515,0.3206934,0.122337505,0.008978443,0.06514985,0.035756208,0.0052165985,0.03733645
99999E00029934,5,False,85,85.3,False,0.0,0.0027293263,0.007524941,0.00087774626,0.17295997,0.03244569,0.18521746,0.0011271357,0.4681743,0.0010382893,0.064305566,0.06359956
99999E00029937,4,False,DO,DO.01,False,0.0,0.057642873,0.11016557,0.0686345,0.23266514,0.10204024,0.17464484,0.10187645,0.10202244,0.046241768,0.004066228,0.0
99999E00029941,6,False,DO,DO.01,False,0.0,0.019273223,0.1577245,0.032626394,0.07040744,0.18663326,0.05593535,0.055272378,0.22854598,0.07331474,0.07411082,0.0461559
99999E00029963,1,False,68,68.31,False,0.08794894,0.0,0.0,0.0,0.0,0.0068758065,0.90517527,0.0,0.0,0.0,0.0,0.0
99999E00029967,4,False,DO,DO.01,False,0.0015871935,0.06631683,0.23534875,0.16600966,0.17320982,0.2394482,0.02602372,0.0,0.01747197,0.029529724,0.015362224,0.029691907
99999E00029971,4,False,DO,DO.01,True,0.30370826,0.11913776,0.21579565,0.018413274,0.0,0.13105135,0.15736634,0.0,0.013333047,0.025400866,0.0036712284,0.012122269
99999E00029972,4,False,DO,DO.01,False,0.20990363,0.1161584,0.20586987,0.068319224,0.07901297,0.069778726,0.18590008,0.0013589616,0.023128424,0.023956329,0.00584242,0.010770828
99999E00029973,5,False,47,47.78,False,0.14728625,0.053698458,0.056445472,0.075425856,0.0007698905,0.017998459,0.056355,0.0,0.0,0.15987557,0.01623791,0.41590708
99999E00029976,5,False,71,71.12,False,0.0,0.0,0.014187163,0.003920905,0.019737814,0.22255133,0.06521152,0.0,0.02288131,0.04697088,0.001760877,0.60277826
99999E00029979,4,False,55,55.10,False,0.0,0.0,0.0023963314,0.0031779467,0.009134427,0.8071694,0.17336729,0.0,0.0047546723,0.0,0.0,0.0
99999E00029988,4,False,DO,DO.01,False,0.0,0.10515991,0.043970753,0.015599311,0.04740198,0.013239177,0.64385617,0.0,0.019242262,0.07906765,0.03246276,0.0
99999E00030002,4,False,49,49.4,False,0.0,0.0,0.0021429101,0.0066165747,0.0075100726,0.0,0.96290195,0.0,0.006425023,0.0,0.009174719,0.00522875
99999E00030047,4,False,DO,DO.01,False,0.0,0.15097743,0.33516848,0.015374135,0.05413233,0.10288614,0.14860357,0.0,0.07306726,0.018194033,0.021738034,0.079858534
99999E00030054,4,False,DO,DO.01,False,0.0053488975,0.037946567,0.10538057,0.068522245,0.11966373,0.09096235,0.48848993,0.0009920481,0.020354958,0.036218986,0.017521648,0.008598073
99999E00030069,2,False,61,61.20,False,0.0,0.0,0.0,0.0,0.0,0.0,1.0,0.0,0.0,0.0,0.0,0.0
99999E00030080,6,False,94,94.91,False,0.0,0.012492893,0.028526165,0.02716491,0.009297404,0.30592516,0.08054009,0.0,0.01892047,0.31881815,0.023975626,0.17433915
99999E00030103,4,False,56,56.10,False,0.0,0.0,0.0,0.00047571165,0.2606681,0.64883083,0.09002536,0.0,0.0,0.0,0.0,0.0
99999E00030114,4,False,49,49.39,False,0.0,0.01268328,0.036169026,0.0067270724,0.40106592,0.03293531,0.27125013,0.0,0.0,0.0,0.0006816306,0.23848753
99999E00030123,6,False,DO,DO.01,False,0.0037661486,0.026270619,0.10587816,0.045018088,0.07671265,0.23998511,0.39225227,0.009112116,0.041379496,0.019618727,0.013643623,0.02636304
99999E00030124,6,False,43,43.21,True,0.15526626,0.011514291,0.0058800923,0.01946763,0.011297758,0.11716844,0.2626944,0.15316099,0.22813483,0.02812662,0.007288725,0.0
99999E00030125,6,False,47,47.64,False,0.0,0.19523245,0.22385964,0.032859035,0.019566061,0.0,0.0,0.0,0.0065120636,0.22378995,0.1626124,0.13556841
99999E00030126,4,False,47,47.64,False,0.0,0.012036576,0.022885112,0.0,0.0043713343,0.023980973,0.0011680244,0.0,0.0059215017,0.028946724,0.03641813,0.86427164
99999E00030131,4,False,55,55.10,False,0.0010600458,0.012552112,0.03395673,0.024924759,0.039021663,0.6597839,0.19256245,0.0,0.020786837,0.0024449814,0.0023114034,0.010595147
99999E00030132,4,False,DO,DO.01,False,0.0,0.00044437984,0.11788761,0.0058668717,0.15806694,0.010837047,0.14050072,0.0061498983,0.29788524,0.04158919,0.15605402,0.0647181
99999E00030133,6,False,DO,DO.01,False,0.021588378,0.096835226,0.23747632,0.062377047,0.057699054,0.098958895,0.32870677,0.031271122,0.037454072,0.016034529,0.002604195,0.008994421
99999E00030151,2,False,61,61.20,False,0.0,0.0,0.0,0.0,0.0,0.0029081777,0.9970918,0.0,0.0,0.0,0.0,0.0
99999E00030183,2,False,10,10.51,True,0.00010181207,0.0,0.0,0.0,0.0,0.13736527,0.8612895,0.0,0.0012434034,0.0,0.0,0.0
99999E00030229,3,False,DO,DO.01,False,0.0,0.08296168,0.34326416,0.0,0.1937924,0.04100969,0.021518145,0.0073512797,0.13596964,0.038079504,0.12062812,0.015425426
99999E00030233,5,False,16,16.23,False,0.0,0.0,0.0038670239,0.08607104,0.011075948,0.029821457,0.015039707,0.0,0.023171434,0.16444717,0.048320524,0.61818564
99999E00030256,4,False,DO,DO.01,False,0.06952619,0.15519448,0.13312647,0.09098784,0.088022344,0.027509848,0.2123899,0.018027384,0.01069516,0.084486164,0.07275155,0.03728275
99999E00030263,4,False,DO,DO.01,False,0.043389793,0.09748853,0.09610884,0.010137311,0.039721783,0.17848028,0.5094053,0.0036481617,0.018618813,0.0,0.0,0.003001099
99999E00030277,6,False,DO,DO.02,False,0.0,0.0019042488,0.04267009,0.09682158,0.09941546,0.49326158,0.03097951,0.0059881844,0.04404417,0.01688869,0.021128984,0.14689744
99999E00030325,4,False,DO,DO.01,False,0.01630463,0.04509452,0.048335418,0.021084404,0.0,0.16486327,0.44604677,0.0,0.05479127,0.04130111,0.07837124,0.08380735
99999E00030355,4,False,DO,DO.01,False,0.011278693,0.02323048,0.01711164,0.011616566,0.13603067,0.18406855,0.5669251,0.0,0.027801575,0.011310518,0.010626285,0.0
99999E00030358,4,False,DO,DO.01,False,0.0,0.0036629671,0.058179058,0.013921912,0.23357803,0.2692141,0.16640714,0.07087504,0.17255329,0.0,0.009112105,0.0024963545
99999E00030390,4,False,DO,DO.01,False,0.0031889798,0.12074111,0.0811993,0.07372489,0.19912593,0.046236347,0.15908608,0.009586243,0.1695989,0.060965113,0.052761015,0.023786083
99999E00030394,4,False,DO,DO.01,False,0.0009449563,0.0,0.0,0.0,0.0,0.0028584928,0.9798016,0.0,0.0,0.0,0.016394991,0.0
99999E00030407,6,False,DO,DO.01,False,0.048506822,0.30924842,0.1642594,0.034580257,0.06592527,0.03528373,0.22468248,0.016196242,0.013996641,0.0238043,0.016576646,0.04693971
99999E00030409,4,False,DO,DO.01,False,0.013281716,0.2019775,0.17360185,0.06499088,0.032957345,0.12010606,0.31189108,0.005138548,0.032959312,0.017730597,0.025365124,0.0
99999E00030435,3,False,DO,DO.01,False,0.0,0.19534968,0.17005566,0.0,0.0,0.04657061,0.070046686,0.0,0.014925039,0.121308014,0.32256037,0.05918395
99999E00030454,4,False,10,10.85,False,0.0,0.0,0.00034696874,0.0021558828,0.0063796765,0.8039679,0.008873046,0.00016279084,0.004122811,0.0017787227,0.003632407,0.1685798
99999E00030501,3,False,DO,DO.01,False,0.0,0.19823386,0.1008163,0.366168,0.05702126,0.033758264,0.051449705,0.004226012,0.0,0.18832666,0.0,0.0
99999E00030512,4,False,49,49.12,True,0.010101101,0.0,0.006510649,0.005820984,0.3560535,0.5583884,0.031935897,0.0,0.005036776,0.0031556159,0.0003377886,0.022659387
99999E00030517,3,False,DO,DO.01,False,0.0044092084,0.06725355,0.23466341,0.09467418,0.23583387,0.015903663,0.15337694,0.002636021,0.07683477,0.04715077,0.032972775,0.034290783
99999E00030527,4,False,DO,DO.01,False,0.016563589,0.1410317,0.066166535,0.09502343,0.09461595,0.18961948,0.28862047,0.0,0.03266935,0.02357027,0.01886324,0.033255976
99999E00030528,4,False,DO,DO.01,False,0.7256585,0.038917482,0.013357412,0.026377954,0.0034375393,0.003068277,0.18164216,0.0025726885,0.0023030299,0.0020196051,0.0,0.000645399
99999E00030533,4,False,DO,DO.01,False,0.0049064816,0.06778012,0.20393342,0.09937571,0.024969833,0.09609727,0.41232517,0.0013900955,0.0010483859,0.06484876,0.019123202,0.0042015943
99999E00030549,6,False,43,43.22,False,0.0,0.09997765,0.06856992,0.19905335,0.08770362,0.19248585,0.1287047,0.001179895,0.121643074,0.025555339,0.010147053,0.06497964
99999E00030588,6,False,47,47.78,False,0.0,0.1476091,0.118923336,0.00464447,0.0,0.0,0.00225613,0.0,0.0,0.7213851,0.0024463597,0.0027355098
99999E00030599,2,False,61,61.10,False,0.0,0.0,0.0,0.0,0.0,0.0,1.0,0.0,0.0,0.0,0.0,0.0
99999E00030602,4,False,47,47.59,False,0.0,0.0,0.065693,0.36674544,0.074213676,0.14537856,0.263811,0.0,0.0,0.08415825,0.0,0.0
99999E00030622,3,False,DO,DO.01,False,0.025216088,0.0,0.0,0.0,0.0,0.039502826,0.7170869,0.0,0.0,0.0,0.097399816,0.12079435
99999E00030631,6,False,16,16.2,False,0.0,0.002200432,0.0100564165,0.06353069,0.021935297,0.02961791,0.52353597,0.0033252977,0.037814885,0.061504446,0.18351665,0.06296209
99999E00030634,4,False,DO,DO.01,False,0.014538549,0.16107023,0.18820122,0.17439865,0.10492127,0.11951652,0.14453128,0.0016318164,0.009086291,0.029357612,0.03090256,0.021844018
99999E00030670,6,False,DO,DO.02,False,0.034399252,0.014868767,0.06249682,0.041159105,0.028206658,0.12692815,0.5853582,0.0034326524,0.01971957,0.02530854,0.0174978,0.04062457
99999E00030676,3,False,DO,DO.01,False,0.0,0.060789723,0.14367732,0.048942655,0.042510547,0.6020972,0.049740054,0.0,0.0054399506,0.021771561,0.01534901,0.009681966
99999E00030677,4,False,DO,DO.01,False,0.0127418395,0.110990286,0.115667015,0.029350543,0.0169885,0.09339114,0.5391266,0.020079015,0.0009029503,0.049124226,0.011637821,0.0
99999E00030680,4,False,DO,DO.01,False,0.0056577544,0.12743561,0.12186895,0.047559302,0.02398929,0.18420261,0.27480328,0.0026244111,0.09698726,0.063444495,0.046878092,0.0045489795
99999E00030694,6,False,DO,DO.01,False,0.0,0.008066853,0.0,0.0649607,0.09181429,0.23510428,0.15392405,0.13272713,0.25022674,0.002620001,0.038740113,0.021815835
99999E00030698,4,False,DO,DO.01,False,0.0033240775,0.015334811,0.16980696,0.09454264,0.028341433,0.12903962,0.49416083,0.0022974848,0.0052023814,0.009410209,0.022120466,0.026419073
99999E00030715,4,False,47,47.11,False,0.0,0.0,0.0016482424,0.0007218679,0.005353002,0.87986326,0.090303175,0.0,0.0,0.00050726515,0.0,0.021603217
99999E00030753,4,False,DO,DO.01,False,0.0,0.60309017,0.07756535,0.1954694,0.0,0.0,0.0,0.0,0.0,0.0,0.123875156,0.0
99999E00030790,3,False,DO,DO.01,False,0.027669286,0.109016895,0.09954527,0.09380811,0.11636011,0.053119138,0.0870436,0.0030192165,0.10550785,0.032251213,0.10478176,0.16787754
99999E00030794,2,False,61,61.10,False,0.0,0.0,0.0,0.0,0.0,0.0,1.0,0.0,0.0,0.0,0.0,0.0
99999E00030829,6,False,DO,DO.01,False,0.0,0.08291437,0.20924067,0.16902567,0.23046559,0.19322933,0.042091545,0.006162351,0.03887379,0.020578275,0.0012348087,0.0061836326
99999E00030835,4,False,55,55.10,False,0.0,0.014601313,0.04149085,0.013992035,0.011998397,0.32102424,0.57251006,0.0026640578,0.0130009325,0.0027944276,0.0,0.0059237494
99999E00030838,4,False,47,47.25,False,0.0010090008,0.0012957255,0.007875532,0.004600764,0.10149735,0.39065263,0.017377237,0.0049903505,0.0053586354,0.02381298,0.037951883,0.4035779
99999E00030863,4,False,56,56.30,False,0.0,0.0007830842,0.002205353,0.00031833924,0.0021179293,0.70983475,0.27816117,8.561706e-05,0.0020414044,0.0015063705,0.00010356807,0.0028424978
99999E00030915,6,False,DO,DO.01,True,0.31461665,0.08523703,0.10580044,0.03188861,0.006310261,0.038536184,0.18262483,0.09568432,0.07615285,0.029194778,0.030755013,0.0031990265
99999E00030919,1,False,10,10.71,False,0.17312364,0.0,0.0,0.00038051003,0.0004479287,0.0014369135,0.824611,0.0,0.0,0.0,0.0,0.0
99999E00030922,6,False,DO,DO.01,True,0.06733232,0.22300735,0.2021844,0.13716637,0.04437174,0.07910335,0.084195,0.00677161,0.0446498,0.09756912,0.0023199534,0.01132899
99999E00030958,4,False,94,94.9,False,0.045276817,0.05448325,0.086608015,0.0047987206,0.038052075,0.024802275,0.4413312,0.0,0.0,0.25089306,0.017746378,0.036008175
99999E00030995,4,False,DO,DO.01,False,0.0,0.118555374,0.077305086,0.17223169,0.18404496,0.034403164,0.3176258,0.001674117,0.033254106,0.025733508,0.012148312,0.02302389
99999E00031012,4,False,56,56.30,False,0.0,0.0,0.0,0.009625597,0.9015187,0.0061253086,0.08173124,0.0,0.0,0.0,0.00032541688,0.0006737048
99999E00031042,3,False,49,49.4,False,0.0,0.0,0.0,0.0,0.0,0.0,0.0,0.0,0.0,0.0,0.0,1.0
99999E00031066,4,False,DO,DO.01,False,0.021308014,0.19195376,0.12965804,0.14046955,0.036609452,0.25659448,0.11182498,0.0,0.06149907,0.026101273,0.023981305,0.0
99999E00031082,4,False,DO,DO.01,False,0.010422067,0.016957803,0.016606726,0.0029106678,0.015606567,0.017459923,0.90031886,0.0043925364,0.004004719,0.0030372182,0.0044660177,0.0038169343
99999E00031089,4,False,56,56.30,False,0.0,0.0,0.0,0.0,0.0036158944,0.84590214,0.14179857,0.0,0.006423828,3.950448e-05,0.0,0.0022200695
99999E00031117,4,False,55,55.10,False,0.0,0.0,0.011300758,0.0,0.0,0.90438884,0.08234779,0.0,0.0019626864,0.0,0.0,0.0
99999E00031122,4,False,DO,DO.01,False,0.007472346,0.22168355,0.10345577,0.13157706,0.025597544,0.054158647,0.3088132,0.0077055343,0.030348381,0.02611115,0.048618216,0.03445869
99999E00031123,3,False,DO,DO.01,False,0.002554961,0.48641947,0.23501466,0.013943742,0.23304416,0.0,0.016949577,0.0,0.0018702983,0.0017701038,0.0063289553,0.0021040854
99999E00031130,3,False,DO,DO.01,False,0.0,0.0037492523,0.17802486,0.005163303,0.21377203,0.38524377,0.203906,0.0,0.010140758,0.0,0.0,0.0
99999E00031136,4,False,47,47.71,False,0.0,0.0010371502,0.027332371,0.0,0.0,0.2727142,0.048873015,0.0,0.0,0.09387364,0.007907623,0.548262
99999E00031143,4,False,84,84.11,False,0.0036287801,0.013721279,0.04209421,0.028395882,0.04365238,0.4850221,0.2915327,0.0,0.0580891,0.01692139,0.009024105,0.007918152
99999E00031144,1,False,47,47.11,False,0.005184289,0.0,0.0,0.0024481502,0.007852024,0.00397781,0.9769842,0.0,0.0035535106,0.0,0.0,0.0
99999E00031155,3,False,DO,DO.01,False,0.0,0.119731486,0.18208314,0.118459,0.20006934,0.14927289,0.04932204,0.0055394904,0.06711013,0.013300112,0.09511237,0.0
99999E00031174,3,False,DO,DO.01,False,0.00657635,0.1390438,0.23781002,0.06625655,0.035529636,0.107490554,0.21928394,0.0017690631,0.06929705,0.03717087,0.046908706,0.032863487
99999E00031175,6,False,DO,DO.01,False,0.0024484633,0.12178882,0.106259614,0.11767901,0.07572722,0.1921626,0.2937491,0.002323146,0.049771003,0.015599332,0.014221436,0.008270352
99999E00031185,6,False,DO,DO.02,False,0.0,0.0,0.0,0.0039293556,0.013327344,0.011618074,0.9659512,0.0,0.0038684919,0.0,0.0013055111,0.0
99999E00031188,4,False,55,55.10,True,0.027240245,0.0,0.003866638,0.004584296,0.0024150894,0.8180576,0.118586816,0.0,0.0019920133,0.0037536924,0.0,0.01950372
99999E00031218,4,False,47,47.11,True,0.0,0.0,0.0,0.0,0.0,0.9430335,0.047156613,0.0,0.009809793,0.0,0.0,0.0
99999E00031227,6,False,DO,DO.01,False,0.0,0.0045547117,0.116004415,0.13107526,0.26999375,0.18403725,0.010140184,0.023422286,0.1666243,0.009891574,0.030997362,0.05325894
99999E00031234,6,False,DO,DO.01,False,0.0,0.17871992,0.053151734,0.3903505,0.1139285,0.07636313,0.013485376,0.04049446,0.04864311,0.028095378,0.022679819,0.034088075
99999E00031269,6,False,DO,DO.01,False,0.0,0.031074077,0.050341405,0.055812817,0.06876882,0.40968242,0.21165979,0.0022273257,0.058007937,0.012724064,0.027721504,0.07197986
99999E00031282,4,False,93,93.1,True,0.0,0.018706743,0.012049574,0.023516174,0.03798652,0.38120323,0.5136753,0.0,0.0011876668,0.0,0.0,0.011674813
99999E00031296,2,False,16,16.10,False,0.0,0.0,0.0,0.0,0.0,0.2526782,0.74732184,0.0,0.0,0.0,0.0,0.0
99999E00031300,3,False,49,49.4,False,0.021521429,0.0,0.060065106,0.13323382,0.0,0.09759282,0.2005142,0.0,0.0,0.0,0.08652112,0.40055153
99999E00031304,4,False,55,55.10,False,0.0,0.041170023,0.04483876,0.16742352,0.0894426,0.33399186,0.2593878,0.0,0.005351017,0.020684997,0.0030402406,0.034669172
99999E00031369,6,False,36,36.00,False,0.0005072407,0.01115396,0.056226138,0.007838287,0.031334653,0.22470163,0.5409235,0.024587465,0.03569761,0.006859535,0.0045059538,0.055664144
99999E00031370,2,False,36,36.00,False,0.009788299,0.0,0.0,0.006925379,0.037150238,0.07630344,0.84330946,0.003227473,0.00997153,0.0051208246,0.0008979414,0.0073054545
99999E00031372,1,False,IL,IL.01,False,0.9815984,0.0,0.0,0.0,0.0,0.0,0.018401632,0.0,0.0,0.0,0.0,0.0
99999E00031374,1,False,IL,IL.01,False,1.0,0.0,0.0,0.0,0.0,0.0,0.0,0.0,0.0,0.0,0.0,0.0
99999E00031376,4,False,75,75.00,False,0.0021476275,0.0021198653,0.0017953084,0.12439715,0.041977562,0.11740761,0.18309502,0.0,0.0097598415,0.035304647,0.12745103,0.3545443
99999E00031377,2,False,84,84.1,False,0.0,0.0,0.0,0.0024054048,0.0,0.86864746,0.12511525,0.0,0.0,0.0026725172,0.0,0.0011594476
99999E00031378,1,False,IL,IL.01,False,1.0,0.0,0.0,0.0,0.0,0.0,0.0,0.0,0.0,0.0,0.0,0.0
99999E00031379,1,False,IL,IL.01,False,1.0,0.0,0.0,0.0,0.0,0.0,0.0,0.0,0.0,0.0,0.0,0.0
99999E00031381,4,False,IL,IL.01,False,0.0,0.012631215,0.051786255,0.0,0.0,0.0,0.93309426,0.0,0.0024882283,0.0,0.0,0.0
99999E00031382,4,False,36,36.00,False,0.0,0.0,0.0,0.013858311,0.0029576547,0.006602943,0.9765811,0.0,0.0,0.0,0.0,0.0
99999E00031385,1,False,96,96.0,False,0.98725504,0.0016017039,0.0073555172,0.0,0.0,0.0,0.0037877655,0.0,0.0,0.0,0.0,0.0
99999E00031386,4,False,36,36.00,False,0.0,0.0,0.0,0.011250883,0.014899216,0.0040816716,0.9537251,0.0,0.0034316634,0.0,0.0066339113,0.00597753
99999E00031387,1,False,IL,IL.01,False,0.98161554,0.0,0.0015377202,0.0,0.0,0.0029728366,0.013873907,0.0,0.0,0.0,0.0,0.0
99999E00031388,1,False,IL,IL.01,False,0.9238062,0.0,0.0,0.0,0.0,0.0,0.07619385,0.0,0.0,0.0,0.0,0.0
99999E00031389,1,False,IL,IL.01,False,0.99464977,0.0,0.0015794997,0.0,0.0,0.0,0.0037707011,0.0,0.0,0.0,0.0,0.0
99999E00031393,4,False,36,36.00,False,0.06731887,0.0012370477,0.030619962,0.00075456605,0.0021764003,0.58282745,0.24910155,0.00013218677,0.061275173,0.0002704321,0.0,0.0042864312
99999E00031394,4,False,85,85.3,False,0.0,0.0,0.0,0.00887558,0.03485398,0.4709237,0.48323312,0.0,0.0021135213,0.0,0.0,0.0
99999E00031425,6,False,68,68.31,False,0.025171358,0.11324749,0.08386089,0.026082791,0.0721457,0.17955995,0.29545698,0.004858694,0.014170679,0.09956337,0.045984644,0.039897483
99999E00031490,6,False,DO,DO.01,False,0.007171578,0.044502784,0.2076369,0.039501656,0.10374201,0.12846273,0.12272803,0.004957111,0.20620571,0.063345864,0.028295858,0.043449737
99999E00031497,4,False,DO,DO.01,False,0.0,0.07448331,0.42486724,0.025625216,0.039486017,0.24254759,0.10816522,0.0,0.00020552789,0.08461995,0.0,0.0
99999E00031583,4,False,DO,DO.01,False,0.0067136833,0.36844,0.06707558,0.3593493,0.052981578,0.033681836,0.09447108,0.0,0.0030642035,0.014222729,0.0,0.0
99999E00031610,1,False,IL,IL.01,False,0.9965585,0.0,0.0011081912,0.0,0.0,0.0,0.0023333475,0.0,0.0,0.0,0.0,0.0
99999E00031612,6,False,DO,DO.01,False,0.0,0.005743025,0.24167858,0.15729457,0.24196681,0.23342912,0.017879486,0.0015006661,0.03801338,0.009930308,0.020761225,0.03180274
99999E00031639,6,False,DO,DO.01,True,0.007264106,0.01033877,0.10241462,0.05408599,0.087370634,0.13249394,0.14127645,0.0724943,0.32344112,0.023589926,0.02989348,0.015336629
99999E00031652,2,False,60,60.10,False,0.0,0.0,0.0,0.0,0.0,0.0,1.0,0.0,0.0,0.0,0.0,0.0
99999E00031656,2,False,60,60.10,False,0.0,0.0,0.0,0.0,0.0,0.0,1.0,0.0,0.0,0.0,0.0,0.0
99999E00031672,6,False,36,36.00,False,0.0007699537,0.011044079,0.023938162,0.09634376,0.06317585,0.5608849,0.15985616,0.0029137556,0.029166624,0.0117994975,0.006323928,0.033783264
99999E00031717,6,False,DO,DO.01,False,0.01248572,0.08396163,0.18084854,0.067600094,0.115475014,0.10173955,0.25669748,0.0064725145,0.041244853,0.05210537,0.04845226,0.032916944
99999E00031750,4,False,DO,DO.01,False,0.0,0.0072159055,0.01617654,0.069340296,0.07196869,0.09025233,0.7115471,0.0,0.003859243,0.014175399,0.0025238541,0.012940668
99999E00031778,3,False,DO,DO.01,False,0.0,0.0,0.9084458,0.0,0.0,0.0,0.0,0.0,0.0915542,0.0,0.0,0.0
99999E00031821,6,False,DO,DO.01,False,0.0,0.03362002,0.030688312,0.17873241,0.05634004,0.24911526,0.20787689,0.03403177,0.108047634,0.042599622,0.030976443,0.027971514
99999E00031823,5,False,52,52.10,False,0.09276194,0.0018232872,0.009372183,0.092777684,0.018740235,0.11686516,0.3477636,0.0445134,0.05346857,0.031912774,0.036482606,0.15351853
99999E00031834,6,False,93,93.11,False,0.015256772,0.011294256,0.16782592,0.017201789,0.022730105,0.12439972,0.12973404,0.0027126805,0.012801599,0.30900794,0.0039113504,0.18312383
99999E00031839,4,False,DO,DO.01,False,0.0,0.053301834,0.16060749,0.0264585,0.09782019,0.3496547,0.2751881,0.0,0.0,0.018683065,0.008921348,0.009364763
99999E00031841,6,False,DO,DO.01,False,0.028375054,0.21626991,0.31650758,0.015231492,0.044387225,0.12938003,0.21529016,0.0044565774,0.0051710145,0.019681029,0.0012860103,0.003964015
99999E00031849,4,False,DO,DO.01,False,0.003624672,0.0,0.0023913938,0.02627286,0.017026579,0.16793872,0.6612044,0.028645612,0.06843222,0.0022747403,0.007006417,0.015182373
99999E00031857,4,False,41,41.20,False,0.0,0.0,0.0,0.0,0.07123482,0.536637,0.3140703,0.0,0.003590045,0.0,0.0,0.07446781
99999E00031873,6,False,DO,DO.01,False,0.002422431,0.04063863,0.24326041,0.1059222,0.2707064,0.1609652,0.014707205,0.00790101,0.06095527,0.025299212,0.031496104,0.03572588
99999E00031885,4,False,56,56.10,False,0.000552178,0.03537293,0.2086938,0.0027205227,0.0020791038,0.3187086,0.4246639,0.00014136492,0.0016005976,0.0,0.001360482,0.004106445
99999E00031886,4,False,55,55.10,False,0.0,0.0,0.011021997,0.0,0.009736458,0.90429944,0.05919223,0.0,0.008645739,0.00097010535,0.0,0.0061340667
99999E00031930,4,False,93,93.1,False,0.0,0.004651906,0.0066911075,0.0070911823,0.077506945,0.5995141,0.21022001,0.0,0.0,0.009544853,0.0,0.08477984
99999E00031946,6,False,DO,DO.01,False,0.0,0.020406315,0.08598877,0.05277035,0.093214005,0.13744624,0.18627329,0.11247097,0.20173185,0.03223259,0.04367851,0.033787142
99999E00031966,4,False,01,01.42,False,0.036866996,0.0066898772,0.06373863,0.025123969,0.01772874,0.47793442,0.27485746,0.00019517331,0.017556107,0.07047181,0.0053319694,0.0035048146
99999E00032033,4,False,47,47.78,False,0.001332474,0.0,0.0,0.0011242068,0.0041631637,0.019834455,0.02116802,0.00312728,0.0,0.028908798,0.018193396,0.9021482
99999E00032034,4,False,55,55.10,False,0.00080994656,0.0,0.0,0.00167259,0.007848492,0.8729227,0.11349706,0.0,0.0008101871,0.0,0.0,0.0024389832
99999E00032068,4,False,DO,DO.01,False,0.17902502,0.08734641,0.08561974,0.15611705,0.077391215,0.029782072,0.31358996,0.003236782,0.029466461,0.03787049,0.000554796,0.0
99999E00032087,4,False,43,43.22,False,0.010813274,0.0065718214,0.032702632,0.012317227,0.0065642255,0.1300373,0.20301095,0.0,0.0,0.5919546,0.0,0.0060279677
99999E00032096,4,False,82,82.30,False,0.0006797407,0.09947839,0.0034142463,0.01072353,0.0,0.037201293,0.8276723,0.0015677555,0.0,0.012010478,0.0040494306,0.003202863
99999E00032098,6,False,DO,DO.01,False,0.0,0.12377077,0.24437858,0.22613786,0.053246535,0.16475354,0.03285297,0.0014337539,0.045332737,0.032840196,0.035359144,0.039893974
99999E00032109,4,False,46,46.34,False,0.11307516,0.086155474,0.2799262,0.15740752,0.12976152,0.048429858,0.04795343,0.0004006102,0.0010043884,0.08158889,0.02582046,0.028476538
99999E00032122,2,False,55,55.10,False,0.0,0.0,0.0,0.0,0.0,0.8455023,0.15449768,0.0,0.0,0.0,0.0,0.0
99999E00032136,4,False,55,55.20,False,0.0014382767,0.0,0.00029900653,0.00050249713,0.11271023,0.7611128,0.12393717,0.0,0.0,0.0,0.0,0.0
99999E00032177,4,False,DO,DO.01,False,0.002866194,0.11094123,0.1473348,0.11772009,0.063597746,0.17627981,0.2394337,0.0065756766,0.0882987,0.030989613,0.009623351,0.0063389633
99999E00032181,4,False,55,55.10,False,0.0,0.013732374,0.031502612,0.05578436,0.016076103,0.043683764,0.77777725,0.0,0.014589836,0.016151456,0.011287309,0.019415004
99999E00032192,4,False,36,36.00,False,0.086060345,0.036156863,0.15076128,0.0213127,0.011707195,0.059166484,0.56095684,0.013692125,0.031260703,0.016657844,0.009839025,0.0024286204
99999E00032234,5,False,43,43.33,False,0.0,0.0,0.0,0.06730713,0.030269697,0.242696,0.07337522,0.0,0.07807003,0.001598781,0.02750257,0.47918054
99999E00032238,4,False,47,47.71,False,0.0,0.0,0.0,0.012182884,0.0067382352,0.08091007,0.02791853,0.00075049594,0.0003723361,0.013236685,0.014524758,0.84336597
99999E00032267,6,False,DO,DO.01,False,0.00089446956,0.16854885,0.20565666,0.056221116,0.016460868,0.16626716,0.25002068,0.0055995854,0.059234906,0.038341112,0.015241647,0.01751302
99999E00032289,4,False,43,43.22,False,0.0020057517,0.0,0.0062210746,0.05022435,0.023313787,0.23024951,0.5495426,0.0,0.05983577,0.0038677293,0.0020104137,0.07272901
99999E00032300,1,False,47,47.11,True,0.0071983775,0.0,0.0,0.0,0.0,0.0,0.99280167,0.0,0.0,0.0,0.0,0.0
99999E00032302,3,False,DO,DO.01,False,0.036376588,0.42997494,0.122159556,0.10900177,0.11921304,0.009423856,0.034056097,0.00024484776,0.017292373,0.021226631,0.04591174,0.05511857
99999E00032330,5,False,16,16.10,True,0.026932085,0.0,0.0012323917,0.06931366,0.00030508457,0.0038300303,0.027546272,0.0013124798,0.19656366,0.021643862,0.10333555,0.54798496
99999E00032347,4,False,DO,DO.01,False,0.0,0.08890453,0.33580557,0.057717614,0.13128337,0.2525864,0.11353587,0.0,0.005326446,0.0035906504,0.0012383679,0.010011167
99999E00032367,4,False,74,74.90,False,0.008014436,0.06584146,0.04422466,0.05413234,0.048811883,0.13868323,0.51840365,0.0,0.027626052,0.005674708,0.011553582,0.077034086
99999E00032370,3,False,27,27.5,False,0.0127797015,0.015778547,0.0,0.19220302,0.0030680506,0.0,0.0,0.0,0.040853515,0.08883507,0.3570704,0.28941175
99999E00032380,4,False,DO,DO.01,False,0.07760643,0.18331906,0.014844242,0.054094896,0.0447043,0.07781838,0.53371596,0.0,0.0017796605,0.0079456745,0.004171325,0.0
99999E00032385,4,False,DO,DO.01,False,0.0062545743,0.066307366,0.08946481,0.050477967,0.08468516,0.039827447,0.43553796,0.0022345686,0.054366004,0.035912793,0.042018764,0.09291259
99999E00032392,4,False,55,55.10,False,0.0,0.0,0.0,0.0,0.0012763606,0.95401514,0.04390794,0.0,0.0008005517,0.0,0.0,0.0
99999E00032393,4,False,55,55.10,False,0.0,0.0,0.00024374941,0.0044476865,0.008001691,0.9115121,0.058666036,0.0,0.00715893,0.008611755,0.0013580888,0.0
99999E00032405,4,False,55,55.10,False,0.0,0.0,0.0,0.003473548,0.22013693,0.61827046,0.1291339,0.0,0.02296248,0.0009624232,0.0,0.0050603054
99999E00032420,4,False,DO,DO.01,False,0.0022383279,0.04235226,0.06889076,0.04655206,0.071124405,0.07108686,0.609867,0.0,0.01705728,0.02749577,0.034372643,0.008962697
99999E00032422,6,False,16,16.23,False,0.0,0.0059555913,0.03228362,0.13096571,0.06661711,0.2680442,0.047450703,0.004046568,0.06263521,0.08774302,0.060447007,0.2338113
99999E00032424,3,False,DO,DO.01,False,0.0,0.10217029,0.0603603,0.0,0.027669797,0.0069794147,0.78650665,0.016313514,0.0,0.0,0.0,0.0
99999E00032429,2,False,61,61.90,False,0.0,0.0,0.0,0.0,0.0,0.0,1.0,0.0,0.0,0.0,0.0,0.0
99999E00032445,4,False,55,55.10,False,0.004948894,0.0018487074,0.0006198658,0.02034337,0.0063987058,0.0162796,0.062497374,0.0,0.0029392391,0.8815306,0.0011638454,0.0014298329
99999E00032454,2,False,61,61.90,False,0.0,0.0,0.0,0.0,0.0023110171,0.0,0.997689,0.0,0.0,0.0,0.0,0.0
99999E00032455,6,False,47,47.78,False,0.03694966,0.008533163,0.015780702,0.019919422,0.022244101,0.024340395,0.21459517,0.06938691,0.5249625,0.00036264627,0.037943605,0.024981791
99999E00032462,4,False,47,47.71,False,0.0,0.0,0.0,0.0017554228,0.001550168,0.17924798,0.032365195,0.0,0.0014357123,0.0039225807,0.008373342,0.7713496
99999E00032463,4,False,55,55.10,True,0.01650981,0.0022054617,0.01388936,0.0061999173,0.018903866,0.87513304,0.061329696,0.0,0.0015231053,0.00046081748,0.003844933,0.0
99999E00032466,6,False,47,47.64,False,0.0,0.09053789,0.30839306,0.036486268,0.013129194,0.015282992,0.020461068,0.0035518182,0.04102652,0.15611929,0.038109872,0.27690205
99999E00032468,4,False,56,56.10,False,0.0,0.00019605091,0.0002189355,0.0035020397,0.61380124,0.191219,0.17816266,0.00017367693,0.00034498647,0.00030587844,0.0018797168,0.010195739
99999E00032481,2,False,61,61.20,False,0.0,0.0,0.0,0.0,0.0,0.0,1.0,0.0,0.0,0.0,0.0,0.0
99999E00032482,4,False,56,56.30,False,0.0,0.00022479656,0.040623125,0.00048501117,0.6466255,0.26506695,0.041458704,0.0,0.000106977146,0.00016624827,0.0029751207,0.0022674815
99999E00032490,4,False,DO,DO.01,False,0.0,0.009701806,0.08700925,0.03662326,0.114112906,0.04316268,0.5649137,0.0,0.08712407,0.0,0.05241022,0.004942006
99999E00032499,6,False,41,41.20,False,0.03259267,0.005329586,0.020628944,0.1115872,0.035795726,0.07153842,0.10616216,0.2029856,0.059102714,0.11594102,0.20158559,0.036750276
99999E00032523,2,False,61,61.10,False,0.0,0.0,0.0,0.0,0.0,0.0052351034,0.9947649,0.0,0.0,0.0,0.0,0.0
99999E00032531,4,False,47,47.75,False,0.009547175,0.0036546485,0.0045453794,0.071797766,0.12725404,0.28921786,0.096331544,0.0,0.00035695542,0.17801465,0.014067137,0.20521289
99999E00032606,4,False,47,47.72,False,0.008864508,0.14862224,0.1198676,0.23878546,0.16290131,0.1074312,0.04732624,0.00073378877,0.055337258,0.03513977,0.031893827,0.043096796
99999E00032607,3,False,01,01.50,False,0.0016895579,0.0,0.0002031985,0.29671496,0.008094073,0.0,0.0,0.010043274,0.054570086,0.007160865,0.31870928,0.30281466
99999E00032608,2,False,61,61.10,False,0.0,0.0,0.0,0.0,0.0,0.034225125,0.9657749,0.0,0.0,0.0,0.0,0.0
99999E00032630,4,False,DO,DO.01,False,0.002880075,0.014189852,0.0126138525,0.06632067,0.19634217,0.16462918,0.26561895,0.016564088,0.13106826,0.04165729,0.053233147,0.034882534
99999E00032632,4,False,52,52.10,False,0.02153978,0.08544473,0.053096097,0.21183454,0.3063433,0.056473188,0.1773081,0.0020955282,0.0048924526,0.045759585,0.008105018,0.02710765
99999E00032671,4,False,DO,DO.01,False,0.0,0.008422025,0.14934188,0.02512819,0.10748888,0.19110543,0.12200011,0.0,0.043090206,0.15284112,0.07639447,0.124187596
99999E00032682,2,False,71,71.12,False,0.0,0.0,0.0,0.0,0.0,0.30739912,0.6926009,0.0,0.0,0.0,0.0,0.0
99999E00032700,4,False,DO,DO.01,False,0.019812556,0.26629195,0.22947118,0.02044384,0.0,0.035278976,0.25849804,0.0,0.017068908,0.06441509,0.088719465,0.0
99999E00032710,6,False,DO,DO.01,False,0.0,0.0,0.0073227035,0.020240074,0.20525935,0.12557456,0.009571601,0.012921048,0.044313077,0.013838378,0.08420159,0.47675762
99999E00032724,3,False,DO,DO.01,False,0.029868817,0.11126005,0.10585097,0.0,0.06591202,0.094293445,0.037625715,0.0,0.060027327,0.014160449,0.3576821,0.12331913
99999E00032773,4,False,DO,DO.01,False,0.002127526,0.08564218,0.2735247,0.040723395,0.11029929,0.17728746,0.29883003,0.0016449015,0.0048262468,0.0019360489,0.0,0.00315822
99999E00032778,4,False,DO,DO.02,False,0.56811285,0.025886979,0.06541751,0.04609572,0.03339903,0.08035131,0.09050784,0.0030927842,0.006470211,0.03411502,0.006191413,0.04035933
99999E00032786,4,False,77,77.21,False,0.0,0.0,0.002604056,0.022796553,0.5091562,0.07859428,0.12970075,0.0,0.0,0.000686385,0.005228213,0.2512336
99999E00032795,4,False,DO,DO.01,False,0.01864323,0.19891618,0.44479832,0.06443289,0.17079097,0.004396667,0.030518861,0.0,0.0062790797,0.032338355,0.014249185,0.014636329
99999E00032796,4,False,DO,DO.01,False,0.087416686,0.07641494,0.16733387,0.07145578,0.0426138,0.0,0.46421504,0.0,0.0013487255,0.018979978,0.026467629,0.04375355
99999E00032811,4,False,56,56.11,False,0.0,0.0,0.0,0.0057189595,0.62422496,0.27561405,0.09190125,0.0,0.00027775572,0.0,0.0022630068,0.0
99999E00032845,4,False,15,15.20,False,0.0077867075,0.15872972,0.044449754,0.054587167,0.08185534,0.21782055,0.035804566,0.021857578,0.058241084,0.018347407,0.05541309,0.245107
99999E00032888,4,False,DO,DO.01,False,0.0,0.0043218853,0.008417662,0.015703864,0.02638168,0.030498685,0.81583035,0.0033196285,0.05729013,0.008304147,0.012991497,0.016940536
99999E00032891,4,False,DO,DO.02,False,0.0,0.0065386463,0.009854358,0.019917933,0.019617183,0.6656474,0.2665577,0.0,0.009091588,0.002775235,0.0,0.0
99999E00032895,3,False,DO,DO.01,False,0.0,0.022422835,0.06943165,0.56244314,0.024855481,0.00459579,0.110157795,0.11941354,0.020206932,0.017953955,0.03310452,0.015414363
99999E00032908,3,False,52,52.10,False,0.008205482,0.15342872,0.13468711,0.069332875,0.09712118,0.03931736,0.38636094,0.010377521,0.02443027,0.0,0.012280641,0.06445784
99999E00032925,2,False,62,62.02,False,0.0,0.0,0.0,0.0038825728,0.0036571266,0.011789286,0.94753546,0.0,0.03313559,0.0,0.0,0.0
99999E00032966,6,False,DO,DO.01,False,0.0,0.03766733,0.13469537,0.0,0.07802536,0.20234433,0.013616256,0.0,0.36950007,0.0,0.16032465,0.003826573
99999E00032975,2,False,35,35.11,False,0.0,0.0,0.0,0.0019642687,0.0053950446,0.06462177,0.9280189,0.0,0.0,0.0,0.0,0.0
99999E00032983,2,False,60,60.10,False,0.0,0.0,0.0,0.0,0.0,0.0,1.0,0.0,0.0,0.0,0.0,0.0
99999E00032996,4,False,55,55.30,True,0.21837509,0.035219543,0.2972043,0.004869518,0.008997451,0.10590319,0.3254257,0.0,0.003514829,0.0,0.00049038295,0.0
99999E00033009,4,False,DO,DO.01,False,0.0,0.0,0.0116374595,0.008159729,0.011142249,0.0029825217,0.9205299,0.0009116386,0.009847947,0.017186075,0.015295271,0.0023072334
99999E00033015,6,False,38,38.11,False,0.00024609093,0.0,0.0,0.00059962994,0.092833474,0.1365978,0.32031593,0.035123415,0.16661397,0.0,0.08731203,0.1603577
99999E00033069,4,False,DO,DO.01,False,0.0026482155,0.032456644,0.36426932,0.05999555,0.241548,0.16475707,0.05272496,0.0,0.010598863,0.03241197,0.0109238885,0.027665585
99999E00033085,2,False,61,61.10,False,0.0,0.0,0.0,0.0,0.0,0.0,1.0,0.0,0.0,0.0,0.0,0.0
99999E00033092,6,False,01,01.41,True,0.0,0.017130679,0.036546085,0.0876487,0.14153299,0.0012874341,0.0030904196,0.4392309,0.025669528,0.03154585,0.07625556,0.14006189
99999E00033098,2,False,61,61.10,False,0.0,0.0,0.0,0.0,0.0,0.0,1.0,0.0,0.0,0.0,0.0,0.0
99999E00033126,5,False,25,25.11,False,0.0,0.0012618959,0.0,0.03559427,0.0075156516,0.09871918,0.059894282,0.0,0.01959699,0.0071167285,0.018477198,0.7518238
99999E00033129,4,False,56,56.30,True,0.0,0.0,0.0,0.00034425186,0.94627917,0.0021053227,0.05084389,0.0,0.0,0.0,0.00042738748,0.0
99999E00033130,4,False,DO,DO.01,False,0.01089021,0.23359016,0.09121558,0.046331745,0.12623672,0.08913908,0.09908641,0.06954396,0.020590395,0.06108484,0.11009481,0.042196207
99999E00033158,4,False,68,68.31,False,0.0014093368,0.023606114,0.24416399,0.010391221,0.023601117,0.11183681,0.48274562,0.0002582118,0.0037560102,0.025408044,0.014892436,0.05793107
99999E00033160,4,False,71,71.11,False,0.003147205,0.0053072134,0.037630953,0.02317368,0.014575536,0.4100081,0.35917154,0.0012935409,0.040579405,0.006972801,0.049771342,0.04836857
99999E00033163,2,False,38,38.1,False,0.0,0.0,0.0,0.0,0.0022575147,0.025806498,0.97048116,0.0,0.0014548093,0.0,0.0,0.0
99999E00033178,2,False,60,60.10,False,0.0,0.0,0.0,0.0,0.0,0.0,1.0,0.0,0.0,0.0,0.0,0.0
99999E00033180,3,False,DO,DO.01,False,0.0,0.0,0.0,0.0,0.0,0.0,0.0,0.0,0.0,1.0,0.0,0.0
99999E00033183,2,False,60,60.10,False,0.0,0.0,0.0,0.0,0.0,0.0,1.0,0.0,0.0,0.0,0.0,0.0
99999E00033200,4,False,96,96.02,False,0.00027671314,0.0011979444,0.06740515,0.033797197,0.022249151,0.1752383,0.0029926654,0.0,0.0009338354,0.20642419,0.0075426777,0.48194227
99999E00033222,3,False,DO,DO.01,False,0.0018083599,0.21613114,0.21066475,0.12569478,0.12333565,0.0373743,0.013512213,0.0,0.13315311,0.0661107,0.07146693,0.0007481286
99999E00033226,6,False,85,85.51,False,0.0,0.0,0.0016116212,0.01654882,0.3475059,0.23217231,0.33496067,0.0,0.0058701932,0.0010074738,0.015379264,0.044943746
99999E00033238,4,False,49,49.39,False,0.0,0.0,0.0,0.0031771483,0.03317434,0.61919737,0.34277743,0.0,0.0,0.0,0.0,0.0016736982
99999E00033266,6,False,52,52.10,False,0.027072486,0.0,0.0069175875,0.018392777,0.011632942,0.063931465,0.7831696,0.03515853,0.01892477,0.015850706,0.007123168,0.011825936
99999E00033270,2,False,61,61.10,False,0.0,0.0,0.0,0.0,0.0,0.0,1.0,0.0,0.0,0.0,0.0,0.0
99999E00033273,2,False,61,61.90,False,0.0,0.0,0.0,0.0,0.0,0.023484046,0.97651595,0.0,0.0,0.0,0.0,0.0
99999E00033301,6,False,38,38.11,False,0.0028225593,0.0,0.0,0.0025360857,0.017872652,0.112977654,0.81849164,0.0,0.017073823,0.0,0.010079067,0.018146522
99999E00033335,4,False,DO,DO.01,False,0.00011641335,0.077251896,0.41482732,0.04259797,0.10969396,0.0816337,0.06782241,0.009331694,0.10666722,0.059412718,0.030355945,0.0002887051
99999E00033342,4,False,DO,DO.01,False,0.083522506,0.050970826,0.109097846,0.0146721,0.053401645,0.1769168,0.4657056,0.0,0.0128667,0.007599024,0.021183798,0.0040631685
99999E00033353,4,False,DO,DO.01,False,0.009656263,0.33101025,0.107013024,0.16920881,0.1070678,0.02613455,0.13956226,0.011668983,0.017539416,0.01883673,0.021917423,0.04038447
99999E00033359,4,False,01,01.19,False,0.015485145,0.012156897,0.09216938,0.03288693,0.026475057,0.24262255,0.38291067,0.0,0.0043448624,0.1299961,0.013964033,0.046988253
99999E00033364,6,False,DO,DO.01,False,0.00274417,0.023432083,0.07948057,0.10122695,0.13081044,0.19018935,0.31669268,0.027544783,0.04469256,0.046755068,0.009708499,0.026722847
99999E00033373,4,False,85,85.31,False,0.0,0.0,0.0,0.0,0.065655604,0.7349237,0.15593359,0.0,0.029447278,0.0,0.0,0.014039794
99999E00033386,6,False,DO,DO.01,False,0.0,0.025465509,0.01769246,0.05425934,0.04755359,0.17207381,0.053194985,0.50678927,0.020139012,0.0022348585,0.076429754,0.024167404
99999E00033409,4,False,55,55.10,False,0.01579716,0.00051248557,0.004079455,0.008076609,0.023152905,0.6518536,0.2604127,0.0007156119,0.006828082,0.00018678288,0.004844681,0.023539895
99999E00033415,6,False,DO,DO.01,False,0.0,0.16472188,0.3469206,0.031873114,0.13042757,0.116414286,0.10538232,0.024976496,0.045211706,0.016207881,0.014138024,0.0037261795
99999E00033449,3,False,DO,DO.01,False,0.0,0.23516256,0.14753139,0.0,0.14010666,0.08764493,0.2583038,0.0,0.022439359,0.05707896,0.05173232,0.0
99999E00033488,2,False,47,47.11,False,0.0,0.0,0.0,0.0,0.0,0.3174537,0.6825463,0.0,0.0,0.0,0.0,0.0
99999E00033497,5,False,47,47.78,False,0.0,0.0,0.0,0.0,0.0,0.0,0.011221105,0.0,0.0,0.0,0.01980304,0.96897584
99999E00033498,4,False,49,49.31,False,0.0,0.0,0.0,0.0,0.0061978386,0.07409188,0.91971034,0.0,0.0,0.0,0.0,0.0
99999E00033513,4,False,56,56.30,False,0.0,0.0,0.0,0.0,0.0030091573,0.9279777,0.062834196,0.0,0.0008478296,0.0,0.004205922,0.0011252695
99999E00033514,6,False,47,47.71,False,0.0,0.289522,0.508109,0.0,0.0,0.0,0.0,0.0,0.0,0.14366136,0.04109467,0.017613007
99999E00033515,4,False,47,47.71,False,0.007909698,0.0037191166,0.009405994,0.0,0.0,0.35999113,0.06581824,0.0,0.0006099558,0.010479444,0.0019749338,0.5400915
99999E00033522,3,False,DO,DO.01,False,0.0062952116,0.15408862,0.09582004,0.17399842,0.034726493,0.29910535,0.04742299,0.0018992295,0.057127148,0.016893301,0.07967924,0.03294394
99999E00033549,2,False,61,61.10,False,0.0,0.0,0.0,0.0,0.0,0.0,1.0,0.0,0.0,0.0,0.0,0.0
99999E00033558,4,False,68,68.32,False,0.0,0.0,0.0,0.0,0.0051732305,0.7739586,0.218499,0.0,0.0016955931,0.0006735737,0.0,0.0
99999E00033563,4,False,47,47.78,False,0.0,0.03697594,0.18690322,0.0,0.005902513,0.2594269,0.0010858537,0.0,0.0,0.11737563,0.0008915172,0.3914384
99999E00033592,4,False,DO,DO.01,False,0.07631667,0.08117211,0.10725856,0.0261295,0.25272894,0.06432044,0.37253907,0.0,0.00490999,0.014624694,0.0,0.0
99999E00033602,2,False,61,61.10,False,0.0,0.0,0.0,0.0,0.0,0.84225214,0.15774788,0.0,0.0,0.0,0.0,0.0
99999E00033633,4,False,35,35.11,False,0.0012088752,0.0,0.0,0.0038203236,0.035569932,0.37661576,0.5797217,0.0,0.0007747926,0.0,0.00028210398,0.0020065142
99999E00033667,2,False,60,60.10,False,0.0,0.0,0.0,0.0,0.0,0.0,1.0,0.0,0.0,0.0,0.0,0.0
99999E00033668,4,False,DO,DO.01,False,0.015281869,0.06377507,0.05221015,0.05439815,0.03532425,0.13385098,0.53883725,0.004463975,0.009442148,0.00938906,0.03016861,0.052858584
99999E00033700,1,False,55,55.30,False,0.23221885,0.0020536194,0.0,0.0,0.0,0.0015585384,0.764169,0.0,0.0,0.0,0.0,0.0
99999E00033716,4,False,DO,DO.01,False,0.016070455,0.20516545,0.20748067,0.11579667,0.09713511,0.10203098,0.09311226,0.0,0.026574567,0.13011062,0.0065231663,0.0
99999E00033724,4,False,56,56.30,False,0.0,0.0,0.0,0.0,0.0028307536,0.86170065,0.13415693,0.0,0.0013116563,0.0,0.0,0.0
99999E00033725,2,False,61,61.10,False,0.0,0.0,0.0,0.0,0.0,0.0,1.0,0.0,0.0,0.0,0.0,0.0
99999E00033728,4,False,DO,DO.01,False,0.0,0.14183319,0.074335776,0.16066122,0.033725046,0.15683848,0.34590146,0.01249834,0.033254594,0.012031529,0.013430141,0.015490297
99999E00033729,6,False,85,85.51,False,0.0,0.19651149,0.07065426,0.003588619,0.0,0.00031591204,0.15053034,0.0,0.0,0.35432196,0.02721813,0.19685934
99999E00033738,4,False,84,84.1,False,0.06334508,0.0,0.0056250715,0.071834356,0.006767859,0.31765535,0.50135463,0.0,0.008728987,0.006871184,0.0045504807,0.013267069
99999E00033742,6,False,DO,DO.01,False,0.0015082196,0.1583518,0.18401784,0.109061494,0.0883447,0.1157722,0.10518799,0.020683724,0.1175968,0.035288732,0.03146032,0.032726187
99999E00033757,4,False,DO,DO.01,False,0.0,0.004736439,0.54818845,0.020092983,0.22859527,0.01653483,0.07864624,0.024755657,0.033927657,0.03745669,0.0070658345,0.0
99999E00033767,3,False,DO,DO.01,False,0.0,0.08344918,0.10986331,0.0031945417,0.049508825,0.050011665,0.6088034,0.0,0.02436331,0.0018799155,0.035350297,0.03357555
99999E00033772,4,False,55,55.10,False,0.0,0.0,0.26470304,0.0,0.0,0.5938294,0.11750828,0.0,0.0,0.023021758,0.0,0.0009375166
99999E00033774,6,False,85,85.51,False,0.0,0.004434339,0.0025135856,0.0014980482,0.015558799,0.28114766,0.66983485,0.006849216,0.0075715305,0.0041823415,0.0013517272,0.005057945
99999E00033788,4,False,14,14.20,False,0.0012343291,0.010021224,0.27090445,0.0026025013,0.019785382,0.025389789,0.053643398,0.0,0.0,0.20766261,0.0057085073,0.40304777
99999E00033818,4,False,84,84.1,False,0.7383178,0.0,0.008365466,0.0,0.0,0.13665771,0.0,0.0,0.0,0.11665904,0.0,0.0
99999E00033824,4,False,56,56.30,False,0.04555777,0.013033479,0.08497068,0.000618461,0.0059014894,0.07141049,0.7742577,0.0,0.0,0.00032043146,0.0024291168,0.0015003929
99999E00033825,4,False,55,55.10,False,0.0,0.0,0.0005094057,0.004773184,0.743819,0.1576724,0.086148046,0.0,0.0,0.0,0.005344058,0.0017339519
99999E00033827,4,False,15,15.12,False,0.0,0.0,0.030623343,0.0082900645,0.021100976,0.90308315,0.013715369,0.0,0.015012757,0.008174356,0.0,0.0
99999E00033829,4,False,10,10.71,False,0.0018243388,0.0,0.0011324155,0.008601569,0.030910736,0.5106985,0.040993888,0.0,8.158292e-05,0.012782067,0.0046477206,0.38832715
99999E00033838,5,False,10,10.85,False,0.0,0.0,0.0,0.0,0.68570346,0.0,0.0,0.0021971397,0.16430174,0.0,0.14373559,0.004062041
99999E00033857,4,False,84,84.1,False,0.0,0.0,0.0012892755,0.0,0.0027441778,0.27861685,0.7001899,0.0,0.0015490483,0.0,0.0,0.01561078
99999E00033859,4,False,79,79.90,False,0.0028931382,0.0029596833,0.0034305013,0.039884515,0.009037601,0.30966252,0.065624714,0.0,0.0,0.0102196755,0.0052025453,0.5510852
99999E00033883,4,False,71,71.11,False,0.00049903,0.0,0.00990251,0.010219151,0.023165047,0.124264896,0.81853765,0.0,0.0,0.0029075318,0.0,0.010504235
99999E00033887,5,False,86,86.23,False,0.0016739687,0.0072578057,0.002256124,0.021021686,0.021190017,0.0012644997,0.07455477,0.0,0.0044802,0.062189806,0.04521738,0.7588938
99999E00033892,4,False,DO,DO.01,False,0.0,0.14294031,0.12333598,0.22223489,0.034916837,0.12369396,0.114122905,0.0014161853,0.04171256,0.025166795,0.16582154,0.0046380074
99999E00033915,6,False,DO,DO.01,True,0.06609267,0.17424636,0.21551825,0.020909563,0.017310558,0.16236003,0.038148075,0.044028617,0.16920981,0.028733708,0.03507228,0.028370034
99999E00033923,6,False,43,43.12,False,0.004790939,0.0014107254,0.03692039,0.40291712,0.023995548,0.06532836,0.14714082,0.0,0.044169884,0.14070243,0.10638359,0.026240215
99999E00033929,3,False,DO,DO.01,False,0.007115952,0.088573255,0.17765664,0.028863149,0.08325303,0.13361605,0.36950395,0.007182939,0.07223903,0.027149858,0.0024449818,0.0024011831
99999E00033930,4,False,85,85.51,False,0.0,0.0,0.0,0.0,0.0,0.0,1.0,0.0,0.0,0.0,0.0,0.0
99999E00033936,4,False,02,02.20,False,0.0035208385,0.0,0.017675534,0.0037840435,0.02474126,0.068344094,0.8449377,0.006679027,0.01939312,0.0022134613,0.0036524408,0.0050584525
99999E00033952,3,False,DO,DO.01,False,0.26029518,0.054541953,0.020957151,0.024829186,0.008042344,0.0,0.5651706,0.012442382,0.04329082,0.0,0.010430407,0.0
99999E00033982,4,False,93,93.1,False,0.00012444182,0.0,0.056865122,0.026837952,0.011112016,0.04640244,0.8070403,0.0,0.001091259,0.025938142,0.01981337,0.004775056
99999E00033987,4,False,79,79.90,False,0.010001182,0.1411478,0.06247055,0.051459365,0.035129562,0.06422362,0.37845534,0.0,0.0169252,0.05648891,0.033627808,0.15007064
99999E00033993,3,False,DO,DO.01,False,0.0034419608,0.12385964,0.578708,0.015548265,0.0,0.015757727,0.0005972482,0.001208649,0.001041646,0.2598369,0.0,0.0
99999E00034001,4,False,47,47.76,False,0.0,0.0,0.008169012,0.0038332571,0.02444355,0.6820667,0.06435623,0.0,0.009583143,0.0040896926,0.010469049,0.19298944
99999E00034003,4,False,DO,DO.01,False,0.003908268,0.0,0.0062559326,0.014406886,0.016082339,0.34700158,0.3679515,0.0118329,0.19773746,0.0,0.034823112,0.0
99999E00034032,4,False,02,02.20,False,0.0,0.0,0.011272721,0.106704846,0.028800052,0.0036784736,0.71221846,0.0,0.043355115,0.027114268,0.037664965,0.029191121
99999E00034035,4,False,47,47.78,False,0.0,0.0021741113,0.0036340172,0.0030555879,0.0,0.028202154,0.04130385,0.0,9.236141e-05,0.018881312,0.009373195,0.8932834
99999E00034059,6,False,47,47.73,False,0.008105077,0.051675573,0.028589807,0.13731177,0.046925195,0.066227406,0.4424169,0.0070227925,0.06870029,0.049329568,0.060725905,0.0329697
99999E00034062,6,False,01,01.41,False,0.0,0.0,0.1248279,0.027199391,0.024526212,0.081124805,0.0016796383,0.44364867,0.05230175,0.12126457,0.01556016,0.10786686
99999E00034079,4,False,01,01.50,False,0.0,0.0,0.008090286,0.048614785,0.024268527,0.17945637,0.6869436,0.0036290807,0.010255168,0.022302175,0.0033011357,0.0131388735
99999E00034094,4,False,DO,DO.01,False,0.0,0.24128455,0.1715182,0.0540991,0.08156413,0.2474113,0.1116155,0.0,0.07933762,0.0,0.01316967,0.0
99999E00034164,4,False,DO,DO.01,False,0.013124418,0.047789738,0.06525838,0.059610553,0.011955084,0.0427011,0.49630252,0.0,0.03313737,0.14470342,0.023947557,0.061469927
99999E00034193,4,False,DO,DO.01,False,0.0004491332,0.062479414,0.04863613,0.017905442,0.007640254,0.008199176,0.8037438,0.002604972,0.039124493,0.0027946061,0.0030590962,0.0033635083
99999E00034223,4,False,DO,DO.01,False,0.015324524,0.0,0.10854395,0.08685805,0.17246293,0.0,0.48877537,0.009783777,0.0,0.05679425,0.047449403,0.01400772
99999E00034294,2,False,64,64.92,False,0.0,0.0,0.0,0.0,0.0,0.005125619,0.99487436,0.0,0.0,0.0,0.0,0.0
99999E00034295,4,False,DO,DO.01,False,0.016390434,0.08941905,0.0734921,0.06752702,0.085500516,0.12670533,0.43652847,0.0060644,0.02361053,0.0,0.017425744,0.05733642
99999E00034299,4,False,DO,DO.01,False,0.0,0.110529095,0.19521597,0.024980193,0.023151958,0.13520922,0.35548922,0.0033862796,0.14311607,0.008922031,0.0,0.0
99999E00034337,6,False,DO,DO.01,False,0.010043534,0.014098717,0.03618356,0.045431957,0.04462192,0.040015113,0.6179134,0.04067607,0.10591182,0.0016200852,0.039726876,0.0037570072
99999E00034339,4,False,68,68.32,False,0.009204264,0.0053312713,0.0018816808,0.0046522217,0.008165607,0.15785658,0.77326024,0.0,0.03326634,0.0,0.0,0.006381743
99999E00034344,5,False,45,45.20,False,0.0,0.00053889095,0.05816775,0.049363304,0.04713895,0.15340194,0.05441024,0.0008284644,0.092052825,0.04898865,0.048723668,0.44638535
99999E00034349,4,False,DO,DO.01,False,0.0,0.0055705514,0.0,0.066841066,0.011357705,0.039082725,0.7864197,0.0,0.014140204,0.037971944,0.03861619,0.0
99999E00034363,6,False,DO,DO.01,False,0.0013706586,0.025029615,0.44417673,0.036905494,0.08095967,0.07790899,0.010356531,0.0016371064,0.04999137,0.19023813,0.022051787,0.059373915
99999E00034369,4,False,55,55.10,False,0.0,0.00073905586,0.06899532,0.0019753813,0.03278845,0.698475,0.19406481,0.0,0.0029620081,0.0,0.0,0.0
99999E00034370,4,False,47,47.22,False,0.0,0.0,0.0,0.00087498565,0.052611824,0.732675,0.11898067,0.0,0.08876893,0.0,0.002779753,0.0033087588
99999E00034389,4,False,55,55.10,False,0.0,0.0,0.0,0.0,0.0148473,0.9255657,0.0496068,0.0,0.0028525256,0.0,0.0,0.007127686
99999E00034402,6,False,DO,DO.01,False,0.0063102706,0.073274076,0.20530227,0.071876064,0.16597928,0.13733639,0.12978193,0.012207768,0.12865092,0.010308716,0.020360319,0.038612086
99999E00034454,4,False,DO,DO.02,False,0.0,0.0039219493,0.0152860945,0.012794118,0.016830547,0.5036766,0.43718538,0.0,0.00547049,0.0,0.0048347195,0.0
99999E00034471,4,False,56,56.10,False,0.00022042808,0.0006673462,0.0065943617,0.0,0.6241944,0.19402228,0.1673029,0.0,0.002386138,0.0008846092,0.0033923073,0.00033528244
99999E00034472,5,False,81,81.22,False,0.0,0.0,0.0,0.012474783,0.028104398,0.033550207,0.0649265,0.0,0.054014873,0.0,0.64707154,0.15985769
99999E00034484,6,False,DO,DO.01,False,0.0058313324,0.06395045,0.14327466,0.06864501,0.05442771,0.14644988,0.3710989,0.0018559216,0.031207517,0.06636708,0.019554345,0.027337242
99999E00034512,4,False,55,55.20,False,0.0,0.0,0.0019271522,0.0,0.0051293476,0.88418764,0.108755894,0.0,0.0,0.0,0.0,0.0
99999E00034513,2,False,61,61.10,False,0.0,0.0,0.0,0.0,0.0,0.0,1.0,0.0,0.0,0.0,0.0,0.0
99999E00034517,2,False,61,61.10,False,0.0,0.0,0.0,0.0,0.0,0.0014840371,0.99851596,0.0,0.0,0.0,0.0,0.0
99999E00034520,3,False,DO,DO.01,False,0.0,0.31529424,0.24424168,0.14154162,0.061149187,0.06032327,0.0662591,0.0,0.012442879,0.05420989,0.0445381,0.0
99999E00034530,4,False,47,47.72,False,0.0,0.0,0.04429649,0.007174141,0.038428616,0.030479621,0.030718816,0.0,0.00033041253,0.17123799,0.02195148,0.65538245
99999E00034536,6,False,DO,DO.01,False,0.0019501497,0.09764106,0.19064455,0.08589312,0.14277643,0.17148095,0.11981418,0.011798078,0.081864044,0.019816391,0.012406921,0.063914016
99999E00034544,4,False,DO,DO.01,False,0.03081362,0.08884546,0.080125496,0.048708558,0.0961889,0.15537408,0.3729211,0.0068495516,0.077035494,0.0030612038,0.03765021,0.0024262127
99999E00034545,1,False,85,85.3,True,0.88914925,0.0,0.0,0.0,0.0,0.0,0.11085078,0.0,0.0,0.0,0.0,0.0
99999E00034555,4,False,DO,DO.01,False,0.0021995346,0.0890748,0.03341622,0.056132637,0.03201767,0.056995377,0.6584128,0.0,0.013560468,0.038656235,0.011860415,0.007673851
99999E00034581,6,False,43,43.22,False,0.0,0.0,0.0062507987,0.05878295,0.03185481,0.1676675,0.3042355,0.082499474,0.2598853,0.034684096,0.012787959,0.04135156
99999E00034594,4,False,94,94.9,False,0.0,0.0,0.003659665,0.001423807,0.0,0.0,0.98941994,0.0,0.0,6.0945e-05,0.0010265114,0.0044091237
99999E00034597,4,False,47,47.62,False,0.0,0.0,0.0,0.0,0.0,0.9141074,0.05671249,0.0,0.01725195,0.0,0.0,0.011928167
99999E00034621,6,False,96,96.02,False,0.0,0.0,0.0046937116,0.021696143,0.010562941,0.008783526,0.02914044,0.0006379217,0.01837685,0.10898506,0.007875931,0.7892475
99999E00034623,5,False,94,94.91,False,0.0,0.0036333073,0.0027171879,0.0026766027,0.7512087,0.037996482,0.13555923,0.0,0.033471204,0.0,0.0022968678,0.030440398
99999E00034631,4,False,DO,DO.01,False,0.0,0.14754756,0.2325883,0.049132314,0.2479591,0.20403185,0.09174221,0.0,0.00091973203,0.0057562483,0.009067284,0.011255364
99999E00034640,1,False,84,84.11,False,0.13940969,0.0040385523,0.0,0.0,0.0,0.0,0.85151863,0.0031359836,0.0018971639,0.0,0.0,0.0
99999E00034648,4,False,DO,DO.01,False,0.00021672547,0.026957516,0.02966789,0.02068031,0.105104014,0.039195977,0.62416416,0.0032064926,0.077107266,0.006214538,0.015149893,0.052335285
99999E00034679,4,False,DO,DO.02,False,0.0,0.0,0.0,0.0,0.0,0.07831638,0.9149035,0.0,0.006780116,0.0,0.0,0.0
99999E00034680,4,False,DO,DO.02,False,0.0,0.0,0.0005042653,0.020095617,0.056291167,0.5466255,0.35133395,0.0,0.007251636,0.0024186457,0.0018670718,0.013612207
99999E00034685,2,False,61,61.10,False,0.0,0.0,0.0,0.0,0.0,0.0,1.0,0.0,0.0,0.0,0.0,0.0
99999E00034688,2,False,61,61.10,False,0.0,0.0,0.0,0.0,0.0,0.01196888,0.98803115,0.0,0.0,0.0,0.0,0.0
99999E00034690,6,False,01,01.50,False,0.00030840628,0.0,0.01421606,0.037324503,0.0060579805,0.0,0.0,0.8942093,0.006513247,0.02356371,0.01780679,0.0
99999E00034735,6,False,DO,DO.01,False,0.0,0.0004941181,0.010034397,0.02681541,0.0011782816,0.0,0.0,0.8865618,0.006955662,0.041106828,0.026853416,0.0
99999E00034746,4,False,71,71.12,True,0.28181764,0.14400783,0.059672933,0.02643542,0.009093154,0.1360466,0.3099895,0.0,0.015150438,0.01055618,0.0013100876,0.005920267
99999E00034752,2,False,55,55.10,False,0.0,0.0,0.0013133823,0.0,0.0,0.9642014,0.034014754,0.0004704817,0.0,0.0,0.0,0.0
99999E00034760,4,False,47,47.61,False,0.0023239823,0.027237752,0.08373584,0.008914488,0.040016413,0.35582927,0.037796263,0.0,0.1038686,0.074633874,0.014345887,0.25129765
99999E00034775,4,False,DO,DO.01,False,0.0,0.014091323,0.34278142,0.019900363,0.05660953,0.25396433,0.027559796,0.008204201,0.26559693,0.0048484323,0.0,0.006443694
99999E00034787,3,False,DO,DO.01,False,0.0,0.13386545,0.13991095,0.12003216,0.15478471,0.033373497,0.13926663,0.0,0.006482716,0.13690957,0.07859965,0.05677472
99999E00034791,4,False,55,55.20,False,0.0,0.0025278367,0.0049083084,0.014124149,0.01271157,0.64530146,0.21643244,0.0,0.017826896,0.006478392,0.0069028027,0.07278618
99999E00034810,4,False,55,55.10,False,0.0,0.0,0.0,0.0043630684,0.015856935,0.9259574,0.049932573,0.0,0.001256248,0.0,0.0004775789,0.0021562302
99999E00034815,6,False,01,01.4,False,0.010404217,0.000977942,0.066709615,0.08156502,0.010117043,0.007462629,0.02089381,0.037805997,0.13157977,0.4087332,0.13709815,0.086652644
99999E00034823,4,False,DO,DO.01,False,0.0,0.0,0.06382939,0.10686579,0.1641521,0.39092892,0.09528086,0.0,0.049888782,0.015885323,0.05997811,0.053190693
99999E00034833,2,False,38,38.1,False,0.0,0.0,0.0,0.0,0.0,0.0,1.0,0.0,0.0,0.0,0.0,0.0
99999E00034887,3,False,DO,DO.01,False,0.0,0.035707116,0.019970708,0.08705408,0.034606718,0.1475666,0.009447581,0.20440792,0.40285206,0.012286062,0.04610118,0.0
99999E00034890,6,False,DO,DO.01,False,0.0,0.037542213,0.10138766,0.0032602004,0.03142278,0.054851558,0.13022529,0.35692,0.198791,0.016766261,0.052393295,0.016439732
99999E00034899,6,False,DO,DO.01,False,0.0,0.08695182,0.09585963,0.1500884,0.23415999,0.21319224,0.123902135,0.0044248765,0.022617871,0.024118574,0.021778703,0.02290576
99999E00040016,2,False,55,55.10,False,0.0,0.0,0.0,0.0,0.0,0.0046509868,0.995349,0.0,0.0,0.0,0.0,0.0
99999E00040067,1,False,84,84.11,False,0.04569188,0.0,0.0018050679,0.0,0.0,0.00409476,0.9484083,0.0,0.0,0.0,0.0,0.0
99999E00040070,4,False,47,47.71,False,0.0,0.011280062,0.07673043,0.037048507,0.029418921,0.35583332,0.11978757,0.0,0.015342618,0.0847301,0.0025773323,0.26725116
99999E00040072,3,False,46,46.41,False,0.0,0.0,0.0,1.0,0.0,0.0,0.0,0.0,0.0,0.0,0.0,0.0
99999E00040080,1,False,84,84.11,False,0.19485143,0.0025677222,0.0031305107,0.0,0.0,0.0,0.79806215,0.0013882115,0.0,0.0,0.0,0.0
99999E00040099,3,False,DO,DO.01,False,0.0,0.0,0.0,0.2944442,0.32031462,0.0,0.0016578634,0.0,0.005397694,0.121872224,0.08678721,0.16952616
99999E00040106,4,False,DO,DO.01,False,0.0,0.02981375,0.07645658,0.013682206,0.025372334,0.13847089,0.6379579,0.0007085669,0.04593671,0.0031223528,0.028478751,0.0
99999E00040118,6,False,DO,DO.01,False,0.0,0.011622235,0.046176277,0.070940785,0.08321347,0.39180464,0.07867219,0.09421736,0.08913451,0.07235544,0.0197675,0.04209562
99999E00040120,4,False,DO,DO.01,False,0.002906762,0.042734426,0.026438538,0.11351438,0.04296336,0.18662949,0.5348442,0.0028535896,0.01634906,0.01149264,0.01760009,0.0016734559
99999E00040121,4,False,DO,DO.01,False,0.003305946,0.1203097,0.06378046,0.027633823,0.03749575,0.15932472,0.567101,0.0,0.00738247,0.0032767763,0.001776946,0.008612476
99999E00040134,4,False,56,56.10,False,0.0,0.0,0.0,0.023399508,0.087634996,0.6485765,0.21390449,0.0038419012,0.0009481626,0.0,0.000513924,0.021180527
99999E00040177,4,False,DO,DO.01,False,0.00024967518,0.054220274,0.10621894,0.043881685,0.0,0.39920512,0.30378336,0.0,0.017212301,0.0,0.010654505,0.06457415
99999E00040204,4,False,DO,DO.01,False,0.083519086,0.042114228,0.08714466,0.042105824,0.15589522,0.18767446,0.26575297,0.0,0.03595146,0.019027403,0.012071239,0.068743475
99999E00040208,3,False,DO,DO.01,False,0.0,0.0906687,0.032422516,0.025799843,0.16061176,0.07606546,0.0,0.013388284,0.4892441,0.03678205,0.063105986,0.011911284
99999E00040264,1,False,84,84.11,False,0.10809962,0.008155307,0.008147251,0.0,0.0,0.0029688622,0.8726289,0.0,0.0,0.0,0.0,0.0
99999E00040268,4,False,DO,DO.01,False,0.011035393,0.076489285,0.055138364,0.06710013,0.026227877,0.084432915,0.6122964,0.0,0.008356637,0.02770235,0.01428155,0.016939078
99999E00040270,2,False,62,62.02,False,0.0,0.0,0.0,0.0,0.0,0.0,1.0,0.0,0.0,0.0,0.0,0.0
99999E00040295,4,False,01,01.30,False,0.009807122,0.0,0.0016441245,0.029012553,0.0060568065,0.35293385,0.34167972,0.0,0.02903057,0.094994396,0.006645252,0.12819561
99999E00040313,3,False,DO,DO.01,False,0.0,0.18123843,0.005165653,0.09690281,0.3211186,0.058463298,0.0,0.0,0.012357917,0.010727817,0.21048109,0.10354436
99999E00040318,6,False,52,52.10,False,7.660577e-05,0.0,0.0030475347,0.314725,0.025446868,0.057572186,0.1357307,0.0,0.10557749,0.0137802,0.21293066,0.13111274
99999E00040339,4,False,DO,DO.01,False,0.014713988,0.09696438,0.11912499,0.093633786,0.11743197,0.10135333,0.42010632,0.0,0.009715657,0.011865718,0.00894747,0.006142267
99999E00040344,4,False,68,68.20,False,0.0,0.08509762,0.07694505,0.030021694,0.121274404,0.06462039,0.4875416,0.0,0.060150035,0.02691251,0.020551339,0.026885394
99999E00040345,3,False,68,68.32,False,0.0,0.2143496,0.22095214,0.023548929,0.40260637,0.0740226,0.0,0.0084731905,0.03490743,0.0,0.01569608,0.0054436163
99999E00040346,4,False,68,68.20,False,0.0,0.038195807,0.16035973,0.039731797,0.23643978,0.44831753,0.015406618,0.0,0.009256673,0.014304005,0.021673795,0.016314313
99999E00040347,4,False,68,68.20,False,0.0023683922,0.07732346,0.3421945,0.11215672,0.14073737,0.08279541,0.0546359,0.02831065,0.07604534,0.012028322,0.04474412,0.026659817
99999E00040348,4,False,68,68.32,False,0.0008808954,0.01290809,0.21774869,0.04944363,0.26012352,0.021173913,0.19997406,0.026545752,0.07812677,0.058811925,0.023327515,0.05093521
99999E00040349,3,False,68,68.32,False,0.04795315,0.15499038,0.27664044,0.07898124,0.2921355,0.02797644,0.0719216,0.00509813,0.0440464,0.0,0.00025671438,0.0
99999E00040351,4,False,62,62.02,False,0.0,0.0034030897,0.0,0.05696025,0.0,0.008389287,0.93124735,0.0,0.0,0.0,0.0,0.0
99999E00040352,2,False,62,62.02,False,0.0,0.0,0.0,0.0,0.0,0.0,1.0,0.0,0.0,0.0,0.0,0.0
99999E00040357,2,False,60,60.10,False,0.0,0.0,0.0,0.0,0.0,0.0,1.0,0.0,0.0,0.0,0.0,0.0
99999E00040358,2,False,60,60.10,False,0.0,0.0,0.0,0.0,0.0,0.0,1.0,0.0,0.0,0.0,0.0,0.0
99999E00040359,5,False,01,01.1,False,0.0011623525,0.0,0.0005921101,0.03684708,0.0,0.0018335227,0.6794312,0.0,0.010012044,0.02411503,0.14245127,0.10355535
99999E00040364,2,False,60,60.10,False,0.0,0.0,0.0,0.0,0.0,0.0,1.0,0.0,0.0,0.0,0.0,0.0
99999E00040377,4,False,DO,DO.01,False,0.0368234,0.041761428,0.07794235,0.048098132,0.11168979,0.13926825,0.42114225,0.003093018,0.034355808,0.044410963,0.038654197,0.0027604047
99999E00040382,4,False,DO,DO.01,False,0.0,0.044385623,0.11829424,0.029902369,0.06680372,0.030818263,0.68647224,0.0,0.014689873,0.0023596168,0.0029187019,0.0033553788
99999E00040390,4,False,55,55.10,False,0.0,0.0,0.060020607,0.0035640458,0.03134574,0.3437619,0.43632367,0.0034104167,0.12047284,0.0,0.0011007756,0.0
99999E00040398,2,False,84,84.11,False,0.0,0.0,0.0,0.0,0.0,0.0,1.0,0.0,0.0,0.0,0.0,0.0
99999E00040400,4,False,85,85.51,False,0.0,0.06461018,0.49565822,0.0032026994,0.0140251685,0.24149385,0.10340461,0.0,0.0,0.065519966,0.0022719929,0.009813388
99999E00040401,4,False,56,56.30,False,0.0,0.0,0.00017342424,0.0010901191,0.010365087,0.8471706,0.13934985,0.0,0.00017600706,0.0,0.0003101057,0.001364815
99999E00040411,4,False,52,52.10,False,0.0,0.0071011526,0.0,0.16522016,0.013886698,0.008521383,0.6492031,0.0,0.0,0.15606752,0.0,0.0
99999E00040433,6,False,43,43.22,False,0.0,0.022011034,0.0061874706,0.11254963,0.089346945,0.049753997,0.0013352511,0.07888513,0.28927723,0.005801867,0.14827964,0.1965718
99999E00040434,4,False,DO,DO.01,False,0.06619758,0.031203793,0.03139754,0.010234708,0.019779397,0.07264569,0.7236017,0.0,0.013796971,0.01775693,0.009174187,0.0042114924
99999E00040440,4,False,96,96.0,False,0.05332743,0.060313944,0.057367664,0.1038698,0.062342282,0.08904959,0.40983838,0.03105681,0.024154201,0.05779867,0.016652793,0.03422846
99999E00040477,2,False,DO,DO.02,False,0.0,0.0,0.0,0.0,0.0,0.0099068815,0.9900931,0.0,0.0,0.0,0.0,0.0
99999E00040515,4,False,94,94.99,False,0.013437587,0.0022991686,0.04297117,0.024030313,0.020861682,0.6156115,0.1678284,0.0,0.0029348962,0.04157421,0.0028384908,0.0656127
99999E00040613,6,False,49,49.4,False,0.0,0.023684839,0.28549558,0.07020902,0.08926416,0.013375099,0.17576467,0.012961666,0.015427362,0.1296837,0.065504834,0.11862903
99999E00040619,6,False,DO,DO.01,False,0.0012927437,0.006099981,0.12061172,0.092371136,0.09312599,0.15927325,0.12649192,0.22034046,0.07339112,0.07060164,0.011280785,0.025119321
99999E00040651,5,False,10,10.85,False,0.0,0.0,0.0,0.00022184277,0.69220996,0.0,0.034052867,0.0,0.0018117161,0.0,0.044395447,0.22730818
99999E00040660,4,False,47,47.78,False,0.00012542242,0.0021402438,0.015762012,0.0077770846,0.0085771,0.011804935,0.01429457,0.0,0.0035933517,0.17395191,0.046458248,0.7155151
99999E00040670,6,False,DO,DO.01,False,0.031959016,0.08994955,0.19567218,0.15700494,0.10209204,0.10159429,0.19967742,0.0020841176,0.027805211,0.063360006,0.011140761,0.017660527
99999E00040704,6,False,43,43.34,False,0.0,0.0,0.02741947,0.06833695,0.04814178,0.04519047,0.128072,0.17379574,0.23808606,0.08873898,0.064052165,0.118166365
99999E00040705,4,False,52,52.21,False,0.0,0.0024595559,0.005067991,0.029690893,0.027073342,0.08461084,0.7483339,0.0,0.001754655,0.030259065,0.013339937,0.057409886
99999E00040706,6,False,49,49.39,False,0.0039968574,0.014963943,0.048510946,0.15270214,0.063974194,0.04971025,0.09379071,0.020772807,0.12979792,0.11800071,0.15219998,0.15157953
99999E00040707,6,False,DO,DO.01,False,0.0,0.0067679132,0.107867405,0.097996525,0.2599111,0.38756946,0.07929494,0.0015576532,0.030855916,0.00529407,0.0044227475,0.01846235
99999E00040709,4,False,43,43.21,False,0.0,0.0,0.0027385151,0.06379409,0.013732107,0.12212629,0.73018974,0.0,0.018753286,0.006963803,0.01436987,0.02733234
99999E00040710,5,False,45,45.20,False,0.0,0.0,0.0,0.014079363,0.021541262,0.0024465146,0.047283974,0.0013556789,0.0028847056,0.0,0.077298045,0.8331105
99999E00040711,6,False,16,16.23,False,0.00071272947,0.008074704,0.013208004,0.09087813,0.015360456,0.12783442,0.070292994,0.009592652,0.17018232,0.043151557,0.17547096,0.27524105
99999E00040712,6,False,43,43.99,False,0.0,0.0023119173,0.008016721,0.10545913,0.046311423,0.040726725,0.17831437,0.10884375,0.061064348,0.2642366,0.08464044,0.10007461
99999E00040713,6,False,41,41.20,False,0.0030594175,0.053075943,0.41287848,0.045065075,0.11785947,0.18214336,0.0983592,0.007540046,0.047187563,0.016289739,0.010334063,0.006207616
99999E00040714,4,False,47,47.64,False,0.0,0.0,0.010984867,0.0,0.004387009,0.6536399,0.08792648,0.0,0.0,0.0045448965,0.003959315,0.23455758
99999E00040715,6,False,43,43.34,False,0.025019191,0.011354216,0.06321014,0.042628944,0.06659738,0.08263019,0.33255744,0.041969877,0.114207655,0.06995944,0.043065377,0.10680009
99999E00040717,6,False,25,25.99,False,0.0,0.0024409587,0.054856915,0.027810529,0.039174337,0.14378835,0.18582699,0.0030218938,0.17804448,0.068136066,0.094516315,0.2023831
99999E00040718,6,False,43,43.33,False,0.0081425775,0.007814912,0.011879627,0.09872173,0.06991199,0.20055299,0.2270946,0.011612641,0.15048344,0.06757282,0.026080972,0.1201317
99999E00040748,4,False,68,68.31,False,0.011326678,0.0022109894,0.0,0.0,0.0042879246,0.76050633,0.22166805,0.0,0.0,0.0,0.0,0.0
99999E00040826,4,False,DO,DO.01,False,0.02197285,0.17335913,0.11582334,0.11593623,0.042111967,0.01844595,0.31369188,0.029997827,0.033032753,0.03128634,0.075555764,0.028785989
99999E00040839,4,False,56,56.10,False,3.3457518e-06,0.047720253,0.3873081,0.14788558,0.0,0.022648815,0.027019886,0.0,0.0,0.36000574,0.0035014814,0.003906824
99999E00040954,4,False,DO,DO.01,False,0.008566031,0.08537064,0.101642914,0.021917,0.22959813,0.11588084,0.12997828,0.0031889342,0.11618281,0.0017534011,0.1333523,0.052568708
99999E00040993,1,False,IL,IL.01,False,0.99872714,0.0012728377,0.0,0.0,0.0,0.0,0.0,0.0,0.0,0.0,0.0,0.0
99999E00041045,4,False,68,68.20,False,0.0071251485,0.116649784,0.13642466,0.040107574,0.07015159,0.1532305,0.39775592,0.0,0.035190683,0.011171918,0.019007396,0.013184805
99999E00041046,4,False,68,68.20,False,0.014653457,0.16396107,0.25537857,0.035465125,0.072838016,0.13786776,0.11678744,0.0058097714,0.039331485,0.039795008,0.08668516,0.0314272
99999E00041058,4,False,93,93.11,False,0.028527059,0.0,0.09286278,0.0056532924,0.0035005996,0.0569339,0.77128965,0.0,0.0,0.014152677,0.0010176491,0.026062498
99999E00041059,5,False,84,84.1,False,0.0,0.0003960877,0.0,0.070419036,0.3223347,0.00053915294,0.015248048,0.017807756,0.12871401,0.0,0.05920702,0.38533416
99999E00041145,2,False,62,62.02,False,0.0,0.0,0.0012913278,0.0,0.0,0.0,0.9987087,0.0,0.0,0.0,0.0,0.0
99999E00041169,1,False,IL,IL.01,False,0.94603664,0.0005943781,0.0,0.0,0.0,0.0,0.05336903,0.0,0.0,0.0,0.0,0.0
99999E00041170,1,False,IL,IL.01,False,1.0,0.0,0.0,0.0,0.0,0.0,0.0,0.0,0.0,0.0,0.0,0.0
99999E00041182,6,False,49,49.32,False,0.005111949,0.0018079546,0.042958856,0.0060430747,0.016596217,0.034276053,0.83772653,0.004661404,0.012035319,0.03387865,0.0013585656,0.00354544
99999E00041195,4,False,35,35.30,False,0.0,0.0,0.019631164,0.00955341,0.019328464,0.5131884,0.4035375,0.00079188845,0.03396914,0.0,0.0,0.0
99999E00041202,4,False,55,55.10,False,0.0,0.014339585,0.09108001,0.008268949,0.021850854,0.5438598,0.2866276,0.0,0.024375841,0.0,0.0011994345,0.0083979275
99999E00041203,4,False,DO,DO.01,False,0.0,0.0,0.058067493,0.039125483,0.07072784,0.5586208,0.099021986,0.026543017,0.046938173,0.083501816,0.010139105,0.0073142606
99999E00041204,6,False,DO,DO.01,False,0.0,0.0032891147,0.14087167,0.0047862343,0.16053833,0.3777926,0.15555073,0.012022667,0.07282242,0.012281103,0.023337001,0.036708087
99999E00041205,2,False,61,61.90,False,0.0,0.0,0.0,0.0,0.0,0.0,1.0,0.0,0.0,0.0,0.0,0.0
99999E00041224,3,False,96,96.0,False,0.0022350298,0.03276531,0.04415602,0.14507273,0.04828572,0.04178485,0.4673822,0.0,0.01394341,0.14837421,0.0336389,0.022361642
99999E00639916,4,False,49,49.4,False,0.0412092,0.019166626,0.04352831,0.006592342,0.022577403,0.0344055,0.79386896,0.0025167665,0.004188521,0.0,0.010648402,0.021298049
99999E00639917,4,False,55,55.20,False,0.00020356356,8.659884e-05,0.00070759875,0.0025243,0.43397444,0.54550785,0.011980069,0.0,9.2409595e-05,0.0,0.0013152901,0.0036079101
99999E00656629,1,False,49,49.4,False,0.06590367,0.0,0.0072467555,0.0,0.0,0.009433557,0.91741604,0.0,0.0,0.0,0.0,0.0
99999E10004622,4,False,01,01.41,False,0.0,0.0,0.08051369,0.0,0.0,0.23361433,0.0,0.6588519,0.026663546,0.0,0.00035653124,0.0
99999E10004700,6,False,DO,DO.01,False,0.0,0.017937422,0.03960174,0.051482953,0.113629356,0.30418968,0.32687515,0.0074429256,0.031989858,0.010223278,0.035767145,0.06086047
99999E10004711,4,False,84,84.1,False,0.017509893,0.012751591,0.028339826,0.077154696,0.039907068,0.08778249,0.7048673,0.002121425,0.0061471686,0.020864839,0.0009988348,0.0015549043
99999E10004722,4,False,55,55.10,False,0.0,0.0,0.0007262524,0.8050254,0.0016087132,0.12830828,0.06433133,0.0,0.0,0.0,0.0,0.0
99999E10004730,4,False,DO,DO.02,False,0.0,0.027620593,0.42008126,0.022473596,0.033048283,0.17923024,0.30636802,0.0,0.0069638644,0.0030694853,0.0,0.0011447318
99999E10004747,5,False,DO,DO.01,False,0.0,0.0,0.0,0.7312815,0.0,0.0,0.14367576,0.0,0.0,0.012788888,0.0,0.1122538
99999E10004800,4,False,93,93.1,False,0.054958306,0.27846667,0.421829,0.0007206376,0.0012710012,0.01537391,0.2231147,0.0,0.0,0.0042658625,0.0,0.0
99999E10004846,6,False,43,43.31,False,0.0010498565,0.0,0.003472594,0.107570395,0.01963548,0.12925664,0.049503624,0.013539661,0.13648452,0.074140474,0.091985635,0.37336114
99999E10004856,6,False,DO,DO.01,True,0.17994879,0.034520607,0.117356636,0.0070484895,0.022006929,0.096099384,0.40758,0.037150025,0.07435287,0.005098332,0.015722452,0.00311542
99999E10004861,4,False,DO,DO.01,False,0.0,0.1605915,0.3199834,0.044837363,0.04168175,0.05680193,0.26724482,0.014758058,0.044316147,0.01618994,0.027831433,0.0057636467
99999E10004863,6,False,43,43.32,False,0.0,0.0,0.0023251625,0.016233752,0.03444366,0.50641257,0.17829512,0.0022854272,0.027183406,0.011262237,0.019695336,0.20186329
99999E10004885,4,False,DO,DO.02,False,0.0,0.0032598476,0.008755466,0.054528832,0.019494591,0.2848842,0.6165431,0.0,0.008001741,0.0016852969,0.0028468291,0.0
99999E10004896,4,False,47,47.73,False,0.00015948212,0.0,0.02240533,0.0049040117,0.011816431,0.7878054,0.07183334,0.0,0.0001386248,0.03163164,0.0016505255,0.067655265
99999E10004910,3,False,DO,DO.01,False,0.0,0.0,0.0,0.0,0.0,0.0,0.0,0.0,0.08755722,0.0,0.8277695,0.0846733
99999E10004933,5,False,79,79.11,False,0.00015251698,0.0061445693,0.01255906,0.07572632,0.037536733,0.026215363,0.06403738,0.012226595,0.029660713,0.18326066,0.073548295,0.4789318
99999E10004939,6,False,DO,DO.01,False,0.0,0.014059794,0.0484842,0.064583324,0.1133364,0.09938188,0.04532784,0.03013964,0.14325412,0.09081384,0.098368146,0.25225088
99999E10004943,3,False,DO,DO.01,False,0.0,0.0011373963,0.060017135,0.045750342,0.013373496,0.026871638,0.6710639,0.001942403,0.0068815076,0.09478304,0.064764075,0.013415044
99999E10004946,4,False,DO,DO.01,False,0.0,0.002586407,0.01315219,0.017508244,0.024307854,0.68803465,0.2010322,0.0,0.015582303,0.005263564,0.021627335,0.010905259
99999E10004955,6,False,38,38.11,False,0.0,0.0,0.0,0.0017696669,0.030287769,0.1394119,0.51340497,0.0,0.16430806,0.0,0.05283153,0.09798609
99999E10004957,4,False,DO,DO.01,False,0.021343136,0.26744688,0.19299692,0.081596136,0.11914036,0.07800252,0.11536792,0.0057063387,0.047177967,0.016108355,0.02629181,0.028821781
99999E10004968,3,False,52,52.10,False,0.10360062,0.0,0.012510793,0.26959455,0.015904572,0.01690865,0.043376107,0.0,0.06217242,0.13818102,0.32544127,0.012309979
99999E10004971,4,False,84,84.1,False,0.0,0.0,0.0,0.0,0.029425105,0.40651965,0.5567144,0.0,0.0051710163,0.0,0.0,0.0021697453
99999E10004976,4,False,DO,DO.01,False,0.00064352603,0.0,0.0029948717,0.12752955,0.022008594,0.028651763,0.6210869,0.0,0.0042398465,0.022929331,0.032691125,0.13722453
99999E10004985,2,False,47,47.73,True,0.0,0.0,0.0005424366,0.0,0.0,0.9292495,0.06915846,0.0,0.0010495078,0.0,0.0,0.0
99999E10004999,6,False,DO,DO.01,True,0.021242257,0.10621485,0.25123322,0.0060653165,0.053083878,0.15406194,0.13785468,0.04800182,0.14528666,0.04284972,0.023441028,0.010664652
99999E10005015,1,False,01,01.4,True,0.3251735,0.0,0.0,0.0,0.0,0.013567751,0.66125876,0.0,0.0,0.0,0.0,0.0
99999E10005029,6,False,DO,DO.01,False,0.00072316313,0.031796366,0.050822172,0.006643063,0.16947797,0.007824762,0.0,0.0027147133,0.025162427,0.021945834,0.44013944,0.24275012
99999E10005038,1,False,84,84.11,False,0.31136343,0.00091920124,0.026811695,0.0,0.0019492181,0.0,0.65881157,0.0,0.0,6.53528e-05,7.955992e-05,0.0
99999E10005044,3,False,DO,DO.01,False,0.0053090616,0.09684155,0.03351634,0.022464966,0.16746806,0.18365447,0.29600063,0.0,0.013402274,0.048790097,0.06627982,0.06627272
99999E10005051,6,False,DO,DO.01,True,0.13696447,0.3694365,0.3840669,0.0033139098,0.0064383233,0.030815946,0.026142308,0.017075177,0.012842938,0.004707802,0.008195721,0.0
99999E10005075,3,False,94,94.99,False,0.0674264,0.5189933,0.33760682,0.0,0.0,0.040835705,0.02136752,0.0,0.0,0.0,0.0,0.01377018
99999E10005118,4,False,55,55.10,True,0.08667223,0.0044652247,0.056407444,0.0,0.0031528424,0.37606192,0.4634044,0.0,0.0,0.009835993,0.0,0.0
99999E10005146,4,False,DO,DO.01,False,0.0015227639,0.063309334,0.14328344,0.09262722,0.23674475,0.10534904,0.22738425,0.006116034,0.06251896,0.0039554397,0.031724695,0.025464147
99999E20000009,4,False,DO,DO.01,False,0.0028335203,0.29332593,0.1369348,0.10730803,0.15965778,0.12668467,0.15333061,0.0,0.0151233375,0.0028237167,0.0019775822,0.0
99999E20000010,2,False,49,49.39,False,0.0,0.0,0.0,0.0,0.0,0.0023017381,0.99769825,0.0,0.0,0.0,0.0,0.0
99999E20000023,4,False,56,56.10,True,0.011915765,0.0,0.0605132,0.0012049471,0.091201715,0.7333153,0.10077641,0.0,0.0010726873,0.0,0.0,0.0
99999E20000033,4,False,93,93.1,False,0.04105658,0.013689075,0.06700423,0.0,0.0,0.028049028,0.78076714,0.0,0.057791222,0.0066359984,0.0,0.005006727
99999E20000037,1,False,IL,IL.01,False,1.0,0.0,0.0,0.0,0.0,0.0,0.0,0.0,0.0,0.0,0.0,0.0
99999E20000049,4,False,DO,DO.01,False,0.0,0.036960866,0.18941179,0.056773823,0.29523736,0.28866917,0.10927875,0.0,0.002364412,0.014652324,0.0015548137,0.005096806
99999E20000075,4,False,DO,DO.01,False,0.10695399,0.07683752,0.26708356,0.0764635,0.07260473,0.1019397,0.09029084,0.0020249777,0.033123948,0.04241149,0.08141081,0.048854858
99999E20000087,6,False,DO,DO.01,False,0.0015559049,0.25215703,0.23570059,0.059740435,0.105881356,0.07873574,0.12823051,0.03228197,0.040680766,0.034671508,0.0056268782,0.024737407
99999E20000137,2,False,47,47.11,False,0.0,0.0,0.0,0.0,0.00252547,0.92480516,0.0726694,0.0,0.0,0.0,0.0,0.0
99999E20000141,4,False,DO,DO.01,False,0.0,0.0,0.0,0.029618217,0.03406951,0.0,0.3969355,0.0,0.0,0.055213146,0.4571135,0.02705016
99999E20000149,4,False,01,01.11,False,0.37995052,0.015181064,0.043780543,0.010754369,0.0,0.00034360433,0.12265335,0.0023204444,0.0054351958,0.020968787,0.37856266,0.020049535
99999E20000152,4,False,38,38.11,False,0.0,0.15624322,0.0,0.032271963,0.0,0.0,0.8114848,0.0,0.0,0.0,0.0,0.0
99999E20000165,1,False,IL,IL.01,False,0.9926673,0.0,0.0,0.0,0.0,0.0,0.007332665,0.0,0.0,0.0,0.0,0.0
99999E20000168,4,False,CO,CO.02,False,0.009104535,0.08039654,0.11833581,0.15816815,0.14665209,0.044074383,0.010491125,0.014523207,0.011171565,0.17944692,0.06511491,0.16252075
99999E20000193,6,False,DO,DO.01,False,0.0020590909,0.051119797,0.13958701,0.048792318,0.15017065,0.12516348,0.35663855,0.0049079405,0.035679914,0.046429645,0.022178128,0.017273486
99999E20000199,4,False,DO,DO.01,False,0.0,0.13739389,0.07088314,0.08427994,0.07405879,0.026820965,0.56567675,0.0,0.01653725,0.0049316473,0.010856664,0.008560965
99999E20000207,2,False,61,61.20,False,0.0,0.0,0.0,0.0,0.0,0.0,1.0,0.0,0.0,0.0,0.0,0.0
99999E20000235,4,False,75,75.00,False,0.012715228,0.013138132,0.013302534,0.016876196,0.052710425,0.33052883,0.52959377,0.0,0.0033354722,0.0036363453,0.005990329,0.018172683
99999E20000236,4,False,DO,DO.01,False,0.0,0.024710283,0.545618,0.008330286,0.115256086,0.19578189,0.026635759,0.0,0.0040078238,0.006053419,0.0073612723,0.066245176
99999E20000237,4,False,47,47.71,False,0.0,0.0,0.0013826358,0.0015931536,0.0076851533,0.060164575,0.03420571,0.0,0.0,0.015533218,0.0028918788,0.8765437
99999E20000251,4,False,52,52.21,False,0.0,0.0,0.026856337,0.0,0.0027512894,0.63305366,0.2979869,0.0,0.002556754,0.03679502,0.0,0.0
99999E20000252,5,False,11,11.05,False,0.0,0.0016866956,0.0043897964,0.08519794,0.21513082,0.17878713,0.24045058,0.0,0.049638495,0.007237303,0.051793773,0.16568749
99999E20000256,5,False,88,88.10,False,0.019349135,0.01508723,0.050145976,0.21335056,0.04142913,0.036560044,0.105205044,0.0,0.0021323345,0.0,0.04732711,0.46941343
99999E20000264,1,False,58,58.2,False,0.99849534,0.0015046758,0.0,0.0,0.0,0.0,0.0,0.0,0.0,0.0,0.0,0.0
99999E20000269,4,False,DO,DO.01,False,0.00704004,0.21329291,0.28532076,0.0407961,0.037220083,0.15590976,0.15337022,0.002235565,0.049217116,0.041376624,0.009745543,0.004475377
99999E20000301,6,False,DO,DO.01,False,0.0,0.039677832,0.12181002,0.039459836,0.10220495,0.10311361,0.44702813,0.009614755,0.08931724,0.009792128,0.021253929,0.016727474
99999E20000305,4,False,43,43.21,False,0.0,0.0,0.0045294473,0.016911767,0.014677511,0.42763954,0.516799,0.0,0.01944277,0.0,0.0,0.0
99999E20000333,4,False,01,01.41,False,0.0,0.0,0.0,0.0029664082,0.007679242,0.94658417,0.0425923,0.0,0.0,4.804396e-05,4.477752e-05,8.5097694e-05
99999E20000342,4,False,55,55.30,False,0.07046889,0.01209993,0.045885578,1.0264466e-05,0.00015584065,0.051119965,0.8100648,0.0013835846,0.008239432,0.00017685835,0.00039485606,0.0
99999E20000352,1,False,IL,IL.01,False,1.0,0.0,0.0,0.0,0.0,0.0,0.0,0.0,0.0,0.0,0.0,0.0
99999E20000353,1,False,IL,IL.01,False,0.9960782,0.0,0.0039218105,0.0,0.0,0.0,0.0,0.0,0.0,0.0,0.0,0.0
99999E20000388,2,False,36,36.00,False,0.0,0.0,0.0,0.0,0.0,0.0,1.0,0.0,0.0,0.0,0.0,0.0
99999E20000392,4,False,84,84.11,False,0.63950366,0.007827628,0.15430692,0.0,8.1615086e-05,0.13766733,0.025867037,0.0,0.00081367756,0.013671763,0.0094401445,0.010820181
99999E20000409,2,False,36,36.00,False,0.0,0.0,0.0,0.0,0.0,0.0,1.0,0.0,0.0,0.0,0.0,0.0
99999E20000449,4,False,DO,DO.01,False,0.004723986,0.05098302,0.045014236,0.07014294,0.02853658,0.07366091,0.6888412,0.0,0.0,0.0050067245,0.0,0.033090424
99999E20000483,3,False,84,84.1,False,0.0,0.98264515,0.008378217,0.0,0.0,0.0,0.0,0.008976662,0.0,0.0,0.0,0.0
99999E20000505,4,False,52,52.21,False,0.020295586,0.032255143,0.06711198,0.0,0.0,0.4073273,0.47300997,0.0,0.0,0.0,0.0,0.0
99999E20000519,4,False,55,55.10,False,0.30529195,0.09023247,0.18566674,0.04222828,0.008989368,0.042177923,0.28622127,0.006133922,0.0055396664,0.022133943,0.0023065158,0.003077949
99999E20000548,4,False,DO,DO.02,False,0.0,0.0063069975,0.0034818165,0.023881821,0.043278527,0.16272432,0.71262866,0.0,0.0063689915,0.0058932784,0.01233312,0.02310246
99999E20000564,6,False,45,45.20,False,0.0,0.0,0.015575656,0.108458735,0.032919902,0.10956057,0.6374531,0.0,0.022465693,0.006633468,0.026948618,0.03998431
99999E20000569,4,False,DO,DO.01,False,0.0,0.035357896,0.10274673,0.01987179,0.033038836,0.045361437,0.64487386,0.0,0.062301263,0.013935224,0.031047573,0.011465438
99999E20000615,5,False,68,68.20,False,0.0046058446,0.011871085,0.02225179,0.027071519,0.007490947,0.33590227,0.09034904,0.0,0.12721156,0.01508149,0.02120136,0.3369631
99999E20000624,4,False,01,01.41,False,0.0,0.0018444404,0.0,0.003967287,0.0073429607,0.072211586,0.91463375,0.0,0.0,0.0,0.0,0.0
99999E20000661,5,False,16,16.23,False,0.00063866936,0.0,0.003734631,0.13470037,0.018288141,0.016415164,0.061328117,0.07898891,0.17544158,0.054785155,0.09840718,0.35727212
99999E20000662,3,False,01,01.11,False,0.0,0.051880695,0.033415787,0.08646176,0.13215715,0.057064608,0.28430602,0.00047339252,0.0029131845,0.1426238,0.08541874,0.12328493
99999E20000663,3,False,96,96.0,False,0.0,0.0,0.0,0.0,0.0,0.0,0.0,0.0,0.0,0.0,1.0,0.0
99999E20000702,1,False,IL,IL.01,False,1.0,0.0,0.0,0.0,0.0,0.0,0.0,0.0,0.0,0.0,0.0,0.0
99999E20000727,4,False,47,47.78,False,0.0037785554,0.0018183268,0.020788891,0.009022804,0.014354739,0.048944436,0.044134375,0.0,0.0021473886,0.21723607,0.039426625,0.59834784
99999E20000735,6,False,45,45.20,False,0.0018585536,0.02435609,0.052546654,0.08239831,0.07005021,0.06980178,0.030474026,0.006134641,0.042780146,0.33591205,0.066847965,0.21683954
99999E20000737,2,False,IL,IL.01,False,0.0,0.0,0.0,0.0,0.0,0.0,1.0,0.0,0.0,0.0,0.0,0.0
99999E20000741,4,False,DO,DO.01,False,0.0,0.105885655,0.045993116,0.09607404,0.10619929,0.099464096,0.49186888,0.0,0.024485435,0.018714052,0.0024570893,0.008858384
99999E20000745,4,False,DO,DO.01,False,0.004660367,0.017945265,0.036140174,0.0070976177,0.027240174,0.010249365,0.8732318,0.0036488813,0.008865566,0.00546848,0.005452339,0.0
99999E20000752,4,False,16,16.29,False,0.129744,0.115833536,0.16912213,0.11315292,0.09897677,0.04577344,0.065385625,0.025175838,0.059584506,0.11278836,0.03820024,0.026262728
99999E20000790,4,False,55,55.10,True,0.00615283,0.0,0.006133356,0.001406337,0.0,0.16465065,0.8216568,0.0,0.0,0.0,0.0,0.0
99999E20000815,4,False,DO,DO.01,False,0.020873183,0.0,0.07030437,0.02906138,0.07819055,0.090909086,0.38840228,0.0,0.0,0.043021582,0.0,0.27923754
99999E20000833,4,False,CO,CO.02,False,0.027783576,0.10508687,0.164818,0.19011743,0.06908734,0.0,0.027060734,0.0,0.00086537335,0.28107327,0.042973425,0.091134
99999E20000834,4,False,CO,CO.02,False,0.07717412,0.22214033,0.16352509,0.10129823,0.08776279,0.0,0.16230206,0.0,0.028794602,0.09373841,0.027845727,0.03541867
99999E20000835,4,False,CO,CO.02,False,0.080947824,0.18737866,0.08235459,0.10191746,0.17547242,0.0,0.10162439,0.017745802,0.030919602,0.11337677,0.059904903,0.048357677
99999E20000855,6,False,01,01.4,False,0.0,0.0,0.0,0.010915262,0.0,0.0,0.0008256765,0.6594402,0.016235279,0.2858353,0.0071286424,0.019619646
99999E20000877,4,False,DO,DO.01,False,0.020837437,0.20672314,0.07217888,0.048705522,0.061851814,0.14652407,0.30043024,0.017027464,0.063880265,0.016094286,0.03668328,0.009063641
99999E20000894,4,False,47,47.72,False,0.0,0.0005202279,0.014619034,0.00399479,0.012922673,0.057269238,0.04207653,0.0,0.00031651466,0.027477615,0.018305197,0.8224982
99999E20000895,4,False,47,47.77,False,0.00011410135,0.0,0.0,0.0015535955,0.005231026,0.024869552,0.014818479,0.0,0.00054485403,0.0380369,0.01909314,0.89573836
99999E20000903,4,False,56,56.30,False,0.007637765,0.0,0.0,0.016888484,0.03257288,0.8460184,0.09656192,0.0,0.0,0.00032059452,0.0,0.0
99999E30430511,6,False,DO,DO.01,False,0.09532023,0.2150589,0.06985817,0.064691044,0.03922553,0.06478508,0.16903466,0.121830046,0.10423534,0.0031811944,0.030529115,0.022250677
99999E30430514,4,False,DO,DO.01,False,0.041609146,0.06800834,0.067647085,0.015832877,0.050849546,0.11160147,0.60467803,0.012792448,0.008760025,0.0078187995,0.00030462863,0.010097658
99999E30431912,6,False,DO,DO.01,False,0.0654251,0.36206,0.1706321,0.030706936,0.027911942,0.062343586,0.21889253,0.007700854,0.017071102,0.0052830083,0.013580283,0.018392585
99999E30431931,4,False,DO,DO.01,False,0.023444949,0.13999082,0.1732485,0.050908245,0.042192675,0.059068378,0.35970405,0.027120434,0.075148635,0.03517085,0.009421865,0.004580645
99999E30461094,4,False,DO,DO.01,False,0.016349379,0.09960213,0.19011475,0.025812635,0.05871782,0.041247196,0.1544108,0.020175967,0.1210319,0.20693783,0.018824384,0.046775218
99999E30461097,4,False,56,56.10,False,0.0,0.010059812,0.033745907,0.028635481,0.47357833,0.22756104,0.21473221,0.0,0.0056443154,0.0,0.00058777747,0.0054551074
99999E30461111,4,False,DO,DO.01,False,0.008363854,0.12694801,0.087509744,0.08300325,0.06919792,0.2286857,0.3489313,0.0,0.0112765655,0.008899717,0.02718391,0.0
99999E30478495,4,False,DO,DO.01,False,0.0,0.106925234,0.056186955,0.21572047,0.40394685,0.15594448,0.0032987497,0.0,0.035027914,0.00274669,0.007062085,0.01314057
99999E30478515,3,False,DO,DO.01,False,0.031543553,0.07916039,0.095899254,0.08569587,0.10610424,0.13068087,0.450522,0.0012734175,0.005478583,0.0,0.0016471031,0.011994824
99999E30478577,3,False,DO,DO.01,False,0.0,0.0,0.18484123,0.0,0.0,0.06492233,0.0,0.0,0.17311773,0.07696961,0.39441597,0.1057331
99999E30478605,4,False,DO,DO.01,False,0.009028946,0.18113586,0.0922756,0.0039928923,0.0,0.11283531,0.59849185,0.0,0.0,0.0,0.0022395558,0.0
99999E30478621,4,False,DO,DO.01,False,0.0,0.016883848,0.008372801,0.0077841408,0.04082716,0.09911345,0.7619293,0.0,0.03713242,0.013175732,0.0065555344,0.008225635
99999E30478644,4,False,DO,DO.01,False,0.07785086,0.07152499,0.04554269,0.04068601,0.033227082,0.29945648,0.32005516,0.005268104,0.023168495,0.01773037,0.021042565,0.044447273
99999E30478660,4,False,DO,DO.01,False,0.010193521,0.06460579,0.1258778,0.031314015,0.080759704,0.33525935,0.3014165,0.0,0.006437582,0.024101917,0.0069862297,0.013047642
99999E30478663,3,False,DO,DO.01,False,0.0,0.022722473,0.037448324,0.20136397,0.008992427,0.0,0.16829115,0.0,0.0042246296,0.39029548,0.045988113,0.120673545
99999E30478684,6,False,DO,DO.01,False,0.016645122,0.078423515,0.11643475,0.07872825,0.058482792,0.12284409,0.36822262,0.040193558,0.06524602,0.043258145,0.0073137283,0.0042073596
99999E30478696,4,False,DO,DO.01,False,0.006628892,0.20127219,0.35634896,0.10605707,0.107336536,0.08599932,0.06695305,0.0016007952,0.0,0.056337453,0.006322523,0.005143229
99999E30478782,4,False,DO,DO.01,False,0.0,0.047141388,0.2058924,0.08447484,0.16631567,0.1050799,0.1639466,0.0,0.1264035,0.05901536,0.02158471,0.020145731
99999E30478826,6,False,DO,DO.01,False,0.0,0.031384654,0.12939374,0.06818317,0.09913003,0.279508,0.21259491,0.009549621,0.07841914,0.03554447,0.027997786,0.028294459
99999E30478853,3,False,DO,DO.01,False,0.0,0.03092846,0.122957125,0.021463182,0.36486796,0.05143962,0.34324005,0.0,0.0,0.028743697,0.0,0.03635986
99999E30478871,4,False,DO,DO.01,False,0.0,0.03900386,0.096882634,0.013149289,0.1495143,0.21111014,0.20721157,0.0045226,0.07628118,0.023399014,0.051047623,0.12787782
99999E30478893,4,False,DO,DO.01,False,0.0044234446,0.102179274,0.16845003,0.12223603,0.15682529,0.23642166,0.1770124,0.0,0.01243383,0.0113622425,0.0025989588,0.0060568964
99999E30478940,6,False,DO,DO.01,False,0.0279665,0.006465542,0.07848222,0.03967723,0.048262745,0.083340175,0.579329,0.0038331707,0.0647845,0.02430152,0.04241912,0.001138217
99999E30478956,3,False,DO,DO.01,False,0.0018546466,0.08676965,0.18453427,0.04113144,0.016331932,0.28150958,0.07230055,0.025736032,0.22909077,0.02690771,0.02259929,0.011234211
99999E30478967,4,False,DO,DO.01,False,0.0,0.009126356,0.13730624,0.021377787,0.17747894,0.19983734,0.07791079,0.0,0.2251175,0.04130476,0.07063872,0.0399016
99999E30478996,4,False,DO,DO.01,False,0.0,0.020606218,0.12523142,0.05761,0.187345,0.463022,0.08679281,0.003644622,0.023537196,0.0,0.012931626,0.01927904
99999E30479000,4,False,DO,DO.01,False,0.0,0.047841266,0.1646287,0.024824126,0.24597815,0.25340784,0.046753567,0.0,0.13681339,0.04140278,0.038350202,0.0
99999E30479045,3,False,DO,DO.01,False,0.17618676,0.6248473,0.0,0.0,0.0,0.0,0.024471255,0.0,0.0,0.17449477,0.0,0.0
99999E30479052,3,False,DO,DO.01,False,0.0,0.5030497,0.13184592,0.2744051,0.0,0.0,0.0,0.0,0.0615618,0.0,0.029137569,0.0
99999E30479060,4,False,DO,DO.01,False,0.0,0.14589942,0.004030873,0.027943347,0.21029235,0.10735862,0.30167904,0.022174854,0.1313115,0.0030307318,0.042945467,0.0033338047
99999E30479092,4,False,DO,DO.01,False,0.0,0.004115388,0.059828553,0.031467583,0.089667685,0.49626756,0.14500616,0.011246805,0.14438237,0.0059270645,0.0,0.012090881
99999E30479132,4,False,DO,DO.01,False,0.0032361655,0.026661025,0.03094272,0.17044635,0.12053472,0.046625677,0.35174632,0.0013193598,0.0031116975,0.0,0.0019416994,0.24343431
99999E30479140,4,False,DO,DO.01,False,0.0,0.00028874222,0.025951898,0.0109309545,0.016125144,0.043511234,0.84600204,0.0105914455,0.041420233,0.0,0.005178322,0.0
99999E30479144,4,False,DO,DO.01,False,0.024432749,0.06824039,0.08523784,0.054306805,0.08682939,0.047592867,0.62136793,0.003618935,0.0083730575,0.0,0.0,0.0
99999E30479172,3,False,DO,DO.01,False,0.0,0.07359897,0.085862935,0.04670206,0.04630596,0.446926,0.2093404,0.0,0.051767603,0.024809754,0.014686278,0.0
99999E30479175,4,False,DO,DO.01,False,0.0,0.0,0.006039197,0.0,0.047588263,0.057221178,0.88115096,0.0,0.0,0.0,0.0,0.008000404
99999E30479196,6,False,DO,DO.01,False,0.0,0.048423167,0.16237895,0.042389,0.12285675,0.23582405,0.2512525,0.0033528227,0.06392837,0.026547598,0.018766673,0.024280101
99999E30479235,3,False,DO,DO.01,False,0.38198194,0.032563083,0.04043024,0.109653436,0.05893797,0.07306972,0.16239612,0.0588669,0.0010571276,0.039689366,0.0,0.041354116
99999E30479321,4,False,DO,DO.01,False,0.029712541,0.09459854,0.10521511,0.006041469,0.03465075,0.17978878,0.50123394,0.005481428,0.035863146,0.0,0.0074142884,0.0
99999E30479337,4,False,DO,DO.01,False,0.0015189614,0.056469627,0.07165073,0.08772109,0.060783986,0.3178246,0.28564987,0.0,0.013308996,0.07788826,0.02718388,0.0
99999E30479367,3,False,74,74.90,False,0.0,0.023432655,0.08719917,0.0,0.0,0.15823638,0.64577645,0.0,0.0,0.0,0.05656248,0.028792916
99999E30479391,6,False,DO,DO.01,False,0.016291052,0.06097601,0.21999566,0.025515134,0.14765717,0.08704445,0.34233263,0.011454047,0.030133573,0.027062817,0.011799618,0.019737897
99999E30479403,4,False,DO,DO.01,False,0.0,0.048449397,0.19024043,0.08550026,0.06752266,0.09406367,0.3337507,0.0,0.08156191,0.03682366,0.019729666,0.04235756
99999E30479456,3,False,DO,DO.01,False,0.0,0.06489149,0.35673624,0.0,0.0,0.04775459,0.058096826,0.0,0.01845576,0.030742906,0.38320532,0.040116858
99999E30479476,4,False,DO,DO.01,False,0.014856703,0.028741948,0.0,0.07504494,0.10155515,0.1704401,0.5586876,0.0,0.008821924,0.0062145297,0.02003918,0.015597924
99999E30479484,6,False,DO,DO.01,False,0.19686325,0.13490424,0.060946792,0.0658131,0.03960938,0.17706062,0.20980942,0.006989487,0.040968597,0.034858286,0.019581812,0.012595068
99999E30479495,6,False,DO,DO.01,False,0.0038218128,0.009750445,0.027416972,0.0829179,0.026933428,0.23868965,0.47886905,0.031617798,0.029056434,0.04135138,0.021538246,0.0080368
99999E30479528,3,False,DO,DO.01,False,0.0038257702,0.14137417,0.095085844,0.04774194,0.13399965,0.17025845,0.034752693,0.06467214,0.2861061,0.0,0.0,0.022183344
99999E30479565,6,False,DO,DO.01,False,0.008528688,0.1446616,0.15911105,0.062060114,0.07155207,0.34259585,0.12246908,0.025636762,0.025989218,0.0046228827,0.009676094,0.023096569
99999E30479621,4,False,DO,DO.01,False,0.0,0.010046508,0.019595057,0.05556805,0.022008583,0.24430898,0.5636313,0.0,0.04281952,0.0039234324,0.024029158,0.014069421
99999E30479680,4,False,DO,DO.01,False,0.018591683,0.069297634,0.017548045,0.098802805,0.0,0.025867337,0.6630686,0.0,0.0,0.0,0.10682391,0.0
99999E30479692,4,False,DO,DO.01,False,0.014584383,0.0,0.19354045,0.0847523,0.12316892,0.1856321,0.31629145,0.0,0.061659474,0.020370988,0.0,0.0
99999E30479730,4,False,DO,DO.01,False,0.06960464,0.007930191,0.016984552,0.0030692848,0.03526438,0.029007545,0.7954909,0.0,0.031613827,0.0,0.0,0.011034707
99999E30479770,4,False,DO,DO.01,False,0.0,0.17026603,0.2739187,0.11370972,0.17284797,0.15919772,0.09414121,0.0,0.002188311,0.0046387236,0.0,0.009091593
99999E30479817,4,False,DO,DO.01,False,0.0060778097,0.103262655,0.031958595,0.016189683,0.04387377,0.053845387,0.6439072,0.0035131078,0.05737853,0.0006211388,0.038670897,0.0007012857
99999E30479821,6,False,DO,DO.01,False,0.119850844,0.062235206,0.11468537,0.023533167,0.08672973,0.11038483,0.3513357,0.010364973,0.047132976,0.028230725,0.015755894,0.029760657
99999E30479834,3,False,DO,DO.01,False,0.021305412,0.13358805,0.06917952,0.0781827,0.024543228,0.057046287,0.57281166,0.0,0.00092334073,0.029995097,0.00065638014,0.011768307
99999E30479850,4,False,DO,DO.01,False,0.0,0.0988579,0.13977727,0.0667582,0.08063864,0.18575741,0.31525928,0.0,0.04239405,0.0016048669,0.026253063,0.042699397
99999E30479909,4,False,DO,DO.01,False,0.0,0.0,0.0,0.012784773,0.023450192,0.069520324,0.8678068,0.0,0.026437834,0.0,0.0,0.0
99999E30480085,4,False,DO,DO.01,False,0.029150901,0.0653698,0.093562596,0.04030469,0.11793386,0.11160424,0.49393317,0.0005809989,0.00819733,0.021663241,0.017699186,0.0
99999E30480097,3,False,DO,DO.01,False,0.0,0.07834231,0.19554676,0.15151136,0.2097095,0.0938405,0.0,0.0,0.0473762,0.017369546,0.19867578,0.007628078
99999E30480117,3,False,DO,DO.01,False,0.0,0.058759563,0.11040546,0.09932715,0.123824775,0.0904917,0.27410305,0.0,0.05955249,0.0,0.08211689,0.101418965
99999E30480148,3,False,DO,DO.01,False,0.0,0.03207258,0.06509202,0.10200217,0.31234184,0.0,0.02127843,0.0062320316,0.10900889,0.08800592,0.17129478,0.09267135
99999E30480166,3,False,DO,DO.01,False,0.003155424,0.31953716,0.045437206,0.22009419,0.13847508,0.11664296,0.0,0.0,0.061990842,0.055478003,0.039189197,0.0
99999E30480207,3,False,DO,DO.01,False,0.0,0.03139184,0.10023975,0.02701418,0.068575084,0.09036005,0.5783928,0.0,0.022619981,0.042011492,0.02878343,0.010611383
99999E30480220,4,False,DO,DO.01,False,0.033949316,0.016327422,0.23020333,0.009183841,0.08212187,0.05336643,0.34279597,0.023417732,0.038567875,0.024110246,0.092477664,0.053478297
99999E30480243,3,False,DO,DO.01,False,0.0,0.013436802,0.040823717,0.07648325,0.27885607,0.21069668,0.01904877,0.0023750055,0.24641922,0.012828558,0.049841512,0.049190424
99999E30480249,6,False,DO,DO.01,False,0.0028990651,0.09631416,0.30901164,0.04307325,0.09455658,0.08198333,0.25880536,0.036874354,0.014591031,0.041848026,0.0037733705,0.016269857
99999E30480273,6,False,DO,DO.01,False,0.0,0.089144826,0.13576508,0.10076192,0.1318998,0.24546732,0.11505742,0.0088024195,0.09462395,0.013442682,0.017231064,0.047803562
99999E30480295,5,False,DO,DO.01,False,0.017001135,0.014330662,0.2402369,0.06906216,0.21059728,0.040480155,0.13598265,0.018746197,0.040453713,0.1626345,0.0331033,0.0173713
99999E30480322,3,False,DO,DO.01,False,0.0,0.014672881,0.0716863,0.058361698,0.24215825,0.2520798,0.17235063,0.0,0.027489368,0.025690913,0.048765488,0.08674472
99999E30480334,6,False,DO,DO.01,False,0.008708885,0.01542687,0.08728629,0.04852599,0.104071535,0.2551033,0.33647567,0.0064017233,0.08435266,0.008614264,0.016869063,0.028163781
99999E30480368,4,False,DO,DO.01,False,0.01331925,0.25074688,0.1870224,0.14125504,0.062948726,0.02809091,0.22345643,0.0022735149,0.024996288,0.01721022,0.04100992,0.0076705343
99999E30480387,5,False,DO,DO.01,False,0.0,0.0,0.0062010954,0.0,0.2765244,0.118682295,0.10585664,0.0,0.11418035,0.010161805,0.17040573,0.19798777
99999E30480403,6,False,DO,DO.01,False,0.0,0.0,0.02024842,0.04645095,0.2990045,0.27778083,0.0,0.0,0.07366927,0.031341,0.080334365,0.17117068
99999E30480412,6,False,DO,DO.01,False,0.0,0.019723732,0.111269586,0.17066547,0.045641046,0.008801923,0.15583605,0.0,0.0028427965,0.1671486,0.11057598,0.20749483
99999E30480426,3,False,DO,DO.01,False,0.0,0.14181733,0.037962172,0.086985394,0.1380888,0.360132,0.117540315,0.0,0.08627955,0.0,0.031194333,0.0
99999E30480480,6,False,DO,DO.01,False,0.0,0.075806566,0.36262816,0.034387045,0.122173004,0.26788116,0.07171135,0.0024504822,0.05345761,0.0030430278,0.0026343374,0.0038271823
99999E30480525,4,False,DO,DO.01,False,0.0,0.042456854,0.0719265,0.018903704,0.06841392,0.08691408,0.63764256,0.0,0.015625441,0.032487556,0.025629455,0.0
99999E30480554,4,False,DO,DO.01,False,0.0053470363,0.0019136947,0.02799861,0.0,0.0031541507,0.057428516,0.8880851,0.0,0.012021113,0.0,0.0040518027,0.0
99999E30480562,3,False,DO,DO.01,False,0.0,0.0064111156,0.02526002,0.06745482,0.11490418,0.22817045,0.42469886,0.0,0.024287611,0.02755859,0.065489,0.015765302
99999E30480622,3,False,DO,DO.01,False,0.0,0.07593609,0.23170322,0.02009521,0.18451115,0.25790802,0.0,0.01462373,0.027589237,0.020437453,0.1249299,0.04226596
99999E30480638,3,False,DO,DO.01,False,0.0,0.2976239,0.17273445,0.10939373,0.046708237,0.100252606,0.118290186,0.0,0.07029524,0.0,0.084701605,0.0
99999E30480644,4,False,DO,DO.01,False,0.014129767,0.37664106,0.12716137,0.08201024,0.09809356,0.05013155,0.069120675,0.0,0.13989712,0.0,0.042814698,0.0
99999E30480671,3,False,DO,DO.01,False,0.0,0.1948703,0.20402214,0.10562518,0.31489363,0.0,0.0,0.019906731,0.16068202,0.0,0.0,0.0
99999E30480702,3,False,DO,DO.01,False,0.0,0.0,0.00787729,0.059609186,0.06720231,0.20995404,0.032104976,0.021397319,0.27445954,0.0,0.06956852,0.25782683
99999E30480706,3,False,DO,DO.01,False,0.0,0.017798482,0.038573656,0.045498718,0.034779526,0.31449637,0.42326143,0.0,0.023458831,0.0,0.10213305,0.0
99999E30480809,4,False,DO,DO.01,False,0.00332006,0.11762651,0.15409645,0.15922053,0.07397811,0.14247623,0.19476351,0.025973868,0.078742206,0.03768244,0.0,0.012120102
99999E30480817,4,False,DO,DO.01,False,0.0,0.025147516,0.014904996,0.009341533,0.0060941065,0.031711467,0.86513096,0.0,0.02985974,0.010662613,0.0071471017,0.0
99999E30480865,4,False,DO,DO.01,False,0.0,0.06322629,0.09163941,0.0648396,0.09241518,0.51604617,0.10572098,0.0,0.026541224,0.013686508,0.01665309,0.009231605
99999E30480909,3,False,DO,DO.01,False,0.1269025,0.030544406,0.23122597,0.07501254,0.17716174,0.06345125,0.0,0.0,0.16986538,0.0,0.12583627,0.0
99999E30480915,4,False,DO,DO.01,False,0.0066469503,0.10988231,0.017061004,0.05041824,0.015038539,0.02184681,0.6166936,0.0,0.07413217,0.032078635,0.046044696,0.010157138
99999E30480945,3,False,DO,DO.01,False,0.0,0.0,0.15375467,0.14890607,0.06597639,0.08304479,0.0,0.017312987,0.25217012,0.10782489,0.15191786,0.019092243
99999E30480951,4,False,DO,DO.01,False,0.0,0.018981328,0.20628797,0.03482807,0.12050473,0.4850254,0.052644867,0.0004998091,0.02735884,0.008844337,0.018269673,0.026755009
99999E30480980,4,False,DO,DO.01,False,0.0,0.17507264,0.11306285,0.14435162,0.08544809,0.27435988,0.20424666,0.0,0.0034583302,0.0,0.0,0.0
99999E30480989,4,False,DO,DO.01,False,0.0023885486,0.100083314,0.16026755,0.10206951,0.37516308,0.0739636,0.051330604,0.0061356258,0.03550824,0.045359705,0.021213872,0.026516395
99999E30480998,3,False,DO,DO.01,False,0.00014579711,0.070229344,0.20235518,0.09915324,0.02698368,0.16785733,0.15869455,0.0,0.096158795,0.124263994,0.016306845,0.037851173
99999E30481070,6,False,DO,DO.01,False,0.0,0.0,0.06072608,0.16169296,0.35301024,0.13055365,0.0044723796,0.033098385,0.079063736,0.024391977,0.030287128,0.122703515
99999E30481082,6,False,DO,DO.01,False,0.0,0.11203382,0.13780427,0.1068575,0.12086425,0.1322309,0.17073636,0.0061283032,0.06396824,0.045234594,0.06771014,0.03643155
99999E30481126,6,False,DO,DO.01,False,0.0,0.006270408,0.11473121,0.1174927,0.064553745,0.34703198,0.16467687,0.005962919,0.108932674,0.00886869,0.02789634,0.03358252
99999E30481185,4,False,DO,DO.01,False,0.0,0.044754498,0.047818694,0.06844567,0.06297162,0.48751777,0.14622739,0.0,0.038336933,0.0,0.023202267,0.080725186
99999E30481199,3,False,DO,DO.01,False,0.10035033,0.05015158,0.052467056,0.015290743,0.11155896,0.12285336,0.3678783,0.0,0.07161264,0.048809458,0.05902759,0.0
99999E30481239,4,False,DO,DO.01,False,0.0010490112,0.015482875,0.033563934,0.011410764,0.053287115,0.0842573,0.6425704,0.006718984,0.1505486,0.0,0.0,0.0011109782
99999E30481262,4,False,DO,DO.01,False,0.005260857,0.038963284,0.18086949,0.0636004,0.014544013,0.38160607,0.27849346,0.0088321315,0.016709102,0.011121283,0.0,0.0
99999E30481368,6,False,DO,DO.01,False,0.0,0.057894915,0.134597,0.012697401,0.026714604,0.11591499,0.4686092,0.002872844,0.047820054,0.043342967,0.055926595,0.03360943
99999E30481381,4,False,DO,DO.01,False,0.014572814,0.17275663,0.25124654,0.044598244,0.03097884,0.075843476,0.11029771,0.008682347,0.12598342,0.051999446,0.081574455,0.031466063
99999E30481411,3,False,DO,DO.01,False,0.0,0.0,0.0,0.0,0.0,0.0,0.0,0.0,0.30914167,0.6908583,0.0,0.0
99999E30481453,6,False,DO,DO.01,True,0.21549322,0.037759673,0.26582494,0.032889664,0.08068997,0.033694074,0.20390388,0.0035929014,0.0780549,0.025875939,0.018800016,0.0034208235
99999E30481499,4,False,DO,DO.01,False,0.0032905466,0.02070772,0.049091075,0.029542066,0.13128363,0.09194624,0.63706857,0.0,0.0,0.014005204,0.0075333905,0.015531658
99999E30481507,3,False,DO,DO.01,False,0.11163386,0.2133065,0.25056648,0.06905801,0.09806021,0.04114819,0.075190485,0.0,0.022015281,0.053169798,0.06585117,0.0
99999E30481510,4,False,DO,DO.01,True,0.035977494,0.038026556,0.078194834,0.01694244,0.018059395,0.19626331,0.56507254,0.0042139515,0.021395903,0.021414436,0.0035760212,0.00086308183
99999E30481531,4,False,DO,DO.01,False,0.0033151598,0.0017726066,0.0998883,0.05519282,0.12722608,0.3659176,0.19629921,0.0,0.0019175534,0.058428194,0.03282979,0.057212766
99999E30481555,6,False,DO,DO.01,False,0.004485004,0.11284354,0.19004904,0.11876292,0.09273571,0.022480093,0.41812256,0.011890476,0.0076641417,0.006016164,0.010071442,0.00487885
99999E30481559,4,False,DO,DO.01,False,0.0,0.16037697,0.24493891,0.06678999,0.21625207,0.166383,0.066869155,0.0,0.0054478007,0.04975083,0.0067352788,0.016456064
99999E30481567,3,False,DO,DO.01,False,0.08920185,0.5852713,0.024085002,0.10559741,0.027349792,0.0,0.005033221,0.005427001,0.04302223,0.08693225,0.028080076,0.0
99999E30481618,4,False,DO,DO.01,False,0.0119980415,0.048325446,0.03506025,0.019729419,0.21758948,0.21362832,0.41635567,0.0,0.019614855,0.0,0.0,0.017698498
99999E30481637,3,False,DO,DO.01,False,0.06966196,0.21647832,0.08448393,0.27951238,0.056982484,0.0,0.10420478,0.0,0.0,0.1317438,0.05693237,0.0
99999E30481720,4,False,DO,DO.01,False,0.0,0.0038778184,0.039352674,0.00361109,0.024790335,0.33131748,0.53302217,0.0,0.029093895,0.017722039,0.01721252,0.0
99999E30481730,6,False,DO,DO.01,False,0.004552645,0.11311999,0.11485247,0.040865652,0.08313729,0.033287495,0.103967465,0.21753375,0.10173735,0.051422097,0.1077521,0.02777175
99999E30481744,4,False,DO,DO.01,False,0.0,0.0,0.0,0.0,0.26187718,0.0,0.43568945,0.0,0.0,0.0,0.30243334,0.0
99999E30481783,3,False,DO,DO.01,False,0.0,0.13353787,0.23866536,0.18602256,0.0016808785,0.11731627,0.069741935,0.0,0.12617879,0.035737213,0.09111909,0.0
99999E30481838,3,False,DO,DO.01,False,0.0,0.012557523,0.073761664,0.051918235,0.2385738,0.4328609,0.07636028,0.007181355,0.011148488,0.012087094,0.03987841,0.043672226
99999E30481850,4,False,DO,DO.01,False,0.0,0.071797274,0.00829171,0.02644723,0.0,0.2066847,0.65577435,0.0,0.016558588,0.0038440784,0.01060207,0.0
99999E30481853,4,False,DO,DO.01,False,0.0,0.010155071,0.037539933,0.007890173,0.026701588,0.068424076,0.8417821,0.0,0.0026681423,0.0,0.002815999,0.0020229493
99999E30481872,4,False,DO,DO.01,False,0.018821131,0.10025075,0.24980022,0.0,0.105927415,0.0,0.15051393,0.0,0.02554493,0.2147207,0.13442089,0.0
99999E30481875,4,False,DO,DO.01,False,0.0043781665,0.0,0.024723094,0.023980876,0.0,0.0068142754,0.7189801,0.0061631287,0.11092493,0.0,0.09156128,0.012474245
99999E30481885,4,False,DO,DO.01,False,0.018219355,0.28556448,0.194372,0.10538897,0.0668242,0.074307114,0.050869234,0.046736483,0.046768695,0.04190357,0.028613767,0.04043219
99999E30481989,3,False,DO,DO.01,False,0.0,0.027020253,0.11133848,0.08030903,0.07082899,0.41983715,0.22238463,0.0,0.034621008,0.0,0.0,0.03366047
99999E30482002,3,False,DO,DO.01,False,0.0,0.02581916,0.12708679,0.104720406,0.51475537,0.1529388,0.041113477,0.0,0.008266075,0.015565984,0.009733943,0.0
99999E30482011,3,False,DO,DO.01,False,0.0,0.15839204,0.26885417,0.0,0.0,0.22247037,0.27314898,0.0,0.07713452,0.0,0.0,0.0
99999E30482070,4,False,DO,DO.01,False,0.0,0.0,0.07603239,0.012575173,0.027408233,0.5538552,0.2770518,0.005068183,0.0056519527,0.013127583,0.01922098,0.010008516
99999E30482074,3,False,DO,DO.01,False,0.0,0.015012758,0.19350365,0.002572708,0.06588991,0.07807587,0.56612813,0.0,0.0080092745,0.047621567,0.019110033,0.004076101
99999E30482102,4,False,DO,DO.01,False,0.011448925,0.05901435,0.04503244,0.02808728,0.037347443,0.37121457,0.27419052,0.010536005,0.12044569,0.042682793,0.0,0.0
99999E30482122,3,False,DO,DO.01,False,0.020505318,0.0,0.23411405,0.15806042,0.12758005,0.09583955,0.13746336,0.0,0.03329036,0.074508615,0.045389805,0.07324845
99999E30482154,4,False,DO,DO.01,False,0.0,0.0047821896,0.015826622,0.062062748,0.2195765,0.019937191,0.40235066,0.008115419,0.118659236,0.020670997,0.059009355,0.06900905
99999E30482200,4,False,DO,DO.01,False,0.0,0.025273567,0.10121249,0.0302389,0.024460196,0.051150065,0.48839292,0.009613838,0.1344826,0.055718176,0.015907994,0.06354922
99999E30482224,4,False,DO,DO.01,False,0.0,0.0,0.00434871,0.014917462,0.1795814,0.24142465,0.5127716,0.0,0.027748913,0.00073713396,0.0,0.018470144
99999E30482242,3,False,DO,DO.01,False,0.006070561,0.22698581,0.054256637,0.05347568,0.063072644,0.34236673,0.041407015,0.0,0.19390368,0.0,0.018461267,0.0
99999E30482248,4,False,DO,DO.01,False,0.0,0.0069220043,0.020781599,0.036806643,0.1304965,0.034482922,0.007944778,0.022703646,0.548752,0.02356335,0.1008121,0.06673445
99999E30482273,3,False,DO,DO.01,False,0.07644346,0.071173914,0.048342336,0.08363473,0.008792704,0.09238067,0.27992642,0.0,0.16582933,0.013052291,0.12652048,0.033903696
99999E30482289,6,False,DO,DO.01,False,0.004685578,0.023778139,0.25758678,0.061301805,0.23991817,0.3072698,0.05281833,0.009760736,0.0049049137,0.00892301,0.0035705245,0.025482297
99999E30482295,6,False,DO,DO.01,False,0.0,0.07940279,0.4522338,0.035180535,0.030727519,0.114985466,0.026811616,0.037494924,0.044914745,0.13639848,0.014471257,0.027378965
99999E30482307,4,False,DO,DO.01,False,0.0,0.0,0.08557391,0.0,0.002264501,0.3675596,0.45881572,0.0,0.06201053,0.019194413,0.0,0.004581352
99999E30482315,4,False,DO,DO.01,False,0.0033115973,0.0057795267,0.0068479106,0.02004305,0.016924629,0.041903537,0.8759294,0.0,0.0051566307,0.0,0.016999533,0.007104165
99999E30482318,4,False,DO,DO.01,False,0.0041994266,0.0846766,0.087298386,0.053170078,0.136583,0.31556267,0.2089344,0.0,0.056534674,0.02498845,0.017406989,0.010645323
99999E30482320,6,False,DO,DO.01,False,0.0,0.0,0.06734294,0.07024996,0.0,0.23067574,0.0,0.022063475,0.077692986,0.50134486,0.014116632,0.016513402
99999E30482350,6,False,DO,DO.01,False,0.006307545,0.09022766,0.19701882,0.068712935,0.12897235,0.03576674,0.007204254,0.010882831,0.097545244,0.20194668,0.11071078,0.044704154
99999E30482353,4,False,DO,DO.01,False,0.012274499,0.12520503,0.10454251,0.10695129,0.0908928,0.098614536,0.17272279,0.060561024,0.031126145,0.070426755,0.1171843,0.0094984295
99999E30482364,6,False,DO,DO.01,False,0.002637553,0.11869277,0.3877299,0.12981097,0.13255504,0.04111762,0.07145668,0.013491915,0.053952307,0.020744465,0.025802735,0.0020081478
99999E30482430,5,False,96,96.04,False,0.003798637,0.0018600713,0.011234165,0.23746355,0.09623848,0.0032705856,0.011336445,0.035165336,0.27520254,0.071436726,0.20321397,0.049779505
99999E30482460,4,False,DO,DO.01,False,0.0,0.0,0.0068508927,0.0028785262,0.10241796,0.0025906737,0.014680483,0.1607369,0.40420264,0.17628095,0.12936097,0.0
99999E30482477,6,False,DO,DO.01,False,0.0,0.019166697,0.078077644,0.003674471,0.11331415,0.16886084,0.34140912,0.010817041,0.13789716,0.010876747,0.0808189,0.035087243
99999E30482528,6,False,DO,DO.01,False,0.0,0.0,0.005535528,0.024343766,0.15676016,0.073905885,0.0064797886,0.0050785886,0.5701205,0.004299199,0.08796771,0.06550881
99999E30482534,3,False,DO,DO.01,False,0.05994473,0.1442973,0.25369343,0.13363086,0.0880098,0.156764,0.06401428,0.0036415027,0.040859103,0.012315644,0.003018324,0.039811034
99999E30482539,4,False,DO,DO.01,False,0.0,0.0,0.09087261,0.08731193,0.33031595,0.1115346,0.21291375,0.0,0.09872116,0.06832999,0.0,0.0
99999E30482594,4,False,DO,DO.01,False,0.0,0.0,0.009219078,0.008539411,0.016381728,0.022394171,0.90338266,0.0,0.008399993,0.014708701,0.016974257,0.0
99999E30482628,6,False,DO,DO.01,True,0.03954169,0.012271032,0.17961372,0.0037844293,0.14390275,0.2876562,0.20365828,0.040354557,0.062553935,0.00793088,0.008567963,0.010164589
99999E30482632,4,False,DO,DO.01,False,0.0015274322,0.01741273,0.07387128,0.0513981,0.09906727,0.123283714,0.47059527,0.0,0.027985217,0.07697596,0.05555205,0.0023309945
99999E30482644,6,False,DO,DO.01,False,0.0,0.0,0.0,0.040721625,0.0018940292,0.020865886,0.9208454,0.0,0.0021781335,0.0,0.013494957,0.0
99999E30482647,3,False,DO,DO.01,False,0.0,0.034562282,0.1193813,0.06609117,0.15650755,0.12836541,0.0043751234,0.0,0.374499,0.0,0.05190573,0.06431244
99999E30482681,3,False,DO,DO.01,False,0.0,0.037141122,0.014985245,0.14222464,0.111210346,0.20695533,0.18243326,0.0,0.04580782,0.082268916,0.14797622,0.028997144
99999E30482725,4,False,DO,DO.01,False,0.0,0.010727179,0.0048736064,0.03830688,0.018946517,0.43759432,0.44986758,0.0,0.016781846,0.0,0.014424825,0.008477261
99999E30482730,4,False,DO,DO.01,False,0.007632165,0.12036668,0.2733899,0.048995502,0.035338227,0.092303894,0.38776267,0.013704543,0.011584695,0.008921731,0.0,0.0
99999E30482772,3,False,DO,DO.01,False,0.06270067,0.21494883,0.07149805,0.02332395,0.094936654,0.07189343,0.0,0.03459251,0.21600847,0.0,0.16546996,0.044627465
99999E30482803,3,False,DO,DO.01,False,0.0,0.0,0.0,0.36804008,0.33518934,0.0,0.0,0.0,0.0,0.0,0.11330736,0.18346325
99999E30482834,3,False,DO,DO.01,False,0.004367699,0.07827191,0.06827789,0.022388164,0.12698494,0.20254284,0.057058044,0.004544155,0.28653947,0.020486178,0.06315439,0.065384306
99999E30482870,4,False,DO,DO.01,False,0.0,0.02003435,0.062270183,0.037603013,0.09418513,0.058744095,0.68876576,0.0,0.0206023,0.0,0.017795157,0.0
99999E30482884,3,False,DO,DO.01,False,0.0,0.11419977,0.20129307,0.098481156,0.024194997,0.103583254,0.3195389,0.0,0.037903905,0.06476916,0.016084652,0.019951195
99999E30482888,3,False,DO,DO.01,False,0.0,0.010376357,0.06707284,0.055796534,0.06652387,0.35177016,0.27852374,0.012734209,0.15720224,0.0,0.0,0.0
99999E30482930,6,False,DO,DO.01,False,0.0030150714,0.014894651,0.082861304,0.021268694,0.07960988,0.44198865,0.3169689,0.0035415515,0.0075620636,0.0066666706,0.0034546384,0.01816796
99999E30482957,4,False,74,74.90,False,0.0,0.11244732,0.042794988,0.09136551,0.33521435,0.11327691,0.10991564,0.006660674,0.056956023,0.017945308,0.04127345,0.07214994
99999E30482965,3,False,DO,DO.01,False,0.0,0.0,0.123561375,0.14436977,0.17973879,0.0,0.149368,0.0017888382,0.20757101,0.19360228,0.0,0.0
99999E30483005,4,False,DO,DO.01,False,0.012767906,0.18976684,0.34512293,0.10028446,0.012339662,0.0869074,0.16490847,0.0,0.046144985,0.023918826,0.017838519,0.0
99999E30483014,4,False,DO,DO.01,False,0.0,0.003502541,0.0,0.0150271505,0.022835663,0.18595041,0.62222975,0.014482554,0.08998912,0.0039798263,0.03421097,0.0077919913
99999E30483083,6,False,84,84.11,False,0.008378721,0.021465404,0.010363492,0.009193971,0.075519465,0.023347735,0.5380436,0.0725359,0.19096483,0.008647625,0.036946613,0.004592717
99999E30483102,3,False,DO,DO.01,False,0.004171784,0.05619441,0.12284619,0.087711655,0.029195042,0.07665513,0.20428714,0.02444643,0.34285286,0.04013248,0.006635406,0.0048714224
99999E30483121,4,False,DO,DO.01,False,0.012468176,0.10468661,0.13314368,0.2620507,0.1263117,0.084674306,0.17508574,0.013264099,0.020109411,0.06486765,0.0033379223,0.0
99999E30483133,3,False,DO,DO.01,False,0.0013362281,0.2394249,0.19072586,0.034208715,0.11883933,0.10241159,0.00085824507,0.004937033,0.16373788,0.013810524,0.09362095,0.03608878
99999E30483152,4,False,DO,DO.01,False,0.0064596445,0.03653256,0.02247418,0.06521646,0.029510578,0.041708924,0.73869205,0.0018456128,0.021738818,0.0,0.016725864,0.019095361
99999E30483166,3,False,DO,DO.01,False,0.0,0.056464016,0.05177773,0.3127263,0.084795415,0.19976595,0.008299148,0.0,0.04821705,0.07288838,0.097465284,0.06760078
99999E30483231,4,False,DO,DO.01,False,0.00931499,0.01670329,0.046914645,0.051118333,0.11647188,0.08073258,0.5330563,0.0057243407,0.038310885,0.007844762,0.055003557,0.038804498
99999E30483254,4,False,DO,DO.01,False,0.0026823184,0.055617787,0.09567036,0.027336946,0.1799304,0.12410651,0.40242246,0.0,0.009639023,0.006571382,0.09602282,0.0
99999E30483271,4,False,DO,DO.01,False,0.094940655,0.14581461,0.06524154,0.040197283,0.051774997,0.0,0.38264263,0.0033101046,0.1358928,0.014983025,0.041499566,0.023702865
99999E30483298,4,False,DO,DO.01,False,0.0,0.047156416,0.062475637,0.11190456,0.020121641,0.055919185,0.6587557,0.0025409453,0.01348797,0.001430431,0.01205754,0.014149867
99999E30483301,6,False,DO,DO.01,False,0.0,0.039890904,0.07679362,0.07952914,0.13033573,0.18538105,0.06810268,0.053838026,0.22916749,0.0065053687,0.07790634,0.052549653
99999E30483333,4,False,DO,DO.01,False,0.042811397,0.023813166,0.12657523,0.12571423,0.07512838,0.2079381,0.34948114,0.0,0.010834786,0.007938117,0.0019069981,0.027858421
99999E30483452,4,False,DO,DO.01,False,0.0,0.0,0.040879123,0.009936072,0.027734663,0.23375657,0.68538326,0.0,0.0023103252,0.0,0.0,0.0
99999E30483456,4,False,DO,DO.01,False,0.0,0.17156258,0.13852778,0.026033083,0.03936719,0.24758299,0.3314259,0.0,0.042392615,0.0031078719,0.0,0.0
99999E30483476,3,False,DO,DO.01,False,0.01201497,0.10273456,0.14700283,0.08666536,0.018449219,0.106427684,0.40448758,0.0,0.09927123,0.0,0.022946624,0.0
99999E30483486,3,False,DO,DO.01,False,0.0032583682,0.216972,0.095421195,0.06012031,0.07709572,0.22714585,0.16156834,0.0030703854,0.12030327,0.0,0.035044543,0.0
99999E30483507,3,False,DO,DO.01,False,0.036813177,0.2855896,0.277635,0.006509684,0.0,0.0,0.0062085357,0.14513251,0.19696967,0.031623684,0.008763739,0.0047545033
99999E30483530,6,False,DO,DO.01,False,0.0019822333,0.3325821,0.11960308,0.08237652,0.055721845,0.19769555,0.15903749,0.0027126027,0.009512213,0.010127003,0.019612063,0.009037368
99999E30483565,6,False,DO,DO.01,False,0.0,0.003163797,0.0074355598,0.06729755,0.10792659,0.32226884,0.11211558,0.034509767,0.17887096,0.024993815,0.07006473,0.07135281
99999E30483629,3,False,DO,DO.01,False,0.002303286,0.06043151,0.15757535,0.0,0.1142825,0.29784206,0.054584056,0.033958595,0.2214363,0.01768898,0.014733381,0.025164038
99999E30483635,3,False,DO,DO.01,False,0.0,0.12903397,0.30717948,0.27424368,0.0244628,0.0,0.0,0.0,0.0,0.2650801,0.0,0.0
99999E30483651,3,False,DO,DO.01,False,0.019663833,0.17783992,0.11794239,0.16194701,0.05074669,0.041670833,0.10126843,0.036947016,0.124275185,0.027799303,0.11287178,0.027027616
99999E30483698,6,False,DO,DO.01,False,0.007244367,0.23309638,0.15792347,0.13083464,0.075015575,0.109151624,0.08888911,0.031487085,0.04031184,0.06416283,0.048778906,0.013104205
99999E30483701,3,False,DO,DO.01,False,0.0126458695,0.31166402,0.28907636,0.036184423,0.0,0.053262074,0.00498788,0.0020885423,0.056114715,0.0,0.20092031,0.033055853
99999E30483743,3,False,DO,DO.01,False,0.018392522,0.049087998,0.010931931,0.034061123,0.22272453,0.39796612,0.17048228,0.0,0.06848463,0.0,0.014033339,0.013835538
99999E30483746,6,False,DO,DO.01,False,0.0,0.11533489,0.239116,0.06886965,0.117197566,0.2689693,0.09546233,0.009882194,0.041331414,0.023068994,0.009542566,0.01122512
99999E30483766,3,False,DO,DO.01,False,0.0,0.06260626,0.20781383,0.022934966,0.037209548,0.06297818,0.07711108,0.013513035,0.37719607,0.0633501,0.0010803344,0.07420658
99999E30483835,4,False,DO,DO.01,False,0.0,0.0,0.0046088235,0.02430483,0.07273463,0.04769347,0.65345067,0.020587713,0.08647582,0.0034241078,0.0624716,0.024248254
99999E30483867,6,False,DO,DO.01,False,0.006953804,0.025943667,0.07404241,0.09847633,0.16251062,0.19241986,0.13767296,0.08080146,0.15123227,0.025996977,0.0063062604,0.03764352
99999E30483916,4,False,DO,DO.01,False,0.02399605,0.022712432,0.10252051,0.12942581,0.16482523,0.17356284,0.13315845,0.007479324,0.06584311,0.07878766,0.01975251,0.077936135
99999E30483919,4,False,DO,DO.01,False,0.005414594,0.015083346,0.006150082,0.0,0.018963922,0.01817473,0.931644,0.0,0.001517674,0.0015737113,0.0,0.0014779811
99999E30483924,3,False,DO,DO.01,False,0.014775687,0.055862017,0.1523757,0.00610817,0.29459712,0.29277667,0.086029574,0.0014151831,0.042415857,0.027526394,0.015464739,0.0106528625
99999E30483931,3,False,DO,DO.01,False,0.0,0.091122106,0.09727278,0.094151415,0.24437861,0.05498791,0.0,0.038544256,0.21431978,0.0,0.16522314,0.0
99999E30483958,3,False,DO,DO.01,False,0.017699106,0.07682897,0.134176,0.18886839,0.04939368,0.053368434,0.4032819,0.0053648166,0.024070784,0.028250553,0.009434414,0.0092629315
99999E30483964,4,False,DO,DO.01,False,0.0,0.012401367,0.0038154905,0.023565663,0.101732105,0.24144122,0.54184055,0.0,0.013554603,0.0091665825,0.030307183,0.02217524
99999E30484056,4,False,DO,DO.01,False,0.0,0.028267331,0.12893514,0.056000605,0.077410236,0.14519796,0.35305098,0.0068340683,0.10401395,0.060745694,0.033792242,0.0057517714
99999E30484166,3,False,DO,DO.01,False,0.0,0.16715254,0.18618965,0.064693764,0.06626913,0.051604833,0.16057126,0.0,0.0007656067,0.13041815,0.0671378,0.105197296
99999E30484187,6,False,DO,DO.01,False,0.0,0.105008796,0.13104796,0.010201112,0.015830016,0.3939021,0.13224803,0.06944209,0.11564804,0.008225528,0.009824163,0.008622251
99999E30484200,6,False,DO,DO.01,False,0.0,0.0064666895,0.0671601,0.074913256,0.09889325,0.43085396,0.25700003,0.0024388097,0.028597541,0.0046637533,0.010288473,0.018724121
99999E30484203,6,False,DO,DO.01,False,0.0062060095,0.08088875,0.09391484,0.04108693,0.08392138,0.23659605,0.16663942,0.054657187,0.15638727,0.0237337,0.030997831,0.024970736
99999E30484238,6,False,DO,DO.01,False,0.00635844,0.0892849,0.018428246,0.0,0.0056873537,0.017211987,0.7979287,0.0056088227,0.031216517,0.00944128,0.013456112,0.005377772
99999E30484322,6,False,DO,DO.01,False,0.07260755,0.059846062,0.049685467,0.16522476,0.103592366,0.028609728,0.16478461,0.08211078,0.13660075,0.07145573,0.044423677,0.02105859
99999E30484375,4,False,DO,DO.01,False,0.0,0.0994571,0.16249123,0.057853192,0.088825576,0.26176113,0.30027342,0.0,0.012059072,0.0059428653,0.0038103983,0.0075260377
99999E30484385,4,False,DO,DO.01,False,0.0,0.09027272,0.089129016,0.0,0.0,0.11608463,0.58176404,0.0,0.04206022,0.0,0.0,0.08068938
99999E30484388,4,False,DO,DO.01,False,0.0,0.0,0.0,0.008130459,0.0,0.0,0.99186957,0.0,0.0,0.0,0.0,0.0
99999E30484432,3,False,DO,DO.01,False,0.0015124899,0.101045184,0.37379932,0.11560985,0.12353449,0.16232747,0.020809963,0.0,0.013696512,0.028299162,0.0103690345,0.048996534
99999E30484440,4,False,DO,DO.01,False,0.004118537,0.0,0.059472594,0.032675873,0.041836828,0.31483543,0.098326266,0.0070822258,0.36320117,0.011497724,0.039893463,0.027059838
99999E30484446,6,False,DO,DO.01,False,0.009299809,0.10358413,0.18028562,0.06808047,0.096331075,0.33449692,0.09541709,0.02892584,0.013866915,0.03583842,0.009814085,0.02405966
99999E30484513,3,False,DO,DO.01,False,0.0,0.083799146,0.17387728,0.09470218,0.15399513,0.024831558,0.0,0.021795824,0.11882669,0.022802612,0.22206736,0.083302155
99999E30484610,3,False,DO,DO.01,False,0.0,0.0,0.0,0.3009524,0.0,0.0,0.0,0.0,0.0,0.092910066,0.31555554,0.29058206
99999E30484625,3,False,DO,DO.01,False,0.016510084,0.111920446,0.25565624,0.18508247,0.09948917,0.087886,0.11946105,0.0,0.05532372,0.039174106,0.029496677,0.0
99999E30484787,3,False,DO,DO.01,False,0.00080930546,0.0020996134,0.02086634,0.025569472,0.06635924,0.0,0.03408627,0.7610144,0.06436651,0.012903078,0.0,0.011925804
99999E30484811,6,False,DO,DO.01,False,0.0,0.0,0.022001613,0.0808667,0.09106311,0.02307477,0.454308,0.30363274,0.0,0.018444717,0.0047183055,0.0018900596
99999E30484924,6,False,DO,DO.01,False,0.024236407,0.06531367,0.034158684,0.031959806,0.021652095,0.04536278,0.5497908,0.04129729,0.07939151,0.034421545,0.061044376,0.011370969
99999E30484978,3,False,DO,DO.01,False,0.07367928,0.053511553,0.17566215,0.10753865,0.035867322,0.031765483,0.29581606,0.011579659,0.117705055,0.060204733,0.03667005,0.0
99999E30484996,4,False,DO,DO.01,False,0.0052512297,0.05078552,0.14238432,0.15497881,0.0794109,0.065068476,0.3063233,0.06726399,0.10761761,0.017343372,0.0,0.0035725026
99999E30485017,3,False,DO,DO.01,False,0.005191195,0.06599192,0.14639138,0.18883723,0.11476904,0.094792426,0.27818713,0.0026093824,0.034682572,0.03380196,0.034745816,0.0
99999E30485039,4,False,DO,DO.01,False,0.0,0.04914105,0.119349435,0.024783507,0.20210591,0.20877653,0.09963552,0.0,0.12177091,0.02696578,0.05663003,0.090841375
99999E30485136,6,False,DO,DO.01,False,0.008407281,0.0718013,0.7270916,0.00986046,0.0057284483,0.05616932,0.018715305,0.021236833,0.067191765,0.007569267,0.006228447,0.0
99999E30485160,3,False,DO,DO.01,False,0.02644518,0.083411664,0.13832654,0.024836415,0.032265645,0.018591158,0.27607465,0.0543274,0.23562962,0.013873326,0.07346083,0.022757675
99999E30485196,3,False,DO,DO.01,False,0.007837619,0.0019870761,0.06167842,0.08770016,0.33426103,0.0648725,0.07726406,0.015327368,0.20060508,0.019681016,0.060613733,0.068172
99999E30485242,4,False,DO,DO.01,False,0.005336714,0.0840969,0.1479325,0.07942822,0.054741178,0.1718756,0.2973453,0.022811987,0.030949906,0.028657319,0.034775943,0.04204845
99999E30485284,4,False,DO,DO.01,False,0.051947344,0.0,0.0,0.42990577,0.19332969,0.0,0.23526314,0.0,0.0035987622,0.052209258,0.03374605,0.0
99999E30485337,4,False,DO,DO.01,False,0.0,0.0,0.017009526,0.04469983,0.10993183,0.24730407,0.40238982,0.0,0.1575748,0.0027040052,0.01838616,0.0
99999E30485462,3,False,DO,DO.01,False,0.0,0.0,0.0,0.0,0.0,0.044960573,0.76454294,0.0,0.0,0.019177496,0.081397824,0.08992115
99999E30485525,3,False,DO,DO.01,False,0.007260637,0.0,0.0,0.0,0.0,0.028533623,0.9578612,0.0,0.0063445754,0.0,0.0,0.0
99999E30485528,4,False,DO,DO.01,False,0.026389206,0.016668709,0.10422752,0.01173631,0.019865148,0.05594861,0.7651645,0.0,0.0,0.0,0.0,0.0
99999E30485544,3,False,DO,DO.01,False,0.0034674208,0.119903415,0.19997637,0.047030468,0.28629473,0.22904967,0.012119654,0.0,0.035477836,0.013237389,0.032087926,0.02135523
99999E30485639,4,False,DO,DO.01,False,0.0,0.0,0.0,0.019077644,0.010117919,0.014276562,0.9440809,0.0,0.012446977,0.0,0.0,0.0
99999E30594379,3,False,DO,DO.01,False,0.012562057,0.075928085,0.20579474,0.016082956,0.14289297,0.171172,0.29653162,0.0,0.024039717,0.0,0.032081194,0.022914654
99999E30594380,4,False,DO,DO.01,False,0.0,0.09243737,0.07694088,0.1662088,0.065538436,0.039004296,0.48946744,0.0,0.006912739,0.019851502,0.01436284,0.02927567
99999E30594393,3,False,DO,DO.01,False,0.0,0.0,0.11562705,0.06442367,0.17371795,0.19951195,0.011792125,0.0586475,0.31376445,0.015134799,0.021804737,0.025575802
99999E30594394,4,False,82,82.11,False,0.010548958,0.016597511,0.09195857,0.028745951,0.089782864,0.04868482,0.69219106,0.0,0.013668441,0.0038728628,0.0015729883,0.0023760402
99999E30594400,6,False,DO,DO.01,False,0.0018404104,0.17406973,0.07354132,0.17280294,0.10438166,0.1588509,0.16208705,0.014776643,0.065307155,0.029998938,0.023381365,0.01896191
99999E30594409,6,False,DO,DO.01,False,0.0064739827,0.14160515,0.23760812,0.066397265,0.15249318,0.09385477,0.088743016,0.031161282,0.12499863,0.022710139,0.016532457,0.017421909
99999E30594415,4,False,DO,DO.01,False,0.0,0.09040199,0.06779719,0.044044998,0.08126783,0.3275518,0.30323893,0.014412828,0.060390126,0.007509671,0.0,0.0033846514
99999E30594418,3,False,DO,DO.01,False,0.0040286384,0.101366825,0.16333003,0.06308167,0.05125011,0.0759344,0.49869078,0.0,0.0265733,0.0,0.015744232,0.0
99999E30594425,4,False,DO,DO.01,False,0.008719246,0.013861021,0.038608536,0.012949904,0.042105615,0.22682433,0.6533673,0.0,0.0035640711,0.0,0.0,0.0
99999E30594455,3,False,DO,DO.01,False,0.0074351984,0.14170042,0.18602386,0.024046592,0.108769014,0.030496184,0.4072417,0.010528701,0.03375156,0.0012409984,0.03756448,0.011201359
99999E30594456,4,False,DO,DO.01,False,0.0,0.058189288,0.037053943,0.03890089,0.021494282,0.037736963,0.7081579,0.0047985776,0.070640504,0.016465709,0.006561889,0.0
99999E30594476,4,False,DO,DO.01,False,0.0047241617,0.07373092,0.056421082,0.005321686,0.087775335,0.26120052,0.4615906,0.0,0.024002679,0.0,0.0071801795,0.018052861
99999E30594479,3,False,DO,DO.01,False,0.014527983,0.08057489,0.042222567,0.038760744,0.16585632,0.029619977,0.411354,0.0,0.13831732,0.0053677703,0.070014395,0.003384029
99999E30594485,4,False,DO,DO.01,False,0.034075763,0.0,0.0,0.0,0.0,0.04107182,0.9248524,0.0,0.0,0.0,0.0,0.0
99999E30594496,4,False,DO,DO.01,False,0.00028843188,0.016009962,0.07891869,0.021394469,0.41024718,0.11514679,0.15790516,0.004254703,0.07173182,0.04154483,0.00930957,0.07324841
99999E30594500,4,False,DO,DO.01,False,0.0,0.051071525,0.10586541,0.05997151,0.03011596,0.078659944,0.124982774,0.011213063,0.25782385,0.059864283,0.1609963,0.059435364
99999E30594516,4,False,DO,DO.01,False,0.0034562855,0.14669487,0.1087443,0.10381263,0.12983666,0.11098226,0.050552282,0.0,0.23966344,0.01859097,0.06274831,0.024917979
99999E30601128,4,False,01,01.1,False,0.025186572,0.17917484,0.15926681,0.048680633,0.11670964,0.09987151,0.19862916,0.029142093,0.0507725,0.012119221,0.058574874,0.021872193
99999E30601131,3,False,01,01.1,False,0.0030725112,0.08694896,0.089649044,0.16032922,0.12765507,0.0578439,0.0,0.010955519,0.046633888,0.045094535,0.20492719,0.1668901
99999E30601137,3,False,01,01.4,False,0.0,0.0,0.0,1.0,0.0,0.0,0.0,0.0,0.0,0.0,0.0,0.0
99999E30601138,4,False,49,49.41,False,0.0,0.0,0.020472154,0.07201633,0.08196063,0.6091251,0.038591657,0.0,0.02993263,0.0062565086,0.012319116,0.1293258
99999E30601141,4,False,DO,DO.01,False,0.0,0.008846344,0.06568626,0.024371047,0.02099407,0.596708,0.28339428,0.0,0.0,0.0,0.0,0.0
99999E30601142,4,False,29,29.10,False,0.0,0.0062387404,0.018438257,0.028918516,0.0015236527,0.012878983,0.9105266,0.0,0.0,0.021475267,0.0,0.0
99999E30601143,3,False,DO,DO.01,False,0.0,0.0,0.18949895,0.12255981,0.021922426,0.08643211,0.28553462,0.08777546,0.09134822,0.0,0.07068339,0.044245005
99999E30601147,5,False,70,70.22,False,0.0,0.0,0.0,0.2250184,0.027910776,0.009673994,0.25379527,0.06021734,0.0806275,0.15512706,0.05796225,0.12966745
99999E30601154,4,False,01,01.4,False,0.006215684,0.0,0.0,0.0,0.0,0.010048689,0.9837357,0.0,0.0,0.0,0.0,0.0
99999E30601155,4,False,49,49.4,False,0.0,0.0,0.0065201484,0.020036167,0.010784297,0.024227023,0.93256253,0.0,0.0,0.0,0.0,0.005869866
99999E30601156,3,False,55,55.20,False,0.066433854,0.14749315,0.04839829,0.018684754,0.2433719,0.15073164,0.2778387,0.0,0.0074843485,0.03844403,0.0,0.0011192944
99999E30601158,3,False,01,01.4,False,0.0,0.0,0.0,1.0,0.0,0.0,0.0,0.0,0.0,0.0,0.0,0.0
99999E30601161,1,False,84,84.11,True,0.45416412,0.0,0.0040313755,0.06053764,0.0,0.0,0.34927896,0.0,0.12598456,0.0,0.0060033863,0.0
99999E30601165,4,False,56,56.10,False,0.0,0.0,0.18816355,0.041913588,0.5195449,0.050867666,0.16678803,0.0,0.0,0.002588659,0.0036633136,0.026470328
99999E30601166,4,False,84,84.11,False,0.012059296,0.09763087,0.030639526,0.015916066,0.0,0.067518406,0.7602371,0.0,0.0,0.0042958744,0.011702893,0.0
99999E30601167,4,False,94,94.91,False,0.1762437,0.071850255,0.122161865,0.037869856,0.0,0.008523296,0.40520617,0.002777724,0.040251218,0.022366801,0.11274919,0.0
99999E30601174,4,False,55,55.10,False,0.0,0.0,0.0,0.0034401154,0.20263076,0.63933796,0.15459119,0.0,0.0,0.0,0.0,0.0
99999E30601175,6,False,41,41.20,False,0.00016386947,0.0015183006,0.0015233172,0.07321956,0.029800832,0.11623863,0.37355715,0.17378022,0.13498664,0.024132285,0.040340316,0.030738903
99999E30601179,6,False,01,01.1,False,0.3961437,0.014668782,0.021620406,0.008254001,0.007334602,0.044505775,0.37980387,0.03764748,0.069834046,0.0071790563,0.009942301,0.0030659281
99999E30601183,2,False,49,49.3,False,0.0,0.0,0.0,0.0,0.0,0.0,1.0,0.0,0.0,0.0,0.0,0.0
99999E30601187,4,False,56,56.10,False,0.0031259228,0.0,0.0,0.0,0.0,0.45879573,0.51362944,0.0,0.024448898,0.0,0.0,0.0
99999E30601188,3,False,16,16.23,False,0.00018563989,0.0,0.0,0.29877314,0.06334656,0.0,0.0017005698,0.0015623561,0.09896367,0.15147671,0.21602383,0.16796751
99999E30601191,6,False,96,96.21,False,0.0,0.0,0.0016452458,0.033954304,0.0016319624,0.0028559342,0.030016722,0.00036814035,0.003373987,0.20270489,0.109400295,0.61404854
99999E30601192,4,False,84,84.11,False,0.0,0.0,0.0,0.0,0.57098466,0.0033122378,0.42570314,0.0,0.0,0.0,0.0,0.0
99999E30601194,6,False,94,94.91,False,0.004845549,0.003458315,0.003686264,0.071667224,0.0,0.088724345,0.17046693,0.0028526213,0.14015618,0.3478114,0.111069866,0.055261396
99999E30601195,4,False,84,84.11,False,0.197192,0.29444927,0.28277755,0.009534175,0.0,0.0,0.0,0.0,0.0,0.111131914,0.0,0.10491511
99999E30601202,2,False,36,36.00,False,0.0,0.0,0.0,0.0,0.0,0.0,1.0,0.0,0.0,0.0,0.0,0.0
99999E30601204,3,False,49,49.4,False,0.0073794997,0.042869177,0.026742755,0.022588538,0.07896468,0.22627196,0.5456329,0.0,0.024671413,0.0,0.01137216,0.013506965
99999E30601206,6,False,84,84.11,False,0.0,0.0,0.0,0.0045407354,0.0,0.03583961,0.82520473,0.0869968,0.00419903,0.0,0.015232162,0.027986962
99999E30601208,1,False,IL,IL.01,False,1.0,0.0,0.0,0.0,0.0,0.0,0.0,0.0,0.0,0.0,0.0,0.0
99999E30601209,5,False,43,43.99,False,0.0,0.0039251246,0.0,0.14945252,0.08096803,0.090538256,0.23378977,0.0,0.05344801,0.07307048,0.07341195,0.24139586
99999E30601210,4,False,56,56.30,False,0.0,0.0,0.0,0.0,0.025036952,0.87877446,0.093545794,0.0,0.0026428222,0.0,0.0,0.0
99999E30601211,2,False,47,47.11,False,0.0,0.0,0.0,0.0,0.0,0.7076816,0.29231837,0.0,0.0,0.0,0.0,0.0
99999E30601212,1,False,74,74.90,False,0.8904348,0.0,0.0,0.005423689,0.006326514,0.0,0.09171087,0.0,0.006104176,0.0,0.0,0.0
99999E30601214,4,False,94,94.91,False,0.0,0.0,0.0,0.027065197,0.0,0.004857856,0.9081634,0.0,0.039824683,0.0,0.013343885,0.006744993
99999E30601215,1,False,IL,IL.01,False,1.0,0.0,0.0,0.0,0.0,0.0,0.0,0.0,0.0,0.0,0.0,0.0
99999E30601217,1,False,IL,IL.01,False,0.99725413,0.0,0.0027458747,0.0,0.0,0.0,0.0,0.0,0.0,0.0,0.0,0.0
99999E30601219,6,False,01,01.41,False,0.0,0.0,0.00038321226,0.06110904,0.016249381,0.0035800682,0.01604012,0.5991191,0.004830422,0.062243544,0.04891357,0.1875315
99999E30601220,3,False,01,01.1,False,0.0,0.057297982,0.034788594,0.15104473,0.06491079,0.0,0.18321592,0.0,0.014403017,0.21351762,0.062936544,0.21788488
99999E30601221,4,False,16,16.23,False,0.0,0.0,0.01481541,0.10715861,0.063577175,0.104956545,0.29807997,0.0,0.08563155,0.038563516,0.121244214,0.16597308
99999E30601223,5,False,81,81.30,False,0.0,0.0070046023,0.059873115,0.027314905,0.03977082,0.016758114,0.042397123,0.10157857,0.13375036,0.12170623,0.12094862,0.32889754
99999E30601224,5,False,27,27.52,False,0.0,0.0,0.00709965,0.099128075,0.0064267474,0.08905966,0.12230932,0.0,0.0032329585,0.012657243,0.011830499,0.6482558
99999E30601225,5,False,81,81.30,True,0.030319555,0.004229788,0.12305405,0.07074524,0.04517729,0.015579348,0.034879595,0.12869063,0.06698791,0.14833759,0.14852327,0.18347573
99999E30601226,5,False,81,81.30,False,0.005991797,0.0012049925,0.011253966,0.0529865,0.012259969,0.0050079045,0.18269455,0.032800116,0.14302927,0.08484694,0.13206273,0.33586127
99999E30601227,4,False,01,01.1,False,0.042457186,0.0,0.03768984,0.06490224,0.03441862,0.0799188,0.71126044,0.0,0.016523147,0.0,0.0054460596,0.007383729
99999E30601229,3,False,49,49.4,False,0.0,0.013526112,0.049827594,0.0,0.022405399,0.10513075,0.65839905,0.0012431002,0.011439481,0.05885487,0.006541074,0.07263256
99999E30601230,4,False,94,94.91,False,0.0,0.0033172732,0.043791953,0.0046093026,0.046646956,0.6445554,0.23714298,0.0,0.013585249,0.0,0.0,0.006350863
99999E30601231,4,False,56,56.10,False,0.0,0.08522843,0.18774834,0.0023528556,0.2013217,0.40657017,0.11159045,0.0,0.0,0.0,0.0033869843,0.001801088
99999E30601235,4,False,01,01.1,False,0.0,0.123145305,0.18128613,0.069335714,0.1347319,0.036192447,0.30253023,0.016722284,0.063996635,0.012109344,0.055457722,0.0044924193
99999E30601236,3,False,01,01.4,False,0.0,0.09707657,0.017946662,0.23015338,0.1922933,0.111934155,0.20777081,0.0,0.0,0.12379884,0.01902624,0.0
99999E30601237,4,False,01,01.4,False,0.066724576,0.10383095,0.09180039,0.12705138,0.006435615,0.12721482,0.13417028,0.039236445,0.07600306,0.14566359,0.0099345315,0.071934365
99999E30601239,2,False,61,61.10,False,0.0,0.0,0.0,0.0,0.0,0.0,1.0,0.0,0.0,0.0,0.0,0.0
99999E30601240,2,False,43,43.21,False,0.0,0.0,0.0,0.0,0.0,0.0,1.0,0.0,0.0,0.0,0.0,0.0
99999E30601243,2,False,60,60.10,False,0.0,0.0,0.0,0.0,0.0,0.0,1.0,0.0,0.0,0.0,0.0,0.0
99999E30601244,2,False,60,60.10,False,0.0,0.0,0.0,0.0,0.0,0.0020925873,0.99790746,0.0,0.0,0.0,0.0,0.0
99999E30601245,2,False,60,60.10,False,0.0,0.0,0.0,0.0,0.0,0.0,1.0,0.0,0.0,0.0,0.0,0.0
99999E30601246,2,False,60,60.10,False,0.0,0.0,0.0,0.0019175003,0.0,0.0,0.9980825,0.0,0.0,0.0,0.0,0.0
99999E30601247,2,False,61,61.10,False,0.0,0.0,0.0,0.0,0.0,0.012169346,0.98783064,0.0,0.0,0.0,0.0,0.0
99999E30601248,2,False,61,61.10,False,0.0,0.0,0.0,0.0,0.0,0.0,1.0,0.0,0.0,0.0,0.0,0.0
99999E30601249,2,False,61,61.10,False,0.0,0.0,0.0,0.0,0.0,0.0,1.0,0.0,0.0,0.0,0.0,0.0
99999E30601252,6,False,96,96.0,False,0.02089886,0.13053694,0.07045352,0.10728519,0.09904583,0.11066007,0.1242548,0.02086289,0.087432645,0.06748595,0.099162206,0.061921097
99999E30601254,4,False,94,94.91,False,0.03125165,0.0159061,0.070843846,0.02760995,0.0027726574,0.0073097325,0.679444,0.0,0.0,0.13702269,0.027839439,0.0
99999E30601256,5,False,43,43.91,False,0.068200134,0.0,0.0,0.20737962,0.024462754,0.0061422638,0.26118466,0.093721606,0.044954684,0.08008432,0.109762646,0.1041073
99999E30601262,6,False,96,96.02,False,0.0,0.0043677003,0.007817869,0.03256398,0.016496709,0.019655697,0.16397205,0.008389755,0.020386789,0.6991588,0.01256892,0.014621844
99999E30601267,2,False,55,55.10,False,0.0,0.0,0.0,0.0,0.05979503,0.8250011,0.115203835,0.0,0.0,0.0,0.0,0.0
99999E30601269,4,False,47,47.30,False,0.0,0.0,0.0,0.0,0.008583456,0.73381567,0.25760087,0.0,0.0,0.0,0.0,0.0
99999E30601270,4,False,28,28.29,False,0.022175735,0.030664986,0.055653192,0.059998777,0.07763426,0.32013634,0.2040087,0.0,0.0028460238,0.005418891,0.009607843,0.21185529
99999E30601271,5,False,47,47.79,False,0.0023852177,0.00038865322,0.0021235198,0.027389575,0.022287374,0.04809479,0.033987094,0.0021199267,0.018133756,0.051268697,0.20920981,0.58261156
99999E30601273,1,False,IL,IL.01,False,1.0,0.0,0.0,0.0,0.0,0.0,0.0,0.0,0.0,0.0,0.0,0.0
99999E30601275,6,False,49,49.41,False,0.3678642,0.0,0.017515047,0.027492464,0.194646,0.013610985,0.071913466,0.0,0.06922795,0.012055655,0.13097852,0.09469574
99999E30601278,5,False,84,84.11,True,0.17838213,0.18693458,0.1972247,0.043052617,0.009816215,0.0,0.033265937,0.009571873,0.104310095,0.14268127,0.054935005,0.0398256
99999E30601281,2,False,47,47.11,True,0.0,0.0,0.0,0.0,0.0,0.7012561,0.2987439,0.0,0.0,0.0,0.0,0.0
99999E30601287,5,False,16,16.23,False,0.0,0.0022230707,0.0,0.1692309,0.01698455,0.02981929,0.038724996,0.0056247045,0.15226574,0.0,0.062026378,0.52310044
99999E30601288,4,False,86,86.90,False,0.0034400977,0.011305035,0.019609533,0.03091538,0.006354512,0.026475916,0.87073797,0.0,0.011597534,0.013738453,0.0,0.005825579
99999E30601289,4,False,56,56.10,False,0.0,0.0,0.02008101,0.0,0.090690605,0.8098232,0.07940521,0.0,0.0,0.0,0.0,0.0
99999E30601291,1,False,94,94.91,False,0.33294147,0.0,0.01627099,0.0,0.0,0.0,0.6507876,0.0,0.0,0.0,0.0,0.0
99999E30601292,6,False,52,52.10,False,0.0,0.065561496,0.37834135,0.06024716,0.03999779,0.121576704,0.09742835,0.017183298,0.10726735,0.014202726,0.06774335,0.030450508
99999E30601293,3,False,01,01.1,False,0.0,0.026077634,0.12007694,0.11008104,0.064074665,0.031375147,0.3596317,0.077507645,0.09567055,0.045344178,0.053794973,0.016365528
99999E30601295,3,False,01,01.4,False,0.009073963,0.0,0.0,0.054338273,0.11520065,0.14708263,0.4756621,0.057222247,0.064713545,0.027942883,0.004730419,0.044033345
99999E30601298,4,False,IL,IL.01,False,0.9812726,0.0,0.0,0.0,0.0,0.0,0.018727364,0.0,0.0,0.0,0.0,0.0
99999E30601299,6,False,84,84.11,False,0.0,0.082997486,0.39697254,0.029991489,0.0,0.025884395,0.17014977,0.0,0.0,0.15529098,0.067438535,0.0712748
99999E30601300,2,False,47,47.11,False,0.0,0.0,0.0,0.0,0.0,0.28753427,0.709834,0.0,0.0026317472,0.0,0.0,0.0
99999E30601302,4,False,55,55.10,False,0.011308641,0.08045426,0.41592795,0.0139441285,0.0,0.0,0.35622218,0.08074176,0.022856869,0.010541953,0.008002302,0.0
99999E30601303,4,False,56,56.10,False,0.0,0.0,0.09786393,0.0,0.004332446,0.24852687,0.6492768,0.0,0.0,0.0,0.0,0.0
99999E30601305,1,False,IL,IL.01,False,0.78764397,0.0,0.0,0.0,0.0,0.0,0.21235603,0.0,0.0,0.0,0.0,0.0
99999E30601306,1,False,IL,IL.01,False,1.0,0.0,0.0,0.0,0.0,0.0,0.0,0.0,0.0,0.0,0.0,0.0
99999E30601308,6,False,74,74.90,False,0.0,0.004510202,0.05603939,0.0012504015,0.58518296,0.0025786487,0.097599424,0.0,0.0,0.009195559,0.2035089,0.040134482
99999E30601310,6,False,01,01.4,False,0.0016198809,0.002880512,0.30101186,0.0074346294,0.012794617,0.06522721,0.0056340382,0.5489394,0.02240374,0.016055545,0.012197676,0.003800886
99999E30601311,4,False,52,52.10,False,0.016774418,0.008398886,0.054279786,0.056920595,0.07515866,0.18766233,0.2716294,0.0045061875,0.07681851,0.13112944,0.0855911,0.031130688
99999E30601313,4,False,01,01.4,False,0.0,0.0,0.0,0.0028057336,0.007075328,0.0,0.983312,0.0,0.0,0.006806953,0.0,0.0
99999E30601314,4,False,55,55.10,False,0.0,0.0,0.045111053,0.00083965744,0.0077440143,0.6468579,0.22057435,0.0,0.04210836,0.020382227,0.0,0.016382447
99999E30601317,4,False,64,64.19,False,0.00871183,0.0,0.0,0.0,0.0,0.0,0.97366744,0.005920981,0.011699683,0.0,0.0,0.0
99999E30601320,4,False,84,84.11,False,0.0,0.02325485,0.022873878,0.03094283,0.016661102,0.053647816,0.828676,0.0,0.002130894,0.013667098,0.002026762,0.006118806
99999E30601325,4,False,70,70.2,False,0.006077617,0.0,0.09272728,0.008112152,0.0,0.024054294,0.7982766,0.0,0.05687788,0.0,0.013874194,0.0
99999E30601329,5,False,16,16.23,True,0.023547705,0.0020285877,0.020057805,0.10726966,0.010273975,0.027771581,0.03940652,0.0,0.10135225,0.022744896,0.058139853,0.5874072
99999E30601338,2,False,47,47.11,False,0.0,0.0,0.0,0.0,0.0,0.41140264,0.58859736,0.0,0.0,0.0,0.0,0.0
99999E30601339,5,False,94,94.99,False,0.0,0.0032741523,0.015136835,0.2161684,0.27430838,0.0129483715,0.2413586,0.0,0.00707337,0.0268148,0.013448037,0.18946904
99999E30601342,2,False,56,56.30,False,0.0,0.0,0.0,0.0,0.0,0.16857773,0.83142227,0.0,0.0,0.0,0.0,0.0
99999E30601343,4,False,84,84.11,False,0.0,0.015455131,0.12328394,0.0038288077,0.027537966,0.6211652,0.0709029,0.0,0.1272821,0.0,0.0032618497,0.007282099
99999E30601344,5,False,84,84.11,False,0.0,0.0,0.0,0.034179654,0.038129423,0.19213483,0.22674823,0.0,0.0066192695,0.06981559,0.24400987,0.18836316
99999E30601345,4,False,84,84.11,False,0.012394514,0.026889011,0.06465332,0.0,0.061218273,0.25523844,0.57206345,0.002822408,0.0047205393,0.0,0.0,0.0
99999E30601346,4,False,84,84.11,False,0.3992733,0.0,0.0926524,0.0,0.0,0.0,0.5080743,0.0,0.0,0.0,0.0,0.0
99999E30601347,6,False,43,43.22,False,0.0,0.040964637,0.09086256,0.1551252,0.2251919,0.019629583,0.007627668,0.0,0.02342827,0.12757412,0.083147034,0.22644904
99999E30601348,2,False,64,64.19,False,0.0,0.0,0.0,0.0,0.004409862,0.33937028,0.6562199,0.0,0.0,0.0,0.0,0.0
99999E30601349,6,False,94,94.91,False,0.0,0.15706922,0.140629,0.076277755,0.0,0.016777454,0.02100782,0.004615585,0.043590467,0.5006411,0.039391715,0.0
99999E30601350,4,False,94,94.91,True,0.33942723,0.1294362,0.08467326,0.0061549693,0.0,0.030294728,0.36353105,0.0030704907,0.012441875,0.030970296,0.0,0.0
99999E30601351,1,False,IL,IL.01,False,0.9871028,0.0023185571,0.003070234,0.0,0.0,0.0,0.0075083976,0.0,0.0,0.0,0.0,0.0
99999E30601352,2,False,56,56.30,False,0.0,0.0,0.0,0.0,0.0,0.23041871,0.7695813,0.0,0.0,0.0,0.0,0.0
99999E30601355,4,False,84,84.24,False,0.014953062,0.0,0.008549204,0.05904795,0.021015141,0.11961264,0.77682203,0.0,0.0,0.0,0.0,0.0
99999E30601356,2,False,84,84.11,False,0.0,0.0,0.0,0.0,0.0,0.5253506,0.47464946,0.0,0.0,0.0,0.0,0.0
99999E30601357,4,False,84,84.11,False,0.9892432,0.0,0.01075677,0.0,0.0,0.0,0.0,0.0,0.0,0.0,0.0,0.0
99999E30601359,6,False,43,43.22,False,0.013279475,0.040566854,0.051353876,0.095304266,0.14724983,0.098214075,0.086563185,0.071462005,0.077174686,0.055286974,0.16738129,0.0961636
99999E30601360,4,False,84,84.11,False,0.0,0.0,0.0,0.009208941,0.027490709,0.035416737,0.9278836,0.0,0.0,0.0,0.0,0.0
99999E30601363,4,False,90,90.01,False,0.010774452,0.3018267,0.05810291,0.0,0.0,0.007461967,0.61209947,0.0,0.0,0.0,0.0057118796,0.004022665
99999E30601366,4,False,16,16.23,False,0.015571429,0.0,0.20262182,0.0031529274,0.002626754,0.0,0.54450685,0.0,0.0,0.2246553,0.006864913,0.0
99999E30601367,5,False,46,46.73,False,0.0013113354,0.0,0.0005600789,0.027828347,0.0,0.0,0.013380292,0.0,0.026186345,0.0,0.1368037,0.79392993
99999E30601368,1,False,46,46.73,False,0.9904662,0.0,0.0,0.0,0.0,0.0,0.009533865,0.0,0.0,0.0,0.0,0.0
99999E30601369,6,False,51,51.10,False,0.0,0.0071929074,0.055161856,0.049951978,0.007591284,0.16222773,0.5103335,0.046632174,0.06775055,0.028359974,0.009561034,0.055237103
99999E30601372,3,False,01,01.1,False,0.0,0.0,0.0,0.0,0.16707316,0.0,0.0,0.0,0.0,0.0,0.0,0.8329268
99999E30601374,4,False,56,56.10,False,0.0,0.00302426,0.0044459384,0.12333877,0.08581598,0.53651506,0.19958474,0.0,0.0,0.021649823,0.0,0.025625475
99999E30601381,6,False,47,47.73,True,0.36615056,0.0012909622,0.019467724,0.00048781803,6.374701e-05,0.08399981,0.4446664,0.021004809,0.059022572,0.0012636908,0.0012367602,0.0013451643
99999E30601382,4,False,71,71.12,False,0.0,0.0032172303,0.0047274185,0.0,0.013018116,0.68618137,0.27772078,0.0,0.006626342,0.0038372194,0.0,0.00467147
99999E30601383,6,False,96,96.02,False,0.0,0.0,5.0400304e-05,0.1535865,0.00082015037,0.00024894698,0.0098708235,0.00035891126,0.008280922,0.02983545,0.06419318,0.73275465
99999E30601384,4,False,84,84.12,False,0.0,0.0,0.0,0.0,0.006968296,0.06329486,0.29583552,0.0,0.0,0.002469937,0.020185271,0.6112461
99999E30601385,4,False,91,91.04,False,0.0,0.009391889,0.045014486,0.0042515504,0.0146439895,0.29821628,0.62127763,0.0,0.0,0.0072042434,0.0,0.0
99999E30601386,3,False,43,43.12,False,0.0,0.5125743,0.0,0.0,0.0,0.0,0.0,0.0,0.0,0.48742574,0.0,0.0
99999E30601391,5,False,16,16.23,False,0.007166912,0.006560966,0.0016221593,0.17948523,0.011853316,0.018202094,0.03920103,0.0012247977,0.14195648,0.047688775,0.13086937,0.41416886
99999E30601393,3,False,49,49.4,False,0.0,0.0,0.021612842,0.21363881,0.17467076,0.0,0.46216846,0.0,0.02857658,0.04889049,0.0,0.05044199
99999E30601394,4,False,01,01.1,False,0.0,0.6123307,0.03795566,0.055880025,0.004492711,0.038115744,0.07445506,0.07768775,0.014361181,0.027983911,0.04123482,0.015502433
99999E30601402,6,False,94,94.91,False,0.014440341,0.0,0.0023554452,0.1544355,0.009895897,0.01661421,0.56562966,0.0,0.03473651,0.017325385,0.16829076,0.016276278
99999E30601403,6,False,DO,DO.01,False,0.0,0.05847141,0.20964906,0.04306467,0.15667489,0.31014118,0.058519572,0.0024027883,0.03290812,0.037958078,0.019598242,0.070612
99999E30601404,6,False,82,82.99,False,0.0,0.19345154,0.093480125,0.017413232,0.10497385,0.122837804,0.32091057,0.0114156185,0.031869058,0.030025559,0.044393897,0.029228795
99999E30601405,4,False,84,84.11,False,0.0,0.0,0.0030743175,0.0,0.0070623006,0.36781904,0.5390678,0.0,0.0,0.07869878,0.0,0.004277827
99999E30601406,4,False,55,55.10,False,0.0,0.0,0.0,0.0,0.36224416,0.602838,0.03491783,0.0,0.0,0.0,0.0,0.0
99999E30601408,5,False,16,16.10,False,0.019432664,0.0,0.0,0.09054983,0.0,0.0,0.0036802127,0.0,0.018470224,0.013472621,0.17238046,0.682014
99999E30601409,4,False,47,47.11,True,0.056721814,0.0,0.005119421,0.0,0.0,0.23243873,0.67650723,0.005297803,0.023915073,0.0,0.0,0.0
99999E30601410,4,False,DO,DO.02,False,0.0,0.012067721,0.015644029,0.0,0.011454107,0.12736188,0.8297503,0.0,0.0,0.0,0.0,0.0037219657
99999E30601411,4,False,96,96.0,False,0.006488465,0.11532489,0.088827126,0.064447396,0.027562113,0.07319893,0.53485686,0.0,0.023752647,0.024140844,0.031179613,0.010221145
99999E30601419,4,False,43,43.12,False,0.17024103,0.00245315,0.010824208,0.009028603,0.00934473,0.036164995,0.75820035,0.0,0.001959991,0.0017829594,0.0,0.0
99999E30601421,2,False,47,47.11,False,0.0,0.0,0.0,0.0,0.0029721626,0.6496797,0.34734815,0.0,0.0,0.0,0.0,0.0
99999E30601422,4,False,84,84.11,False,0.12668742,0.0,0.0,0.013092479,0.04981334,0.034494553,0.21594039,0.0,0.0013888644,0.08173068,0.054891102,0.42196113
99999E30601425,4,False,91,91.04,False,0.0,0.0,0.0,0.0023576685,0.0036050521,0.025809491,0.6462412,0.0,0.0032527354,0.07440884,0.021432666,0.22289237
99999E30601426,4,False,91,91.04,False,0.0,0.0,0.0,0.0,0.0,0.0,0.99364734,0.0,0.006352678,0.0,0.0,0.0
99999E30601427,4,False,64,64.19,False,0.0,0.0,0.0,0.19140333,0.0024004525,0.010966362,0.7920274,0.0,0.0032024959,0.0,0.0,0.0
99999E30601428,6,False,96,96.02,False,0.0,0.0075489567,0.05935413,0.004742548,0.059933838,0.0039502336,0.02729729,0.0004889955,0.018855382,0.23923786,0.105357975,0.47323284
99999E30601432,5,False,43,43.32,False,0.0,0.0,0.0,0.30133992,0.008200662,0.0,0.008187888,0.004967547,0.21494003,0.02097344,0.24448459,0.1969059
99999E30601437,4,False,47,47.11,True,0.059503097,0.0,0.04592784,0.0,0.01801923,0.17984016,0.69670963,0.0,0.0,0.0,0.0,0.0
99999E30601439,1,False,IL,IL.01,False,0.99787426,0.0,0.0,0.0,0.0,0.0,0.0021257263,0.0,0.0,0.0,0.0,0.0
99999E30601441,4,False,94,94.99,False,0.0069542895,0.06449306,0.040441733,0.020483699,0.20500071,0.16353351,0.34675792,0.0,0.015623452,0.05004589,0.03112626,0.05553952
99999E30601444,6,False,94,94.91,False,0.032370392,0.0042742975,0.0059779105,0.021037398,0.0,0.01498534,0.7993504,0.0,0.042048626,0.046031572,0.025326524,0.008597445
99999E30601447,4,False,84,84.11,False,0.0030250342,0.004362197,0.027197551,0.016091315,0.0018875998,0.025106836,0.6665502,0.0,0.0026452122,0.24372244,0.0014651241,0.00794647
99999E30601449,3,False,84,84.11,False,0.0,0.0,0.95923275,0.040767215,0.0,0.0,0.0,0.0,0.0,0.0,0.0,0.0
99999E30601452,4,False,94,94.91,False,0.0,0.03571507,0.029657029,0.024663225,0.0063253986,0.12233999,0.71188015,0.0,0.025409142,0.008773927,0.008657309,0.02657877
99999E30601454,4,False,84,84.11,False,0.0,0.0,0.0,0.12453646,0.19870211,0.0040173056,0.31149566,0.0,0.039555006,0.0,0.23238565,0.089307785
99999E30601455,6,False,01,01.1,False,0.008327535,0.004781843,0.017080596,0.0966911,0.040999386,0.075402066,0.5734031,0.00164572,0.024644312,0.026896404,0.053080056,0.07704778
99999E30601456,1,False,84,84.11,False,0.94268453,0.0,0.0,0.0043876083,0.0,0.0,0.03938477,0.0,0.0,0.0,0.013543062,0.0
99999E30601458,2,False,36,36.00,False,0.0,0.0,0.0,0.0,0.0,0.0,1.0,0.0,0.0,0.0,0.0,0.0
99999E30601474,2,False,84,84.11,False,0.0,0.0,0.0,0.0,0.0,0.0,1.0,0.0,0.0,0.0,0.0,0.0
99999E30601478,2,False,61,61.10,False,0.0,0.0,0.0,0.0,0.0,0.0,0.9999916,0.0,0.0,0.0,0.0,8.433087e-06
99999E30601480,2,False,61,61.10,False,0.0,0.0,0.0,0.0,0.0,0.0,1.0,0.0,0.0,0.0,0.0,0.0
99999E30601482,2,False,61,61.20,False,0.0,0.0,0.0,0.0,0.0,0.0,1.0,0.0,0.0,0.0,0.0,0.0
99999E30601494,4,False,55,55.10,False,0.0,2.9715386e-05,0.010727256,0.0,0.25640783,0.69806176,0.034773413,0.0,0.0,0.0,0.0,0.0
99999E30601498,4,False,49,49.31,False,0.0,0.0,0.0,0.025708154,0.0,0.004767572,0.94872105,0.016692575,0.0,0.004110617,0.0,0.0
99999E30601502,4,False,36,36.00,False,0.027528467,0.015622734,0.011880967,0.025306756,0.0038750228,0.024027264,0.8210744,0.0,0.024221843,0.007925755,0.02318764,0.015349147
99999E30604264,4,False,94,94.91,False,0.0,0.0036340812,0.026626714,0.01163282,0.01558861,0.050473396,0.8564533,0.0,0.0,0.0071942504,0.011831485,0.016565274
99999E30604268,1,False,IL,IL.01,False,0.99594784,0.0,0.0,0.0,0.0,0.0,0.0040521948,0.0,0.0,0.0,0.0,0.0
99999E30617066,4,False,IL,IL.01,False,0.0,0.0,0.0,0.023346942,0.3431226,0.42465895,0.025853518,0.0,0.0,0.0,0.0,0.18301795
99999E30617068,3,False,61,61.10,False,0.0,0.0,0.0,0.0,0.0,0.0,1.0,0.0,0.0,0.0,0.0,0.0
99999E30617070,1,False,IL,IL.01,False,0.9728085,0.0010637112,0.0,0.0,0.0,0.0,0.026127812,0.0,0.0,0.0,0.0,0.0
99999E30617072,2,False,61,61.90,False,0.0,0.0012420497,0.0,0.0,0.0,0.0,0.99875796,0.0,0.0,0.0,0.0,0.0
99999E30617074,4,False,55,55.10,False,0.0,0.0,0.0,0.0,0.07033871,0.68542707,0.24423423,0.0,0.0,0.0,0.0,0.0
99999E30617076,2,False,61,61.10,False,0.0,0.0,0.0,0.0,0.0,0.0,1.0,0.0,0.0,0.0,0.0,0.0
99999E30617084,1,False,IL,IL.01,False,0.99438506,0.0,0.0,0.0,0.0,0.0,0.0056149387,0.0,0.0,0.0,0.0,0.0
99999E30617089,2,False,35,35.13,False,0.0,0.0,0.0,0.0,0.0,0.0,1.0,0.0,0.0,0.0,0.0,0.0
99999E30629011,6,False,36,36.00,False,0.0033829426,0.051701576,0.10044999,0.039365537,0.106364824,0.0032510292,0.57216203,0.0003914852,0.018612565,0.011306263,0.064501435,0.028510332
99999E30639921,1,False,84,84.11,False,1.0,0.0,0.0,0.0,0.0,0.0,0.0,0.0,0.0,0.0,0.0,0.0
99999E30639923,5,False,94,94.91,False,0.0,0.0,0.0,0.082392216,0.0,0.0,0.57959706,0.0,0.0017258844,0.035755824,0.19382429,0.10670466
99999E30639924,1,False,IL,IL.01,False,1.0,0.0,0.0,0.0,0.0,0.0,0.0,0.0,0.0,0.0,0.0,0.0
99999E30639925,1,False,IL,IL.01,False,0.9985128,0.0014871826,0.0,0.0,0.0,0.0,0.0,0.0,0.0,0.0,0.0,0.0
99999E30639926,2,False,84,84.11,False,0.0001973228,0.0,0.0,0.0,0.0,0.0015356861,0.9979581,0.0,0.0,0.0,0.00030885302,0.0
99999E30639927,6,False,84,84.11,False,0.0019052197,0.0,0.0040667187,0.004668853,0.015129686,0.04279273,0.9164555,0.004754815,0.0041717603,0.0,0.0060546864,0.0
99999E30639928,4,False,49,49.4,False,0.022578232,0.069701634,0.06603687,0.065656945,0.06603688,0.028502792,0.45436272,0.0,0.020310514,0.064331144,0.06999846,0.072483845
99999E30639929,1,False,IL,IL.01,False,1.0,0.0,0.0,0.0,0.0,0.0,0.0,0.0,0.0,0.0,0.0,0.0
99999E30639931,2,False,47,47.11,False,0.0,0.0,0.0,0.0,0.035521086,0.8112433,0.15323564,0.0,0.0,0.0,0.0,0.0
99999E30639932,1,False,84,84.11,True,0.6849168,0.0,0.0032674097,0.0,0.0,0.0026612876,0.30915454,0.0,0.0,0.0,0.0,0.0
99999E30639934,4,False,94,94.91,False,0.45586312,0.001139062,0.011236003,0.019034961,0.0045534116,0.0065733665,0.29847682,0.0,0.15678771,0.004317939,0.022890467,0.019127162
99999E30639935,4,False,84,84.11,False,0.0,0.06950744,0.056438196,0.012343077,0.0,0.020562883,0.523309,0.0,0.06553215,0.021103783,0.23120344,0.0
99999E30639936,1,False,IL,IL.01,False,1.0,0.0,0.0,0.0,0.0,0.0,0.0,0.0,0.0,0.0,0.0,0.0
99999E30639937,2,False,84,84.11,False,0.0,0.0,0.0,0.0,0.0,0.003925346,0.9960747,0.0,0.0,0.0,0.0,0.0
99999E30639938,2,False,61,61.90,False,0.0,0.0,0.0,0.0,0.0,0.0013241397,0.9986759,0.0,0.0,0.0,0.0,0.0
99999E30639939,2,False,61,61.10,False,0.0,0.0,0.0,0.0,0.0,0.0,1.0,0.0,0.0,0.0,0.0,0.0
99999E30639940,1,False,IL,IL.01,False,0.9991452,0.00084751647,0.0,0.0,0.0,0.0,7.2792827e-06,0.0,0.0,0.0,0.0,0.0
99999E30639943,6,False,01,01.4,False,0.0,0.017784946,0.02631208,0.02874169,0.059372883,0.22311556,0.253375,0.0077357804,0.1677644,0.009504789,0.1385638,0.0677291
99999E30639944,4,False,43,43.22,False,0.0,0.010884809,0.051911615,0.01579371,0.10129033,0.41306037,0.3138711,0.0044524204,0.084385656,0.0,0.0,0.004350096
99999E30639945,4,False,56,56.10,False,0.0,0.0028518348,0.0057070153,0.0058870646,0.46537474,0.47384635,0.04633302,0.0,0.0,0.0,0.0,0.0
99999E30639947,3,False,96,96.0,False,0.0,0.0,0.0,0.2923172,0.1776484,0.0,0.0,0.0,0.0,0.2326012,0.29743317,0.0
99999E30639948,6,False,43,43.12,False,0.043913785,0.02656101,0.0128689315,0.17550729,0.08641024,0.03592577,0.4584238,0.014045685,0.062133174,0.014929701,0.05960866,0.009671987
99999E30639950,4,False,94,94.91,False,0.0,0.037345447,0.008616326,0.06910234,0.0,0.02036285,0.5448049,0.0,0.22156915,0.021887276,0.05632547,0.01998626
99999E30639951,4,False,84,84.11,False,0.0,0.0,0.0069763986,0.002947192,0.0030962108,0.17392555,0.8130547,0.0,0.0,0.0,0.0,0.0
99999E30639953,3,False,52,52.10,False,0.0,0.0,0.0,0.0,0.0,0.0,0.0,0.0,0.0,1.0,0.0,0.0
99999E30639954,6,False,84,84.11,False,0.0058658402,0.0,0.0,0.0036582137,0.0014225028,0.058011256,0.92324346,0.0022344897,0.0055642454,0.0,0.0,0.0
99999E30639955,1,False,IL,IL.01,False,1.0,0.0,0.0,0.0,0.0,0.0,0.0,0.0,0.0,0.0,0.0,0.0
99999E30639960,6,False,01,01.4,False,4.8291953e-05,0.0,0.008402799,0.04876744,0.0021137015,0.0,0.0003937652,0.0,0.0071955,0.5335592,0.06823281,0.3312865
99999E30656670,2,False,61,61.10,False,0.0,0.0,0.0,0.0,0.0,0.0,1.0,0.0,0.0,0.0,0.0,0.0
99999E30663115,3,False,52,52.10,False,0.0,0.08629131,0.05190831,0.0,0.053076662,0.0,0.24490933,0.0,0.0,0.13825525,0.0,0.4255591
99999E30663144,4,False,87,87.30,True,0.0,0.0,0.0,0.0,0.0,0.84870404,0.0,0.0,0.15129596,0.0,0.0,0.0
99999E30663278,6,False,53,53.10,False,0.0,0.0,0.01738406,0.013347915,0.19347274,0.09454882,0.6521551,0.0,0.0074706525,0.0,0.0048136218,0.01680703
99999E30663298,2,False,61,61.10,False,0.0,0.0,0.0,0.0,0.0,0.0,1.0,0.0,0.0,0.0,0.0,0.0
99999E30663365,3,False,DO,DO.01,False,0.0,0.12521753,0.113250725,0.0,0.034571275,0.38052154,0.25377846,0.0,0.039842147,0.052818365,0.0,0.0
99999E30663378,2,False,61,61.10,False,0.0,0.0,0.0,0.0,0.0,0.006580562,0.9903304,0.0,0.0,0.0,0.0,0.003088986
99999E30663424,6,False,DO,DO.01,False,0.0,0.14093192,0.24880917,0.028075812,0.027779775,0.1078297,0.2633057,0.051972024,0.10735874,0.0021493195,0.017648159,0.0041396874
99999E30685539,5,False,52,52.10,False,0.0024388672,0.0,0.0,0.0640448,0.015562439,0.05757287,0.18693754,0.0,0.05623892,0.006628484,0.048433535,0.56214255
99999E30687517,3,False,DO,DO.01,False,0.0,0.11079619,0.13552001,0.11339043,0.13829511,0.0486679,0.18687701,0.09939637,0.08446245,0.025091466,0.048478153,0.009024982
99999E30689635,4,False,DO,DO.01,False,0.02665012,0.067944966,0.04211956,0.0053823376,0.014542816,0.09746261,0.74079597,0.0,0.0,0.005101638,0.0,0.0
99999E30691487,4,False,DO,DO.01,False,0.0075903013,0.0070060305,0.0,0.032891307,0.050998475,0.0,0.8582988,0.0,0.0,0.026521713,0.0137199275,0.0029735204
99999E30702102,6,False,DO,DO.01,False,0.0,0.032684706,0.1604451,0.019423809,0.07509914,0.4750674,0.16685362,0.0045281798,0.042322926,0.0049376786,0.0025926235,0.016044792
99999E30706007,4,False,DO,DO.01,False,0.0,0.008517415,0.09076293,0.03883438,0.22764912,0.19943172,0.35514185,0.0,0.009917125,0.01915957,0.019493552,0.031092346
99999E30706327,4,False,DO,DO.01,False,0.010287186,0.037184644,0.018206922,0.01181184,0.0,0.065276414,0.80736417,0.0030069586,0.039746914,0.0,0.0071150567,0.0
99999E30708610,3,False,94,94.91,False,0.018530656,0.008743683,0.03830328,0.0,0.009999586,0.49172023,0.4036415,0.0,0.02702981,0.0,0.0020312923,0.0
99999E30710511,4,False,DO,DO.01,False,0.023503754,0.006717705,0.13331442,0.07358703,0.16767675,0.19178699,0.1560115,0.0219457,0.08545842,0.03246667,0.0231542,0.084376894
99999E30711374,3,False,DO,DO.01,True,0.0,0.09407116,0.004706797,0.0041238447,0.033660073,0.03255894,0.8053588,0.0,0.0031090765,0.0,0.012803351,0.00960791
99999E30711382,2,False,62,62.02,False,0.0,0.0,0.0,0.0,0.0,0.0,1.0,0.0,0.0,0.0,0.0,0.0
99999E30713153,2,False,64,64.19,False,0.0,0.0,0.0,0.0,0.0,0.0,1.0,0.0,0.0,0.0,0.0,0.0
99999E30713690,6,False,DO,DO.01,False,0.0,0.097711064,0.17128974,0.07859692,0.048002165,0.24628623,0.106457524,0.030276239,0.19653928,0.003177626,0.005133811,0.016529387
99999E30715817,4,False,36,36.00,False,0.0061233393,0.0,0.0,0.0041825264,0.0,0.0,0.9896942,0.0,0.0,0.0,0.0,0.0
99999E30715855,6,False,01,01.41,True,0.0,0.0,0.24807556,0.0,0.0,0.0,0.0,0.74539435,0.0,0.0065300995,0.0,0.0
99999E30730075,4,False,55,55.20,False,0.0,0.0,0.02439656,0.03046493,0.036550976,0.6311612,0.19256656,0.0,0.011057633,0.027835611,0.002698178,0.04326836
99999E30730494,6,False,96,96.0,False,0.10704846,0.01103489,0.0,0.0052222153,0.011764607,0.0,0.8118693,0.019164834,0.000905184,0.018696925,0.004367165,0.009926387
99999E30730712,3,False,DO,DO.01,False,0.0022791654,0.073902294,0.2524896,0.08492478,0.2864981,0.073088504,0.09708546,0.012454312,0.021921936,0.043547444,0.033953976,0.017854394
99999E30734315,3,False,94,94.99,False,0.0,0.14485823,0.022849195,0.10673838,0.25293064,0.0008799068,0.17412223,0.0,0.0,0.12601118,0.0,0.17161022
99999E30737010,4,False,84,84.11,False,0.0,0.0,0.0,0.0,0.0,0.0,1.0,0.0,0.0,0.0,0.0,0.0
99999E30737012,1,False,84,84.11,False,0.10182369,0.0036021788,0.0,0.0,0.0,0.0,0.89457417,0.0,0.0,0.0,0.0,0.0
99999E30740297,4,False,96,96.0,False,0.0,0.045808822,0.081573196,0.06528374,0.18038893,0.052236237,0.57470906,0.0,0.0,0.0,0.0,0.0
99999E30740306,3,False,DO,DO.01,False,0.12604171,0.09483693,0.3491411,0.051879015,0.09998519,0.025865486,0.040536605,0.00014804839,0.067089796,0.101174355,0.01680588,0.026495887
99999E30742899,4,False,84,84.11,False,0.0,0.007186715,0.075788386,0.0024838876,0.004424632,0.08552522,0.8200472,0.00029144282,0.0,0.0008345862,0.0,0.0034178295
99999E30748532,4,False,DO,DO.01,False,0.0,0.027527498,0.045143876,0.03610739,0.054285888,0.017362718,0.7782195,0.0,0.009659483,0.0,0.0160112,0.015682455
99999E30748871,4,False,96,96.09,False,0.009731933,0.19062927,0.19680388,0.029909797,0.13831513,0.015378439,0.025963789,0.053258404,0.14132954,0.1058683,0.07466782,0.0181436
99999E30753062,2,False,62,62.02,False,0.0,0.0,0.0,0.0,0.0,0.0,1.0,0.0,0.0,0.0,0.0,0.0
99999E30758135,2,False,74,74.90,False,0.0,0.0,0.0,0.0,0.0,0.0,1.0,0.0,0.0,0.0,0.0,0.0
99999E30780137,6,False,84,84.11,False,0.0025274525,0.0,0.0,0.002879053,0.010702942,0.032816596,0.9414469,0.0,0.003848602,0.0,0.0041965684,0.0015818904
99999E30791738,3,False,DO,DO.01,False,0.026505169,0.07580315,0.019471446,0.0652545,0.10248251,0.0726463,0.09010866,0.055243935,0.16342466,0.06771069,0.22865206,0.032696933
99999E30795274,2,False,62,62.02,False,0.0,0.0,0.0,0.0,0.0,0.0,1.0,0.0,0.0,0.0,0.0,0.0
99999E30798244,3,False,DO,DO.01,False,0.01523046,0.112764195,0.15926252,0.06850501,0.06420842,0.15652104,0.22638343,0.016309952,0.1195618,0.0075190384,0.0366493,0.017084835
99999E30800039,4,False,36,36.00,True,0.079817936,0.012081993,0.075417735,0.020362712,0.02790487,0.05659869,0.7080439,0.0025237976,0.014624639,0.0026238111,0.0,0.0
99999E30800382,4,False,84,84.11,False,0.0,0.006620861,0.01444865,0.15705867,0.018744739,0.010606597,0.7405767,0.004586326,0.00420988,0.03703257,0.0061151013,0.0
99999E30800864,4,False,56,56.30,False,0.0,0.0,0.0,0.0014705043,0.0,0.43820587,0.5582357,0.0005251689,0.0012540359,0.0,0.0003087003,0.0
99999E30804807,4,False,70,70.2,False,0.0,0.0,0.0,0.020118652,0.0036328996,0.6811784,0.21286933,0.0,0.003941635,0.028633423,0.011433722,0.03819193
99999E30831149,4,False,DO,DO.01,False,0.016670315,0.10978383,0.07480423,0.039385244,0.0060262396,0.07621765,0.46690577,0.0,0.0825914,0.0,0.088241726,0.039373547
99999E30832020,5,False,70,70.22,False,0.0,0.0,0.0012690981,0.06893929,0.02718241,0.0,0.058083057,0.0,0.20787635,0.0,0.0,0.63664985
99999E30832026,5,False,84,84.11,False,0.0,0.0,0.0,0.006256246,0.008309799,0.0,0.05440659,0.0,0.08752283,0.00090022455,0.06380869,0.7787956
99999E30832030,5,False,10,10.85,False,0.0,0.0,0.00066361134,0.0,0.30326682,0.0014677731,0.1451423,0.0,0.046499047,0.0,0.31990337,0.18305708
99999E30832031,5,False,84,84.11,False,0.0,0.0,0.0,0.027301867,0.000562514,0.004862186,0.08030101,0.0,0.061581396,0.0034964872,0.20062347,0.6212711
99999E30832032,5,False,84,84.11,False,0.0,0.0,0.0,0.009106453,0.016650807,0.0062127137,0.10716714,0.0013499609,0.056778878,0.0,0.2732379,0.5294962
99999E30832033,4,False,DO,DO.02,True,0.2234705,0.0,0.0038859732,0.0,0.084024414,0.20891461,0.46160197,0.0,0.010378612,0.0,0.0,0.007723898
99999E30832648,6,False,01,01.4,False,0.0,0.030209366,0.052596744,0.0238794,0.019048935,0.5415844,0.21244487,0.059408687,0.034031406,0.017826812,0.0056385426,0.0033309653
99999E30837078,6,False,DO,DO.01,False,0.013895962,0.12537892,0.18857196,0.09997218,0.12482828,0.053533904,0.34386408,0.0019629241,0.0028530874,0.027197056,0.007690497,0.010251143
99999E30884771,4,False,DO,DO.01,False,0.006392299,0.061304018,0.11937059,0.025339391,0.027635366,0.2463969,0.50327396,0.0,0.010287409,0.0,0.0,0.0
99999E30893170,2,False,61,61.20,False,0.0,0.0,0.0,0.0,0.0,0.0,1.0,0.0,0.0,0.0,0.0,0.0
99999E30906519,5,False,16,16.11,False,0.002048435,0.0,0.001176124,0.06802876,0.09010352,0.056541413,0.15453027,0.014341347,0.097555,0.052108504,0.09053853,0.3730281
99999E30909838,3,False,47,47.78,False,0.0138709955,0.033032708,0.47660303,0.066449195,0.05386661,0.0,0.0003289564,0.014501496,0.05364731,0.18583296,0.07486499,0.02700184
99999E30913189,4,False,96,96.0,False,0.0,0.0,0.02141324,0.09356034,0.5722956,0.022321105,0.19096509,0.0,0.0056993626,0.013326533,0.0,0.080418736
99999E30919076,4,False,DO,DO.01,False,0.06572385,0.051770773,0.0035070088,0.07161474,0.0419772,0.026191972,0.69031423,0.0,0.0038633621,0.0,0.013742952,0.03129397
99999E30925891,4,False,IL,IL.01,False,0.00897244,0.07690744,0.080214724,0.017075067,0.035212528,0.11361088,0.6284787,0.0,0.0,0.03403643,0.0054917648,0.0
99999E30928389,4,False,01,01.45,True,0.327643,0.12226194,0.2642548,0.017744739,0.0018181236,0.028487658,0.1378242,0.027280036,0.022172187,0.031903796,0.018609557,0.0
99999E30938381,4,False,DO,DO.01,False,0.039868858,0.04642574,0.0749531,0.035499115,0.032951225,0.07238717,0.5362522,0.0059120106,0.050078467,0.02837855,0.030606264,0.04668729
99999E30939797,4,False,52,52.10,False,0.0,0.0,0.005044571,0.0,0.0,0.0,0.98818326,0.0,0.0,0.0067721647,0.0,0.0
99999E31001646,6,False,49,49.3,False,0.001374433,0.022480987,0.0129351355,0.14882088,0.062222175,0.12742153,0.066748574,0.020819759,0.059434325,0.06337321,0.07083653,0.34353244
99999E31003248,4,False,55,55.10,False,0.0008601657,0.0024998914,0.00496709,0.0,0.0075075664,0.86587733,0.118287995,0.0,0.0,0.0,0.0,0.0
99999E31005224,1,False,01,01.45,True,0.9859021,0.0012473529,0.0021175994,0.0,0.0,0.0,0.010733037,0.0,0.0,0.0,0.0,0.0
99999E31005308,4,False,56,56.10,False,0.0,0.0,0.0,0.0,0.09435568,0.46980664,0.4358377,0.0,0.0,0.0,0.0,0.0
99999E31007089,4,False,55,55.20,False,0.0011206976,0.10184818,0.012745693,0.3033073,0.30634728,0.22871608,0.026475884,0.0,0.015828818,0.0,0.0036099695,0.0
99999E31007663,1,False,10,10.71,False,0.024020743,0.0,0.0,0.0,0.0024222566,0.0,0.9141855,0.0,0.059371512,0.0,0.0,0.0
99999E31008172,4,False,DO,DO.01,False,0.0,0.027394354,0.05793573,0.13770068,0.05751006,0.25569037,0.34249175,0.0,0.026043225,0.01988059,0.04050806,0.03484522
99999E31010815,4,False,DO,DO.01,False,0.111637026,0.065072864,0.1331359,0.092162184,0.08766402,0.16229226,0.13693741,0.026825566,0.039176166,0.07753813,0.043315966,0.024242494
99999E31011204,4,False,77,77.21,False,0.0058626663,0.05977031,0.19039823,0.067679495,0.035934415,0.007993451,0.4513772,0.0,0.0,0.17879328,0.0021909762,0.0
99999E31012625,2,False,62,62.02,False,0.0,0.0,0.0020964283,0.0,0.0,0.0,0.9979036,0.0,0.0,0.0,0.0,0.0
99999E31012626,2,False,62,62.02,False,0.0,0.0,0.0,0.0,0.0,0.0,1.0,0.0,0.0,0.0,0.0,0.0
99999E31013532,3,False,DO,DO.01,False,0.020424867,0.055913538,0.11464025,0.25192478,0.14734961,0.26232854,0.03093589,0.029679444,0.0,0.038588587,0.0030603998,0.04515416
99999E31013534,4,False,DO,DO.01,False,0.0,0.10998329,0.18951511,0.018266305,0.10081201,0.43828496,0.10723591,0.0,0.01915846,0.0034359414,0.0,0.013307981
99999E31014832,6,False,DO,DO.01,False,0.0,0.008075841,0.034050513,0.18507175,0.14700018,0.07562819,0.24039319,0.21840335,0.08249797,0.0,0.0041508568,0.0047281845
99999E31014923,6,False,84,84.11,False,0.018649492,0.028008316,0.03974944,0.060440466,0.039975587,0.5913376,0.11251344,0.01665443,0.057382815,0.032605633,0.0026828006,0.0
99999E31014981,2,False,61,61.90,False,0.0,0.0,0.0,0.0,0.0028592532,0.0,0.99714077,0.0,0.0,0.0,0.0,0.0
99999E31022481,6,False,84,84.11,False,0.0012606712,0.0039789067,0.0030859543,0.0018310143,0.0095638335,0.036648575,0.8941059,0.0033677055,0.036653753,0.0077901306,0.0010480635,0.0006653696
99999E31023497,6,False,96,96.0,False,0.0,0.16829033,0.005400543,0.2576072,0.026042907,0.034037802,0.0,0.009828202,0.08313958,0.17214262,0.087514944,0.1559959
99999E31023930,3,False,84,84.11,False,0.0,0.08235311,0.0,0.012106915,0.001434608,0.05396526,0.73873365,0.007038947,0.0728913,0.0,0.031476263,0.0
99999E31024183,3,False,DO,DO.01,False,0.038431488,0.04699142,0.098703824,0.099149056,0.33765948,0.0,0.05403929,0.026083011,0.11276597,0.0,0.072797224,0.11337919
99999E31025941,4,False,43,43.91,False,0.016311364,0.044369552,0.06906279,0.044455964,0.052405782,0.2604481,0.35292324,0.0032988703,0.011894232,0.018237822,0.019234093,0.10735814
99999E31026107,4,False,56,56.30,False,0.19888958,0.0,0.0051043252,0.0,0.23106772,0.0031043852,0.5500134,0.0,0.0,0.003701382,0.0,0.00811916
99999E31026643,2,False,61,61.10,False,0.0,0.0,0.0,0.0,0.0,0.0,1.0,0.0,0.0,0.0,0.0,0.0
99999E31027863,4,False,84,84.11,True,0.0,0.0,0.0,0.008833922,0.035287943,0.0036290712,0.78173053,0.0,0.17051856,0.0,0.0,0.0
99999E31028222,4,False,DO,DO.01,False,0.0,0.0029074145,0.08364261,0.00730592,0.085763454,0.57795525,0.22838658,0.0,0.009146263,0.0,0.0,0.0048925253
99999E31028223,3,False,DO,DO.01,False,0.0,0.036162004,0.011571841,0.0,0.0,0.0,0.8230473,0.0,0.11909352,0.010125362,0.0,0.0
99999E31028436,4,False,DO,DO.01,False,0.0,0.0072784,0.0062586963,0.051270243,0.17795473,0.31837875,0.22584027,0.0,0.034045193,0.0,0.09809973,0.08087386
99999E31029211,6,False,96,96.0,False,0.00047736717,0.0,0.0252443,0.09283387,0.0,0.0,0.13124791,0.0,0.09788835,0.018813884,0.61288327,0.020611031
99999E31029382,6,False,DO,DO.01,False,0.0,0.050669733,0.09382526,0.056739625,0.062145833,0.2708009,0.34942767,0.010989928,0.07375086,0.011322514,0.008234317,0.012093442
99999E31029428,2,False,61,61.10,False,0.0,0.0,0.0,0.0,0.0,0.0,1.0,0.0,0.0,0.0,0.0,0.0
99999E31029820,6,False,DO,DO.01,False,0.0033973637,0.095494285,0.28644636,0.047422394,0.13685359,0.16164058,0.104352385,0.009241408,0.07626918,0.01060735,0.030803679,0.037471395
99999E31030586,4,False,87,87.30,False,0.0,0.0,0.0,0.016971512,0.24368371,0.47335365,0.26599118,0.0,0.0,0.0,0.0,0.0
99999E40000074,6,False,01,01.41,True,0.0,0.0,0.04445954,0.12434189,0.070381455,0.07058994,0.0,0.39189965,0.013044641,0.17045794,0.026409794,0.088415176
99999E40000094,2,False,61,61.90,False,0.0,0.0,0.0,0.0,0.0,0.0,1.0,0.0,0.0,0.0,0.0,0.0
99999E40000097,2,False,62,62.02,False,0.0,0.0,0.0,0.0013043154,0.0,0.0,0.99869573,0.0,0.0,0.0,0.0,0.0
99999E40000103,3,False,DO,DO.01,False,0.0,0.0345266,0.124672905,0.0076596206,0.016670268,0.1318035,0.66319567,0.0,0.021471398,0.0,0.0,0.0
99999E40000104,4,False,DO,DO.01,False,0.0,0.04139803,0.2695929,0.014391086,0.16195048,0.017785016,0.2995689,0.0,0.05328968,0.05026903,0.07513779,0.01661701
99999E40000112,4,False,DO,DO.01,False,0.0,0.0,0.0045599444,0.015132933,0.03168841,0.47631937,0.118186906,0.010870768,0.3164427,0.0,0.014707013,0.012091981
99999E40000116,6,False,01,01.4,False,0.0079559125,0.0,0.016901463,0.0,0.0,0.0,0.0,0.0703031,0.0056273527,0.85626966,0.021306323,0.021636205
99999E40000124,6,False,DO,DO.01,False,0.0028209183,0.020083182,0.15941842,0.09401326,0.12134642,0.2846742,0.24773173,0.0010079782,0.012757067,0.022478271,0.010320358,0.0233482
99999E40000128,6,False,43,43.91,False,0.008729192,0.039667275,0.09094041,0.09291684,0.10987109,0.0373389,0.019335622,0.16448697,0.19880313,0.05359607,0.104778156,0.07953633
99999E40000129,3,False,98,98.10,False,0.11258695,0.18634255,0.03588798,0.15006612,0.13481897,0.0,0.004429969,0.0,0.088061504,0.21014337,0.028873239,0.048789416
99999E40000149,2,False,35,35.30,False,0.0,0.0,0.0,0.0,0.0,0.008665279,0.99133474,0.0,0.0,0.0,0.0,0.0
99999E40000155,4,False,93,93.11,False,0.0,0.0,0.0,0.011092302,0.49464244,0.2941857,0.1998594,0.0,0.0,0.0002201294,0.0,0.0
99999E40000163,5,False,52,52.10,False,0.008024217,0.0,0.011075647,0.18044901,0.24807754,0.0,0.010562989,0.03908239,0.18042672,0.0,0.22041072,0.101890825
99999E40000164,4,False,94,94.99,False,0.0,0.0,0.0047604204,0.001869989,0.012785146,0.10014034,0.8773913,0.0,0.003052867,0.0,0.0,0.0
99999E40000167,6,False,16,16.23,False,0.0,0.010382432,0.0,0.093060106,0.0,0.0,0.0032795137,0.0039091622,0.087272905,0.09008789,0.17222582,0.5397822
99999E40000172,6,False,DO,DO.01,False,0.0037649297,0.036931947,0.27757576,0.011480938,0.060089923,0.22009148,0.3296299,0.0052541234,0.015553259,0.027153602,0.005235447,0.0072386954
99999E40000186,6,False,DO,DO.01,False,0.0026557646,0.005632218,0.11658322,0.0034896238,0.008890392,0.3607722,0.22978006,0.19576307,0.07056611,0.0019799727,0.00090656657,0.00298084
99999E40000216,4,False,DO,DO.01,False,0.0,0.12958612,0.209664,0.032370932,0.03173044,0.11206311,0.3934132,0.009733542,0.014596742,0.057926245,0.008915667,0.0
99999E40000223,4,False,56,56.30,False,0.0,0.0003759432,0.01675679,0.07562692,0.11587693,0.54604787,0.14802803,0.0,0.0036519137,0.0020346625,0.0105326185,0.08106841
99999E40000225,2,False,61,61.10,False,0.0,0.0,0.0,0.0,0.0,0.0,1.0,0.0,0.0,0.0,0.0,0.0
99999E40000228,4,False,91,91.04,False,0.024659865,0.0,0.031262506,0.008203281,0.0,0.0016756703,0.9297469,0.0,0.0,0.0,0.0,0.0044517806
99999E40000234,4,False,CO,CO.02,False,0.027439646,0.07684461,0.23753826,0.16729005,0.12213533,0.0,0.12114927,0.0,0.0046242774,0.08779327,0.12742265,0.027762666
99999E40000235,4,False,CO,CO.02,False,0.025295306,0.19334485,0.07582829,0.048545085,0.1264477,0.0,0.2096514,0.0,0.0,0.23229617,0.044079516,0.04451167
99999E40000240,4,False,56,56.30,False,0.4245265,0.11068601,0.13518608,0.0012526931,0.0004979256,0.00069951074,0.32651332,0.0,0.0,0.0,0.0006379096,0.0
99999E40000241,6,False,01,01.41,True,0.0022660866,0.004658838,0.05092101,0.0003539676,0.0001960703,0.0,0.00011451892,0.8882053,0.007825459,0.020809477,0.013180086,0.011469243
99999E40000243,1,False,IL,IL.01,False,1.0,0.0,0.0,0.0,0.0,0.0,0.0,0.0,0.0,0.0,0.0,0.0
99999E40000245,4,False,56,56.10,False,0.0,0.00064687827,0.0,0.009588538,0.718478,0.14963393,0.10360765,0.0,0.0050617536,0.0,0.00460389,0.008379393
99999E40000247,4,False,56,56.10,False,2.4159177e-05,0.0,0.007905608,0.0034333821,0.013804296,0.044114437,0.021231426,0.69094557,0.13168953,0.044449035,0.013308712,0.029093847
99999E40000254,3,False,DO,DO.01,False,0.0,0.0028771858,0.12955996,0.014299325,0.21418193,0.0072458894,0.003406434,0.028877709,0.04565968,0.12631711,0.1855063,0.2420685
99999E40000262,1,False,IL,IL.01,False,0.99377656,0.0,0.0,0.0,0.0,0.0,0.006223463,0.0,0.0,0.0,0.0,0.0
99999E40000268,2,False,61,61.10,False,0.0,0.0,0.0,0.0,0.0,0.0,1.0,0.0,0.0,0.0,0.0,0.0
99999E40000278,4,False,56,56.10,False,0.0,0.0,0.0,0.00089282554,0.89325035,0.02838373,0.030464806,0.0,0.004167393,0.0,0.022661917,0.02017897
99999E40000314,4,False,55,55.20,False,0.00095150946,0.0,0.00016547993,0.0017728255,0.17877184,0.7511316,0.06716538,0.0,0.0,0.0,0.0,4.136998e-05
99999E40000324,4,False,DO,DO.01,False,0.0,0.0,0.0,0.13271806,0.121763825,0.0,0.27332503,0.0,0.020634562,0.009919187,0.08387187,0.3577675
99999E40000336,3,False,47,47.12,False,0.0003112384,0.009419433,0.104339994,0.14332171,0.004124803,0.004377013,0.027836157,0.0005509277,6.260543e-05,0.5818476,0.027297752,0.09651073
99999E40000346,1,False,IL,IL.01,False,0.9880781,0.0,0.0,0.0,0.0,0.0,0.011921895,0.0,0.0,0.0,0.0,0.0
99999E40000353,2,False,80,80.20,False,0.0,0.0,0.0,0.0,0.0,0.0,1.0,0.0,0.0,0.0,0.0,0.0
99999E40000361,3,False,DO,DO.01,False,0.0,0.0,0.01629069,0.035818063,0.028575769,0.042336132,0.0,0.0,0.026993196,0.357975,0.1448906,0.34712052
99999E40000385,2,False,61,61.10,False,0.0,0.0,0.0,0.0,0.0,0.0,1.0,0.0,0.0,0.0,0.0,0.0
99999E40000416,4,False,DO,DO.01,False,0.012752238,0.1283767,0.10883013,0.12188652,0.1924975,0.055116862,0.22529908,0.0272498,0.035848506,0.033078887,0.026594967,0.03246878
99999E40000434,4,False,68,68.20,False,0.016870867,0.3870884,0.07536566,0.1356826,0.038418286,0.022780865,0.17609783,0.008884785,0.045367148,0.033590026,0.03918177,0.0206718
99999E40000445,4,False,56,56.30,False,0.0057792445,0.40793338,0.3880311,0.005071928,0.0042883735,0.060539126,0.0018424124,0.0,0.0,0.11651881,0.0004997808,0.009495835
99999E40000456,4,False,DO,DO.01,False,0.0,0.07789407,0.1117046,0.09769463,0.10788632,0.12109462,0.35323602,0.0,0.008932267,0.014631558,0.053927526,0.052998282
99999E40000459,4,False,CO,CO.02,False,0.0042050956,0.065035395,0.09661464,0.20962915,0.12953234,0.0,0.061604653,0.0,0.036584333,0.21682909,0.08704291,0.09292236
99999E40000461,1,False,46,46.71,False,0.20231631,0.0,0.0,0.0,0.0,0.0040161186,0.79366755,0.0,0.0,0.0,0.0,0.0
99999E40000471,4,False,16,16.10,False,0.0,0.0,0.0,0.0044276994,0.06605009,0.60231376,0.20489317,0.0,0.0066665486,0.0,0.0,0.115648724
99999E40000473,6,False,DO,DO.01,False,0.008257245,0.16342996,0.37119076,0.04412305,0.09910281,0.049927294,0.20653717,0.0073492727,0.019277725,0.0023011342,0.02260804,0.005895507
99999E40000478,1,False,IL,IL.01,False,1.0,0.0,0.0,0.0,0.0,0.0,0.0,0.0,0.0,0.0,0.0,0.0
99999E40000485,4,False,CO,CO.02,False,0.18764809,0.051101565,0.093585595,0.1014425,0.13489547,0.0,0.0458254,0.0,0.0,0.33535367,0.03971615,0.010431603
99999E40000494,3,False,DO,DO.02,False,0.0,0.0,0.0,0.42758554,0.0,0.0068095606,0.009917281,0.0,0.0,0.13175814,0.42392942,0.0
99999E40000504,3,False,DO,DO.01,False,0.03801265,0.054241896,0.049185693,0.0699418,0.10072011,0.023959596,0.5920497,0.00323879,0.038438085,0.0027074874,0.0,0.027504232
99999E40000520,4,False,52,52.10,False,0.0,0.0,0.0,0.0,0.0,0.0,1.0,0.0,0.0,0.0,0.0,0.0
99999E40000521,4,False,52,52.10,False,0.0,0.0,0.0,0.0,0.0,0.0,1.0,0.0,0.0,0.0,0.0,0.0
99999E40000522,6,False,52,52.10,False,0.01643711,0.025337033,0.04408599,0.038848616,0.021584237,0.03931791,0.7477788,0.0012363931,0.004170947,0.027903078,0.0087043885,0.024595499
99999E40000523,4,False,52,52.10,False,0.0,0.0,0.014065506,0.02506934,0.04080209,0.0,0.8945087,0.0,0.0,0.025554359,0.0,0.0
99999E40000524,4,False,DO,DO.02,False,0.0,0.0,0.0,0.0,0.0,0.0,1.0,0.0,0.0,0.0,0.0,0.0
99999E40000525,6,False,DO,DO.01,False,0.0,0.049247034,0.11858167,0.02645435,0.28874093,0.27554822,0.09177751,0.0019894287,0.057208955,0.0061842194,0.033168014,0.051099695
99999E40000535,4,False,68,68.32,False,0.0,0.0,0.06902813,0.06831726,0.02784885,0.2904548,0.28464934,0.0,0.047685992,0.09970125,0.03880971,0.073504694
99999E40000540,6,False,DO,DO.01,True,0.254399,0.10483344,0.08246739,0.04426697,0.017368328,0.054687966,0.02585951,0.047918767,0.124220654,0.10005343,0.13828355,0.005640995
99999E40000541,4,False,52,52.10,False,0.0,0.0,0.0,0.0,0.002350818,0.0021107695,0.9955384,0.0,0.0,0.0,0.0,0.0
99999E40000544,3,False,DO,DO.01,False,0.0,0.04443116,0.03728396,0.026266908,0.06496536,0.08929467,0.6059804,0.0011636224,0.015655527,0.020096507,0.045007635,0.049854282
99999E40000547,2,False,61,61.90,False,0.0,0.0,0.0,0.0,0.0,0.0,1.0,0.0,0.0,0.0,0.0,0.0
99999E40000554,5,False,46,46.73,True,0.031279277,0.0068940427,0.011263083,0.11573236,0.010103477,0.062214796,0.3198163,0.0008582388,0.12805831,0.03087694,0.092245445,0.19065772
99999E40000579,1,False,IL,IL.01,False,0.99523735,0.0,0.0,0.0,0.0,0.0,0.0047626346,0.0,0.0,0.0,0.0,0.0
99999E40000580,1,False,IL,IL.01,False,1.0,0.0,0.0,0.0,0.0,0.0,0.0,0.0,0.0,0.0,0.0,0.0
99999E40000582,6,False,DO,DO.01,False,0.0013289242,0.12835832,0.21690425,0.12953472,0.28173742,0.07138755,0.07685479,0.004156751,0.017478393,0.03967432,0.02180961,0.010774953
99999E40000592,6,False,DO,DO.01,True,0.42179215,0.022154557,0.016049903,0.0012307181,0.0,0.014544739,0.40821347,0.06486757,0.050008833,0.00016760276,0.0009705463,0.0
99999E40000599,1,False,IL,IL.01,False,1.0,0.0,0.0,0.0,0.0,0.0,0.0,0.0,0.0,0.0,0.0,0.0
99999E40000600,4,False,IL,IL.01,False,0.73109245,0.26890758,0.0,0.0,0.0,0.0,0.0,0.0,0.0,0.0,0.0,0.0
99999E40000605,4,False,CO,CO.02,False,0.0,0.0023411508,0.0,0.0,0.0,0.0,0.9860455,0.0,0.0,0.0,0.0,0.01161334
99999E40000615,4,False,CO,CO.02,False,0.023822075,0.08880785,0.24630848,0.10332617,0.09716446,0.051876836,0.013725262,0.0,0.023251072,0.1869844,0.02317856,0.1415548
99999E40000625,1,False,IL,IL.01,False,1.0,0.0,0.0,0.0,0.0,0.0,0.0,0.0,0.0,0.0,0.0,0.0
99999E40000639,6,False,DO,DO.01,False,0.008278585,0.06606653,0.099387445,0.022385698,0.022098051,0.21565479,0.4270058,0.018300973,0.056094814,0.018635388,0.03607732,0.010014593
99999E40000648,1,False,IL,IL.01,False,1.0,0.0,0.0,0.0,0.0,0.0,0.0,0.0,0.0,0.0,0.0,0.0
99999E40000649,1,False,IL,IL.01,False,1.0,0.0,0.0,0.0,0.0,0.0,0.0,0.0,0.0,0.0,0.0,0.0
99999E40000650,1,False,IL,IL.01,False,1.0,0.0,0.0,0.0,0.0,0.0,0.0,0.0,0.0,0.0,0.0,0.0
99999E40000652,1,False,IL,IL.01,False,1.0,0.0,0.0,0.0,0.0,0.0,0.0,0.0,0.0,0.0,0.0,0.0
99999E40000660,4,False,DO,DO.01,True,0.17389478,0.02500829,0.052453082,0.0867674,0.0750482,0.018932039,0.38460037,0.03636085,0.090995446,0.046346832,0.0,0.009592678
99999E40000666,6,False,DO,DO.01,True,0.01733129,0.0751262,0.48458707,0.06642597,0.04232754,0.09994262,0.026112285,0.019771744,0.07886207,0.05878421,0.012369164,0.018359859
99999E40000684,6,False,DO,DO.01,False,0.0,0.049842615,0.54956686,0.023529861,0.24449545,0.0194821,0.028182799,0.0064379806,0.0043286365,0.048917755,0.011814361,0.013401682
99999E40000687,5,False,70,70.22,False,0.0,0.0,0.0016564423,0.0017015337,0.029583432,0.081282824,0.0237083,0.0,0.0,0.0,0.005475057,0.8565924
99999E40000692,4,False,DO,DO.01,False,0.0,0.021372681,0.18760628,0.0076387576,0.06424754,0.41421226,0.25437328,0.0034696134,0.036076117,0.011003441,0.0,0.0
99999E40000704,4,False,74,74.90,False,0.059946798,0.066968754,0.05846172,0.0015961645,0.05400064,0.07390885,0.61907214,0.0,0.012687461,0.018657,0.01669249,0.01800801
99999E40000705,4,False,52,52.21,False,0.0,0.0,0.0,0.0,0.0,0.0,0.99653006,0.0,0.0,0.0,0.003469984,0.0
99999E40000716,4,False,55,55.30,False,0.02223036,0.037171587,0.036407214,0.004602961,0.0045193317,0.07433146,0.8155671,0.0,0.005169968,0.0,0.0,0.0
99999E40000718,6,False,DO,DO.01,True,0.20537487,0.10239989,0.1773635,0.03812499,0.019588666,0.08482884,0.12421104,0.068967886,0.15688944,0.00093931664,0.020688528,0.00062301615
99999E40000726,1,False,IL,IL.01,False,1.0,0.0,0.0,0.0,0.0,0.0,0.0,0.0,0.0,0.0,0.0,0.0
99999E40000733,4,False,DO,DO.01,False,0.0009429833,0.07009625,0.11079226,0.18687154,0.17765778,0.015035959,0.06153415,0.02250734,0.2224557,0.08317168,0.026544359,0.022389986
99999E40000751,4,False,DO,DO.01,False,0.0139015885,0.0104080625,0.076186,0.012312476,0.09563057,0.13528273,0.4581439,0.09248072,0.0434736,0.045715384,0.012299864,0.0041651167
99999E40000757,4,False,CO,CO.02,False,0.0,0.0,0.0,0.0,0.0026047565,0.0,0.9973953,0.0,0.0,0.0,0.0,0.0
99999E40000758,4,False,CO,CO.02,False,0.0,0.0,0.007583741,0.008105259,0.0,0.0,0.98152953,0.0,0.002781429,0.0,0.0,0.0
99999E40000761,4,False,CO,CO.02,False,0.0074037043,0.053669535,0.12720421,0.14084107,0.33072317,0.00018045917,0.03378001,0.008008487,0.0098082,0.059412524,0.09879896,0.1301696
99999E40000764,2,False,52,52.10,False,0.0,0.0,0.0,0.0,0.002586469,0.0029018922,0.99451166,0.0,0.0,0.0,0.0,0.0
99999E40000765,4,False,CO,CO.02,False,0.018687276,0.00415517,0.02352398,0.0,0.0,0.00201163,0.9496433,0.0,0.0,0.0019786526,0.0,0.0
99999E40000767,4,False,CO,CO.02,False,0.0,0.0,0.0,0.0075809527,0.0,0.0,0.99241906,0.0,0.0,0.0,0.0,0.0
99999E40000773,6,False,52,52.10,False,0.002314387,0.115508154,0.17521583,0.108406596,0.09606906,0.042371765,0.030236633,0.015452714,0.0177759,0.32928535,0.020459889,0.046903737
99999E40000777,4,False,41,41.20,False,0.0,0.024050344,0.14475714,0.04652712,0.12494363,0.07466764,0.4328075,0.0025412822,0.06247661,0.054451153,0.032777607,0.0
99999E40000807,2,False,CO,CO.02,False,0.0,0.0,0.0,0.0,0.0,0.0,1.0,0.0,0.0,0.0,0.0,0.0
99999E40000813,2,False,47,47.29,False,0.0,0.0,0.0,0.0,0.015450757,0.73650646,0.24804279,0.0,0.0,0.0,0.0,0.0
99999E40000816,4,False,DO,DO.01,True,0.16027412,0.17540844,0.22701854,0.0374266,0.021475695,0.04343325,0.10543267,0.044529375,0.14459725,0.025010532,0.009050432,0.0063432097
99999E40000819,2,False,61,,False,0.0,0.0,0.0,0.0,0.0,0.0,1.0,0.0,0.0,0.0,0.0,0.0
99999E40000821,6,False,61,,False,0.0,0.0,0.0,0.0,0.0010698448,0.008850642,0.9900795,0.0,0.0,0.0,0.0,0.0
99999E40000823,4,False,43,43.33,False,0.6351001,0.0047084265,0.024842903,0.003841245,0.0,0.0,0.3051439,0.0,0.0,0.0,0.006167977,0.020195546
99999E40000835,4,False,52,52.10,False,0.01703104,0.060082775,0.076792516,0.06929333,0.12301782,0.08057745,0.2873366,0.025561806,0.09718529,0.03984247,0.06978197,0.053496905
99999E40000840,6,False,52,52.10,False,0.00017490776,0.005752122,0.08024841,0.02781755,0.09731364,0.06797962,0.6321942,0.019930473,0.020125214,0.010153667,0.0115871895,0.026723024
99999E40000850,6,False,84,84.11,False,0.28746682,0.0006465711,0.0,0.00034745035,0.0007171061,0.0,0.6361999,0.0058256714,0.06879647,0.0,0.0,0.0
99999E40000875,2,False,52,52.10,False,0.0,0.0,0.0,0.0,0.0,0.007528944,0.9924711,0.0,0.0,0.0,0.0,0.0
99999E40000877,4,False,56,56.10,False,0.0,0.0,0.034062818,0.0023290128,0.014680276,0.74141735,0.07742415,0.0,0.0071792416,0.007572551,0.0034832766,0.11185133
99999E40000884,4,False,41,41.20,False,0.001295733,0.016255392,0.109272264,0.020463772,0.068319626,0.16069414,0.3649966,0.0,0.03295371,0.0157256,0.062058147,0.147965
99999E40000898,6,False,41,41.20,False,0.0,0.0,0.0,0.08239916,0.048194773,0.047535297,0.19478883,0.0,0.061511543,0.010612212,0.03673827,0.5182199
99999E40000918,3,False,41,41.20,False,0.014099149,0.002079371,0.0,0.053455047,0.12288576,0.11857485,0.20912895,0.069963224,0.23172306,0.0,0.059008494,0.11908203
99999E40000929,5,False,41,41.20,False,0.0,0.0,0.010732836,0.124695554,0.09803151,0.0,0.011247872,0.0,0.04312339,0.041111257,0.10062852,0.5704291
99999E40000935,5,False,41,41.20,False,0.032101694,0.0,0.0,0.049066488,0.006286451,0.008895312,0.43776006,0.0053392607,0.07546011,0.0024841959,0.015407859,0.36719862
99999E40000936,4,False,DO,DO.01,False,0.0,0.025264014,0.0062523917,0.0073122415,0.42811033,0.09115524,0.2145184,0.0,0.1543481,0.0,0.042379603,0.030659702
99999E40000937,4,False,52,52.10,False,0.06841175,0.038353175,0.049509738,0.039772354,0.04360385,0.14423253,0.5289991,0.0014639983,0.015508523,0.027045427,0.008784588,0.034314927
99999E40000954,6,False,98,98.1,True,0.3034861,0.107099116,0.0112208165,0.06257454,0.035111196,0.00069293054,0.16037208,0.06585868,0.070520535,0.07992575,0.08826538,0.014872968
99999E40000960,6,False,DO,DO.01,False,0.013278826,0.32105303,0.21397404,0.10661542,0.10851151,0.06011234,0.050695088,0.0066935355,0.024432646,0.06664946,0.0075781345,0.020405857
99999E40000979,3,False,41,41.20,False,0.0,0.0,0.0,0.13770044,0.061459478,0.0,0.0,0.0,0.09090967,0.00874547,0.15684526,0.5443397
99999E40000982,3,False,41,41.20,False,0.0,0.0,0.0,0.5298563,0.0,0.0,0.0,0.0,0.47014365,0.0,0.0,0.0
99999E40000985,5,False,41,41.20,False,0.0,0.0,0.0,0.03597139,0.012456766,0.013945018,0.032616705,0.0,0.1165524,0.013557045,0.080866165,0.6940345
99999E40000988,4,False,DO,DO.01,False,0.0,0.005692972,0.06862191,0.046115037,0.13557126,0.3780536,0.32080486,0.0006900274,0.00711916,0.027533373,0.0,0.009797801
99999E40000991,2,False,46,46.51,False,0.0,0.0,0.0,0.0,0.0,0.0,1.0,0.0,0.0,0.0,0.0,0.0
99999E40000992,4,False,DO,DO.01,False,0.0,0.13732967,0.18596564,0.046592705,0.28418127,0.07101961,0.22943288,0.0,0.008207071,0.015690936,0.006981979,0.014598287
99999E40001010,1,False,IL,IL.01,False,1.0,0.0,0.0,0.0,0.0,0.0,0.0,0.0,0.0,0.0,0.0,0.0
99999E40001016,5,False,85,85.59,False,0.0,0.0,0.0,0.04962751,0.051196523,0.008825215,0.11968778,0.0,0.037638575,0.0051398086,0.29485625,0.43302837
99999E40001030,4,False,DO,DO.01,False,0.0,0.060133416,0.18785204,0.014246596,0.21499912,0.04883629,0.4170656,0.0,0.019042937,0.030284932,0.0075390735,0.0
99999E40001049,4,False,DO,DO.01,False,0.012972773,0.08930875,0.09802228,0.11343076,0.110925704,0.13889198,0.28142777,0.0,0.016780198,0.04662852,0.036275655,0.055335544
99999E40001050,4,False,DO,DO.01,False,0.0,0.090475924,0.32506442,0.04681068,0.0130715445,0.014875004,0.49176696,0.0,0.010472524,0.0,0.0,0.0074629826
99999E40001053,4,False,DO,DO.01,False,0.026990447,0.11528873,0.2070262,0.11791765,0.090417445,0.13830574,0.23378515,0.0,0.030884864,0.021587906,0.011192411,0.006603477
99999E40001054,4,False,DO,DO.01,False,0.26836488,0.009806722,0.13131747,0.007487039,0.003111665,0.04205292,0.45452166,0.000114685856,0.019085456,0.0038365661,0.052037083,0.008263873
99999E40001065,2,False,61,61.90,False,0.0,0.0,0.0,0.0,0.0,0.005378041,0.994622,0.0,0.0,0.0,0.0,0.0
99999E40001081,1,False,IL,IL.01,False,1.0,0.0,0.0,0.0,0.0,0.0,0.0,0.0,0.0,0.0,0.0,0.0
99999E40001082,1,False,IL,IL.01,False,1.0,0.0,0.0,0.0,0.0,0.0,0.0,0.0,0.0,0.0,0.0,0.0
99999E40001084,6,False,41,41.20,False,0.0,0.0,0.0,0.13057007,0.062574565,0.01597846,0.35857266,0.0022808707,0.113664426,0.0004697728,0.03858112,0.27730814
99999E40001098,5,False,69,69.10,False,0.0,0.0,0.0,0.0,0.22915597,0.01795553,0.13632515,0.0,0.003707673,0.003201838,0.018262453,0.5913914
99999E40001109,6,False,41,41.20,False,0.0,0.0,0.0035892825,0.168962,0.045997065,0.08698813,0.18154445,0.0021326425,0.05010815,0.04356703,0.03639811,0.38071316
99999E40001128,3,False,52,52.10,False,0.0,0.0,0.0,0.5823604,0.005731268,0.001432817,0.20781152,0.0,0.14068139,0.0,0.061982594,0.0
