pod,group,below_n_min,ateco_l1,ateco_l2,prosumer,f_1,f_2,f_3,f_4,f_5,f_6,f_7,f_8,f_9,f_10,f_11,f_12,f_13,f_14,f_15,f_16,f_17
99999E00000053,5,False,25,25.11,False,0.0,0.0,0.0,0.0,0.0,0.0133623015,0.018385457,0.8345829,0.06882803,0.0,0.0,0.0,0.0005504371,0.00018809384,0.048142955,0.0010937131,0.014866098
99999E00010095,6,False,DO,DO.02,False,0.0,0.0,0.0,0.0,0.0,0.0,0.0,0.0019241719,0.0025918442,0.0,0.0,0.0,0.0027889546,0.0,0.49354357,0.33848158,0.16066992
99999E00010109,4,False,DO,DO.02,False,0.0,0.0,0.0042697527,0.007182778,0.0015370409,0.02272037,0.008146492,0.09259971,0.07874183,0.0,0.00144951,0.0,0.014563374,0.022249455,0.1596772,0.22926418,0.35759833
99999E00010121,4,False,DO,DO.01,False,0.80737656,0.15663446,0.0049456824,0.003926415,0.0,0.0,0.0,0.0,0.0,0.0,0.0,0.0,0.005699736,0.007353789,0.014063376,0.0,0.0
99999E00010122,6,False,84,84.11,False,0.0,0.0,0.0,0.0,0.047958266,0.017345347,0.00485536,0.056332566,0.0050207623,0.10394908,0.0,0.0,0.004195997,0.009517517,0.32643577,0.0644766,0.35991275
99999E00010123,5,False,56,56.2,False,0.0,0.0,0.0018877527,0.0,0.0,0.011668986,0.1836879,0.35163885,0.0,0.0,0.0020168042,0.0,0.0,0.018774152,0.3919269,0.0021105078,0.036288135
99999E00010130,7,False,DO,DO.02,False,0.0,0.15861793,0.0,0.006155552,0.0027771413,0.007879405,0.0,0.0,0.0033634857,0.0,0.0,0.0,0.0,0.002199325,0.6303684,0.14335379,0.04528499
99999E00010132,6,False,68,68.32,False,0.0,0.009531314,0.0,0.0,0.0,0.009196378,0.0,0.005515275,0.0034003952,0.002953814,0.0,0.0,0.0,0.0,0.8404558,0.0727608,0.056186263
99999E00010156,4,False,DO,DO.01,False,0.0,0.0022828847,0.03088134,0.02538378,0.0058644507,0.013118267,0.013057535,0.014829598,0.004780414,0.0,0.0,0.0,0.010976815,0.023110047,0.7827965,0.06982516,0.003093209
99999E00010183,4,False,DO,DO.01,False,0.020313619,0.12241973,0.023970215,0.11865602,0.18568882,0.03495904,0.016576085,0.020218397,0.05462276,0.028655225,0.0,0.000835589,0.057034303,0.053146794,0.21318947,0.036730208,0.012983768
99999E00010220,3,False,DO,DO.01,False,0.0,0.0,0.0786632,0.086723335,0.092221364,0.0,0.0,0.032760072,0.021829966,0.029321045,0.008395507,0.0,0.13458101,0.2518432,0.14902987,0.09230933,0.022322042
99999E00010251,4,False,DO,DO.01,False,0.0,0.015225352,0.11090078,0.094790414,0.041073445,0.021298239,0.009208942,0.021414917,0.032485135,0.004457381,0.0074953763,0.0,0.03708154,0.17028785,0.16933332,0.21324988,0.05169743
99999E00010292,4,False,DO,DO.01,False,3.7064998e-05,0.0030887495,0.048948035,0.1487542,0.024716174,0.03405038,0.013525017,0.021343261,0.0262692,0.012578624,0.003612602,0.0015876174,0.009872879,0.05799066,0.3374138,0.20953336,0.04667842
99999E00010324,4,False,DO,DO.01,False,0.020011554,0.013504382,0.072636105,0.03688682,0.03487972,0.023464805,0.004588696,0.003167566,0.085802674,0.07571192,0.009554831,0.0,0.010613119,0.008968863,0.48145232,0.07298957,0.045767054
99999E00010336,3,False,DO,DO.01,False,0.0,0.0,0.0,0.09299602,0.6830193,0.0,0.0,0.0,0.0,0.0,0.0044764816,0.0,0.061063796,0.0,0.0,0.1584445,0.0
99999E00010368,6,False,47,47.78,False,0.0,0.0,0.0,0.0,0.0,0.0,0.0,0.018085325,0.006287038,0.09155455,0.0,0.0,0.0,0.0,0.0486605,0.13342714,0.7019855
99999E00010390,3,False,DO,DO.01,False,0.0,0.008803413,0.0146011105,0.22893329,0.08092283,0.007195911,0.031544454,0.059896167,0.0672702,0.018907081,0.012949079,0.025408337,0.009858755,0.16384503,0.04391465,0.18368275,0.042267073
99999E00010429,4,False,47,47.71,False,0.0,0.0,0.0,0.0,0.0,0.00043807787,0.01868369,0.023618782,0.0226735,0.8928194,0.0,0.00011601359,0.006229071,0.0027444807,0.029457765,0.0024296811,0.0007896409
99999E00010457,4,False,16,16.2,False,0.0,0.010752819,0.010032364,0.006245794,0.0070025497,0.028623609,0.06641764,0.114542834,0.13373072,0.15685785,0.000497988,0.0,0.08876753,0.012257022,0.3032468,0.028163783,0.032860696
99999E00010511,4,False,DO,DO.01,False,0.0,0.0,0.020057946,0.011451333,0.008313207,0.0015804353,0.0038064967,0.060938064,0.09423736,0.008256345,0.0,0.0,0.032357335,0.068908796,0.38875362,0.15162334,0.1497157
99999E00010526,7,False,DO,DO.01,False,0.0,0.0022530875,0.0044328375,0.0033449994,0.0023345735,0.00465285,0.002012704,0.0,0.023887616,0.0,0.0,0.002220493,0.0,0.012324754,0.9259619,0.008384909,0.008189342
99999E00010529,4,False,DO,DO.01,False,0.002795196,0.028407129,0.033921856,0.094377175,0.18588378,0.034346994,0.005579204,0.014918409,0.075706415,0.015131567,0.0027848915,0.004277292,0.02383483,0.1782619,0.083518185,0.18216676,0.034088496
99999E00010531,4,False,DO,DO.01,False,0.0,0.0,0.0,0.008886507,0.0,0.029168468,0.0057078544,0.030382432,0.0060724355,0.0,0.0,0.0,0.0057912683,0.029546771,0.07669581,0.46392822,0.34382024
99999E00010570,4,False,DO,DO.01,False,0.0005389011,0.024754904,0.03593365,0.071896315,0.057199515,0.007791957,0.002357347,0.1364691,0.036776546,0.030595763,0.0,0.0,0.010903765,0.05333877,0.11788254,0.2832796,0.13028142
99999E00010576,4,False,DO,DO.01,False,0.0,0.004053086,0.056240477,0.029203298,0.01399704,0.017300194,0.0067302305,0.0037771307,0.031585325,0.004166151,0.0,0.0,0.004962076,0.051845003,0.6298412,0.09699619,0.04930264
99999E00010583,7,False,DO,DO.01,False,0.0,0.0,0.0,0.0,0.0,0.008632474,0.01594225,0.019060371,0.059210572,0.0,0.005258194,0.005548117,0.007359842,0.0,0.65897536,0.018629562,0.20138325
99999E00010596,4,False,DO,DO.01,False,0.0,0.0084059555,0.04353255,0.057289492,0.02069223,0.060390063,0.0053643007,0.0369699,0.036438577,0.009213064,0.0043994198,0.0033194465,0.019976322,0.048992064,0.06407722,0.38266107,0.19827831
99999E00010621,4,False,DO,DO.01,False,0.0,0.0,0.33076534,0.1946865,0.00671752,0.042335454,0.048154403,0.031645566,0.01679862,0.0045258147,0.0038041591,0.0016954703,0.014797821,0.007001083,0.009651091,0.23729432,0.050126906
99999E00010629,4,False,DO,DO.01,False,0.0,0.0,0.026644072,0.006816251,0.0028825963,0.066080876,0.037806857,0.044138003,0.012631033,0.019242462,0.031335566,0.008369662,0.0058773058,0.009883187,0.5581575,0.06647651,0.10365812
99999E00010632,4,False,DO,DO.01,False,0.0,0.0,0.030149888,0.004222931,0.0022560388,0.10810252,0.03815493,0.1433556,0.0486269,0.07459126,0.014769696,0.059413638,0.010563733,0.012819773,0.043001518,0.07225003,0.33772156
99999E00010647,4,False,DO,DO.01,False,0.0,0.0,0.02614167,0.04386509,0.06529251,0.3685692,0.033848155,0.010839615,0.0055532097,0.0012115394,0.17216279,0.074108176,0.0045360993,0.0025943813,0.065637685,0.09862804,0.027011888
99999E00010671,3,False,DO,DO.01,False,0.0,0.026483575,0.027151078,0.004788703,0.0,0.112441964,0.0079687005,0.013403248,0.05773419,0.034208115,0.24701004,0.3070283,0.0161028,0.061983377,0.051563222,0.011052216,0.021080531
99999E00010673,7,False,DO,DO.01,False,0.0,0.0,0.034619242,0.06745072,0.016881358,0.014678376,0.10761707,0.05222655,0.012427464,0.011433411,0.003408602,0.0,0.008381835,0.067490056,0.31462806,0.14849517,0.1402621
99999E00010679,4,False,DO,DO.01,False,0.0,0.004207906,0.18716979,0.14637718,0.09401512,0.0627059,0.02204264,0.017692469,0.049393423,0.05639303,0.039260756,0.034632504,0.031627204,0.051014356,0.047326345,0.10047871,0.055662762
99999E00010684,4,False,DO,DO.01,False,0.0,0.023801137,0.026055066,0.09724706,0.02204012,0.20472273,0.038082287,0.02770646,0.02444243,0.012972721,0.027756572,0.009207559,0.15986848,0.11411531,0.08603887,0.07191511,0.054028142
99999E00010699,4,False,DO,DO.01,False,0.0,0.01061457,0.023390418,0.083163016,0.010581211,0.040300712,0.06562692,0.037526604,0.08657312,0.014343447,0.006227149,0.0036948984,0.010917588,0.016126338,0.092213385,0.3513023,0.1473984
99999E00010714,4,False,DO,DO.01,False,0.0,0.002919286,0.044857576,0.031663205,0.005695193,0.16820681,0.06668994,0.048412666,0.044761207,0.035353445,0.09850122,0.0054977536,0.021653721,0.047323223,0.055509917,0.26697835,0.055976484
99999E00010739,4,False,23,23.3,False,0.0,0.0,0.0058796136,0.0047095194,0.0018889471,0.0017407266,0.0028202592,0.021345288,0.008982211,0.0044021113,0.0,0.0,0.007188214,0.0084325755,0.7663669,0.11538182,0.050861806
99999E00010833,7,False,DO,DO.01,False,0.0,0.11584617,0.0,0.0,0.0023611696,0.14512244,0.032622304,0.042569768,0.014505749,0.0,0.021735964,0.007656757,0.0036594833,0.012694026,0.45617625,0.005807517,0.13924244
99999E00010868,4,False,DO,DO.01,False,0.0,0.0,0.034440834,0.0,0.0,0.06400639,0.092317365,0.22949073,0.059897166,0.047157038,0.0041728634,0.0021718412,0.015647879,0.051710296,0.06908168,0.052115574,0.2777904
99999E00010953,7,False,DO,DO.02,False,0.0,0.019100266,0.0013527191,0.0057904166,0.0042138663,0.013884024,0.0,0.0,0.012430743,0.0041133044,0.0,0.0,0.0,0.0032698822,0.68579614,0.1725025,0.077546164
99999E00010956,4,False,DO,DO.01,False,0.0,0.03301369,0.10980815,0.071541674,0.045755453,0.18080416,0.12458844,0.101625256,0.05207074,0.053792156,0.008930354,0.008864464,0.00013384207,0.069159284,0.029896202,0.108908325,0.0011078005
99999E00011017,4,False,DO,DO.01,False,0.0,0.0016943677,0.018739637,0.052314974,0.047322575,0.11994819,0.01831151,0.0,0.012869216,0.0028517628,0.039550975,0.0,0.022487564,0.026841402,0.24156538,0.3741179,0.021384591
99999E00011033,3,False,DO,DO.01,False,0.0,0.0,0.020813605,0.050230708,0.031925615,0.07934055,0.048241023,0.04426669,0.11988477,0.02135762,0.0,0.0,0.064012416,0.031759385,0.11604643,0.24780884,0.12431242
99999E00011037,4,False,DO,DO.01,False,0.0,0.004547335,0.041460898,0.07702118,0.072588414,0.050530843,0.0408914,0.07338249,0.05247464,0.043634225,0.0038509148,0.0052952655,0.015685525,0.054603048,0.13972495,0.25947624,0.06483259
99999E00011130,4,False,DO,DO.01,False,0.0043205675,0.016474511,0.038354427,0.018850822,0.009777632,0.017704934,0.0234109,0.05218494,0.05312889,0.035146873,0.0,0.0015685537,0.06361566,0.014976401,0.57542914,0.04385376,0.03120201
99999E00011202,3,False,DO,DO.01,False,0.0,0.055399626,0.047716353,0.1441125,0.26432613,0.0052152984,0.0,0.0572781,0.046438377,0.0010646159,0.0,0.0,0.13669318,0.027341275,0.0043838425,0.18961383,0.02041687
99999E00011214,4,False,94,94.99,False,0.0,0.011313554,0.0035865733,0.0049144393,0.0,0.0,0.0061355424,0.031688623,0.022957405,0.0020251628,0.0,0.0,0.03343687,0.0016648371,0.8419005,0.02074207,0.019634403
99999E00011221,4,False,DO,DO.01,False,0.0,0.005654283,0.09613945,0.018930798,0.058368172,0.0658383,0.048547454,0.05393079,0.020252269,0.05485772,0.027030753,0.012499317,0.018049024,0.02545497,0.27336642,0.17977247,0.041307878
99999E00011222,4,False,DO,DO.01,False,0.0,0.0012340872,0.13824226,0.017502492,0.0026958932,0.061584383,0.07613633,0.09063196,0.0090107955,0.03744867,0.0,0.0,0.00819052,0.07275728,0.15938334,0.23879099,0.086391
99999E00011239,3,False,DO,DO.01,False,0.0,0.0,0.21901947,0.15897478,0.040961355,0.15170872,0.030102206,0.09294156,0.064516135,0.00918237,0.019482596,0.0,0.047908023,0.16520281,0.0,0.0,0.0
99999E00011247,4,False,DO,DO.01,False,0.0,0.009841543,0.004977792,0.015134862,0.0067367284,0.037882708,0.008219274,0.024984049,0.027656542,0.0034240095,0.0076414202,0.0,0.003276336,0.058801606,0.3525892,0.26191515,0.17691877
99999E00011274,3,False,DO,DO.01,False,0.0,0.076114945,0.022179792,0.036835484,0.016102046,0.0060450383,0.012945622,0.056505878,0.019065278,0.004977906,0.0037615388,0.0,0.01323387,0.044688717,0.32396665,0.1914838,0.17209345
99999E00011331,4,False,DO,DO.01,False,0.0,0.0,0.07382368,0.0018722751,0.0,0.051741526,0.058116768,0.078190014,0.015337607,0.23220073,0.009270287,0.00445247,0.049330637,0.061922707,0.0040465305,0.2955581,0.064136565
99999E00011345,3,False,DO,DO.01,False,0.011017364,0.16696894,0.0048348145,0.16144773,0.13037968,0.03989599,0.015366192,0.0,0.011813982,0.031574097,0.0,0.0024499733,0.057216145,0.005165486,0.23303807,0.12883154,0.0
99999E00011559,4,False,94,94.9,False,0.03539375,0.12713669,0.00570392,0.05008975,0.0016692202,0.0018261833,0.011331904,0.44637388,0.027339298,0.0088859275,0.0,0.0,0.008045644,0.0033096985,0.1497531,0.07029984,0.052841276
99999E00011592,4,False,DO,DO.01,False,0.0012379092,0.012544479,0.09831604,0.15085952,0.013642059,0.05706911,0.029774971,0.041808248,0.06398536,0.044980705,0.013321306,0.0,0.07089661,0.13670626,0.19307373,0.053260162,0.018523531
99999E00011600,3,False,DO,DO.01,False,0.0,0.0014413298,0.13142903,0.1346482,0.1430371,0.035387028,0.018755157,0.08365073,0.028207183,0.013397816,0.0,0.0,0.03837987,0.14432357,0.025214337,0.19138418,0.010744458
99999E00011601,3,False,DO,DO.01,False,0.0,0.009641314,0.112710476,0.14926448,0.12341604,0.053572875,0.04330023,0.06959964,0.20234133,0.0,0.03441651,0.020373926,0.10694733,0.050082527,0.024333268,0.0,0.0
99999E00011644,1,False,96,96.0,False,0.46818838,0.5261368,0.0,0.0,0.0,0.0,0.0,0.0,0.0026951756,0.0,0.0,0.0,0.0,0.0,0.0029796343,0.0,0.0
99999E00011650,4,False,84,84.1,False,0.0,0.0066721113,0.011609613,0.0017687667,0.0,0.0218158,0.007786292,0.01303898,0.027149769,0.009578838,0.0007510017,0.0036534048,0.0130156325,0.014252602,0.58735466,0.033057477,0.24849509
99999E00011653,1,False,IL,IL.01,False,0.4511049,0.5488951,0.0,0.0,0.0,0.0,0.0,0.0,0.0,0.0,0.0,0.0,0.0,0.0,0.0,0.0,0.0
99999E00011655,7,False,94,94.99,False,0.0,0.00996223,0.00037829977,0.0,0.00037950583,0.0033156509,0.00094414136,0.0,0.0037773694,0.0,0.0,0.0,0.001897127,0.0,0.92765796,0.045792963,0.005894803
99999E00011657,4,False,DO,DO.02,False,0.008313985,0.024136353,0.007299075,0.03085009,0.2541302,0.010156398,0.027161613,0.037722025,0.094520465,0.052842233,0.0,0.0,0.008591441,0.010396131,0.38935784,0.013169488,0.03135268
99999E00011736,6,False,DO,DO.02,False,0.0,0.0030999458,0.0,0.0018769534,0.005285478,0.011077706,0.0,0.04602924,0.0022393216,0.0,0.0,0.0,0.0,0.006239526,0.6929723,0.10171502,0.12946449
99999E00011783,4,False,DO,DO.01,False,0.0,0.0146602,0.0037410606,0.0191151,0.0023001574,0.0025777626,0.008843707,0.017396592,0.052401286,0.015849933,0.0,0.0,0.031990692,0.025526457,0.73775566,0.046254314,0.021587107
99999E00011787,3,False,DO,DO.01,False,0.0,0.0,0.019710038,0.020540388,0.0,0.04552145,0.05600662,0.026992105,0.0,0.005339273,0.0,0.00042996273,0.0,0.011647667,0.22098264,0.5579187,0.034911152
99999E00011826,4,False,DO,DO.01,False,0.0,0.0045922785,0.045631163,0.07573229,0.100536086,0.08564248,0.04881162,0.08028512,0.038292438,0.009313217,0.0040450483,0.0033297022,0.042546768,0.14827725,0.16455695,0.13574412,0.012663505
99999E00011831,4,False,DO,DO.01,False,0.0,0.0,0.0027325023,0.10446409,0.00522372,0.21337287,0.051399402,0.0018766621,0.0037033143,0.0,0.1348557,0.0334283,0.4367271,0.012216348,0.0,0.0,0.0
99999E00011840,4,False,DO,DO.01,False,0.010578394,0.13888416,0.045698244,0.076823,0.1934638,0.018097682,0.022640998,0.05033109,0.08315167,0.04151479,0.008248311,0.014611277,0.021806747,0.016971009,0.20179583,0.027455224,0.027927866
99999E00011862,4,False,DO,DO.01,False,0.0043670605,0.14308485,0.037666664,0.03341361,0.222148,0.07000124,0.018736625,0.002027782,0.0066819084,0.033431936,0.0069017876,0.013567409,0.013724176,0.0013681421,0.36290175,0.02997697,0.0
99999E00011932,4,False,DO,DO.01,False,0.0015786458,0.007526219,0.036723625,0.030257376,0.028164247,0.02883207,0.0074918633,0.025280958,0.04865061,0.0,0.00027316264,0.0,0.0074600223,0.021986244,0.63999003,0.08515973,0.030625224
99999E00011938,4,False,DO,DO.01,False,0.0,0.0021220718,0.060094923,0.13932797,0.006561219,0.20577496,0.01567517,0.022298837,0.01927951,0.004320142,0.03840113,0.24569018,0.03839406,0.090687044,0.025785938,0.0600095,0.025577385
99999E00011984,3,False,DO,DO.01,False,0.0,0.004337898,0.25979424,0.20659997,0.010811988,0.050611146,0.032534238,0.029756946,0.03368539,0.030641375,0.0,0.0,0.012358563,0.017300116,0.19389983,0.117668405,0.0
99999E00011996,3,False,DO,DO.01,False,0.0,0.0,0.30626437,0.14701721,0.018052991,0.0072012083,0.030572256,0.024707139,0.014928436,0.07761419,0.0020199153,0.0,0.027779095,0.26182625,0.0,0.07695667,0.005060308
99999E00012014,4,False,DO,DO.01,False,0.0,0.006617149,0.08658143,0.20968561,0.13023153,0.06747701,0.07468564,0.08547739,0.05549285,0.043283645,0.0029232807,0.0,0.08318331,0.060167033,0.05440531,0.020837655,0.01895125
99999E00012083,3,False,DO,DO.01,False,0.0,0.0,0.0,0.0,0.25197682,0.014653997,0.0,0.48700947,0.08178463,0.0,0.0,0.0,0.024665756,0.0,0.0,0.06084813,0.07906118
99999E00012181,3,False,DO,DO.01,False,0.0,0.14671606,0.11800018,0.13887627,0.16896062,0.047020733,0.017404549,0.022215739,0.08279495,0.06879352,0.0012820235,0.0,0.029328087,0.024632137,0.055418707,0.07855635,0.0
99999E00012265,4,False,DO,DO.01,False,0.0,0.0054102875,0.008774765,0.0722699,0.06691877,0.03960908,0.0136267105,0.025819333,0.047118556,0.008122645,0.0,0.0,0.034304112,0.0,0.32217038,0.19185601,0.16399953
99999E00012309,4,False,DO,DO.01,False,0.051869165,0.0,0.0,0.114598066,0.21491136,0.0,0.0,0.19952138,0.17087872,0.0,0.00012786905,0.0,0.0,0.23648468,0.0116086835,0.0,0.0
99999E00012347,4,False,DO,DO.01,False,0.0,0.0049195923,0.050105065,0.06354436,0.044138324,0.0048086117,0.0,0.010952267,0.039583206,0.01806608,0.0,0.0,0.013764458,0.023491433,0.10844563,0.42891246,0.18926856
99999E00012449,4,False,01,01.50,False,0.000100226636,0.0285735,0.12037218,0.027055623,0.04551069,0.020876095,0.054012135,0.23358151,0.085035615,0.25978854,0.019519694,0.04820567,0.010599524,0.001348605,0.02419471,0.009338895,0.011886879
99999E00012450,4,False,DO,DO.01,False,0.0,0.009103593,0.045770276,0.020060737,0.015641553,0.14644329,0.04057821,0.08293359,0.03280721,0.029899213,0.025215564,0.009274965,0.019899623,0.09515531,0.055275887,0.2144915,0.15744945
99999E00012472,7,False,DO,DO.01,False,0.0,0.10220024,0.0,0.06522589,0.0,0.0,0.0,0.0,0.0,0.021351388,0.0,0.0,0.0,0.0,0.68025,0.13097253,0.0
99999E00012503,6,False,85,85.3,False,0.0,0.0,0.0,0.0,0.0,0.0,0.0,0.03873295,0.009719454,0.0,0.0,0.0,0.0,0.0,0.42715555,0.0057809334,0.5186111
99999E00012534,4,False,DO,DO.01,False,0.0,0.0,0.050081186,0.018536896,0.009273231,0.03788089,0.02871826,0.03908316,0.03709412,0.030365333,0.0,0.0,0.025026545,0.058882713,0.19060731,0.3290033,0.14544702
99999E00012661,3,False,DO,DO.01,False,0.0,0.0,0.105938606,0.016068354,0.0,0.0,0.0,0.19732076,0.0,0.15565558,0.0,0.0,0.0,0.0,0.057241317,0.41000667,0.057768717
99999E00012663,3,False,DO,DO.01,False,0.011478103,0.0009851968,0.06486905,0.105558805,0.030406756,0.0112402,0.007909562,0.06369353,0.11792414,0.034325153,0.0,0.005303829,0.047292247,0.19328329,0.14752203,0.13847333,0.019734725
99999E00012677,3,False,DO,DO.01,False,0.0,0.0,0.21552351,0.18658426,0.02508354,0.0,0.0,0.06754991,0.0,0.13336475,0.0160012,0.0,0.0,0.05872462,0.09727101,0.17006896,0.029828208
99999E00012693,4,False,DO,DO.01,False,0.0,0.016237414,0.055654112,0.08698888,0.06611767,0.047660448,0.01773641,0.050612833,0.041221675,0.015573972,0.002453706,0.0,0.002102126,0.033522215,0.482471,0.054812673,0.026834834
99999E00012707,4,False,DO,DO.01,False,0.0021630812,0.015690017,0.10123583,0.052955087,0.029502558,0.029641379,0.015679777,0.015340692,0.04801676,0.016285121,0.0,0.0027524948,0.011862241,0.05317811,0.4241425,0.12266069,0.05889361
99999E00012747,3,False,DO,DO.01,False,0.008781293,0.06042325,0.006318037,0.034584988,0.03077342,0.0068798326,0.04284338,0.23195232,0.08627016,0.0,0.0055401665,0.0,0.014632609,0.058845896,0.17454548,0.21775188,0.019857304
99999E00012754,4,False,DO,DO.01,False,0.002039239,0.0,0.12106402,0.09186199,0.11343642,0.004905603,0.028092168,0.065415055,0.07854679,0.067718975,0.0,0.0,0.0,0.08061009,0.26884267,0.047904067,0.029562946
99999E00012764,4,False,DO,DO.01,False,0.021855636,0.1903785,0.0011932675,0.074150056,0.012895662,0.0020097136,0.0035169988,0.031904202,0.017250042,0.01733378,0.0,0.013335286,0.002030648,0.0,0.6044214,0.0029727016,0.0047521354
99999E00012772,3,False,DO,DO.01,False,0.0,0.0,0.038257997,0.0,0.0,0.14092478,0.0,0.0,0.08169539,0.009324798,0.0,0.013545397,0.0,0.031001193,0.029957796,0.09713019,0.5581625
99999E00012778,4,False,DO,DO.01,False,0.0,0.008192847,0.053028867,0.06709148,0.02559525,0.049003378,0.0,0.0,0.0,0.0,0.01234838,0.0,0.0009044049,0.05977939,0.32198,0.40207598,0.0
99999E00012917,4,False,DO,DO.01,False,0.0,0.0014426914,0.1759659,0.13631608,0.039754823,0.037796635,0.012086524,0.0944851,0.03467296,0.11626231,0.008213786,0.009435888,0.09063595,0.093724236,0.06704683,0.06676607,0.0153942155
99999E00012926,4,False,DO,DO.01,False,0.0,0.012761195,0.15657872,0.17539379,0.08574133,0.030766273,0.0077327373,0.053629383,0.049739316,0.018921344,0.0054956865,0.014210754,0.025121704,0.09591505,0.030195162,0.14925386,0.08854375
99999E00012952,3,False,DO,DO.01,False,0.00020561666,0.007059865,0.06474449,0.08041442,0.0429136,0.053367753,0.042053454,0.102507986,0.06644917,0.05251407,0.005459607,0.0006082378,0.0034228181,0.05928973,0.015081607,0.3375343,0.06637328
99999E00012958,3,False,DO,DO.01,False,0.0034182316,0.017792204,0.04441484,0.1373041,0.049126,0.06900086,0.063887164,0.04629282,0.05396167,0.036647063,0.019966979,0.022063287,0.035836853,0.055145428,0.20943323,0.09010555,0.045603715
99999E00012962,3,False,68,68.31,False,0.0,0.0,0.028443908,0.05770708,0.0,0.020788886,0.052433055,0.077693775,0.03618427,0.034631077,0.0004010992,0.0,0.091066584,0.14331189,0.09002544,0.2921965,0.07511649
99999E00012966,3,False,DO,DO.01,False,0.0,0.011396944,0.026461868,0.038726684,0.043459035,0.021025397,0.0,0.043213412,0.0,0.0,0.0,0.0,0.0,0.01814341,0.28186148,0.41489133,0.100820385
99999E00012971,4,False,DO,DO.01,False,0.0,0.0068073734,0.033109862,0.13335246,0.07239394,0.018550618,0.008246856,0.06250645,0.07306907,0.039824538,0.0,0.0,0.05851158,0.06250645,0.3045845,0.1189104,0.007625938
99999E00012974,4,False,DO,DO.01,False,0.0,0.003518031,0.0612359,0.0716459,0.006332252,0.105569825,0.080706395,0.22469997,0.042939555,0.058664326,0.006536157,0.00072148175,0.03023529,0.11732287,0.02291614,0.1062546,0.06070133
99999E00013131,4,False,DO,DO.01,False,0.0,0.005116567,0.03460418,0.01563738,0.0071023474,0.17640683,0.018353201,0.07599392,0.04296341,0.032915782,0.22331212,0.16933246,0.010330739,0.024638748,0.036677863,0.0620027,0.064611785
99999E00013163,3,False,DO,DO.02,False,0.0,0.0,0.0,0.0,0.0,0.0,0.16895261,0.17980048,0.28092268,0.07506234,0.0,0.0,0.29526183,0.0,0.0,0.0,0.0
99999E00013175,3,False,DO,DO.01,False,0.0029475878,0.0,0.2432514,0.11383173,0.027515389,0.010638734,0.013010516,0.043898493,0.04215736,0.13713823,0.0,0.0,0.03561783,0.16802621,0.10764865,0.019687144,0.034630727
99999E00013247,4,False,DO,DO.01,False,0.0,0.0,0.01653315,0.009095879,0.001647463,0.038358133,0.009174184,0.05338315,0.027400218,0.004116428,0.009534218,0.046378367,0.015016658,0.01732985,0.26108304,0.17996359,0.31098565
99999E00013314,3,False,DO,DO.01,False,0.0,0.0043165768,0.0246639,0.221912,0.18805762,0.018212693,0.034548387,0.0682976,0.06684122,0.035405394,0.0,0.0,0.047703166,0.027471514,0.20469303,0.041725155,0.016151672
99999E00013325,6,False,55,55.10,False,0.0,0.003945536,0.0,0.0,0.0,0.0,0.0,0.0024278988,0.03281305,0.0028154897,0.0,0.0,0.0,0.0,0.13120037,0.483563,0.34323466
99999E00013332,2,False,84,84.11,False,0.0,0.0028836157,0.0,0.0,0.0,0.0,0.0,0.0,0.0,0.0,0.0,0.0,0.0,0.0,0.9707252,0.026391193,0.0
99999E00013586,3,False,DO,DO.01,False,0.005551138,0.018623883,0.07984477,0.039999288,0.031411815,0.016137686,0.007187045,0.0527723,0.025160877,0.0044802953,0.0014497634,0.0,0.02042023,0.14449418,0.014777055,0.35528862,0.18240112
99999E00013590,6,False,DO,DO.02,False,0.0,0.0,0.0,0.0,0.0059834113,0.0074690674,0.0,0.017967492,0.009406538,0.0019060946,0.0,0.0034497962,0.0022904512,0.0,0.42932153,0.112752944,0.40945265
99999E00013601,3,False,96,96.0,False,0.0,0.0,0.0,0.0,0.0,0.015442537,0.22972368,0.68200284,0.0039988933,0.0,0.008529556,0.0,0.051304955,0.0060196114,0.0016591157,0.0,0.0013187842
99999E00013618,3,False,DO,DO.01,False,0.0,0.0034597833,0.06698925,0.037248593,0.0,0.028858084,0.025998937,0.042491898,0.00025128628,0.0,0.008782762,0.015582815,0.055807006,0.0431906,0.31009647,0.320197,0.04104547
99999E00013622,4,False,DO,DO.01,False,0.0,0.0068156584,0.036916215,0.07914119,0.03976658,0.023845265,0.024523014,0.04979968,0.06945235,0.0048890067,0.0020768014,0.0023563628,0.21217263,0.05616033,0.24679801,0.10782362,0.037463307
99999E00013651,3,False,DO,DO.01,False,0.0,0.09705147,0.050028384,0.029475223,0.07072086,0.06768031,0.0054823207,0.0042830454,0.007128552,0.023058044,0.014561331,0.016284898,0.0,0.021655194,0.23812811,0.28774136,0.06672099
99999E00013664,4,False,DO,DO.01,False,0.0021231335,0.01990974,0.017464316,0.016457161,0.15389735,0.026589394,0.00621715,0.06846975,0.05889681,0.024995737,0.005393638,0.019249463,0.029004471,0.10521126,0.28617254,0.09995888,0.059989244
99999E00013701,4,False,DO,DO.01,False,0.0,0.023518974,0.09915362,0.10647727,0.09306781,0.044513438,0.06156462,0.048275784,0.11043204,0.0070651695,0.016703669,0.0,0.041871183,0.103869475,0.120429546,0.08929398,0.033763465
99999E00013789,7,False,DO,DO.01,False,0.0,0.012598273,0.075603455,0.2663931,0.061222795,0.0006687392,0.0,0.020216925,0.030297756,0.0,0.0005222798,0.004034542,0.00053609675,0.08796684,0.14674957,0.2839323,0.009257341
99999E00013809,3,False,16,16.10,False,0.0,0.0,0.0,0.0,0.36828193,0.0,0.0,0.0,0.0,0.6317181,0.0,0.0,0.0,0.0,0.0,0.0,0.0
99999E00013823,4,False,DO,DO.01,False,0.00034368032,0.013380931,0.11116854,0.18081881,0.12869854,0.09008526,0.03216151,0.051446695,0.045796853,0.11691494,0.0026808602,0.010231867,0.023618545,0.033403665,0.033507884,0.108920254,0.016821183
99999E00013841,6,False,68,68.32,False,0.0,0.0,0.0,0.0,0.0054983795,0.002860986,0.0,0.003926087,0.004085388,0.0,0.0,0.0,0.0,0.0,0.91034865,0.029694252,0.043586284
99999E00013846,4,False,DO,DO.01,False,0.0,0.0038335132,0.015722923,0.0063774805,0.0068848943,0.023651496,0.015959382,0.034798916,0.0058832383,0.010465015,0.0,0.0,0.002429188,0.03350247,0.42409682,0.29279083,0.12360383
99999E00014022,4,False,DO,DO.01,False,0.0,0.008703326,0.06255193,0.04992181,0.10004025,0.0111536225,0.03322327,0.0220281,0.004097094,0.0045424434,0.0,0.0027036958,0.0034878843,0.018406784,0.32078823,0.28429478,0.074056685
99999E00014051,3,False,DO,DO.01,False,0.0026056818,0.013352376,0.24468677,0.1852577,0.13823003,0.0,0.009116403,0.05972864,0.112437956,0.036301885,0.028843643,0.0,0.07799628,0.06153659,0.024632055,0.0,0.005274067
99999E00014099,3,False,DO,DO.01,False,0.0,0.20556328,0.085277654,0.012564868,0.081191525,0.06726801,0.013964369,0.072906874,0.06098558,0.15217791,0.018346751,0.009112083,0.028419076,0.019531727,0.0,0.17269033,0.0
99999E00014136,7,False,DO,DO.01,False,0.00075887237,0.018539859,0.0010434495,0.00768697,0.001970019,0.008120611,0.0017723959,0.0022444325,0.0020168838,0.00013325436,0.0003359591,0.00015019347,0.0,0.007285513,0.8937263,0.02851982,0.025695506
99999E00014141,3,False,DO,DO.01,False,0.004934591,0.024788082,0.08697913,0.049179368,0.021874392,0.083210304,0.03130044,0.10690068,0.03532631,0.05142184,0.017188884,0.016876807,0.026245648,0.116251424,0.022825107,0.200327,0.10437003
99999E00014172,4,False,DO,DO.01,False,0.015913267,0.055007078,0.043343965,0.06443005,0.06665964,0.08194583,0.10315015,0.034571294,0.09486098,0.05371282,0.030673735,0.027928976,0.07308659,0.18202184,0.059932865,0.012761017,0.0
99999E00014303,4,False,DO,DO.01,False,0.0,0.0,0.17620817,0.09383442,0.008961022,0.1000071,0.073271476,0.08403215,0.036247835,0.019286936,0.01616856,0.023021959,0.03883982,0.1348363,0.04841129,0.10366702,0.04320596
99999E00014350,4,False,DO,DO.01,False,0.0,0.0011580901,0.11695774,0.016227525,0.011587587,0.0,0.0,0.0016417421,0.013720114,0.0012258459,0.0,0.0,0.004137564,0.074228756,0.029952541,0.6853606,0.043801926
99999E00014353,4,False,DO,DO.01,False,0.0004602511,9.689497e-05,0.07523013,0.09234971,0.07309403,0.0632614,0.010044043,0.058317553,0.04125083,0.037562214,0.004842546,0.0,0.0,0.15699847,0.13123102,0.2548668,0.00039418635
99999E00014354,4,False,DO,DO.01,False,0.0,0.0,0.20451267,0.08943259,0.041929316,0.07289042,0.05275818,0.11652859,0.013953214,0.030517384,0.0,0.0,0.0129851075,0.0369861,0.22223566,0.10527068,0.0
99999E00014419,4,False,DO,DO.01,False,0.0,0.013557844,0.024195243,0.073976025,0.13138843,0.08112479,0.01736075,0.045600746,0.08307869,0.011367094,0.004841463,0.0034803087,0.073634274,0.19572397,0.052016485,0.14355639,0.045097493
99999E00014444,4,False,DO,DO.01,False,0.0,0.0052671297,0.2272112,0.02363315,0.026070328,0.025485583,0.004598218,0.049359605,0.030411644,0.017008157,0.0017855017,0.010110629,0.017242216,0.06892518,0.07842301,0.27208924,0.14237924
99999E00014471,7,False,84,84.11,True,0.00337523,0.13363194,0.001399659,0.00090194086,0.026989069,0.002058223,0.0,0.007915416,0.04654514,0.060484376,0.0,0.0,0.0,0.0018737622,0.6132975,0.06357177,0.037955854
99999E00014505,4,False,DO,DO.01,False,0.0,0.0,0.031759113,0.04486518,0.016179921,0.06344871,0.020603945,0.051472858,0.049890973,0.01691795,0.021720672,0.046457786,0.01811353,0.009744128,0.1050315,0.25119722,0.2525965
99999E00014511,4,False,DO,DO.01,False,0.0,0.0,0.010800528,0.0,0.0,0.012673928,0.0103658885,0.010635575,0.0023571334,0.007974717,0.0,0.0,0.0018432902,0.0022085444,0.11331326,0.7692438,0.05858338
99999E00014530,7,False,70,70.2,False,0.0,0.0,0.0,0.0,0.0,0.0,0.0064687445,0.0,0.0,0.02143385,0.0,0.0,0.0024985448,0.0,0.9695989,0.0,0.0
99999E00014554,4,False,DO,DO.01,False,0.0,0.0,0.026447332,0.032989476,0.017030437,0.07257798,0.020853324,0.03571253,0.020447522,0.014155684,0.0040125153,0.0,0.012500237,0.17021523,0.35490093,0.16526406,0.052892763
99999E00014645,3,False,DO,DO.01,False,0.0,0.07771796,0.0,0.0,0.18547767,0.07734766,0.030415952,0.0,0.14280258,0.0,0.019638034,0.0,0.0,0.14963964,0.014153573,0.24779081,0.05501612
99999E00014649,4,False,DO,DO.01,False,0.0,0.03733699,0.055288963,0.05676259,0.011283208,0.0136809675,0.029441241,0.3092954,0.07209826,0.0141867455,0.00855763,0.0,0.018058127,0.08804274,0.2589019,0.0,0.027065339
99999E00014651,3,False,DO,DO.01,False,0.012909375,0.049740553,0.19237666,0.057314653,0.1177707,0.0684951,0.03335378,0.025064664,0.08624159,0.065461166,0.024871256,0.025033405,0.03641702,0.08071876,0.051762532,0.06397838,0.008490337
99999E00014660,4,False,DO,DO.01,False,0.00080064044,0.010674085,0.14089254,0.1437116,0.09887909,0.011326707,0.03610283,0.016648613,0.061302822,0.01874777,0.0,0.0052411677,0.11289031,0.17851254,0.106865324,0.055150002,0.0022539038
99999E00014662,4,False,DO,DO.01,False,0.0005877294,0.00039350122,0.18143433,0.13245352,0.021942737,0.013706959,0.04708141,0.038454656,0.0057890075,0.039675515,0.007426074,0.00167238,0.04049531,0.11110103,0.28138867,0.042813435,0.033583812
99999E00014676,3,False,DO,DO.01,False,0.00023386792,0.35543334,0.019943899,0.081881896,0.08020781,0.019747036,0.026885929,0.017173009,0.048056893,0.0,0.0029070668,0.0,0.048147187,0.019884693,0.21338965,0.037729703,0.028377945
99999E00014679,4,False,DO,DO.01,False,0.04608887,0.096424885,0.057239678,0.0028783192,0.03823848,0.04042047,0.11893157,0.0743832,0.021798437,0.02443829,0.0029403209,0.002265454,0.0045595244,0.03990299,0.31961265,0.05236537,0.057511527
99999E00014697,3,False,DO,DO.01,False,0.0,0.021425804,0.0040274668,0.039077096,0.08322245,0.018286305,0.0069759353,0.029331863,0.119088896,0.03335538,0.0,0.0,0.0773176,0.036035087,0.39904064,0.107024945,0.02579054
99999E00014698,4,False,DO,DO.01,False,0.0,0.0022108494,0.045360643,0.0745875,0.093929246,0.061163116,0.023593014,0.08377813,0.11079573,0.023793709,0.0079577835,0.0027747115,0.07025659,0.03871535,0.21110745,0.10593441,0.044041775
99999E00014734,3,False,DO,DO.01,False,0.0,0.0,0.08982807,0.074293464,0.4867613,0.018631471,0.052483466,0.093477726,0.10658759,0.0,0.0,0.0,0.0,0.0361448,0.0,0.041792035,0.0
99999E00014747,3,False,DO,DO.01,False,0.0,0.016959265,0.16151789,0.08485679,0.109734416,0.11906846,0.013232749,0.06741512,0.07907446,0.08134717,0.026826978,0.0,0.011552859,0.07326056,0.036784075,0.118369155,0.0
99999E00014765,7,False,55,55.10,False,0.0,0.008043353,0.018525545,0.038293324,0.0058649336,0.0006765321,0.0,0.0013872393,0.0072944616,0.0,0.0,0.0,0.0,0.00414654,0.17324941,0.7132183,0.02930042
99999E00014816,4,False,DO,DO.01,False,0.0,0.04572152,0.0,0.005182558,0.064366154,0.009048829,0.02071309,0.084950946,2.0258574e-05,0.01218631,0.0022959716,0.0,0.0048002424,0.012274616,0.21949747,0.3135975,0.20534453
99999E00014837,4,False,DO,DO.01,False,0.00041479644,0.039434325,0.059324317,0.056095313,0.076081425,0.03742273,0.031241253,0.12406965,0.093976684,0.032956082,0.0019407752,0.0,0.022714319,0.18444277,0.13642925,0.06377411,0.03968219
99999E00014907,3,False,DO,DO.01,False,0.0,0.0006896973,0.005110495,0.085735716,0.057646867,0.0919338,0.021549983,0.03939335,0.11882282,0.0,0.008238619,0.0045575122,0.16284919,0.14915217,0.051665064,0.17267635,0.02997837
99999E00014913,3,False,DO,DO.01,False,0.0,0.007681182,0.02081239,0.110993534,0.14553681,0.073839895,0.026165407,0.052145615,0.017046759,0.0,0.018052101,0.0,0.0177699,0.03457855,0.09618675,0.37919116,0.0
99999E00014957,6,False,DO,DO.01,False,0.0,0.0,0.0,0.0,0.0,0.0,0.0,0.03300721,0.008087458,0.0034872561,0.0,0.0,0.0,0.0,0.13985291,0.58805996,0.22750519
99999E00014973,3,False,DO,DO.01,False,0.0,0.0010348207,0.048180033,0.03833212,0.0155984005,0.13899694,0.2591769,0.2857075,0.013798876,0.05411313,0.0317941,0.023203569,0.0,0.025754478,0.0035229553,0.032421842,0.028364355
99999E00015000,4,False,DO,DO.01,False,0.0,0.0,0.0012326115,0.15898485,0.14760521,0.0,0.0,0.16268268,0.11300405,0.11665786,0.0,0.0,0.0,0.0,0.21649939,0.083333336,0.0
99999E00015039,4,False,DO,DO.01,False,0.0,0.0018727003,0.06132138,0.15387422,0.07395557,0.04444194,0.02907312,0.10605599,0.012148415,0.004856751,0.0,0.0,0.013724418,0.091889046,0.005571837,0.24301858,0.15819591
99999E00015044,7,False,DO,DO.02,False,0.0,0.06210756,0.0,0.0021843163,0.009385383,0.0032942798,0.0,0.005865385,0.005290133,0.0018747756,0.0,0.0,0.0,0.0,0.73340654,0.1328598,0.0437318
99999E00015060,4,False,DO,DO.01,False,0.0,0.0,0.07404943,0.15063417,0.14017774,0.0045103407,0.039616056,0.10016949,0.15558574,0.0260115,0.0,0.0,0.0,0.068600595,0.073293045,0.094528064,0.07282379
99999E00015064,4,False,DO,DO.01,False,0.0,0.0011870341,0.22668315,0.1155978,0.013041126,0.015609974,0.0013730217,0.055780847,0.01771567,0.012333494,0.0,0.0015177212,0.010272527,0.042524487,0.019870872,0.42437017,0.04212212
99999E00015078,4,False,DO,DO.01,False,0.004370223,0.006072158,0.029221358,0.22382917,0.086491674,0.01402757,0.036214538,0.034827854,0.039546292,0.021443143,0.0031895824,0.0,0.026361447,0.022599058,0.28467438,0.1483362,0.01879546
99999E00015079,3,False,DO,DO.01,False,0.0,0.0,0.0,0.0,0.0,0.0,0.0,0.0,0.0,0.0,0.0,0.0,0.0060105906,0.0,0.98732156,0.0,0.006667833
99999E00015099,4,False,DO,DO.01,False,0.0,0.0,0.1545006,0.062470842,0.014307029,0.03872184,0.010192792,0.031808104,0.033535566,0.064813495,0.01902542,0.012476388,0.0150240995,0.057725847,0.050019115,0.33681056,0.098568395
99999E00015117,4,False,DO,DO.01,False,0.019234303,0.048652552,0.0981448,0.044147052,0.0,0.06107481,0.055084098,0.05051563,0.03230733,0.19109134,0.01598835,0.007838043,0.0067595574,0.0,0.33386865,0.0,0.0352935
99999E00015120,3,False,DO,DO.01,False,0.00091016974,0.013199977,0.014648203,0.026168639,0.005818046,0.0008950841,0.0,0.00461622,0.09215846,0.0043547354,0.0,0.0,0.0046011345,0.024061669,0.6548948,0.05514824,0.098524615
99999E00015126,4,False,DO,DO.01,False,0.0017946346,0.030713404,0.014854543,0.008017661,0.01618738,0.11824501,0.109249316,0.22323112,0.028256107,0.05684824,0.0032626307,0.0027032152,0.009418077,0.05953456,0.17695735,0.05595092,0.084775835
99999E00015131,7,False,01,01.4,False,0.0,0.018889107,0.0,0.0043859077,0.008367734,0.0,0.0,0.0,0.0024048225,0.0,0.0,0.0,0.0,0.0,0.91226655,0.017054366,0.0366315
99999E00015156,3,False,DO,DO.01,False,0.0,0.005264228,0.00964912,0.026616873,0.26127884,0.03886568,0.005081483,0.027917702,0.11667369,0.015506778,0.0037698473,0.0,0.035252057,0.118788026,0.013658697,0.2521023,0.06957467
99999E00015166,4,False,DO,DO.01,False,0.0,0.03255377,0.099259794,0.113780536,0.12368494,0.022100078,0.0034876096,0.06311057,0.07593046,0.08653678,0.0020262136,0.0,0.03750643,0.06523275,0.11039529,0.13869464,0.025700102
99999E00015216,6,False,DO,DO.02,False,0.0,0.0,0.0,0.0,0.0,0.0043302714,0.0,0.0,0.0,0.0,0.0,0.0,0.0,0.0,0.4383583,0.34298208,0.21432935
99999E00015244,3,False,DO,DO.01,False,0.0,0.01768328,0.0,0.02563045,0.024024516,0.010656369,0.0012837134,0.012004525,0.0021395225,0.0,0.012313854,0.0,0.021305006,0.008063165,0.14992124,0.67237717,0.042597122
99999E00015260,4,False,DO,DO.01,False,0.0,0.057245873,0.010292055,0.036701117,0.0,0.019888103,0.0024774675,0.06417388,0.015645746,0.0,0.028232984,0.0,0.00012739487,0.021091616,0.38126278,0.11363311,0.24922787
99999E00015281,3,False,DO,DO.01,False,0.0032260201,0.0,0.25182807,0.12594712,0.025560005,0.030589288,0.009032856,0.09223108,0.04685173,0.0,0.02473282,0.0,0.0,0.31467757,0.07532343,0.0,0.0
99999E00015285,3,False,DO,DO.01,False,0.0,0.0019572598,0.04625146,0.0027344073,0.00067160884,0.019617373,0.037977878,0.12644155,0.0,0.013809557,0.022367772,0.08941032,0.022882672,0.024337824,0.20880316,0.2963554,0.08638168
99999E00015289,4,False,DO,DO.01,False,0.0,0.0019265413,0.04816121,0.012539904,0.0009366096,0.0005865401,0.0,0.012456445,0.020876657,0.0,0.0,0.0020980982,0.0,0.029646939,0.58367705,0.13153337,0.15556064
99999E00015636,5,False,DO,DO.01,False,0.0,0.060100947,0.2228938,0.095837496,0.23903291,0.0,0.0,0.038322534,0.0,0.28022185,0.0,0.0,0.0,0.03978689,0.023803586,0.0,0.0
99999E00015660,4,False,DO,DO.01,False,0.0,0.0024299226,0.0250257,0.003670367,0.0,0.09756749,0.03462964,0.02438734,0.016270895,0.015013174,0.05790697,0.021091005,0.007853842,0.011517298,0.035157435,0.48158598,0.16589299
99999E00015675,4,False,DO,DO.01,False,0.0,0.0,0.01266156,0.002115894,0.0,0.13262632,0.0031156135,0.1864299,0.05467691,0.010508141,0.0021022484,0.0,0.013506678,0.13796902,0.0054681404,0.13188945,0.30693012
99999E00015743,4,False,DO,DO.01,False,0.0,0.06917646,0.0446759,0.0663791,0.067650944,0.08489683,0.03709159,0.043857615,0.03901455,0.008166462,0.024099596,0.008271669,0.034152783,0.04400725,0.10740429,0.29780117,0.023353789
99999E00015834,4,False,DO,DO.01,False,0.0,0.0034319204,0.09023329,0.038685214,0.016007164,0.014091488,0.005290204,0.043112576,0.07924422,0.013009634,0.0013087804,0.001958883,0.010508834,0.027264062,0.027706038,0.5394204,0.088727266
99999E00015853,4,False,DO,DO.02,False,0.0,0.005552671,0.1226886,0.058825817,0.018717304,0.11564886,0.042605802,0.03036308,0.06677687,0.030532626,0.07027379,0.11672266,0.065342784,0.047328398,0.059285007,0.06931302,0.08002275
99999E00015910,3,False,DO,DO.01,False,0.004219819,0.004640184,0.047598258,0.052383956,0.0,0.0,0.0019563145,0.0,0.025464423,0.049004868,0.0,0.0,0.026677016,0.0024090153,0.6591648,0.12648138,0.0
99999E00015917,4,False,DO,DO.01,False,0.0,0.017151842,0.029855866,0.043795053,0.033477124,0.0,0.0,0.006347335,0.010299214,0.0,0.0,0.0,0.032142155,0.1766337,0.5402565,0.08727507,0.02276619
99999E00015959,4,False,84,84.24,False,0.0,0.0412326,0.06125974,0.08517867,0.025918035,0.007088373,0.0,0.008627562,0.015185319,0.050367583,0.0,0.013685898,0.0051213033,0.07661076,0.13656293,0.34911248,0.124048725
99999E00015964,7,False,DO,DO.01,False,0.0,0.00013904582,0.012672627,0.09308999,0.015733533,0.067108355,0.0037903036,0.04966356,0.025634734,0.00868633,0.0021891412,0.0,0.007643249,0.021051917,0.051869787,0.5271327,0.11359474
99999E00015970,3,False,DO,DO.01,False,0.0,0.024366712,0.06993735,0.16627367,0.12223179,0.08067245,0.009490806,0.019683648,0.11249527,0.029483108,0.007939062,0.0021363692,0.0,0.04349115,0.012065341,0.2786709,0.0210623
99999E00015979,3,False,DO,DO.01,False,0.0,0.0,0.08872164,0.064354025,0.0,0.02905325,0.11251203,0.14061457,0.17194274,0.052911554,0.0069492394,0.0,0.089117765,0.039443158,0.059872113,0.03347858,0.11102937
99999E00016020,4,False,DO,DO.01,False,0.0,0.06666804,0.024893016,0.015353369,0.039430678,0.12572199,0.015719915,0.034724556,0.06904798,0.010189626,0.005874936,0.003222269,0.099564105,0.04952052,0.15498717,0.16242012,0.12266172
99999E00016039,4,False,DO,DO.01,False,0.0,0.03577784,0.042984612,0.04836959,0.08392632,0.033542387,0.063058205,0.068360664,0.032975323,0.008388506,0.0,0.013605272,0.0,0.035460453,0.3225962,0.15535823,0.055596463
99999E00016060,4,False,DO,DO.01,False,0.0,0.0014698554,0.05881896,0.07818425,0.0482179,0.102421775,0.106023386,0.09935381,0.15330377,0.04404727,0.011675727,0.058772516,0.03135634,0.15072691,0.008412443,0.036585145,0.010629922
99999E00016076,3,False,DO,DO.01,False,0.0,0.01094285,0.08996469,0.029225122,0.027180182,0.23192205,0.073023036,0.15217514,0.06454818,0.07680168,0.030737504,0.0146361925,0.015100742,0.029124836,0.035178967,0.058804132,0.060634665
99999E00016092,4,False,DO,DO.01,False,0.0,0.004157879,0.11252878,0.08031264,0.0419316,0.04424531,0.025391743,0.083132215,0.04960429,0.026779624,0.009352273,0.016901022,0.025045276,0.17288159,0.0075447126,0.22883236,0.07135872
99999E00016094,2,False,DO,DO.02,False,0.0,0.0,0.0,0.0,0.0,0.0,0.0,0.0,0.0,0.0,0.0,0.0,0.0,0.0,0.9921462,0.007853853,0.0
99999E00016124,4,False,DO,DO.01,False,0.006801098,0.02048218,0.10225806,0.11282998,0.1398273,0.012351827,0.026067423,0.039943755,0.1644836,0.07823481,0.00998224,0.00027512052,0.060564972,0.042917814,0.120781854,0.045283455,0.016914489
99999E00016126,4,False,DO,DO.01,False,0.004534637,0.052851755,0.112551466,0.081533335,0.1494163,0.01451084,0.021503288,0.053298254,0.033706386,0.04836823,0.0,0.0,0.054297637,0.14074427,0.057250727,0.11813381,0.057299048
99999E00016129,4,False,DO,DO.01,False,0.0,0.017341075,0.018887375,0.028322574,0.056432188,0.008558655,0.052191436,0.049112726,0.009500015,0.028219178,0.0,0.0,0.007651246,0.0030015477,0.6761044,0.040162098,0.0045154393
99999E00016141,4,False,DO,DO.01,False,0.0,0.016352948,0.06050421,0.0938569,0.0067403773,0.09744762,0.019627187,0.0130812265,0.008232786,0.009867389,0.16558439,0.3574709,0.016849998,0.09461569,0.012546426,0.0184544,0.008767587
99999E00016150,4,False,DO,DO.01,False,0.0,0.0,0.0,0.1392694,0.0,0.0,0.0,0.0,0.128732,0.033368457,0.0,0.0,0.003336846,0.0,0.6952933,0.0,0.0
99999E00016202,4,False,DO,DO.01,False,0.0056928014,0.010812075,0.09255487,0.081557065,0.015333855,0.028526101,0.007532668,0.050853953,0.15244965,0.14449705,0.03248361,0.016289735,0.052861575,0.08588549,0.13833639,0.042940564,0.041392636
99999E00016300,4,False,68,68.20,False,0.0,0.012498155,0.025429094,0.083725505,0.015115082,0.004639283,0.0,0.004558389,0.007986281,0.016037276,0.0,0.0,0.033595365,0.19649203,0.5686721,0.028581945,0.0026695086
99999E00016301,4,False,68,68.20,False,0.0,0.0035621189,0.1370179,0.07917397,0.11233042,0.023262383,0.072956264,0.029025555,0.04658629,0.051434133,0.017229255,0.012946424,0.0801483,0.121297866,0.067414075,0.13436358,0.011251374
99999E00016303,4,False,68,68.20,False,0.0,0.004445523,0.1768167,0.14875934,0.21067668,0.012758024,0.025457479,0.010918103,0.056210447,0.02983872,0.0109838145,0.007985372,0.05132494,0.12027341,0.100814246,0.032395754,0.00034141395
99999E00016367,4,False,DO,DO.01,False,0.02190293,0.19888647,0.038784802,0.059863698,0.10995057,0.033265945,0.0036284581,0.017491689,0.09275044,0.058792647,0.00019499272,0.018454466,0.0061647696,0.027103517,0.19815478,0.08064355,0.033966232
99999E00016369,7,False,DO,DO.02,False,0.0,0.012384819,0.012328124,0.015761673,0.017122393,0.03939965,0.0033292286,0.007819604,0.012822518,0.016176693,0.011425512,0.1489739,0.0,0.019517262,0.5230132,0.09951399,0.06041143
99999E00016420,5,False,81,81.22,False,0.0019549145,0.042661857,0.016288549,0.02812624,0.010164112,0.030752027,0.06428134,0.18082596,0.1520072,0.08972408,0.034156896,0.001348963,0.04786294,0.06213886,0.17438412,0.06177097,0.0015509469
99999E00016429,4,False,DO,DO.01,False,0.0,0.0,0.025972098,0.009069351,0.0,0.020199295,0.027738558,0.06938112,0.062117625,0.028084107,0.0016900076,0.0,0.014560373,0.0222876,0.33693883,0.24590845,0.13605262
99999E00016467,4,False,DO,DO.01,False,0.0,0.0,0.05215936,0.08602154,0.0066742697,0.36679712,0.020462118,0.014542267,0.07833026,0.009237697,0.07684557,0.0123273,0.019769678,0.032510154,0.0078222,0.15062095,0.06587951
99999E00016486,4,False,DO,DO.01,False,0.0,0.0021305538,0.028210165,0.33137643,0.0748236,0.051880397,0.006960652,0.031505253,0.057465367,0.0,0.007595381,0.016698569,0.12201348,0.07283262,0.004909439,0.17235337,0.019244611
99999E00016501,3,False,DO,DO.01,False,0.00020829668,0.005552184,0.17740053,0.047398265,0.02162694,0.10875241,0.044126574,0.07367956,0.078427285,0.114247136,0.012935941,0.02899274,0.04943096,0.059867334,0.0816523,0.07336352,0.022338023
99999E00016524,4,False,DO,DO.01,False,0.00016230374,0.030503463,0.05239036,0.056372426,0.04085876,0.023887575,0.025674522,0.037112918,0.05203843,0.040582363,0.0049976697,0.0031560846,0.0035996072,0.044757266,0.47621363,0.06835237,0.039340176
99999E00016687,3,False,DO,DO.01,False,0.0,0.0,0.018957602,0.08471996,0.012746984,0.029675886,0.02599454,0.24401513,0.09843287,0.01922298,0.0,0.0,0.057904135,0.00436177,0.15094516,0.18801644,0.06500647
99999E00016714,4,False,DO,DO.01,False,0.027433947,0.0,0.12791292,0.24203923,0.13309477,0.023941465,0.02896553,0.014134679,0.10311515,0.025001973,0.015362266,0.013640393,0.06154885,0.10964063,0.07416819,0.0,0.0
99999E00016742,4,False,DO,DO.01,False,0.0,0.02997614,0.046817686,0.05423483,0.16478297,0.00043706433,0.042081203,0.22148478,0.030241616,0.014905513,0.007973996,0.0,0.03121287,0.02886891,0.17535023,0.073028594,0.078603595
99999E00016774,3,False,DO,DO.01,False,0.0,0.016417747,0.027395902,0.04015874,0.055761304,0.055243004,0.007717415,0.05627121,0.1448093,0.027905812,0.0072880173,0.0,0.012397178,0.063861154,0.18422833,0.17744185,0.12310292
99999E00016786,3,False,DO,DO.01,False,0.0,0.004683275,0.094452225,0.15573746,0.02019817,0.112779565,0.06828226,0.049716424,0.029502768,0.022124754,0.012371028,0.00090753933,0.0051664696,0.065008305,0.08052011,0.20200647,0.07654303
99999E00016793,6,False,DO,DO.02,False,0.0,0.0,0.0,0.0,0.004331031,0.0037033956,0.0,0.0,0.0,0.0,0.0,0.0,0.0,0.0,0.7774807,0.15676321,0.05772165
99999E00016798,7,False,DO,DO.02,False,0.0,0.016273249,0.005847337,0.013137286,0.021552235,0.016549068,0.0,0.01364713,0.0061264983,0.0,0.0,0.0011199875,0.0016783094,0.007408633,0.61918753,0.16978508,0.10768763
99999E00016805,4,False,DO,DO.02,False,0.0,0.0098720845,0.019507915,0.012015254,0.0058051236,0.003931958,0.0,0.029751256,0.0019069156,0.028367477,0.0018225388,0.0,0.014057172,0.016790982,0.7689932,0.06692767,0.02025043
99999E00016806,4,False,DO,DO.02,False,0.0,0.0059142234,0.0035400116,0.015039722,0.024411773,0.015054941,0.0026359847,0.016619487,0.014181353,0.0,0.0,0.0,0.0027942653,0.0049432316,0.40153104,0.35057986,0.14275408
99999E00016807,7,False,DO,DO.02,False,0.0,0.0019631404,0.0,0.0,0.0020391704,0.0015901371,0.0,0.002317948,0.00097409706,0.0,0.0,0.0,0.00076095236,0.0,0.9322954,0.04360823,0.014450948
99999E00016814,3,False,DO,DO.01,False,0.0,0.15388812,0.23608463,0.1222056,0.045576353,0.023305137,0.031399745,0.009610137,0.03524159,0.082757644,0.015791554,0.0046526324,0.012265629,0.09033309,0.00420195,0.093414955,0.03927122
99999E00016820,4,False,DO,DO.01,False,0.0,0.00085169595,0.11029378,0.073850125,0.018560903,0.17606397,0.047762565,0.09320602,0.021674434,0.014333352,0.030488659,0.057451397,0.0067196353,0.065673955,0.03254201,0.14053902,0.1099885
99999E00016831,4,False,DO,DO.01,False,0.0,0.09697707,0.009766993,0.06363588,0.018070914,0.023386797,0.0146565065,0.042423923,0.03378819,0.004908425,0.0,0.0,0.009521141,0.09143253,0.47066382,0.096643545,0.024124352
99999E00016833,4,False,DO,DO.01,False,0.0,0.006841662,0.0016701568,0.0,0.0076192277,0.12134019,0.11214282,0.073004566,0.0,0.0,0.06837828,0.22680546,0.00221614,0.010723359,0.023116874,0.2798226,0.06631857
99999E00016879,7,False,74,74.90,False,0.119056046,0.33002347,0.0063899476,0.15411766,0.10556805,0.00091618637,0.0,0.011594337,0.053052116,0.018742539,0.0,0.0,0.003974827,0.0076715685,0.07100741,0.09251147,0.025374252
99999E00016906,4,False,DO,DO.01,False,0.0,0.011386808,0.0071443077,0.022701044,0.01973104,0.06582721,0.005499002,0.060612954,0.06002916,0.007929832,0.0028066682,0.0050160694,0.014279354,0.015125833,0.077356815,0.33366483,0.29088908
99999E00017069,3,False,DO,DO.01,False,0.0,0.0,0.08713799,0.07386244,0.012438239,0.06479901,0.013767712,0.14742446,0.039098006,0.013761322,0.02351505,0.011620103,0.058886696,0.24193847,0.013972247,0.11394476,0.083833486
99999E00017072,3,False,DO,DO.01,False,0.0,0.044044174,0.12911393,0.20070489,0.013443818,0.021453075,0.07590901,0.04874427,0.07613231,0.03339297,0.0,0.0,0.050802402,0.08487604,0.07966478,0.120101154,0.021617187
99999E00017108,4,False,DO,DO.01,False,0.0,0.01863162,0.07426683,0.13495438,0.100293465,0.013587534,0.00985411,0.013507451,0.037540235,0.029519811,0.007861492,0.035186823,0.041145686,0.053136077,0.27122396,0.12060975,0.03868082
99999E00017109,4,False,DO,DO.01,False,0.0,0.0,0.0018675047,0.0,0.0,0.14112483,0.05201882,0.12745412,0.06784319,0.0192997,0.020687249,0.00749069,0.045685716,0.025886677,0.16864388,0.26390016,0.058097415
99999E00017123,4,False,DO,DO.01,True,0.00054065336,0.05632709,0.13557997,0.054268032,0.008304468,0.18827221,0.020153888,0.019274073,0.041215688,0.10082162,0.1354118,0.043156743,0.005044493,0.0152201755,0.022921376,0.06252995,0.090957806
99999E00017133,4,False,DO,DO.01,False,0.038562953,0.10516134,0.027730348,0.12147703,0.103371605,0.04260075,0.012957653,0.051787734,0.008618284,0.010682172,0.027290996,0.03979735,0.0022979747,0.008783479,0.12966932,0.16509989,0.10411112
99999E00017147,4,False,DO,DO.01,False,0.0,0.0,0.034610014,0.0068563796,0.0,0.16450916,0.09076299,0.031375907,0.09117716,0.013012573,0.005109938,0.0,0.112322666,0.111083254,0.030123496,0.23052666,0.07852985
99999E00017174,7,False,74,74.20,False,0.0,0.0,0.039865807,0.0012761295,0.008267553,0.004702417,0.0,0.034729183,0.010199404,0.41216737,0.0,0.0,0.0020538464,0.006314032,0.4140398,0.03844039,0.027944027
99999E00017234,7,False,DO,DO.01,False,0.0,0.0,0.0,0.0,0.0,0.0021615692,0.0,0.0,0.0,0.0,0.0,0.0,0.0,0.0,0.99583817,0.002000258,0.0
99999E00020015,4,False,DO,DO.01,False,0.0,0.0,0.011270711,0.014300603,0.0,0.010362449,0.002238434,0.047953643,0.056162238,0.0,0.0,0.0,0.012482065,0.01102099,0.398988,0.3278012,0.107419655
99999E00020211,4,False,DO,DO.01,False,0.024114883,0.03910439,0.060372952,0.09487317,0.12701114,0.020694597,0.020582568,0.03304248,0.021203559,0.012610661,0.020542461,0.02704695,0.025544956,0.04820487,0.31096524,0.08374237,0.030342761
99999E00020263,3,False,DO,DO.01,False,0.0,0.0,0.05047891,0.24968456,0.002315678,0.081665285,0.0,0.025479624,0.039689142,0.057375755,0.0,0.0,0.12774226,0.099308886,0.13609447,0.12041525,0.009750222
99999E00020279,4,False,DO,DO.01,False,0.0,0.026343735,0.04148571,0.053200137,0.0584037,0.016214909,0.0,0.0027281183,0.053467456,0.029848177,0.0,0.0,0.042342592,0.022502398,0.6047524,0.0423133,0.006397346
99999E00020287,4,False,DO,DO.01,False,0.0,0.005083455,0.12470414,0.009121892,0.0034910473,0.0034540442,0.0037845196,0.06157947,0.03529071,0.018233577,0.0033608987,0.0,0.05013149,0.037068132,0.0039937785,0.6282558,0.012447064
99999E00020341,6,False,53,53.10,False,0.00013531465,0.0,0.0,0.0,0.0,0.0020378525,0.0,0.56243956,0.0018566797,0.0,0.0,0.0,0.002877526,0.0037745785,0.39678594,0.0,0.030092487
99999E00020380,4,False,47,47.71,False,0.0,0.0012339666,0.00620115,0.0013167541,0.0,0.004267456,0.015397056,0.03753125,0.029234927,0.7992049,0.0,0.0,0.0032937175,0.000674167,0.04372882,0.0077311983,0.050184697
99999E00020425,4,False,74,74.10,False,0.0,0.0,0.0,0.0,0.0,0.0,0.047432862,0.13279781,0.40032816,0.067085765,0.0,0.0,0.11262808,0.16226275,0.0,0.0015024508,0.07596214
99999E00020434,6,False,16,16.23,False,0.0,0.0,0.0,0.0,0.0,0.0029017504,0.0,0.069155686,0.0,0.0,0.0,0.0,0.0,0.0,0.11477388,0.0,0.8131687
99999E00020458,6,False,91,91.04,False,0.0,0.009655385,0.0,0.0,0.0,0.0018727584,0.0,0.13066967,0.012284219,0.07465968,0.00060420565,0.0,0.0005761399,0.0089459615,0.33942172,0.076293334,0.3450169
99999E00020529,6,False,64,64.19,False,0.0,0.0,0.0,0.0,0.0,0.0,0.0,0.0,0.0,0.0,0.0,0.0,0.0,0.0,0.24410793,0.0019087581,0.7539833
99999E00020538,4,False,DO,DO.01,False,0.0,0.0,0.05052328,0.01572456,0.010830063,0.09097785,0.00666395,0.036594957,0.040162478,0.015530447,0.011892651,0.0021457772,0.00611938,0.036723375,0.027204035,0.4550339,0.19387329
99999E00020542,4,False,DO,DO.01,False,0.0,0.007934367,0.08679539,0.117540814,0.10346806,0.020905726,0.007175635,0.026167762,0.039190643,0.007566423,0.0017216079,0.0020492093,0.030523788,0.03417844,0.23071685,0.21503817,0.06902715
99999E00020571,5,False,96,96.02,False,0.0,0.0,0.0,0.0,0.0,0.0,0.02981369,0.4145326,0.077786185,0.0,0.0,0.0,0.0775981,0.047847815,0.34121493,0.0058876467,0.0053191152
99999E00020601,4,False,DO,DO.01,False,0.0,0.016520169,0.14546306,0.049250998,0.13539998,0.0,0.011258377,0.097412385,0.022202205,0.02346292,0.0022320473,0.0,0.0,0.011799403,0.2798263,0.12449641,0.0806758
99999E00020650,4,False,DO,DO.01,False,0.0,0.0034171266,0.0,0.0053186784,0.010357613,0.018774722,0.0,0.024298782,0.0012004207,0.0,0.0025318605,0.0050283107,0.010237216,0.004412166,0.83005726,0.064897075,0.01946877
99999E00020739,3,False,DO,DO.01,False,0.0,0.0,0.050043426,0.21407516,0.29702413,0.012371873,0.029425643,0.023202144,0.014947217,0.023923362,0.003098227,0.0,0.26511025,0.0068966355,0.0,0.039492626,0.020389399
99999E00020774,4,False,01,01.41,False,0.0,0.0,0.11780934,0.0,0.0,0.02412629,0.01048269,0.03504252,0.005679844,0.008210954,0.010958897,0.743691,0.0012244593,0.031173768,0.0034433678,0.0,0.008156871
99999E00020852,7,False,DO,DO.01,False,0.0,0.035225414,0.0028890239,0.0019255372,0.028041625,0.0012678966,0.0,0.0,0.0,0.0,0.0,0.0,0.0,0.0073417393,0.89539784,0.015280811,0.012630147
99999E00020859,6,False,55,55.10,False,0.0,0.0,0.0,0.0,0.0,0.0,0.0,0.0,0.005970226,0.0,0.0,0.0,0.0,0.0039590066,0.073609054,0.4422341,0.47422764
99999E00020897,4,False,DO,DO.01,False,0.0,0.036595754,0.06704895,0.07581398,0.05242796,0.018046442,0.04606642,0.04952971,0.047977854,0.013161061,0.008762325,0.0,0.0070915087,0.041278362,0.2741329,0.2366747,0.025392087
99999E00020898,7,False,DO,DO.01,False,0.0,0.050597765,0.0,0.012324165,0.0504539,0.0077667297,0.0,0.008303457,0.010363412,0.0,0.0,0.001905815,0.0,0.010664976,0.33552778,0.39725134,0.11484057
99999E00020906,6,False,DO,DO.01,False,0.0,0.0,0.013904245,0.0,0.012048328,0.0020033303,0.0,0.023348246,0.0028235617,0.0,0.0026175587,0.0,0.0023094993,0.03515277,0.7611634,0.108249746,0.03637934
99999E00020964,7,False,77,77.21,False,0.0052648047,0.0136159,0.005781717,0.0150174,0.033174638,0.60013354,0.012629506,0.0827916,0.018151708,0.0034797408,0.00339912,0.007969059,0.0094279945,0.040082805,0.07954819,0.019085374,0.05044682
99999E00020974,4,False,DO,DO.01,False,0.0,0.12319891,0.0,0.6716357,0.0,0.0362483,0.017625736,0.020389669,0.0,0.0,0.0,0.0,0.03738106,0.0,0.07435432,0.0,0.019166289
99999E00021047,3,False,DO,DO.01,False,0.0,0.091616824,0.1571335,0.23140523,0.20891443,0.0,0.0028739572,0.05517163,0.04304774,0.030756908,0.0,0.0,0.048493553,0.034656424,0.0042214976,0.07806391,0.01364434
99999E00021087,4,False,DO,DO.01,False,0.0,0.0,0.042764388,0.008706446,0.0071820044,0.036105778,0.010924603,0.19377671,0.055970624,0.007496434,0.0018195515,0.0,0.016438456,0.035882425,0.0052581686,0.25428617,0.3233883
99999E00021135,5,False,25,25.62,False,0.0,0.0,0.0004609128,0.0,0.0,0.028407237,0.017947711,0.7340406,0.15057296,0.0037268526,0.00023780871,0.0,0.017883822,0.0,0.035071965,0.0033303357,0.008319754
99999E00021136,4,False,DO,DO.01,False,0.0,0.0,0.039128035,0.023427844,0.0,0.020893477,0.028387854,0.028472297,0.008639644,0.0098999655,0.0,0.012636997,0.00404063,0.0049251774,0.11479696,0.10948967,0.59526145
99999E00021184,3,False,DO,DO.01,False,0.0,0.0,0.05787174,0.0,0.0,0.0,0.0,0.14925233,0.0,0.050626226,0.0038801127,0.0,0.057779364,0.051893204,0.118462205,0.34340313,0.16683163
99999E00021245,4,False,DO,DO.01,False,0.0,0.00059895514,0.045756917,0.15897945,0.006144013,0.057205588,0.025443926,0.03758194,0.030617092,0.009752191,0.0037111512,0.0,0.055494286,0.2495891,0.010389669,0.26084405,0.047891594
99999E00021268,4,False,DO,DO.01,False,0.0,0.0,0.0772757,0.039112244,0.0013052927,0.07812219,0.03374487,0.1922407,0.017188331,0.02639475,0.017971156,0.011988673,0.009461507,0.11733937,0.015339934,0.20841965,0.15409568
99999E00021272,7,False,DO,DO.01,True,0.00026560252,0.080082595,0.02369396,0.047132235,0.017418336,0.113747716,0.005525372,0.067207746,0.018548673,0.013846821,0.028075255,0.047525298,0.033822726,0.022994844,0.20899637,0.12494004,0.14617641
99999E00021315,4,False,DO,DO.01,False,0.0,0.049061164,0.0,0.031493943,0.015067513,0.00689498,0.007019041,0.017026542,0.011959607,0.004644547,0.0,0.0,0.0031702248,0.003034045,0.34979224,0.37861165,0.12222446
99999E00021401,3,False,DO,DO.01,False,0.0,0.003530853,0.03928836,0.055889614,0.056977894,0.028552512,0.007656917,0.032757938,0.061979145,0.035056483,0.0035161562,0.0019134945,0.015110287,0.048856568,0.13764668,0.3834969,0.08777017
99999E00021427,4,False,DO,DO.01,False,0.0,0.0,0.012962297,0.031141143,0.022030808,0.0361368,0.0051564244,0.0468104,0.030724186,0.0036467488,0.0037892207,0.0,0.029562192,0.04180037,0.48825786,0.13968617,0.10829537
99999E00021513,4,False,DO,DO.01,False,0.0,0.0,0.044911902,0.095597796,0.042954728,0.037762966,0.014009331,0.08860391,0.1013954,0.049382303,0.0096447,0.006672993,0.037873354,0.050479494,0.06082502,0.27580094,0.08408525
99999E00021541,6,False,53,53.10,False,0.0,0.0373611,0.0,0.0017716261,0.0017988901,0.0058264714,0.0012808763,0.14156272,0.0012228747,0.0,0.0,0.0,0.0,0.0041377945,0.46422404,0.08466362,0.25614998
99999E00021609,4,False,41,41.20,False,0.0,0.005575166,0.018994814,0.0,0.0,0.04558773,0.004967452,0.19252282,0.06650709,0.0,0.008673248,0.037594818,0.0019155998,0.03341043,0.14928642,0.1758246,0.2591398
99999E00021618,4,False,47,47.78,False,0.0,0.0026021875,0.027330995,0.16616967,2.7676959e-05,0.0,0.0038780947,0.018667553,0.022856738,0.62078416,0.0,0.0,0.0,0.0037070517,0.010837743,0.1231381,0.0
99999E00021646,5,False,47,47.74,False,0.006021535,0.0,0.17828164,0.20187214,0.0016138379,0.0,0.21595624,0.14393514,0.01440091,0.0060734176,0.0,0.0,0.010831038,0.020633282,0.15848619,0.040307317,0.0015873454
99999E00021663,4,False,DO,DO.01,False,0.0,0.003691405,0.049334604,0.1115802,0.23010318,0.03889365,0.015479746,0.022066515,0.017498204,0.006184547,0.0036788029,0.0046323715,0.0047888495,0.041219816,0.21350183,0.17573082,0.061615482
99999E00021701,4,False,DO,DO.01,False,0.00031911573,0.0055007287,0.06716506,0.0331712,0.011964161,0.06264081,0.012766926,0.04279135,0.106303036,0.053341303,0.036217723,0.006191763,0.016257301,0.024132648,0.20386215,0.2144343,0.102940455
99999E00021715,4,False,DO,DO.01,True,0.10642612,0.3963065,0.12421767,0.03470161,0.14227368,0.03107278,0.03376135,0.104339905,0.0046131695,0.0037169806,0.0,0.007213587,0.00088149746,0.0013075544,0.004627861,0.0045397114,0.0
99999E00021731,3,False,DO,DO.01,False,0.0044909846,0.009250472,0.18575244,0.19968884,0.020928504,0.10144992,0.023414912,0.066566624,0.014131338,0.008301518,0.047992114,0.013734101,0.060972203,0.060600713,0.11776238,0.06256115,0.0024018122
99999E00021801,3,False,01,01.4,False,0.0,0.0009375392,0.0026251096,0.0014792285,0.0,0.0,0.52845955,0.095108144,0.054002255,0.0,0.0,0.0,0.15408976,0.012417185,0.08198259,0.068898715,0.0
99999E00021851,4,False,DO,DO.01,False,0.0,0.0,0.007941647,0.0283191,0.021381358,0.0017125448,0.0065284413,0.021631826,0.06631275,0.011623314,0.0022134797,0.0,0.00753031,0.01791147,0.5995923,0.17415829,0.03314314
99999E00021878,3,False,DO,DO.01,False,0.0,0.0,0.105836935,0.5060943,0.1325553,0.0,0.0,0.020838547,0.0,0.0,0.0,0.0,0.16118598,0.073488936,0.0,0.0,0.0
99999E00021881,6,False,55,55.10,False,0.0,0.0,0.0,0.0,0.0,0.0,0.0,0.00066973973,0.0,0.0,0.0,0.0,0.0,0.0,0.073462985,0.80736774,0.1184995
99999E00021886,4,False,56,56.30,True,0.0,0.03590379,0.00504514,0.0029776734,0.0065329797,0.030444676,0.0,0.007617686,0.0,0.0,0.018664125,0.053189736,0.0,0.0,0.043237846,0.15773962,0.6386467
99999E00021967,3,False,DO,DO.01,False,0.0,0.0036953825,0.046591382,0.030582985,0.01130787,0.015032815,0.02127062,0.0067699403,0.0033997516,0.001980725,0.012386922,0.0,0.029119613,0.022216637,0.78664345,0.0,0.009001952
99999E00022005,3,False,DO,DO.01,False,0.0,0.0,0.015475388,0.080864646,0.052537575,0.021114117,0.015846357,0.08129066,0.06099148,0.01321128,0.0,0.0,0.055772785,0.36581245,0.02006164,0.16433565,0.05268596
99999E00022043,4,False,94,94.99,False,0.0,0.0036602411,0.0068374434,0.014147593,0.0016144322,0.0,0.004107116,0.45182663,0.09620208,0.20769864,0.0,0.00014723623,0.002249873,0.038160015,0.024474794,0.08386265,0.065011255
99999E00022044,4,False,DO,DO.01,False,0.0040977476,0.0,0.07481278,0.06984519,0.18979435,0.0035201216,0.05136795,0.0,0.059046984,0.056056917,0.0,0.0,0.16046454,0.085379936,0.18635578,0.058931455,0.0003261889
99999E00022065,6,False,56,56.30,True,0.0,0.3469351,0.0031369182,0.0,0.00093294744,0.0,0.0,0.0,0.018060146,0.0,0.0,0.0,0.0,0.0,0.5117806,0.061477613,0.05767661
99999E00022088,4,False,DO,DO.01,False,0.0022411007,0.06003059,0.008983239,0.021899626,0.031191705,0.041993678,0.01844406,0.1736572,0.12390609,0.101137474,0.014003914,0.0058759875,0.022150416,0.06565166,0.19442181,0.056642883,0.05776859
99999E00022092,4,False,DO,DO.01,False,0.0,0.025278877,0.036979143,0.010275085,0.24904522,0.0028208052,0.009234114,0.07724868,0.15595537,0.026457772,0.0,0.0,0.04289659,0.04582577,0.18464288,0.13333967,0.0
99999E00022097,6,False,84,84.1,False,0.0,0.0,0.0,0.0,0.0,0.0015889631,0.0,0.0117862765,0.0,0.0,0.0,0.0,0.0,0.0,0.25552186,0.023226079,0.7078768
99999E00022126,6,False,47,47.11,False,0.0,0.0,0.0,0.0,0.0,0.01651487,0.0,0.015155706,0.011941635,0.033955127,0.0,0.0,0.0,0.005474661,0.076111086,0.058568586,0.7822783
99999E00022149,4,False,43,43.22,False,0.0,0.0,0.0054119993,0.0,0.0,0.031074788,0.017285904,0.18653327,0.03317184,0.031808343,0.017683212,0.09950171,0.007949185,0.0040023597,0.092997804,0.01896189,0.4536177
99999E00022163,4,False,DO,DO.02,False,0.0,0.020790061,0.0085043665,0.010975203,0.048183948,0.0007033192,0.0046176724,0.020356745,0.03403064,0.013448674,0.0,0.0,0.003164936,0.018827617,0.58856225,0.18003653,0.04779804
99999E00022211,4,False,DO,DO.01,False,0.0,0.0014355732,0.042591847,0.0180775,0.006141394,0.05068824,0.034300074,0.076281354,0.033404775,0.0047886195,0.0068681156,0.0,0.028390395,0.06405456,0.019961616,0.2832225,0.32979345
99999E00022227,4,False,DO,DO.01,False,0.0,0.0,0.018499857,0.031344745,0.009561742,0.047933243,0.04944163,0.11933186,0.04374834,0.019156856,0.0,0.0,0.024456128,0.07971805,0.04577435,0.2681787,0.2428545
99999E00022316,4,False,DO,DO.01,False,0.00043058654,0.07353244,0.17065515,0.029250527,0.044565707,0.024024772,0.012807992,0.008224204,0.030438555,0.0537235,0.008793753,0.0012271716,0.012598571,0.045587372,0.13932803,0.33929047,0.005521294
99999E00022347,4,False,96,96.02,False,0.0,0.0,0.0077646333,0.0,0.0,0.0,0.0024162997,0.4768288,0.17919677,0.26569825,0.0,0.0,0.00037608278,0.032572746,0.02792665,0.0,0.0072197625
99999E00022354,6,False,47,47.11,False,0.0,0.0006303555,0.000709129,0.0,0.0,0.0015008064,0.00088504795,0.16344093,0.0054458557,0.22173665,0.0,0.0,0.015023416,0.0013319342,0.029469328,0.001256852,0.5585697
99999E00022366,4,False,DO,DO.01,False,0.0,0.015506547,0.0062283603,0.009338219,0.018893989,0.011077203,0.0,0.013926044,0.020900713,0.0,0.0,0.0,0.0020410619,0.0066269673,0.43591702,0.35293803,0.10660586
99999E00022387,4,False,DO,DO.01,False,0.0,0.0,0.084159166,0.09129375,0.007361008,0.009601229,0.0071787015,0.018443393,0.05623781,0.18116668,0.004064579,0.0,0.041113555,0.18174085,0.111047015,0.17017512,0.036417067
99999E00022393,4,False,DO,DO.01,False,0.0,0.019971754,0.040988527,0.082857825,0.035362758,0.018906882,0.067751095,0.040681697,0.013379478,0.016626433,0.0043641683,0.0,0.023564342,0.034074984,0.4003718,0.16742216,0.03367611
99999E00022435,5,False,84,84.1,False,0.0,0.0,0.0028073282,0.0042354553,0.0046227444,0.010195686,0.010122038,0.112967804,0.4817635,0.060075074,0.0,0.0,0.010983652,0.0023762635,0.039290752,0.14855252,0.112007305
99999E00022494,6,False,53,53.10,False,0.0,0.0,0.0,0.0,0.0,0.0,0.0,0.14559552,0.0039208974,0.0,0.0,0.0,0.0,0.019540241,0.4696185,0.0,0.36132488
99999E00022502,3,False,DO,DO.01,False,0.0,0.054961354,0.030770065,0.14662418,0.12757668,0.030770067,0.057030972,0.25232154,0.020536764,0.06794033,0.007812899,0.0,0.0,0.016333742,0.04837619,0.08289007,0.05605516
99999E00022551,3,False,DO,DO.01,False,0.0,0.0,0.0,0.066429146,0.11194907,0.07624861,0.56487775,0.04401597,0.0,0.0,0.0,0.0,0.0,0.0,0.025464872,0.11101458,0.0
99999E00022565,5,False,45,45.20,True,0.004322932,0.010274246,0.046589542,0.005862595,0.0014964265,0.07110553,0.010493095,0.15022817,0.3451633,0.2762228,0.009644511,0.0,0.0041132076,0.0,0.000467879,0.028730689,0.035285063
99999E00022604,4,False,47,47.64,False,0.0,0.0,0.0,0.0,0.0,0.0015945028,0.016508713,0.33619776,0.12137726,0.49271503,0.00053540186,0.0,0.0023215376,0.0044295,0.00013311906,0.0032143614,0.020972831
99999E00022611,3,False,DO,DO.01,False,0.0,0.040015306,0.10080763,0.26964685,0.09146355,0.0125730485,0.0,0.0,0.082932696,0.029044779,0.0038030085,0.007542235,0.016487677,0.015698373,0.023033315,0.28143856,0.025512844
99999E00022624,4,False,DO,DO.01,False,0.0,0.010970892,0.2404636,0.12048196,0.07468349,0.020932028,0.019728957,0.0011553096,0.021430084,0.036942616,0.010181734,0.0015214608,0.014798424,0.1076462,0.23165321,0.05737431,0.030035773
99999E00022664,3,False,DO,DO.01,False,0.0,0.0,0.19661197,0.045012612,0.014435008,0.19345108,0.06221269,0.022374842,0.08413969,0.0,0.04610766,0.0271711,0.0075064357,0.02296137,0.033137534,0.22617544,0.018702524
99999E00022763,4,False,01,01.1,False,0.0,0.009270751,0.006569822,0.0,0.0,0.0,0.0446748,0.07942186,0.0,0.2441784,0.0,0.0,0.13183445,0.0,0.31608146,0.16796847,0.0
99999E00022806,7,False,DO,DO.01,False,0.0,0.005744736,0.095521815,0.04648577,0.034336537,0.024349188,0.0109978225,0.04000374,0.061075862,0.020707281,0.004028851,0.0017745786,0.0127129825,0.08050094,0.10341322,0.3709322,0.08741447
99999E00022827,2,False,60,60.10,False,0.0,0.0,0.0,0.0,0.0,0.0,0.0,0.0,0.0,0.0,0.0,0.0,0.0,0.0,0.9983955,0.0016045106,0.0
99999E00022948,4,False,DO,DO.01,False,0.0756871,0.23796527,0.06110208,0.081578754,0.30583334,0.0022557813,0.0035561542,0.008626155,0.017481906,0.0042172414,0.0,0.0017702421,0.0039581205,0.015991906,0.018706657,0.13232054,0.028948624
99999E00023020,4,False,55,55.10,False,0.0,0.0,0.055017848,0.015885323,0.0048932135,0.0053674704,0.00038102153,0.011281065,0.006196171,0.0075088027,0.0013125255,0.0,0.0,0.013966395,0.06212798,0.76589715,0.050165035
99999E00023046,4,False,DO,DO.01,False,0.02676927,0.15234451,0.00796094,0.0112503925,0.10395853,0.01423812,0.008361835,0.07472692,0.06253758,0.0101342155,0.0,0.0,0.0,0.0,0.5098483,0.013626226,0.004243162
99999E00023200,3,False,DO,DO.01,False,0.0,0.0,0.058878414,0.049536873,0.009945372,0.094711475,0.047911603,0.05740551,0.1490395,0.010805036,0.0,0.0,0.051905178,0.2568058,0.07663224,0.08729618,0.04912679
99999E00023280,3,False,DO,DO.01,False,0.0,0.0065216864,0.03084253,0.036897358,0.006997375,0.0076364097,0.016001252,0.020643359,0.049147177,0.059215013,0.0,0.002872897,0.095972195,0.3334812,0.106493644,0.19235939,0.034918442
99999E00023291,3,False,01,01.4,False,0.023868015,0.02787129,0.06999666,0.14936465,0.1484548,0.023716373,0.019591788,0.12519336,0.0833106,0.16225398,0.044369638,0.0,0.0071876994,0.022108996,0.05829012,0.007763929,0.026658174
99999E00023302,4,False,DO,DO.01,False,0.008050392,0.30219367,0.004967965,0.016999329,0.016724499,0.010239189,0.008614439,0.024043068,0.0046601435,0.0044793817,0.003636295,0.00034221885,0.0049830577,0.00737508,0.50789946,0.028326249,0.0464656
99999E00023320,4,False,DO,DO.01,False,0.0,0.022515595,0.1899789,0.08726129,0.09096022,0.003910598,0.0,0.029199269,0.05188122,0.014006144,0.0,0.001625179,0.010870957,0.13174811,0.0775825,0.22682747,0.061632637
99999E00023436,4,False,DO,DO.01,False,0.0,0.0069446894,0.06638447,0.16001944,0.0467055,0.15859811,0.049963735,0.038488794,0.029729752,0.012427192,0.0012086296,0.0,0.07928779,0.10132767,0.03262173,0.19875054,0.017542033
99999E00023452,4,False,DO,DO.01,False,0.0,0.0,0.0036737935,0.014140805,0.020418087,0.033212435,0.0022163496,0.0259599,0.012443578,0.0023374595,0.0039670067,0.0008815155,0.00225422,0.014051941,0.09502557,0.5781862,0.19123112
99999E00023482,7,False,DO,DO.01,False,0.14319476,0.28542167,0.018617516,0.10853145,0.1960913,0.011741648,0.0054648165,0.012066847,0.028813569,0.004334322,0.0,0.0,0.0052751955,0.02898893,0.036613572,0.06958435,0.045260202
99999E00023521,6,False,47,47.30,False,0.0,0.091519795,0.0049111545,0.0,0.0,0.0,0.0025429376,0.006878012,0.019069536,0.0085133985,0.0,0.0,0.0,0.0,0.4095098,0.29164907,0.16540626
99999E00023574,5,False,47,47.78,False,0.0,0.002204903,0.001393267,0.007548849,0.0029821175,0.012003491,0.013709903,0.5336781,0.19768205,0.051340118,0.0019519508,0.0,0.023102144,0.0054076696,0.04211716,0.038147416,0.066730835
99999E00023608,4,False,DO,DO.01,False,0.0,0.025785115,0.024790037,0.060499296,0.069122836,0.07427411,0.02299049,0.022831416,0.044207357,0.014645154,0.030698832,0.10300381,0.043381862,0.058181185,0.18377605,0.12235525,0.09945727
99999E00023634,4,False,DO,DO.01,False,0.0,0.0,0.19747925,0.07147279,0.017775176,0.04896137,0.015834458,0.061859917,0.054569073,0.04308717,0.007660252,0.001607597,0.0039531128,0.05133603,0.026986215,0.32952943,0.067888185
99999E00023647,4,False,DO,DO.01,False,0.0060090213,0.09616321,0.0,0.26169816,0.1099062,0.0,0.046215113,0.1073735,0.019072602,0.0,0.0,0.0,0.002593089,0.00466907,0.05556457,0.23935683,0.051378638
99999E00023695,4,False,DO,DO.01,False,0.009169278,0.0,0.100562155,0.2309803,0.10302516,0.0,0.00043389766,0.031457577,0.11287719,0.0057300013,0.0017036864,0.0,0.10378449,0.18732254,0.11295377,0.0,0.0
99999E00023698,3,False,DO,DO.01,False,0.00013432282,0.00091339526,0.041988585,0.04588685,0.03248071,0.113067865,0.051075347,0.11686158,0.06971572,0.04140555,0.0021709471,0.0,0.05463381,0.14216074,0.0,0.19690855,0.09059602
99999E00023717,4,False,DO,DO.01,False,0.0,0.0,0.04190412,0.038932204,0.05699308,0.0,0.0053314096,0.043176845,0.05407461,0.050510317,0.0,0.0,0.0069036633,0.05941827,0.22233246,0.36771137,0.052711695
99999E00023771,4,False,DO,DO.01,False,0.0,0.005079806,0.20101996,0.12762912,0.026166063,0.0050721783,0.0,0.0029189708,0.04654843,0.0054417104,0.0058133625,0.0,0.0021235426,0.0,0.48472118,0.07783498,0.009630739
99999E00023911,4,False,47,47.59,False,0.0,0.0,0.00383935,0.0,0.0,0.0010555878,0.0,0.0,0.51621276,0.107319646,0.022748848,0.007986968,0.0077359164,0.00023820784,0.3079047,0.004523614,0.020434497
99999E00023956,4,False,77,77.21,False,0.0,0.0,0.2383231,0.05167752,0.0,0.005168006,0.004184404,0.016986707,0.104453415,0.15056458,0.0,0.0,0.003332498,0.008963295,0.057038408,0.19044034,0.1688677
99999E00023984,7,False,84,84.11,False,0.0,0.0016069938,0.0050951457,0.011218402,0.01145897,0.0,0.0,0.0065908204,0.009499102,0.0,0.0,0.0,0.0,0.0013202039,0.69085544,0.041055363,0.22129954
99999E00024008,4,False,DO,DO.01,True,0.04013879,0.18306373,0.08156438,0.12955631,0.19320007,0.048550032,0.00627426,0.010026051,0.020595828,4.478153e-05,0.010418557,0.0018378808,0.012215165,0.05889891,0.060374863,0.11485093,0.028389486
99999E00024065,3,False,DO,DO.01,False,0.0,0.0030460223,0.015458044,0.4104221,0.025815208,0.015378612,0.014587752,0.016570084,0.019826772,0.0,0.0,0.004762431,0.012885157,0.07220661,0.10291893,0.2768012,0.009321104
99999E00024104,4,False,DO,DO.01,False,0.005959609,0.0,0.06087326,0.006795969,0.002773269,0.018874286,0.022022676,0.016000304,0.029015694,0.017179672,0.016236762,0.0,0.005270671,0.018761896,0.6311961,0.12463072,0.024409149
99999E00024154,4,False,DO,DO.01,False,0.011644751,0.077509455,0.060602963,0.06870513,0.08336291,0.04012005,0.03593537,0.06908003,0.052862577,0.036011316,0.0034328052,0.016994182,0.0051271142,0.04072141,0.26900366,0.113571174,0.015315061
99999E00024194,4,False,DO,DO.01,False,0.0,0.015469789,0.06111055,0.04475293,0.001421795,0.03250089,0.06295216,0.13479656,0.029411241,0.057320785,0.011591244,0.0,0.029631931,0.081963114,0.07866293,0.27425677,0.084157325
99999E00024232,3,False,DO,DO.01,False,0.0,0.0,0.13485272,0.11821721,0.08669159,0.02035032,0.03831421,0.096770205,0.053984337,0.0025331706,0.002934771,0.006757696,0.0,0.07840472,0.29772478,0.03739516,0.025069121
99999E00024304,6,False,64,64.19,False,0.0,0.0031385876,0.0,0.0,0.0026875206,0.0,0.0,0.0,0.0022667174,0.0,0.0,0.0,0.0,0.0,0.95713586,0.0031531323,0.03161823
99999E00024366,4,False,DO,DO.01,False,0.0,0.0016191654,0.07308883,0.14601462,0.026148397,0.03098753,0.057602186,0.053064402,0.056953397,0.010896009,0.0,0.0,0.08363402,0.07234896,0.042400774,0.260466,0.08477568
99999E00024441,6,False,55,55.10,False,0.0,0.0,0.0,0.0,0.0,0.0,0.0,0.0,0.0,0.0,0.0,0.0,0.0,0.0,0.43154734,0.19297035,0.37548235
99999E00024469,6,False,47,47.11,False,0.0,0.0,0.0,0.002593727,0.011405595,0.017713046,0.0,0.018011838,0.0,0.0,0.0,0.0,0.0,0.0,0.14067839,0.26807442,0.54152304
99999E00024491,7,False,46,46.71,False,0.03658228,0.2943383,0.0,0.0,0.0,0.0,0.0,0.0,0.0,0.0,0.0,0.0,0.0,0.0,0.6690794,0.0,0.0
99999E00024557,3,False,DO,DO.01,False,0.010293048,0.0078059495,0.13628276,0.34278646,0.12583601,0.0048205,0.02178307,0.03337556,0.019771038,0.012402891,0.00023753189,0.0007079382,0.067421794,0.028382732,0.1257056,0.03984481,0.022542242
99999E00024592,4,False,52,52.10,False,0.0,0.0,0.0,0.0019792898,0.0,0.009132089,0.01828027,0.0518236,0.024475608,0.0,0.0,0.0019551523,0.01112747,0.004264323,0.8556728,0.004843628,0.016445806
99999E00024607,4,False,DO,DO.01,False,0.0,0.015190834,0.0108172735,0.016765317,0.030848177,0.0,0.0027990788,0.01212934,0.11438319,0.08738375,0.0,0.0,0.019972594,0.016415432,0.6475494,0.024375314,0.0013703825
99999E00024625,4,False,DO,DO.01,False,0.0,0.003970052,0.007659257,0.0033302477,0.0,0.04338487,0.12714617,0.39874932,0.012225373,0.020961847,0.0073863934,0.016755037,0.036136292,0.16950415,0.11613549,0.0067913723,0.02986426
99999E00024644,7,False,94,94.9,False,0.0,0.0,0.015377362,0.038654618,0.028318226,0.06511246,0.14834073,0.12934569,0.05826979,0.12227173,0.05397638,0.0,0.1136374,0.011150364,0.10870804,0.020501347,0.086335875
99999E00024671,4,False,DO,DO.01,False,0.0,0.0,0.1259358,0.0018781186,0.0,0.26822808,0.016476309,0.058230784,0.029443428,0.007507203,0.0020391413,0.0,0.3235408,0.0851925,0.001707751,0.05372742,0.026092622
99999E00024683,4,False,DO,DO.01,True,0.002253439,0.06994969,0.10134725,0.03916383,0.012689319,0.108202726,0.12526193,0.07620703,0.12612568,0.040883977,0.03159834,0.010622012,0.08816437,0.049643632,0.012610894,0.076754965,0.028520908
99999E00024692,3,False,DO,DO.01,False,0.033577517,0.021167215,0.21807024,0.16089824,0.0306212,0.021005396,0.017924605,0.055958375,0.0622071,0.07081463,0.008115863,0.0,0.04155645,0.11152465,0.06099967,0.05631313,0.029245736
99999E00024704,4,False,DO,DO.01,False,0.0,0.0018128011,0.0054694605,0.045460816,0.005174134,0.009945277,0.0018762331,0.034719344,0.02227029,0.0015615198,0.0,0.0,0.04636543,0.1600812,0.03878389,0.47920832,0.1472713
99999E00024716,3,False,DO,DO.01,False,0.030831622,0.024508307,0.0,0.0054075276,0.18494615,0.0,0.0029654182,0.008242118,0.10583926,0.036588024,0.019885743,0.0,0.0036631639,0.040905327,0.49430904,0.0,0.041908335
99999E00024726,4,False,01,01.50,False,0.0,0.07973421,0.13421926,0.0,0.051495012,0.0,0.0,0.0,0.38521594,0.056644514,0.0,0.033388704,0.0,0.0,0.0,0.0,0.25930232
99999E00024732,3,False,DO,DO.01,False,0.010812378,0.036632646,0.10530227,0.12736392,0.23759261,0.050568692,0.029578876,0.03836597,0.05957016,0.009711948,0.0015516253,0.0013515472,0.08554355,0.024619801,0.102539964,0.07654208,0.002351937
99999E00024761,4,False,DO,DO.01,False,0.002102409,0.21592301,0.06194786,0.07281661,0.0846045,0.020876242,0.024796847,0.021148015,0.031151922,0.003434238,0.0055337753,0.004749081,0.025151875,0.009723283,0.158168,0.22589509,0.03197729
99999E00024797,4,False,01,01.4,False,0.012327096,0.02454669,0.059270408,0.11237726,0.027449293,0.029348526,0.053966884,0.02562173,0.17745288,0.24328102,0.006593565,0.0,0.009711173,0.0,0.2074106,0.010642872,0.0
99999E00024894,7,False,45,45.20,True,0.018276792,0.10074346,0.0010976956,0.008904369,0.010820219,0.05551711,0.005020961,0.121842325,0.06536109,0.0069583557,0.00075836864,0.0012016481,0.0,0.0,0.35664254,0.052109566,0.19474535
99999E00025005,4,False,56,56.30,False,0.0,0.09428737,0.0016502229,0.0,0.0,0.0006952898,0.002847539,0.0006031109,0.0,0.0011575615,0.0,0.0,0.0,0.0,0.5882553,0.28419688,0.026306799
99999E00025021,6,False,85,85.3,False,0.0,0.004369389,0.0,0.00180739,0.002527331,0.04874906,0.0,0.04676742,0.0075549716,0.0,0.0,0.0,0.0,0.0,0.3860072,0.04532896,0.4568883
99999E00025074,7,False,DO,DO.01,False,0.0,0.11641758,0.0,0.0057325843,0.021404285,0.0018449697,0.0,0.0,0.015350147,0.0,0.0,0.0,0.0,0.0014074484,0.7594422,0.070786215,0.0076144533
99999E00025118,4,False,DO,DO.01,False,0.0,0.0001892837,0.10537897,0.055334724,0.025240982,0.018805336,0.0027706402,0.07915371,0.05397188,0.03497726,0.007417555,0.011577064,0.032313094,0.09237281,0.091192156,0.30552992,0.0837746
99999E00025124,4,False,84,84.1,False,0.004698346,0.010730666,0.05531365,0.19939879,0.077268705,0.023926575,0.0028134563,0.04049527,0.060338337,0.03274796,0.0,0.0,0.0019269442,0.051889557,0.31663626,0.1094321,0.012383414
99999E00025140,4,False,DO,DO.01,False,0.0045458656,0.036914874,0.044035576,0.060255993,0.064195395,0.050246574,0.058707897,0.009855137,0.07073356,0.052773535,0.00032185475,0.019883174,0.024926452,0.017374834,0.40798146,0.07651365,0.000734148
99999E00025146,5,False,96,96.02,False,0.0,0.0,0.02591048,0.013680016,0.006230338,0.32840037,0.0027722905,0.097949065,0.034315143,0.04938423,0.014578424,0.027497575,0.011399362,0.0060606054,0.16407728,0.0,0.2177448
99999E00025160,4,False,DO,DO.01,False,0.010995783,0.004373549,0.038543593,0.0075686737,0.09754879,0.30915853,0.21359088,0.069030344,0.06340579,0.037682544,0.038350035,0.0,0.01839367,0.0,0.05350304,0.0,0.037854753
99999E00025199,4,False,DO,DO.01,False,0.0,0.012166386,0.07036231,0.12377954,0.16539364,0.041425105,0.040622525,0.012119753,0.06861479,0.019927152,0.011157633,0.0,0.019843703,0.0,0.3688695,0.032662954,0.013054874
99999E00025202,4,False,DO,DO.01,False,0.0,0.0,0.012576263,0.16261275,0.068757676,0.030113881,0.004375322,0.006222112,0.041314635,0.005602507,0.0,0.0,0.038877305,0.03552597,0.04006465,0.4786201,0.07533682
99999E00025222,4,False,DO,DO.01,False,0.018487241,0.023498617,0.20315969,0.10315395,0.07274711,0.0,0.031285953,0.03339465,0.086634815,0.14789595,0.0,0.004233236,0.033505533,0.09514089,0.09259659,0.003280857,0.050984953
99999E00025223,4,False,DO,DO.01,False,0.0242049,0.018822946,0.10808073,0.23811229,0.1696384,0.013014286,0.009929076,0.031254694,0.033436418,0.050955154,0.0,0.0,0.00055656256,0.13844678,0.0734273,0.067635335,0.022485124
99999E00025265,5,False,47,47.30,False,0.0,0.0,0.0,0.00024990828,0.0017039055,0.023994409,0.004496261,0.6045825,0.04081353,0.0028589547,0.0,0.0,0.0,0.0,0.068679005,0.01650551,0.2361161
99999E00025338,3,False,DO,DO.01,False,0.0,0.0,0.0,0.0,0.0,0.0,0.0,0.0,0.4261981,0.11011715,0.0,0.0,0.20979767,0.25388712,0.0,0.0,0.0
99999E00025361,4,False,DO,DO.01,False,0.0,0.0040080394,0.0026002622,0.019071383,0.0237846,0.009589515,0.014431004,0.0081624,0.01806454,0.0057471343,0.0,0.0,0.015440427,0.0037869462,0.8176613,0.043798372,0.013854099
99999E00025399,7,False,DO,DO.01,False,0.0,0.0036276877,0.10703541,0.040440585,0.026890084,0.015516194,0.0034992315,0.015092766,0.0568639,0.01376856,0.0021908854,0.0,0.018710146,0.044525005,0.21129555,0.35967946,0.08086452
99999E00025460,4,False,DO,DO.01,False,0.0,0.0016495155,0.18044521,0.13585287,0.04378547,0.006758214,0.0042381203,0.031385742,0.024593927,0.0016543157,0.0,0.0008902147,0.026869647,0.22518809,0.05081206,0.20853192,0.057344664
99999E00025495,4,False,56,56.10,False,0.0,0.0,0.019302836,0.019159235,0.0,0.0,0.0,0.0,0.0,0.0,0.0,0.0,0.0004985662,0.006218243,0.097302236,0.8543433,0.0031756079
99999E00025552,3,False,DO,DO.01,False,0.0,0.0,0.026722135,0.0053344676,0.0,0.14961822,0.058390737,0.10586148,0.024356792,0.0220039,0.03734127,0.017383184,0.0,0.058565024,0.095970616,0.054821976,0.3436302
99999E00025555,4,False,DO,DO.01,False,0.0,0.0052710995,0.07587531,0.15990591,0.06474503,0.017201345,0.010870835,0.04028781,0.002655009,0.001530738,0.0,0.0,0.0073682987,0.053169362,0.5306559,0.01116055,0.019302865
99999E00025623,7,False,DO,DO.02,False,0.0,0.0,0.0,0.014855835,0.005943023,0.002141785,0.0,0.0037805666,0.0032327748,0.011701152,0.0,0.0,0.0038242058,0.01059753,0.9184594,0.0254637,0.0
99999E00025645,4,False,DO,DO.01,False,0.0,0.0018669515,0.0720849,0.031184949,0.022024658,0.009191604,0.0,0.030132178,0.0314295,0.055786356,0.0,0.0,0.0061436417,0.12096861,0.4965867,0.091699824,0.030900132
99999E00025669,4,False,DO,DO.01,False,0.0044515897,0.024285644,0.10718576,0.099637434,0.05736671,0.030177511,0.01795223,0.05668074,0.014208951,0.012762101,0.01677346,0.002368049,0.0,0.065674596,0.10120058,0.35779485,0.031479806
99999E00025679,3,False,DO,DO.01,False,0.0,0.044956673,0.022734165,0.058790464,0.08012862,0.008717184,0.07633222,0.13548905,0.017459637,0.0045101955,0.0,0.0,0.13037245,0.08135407,0.07452561,0.22005206,0.044577662
99999E00025698,4,False,77,77.39,False,0.0018390858,0.0,0.0029080885,0.002984945,0.0018642996,0.005056119,0.014976065,0.25420702,0.0498063,0.6417052,0.0025793985,0.0039014504,0.00502483,0.007418618,0.0047748187,0.0,0.00095387
99999E00025699,4,False,DO,DO.01,False,0.0,0.0005685305,0.21471466,0.12846418,0.028750163,0.084932216,0.049543794,0.05362656,0.07101074,0.07025463,0.033023983,0.0046368237,0.040318776,0.09217606,0.0072924756,0.083792835,0.036893696
99999E00025749,4,False,DO,DO.01,False,0.0,0.0,0.0,0.023375329,0.0072046984,0.042296223,0.08402185,0.06904566,0.023614977,0.0,0.0049185194,0.0,0.0,0.013724685,0.52847266,0.14938147,0.053943947
99999E00025776,3,False,DO,DO.01,False,0.0,0.015320086,0.088144585,0.061054453,0.03898621,0.12180693,0.03617566,0.036280286,0.053626247,0.011589337,0.109746784,0.028053138,0.08075918,0.11025088,0.035312526,0.13895553,0.033938162
99999E00025804,6,False,56,56.30,False,0.0,0.0005832455,0.0,0.0,0.0,0.0,0.0,0.0,0.0,0.0,0.0,0.0,0.0,0.0025509363,0.07019484,0.9262323,0.00043869368
99999E00025806,4,False,DO,DO.01,False,0.0,0.0,0.0880035,0.22065194,0.026556792,0.07279107,0.045231838,0.060862605,0.042268764,0.034563426,0.012596569,0.011938544,0.058552515,0.14036106,0.057033736,0.064874046,0.06371368
99999E00025817,6,False,56,56.10,False,0.0,0.00055991206,0.0,0.0,0.0,0.0,0.0,0.037039958,0.0022821035,0.00018550934,0.0,0.0,0.0,0.047630757,0.01947925,0.8017057,0.09111678
99999E00025831,4,False,DO,DO.01,False,0.0015978604,0.033456758,0.14805959,0.10238484,0.09810921,0.05276607,0.032915335,0.05353932,0.10174217,0.025193075,0.01448932,0.0013660311,0.016939666,0.025981002,0.130858,0.122427054,0.038174774
99999E00025873,7,False,DO,DO.01,True,0.013537393,0.25038153,0.062548265,0.10094333,0.04975771,0.042757053,0.0025746976,0.011545882,0.0061688623,0.0030458882,0.0051130727,0.0074829487,0.0,0.0,0.08889356,0.27163354,0.08361623
99999E00025894,4,False,DO,DO.01,False,0.0,0.017555382,0.044134043,0.15952468,0.03394344,0.0032132554,0.028866347,0.0869122,0.061881345,0.036393333,0.0012504645,0.00091790187,0.047797505,0.02450254,0.1446262,0.19780868,0.1106727
99999E00025915,6,False,64,64.19,False,0.0,0.0,0.0,0.0,0.0,0.0,0.0,0.0,0.0,0.0,0.0,0.0,0.0,0.0,0.22964233,0.0,0.77035767
99999E00025950,6,False,55,55.10,False,0.0,0.0,0.0,0.0,0.0,0.0,0.0,0.0016259251,0.06943433,0.0,0.0,0.0,0.0,0.0005339565,0.047595244,0.30881855,0.57199204
99999E00025989,2,False,68,68.10,False,0.0,0.0,0.0,0.0,0.0,0.0,0.0,0.0,0.0025353932,0.0,0.0,0.0,0.0,0.0,0.9814097,0.0045511094,0.011503756
99999E00026011,4,False,14,14.21,False,0.0,0.0,0.010127653,0.0063948287,0.010398241,0.083355,0.04149946,0.21869896,0.03867542,0.5253884,0.0064963386,0.016495261,0.0037315441,0.0004915404,0.005188553,0.0038106388,0.029248094
99999E00026013,4,False,DO,DO.01,False,0.0,0.0046432656,0.038821332,0.0048700827,0.08974496,0.0048700827,0.0,0.0,0.0,0.005074218,0.0,0.0,0.0,0.00859312,0.73301715,0.10789355,0.0024723043
99999E00026019,4,False,DO,DO.01,False,0.006862702,0.07682947,0.027809167,0.06540881,0.13480407,0.0134103745,0.017691953,0.05173962,0.075504944,0.005898878,0.0,0.0,0.118928514,0.070701055,0.3186671,0.0025834676,0.0131597575
99999E00026039,6,False,47,47.76,False,0.0,0.00088078773,0.0023383829,0.0,0.0053640264,0.0002618133,0.02558061,0.09205318,0.03283208,0.55179703,0.0,0.0,0.0,0.021807915,0.047784388,0.033826154,0.18547365
99999E00026040,7,False,DO,DO.01,True,0.0016178662,0.10509559,0.07090042,0.083278075,0.059067734,0.053090356,0.008540259,0.013252136,0.03386922,0.0009662747,0.00861595,0.017945977,0.018445222,0.038407814,0.098818995,0.27438793,0.11370027
99999E00026049,3,False,01,01.4,False,0.0,0.0,0.004016992,0.0,0.00074881216,0.12370096,0.31440312,0.25832617,0.20777087,0.061283622,0.0077680503,0.0,0.0,0.016830776,0.0,0.0023374134,0.0028132943
99999E00026050,4,False,01,01.4,False,0.0,0.0,0.0,0.00032060393,0.0025502588,0.045474753,0.12659483,0.33973086,0.024161875,0.0036067942,0.025743036,0.015228686,0.14514613,0.0035849346,0.26048344,0.0068128337,0.00056105695
99999E00026068,4,False,55,55.10,False,0.0,0.0,0.07023175,0.0047927164,0.004804539,0.0051083243,0.0,0.0066822516,0.008784847,0.018180866,0.0,0.0,0.00096841244,0.0038386965,0.08613525,0.7508718,0.039600566
99999E00026107,1,False,IL,IL.01,False,0.40148744,0.59478366,0.0,0.0,0.00056950527,0.0,0.0,0.0,0.0,0.0,0.0,0.0,0.0,0.0,0.0031593726,0.0,0.0
99999E00026112,1,False,IL,IL.01,False,0.47423416,0.5257659,0.0,0.0,0.0,0.0,0.0,0.0,0.0,0.0,0.0,0.0,0.0,0.0,0.0,0.0,0.0
99999E00026147,1,False,IL,IL.01,False,0.30738616,0.69261384,0.0,0.0,0.0,0.0,0.0,0.0,0.0,0.0,0.0,0.0,0.0,0.0,0.0,0.0,0.0
99999E00026156,1,False,IL,IL.01,False,0.31114316,0.6863606,0.0,0.0024962318,0.0,0.0,0.0,0.0,0.0,0.0,0.0,0.0,0.0,0.0,0.0,0.0,0.0
99999E00026158,1,False,IL,IL.01,False,0.36170772,0.6382923,0.0,0.0,0.0,0.0,0.0,0.0,0.0,0.0,0.0,0.0,0.0,0.0,0.0,0.0,0.0
99999E00026159,1,False,IL,IL.01,False,0.36297318,0.63702685,0.0,0.0,0.0,0.0,0.0,0.0,0.0,0.0,0.0,0.0,0.0,0.0,0.0,0.0,0.0
99999E00026160,1,False,IL,IL.01,False,0.4291435,0.5708565,0.0,0.0,0.0,0.0,0.0,0.0,0.0,0.0,0.0,0.0,0.0,0.0,0.0,0.0,0.0
99999E00026161,1,False,IL,IL.01,False,0.42919156,0.5702199,0.0,0.0,0.0005130573,0.0,0.0,0.0,0.0,0.0,0.0,0.0,0.0,0.0,7.540681e-05,0.0,0.0
99999E00026178,5,False,01,01.1,False,0.0,0.0054753604,0.16276753,0.2341961,0.0,0.0,0.0018666002,0.074664004,0.0,0.42185163,0.0,0.0,0.0,0.076903924,0.017421601,0.0,0.0048531606
99999E00026193,6,False,84,84.24,False,0.0,0.03841615,0.0021136815,0.0,0.0026183056,0.0052659265,0.0,0.002346524,0.024707505,0.0,0.0,0.0024546008,0.004722363,0.02196947,0.8096176,0.047428478,0.03833933
99999E00026195,4,False,55,55.10,True,0.0,0.003061712,0.002671158,0.0044840574,0.0030693496,0.0047876583,0.0032927403,0.0050164727,0.005602752,0.010917003,0.0,0.0,0.0010906555,0.005338733,0.05285676,0.67534727,0.2224637
99999E00026465,7,False,62,62.09,True,0.013881776,0.09079892,0.0036804327,0.00013258122,0.014929249,0.0043378486,0.0043825917,0.05028369,0.010815114,0.0035810652,0.004254128,0.0019365641,0.0067956797,0.0073364354,0.63946146,0.049848344,0.09354415
99999E00026471,2,False,60,60.10,False,0.0,0.0,0.0,0.0,0.0,0.0,0.0,0.0,0.0,0.0,0.0,0.0,0.0,0.0,0.9981095,0.0018904912,0.0
99999E00026481,4,False,47,47.78,False,0.0,0.011114987,0.017477443,0.101066776,0.051373113,0.010484259,0.004538424,0.023600135,0.009792279,0.003642548,0.0008235878,0.0027359116,0.0065575247,0.03263946,0.046927676,0.6651,0.012125916
99999E00026504,4,False,DO,DO.01,False,0.0,0.071053416,0.09779879,0.10527724,0.10979698,0.027910544,0.017667143,0.042234138,0.06558847,0.014053098,0.00089163915,0.0,0.013459685,0.04995838,0.096752524,0.2043586,0.08319938
99999E00026577,6,False,47,47.26,False,0.0,0.0028763087,0.0,0.0041010017,0.0,0.004460028,0.0007502217,0.017862072,0.00340914,0.004042305,0.0,0.0,0.0008549881,0.0017897598,0.03679659,0.09072135,0.83233625
99999E00026590,4,False,45,45.20,False,0.0,0.0006954079,0.0046510557,0.0012622011,0.0,0.033580676,0.035395373,0.1306495,0.1196187,0.08346544,0.0,0.0018466031,0.011255214,0.0075382,0.07656841,0.077766165,0.41570705
99999E00026591,4,False,69,69.20,False,0.0,0.0,0.0,0.0020826922,0.0,0.04961911,0.0073154056,0.018539289,0.0055266954,0.0,0.0025462913,0.0,0.0,0.0037298119,0.15880017,0.1139096,0.6379309
99999E00026592,7,False,DO,DO.01,True,0.048382197,0.4157402,0.059086874,0.06197492,0.08560199,0.056600437,0.019870836,0.06834753,0.0,0.00049610646,0.010778504,0.0,0.0,0.0,0.03675027,0.13637023,0.0
99999E00026594,1,False,IL,IL.01,False,0.45436168,0.5456383,0.0,0.0,0.0,0.0,0.0,0.0,0.0,0.0,0.0,0.0,0.0,0.0,0.0,0.0,0.0
99999E00026644,6,False,55,55.10,False,0.0,0.0,0.0,0.0,0.0,0.0,0.0,0.0,0.0,0.0,0.0,0.0,0.0,0.0,0.95721996,0.036635216,0.006144805
99999E00026650,7,False,41,41.20,True,0.0,0.25867486,0.010374935,0.012547944,0.0,0.0616325,0.0,0.004576793,0.078007065,0.0047169654,0.004498902,0.0011716213,0.0,0.0,0.27298403,0.1602292,0.13058521
99999E00026658,6,False,55,55.10,False,0.0,0.0,0.0,0.0,0.0,0.0,0.0,0.0,0.0,0.0,0.0,0.0,0.0,0.0,0.028597211,0.07577854,0.8956243
99999E00026701,6,False,55,55.10,False,0.0,0.0,0.0,0.0,0.0,0.00373617,0.0,0.0018359096,0.0,0.0,0.0,0.0,0.0,0.0,0.09306487,0.81907856,0.082284406
99999E00026704,4,False,DO,DO.01,False,0.0,0.0036414019,0.02794356,0.1461272,0.16027558,0.006650479,0.0020986062,0.012351507,0.09695407,0.008310692,0.0,0.0,0.20094311,0.09656091,0.032251935,0.19155833,0.014332696
99999E00026709,4,False,94,94.91,False,0.0,0.1354829,0.022132471,0.34132493,0.0,0.0069486843,0.010272681,0.09740909,0.010722165,0.0,0.0,0.0,0.0048994846,0.0,0.26222786,0.040006295,0.06857347
99999E00026719,6,False,55,55.10,False,0.0,0.0015297562,0.0,0.0,0.0,0.0008668619,0.0,0.00045809097,0.0053750444,0.0,0.0,0.0,0.0,0.0,0.16723266,0.7796254,0.044912137
99999E00026723,4,False,96,96.02,False,0.0,0.004527837,0.0034647053,0.036474764,0.025866518,0.0,0.0022968154,0.02114933,0.018902075,0.7995868,0.0,0.0,0.0012798252,0.004183827,0.0,0.062458687,0.019808838
99999E00026728,6,False,55,55.10,False,0.0,0.0,0.0,0.0,0.0,0.003590458,0.0,0.03331351,0.0013593186,0.0,0.0,0.0,0.0,0.0,0.049893748,0.13445616,0.7773868
99999E00026745,6,False,56,56.10,False,0.0,0.0,0.00039010824,0.0,0.0,0.0010082896,0.0,0.24320771,0.0027776514,0.0,0.0,0.0,0.0,0.014824894,0.06865946,0.01597589,0.65315604
99999E00026773,6,False,94,94.91,False,0.0,0.0,0.0,0.0,0.0,0.0062080044,0.0,0.11856929,0.0012044888,0.0,0.0,0.0,0.0,0.0,0.0875909,0.2451104,0.5413169
99999E00026776,4,False,DO,DO.01,False,0.0,0.0017129785,0.03417246,0.00137072,0.0013128339,0.15829876,0.010475695,0.1798661,0.036882427,0.028762639,0.09108459,0.01313733,0.0071514603,0.017414156,0.097565025,0.21798268,0.102810174
99999E00026778,6,False,55,55.10,False,0.0,0.0,0.0,0.0,0.0,0.0,0.0,0.0,0.0,0.0,0.0,0.0,0.0,0.0,0.13848479,0.46972936,0.39178577
99999E00026818,4,False,DO,DO.01,False,0.0,0.05139264,0.016778594,0.032946214,0.0034745971,0.0038880557,0.0027784985,0.0051339576,0.039521746,0.0002546343,0.0056347507,0.0155699095,0.026083983,0.0122161815,0.5853519,0.13702346,0.061950933
99999E00026835,7,False,36,36.00,False,0.0,0.013608453,0.0,0.0007943714,0.015574679,0.0014935442,0.0,0.0019250013,0.0,0.016240407,0.0,0.0,0.0,0.0,0.9426233,0.0077402373,0.0
99999E00026850,5,False,16,16.23,False,0.0,1.0417742e-05,0.0,0.0,0.0,0.022782521,0.010514733,0.80772305,0.13165906,0.000373961,0.0031885474,0.0007763014,0.022027055,0.00036210628,0.000553218,2.3709345e-05,5.388487e-06
99999E00026858,6,False,55,55.10,False,0.0,0.0,0.0,0.00057122414,0.0,0.0,0.0,0.005596773,0.0016336051,0.0,0.0,0.0,0.0,0.07237284,0.019847764,0.52466774,0.37531006
99999E00026886,4,False,14,14.13,False,0.0,0.0,0.0,0.0,0.0,0.020526972,0.0,0.028423663,0.0102561135,0.0,0.0,0.0,0.008043102,0.0037971952,0.43365127,0.0013935337,0.49390817
99999E00026888,7,False,55,55.30,False,0.0,0.0,0.0,0.0,0.0,0.0,0.0,0.0,0.0052493443,0.0,0.0,0.0,0.0,0.0,0.9930738,0.0016768737,0.0
99999E00026895,4,False,DO,DO.01,False,0.0,0.0,0.0072542843,0.024172544,0.014335608,0.024880895,0.0043191956,0.041595776,0.024055645,0.0,0.0,0.0,0.0052470034,0.16004881,0.36399835,0.14452247,0.18556939
99999E00026903,7,False,DO,DO.01,False,0.00072536705,0.011433598,0.026122281,0.040937904,0.03773722,0.034259994,0.004071123,0.015128436,0.010341015,0.0024209125,0.014144657,0.007430479,0.006274425,0.006247224,0.6405172,0.1383411,0.0038671133
99999E00026907,4,False,52,52.10,False,0.0,0.0,0.026957905,0.02012595,0.016997684,0.0063067707,0.0009864321,0.017500032,0.06552465,0.014038388,0.0,0.0,0.040507644,0.17753492,0.51782656,0.0639491,0.03174393
99999E00026914,4,False,55,55.10,True,0.0,0.025770718,0.0055720983,0.027213367,0.0029103397,0.0028038942,0.0014576743,0.008713174,0.0050599086,0.0,0.0,0.0,0.0039253267,0.011142945,0.084334105,0.7260346,0.09506191
99999E00026952,3,False,DO,DO.01,False,0.0,0.0011584332,0.055175293,0.18286003,0.07151132,0.025467383,0.017107306,0.0320641,0.049119987,0.0,0.0018329256,0.0024106298,0.090236805,0.29824966,0.16020255,0.0,0.012603632
99999E00026956,5,False,23,23.70,False,0.0,0.0,0.0,0.0,0.0,0.013591405,0.009798952,0.47788626,0.20224124,0.031291556,0.0,0.0,0.02170754,0.0010894516,0.05994327,0.0090695955,0.1733807
99999E00026965,6,False,10,10.51,False,0.0,0.0,0.0,0.0,0.0,0.017485699,0.0,0.8242935,0.0,0.0,0.0,0.0,0.0,0.0,0.08145999,0.0,0.076760806
99999E00026988,4,False,DO,DO.01,False,0.0,0.0,0.009849199,0.009513616,0.0,0.019407637,0.01893364,0.049661007,0.084401906,0.02190396,0.0,0.0,0.0072007608,0.02751366,0.0527781,0.41531107,0.2835255
99999E00026993,6,False,41,41.20,True,0.0,0.01498165,0.0,0.0,0.0,0.004356767,0.0,0.006818344,0.017549861,0.0,0.0,0.0,0.0,0.0,0.36760065,0.20648849,0.38220423
99999E00026996,6,False,56,56.10,False,0.0,0.0,0.0,0.0,0.0,0.0,0.0,0.04816226,0.0,0.0,0.0,0.0,0.0,0.02969363,0.031585503,0.092985936,0.79757273
99999E00027047,4,False,DO,DO.01,False,0.0,0.016472423,0.09897439,0.22815041,0.1353598,0.04077262,0.003946231,0.011173048,0.062401496,0.018238151,0.004760696,0.043469075,0.012320554,0.05834207,0.049030248,0.16666631,0.049922507
99999E00027055,6,False,55,55.10,False,0.0,0.006588308,0.0,0.0,0.0,0.00036394387,0.0,0.0042161006,0.0,0.0004981576,0.0,0.0,0.0,0.0029519962,0.43281794,0.015532014,0.5370316
99999E00027064,6,False,33,33.20,False,0.0,0.00474588,0.013061577,0.001021,0.0023097824,0.028075518,0.011476549,0.15130852,0.0821323,0.03190901,0.0,0.0,0.0,0.003473099,0.115339726,0.08169869,0.47344834
99999E00027094,4,False,47,47.72,False,0.0,0.0,0.0,0.0021437646,0.0,0.0,0.0054875007,0.10003824,0.004607438,0.71862835,0.0,0.0,0.000789619,0.0007747795,0.015081488,0.03307152,0.11937726
99999E00027159,4,False,55,55.10,False,0.0,0.0,0.018179318,0.0056361672,0.0022714497,0.0013349834,0.0017513514,0.022486292,0.030980105,0.0900571,0.0014435382,0.01880604,0.007584848,0.022219487,0.054492604,0.12649775,0.59625894
99999E00027182,4,False,DO,DO.01,False,0.0,0.054072645,0.040814806,0.06495271,0.094810076,0.060324214,0.04179496,0.035770755,0.03563223,0.0022316119,0.009636246,0.005579985,0.040195763,0.034588076,0.19818835,0.21318868,0.068218924
99999E00027219,3,False,DO,DO.01,False,0.0,0.02926058,0.06726374,0.013840041,0.0,0.005339522,0.0,0.15322292,0.034415003,0.0,0.0,0.0,0.0,0.050305415,0.60189945,0.032663636,0.011789665
99999E00027221,3,False,DO,DO.01,False,0.0,0.016675128,0.0,0.015396764,0.031131918,0.0011279681,0.05502604,0.1129284,0.087379925,0.31156355,0.0,0.0,0.0,0.0,0.0132536255,0.24602862,0.1094881
99999E00027247,4,False,49,49.41,False,0.0,0.0155618,0.008782999,0.0045755366,0.007386387,0.022792663,0.037511524,0.1195788,0.1302986,0.03774792,0.003522116,0.0,0.046247862,0.07083839,0.3829402,0.048763216,0.063452005
99999E00027270,3,False,01,01.1,False,0.0,0.0,0.0,0.0050321496,0.0,0.0,0.0,0.0,0.22029634,0.10483646,0.0,0.0,0.38803464,0.2773274,0.0044730217,0.0,0.0
99999E00027379,4,False,96,96.02,False,0.0,0.0,0.023148753,0.0,0.0,0.012629062,0.0252841,0.20932359,0.18358015,0.40530294,0.0,0.00096513814,0.002140072,0.01141949,0.10097227,0.0015583123,0.023676192
99999E00027464,2,False,36,36.00,False,0.0,0.007877122,0.0,0.0019696746,0.0016755785,0.0,0.0,0.0,0.0003853604,0.00040832435,0.0,0.0,0.0,0.0,0.96752757,0.01734112,0.0028152994
99999E00027466,6,False,55,55.10,False,0.0,0.0,0.0,0.0,0.0,0.0019912086,0.0,0.0017854881,0.0012873725,0.0,0.0,0.0,0.0,0.0010872909,0.0841151,0.40718037,0.50255316
99999E00027494,1,False,IL,IL.01,False,0.3963689,0.5987352,0.0,0.0,0.0,0.0,0.0,0.0,0.0,0.0,0.0,0.0,0.0,0.0,0.0031067776,0.0017891283,0.0
99999E00027518,6,False,55,55.20,False,0.0,0.0019385844,0.0025961366,0.004755295,0.0014857217,0.0,0.0,0.0025285913,0.0036301326,0.0155407265,0.0,0.0,0.0,0.0040151654,0.20617647,0.683867,0.073466174
99999E00027520,4,False,47,47.64,False,0.0,0.0,0.07718585,0.0073410417,0.0,0.009520988,0.0007616185,0.0858827,0.06418469,0.072450444,0.0,0.0,0.008294525,0.05643374,0.023267757,0.21463428,0.3800424
99999E00027529,6,False,56,56.30,False,0.0,0.0,0.0,0.0,0.0,0.0,4.268265e-05,0.0019909982,0.0008729001,0.0,0.0,0.0,0.00016917374,0.000266553,0.021702997,0.6393501,0.33560455
99999E00027541,4,False,84,84.11,False,0.0,0.0,0.0,0.0,0.0,0.061395224,0.013367537,0.1548689,0.12029362,0.0,0.04236705,0.019687602,0.010992015,0.027038125,0.42846772,0.007843758,0.1136785
99999E00027550,4,False,95,95.24,False,0.0,0.014378664,0.01334849,0.023098458,0.0,0.024781968,0.31479236,0.030824095,0.00040383718,0.52924794,0.0,0.0,0.0004758591,0.0,0.04681039,0.0015278935,0.00030995146
99999E00027572,4,False,47,47.4,False,0.0,0.0,0.0,0.0,0.0,0.0,0.0,0.41086316,0.022473672,0.37529266,0.0,0.0,0.0,0.0034664506,0.022045359,0.11021848,0.055640195
99999E00027587,3,False,DO,DO.01,False,4.781171e-05,0.0051714177,0.07368818,0.027667474,0.03310638,0.02567618,0.020150697,0.062436923,0.05463457,0.011923205,0.0,0.0,0.018240813,0.032196663,0.516979,0.08125147,0.03682923
99999E00027593,3,False,DO,DO.01,False,0.0068393433,0.05727999,0.14060554,0.08572341,0.007372634,0.11809448,0.02124206,0.047131915,0.10000934,0.024492402,0.0026041667,0.0,0.012682174,0.039556865,0.06386242,0.16093282,0.11157043
99999E00027595,1,False,IL,IL.01,False,0.39831942,0.60168064,0.0,0.0,0.0,0.0,0.0,0.0,0.0,0.0,0.0,0.0,0.0,0.0,0.0,0.0,0.0
99999E00027675,6,False,56,56.30,False,0.0,0.0,0.00041097496,0.0021787956,0.00071083615,0.0,0.0,0.0027961475,0.00917545,1.3953462e-05,0.0,0.0,0.001255614,0.001539901,0.254139,0.68455803,0.04322131
99999E00027686,7,False,DO,DO.01,False,0.0,0.0,0.0,0.5540741,0.0,0.0,0.0,0.0,0.0,0.0,0.094006725,0.0,0.0,0.0,0.09481481,0.25710437,0.0
99999E00027712,4,False,DO,DO.01,False,0.0,0.0,0.007579623,0.008708725,0.009026546,0.0046836846,0.071852736,0.026538089,0.014005052,0.013411228,0.0038974946,0.003247215,0.0070819813,0.02020257,0.7887471,0.0039748587,0.017043173
99999E00027737,4,False,DO,DO.01,False,0.0,0.0018170383,0.09294915,0.47459075,0.07442738,0.002677902,0.0,0.005771499,0.116123185,0.021833552,0.0,0.0,0.10358688,0.036774453,0.012236588,0.05082502,0.00638662
99999E00027746,6,False,DO,DO.01,False,0.0,0.0012421954,0.0,0.0,0.0,0.0025491426,0.0025900886,0.008379223,0.0017835428,0.003963217,0.0,0.0,0.0,0.0,0.9535617,0.0022134788,0.023717407
99999E00027770,6,False,DO,DO.01,False,0.0,0.0052344105,0.0,0.0,0.0,0.00439999,0.0017091676,0.008827587,0.003841635,0.0,0.0,0.0,0.0029132986,0.0033057437,0.36212242,0.4525218,0.15512395
99999E00027776,4,False,DO,DO.01,False,0.0,0.0,0.038055446,0.0069781607,0.0034157392,0.013564482,0.008309042,0.10782083,0.08532059,0.04537358,0.0020110593,0.0061481018,0.007128728,0.04395291,0.004762843,0.26910222,0.35805628
99999E00027801,3,False,47,47.59,False,0.0,0.0,0.0004961985,0.35948676,0.0,0.0045075123,0.0005131143,0.003760959,0.005878824,0.0063885553,0.0,0.0,0.28756618,0.315686,0.010386336,0.002955764,0.0023738588
99999E00027836,5,False,10,10.51,False,0.0,0.0,0.00066408096,0.00044089643,0.0,0.021283189,0.0045317397,0.80072266,0.01971257,0.0007621108,0.0017750066,0.0,0.014762298,0.0,0.07162509,0.046321254,0.017399112
99999E00027846,5,False,08,08.11,False,0.0,0.0,0.0,0.00057985855,0.0,0.02883976,0.002306149,0.603471,0.021811511,0.0,0.0,0.0,0.00074514176,0.0,0.03773965,0.012207508,0.2922995
99999E00027851,6,False,47,47.11,False,0.0,0.0,0.0,0.0,0.0,0.0,0.0,0.0,0.0,0.0,0.0,0.0,0.0,0.0,0.06824677,0.0,0.9317532
99999E00027870,4,False,DO,DO.01,False,0.0,0.0051031853,0.060482565,0.016123142,0.019405201,0.12620182,0.0821245,0.05220311,0.060469974,0.09679931,0.024619214,0.02611541,0.033996884,0.056462485,0.30226925,0.02987605,0.0077479747
99999E00027914,4,False,DO,DO.01,False,0.0,0.0,0.0061656637,0.0019471066,0.0,0.029515086,0.015807634,0.038657807,0.022762328,0.0037442555,0.0020747131,0.0033393446,0.003643158,0.0058428785,0.10142574,0.30437207,0.4607022
99999E00027928,5,False,18,18.12,False,0.0,0.0007076827,0.0,0.0,0.0,0.03328608,0.031181203,0.84366804,0.06498981,0.003967794,0.00029874884,0.0,0.008678485,0.0,0.01191474,0.0,0.0013074522
99999E00027966,4,False,DO,DO.01,False,0.0,0.013060972,0.121809505,0.043149848,0.050137978,0.043895435,0.0032826748,0.037666753,0.060373705,0.13505635,0.008117847,0.008157961,0.010175242,0.021606848,0.047588497,0.33136472,0.064555705
99999E00027986,4,False,DO,DO.01,False,0.0,0.0026581662,0.019743975,0.032085013,0.0053457506,0.021456549,0.030369285,0.019950956,0.012669892,0.022311784,0.077719316,0.023274187,0.0017777144,0.019649416,0.009634539,0.6306105,0.07074294
99999E00027990,4,False,DO,DO.01,False,0.0,0.0,0.07434724,0.03770422,0.0062302286,0.036976226,0.024766108,0.055851646,0.06003774,0.04963753,0.004494558,0.0014640405,0.027615922,0.052828033,0.1321262,0.32579792,0.11012243
99999E00028037,7,False,DO,DO.01,False,0.0,0.0,0.028057896,0.042131826,0.0,0.0014798089,0.0073945466,0.012571629,0.0064589833,0.040804945,0.0,0.0,0.0,0.0023524014,0.7758157,0.059709616,0.023222653
99999E00028039,5,False,45,45.20,True,0.00095756154,0.023357017,0.0028405369,0.011373983,0.0017107194,0.14099298,0.061564796,0.28664774,0.11077245,0.055490747,0.1298266,0.007859938,0.057560533,0.0013857214,0.02361548,0.009657665,0.074385434
99999E00028083,6,False,52,52.10,False,0.0,0.0,0.0,0.0,0.0,0.0,0.0,8.418266e-05,0.0,0.0,0.0,0.0,0.0,0.0,0.21249776,0.020235647,0.76718247
99999E00028112,7,False,DO,DO.01,False,0.0,0.0027253246,0.057762966,0.05316581,0.0022198209,0.0,0.0,0.0,0.020784264,0.0083334865,0.0,0.0029158043,0.001454239,0.008073408,0.7616037,0.038960423,0.04200077
99999E00028124,7,False,84,84.11,False,0.0,0.0,0.0036677667,0.0,0.0006563236,0.002395282,0.002481548,0.006223146,0.09184192,0.017669108,0.0,0.00080357055,0.0036158138,0.008048048,0.70600295,0.029351806,0.12724273
99999E00028128,4,False,DO,DO.01,False,0.0,0.026800038,0.033656523,0.038734682,0.12203586,0.07258478,0.05363492,0.009459444,0.01412206,0.0,0.0007394628,0.0,0.0009949838,0.026616786,0.21913002,0.34024447,0.041246016
99999E00028240,5,False,DO,DO.01,False,0.0,0.0,0.004448838,0.0,0.0,0.0,0.0,0.1875927,0.14050914,0.50457245,0.0,0.0,0.0,0.1628769,0.0,0.0,0.0
99999E00028241,4,False,DO,DO.01,False,0.0,0.011027871,0.04866551,0.045569673,0.029986072,0.0077530122,0.0025084654,0.011154039,0.020134218,0.009295601,0.0027569674,0.00048847945,0.0012574295,0.066282734,0.091272764,0.5799346,0.07191261
99999E00028242,7,False,DO,DO.01,False,0.0,0.0,0.0,0.00237691,0.0,0.0,0.0,0.0,0.0,0.0,0.0,0.0,0.0,0.0,0.9976231,0.0,0.0
99999E00028257,5,False,16,16.23,False,0.0,0.0005194139,0.0,0.0,0.0,0.02232597,0.010237036,0.72221786,0.105276555,0.0032831822,0.0045030597,0.00014848282,0.0035707639,4.0846582e-05,0.0036761924,0.033558782,0.09064188
99999E00028269,3,False,DO,DO.01,False,0.0,0.019923905,0.06524635,0.11418532,0.114341095,0.020910123,0.014485118,0.11323272,0.034363072,0.049362592,0.0010142385,0.007457174,0.031476136,0.071952656,0.02926162,0.24559028,0.0671975
99999E00028383,4,False,DO,DO.01,False,0.0,0.0061434647,0.100807995,0.025898214,0.058045793,0.026525479,0.03950368,0.022827063,0.024499381,0.05379576,0.010372553,0.010799651,0.043665268,0.035449155,0.45192465,0.07379374,0.015948106
99999E00028387,6,False,56,56.30,False,0.0,0.0,0.0,0.0,0.0,0.0,0.0,0.0,0.0,0.0,0.0,0.0,0.0,0.0,0.2101091,0.018452695,0.77143824
99999E00028411,4,False,DO,DO.01,False,0.0,0.0,0.0072605717,0.064998634,0.035475295,0.019107413,0.028273832,0.058257833,0.015256985,0.02306587,0.0,0.0,0.016895812,0.03243409,0.54396605,0.12186631,0.033141393
99999E00028427,4,False,DO,DO.01,False,0.0,0.0,0.086920485,0.0565066,0.016691864,0.010385885,0.010155551,0.05612794,0.0702058,0.022472998,0.0,0.0032992945,0.057313357,0.16063666,0.0015229525,0.36644608,0.081314534
99999E00028428,6,False,47,47.11,True,0.0,0.0,0.0,0.0,0.0,0.0,0.0,0.0,0.0012271286,0.0,0.0,0.0,0.0,0.0,0.069065616,0.0,0.9297072
99999E00028466,6,False,DO,DO.02,False,0.0,0.00084865524,0.0,0.0,0.0,0.0,0.0015203409,0.0025619406,0.0,0.0,0.0,0.0,0.0,0.0,0.9626028,0.02287251,0.009593799
99999E00028494,3,False,DO,DO.01,False,0.0,0.004833074,0.040382333,0.03993597,0.013963582,0.04496606,0.01858117,0.025178164,0.056137543,0.0,0.009401407,0.0,0.020689866,0.031867504,0.08565623,0.5496098,0.05879727
99999E00028510,7,False,55,55.10,True,0.0,0.31230453,0.02118245,0.060941268,0.003608326,0.0,0.0,0.0,0.0,0.0,0.0,0.0,0.0,0.0,0.17159072,0.39390755,0.03646518
99999E00028514,4,False,DO,DO.01,False,0.0,0.0019218547,0.10355209,0.08863795,0.00565153,0.06850105,0.028064553,0.062147066,0.018785216,0.08267169,0.06123783,0.060133982,0.029543955,0.052743055,0.20353568,0.0629149,0.069957644
99999E00028531,4,False,47,47.78,False,0.0,0.0,0.0036140066,0.0077289566,0.00021983884,0.0,0.00029407948,0.0023807464,0.00054202887,0.0008087186,0.0,0.0,0.00069627643,0.00045697647,0.42956868,0.5428383,0.010851389
99999E00028547,4,False,85,85.59,False,0.0,0.0,0.0,0.0,0.0,0.0094409175,0.0,0.09168215,0.13621728,0.0,0.0,0.0,0.0058331313,0.001326996,0.21427067,0.006479835,0.53474903
99999E00028551,4,False,DO,DO.01,False,0.0,0.0045027067,0.020511163,0.02802453,0.017039606,0.064040005,0.007898271,0.02630945,0.05081608,0.012211924,0.01873368,0.007897654,0.019331118,0.047838785,0.31507948,0.25207,0.1076955
99999E00028557,6,False,47,47.30,False,0.0,0.0,0.0,0.0,0.0,0.0,0.0,0.0,0.0,0.0,0.0,0.0,0.0,0.0,0.9854773,0.0,0.014522676
99999E00028584,4,False,DO,DO.01,False,0.0,0.046789426,0.0,0.31310782,0.32386053,0.027617434,0.041591574,0.0456924,0.0,0.0,0.0,0.0,0.009716598,0.065090775,0.06134692,0.026912194,0.038274344
99999E00028600,6,False,DO,DO.02,False,0.0,0.0,0.0,0.0,0.0,0.0,0.0,0.0,0.0016498636,0.0,0.0,0.0,0.0,0.0,0.3687577,0.34442982,0.2851626
99999E00028622,6,False,56,56.10,False,0.0,0.0005455799,0.002351857,0.0005060635,0.0007597327,0.0021797698,0.0,0.0070428234,0.0037342901,0.0,0.0,0.0,0.0028273272,0.023439536,0.09232154,0.020502584,0.8437889
99999E00028624,6,False,55,55.10,True,0.0,0.008500461,0.0,0.0,0.0,0.0016102742,0.0,0.0067712595,0.00024542396,0.0002400515,0.0,0.0,0.00043761163,0.0,0.028285295,0.077202626,0.876707
99999E00028642,6,False,55,55.10,False,0.0,0.0,0.0,0.0,0.0011688654,0.0,0.0,0.10814044,0.0,0.0,0.0,0.0,0.0,0.013141699,0.0273981,0.6010668,0.24908404
99999E00028653,4,False,47,47.78,False,0.0,0.0,0.0,0.0044854823,0.0,7.557928e-05,0.00026174885,0.045066003,0.0013882137,0.5972298,0.0,0.0,0.0,0.0,0.023893246,0.32412198,0.003477944
99999E00028698,6,False,82,82.99,False,0.0,0.0,0.0,0.0,0.0,0.0,0.0,0.2019383,0.31909218,0.004563156,0.0,0.0,0.0,0.0,0.023565559,0.17733216,0.2735087
99999E00028728,4,False,49,49.39,False,0.0,0.0,0.004842195,0.01508049,0.013986841,0.058902197,0.0056874817,0.08424169,0.07456838,0.0020126826,0.0,0.0,0.044215824,0.07906696,0.034626693,0.29411003,0.2886585
99999E00028743,4,False,DO,DO.01,False,0.0,0.0085551515,0.032256294,0.024520583,0.014612764,0.0,0.005673374,0.0,0.014530427,0.0,0.0,0.0,0.0,0.009166795,0.8126963,0.05883921,0.01914911
99999E00028769,7,False,DO,DO.01,True,0.014063427,0.1340486,0.14220108,0.24404721,0.10302187,0.06800545,0.022430092,0.007445529,0.0,0.0060701445,0.04910322,0.072239645,0.00015352259,0.010521035,0.0070272908,0.119621895,0.0
99999E00028773,2,False,61,61.10,False,0.0,0.0,0.0,0.0,0.0,0.0,0.0,0.0,0.0,0.0,0.0,0.0,0.0,0.0,1.0,0.0,0.0
99999E00028834,4,False,DO,DO.01,False,0.0,0.0022920917,0.26116803,0.032871757,0.003540886,0.024643935,0.0052678594,0.037056796,0.017463367,0.058298163,0.0023750812,0.005710469,0.021391537,0.37849942,0.059677374,0.050789587,0.0389537
99999E00028864,6,False,84,84.1,False,0.0,0.0,0.0,0.0,0.0021663073,0.00934889,0.0,0.06379148,0.0045170505,0.0,0.0,0.0,0.0,0.0,0.22070523,0.026798956,0.6726721
99999E00028875,4,False,47,47.79,False,0.0,0.0,0.0023900776,0.0,0.0,0.0,0.0001736715,0.027823182,0.0,0.904914,0.0005941688,0.0,0.0009699918,0.0011112745,0.033057343,0.028966287,0.0
99999E00028876,7,False,DO,DO.01,True,0.006340906,0.15796317,0.096707225,0.010813324,0.0063865315,0.13421167,0.07306544,0.012014804,0.0356957,0.0020520769,0.030909335,0.022853114,0.0046201595,0.0131597975,0.06947621,0.15268688,0.17104368
99999E00028884,6,False,55,55.10,False,0.0,0.053407755,0.0,0.0,0.0,0.0,0.0,0.0,0.008220978,0.0,0.0,0.0,0.0,0.0,0.2777786,0.6273717,0.033220924
99999E00028886,6,False,64,64.19,False,0.0,0.0,0.0,0.0,0.0,0.0,0.0,0.015276319,0.0,0.0,0.0,0.0,0.0,0.0,0.23086062,0.0,0.7538631
99999E00028951,4,False,DO,DO.01,False,0.0,0.0,0.040728897,0.018750552,0.0,0.19896905,0.12466132,0.18665454,0.08409871,0.008666138,0.0008118392,0.002367049,0.05462797,0.02260434,0.23265553,0.010602816,0.013801267
99999E00028952,6,False,47,47.78,False,0.0,0.0,0.0,0.0,0.0,0.0,0.0,0.21981426,0.0,0.27312183,0.0,0.0,0.0,0.0,0.0,0.0,0.5070639
99999E00028955,4,False,96,96.0,False,0.0,0.0018119036,0.022308312,0.004360119,0.00039582758,0.122528486,0.12123874,0.16430092,0.13461627,0.018020382,0.04033832,0.0,0.13248312,0.09000566,0.08345224,0.040042352,0.024097357
99999E00028961,6,False,55,55.10,False,0.0,0.0,0.0,0.0,0.0,0.0,0.0,0.0,0.0,0.0,0.0,0.0,0.0,0.0,0.24355838,0.012433881,0.7440077
99999E00028963,4,False,DO,DO.01,False,0.0008238306,0.028855352,0.027056826,0.025852833,0.02659325,0.008423324,0.0022267452,0.050847337,0.11528702,0.0028063445,0.00070437515,0.0013133232,0.007155655,0.07586364,0.07522105,0.3924871,0.158482
99999E00029019,3,False,DO,DO.01,False,0.0,0.00554265,0.023564413,0.09377675,0.004051025,0.005501895,0.0,0.012030811,0.0,0.0,0.0,0.0,0.0,0.0,0.14536415,0.67984676,0.030321557
99999E00029023,5,False,16,16.23,False,0.0,0.0010693626,0.00026416077,0.0,0.0008296345,0.08980472,0.0456585,0.5004132,0.17765532,0.008602258,0.0008210112,0.012481598,0.06909903,0.0035892383,0.029299572,0.0010945139,0.059317973
99999E00029035,3,False,DO,DO.01,False,0.0012494373,0.009571915,0.08946397,0.06714726,0.12620915,0.0043050973,0.062479857,0.04686855,0.07822703,0.059618674,0.005522566,0.0,0.1193892,0.08327539,0.042643376,0.18220471,0.02182386
99999E00029111,4,False,47,47.64,False,0.0,0.006216549,0.0,0.0025075085,0.0,0.0026340303,0.0067846235,0.09980868,0.047698706,0.7730488,0.0026561078,0.0,0.0020854862,0.0,0.04303693,0.01103966,0.0024828834
99999E00029139,4,False,01,01.1,False,0.0,0.011891388,0.008121479,0.0019812922,0.004398832,0.008703143,0.05922791,0.18759747,0.17805454,0.041756187,0.00018904071,0.0,0.10914557,0.010702614,0.34230548,0.02444442,0.0114805885
99999E00029144,4,False,96,96.02,False,0.0,0.010148964,0.00045252667,0.0,0.0006470856,0.11042596,0.117586434,0.19775493,0.27783245,0.0041853795,0.0019644934,0.0043917536,0.018514208,0.00076405716,0.18584432,0.0020145117,0.06747295
99999E00029153,5,False,85,85.10,False,0.0,0.0,0.0057720663,0.0,0.0,0.111560985,0.029380415,0.6107775,0.007945535,0.0,0.0,0.0,0.01450324,0.07603598,0.12785883,0.0048369938,0.011328545
99999E00029156,5,False,16,16.23,False,0.0,0.0,0.0,0.0,0.0,0.027961098,0.04177887,0.30163467,0.094872065,0.01063873,0.0,0.0,0.08944226,0.0012645257,0.2776191,0.020819372,0.13396938
99999E00029159,4,False,52,52.10,False,0.0,0.017594488,0.0838518,0.027674407,0.03743361,0.07938743,0.026866958,0.07128237,0.06628486,0.04322046,0.0052620084,0.0,0.014050763,0.022622561,0.10991621,0.14922129,0.24533087
99999E00029164,4,False,DO,DO.01,False,0.002262241,0.18387674,0.08893226,0.20742342,0.049825333,0.022747044,0.010853521,0.028007276,0.020045446,0.0017652811,0.0021344665,0.0,0.04422315,0.13208242,0.12587067,0.06888105,0.011069795
99999E00029172,6,False,DO,DO.02,False,0.0,0.010322133,0.0,0.0,0.0040132427,0.022341283,0.0,0.0018279639,0.0,0.0,0.0,0.0,0.0,0.0,0.7212139,0.094603345,0.14567815
99999E00029182,5,False,25,25.11,False,0.0,0.0108729955,0.00904294,0.00430981,0.012509446,0.06653631,0.00887452,0.2746344,0.08154665,0.0,0.0,0.0,0.016518598,0.034725722,0.045825735,0.10489404,0.32970887
99999E00029186,3,False,DO,DO.01,False,0.059227977,0.04265469,0.036587987,0.05658282,0.096778326,0.011618816,0.030840872,0.13752453,0.038422443,0.02860197,0.0,0.004114885,0.035822425,0.12328223,0.18269075,0.047027767,0.068221495
99999E00029213,5,False,85,85.3,False,0.0,0.0033095884,0.0,0.0,0.0,0.052998133,0.005191619,0.73381466,0.016743906,0.0047108643,0.0,0.0,0.0,0.0011916084,0.1080838,0.0033150958,0.07064075
99999E00029221,5,False,41,41.20,False,0.0012558238,0.0,0.041677516,0.04315202,0.0065644383,0.022096664,0.017748142,0.07024698,0.1191283,0.3005313,0.01166479,0.0036091916,0.014663772,0.12765874,0.13598718,0.030218905,0.053796317
99999E00029227,4,False,DO,DO.01,False,0.0,0.0,0.024218448,0.059776958,0.047150142,0.05611216,0.021187069,0.04497298,0.0338899,0.0077060345,0.0010478614,0.004699993,0.043856345,0.0055922135,0.36553532,0.22947802,0.054776546
99999E00029241,6,False,55,55.10,True,0.00021971896,0.14435408,0.0,0.002550725,0.0,0.0,0.0,0.0,0.0,0.0,0.0,0.0,0.0,0.0,0.088567615,0.737938,0.026369868
99999E00029266,6,False,DO,DO.02,False,0.0,0.005498351,0.0,0.0,0.01270608,0.016385144,0.0,0.003962515,0.0,0.0,0.0,0.0,0.0,0.007630011,0.42610055,0.1783797,0.34933764
99999E00029288,4,False,01,01.50,False,0.0,0.0011211712,0.023591153,0.0,0.0,0.008852969,0.00071190635,0.002717257,0.0029086198,0.0030790302,0.0007761596,0.005346981,0.0010694893,0.0045196046,0.5346543,0.184631,0.22602028
99999E00029297,6,False,55,55.10,True,0.0,0.08192192,0.00040210204,0.0,0.0,0.0,0.0,0.0,0.00041886972,0.0,0.0,0.0,0.0,0.0,0.06792477,0.75222087,0.09711151
99999E00029299,4,False,DO,DO.01,False,0.0,0.0063096844,0.045122903,0.00956641,0.01856101,0.0029398513,0.0,0.005025125,0.018762983,0.0,0.0,0.0,0.0060879597,0.06520904,0.36381716,0.19437847,0.26421946
99999E00029326,3,False,DO,DO.01,False,0.0005813994,0.0,0.024883894,0.09559969,0.093175426,0.0033615457,0.04928505,0.10577594,0.14202003,0.06449306,0.00816778,0.0,0.1056068,0.08367571,0.18270037,0.040673293,0.0
99999E00029342,4,False,DO,DO.01,False,0.0,0.0,0.027740614,0.02506541,0.0,0.035344426,0.0,0.0,0.022078566,0.0079497,0.0,0.016534667,0.0,0.008213395,0.33324182,0.1924794,0.331352
99999E00029399,7,False,45,45.20,True,0.000758048,0.2555714,0.011675897,0.09476321,0.0055760997,0.0040397174,0.0,0.0,0.029045274,0.0029365052,0.0,0.0023945733,0.0,0.0,0.049197778,0.5037096,0.04033186
99999E00029411,6,False,10,10.71,False,0.0,0.0,0.0,0.0,0.0,0.0,0.0,0.0,0.0,0.0,0.0,0.0,0.0,0.0,0.07865872,0.0035835821,0.9177577
99999E00029412,4,False,47,47.51,False,0.0,0.0,0.0,0.0,0.0,0.0,0.0036421912,0.030016717,0.01558432,0.8855812,0.0,0.0,0.0,0.0,0.06478784,0.0,0.00038780988
99999E00029447,6,False,01,01.41,False,0.0,0.0005145834,0.0,0.0005218431,0.0,0.00018372184,0.0,0.010300975,0.0012446039,0.0,0.0012528775,0.0,0.0,0.0,0.03603641,0.12201359,0.8279314
99999E00029458,4,False,DO,DO.01,False,0.0,0.012346456,0.16189517,0.117390186,0.08933309,0.02234262,0.0011197756,0.03351393,0.01960041,0.008026229,0.0039237593,0.0,0.009315417,0.06138147,0.061273623,0.325983,0.07255484
99999E00029465,4,False,93,93.1,False,0.0023441925,0.048513953,0.035349026,0.2841544,0.03519899,0.0011878896,0.00065317005,0.0075199166,0.055983108,0.14206056,0.004787658,0.047897447,0.009527936,0.008147141,0.15955965,0.10915725,0.047957804
99999E00029529,4,False,DO,DO.01,False,0.0,0.002778487,0.028551735,0.021495534,0.008912551,0.036096178,0.0,0.025937146,0.067141734,0.03758678,0.0056742895,0.008509709,0.014926712,0.008331148,0.17326337,0.539463,0.021331638
99999E00029535,3,False,DO,DO.01,False,0.0,0.0071925614,0.12558854,0.31274614,0.06437437,0.0,0.0035566366,0.04910575,0.0069735744,0.015325253,0.0034962269,0.0015404541,0.04787112,0.16793215,0.041301537,0.1305497,0.022446077
99999E00029574,4,False,45,45.20,False,0.0,0.0,0.03458483,0.017649267,0.0,0.0119165275,0.0016585105,0.032696605,0.056704894,0.014879094,0.0,0.0,0.07263677,0.1545167,0.009439939,0.31975743,0.27355942
99999E00029583,6,False,56,56.10,False,0.0,0.0,0.0,0.0,0.0,0.0019897372,0.0,0.0013862661,0.0,0.0,0.0,0.0,0.0,0.0,0.045493737,0.014568261,0.936562
99999E00029604,4,False,16,16.29,False,0.0,0.0,0.002598848,0.0003125494,0.0,0.009986489,0.099971846,0.2970615,0.103601195,0.4297072,0.0,0.0,0.035933588,0.0019946392,0.014254234,0.0037181089,0.0008598858
99999E00029609,4,False,DO,DO.01,True,0.007867289,0.09191277,0.0480415,0.03463127,0.016863372,0.01161248,0.001613151,0.0131712,0.02533646,0.0060599074,0.0004169596,0.0018153405,0.0031424738,0.0672902,0.1811334,0.34307998,0.14601213
99999E00029636,7,False,49,49.4,False,0.0,0.001183497,0.0020105527,0.003973928,0.0020893428,0.00097303523,0.0,0.001248076,0.006859294,0.0,0.0,0.0,0.0,0.0,0.7473181,0.09614119,0.138203
99999E00029650,6,False,47,47.59,False,0.0,0.0,0.0,0.0,0.0,0.034332793,0.002930827,0.16054831,0.14188297,0.018029314,0.0,0.0,0.0,0.0117671415,0.1717207,0.03903673,0.41975117
99999E00029660,4,False,DO,DO.01,False,0.0,0.0064702407,0.05041382,0.06243494,0.09009167,0.06996999,0.05409234,0.04491721,0.046193674,0.020642683,0.007492714,0.0075263623,0.031728167,0.027273567,0.2687706,0.18309988,0.028882172
99999E00029721,6,False,56,56.30,False,0.0,0.0,0.0009975464,0.0036695919,0.0018116747,0.0,0.0,0.0089323865,0.0027575456,0.0,0.0,0.0,0.0,0.015879769,0.083168104,0.8616374,0.021145927
99999E00029722,7,False,94,94.99,False,0.0,0.0121399835,0.0,0.0,0.0,0.039607584,0.013331489,0.029516742,0.0013937498,0.0,0.0059871147,0.0028287112,0.003239193,0.0004538719,0.7862312,0.023195758,0.08207456
99999E00029733,6,False,55,55.10,False,0.0,0.0,0.0,0.0,0.00067107525,0.0015435473,0.0,0.0017959543,0.0074624713,0.0,0.0,0.0,0.0,0.0017601836,0.06525622,0.8053699,0.11614063
99999E00029737,4,False,47,47.71,False,0.0,0.0,0.00020157272,0.0,0.0,0.00016291169,0.0020550096,0.030655446,0.02258776,0.91281015,0.0,0.0,0.00025691206,0.000733222,0.027541582,0.000119567325,0.0028759236
99999E00029782,4,False,25,25.73,False,0.03202425,0.4379656,0.019463059,0.017588444,0.06470976,0.025436487,0.004925402,0.052548036,0.044190027,0.018813154,0.0038101962,0.013201823,0.01627116,0.03611541,0.13844004,0.032743767,0.041753396
99999E00029788,4,False,DO,DO.01,False,0.0,0.006930743,0.06346986,0.057183538,0.03630327,0.012633,0.014157792,0.050103884,0.024917876,0.02881865,0.0040738303,0.0,0.017996691,0.024342367,0.33096877,0.27920377,0.048896022
99999E00029807,4,False,DO,DO.01,False,0.0,0.0,0.041331016,0.026818763,0.006219537,0.0,0.0027291619,0.012653635,0.0055765375,0.0,0.0,0.0,0.008182703,0.025152842,0.05519822,0.799887,0.016250607
99999E00029812,3,False,DO,DO.01,False,0.0,0.0037308007,0.044655997,0.052061405,0.026094839,0.16879736,0.0033789766,0.046435885,0.10872219,9.1620845e-05,0.025832193,0.0,0.10289021,0.1640624,0.01932589,0.14150901,0.09241123
99999E00029818,4,False,DO,DO.01,False,0.0021328626,0.0023686497,0.021126522,0.08047616,0.041630566,0.0066316808,0.0018135397,0.09791228,0.012514232,0.004044759,0.0,0.0,0.014804734,0.057779964,0.23833764,0.08896449,0.32946193
99999E00029824,4,False,DO,DO.01,False,0.0,0.040073957,0.123126164,0.057920776,0.03942358,0.011780256,0.011770372,0.046141177,0.06133575,0.012045481,0.04788606,0.004160897,0.019230269,0.08305715,0.22402255,0.13623814,0.08178737
99999E00029825,4,False,47,47.64,False,0.0,0.0026472143,0.017213168,0.009570955,0.0,0.0021633555,0.005498929,0.19375476,0.07931565,0.6140496,0.00084225746,0.0,0.0,0.0,0.02238548,0.006423572,0.04613513
99999E00029838,7,False,43,43.22,True,0.0035692826,0.20217583,0.035151225,0.031180253,0.0017444127,0.009173014,0.0,0.0,0.00973524,0.0,0.0023591262,0.0,0.0,0.0,0.054628223,0.54576665,0.10451683
99999E00029841,3,False,DO,DO.01,False,0.0,0.0,0.03994624,0.051960178,0.10803891,0.11087724,0.0,0.11101847,0.08577416,0.0,0.0,0.0,0.0,0.0,0.0,0.3412014,0.1511834
99999E00029842,3,False,49,49.39,False,0.0,0.0,0.0,0.0,0.0,0.002433038,0.0018816919,0.9418846,0.0013303453,0.0,0.0,0.0,0.0004553054,0.018635508,0.031579692,0.001799879,0.0
99999E00029847,7,False,DO,DO.01,False,0.0,0.0,0.012193121,0.010950428,0.0077636037,0.0029090908,0.002507347,0.0,0.0023394153,0.002677862,0.0,0.0,0.0,0.0,0.9235743,0.016428871,0.018655904
99999E00029857,4,False,DO,DO.01,False,0.0,0.0021076163,0.008894963,0.018962707,0.057754852,0.045085527,0.040593434,0.3339243,0.028688818,0.022870498,0.0047586756,0.0074172406,0.040255412,0.08196798,0.04398558,0.13039088,0.13234144
99999E00029869,4,False,DO,DO.01,False,0.0,0.0056081475,0.043029446,0.043257512,0.036105253,0.08269026,0.011392017,0.017321698,0.025730181,0.0004112642,0.02109785,0.0025610542,0.0,0.05400272,0.44241926,0.1819657,0.03240761
99999E00029875,4,False,DO,DO.01,False,0.0,0.075475216,0.051196113,0.10253643,0.0633204,0.009409533,0.005205296,0.023587517,0.0141243,0.013465348,0.0,0.0028263337,0.018095903,0.079231024,0.33785266,0.15266728,0.051006638
99999E00029879,6,False,56,56.10,False,0.007538529,0.07341792,0.0069130003,0.0,0.0052152225,0.0,0.0,0.00301569,0.004170787,0.002063142,0.00071523053,0.023277674,0.0,0.006676478,0.7463657,0.08071009,0.039920494
99999E00029934,5,False,85,85.3,False,0.0,0.0102917105,0.0,0.005229748,0.0,0.2531048,0.0066464324,0.47597027,0.0019160355,0.0,0.0023843255,0.0011271357,0.0,0.0071198205,0.17365788,0.02225731,0.040294528
99999E00029936,3,False,DO,DO.01,False,0.0152043365,0.0,0.20911895,0.092184275,0.10618395,0.0530144,0.0,0.062040262,0.04603282,0.14714257,0.015907058,0.0,0.02481428,0.09383613,0.018882217,0.08102287,0.034615878
99999E00029963,7,False,68,68.31,False,0.0,0.5621315,0.0,0.0,0.0,0.0,0.0,0.0,0.0,0.0,0.0,0.0,0.0,0.0,0.39516887,0.042699575,0.0
99999E00029973,4,False,47,47.78,False,0.023283945,0.14106286,0.0026995067,0.055093624,0.048268005,0.0,0.008609569,0.022532918,0.13407831,0.495924,0.0,0.0,0.004904034,0.0050528427,0.03259424,0.02242952,0.0034666026
99999E00029976,5,False,71,71.12,False,0.0,0.0,0.050513525,0.0,0.0,0.013793773,0.0,0.19718647,0.02594195,0.25060862,0.0,0.0,0.0,0.0008970095,0.06521151,0.0043568,0.39149025
99999E00029979,6,False,55,55.10,False,0.0,0.0,0.0015461777,0.0,0.0,0.0,0.0,0.0,0.0021007503,0.0,0.0,0.0,0.0,0.0020526408,0.15143652,0.6305722,0.21229169
99999E00030002,4,False,49,49.4,False,0.0,0.0125089595,0.0,0.0,0.0,0.002915297,0.0023876023,0.01861267,0.0048172222,0.0,0.0,0.0,0.0017993526,0.0,0.9539027,0.0021429101,0.0009132703
99999E00030035,4,False,DO,DO.01,False,0.0,0.015715118,0.020481998,0.17493568,0.01743392,0.0,0.003235537,0.0,0.02415332,0.01218013,0.0,0.0,0.05413986,0.15788399,0.48849306,0.028452763,0.0028946982
99999E00030049,4,False,DO,DO.01,False,0.0,0.0012360638,0.023035452,0.05768807,0.16496861,0.020936592,0.0122107165,0.05874974,0.09366548,0.016949981,0.0,0.0,0.10799342,0.2528607,0.07804335,0.1105145,0.0011473362
99999E00030054,4,False,DO,DO.01,False,0.00027108856,0.0118764,0.048612297,0.038669467,0.028530369,0.00956,0.008959525,0.03456816,0.0500309,0.017678082,0.0,0.0009920481,0.028692631,0.09723043,0.46139464,0.14569017,0.017243758
99999E00030069,2,False,61,61.20,False,0.0,0.0,0.0,0.0,0.0,0.0,0.0,0.0,0.0,0.0,0.0,0.0,0.0,0.0,1.0,0.0,0.0
99999E00030076,3,False,DO,DO.01,False,0.0,0.0,0.0,0.0,0.0,0.12945493,0.0,0.2562893,0.25052407,0.079140455,0.22641508,0.0,0.009433961,0.0,0.02620545,0.0,0.022536688
99999E00030080,4,False,94,94.91,False,0.0,0.004769817,0.024715025,0.008843034,0.0026871506,0.012227094,0.010750463,0.040595394,0.007078893,0.5127902,0.0,0.0,0.022966703,0.0,0.06656715,0.044534937,0.24147418
99999E00030103,6,False,56,56.10,False,0.0,0.0,0.0,0.0,0.0,0.0,0.0,0.05117187,0.00047571168,0.0,0.0,0.0,0.0,0.010342412,0.09015571,0.657143,0.19071135
99999E00030114,6,False,49,49.39,False,0.0,0.10909661,0.0,0.0,0.012683282,0.0,0.00020264697,0.35249606,0.002407584,0.0,0.0,0.0,0.0,0.25803983,0.12955907,0.07079518,0.064719796
99999E00030124,4,False,43,43.21,True,0.023536384,0.2554974,0.0017039055,0.0067508956,0.0059878584,0.12922823,0.013296268,0.011224024,0.037291076,0.018161759,0.03578168,0.086590566,0.0026307607,0.001153064,0.25238088,0.027407289,0.09137798
99999E00030125,4,False,47,47.64,False,0.0,0.0,0.16955262,0.14144321,0.10405361,0.0065120636,0.11451872,0.15586135,0.08814187,0.20783837,0.0,0.0,0.004042657,0.0065120636,0.0,0.0,0.0015234645
99999E00030126,6,False,47,47.64,False,0.0,0.0,0.019987833,0.010201184,0.0054669334,0.012292304,0.009164316,0.088207565,0.0,0.80286515,0.0,0.0,0.0,0.0016536695,0.0011680244,0.00080010324,0.048192922
99999E00030131,4,False,55,55.10,False,0.0,0.0010600458,0.0,0.021615129,0.0037335122,0.0129960105,0.0,0.02370431,0.0043468,0.0022513545,0.0,0.0,0.007324596,0.0014678603,0.106554136,0.75510424,0.059841998
99999E00030151,2,False,61,61.20,False,0.0,0.0,0.0,0.0,0.0,0.0,0.0,0.0,0.0,0.0,0.0,0.0,0.0,0.0,0.99334025,0.0066597546,0.0
99999E00030183,6,False,10,10.51,True,0.0,0.00010181207,0.0,0.0,0.0,0.0,0.0,0.0,0.0,0.0,0.0,0.0,0.0,0.0,0.6459955,0.0,0.35390267
99999E00030229,3,False,DO,DO.01,False,0.0,0.05839718,0.16178626,0.11944702,0.03664023,0.20478384,0.0,0.16303837,0.0,0.08803466,0.0,0.00735128,0.0,0.06970486,0.021518147,0.06929825,0.0
99999E00030233,5,False,16,16.23,False,0.0,0.0,0.0038670239,0.0,0.0,0.02969555,0.026034277,0.4416361,0.2668592,0.14695075,0.00047368553,0.0,0.029342398,0.002250198,0.012325804,0.0027008518,0.03786413
99999E00030315,4,False,DO,DO.01,False,0.0,0.002584279,0.264584,0.34216928,0.09199362,0.018744415,0.00890015,0.021060562,0.013179678,0.005298064,0.0028961874,0.0042306446,0.01236069,0.011387026,0.033401553,0.15772493,0.009484932
99999E00030391,4,False,DO,DO.01,False,0.0,0.0,0.011527555,0.13249888,0.02860445,0.016326927,0.0,0.021985527,0.011364033,0.0,0.0050855335,0.0,0.0,0.01414242,0.4603909,0.22999068,0.068083115
99999E00030394,7,False,DO,DO.01,False,0.0,0.0009449563,0.0,0.0,0.0,0.0,0.016394991,0.0,0.0,0.0,0.0,0.0,0.0,0.0,0.9788566,0.0038034492,0.0
99999E00030437,4,False,DO,DO.01,False,0.0,0.0071605872,0.04283203,0.013103796,0.0036786937,0.009818268,0.008725414,0.03618304,0.25534114,0.106837995,0.024015352,0.08200757,0.12672053,0.045045603,0.03160829,0.04244714,0.16447449
99999E00030454,6,False,10,10.85,False,0.0,0.0,0.00034679053,0.0,0.0,0.0066595264,0.0005759168,0.04695018,0.0060255793,0.020951543,0.000102408165,0.0,0.0006839926,0.0005392381,0.0085507445,0.0091165025,0.89949757
99999E00030483,4,False,DO,DO.01,False,0.0,0.0047463565,0.098875955,0.016385676,0.004712694,0.015217859,0.015805652,0.020862734,0.030588493,0.03115557,0.0,0.0,0.024433507,0.18573712,0.36715254,0.13931967,0.04500623
99999E00030503,3,False,DO,DO.01,False,0.0,0.0,0.045000505,0.055592958,0.35495156,0.0,0.062107816,0.051484417,0.05190223,0.0027390267,0.0113274995,0.00018569671,0.020674234,0.016581168,0.17560719,0.15184575,0.0
99999E00030512,6,False,49,49.12,True,0.0012544198,0.020307701,0.0049074832,0.0,0.00015151963,0.002577086,0.0,0.16724637,0.016181922,0.0010568807,0.0,0.0,0.0001853298,0.04856987,0.017781643,0.37149063,0.34828916
99999E00030537,3,False,DO,DO.01,False,0.0,0.007413926,0.06134967,0.21344565,0.24790554,0.033823658,0.0,0.051832717,0.040304177,0.049672544,0.00445369,0.0,0.015174547,0.013521083,0.20468304,0.037827786,0.018591963
99999E00030549,4,False,43,43.22,False,0.0,0.002693148,0.04657442,0.026491458,0.12352758,0.074348055,0.008599413,0.062375423,0.12749699,0.02404559,0.012240069,0.001179895,0.05205906,0.047314074,0.05767183,0.17616268,0.1572204
99999E00030551,4,False,DO,DO.01,False,0.0,0.0011962622,0.06349505,0.23619299,0.25584388,0.019870406,0.0067505734,0.033798043,0.10515238,0.013335759,0.0021840015,0.010171673,0.0363021,0.033231687,0.01949573,0.12770066,0.035278887
99999E00030572,4,False,DO,DO.01,False,0.0,0.0,0.22465272,0.025423735,0.0,0.10677675,0.06793332,0.046536822,0.0,0.02167501,0.22137915,0.10842613,0.004874673,0.0,0.0013281839,0.1235365,0.047457036
99999E00030573,3,False,DO,DO.01,False,0.0,0.01511436,0.0010307712,0.018998742,0.0,0.04509353,0.0,0.04470292,0.0,0.019150646,0.0,0.0,0.0034612212,0.038398936,0.23068659,0.5164164,0.06694587
99999E00030576,3,False,DO,DO.01,False,0.0,0.0061888346,0.05575779,0.10998488,0.07563743,0.063861944,0.1707116,0.07875321,0.06628619,0.11592507,0.007777807,0.0019502792,0.022960462,0.07803449,0.053349078,0.09282087,0.0
99999E00030588,4,False,47,47.78,False,0.0,0.0,0.06304704,0.1880606,0.009573334,0.0,0.0024463597,0.0027355098,0.1965791,0.5248061,0.0,0.0,0.00464447,0.001185134,0.00037475346,0.0065477225,0.0
99999E00030599,2,False,61,61.10,False,0.0,0.0,0.0,0.0,0.0,0.0,0.0,0.0,0.0,0.0,0.0,0.0,0.0,0.0,1.0,0.0,0.0
99999E00030602,4,False,47,47.59,False,0.0,0.0,0.0093283765,0.0,0.0,0.0,0.0,0.0,0.23709244,0.046397295,0.0,0.0,0.0,0.007557502,0.213817,0.48580742,0.0
99999E00030611,4,False,DO,DO.01,False,0.0,0.04491151,0.23200347,0.10468998,0.014854524,0.0670504,0.0,0.026875827,0.011810055,0.011872187,0.00902157,0.0,0.026358891,0.06539769,0.13292277,0.23808245,0.014148705
99999E00030622,3,False,DO,DO.01,False,0.0,0.025216088,0.0,0.0,0.0,0.0,0.0,0.21819417,0.0,0.0,0.0,0.0,0.0,0.0,0.7170869,0.039502826,0.0
99999E00030631,4,False,16,16.2,False,0.0,0.0034337584,0.011430248,0.0,0.002200432,0.027050192,0.07529782,0.16109739,0.0830667,0.026609777,0.017693017,0.0,0.031786297,0.010607757,0.5120038,0.01214428,0.02557858
99999E00030675,4,False,DO,DO.01,False,0.0,0.012094937,0.11334646,0.067986175,0.020410782,0.0039079995,0.0,0.0047110403,0.02124013,0.015551102,0.0,0.0,0.0056817923,0.008177729,0.2155365,0.4350093,0.076346084
99999E00030676,3,False,DO,DO.01,False,0.0,0.0,0.05141202,0.060371548,0.047803517,0.0025288938,0.0,0.03367155,0.023046669,0.021771561,0.003258679,0.0,0.015706921,0.021610612,0.048607532,0.589671,0.080539495
99999E00030679,4,False,DO,DO.01,False,0.005524518,0.041710112,0.15792891,0.08584118,0.14896241,0.124695025,0.023182727,0.03509081,0.07094812,0.08370224,0.003697956,0.008939018,0.034385063,0.042049974,0.098042846,0.028869223,0.006429845
99999E00030688,3,False,DO,DO.01,False,0.0,0.0021991204,0.10285018,0.07461484,0.040336195,0.024371209,0.058199774,0.1098791,0.083526686,0.056091808,0.012051008,0.00085458043,0.0679662,0.22638546,0.021962717,0.085364036,0.033347152
99999E00030698,4,False,DO,DO.01,False,0.0006741603,0.004406739,0.071383566,0.085152455,0.002495061,0.0022814653,0.022120468,0.03235436,0.022949485,0.008734715,0.0038260268,0.0007555935,0.01879639,0.039871577,0.48304856,0.19541438,0.005735035
99999E00030700,4,False,DO,DO.01,False,0.0,0.0010008591,0.023478245,0.023306131,0.018057408,0.07400138,0.030323716,0.06879315,0.11157698,0.07490099,0.010530715,0.0017442718,0.06392191,0.16870406,0.093602024,0.1379016,0.098156504
99999E00030715,6,False,47,47.11,False,0.0,0.0,0.0,0.0,0.0,0.0,0.0,0.0034125894,0.0043102764,0.0,0.0,0.0,0.0003905449,0.0010062811,0.08703537,0.2126021,0.6912429
99999E00030794,2,False,61,61.10,False,0.0,0.0,0.0,0.0,0.0,0.0,0.0,0.0,0.0,0.0,0.0,0.0,0.0,0.0,1.0,0.0,0.0
99999E00030835,4,False,55,55.10,False,0.0,0.011929548,0.0,0.006170909,0.012403086,0.005471244,0.0,0.0124063715,0.012281244,0.0,0.0,0.0,0.0039249323,0.0,0.43464124,0.4170284,0.083743006
99999E00030838,6,False,47,47.25,False,0.0,0.0017800458,0.010359356,0.0019288735,0.0006774321,0.0039875163,0.007244066,0.2833269,0.007525185,0.19227017,0.0,0.0035393513,0.0,0.0035533647,0.013994843,0.035996668,0.43381628
99999E00030842,3,False,DO,DO.01,False,0.0019627565,0.03104232,0.0644798,0.08368174,0.012092865,0.04004256,0.020986699,0.06958258,0.09443578,0.05777702,0.00014123337,0.0016029021,0.005415236,0.08541233,0.09680289,0.27493492,0.059606284
99999E00030863,6,False,56,56.30,False,0.0,0.0,5.3853062e-05,0.0025376799,0.00045075713,4.2196556e-05,4.9715003e-05,0.0016180981,0.0024623787,0.0005808437,0.0,4.202171e-05,3.8466475e-05,0.0018399797,0.5607621,0.054621983,0.37489995
99999E00030878,7,False,DO,DO.01,False,6.3916224e-05,0.002568699,0.07991572,0.117053136,0.068249956,0.0023955489,0.01168331,0.033729956,0.054093037,0.012336355,0.0026011807,0.003684875,0.00864205,0.03506093,0.1783116,0.3212563,0.06835343
99999E00030903,6,False,DO,DO.01,False,0.0,0.0026935916,0.0,0.0047703586,0.0057554566,0.0027050579,0.0,0.020628722,0.019260176,0.0,0.0,0.0,0.0,0.029252127,0.7464678,0.08431039,0.08415627
99999E00030919,7,False,10,10.71,False,0.0,0.9679958,0.0,0.0,0.0,0.0,0.0,0.0,0.0,0.0,0.0,0.0,0.0,0.0,0.029356426,0.0,0.0026477827
99999E00030942,4,False,DO,DO.01,False,0.0,0.07287732,0.06260825,0.13084698,0.08955618,0.08631881,0.034489345,0.018261148,0.007216687,0.0,0.010599692,0.0,0.027619028,0.040082425,0.2496832,0.14525278,0.024588296
99999E00030958,4,False,94,94.9,False,0.039118458,0.06012619,0.01181907,0.10090642,0.011445836,0.0,0.001217453,0.059237532,0.034977335,0.23747443,0.0,0.0,0.0036612458,0.0,0.26822183,0.09478361,0.07701057
99999E00031005,4,False,DO,DO.01,False,0.0019534372,0.03127589,0.06296984,0.099535964,0.10003193,0.06063065,0.022464525,0.0990153,0.018510146,0.011751025,0.020765716,0.014460754,0.015598991,0.025542896,0.377743,0.024944324,0.012805653
99999E00031012,6,False,56,56.30,False,0.0,0.0,0.0,0.0,0.0,0.0,0.0,0.098283984,0.0,0.0,0.0,0.0,0.0,0.47995743,0.081731245,0.0,0.34002736
99999E00031034,4,False,DO,DO.01,False,0.0,0.019315751,0.012445825,0.01447957,0.0,0.26989663,0.027520262,0.019094607,0.017192196,0.0075603947,0.28508887,0.14068283,0.012026716,0.036081593,0.08262983,0.028473398,0.02751157
99999E00031042,3,False,49,49.4,False,0.0,0.0,0.0,0.0,0.0,0.0,0.0,0.0,0.0,0.0,0.0,0.0,0.0,0.0,0.0,0.0,1.0
99999E00031089,6,False,56,56.30,False,0.0,0.00013791295,0.0,0.0,0.0,0.001754187,0.0,0.0022200695,0.0,6.425357e-05,0.0,0.0,0.0,0.0,0.1390422,0.15550599,0.7012754
99999E00031098,4,False,DO,DO.01,False,0.0,0.0,0.020730529,0.0,0.0,0.0088813715,0.0,0.023331713,0.012294961,0.016599894,0.0017967236,0.0039481297,0.0012502633,0.059413727,0.30320314,0.20296381,0.34558573
99999E00031117,6,False,55,55.10,False,0.0,0.0,0.0,0.0,0.0,0.0,0.0,0.0,0.0,0.0,0.0,0.0,0.0,0.0,0.08179065,0.76830727,0.14990212
99999E00031122,4,False,DO,DO.01,False,0.0,0.017775416,0.0458908,0.16370976,0.10881761,0.017735567,0.037436996,0.045967545,0.06896755,0.018358385,0.01251688,0.007705534,0.06457683,0.039675895,0.2540686,0.092019215,0.0047774017
99999E00031128,3,False,DO,DO.01,False,0.0,0.036867917,0.014544226,0.0,0.0,0.062686734,0.09138058,0.0,0.021590844,0.0,0.0,0.0,0.0014093241,0.16257963,0.15959187,0.26472744,0.18462147
99999E00031136,4,False,47,47.71,False,0.0,0.0,0.007637122,0.009357187,0.0,0.0,0.0029404496,0.014560065,0.010942138,0.79216844,0.0,0.0,0.0,0.0,0.049699474,0.05271441,0.059980713
99999E00031143,4,False,84,84.11,False,0.0,0.00362878,0.027361771,0.014869263,0.0066697057,0.045084454,0.0070059625,0.028149948,0.040813863,0.004051785,0.010340815,0.0,0.0018416662,0.012040883,0.30157,0.18737954,0.30919155
99999E00031144,7,False,47,47.11,False,0.0,0.06348189,0.0,0.0,0.012755264,0.0,0.0,0.002133395,0.0024481502,0.0,0.0,0.0,0.0,0.0,0.89901614,0.0029393663,0.017225778
99999E00031175,4,False,DO,DO.01,False,0.0,0.007644062,0.052711472,0.0685504,0.081766315,0.04298774,0.017821625,0.019984243,0.10552768,0.0061169798,0.0,0.0,0.040434252,0.037077237,0.16734317,0.28603154,0.06600317
99999E00031188,6,False,55,55.10,True,0.00034635534,0.04800191,0.0,0.0,0.0,0.0020666837,0.0,0.0,0.045704037,0.0014698316,0.0,0.0,0.0,0.0,0.06269126,0.6325042,0.20721567
99999E00031194,4,False,DO,DO.01,False,0.0,0.015437937,0.012156653,0.0049850033,0.0,0.008325421,0.013933961,0.010100102,0.015163292,0.0063969935,0.0016570684,0.0,0.015646221,0.0118609825,0.62032306,0.16689806,0.09711525
99999E00031218,6,False,47,47.11,True,0.0,0.0019440867,0.0,0.0,0.0,0.0,0.0,0.0,0.0,0.0,0.0,0.0,0.0,0.0,0.044609312,0.027560815,0.9258858
99999E00031282,7,False,93,93.1,True,0.0,0.015223033,0.0,0.007856356,0.006854602,0.0,0.0,0.0076845456,0.036590677,0.0011648512,0.0,0.0,0.0,0.0,0.44770092,0.21680151,0.26012358
99999E00031296,6,False,16,16.10,False,0.0,0.0,0.0,0.0,0.0,0.0,0.0,0.0,0.003749399,0.0,0.0,0.0,0.0,0.0,0.78158736,0.09286675,0.12179652
99999E00031300,3,False,49,49.4,False,0.0,0.02152143,0.0,0.028218368,0.0,0.0,0.08652113,0.24587925,0.25645334,0.0,0.0,0.0,0.0314528,0.0,0.20051421,0.12943958,0.0
99999E00031304,4,False,55,55.10,False,0.0,0.006334656,0.015739925,0.017812384,0.036635287,0.005351017,0.0019657547,0.023556983,0.13722986,0.013663344,0.0,0.0,0.04711782,0.024382044,0.15723217,0.35339847,0.15958029
99999E00031306,4,False,DO,DO.01,False,0.0,0.007421322,0.058412436,0.09017857,0.0956958,0.030839693,0.017211178,0.072167724,0.12918928,0.0178219,0.0008679338,0.0,0.0033778718,0.08447117,0.28721175,0.080760516,0.024372851
99999E00031369,7,False,36,36.00,False,0.0,0.0015349289,0.04336932,0.004136598,0.009212241,0.046364263,0.0045059533,0.015586619,0.0025172676,0.08141057,0.0010087962,0.015640758,0.0053210193,0.012721643,0.47713175,0.15718403,0.12235424
99999E00031370,2,False,36,36.00,False,0.0,0.06616766,0.0024496326,0.0,0.0,0.0078298235,0.00089794135,0.012639078,0.015782177,0.0,0.0,0.00077784003,0.0,0.0,0.7728226,0.053000484,0.06763272
99999E00031372,1,False,IL,IL.01,False,0.3104472,0.6861297,0.0,0.0,0.0,0.0,0.0,0.0,0.0,0.0,0.0,0.0,0.0,0.0,0.0034230994,0.0,0.0
99999E00031374,1,False,IL,IL.01,False,0.36330733,0.63669264,0.0,0.0,0.0,0.0,0.0,0.0,0.0,0.0,0.0,0.0,0.0,0.0,0.0,0.0,0.0
99999E00031376,4,False,75,75.00,False,0.0,0.0028965545,0.00070331676,0.0021198655,0.0011190933,0.013600982,0.056802742,0.41724992,0.1406508,0.018743657,0.0,0.0,0.023417672,0.029789826,0.17855057,0.006016531,0.108338535
99999E00031377,6,False,84,84.1,False,0.0,0.0,0.0,0.0,0.0,0.0,0.0,0.0,0.0,0.0026725172,0.0,0.0,0.0024054048,0.0,0.15090954,0.009634619,0.83437794
99999E00031378,1,False,IL,IL.01,False,0.39123014,0.60876983,0.0,0.0,0.0,0.0,0.0,0.0,0.0,0.0,0.0,0.0,0.0,0.0,0.0,0.0,0.0
99999E00031379,1,False,IL,IL.01,False,0.46306965,0.5369304,0.0,0.0,0.0,0.0,0.0,0.0,0.0,0.0,0.0,0.0,0.0,0.0,0.0,0.0,0.0
99999E00031381,7,False,IL,IL.01,False,0.0,0.0,0.0,0.012631216,0.0,0.0024882285,0.0,0.0,0.0,0.0,0.0,0.0,0.0,0.0,0.9330943,0.05178626,0.0
99999E00031382,7,False,36,36.00,False,0.0,0.0,0.0,0.0,0.0,0.0,0.0,0.0029576547,0.0023383698,0.0,0.0,0.0,0.009247849,0.0,0.97644854,0.0,0.009007591
99999E00031385,1,False,96,96.0,False,0.3534925,0.64373535,0.0,0.0,0.0016017039,0.0,0.0,0.0,0.0,0.0,0.0,0.0,0.0,0.0,0.001170476,0.0,0.0
99999E00031386,7,False,36,36.00,False,0.0,0.0,0.0,0.0,0.0,0.0034316636,0.00079020654,0.015902909,0.0037662261,0.0,0.0,0.0,0.007484658,0.009246691,0.9517719,0.00029314117,0.0073125972
99999E00031387,1,False,IL,IL.01,False,0.44275117,0.5388644,0.0,0.0015377202,0.0,0.0,0.0,0.0,0.0,0.0,0.0,0.0,0.0,0.0,0.013873907,0.0029728366,0.0
99999E00031388,1,False,IL,IL.01,False,0.35783994,0.6226866,0.0,0.0,0.0,0.0,0.0,0.0,0.0,0.0,0.0,0.0,0.0,0.0,0.019473461,0.0,0.0
99999E00031389,1,False,IL,IL.01,False,0.46977112,0.53022885,0.0,0.0,0.0,0.0,0.0,0.0,0.0,0.0,0.0,0.0,0.0,0.0,0.0,0.0,0.0
99999E00031393,4,False,36,36.00,False,0.0016283756,0.09988087,0.0035285603,0.0012370476,0.0055686426,0.010596696,0.0,0.0063146716,0.000754566,0.00027043207,0.0,0.00013218676,0.00014815932,0.0,0.12633777,0.7168959,0.026706131
99999E00031394,6,False,85,85.3,False,0.0,0.0,0.0,0.0,0.0,0.0021135216,0.0,0.0030666876,0.002100294,0.0,0.0,0.0,0.0,0.0,0.42676678,0.036275942,0.5296768
99999E00031425,4,False,68,68.31,False,0.0036284209,0.033358753,0.04624325,0.09103081,0.098695934,0.011795614,0.028217645,0.08451696,0.071168624,0.078636825,0.003397587,0.004858694,0.016885502,0.030382074,0.30346945,0.032547586,0.061166305
99999E00031463,3,False,DO,DO.01,False,0.0,0.0,0.0,0.4235266,0.24969111,0.0,0.0,0.05023322,0.0,0.0,0.0,0.0,0.0,0.0,0.0,0.2765491,0.0
99999E00031482,4,False,DO,DO.01,False,0.0013452232,0.010773131,0.22741078,0.17475908,0.0101459,0.008859023,0.0,0.04775056,0.014119981,0.031081138,0.010993551,0.015748836,0.028317757,0.18735555,0.09979773,0.10972969,0.021812065
99999E00031497,4,False,DO,DO.01,False,0.0,0.0,0.2980565,0.199658,0.010597018,0.0,0.0,0.02462224,0.0,0.08461994,0.00020552787,0.0,0.025625214,0.014863776,0.10816521,0.23358655,0.0
99999E00031518,4,False,DO,DO.01,False,0.0023634676,0.0060352297,0.07362735,0.06949206,0.024817938,0.05813521,0.12536138,0.1820541,0.11943289,0.018880295,0.00029581468,0.007364871,0.029962672,0.07569806,0.13004564,0.057119682,0.019313345
99999E00031610,1,False,IL,IL.01,False,0.39350027,0.60539156,0.0,0.0011081912,0.0,0.0,0.0,0.0,0.0,0.0,0.0,0.0,0.0,0.0,0.0,0.0,0.0
99999E00031639,4,False,DO,DO.01,True,0.0,0.056859065,0.09549537,0.016656347,0.0,0.24145915,0.015346772,0.042109806,0.035194125,0.030343032,0.056132983,0.049299035,0.029522086,0.03518786,0.079614624,0.12568149,0.0910983
99999E00031652,2,False,60,60.10,False,0.0,0.0,0.0,0.0,0.0,0.0,0.0,0.0,0.0,0.0,0.0,0.0,0.0,0.0,1.0,0.0,0.0
99999E00031656,2,False,60,60.10,False,0.0,0.0,0.0,0.0,0.0,0.0,0.0,0.0,0.0,0.0,0.0,0.0,0.0,0.0,1.0,0.0,0.0
99999E00031672,4,False,36,36.00,False,0.0,0.020926183,0.003362161,0.019122431,0.016739449,0.01569728,0.0041695554,0.041297805,0.048057366,0.0071692043,0.0,0.0011060379,0.03855011,0.045790233,0.12694196,0.24617249,0.3648978
99999E00031705,7,False,DO,DO.01,True,0.015546276,0.107814744,0.093428105,0.07381983,0.20608892,0.06046433,0.00984916,0.018770397,0.030735662,0.016699316,0.17231253,0.07879767,0.011365682,0.0029342128,0.028005699,0.061824918,0.011542482
99999E00031809,4,False,DO,DO.01,False,0.0018433253,0.008289031,0.15588559,0.08164956,0.043418355,0.069617175,0.066819884,0.13200939,0.039983544,0.05328568,0.032534428,0.0051238644,0.03931768,0.11837564,0.02556658,0.082768336,0.04351197
99999E00031823,4,False,52,52.10,False,0.00202956,0.21733928,0.0025133577,0.0,0.003972345,0.030940378,0.024937356,0.16956538,0.103782296,0.017802011,0.009500392,0.02048892,0.007666048,0.0,0.23639266,0.008189604,0.14488041
99999E00031834,7,False,93,93.11,False,0.0,0.025298513,0.10515513,0.03443287,0.008168392,0.013849328,0.00053819857,0.056242,0.09219219,0.40124172,0.001746528,0.0020575689,0.0030062094,0.012644613,0.11024166,0.076521546,0.05666354
99999E00031857,6,False,41,41.20,False,0.0,0.0,0.0,0.0,0.0,0.0,0.0,0.11521706,0.003465442,0.0,0.0,0.0,0.0,0.0,0.27830586,0.009288965,0.5937227
99999E00031864,4,False,DO,DO.01,False,0.0,0.02509232,0.062239468,0.08391925,0.029945742,0.025718365,0.004330245,0.008649875,0.08271569,0.012810276,0.0031974511,0.03743452,0.061788067,0.04651557,0.13944612,0.31353977,0.06265725
99999E00031874,4,False,DO,DO.01,False,0.0,0.21825798,0.023167215,0.02793351,0.060189508,0.016686883,0.016767487,0.027894665,0.01786486,0.004927501,0.002491913,0.0,0.019830422,0.011591378,0.45595017,0.0881842,0.008262352
99999E00031885,4,False,56,56.10,False,0.0001694935,0.0020376134,6.777332e-05,0.017383114,0.019922908,0.0016005979,0.0006243652,0.006777934,0.0019492955,0.0,0.0,0.00014136493,0.0,0.0001335403,0.035295453,0.9096933,0.0042032697
99999E00031886,6,False,55,55.10,False,0.0,0.0,0.0012905402,0.0,0.0,0.0029673225,0.0,0.004916334,0.004660706,0.0,0.0,0.0,0.0,0.0,0.05861737,0.567781,0.35976678
99999E00031930,6,False,93,93.1,False,0.0,0.0013956277,0.005563975,0.0021887561,0.0,0.0,0.0,0.032871783,0.07573561,0.0025684691,0.0,0.0,0.0012667163,0.006342639,0.18578392,0.076962374,0.6093201
99999E00031952,4,False,DO,DO.01,False,0.0,0.00038284238,0.17708832,0.029668702,0.000933376,0.004024591,0.0248721,0.18727954,0.028045576,0.05806864,0.0,0.0,0.016617257,0.08738298,0.050247267,0.22596242,0.10942647
99999E00031966,4,False,01,01.42,False,0.0,0.04830926,0.039271962,0.019262245,0.0,0.009437135,0.004311017,0.0038233807,0.107850775,0.020978466,0.0,0.00019517333,0.003906433,0.0051462874,0.3217317,0.21541561,0.20036057
99999E00031980,4,False,DO,DO.01,False,0.0,0.0,0.024657095,0.017636059,0.0,0.0036987306,0.0015123461,0.0038866098,0.018442776,0.00477912,0.0,0.007206589,0.0009300863,0.012329877,0.20037623,0.63998014,0.06456435
99999E00032033,4,False,47,47.78,False,0.0,0.0026791233,0.0,0.0,0.0,0.0008047183,0.0038862007,0.055893034,0.01855977,0.8740288,0.0,0.0007796391,0.0019027555,0.0,0.017919704,0.015029043,0.008517148
99999E00032034,6,False,55,55.10,False,0.0,0.0119230095,0.0,0.0,0.0,0.0008101871,0.0,0.004785807,0.0015977555,0.0,0.0,0.0,0.0,0.0016403463,0.0978091,0.77718866,0.10424512
99999E00032087,4,False,43,43.22,False,0.0,0.032041807,0.004021177,0.02290415,0.0029456222,0.0,0.0,0.0045361673,0.07735638,0.53833944,0.0,0.0,0.0,0.0065642255,0.19856289,0.10081198,0.011916173
99999E00032096,7,False,82,82.30,False,0.0006797407,0.01430564,0.0007678168,0.03331558,0.058225587,0.00048286453,0.0023656217,0.007428446,0.006514527,0.008708141,0.0,0.00030567605,0.0058814143,0.0,0.8051269,0.04021039,0.015681699
99999E00032109,4,False,46,46.34,False,0.055722386,0.063879125,0.02646776,0.25165054,0.051690627,0.00095857837,0.018930148,0.040388335,0.08424679,0.06371993,0.0,0.00024668794,0.022002868,0.15215561,0.036403537,0.117546454,0.013990664
99999E00032122,6,False,55,55.10,False,0.0,0.0,0.0,0.0,0.0,0.0,0.0,0.0,0.0,0.0,0.0,0.0,0.0,0.0,0.15634099,0.46225697,0.38140205
99999E00032136,6,False,55,55.20,False,0.0,0.0026917509,0.0,0.0,0.0,0.0,0.0,0.022724498,0.00029900653,0.0,0.0,0.0,0.00050249713,0.0014233957,0.12246844,0.016540185,0.83335024
99999E00032181,4,False,55,55.10,False,0.0,0.0,0.017920943,0.016567191,0.004799185,0.012898297,0.010614331,0.02008798,0.008985155,0.012547518,0.0,0.0,0.04659133,0.010637717,0.76267284,0.05385377,0.021823691
99999E00032192,4,False,36,36.00,False,0.060443066,0.032521714,0.032887563,0.13425131,0.023196435,0.02586636,0.0,0.0046859914,0.03592334,0.003666282,0.016120745,0.0029657183,0.0,0.026512435,0.5510321,0.036670607,0.013256218
99999E00032234,5,False,43,43.33,False,0.0,0.0,0.0,0.0,0.0,0.027946098,0.0012693651,0.4130943,0.0722766,0.003998908,0.0,0.0,0.0039009508,0.0,0.066067696,0.008959874,0.40248618
99999E00032238,6,False,47,47.71,False,0.0,0.00065141346,0.0,0.0,0.0,0.00015825256,0.00447774,0.07298813,0.057039484,0.1801915,0.0,0.0,0.00376141,0.0025474157,0.027911386,0.007021506,0.6432517
99999E00032242,3,False,DO,DO.01,False,0.0,0.0,0.06426936,0.058432877,0.20902197,0.17015763,0.061351113,0.037527956,0.0,0.109297425,0.0,0.0,0.0,0.0,0.08985163,0.09574264,0.10434735
99999E00032289,6,False,43,43.22,False,0.0,0.0020057517,0.0038736963,0.0,0.0,0.025064997,0.0020104137,0.06858548,0.075383514,0.0072987285,0.0018394137,0.0,0.0,0.0021448638,0.5133512,0.023721613,0.27472028
99999E00032299,3,False,DO,DO.01,False,0.0,0.21677867,0.011362845,0.011066563,0.048662618,0.00041521605,0.0017059046,0.07349113,0.064421825,0.021432891,0.0,0.0,0.008920107,0.032290436,0.3147084,0.13671376,0.05802961
99999E00032300,7,False,47,47.11,True,0.0,0.23233172,0.0,0.0,0.0,0.0,0.0,0.0,0.0,0.0,0.0,0.0,0.0,0.0,0.7676683,0.0,0.0
99999E00032308,3,False,DO,DO.01,False,0.00012816877,0.19855025,0.09581068,0.19964422,0.14899944,0.019134691,0.012838884,0.0050620195,0.069244795,0.033057183,2.7187314e-05,5.3079995e-05,0.02667205,0.009510382,0.04282908,0.07045658,0.067981236
99999E00032321,4,False,DO,DO.01,False,0.0,0.0048954436,0.017699638,0.113575235,0.060714837,0.022928055,0.022061376,0.03421379,0.0951081,0.0331511,0.0,0.0,0.063203886,0.19077589,0.33502263,0.0066500576,0.0
99999E00032330,5,False,16,16.10,True,0.009010842,0.036102563,0.0,0.0,0.0,0.16122821,0.05479843,0.55138284,0.14216323,0.0015136371,0.013473272,0.0008823077,0.011631248,0.0,0.011465179,0.0,0.0063481154
99999E00032349,4,False,DO,DO.01,False,0.0,0.010049152,0.0,0.009274165,0.015212886,0.014881055,0.01243192,0.014457165,0.012699527,0.0,0.003159896,0.0,0.0054270565,0.027364355,0.81069744,0.04795506,0.016390353
99999E00032367,4,False,74,74.90,False,0.0,0.010767104,0.00565165,0.04830377,0.043062128,0.012876673,0.011681447,0.10638023,0.032903746,0.004180569,0.0,0.0,0.016399888,0.012313227,0.43607506,0.12599856,0.13340594
99999E00032370,3,False,27,27.5,False,0.00355248,0.00922722,0.0,0.015778545,0.0,0.031003457,0.26959628,0.3644521,0.14168397,0.025651673,0.007843136,0.0,0.12814301,0.0030680504,0.0,0.0,0.0
99999E00032377,4,False,DO,DO.01,False,0.0,0.010152487,0.053618025,0.07993702,0.055755537,0.037403215,0.008309451,0.03656995,0.00569353,0.016007654,0.0,0.0,0.018190686,0.014239864,0.5266093,0.12057298,0.01694032
99999E00032392,6,False,55,55.10,False,0.0,0.0,0.0,0.0,0.0,0.0008005517,0.0,0.0007343213,0.0,0.0,0.0,0.0,0.0,0.0,0.04263621,0.8825179,0.073311016
99999E00032393,6,False,55,55.10,False,0.0,0.0,0.0,0.0,0.0,0.0042730155,0.0,0.010760104,0.023392836,0.0,0.0,0.0,0.0,0.0025703222,0.0546267,0.4087539,0.4956231
99999E00032396,4,False,DO,DO.01,False,0.0,0.020680552,0.06107781,0.16250052,0.043393534,0.061245434,0.03148179,0.0,0.04908226,0.0,0.01080124,0.0,0.080406904,0.21157229,0.052979503,0.11832124,0.09645684
99999E00032405,6,False,55,55.10,False,0.0,0.0,0.0,0.0,0.0,0.004167099,0.0,0.029422846,0.00090726995,0.00096242316,0.0,0.0,0.0,0.0066528535,0.11035615,0.1273017,0.7202296
99999E00032410,4,False,DO,DO.01,False,0.0016622669,0.20837557,0.024636857,0.04884333,0.07361636,0.0065818205,0.016235579,0.036182363,0.07517566,0.049522527,0.0,0.0,0.0068621575,0.025570752,0.22888681,0.17226633,0.02558168
99999E00032422,4,False,16,16.23,False,0.0,0.0,0.012959115,0.011643495,0.0060660797,0.07082788,0.0414069,0.15537465,0.1889013,0.08803101,0.0008636057,0.003387411,0.041175865,0.029696394,0.03410479,0.13778184,0.1777797
99999E00032424,7,False,DO,DO.01,False,0.0,0.0,0.020823382,0.06701629,0.060889274,0.0,0.0,0.0,0.0,0.0,0.016313514,0.0,0.0,0.0,0.77897716,0.040806454,0.015173956
99999E00032425,7,False,DO,DO.01,False,0.0,0.0,0.0,0.0,0.045519635,0.055303257,0.0,0.0,0.0,0.0,0.008597153,0.0,0.0,0.0,0.8462059,0.040072773,0.004301304
99999E00032429,2,False,61,61.90,False,0.0,0.0,0.0,0.0,0.0,0.0,0.0,0.0,0.0,0.0,0.0,0.0,0.0,0.0,1.0,0.0,0.0
99999E00032445,4,False,55,55.10,False,0.0,0.006706708,0.0002965992,0.000742484,0.007880929,0.0016181333,0.0009844623,0.0017858546,0.9015447,0.00027147526,0.00048824394,0.0,0.0,0.0,0.052244928,0.009296528,0.016138889
99999E00032454,2,False,61,61.90,False,0.0,0.0,0.0,0.0,0.0,0.0,0.0,0.0,0.0,0.0,0.0,0.0,0.0,0.0023110171,0.997689,0.0,0.0
99999E00032455,7,False,47,47.78,False,0.011380873,0.025568783,0.00034729476,0.013537358,0.008533162,0.35050926,0.020018667,0.04860982,0.0025490276,0.0010987119,0.00019175948,0.018434767,0.002408305,0.007527099,0.35052785,0.0037347313,0.1350225
99999E00032462,6,False,47,47.71,False,0.0,0.0010035363,0.0,0.0,0.0,0.00077891204,0.0015861508,0.05758276,0.0044010747,0.42922193,0.0,0.0,0.0004741303,0.0008281394,0.023938261,0.04041385,0.4397713
99999E00032463,4,False,55,55.10,True,0.0,0.036117993,0.003228468,0.0022054615,0.0,0.0015231052,0.0010386345,0.014202343,0.004652525,0.0008375811,0.0,0.0,0.0009129761,0.0044105,0.035871323,0.8542336,0.04076545
99999E00032466,7,False,47,47.64,False,0.0,0.0,0.24458772,0.1862285,0.0,0.010171559,0.034127235,0.20460537,0.09904869,0.1666223,0.0024439576,0.00324249,0.019235255,0.0032188995,0.018955415,0.003539728,0.003972905
99999E00032468,6,False,56,56.10,False,0.0,0.0,0.00017655492,0.00010123999,0.00022341499,0.00012913784,0.0001300198,0.1478093,0.00034644874,0.00013087857,0.00026161788,8.5527136e-05,0.00013118029,0.038370628,0.13805242,0.0034860256,0.67056566
99999E00032472,4,False,DO,DO.01,False,0.018658372,0.04715778,0.1277228,0.07258938,0.06876032,0.0126704695,0.0017490267,0.04426834,0.10625674,0.030309755,0.003986,0.001978164,0.050102934,0.12857077,0.037540607,0.2251902,0.022488426
99999E00032481,2,False,61,61.20,False,0.0,0.0,0.0,0.0,0.0,0.0,0.0,0.0,0.0,0.0,0.0,0.0,0.0,0.0,1.0,0.0,0.0
99999E00032482,4,False,56,56.30,False,0.0,0.0,0.0070930193,0.0044236504,0.0,0.0,0.0015396037,0.013846314,0.0009635172,0.0017896991,0.0,0.0,0.0,0.23970762,0.040683128,0.68820286,0.0017506668
99999E00032491,3,False,DO,DO.01,False,0.0,0.004650439,0.23588613,0.24050827,0.07001102,0.019407455,0.068880215,0.01752749,0.0,0.020509994,0.0,0.0046787094,0.0,0.014234019,0.033358775,0.20231532,0.068032116
99999E00032492,3,False,DO,DO.01,False,0.0,0.0,0.013588165,0.23838668,0.10387866,0.03456423,0.0,0.05604325,0.18075849,0.16102925,0.0,0.0,0.023194972,0.02558294,0.030185588,0.09551866,0.037269183
99999E00032499,4,False,41,41.20,False,0.0033568435,0.029994164,0.011565996,0.009869015,0.004523519,0.02549716,0.14121544,0.10526063,0.11205917,0.07616799,0.022209257,0.19568858,0.0547595,0.020061515,0.10798642,0.06658535,0.0131993415
99999E00032519,7,False,DO,DO.01,False,0.0,0.0033263392,0.009457426,0.009329133,0.0037631753,0.028322356,0.007072389,0.020112744,0.013529725,0.0020724314,0.0045564463,0.00114303,0.0071109934,0.3308227,0.19607522,0.17901191,0.184294
99999E00032523,2,False,61,61.10,False,0.0,0.0,0.0,0.0,0.0,0.0,0.0,0.0,0.0,0.0,0.0,0.0,0.0,0.0,0.9860638,0.0139362505,0.0
99999E00032531,4,False,47,47.75,False,0.0,0.010338444,0.004545379,0.0,0.0039618732,0.00035695542,0.01591159,0.1004426,0.14814201,0.1656041,0.0,0.0,0.022257216,0.0764857,0.10495815,0.19994806,0.14704794
99999E00032566,3,False,DO,DO.01,False,0.0,0.009874371,0.10165523,0.115196876,0.0,0.15480587,0.04546919,0.10859951,0.0,0.0,0.0,0.0,0.083170205,0.15364127,0.0016354042,0.13948014,0.08647199
99999E00032578,4,False,DO,DO.01,False,0.0055565527,0.050266117,0.021591473,0.039734066,0.06695969,0.005709034,0.0113107,0.049481153,0.043722495,0.029338706,0.0026309828,0.0,0.028918706,0.019109813,0.37284482,0.19737695,0.055448685
99999E00032606,4,False,47,47.72,False,0.0,0.0017330679,0.042171925,0.11597219,0.09094188,0.05218332,0.020370979,0.07866199,0.10675828,0.020579249,0.0038205946,0.0,0.11599221,0.13968879,0.030532204,0.14215404,0.03843929
99999E00032607,3,False,01,01.50,False,0.0007789277,0.0009106304,0.0,0.00020319854,0.0,0.0768843,0.12625025,0.49542058,0.06627659,0.0068259644,0.011390406,0.0050799632,0.20330389,0.0017309502,0.0,0.0,0.0049444977
99999E00032608,2,False,61,61.10,False,0.0,0.0,0.0,0.0,0.0,0.0,0.0,0.0,0.0,0.0,0.0,0.0,0.0,0.0,0.91018057,0.08981945,0.0
99999E00032615,3,False,DO,DO.01,False,0.0,0.0023804484,0.45928904,0.010368178,0.0,0.019339822,0.013182394,0.08463817,0.017647058,0.017699957,0.037875578,0.024777826,0.013457469,0.12112781,0.13212019,0.035484556,0.010611511
99999E00032631,3,False,DO,DO.01,False,0.004955454,0.026066696,0.13105696,0.19731183,0.10493776,0.10689427,0.0,0.0015325344,0.044941373,0.013357164,0.020584192,0.003790494,0.040750243,0.095192164,0.0,0.16744882,0.041180052
99999E00032632,4,False,52,52.10,False,0.0013638252,0.020054726,0.03105625,0.046116777,0.06348065,0.0060289735,0.006565844,0.032067213,0.09920421,0.014021423,0.0010304457,0.0011105434,0.19868119,0.2518444,0.15207517,0.057746094,0.017552214
99999E00032659,4,False,DO,DO.01,False,0.0,0.012369276,0.08355635,0.12696026,0.08415032,0.06337201,0.07355361,0.04430088,0.041181535,0.019921383,0.0069207614,0.0093620485,0.031152103,0.121566474,0.22654182,0.037847284,0.017243842
99999E00032669,4,False,DO,DO.01,False,0.0,0.041487563,0.13980232,0.12172566,0.06351885,0.019225242,0.021487,0.04323204,0.05656555,0.04972087,0.003999633,0.0033137244,0.007213141,0.0530766,0.11927367,0.20190674,0.054451413
99999E00032671,4,False,DO,DO.01,False,0.0,0.002030975,0.123416215,0.011403274,0.003227201,0.030595057,0.05545121,0.12232061,0.08937782,0.17577438,0.0,0.0,0.015159646,0.08966103,0.08199923,0.14515696,0.05442641
99999E00032682,6,False,71,71.12,False,0.0,0.0009095162,0.0,0.0,0.0,0.0,0.0,0.0,0.0,0.0,0.0,0.0,0.0,0.0,0.689277,0.010292988,0.2995205
99999E00032684,4,False,DO,DO.01,False,0.0,0.0056978776,0.050344754,0.014141178,0.05020073,0.018511351,0.012759463,0.0029749582,0.00094514556,0.019807551,0.0,0.0,0.0008056241,0.043683726,0.5629962,0.18604515,0.031086287
99999E00032766,4,False,DO,DO.01,False,0.0,0.007757567,0.04812366,0.0045470367,0.0073443553,0.008904614,0.016714474,0.019612096,0.032177314,0.03263596,0.007323781,0.008787165,0.024689792,0.0034668583,0.6925204,0.0663984,0.018996567
99999E00032773,4,False,DO,DO.01,False,0.0,0.0063370224,0.15581033,0.082876176,0.038422666,0.003993737,0.0,0.0040231063,0.027464515,0.0041530705,0.0027542217,0.0,0.012820659,0.06460558,0.0919547,0.44313252,0.061651785
99999E00032786,6,False,77,77.21,False,0.0,0.0,0.0010176575,0.0,0.0,0.0,0.0,0.5206267,0.0134626515,0.000686385,0.0,0.0,0.0,0.11724189,0.127935,0.015451064,0.20357868
99999E00032811,6,False,56,56.11,False,0.0,0.0,0.0,0.0,0.0,0.00018881148,0.00018256975,0.007321516,0.0,0.0,0.0,0.0,0.0,0.016954217,0.089267254,0.22312719,0.66295844
99999E00032819,4,False,DO,DO.01,False,0.003814985,0.0026811762,0.0,0.025036708,0.030315422,0.0046839276,0.0018354676,0.0147441495,0.055477593,0.0026904703,0.0035826468,0.0037220498,0.0,0.016909536,0.66429526,0.13794352,0.032267056
99999E00032840,4,False,DO,DO.01,False,0.0,0.008890811,0.017701186,0.029167725,0.12726605,0.007887155,0.0027803895,0.0061935387,0.029627103,0.0023594436,0.002426473,0.0022700706,0.008527065,0.008934604,0.65048426,0.070760064,0.024724107
99999E00032845,4,False,15,15.20,False,0.0077867084,0.0,0.034244843,0.058661196,0.13995428,0.053742193,0.038217217,0.06784959,0.046042837,0.2017778,0.0270744,0.013269569,0.018880287,0.053297464,0.014617253,0.13868205,0.08590237
99999E00032853,7,False,DO,DO.01,False,0.004382924,0.021843273,0.037560645,0.011721777,0.007349044,0.0,0.0079504205,0.007675215,0.0150752235,0.0,0.0,0.0,0.0,0.0,0.7865516,0.08673095,0.013158968
99999E00032892,4,False,DO,DO.01,False,0.0,0.016286293,0.06367642,0.11718775,0.017264158,0.033340316,0.00813481,0.043178048,0.020268613,0.0047399933,0.0062148813,0.0016288746,0.008817206,0.028260471,0.31766292,0.22677818,0.08656109
99999E00032908,3,False,52,52.10,False,0.0,0.021803137,0.023127045,0.11158076,0.11438028,0.012818481,0.0,0.05389415,0.0,0.055804167,0.0,0.010377521,0.04167557,0.07205655,0.33422515,0.110181,0.038076192
99999E00032925,2,False,62,62.02,False,0.0,0.0040575312,0.0,0.0,0.0,0.014716086,0.0,0.0,0.0,0.0,0.0,0.0,0.0,0.0036571266,0.9544544,0.008065074,0.015049808
99999E00032929,6,False,DO,DO.01,False,0.0,0.0,0.0,0.0,0.0,0.0016891892,0.0,0.012635842,0.016177405,0.0025977348,0.0,0.0,0.0,0.0133106345,0.93161213,0.00689348,0.015083621
99999E00032931,4,False,DO,DO.01,False,0.0,0.008968426,0.027524486,0.02577949,0.035300963,0.12646936,0.03471913,0.039855633,0.04007382,0.018127263,0.014836263,0.026629766,0.031625357,0.061623145,0.17696972,0.13657594,0.19492123
99999E00032960,3,False,DO,DO.01,False,0.0,0.04196782,0.09675488,0.07841315,0.056530595,0.0065977965,0.031383697,0.0410154,0.036076657,0.014340028,0.003825032,0.0,0.0143323485,0.06717616,0.016759476,0.48865935,0.0061676726
99999E00032966,4,False,DO,DO.01,False,0.0,0.0,0.06382741,0.092824236,0.0,0.10466283,0.20760642,0.016648307,0.0,0.0,0.14292774,0.0,0.0,0.015693542,0.0165106,0.16417627,0.1751227
99999E00032967,3,False,DO,DO.01,False,0.0,0.01503876,0.042148072,0.080801114,0.11729433,0.0088733435,0.006947512,0.16349177,0.10204533,0.021380618,0.0,0.0,0.07846109,0.11748453,0.025382448,0.21041001,0.010241073
99999E00032975,6,False,35,35.11,False,0.0,0.0,0.0,0.0,0.0,0.0,0.0,0.0,0.0,0.0,0.0,0.0,0.0,0.0,0.8481946,0.13227737,0.019528015
99999E00032983,2,False,60,60.10,False,0.0,0.0,0.0,0.0,0.0,0.0,0.0,0.0,0.0,0.0,0.0,0.0,0.0,0.0,1.0,0.0,0.0
99999E00032996,4,False,55,55.30,True,0.004364108,0.43709117,0.027798304,0.08831177,0.018697668,0.0011791232,0.00049038295,0.0026675533,0.0038594494,0.0007142861,0.00069850776,0.0,0.0010100687,0.0,0.08455676,0.32353833,0.0050225435
99999E00033006,3,False,DO,DO.01,False,0.0,0.008661005,0.014456803,0.14649099,0.14935236,0.0068995757,0.07078795,0.11241617,0.032048028,0.031086553,0.0,0.0,0.20611809,0.13739924,0.02134484,0.051231466,0.011706973
99999E00033008,4,False,DO,DO.01,False,0.0017875271,0.012773041,0.05316704,0.04643344,0.02907388,0.03752134,0.008951431,0.048898112,0.10984985,0.033005558,0.0052125934,0.039483804,0.02692591,0.058386683,0.07242068,0.27598304,0.14012599
99999E00033014,4,False,DO,DO.01,False,0.0,0.0013763468,0.07102467,0.01613112,0.0011033176,0.034673296,0.002288544,0.0084415,0.043911483,0.07436613,0.0045301835,0.0,0.0013945487,0.0,0.13098186,0.523282,0.08649492
99999E00033015,4,False,38,38.11,False,0.0,0.00024609093,0.0,0.0,0.0005129783,0.05748823,0.043487042,0.26034167,0.00059962994,0.0,0.12195539,0.016647533,0.0,0.0016550483,0.23589376,0.019007923,0.24216473
99999E00033027,3,False,DO,DO.01,False,0.0,0.0,0.2081027,0.10493464,0.0,0.0,0.0,0.08185138,0.23754564,0.0,0.0,0.0154281,0.0,0.1743022,0.0,0.08267577,0.09515958
99999E00033069,4,False,DO,DO.01,False,0.0,0.0,0.2940489,0.040396284,0.020470997,0.013311416,0.0033172695,0.033575397,0.052019894,0.04222143,0.001508456,0.0,0.028583657,0.15044457,0.035495885,0.18905804,0.095547765
99999E00033076,4,False,DO,DO.01,False,0.0,0.008276311,0.07380136,0.14943181,0.09557545,0.06418521,0.01845598,0.053095073,0.060004584,0.030581636,0.004218859,0.0,0.0094864005,0.03800609,0.14754191,0.19773854,0.04960082
99999E00033085,2,False,61,61.10,False,0.0,0.0,0.0,0.0,0.0,0.0,0.0,0.0,0.0,0.0,0.0,0.0,0.0,0.0,1.0,0.0,0.0
99999E00033092,4,False,01,01.41,True,0.0,0.0,0.056120474,0.017244002,0.022026246,0.0079407925,0.05192897,0.1848756,0.053461656,0.019619536,0.03467188,0.37645274,0.048819896,0.113368526,0.0,0.0,0.01346972
99999E00033098,2,False,61,61.10,False,0.0,0.0,0.0,0.0,0.0,0.0,0.0,0.0,0.0,0.0,0.0,0.0,0.0,0.0,1.0,0.0,0.0
99999E00033126,5,False,25,25.11,False,0.0,0.0,0.0,0.0,0.001261896,0.009566131,0.010577338,0.6559248,0.121223904,0.008602747,0.0013336969,0.0,0.005355769,0.0006129638,0.055294402,0.022572573,0.107673846
99999E00033129,6,False,56,56.30,True,0.0,0.0,0.0,0.0,0.0,0.0,0.0,0.5283106,0.0,0.0,0.0,0.0,0.0,0.41816175,0.050839204,0.0,0.0026884428
99999E00033134,4,False,DO,DO.01,False,0.004851563,0.11090924,0.013919045,0.010154462,0.016011192,0.07207728,0.014981694,0.03664554,0.014292828,0.0028901957,0.03927053,0.0876864,0.009145038,0.025381593,0.28595844,0.16085157,0.094973475
99999E00033158,7,False,68,68.31,False,0.0,0.014762498,0.047520977,0.08308313,0.05812876,0.0037560104,0.011018705,0.029886492,0.025592402,0.0468102,0.0,0.0002582118,0.0024260806,0.01281397,0.31926978,0.31973234,0.024940487
99999E00033160,7,False,71,71.11,False,0.0011514566,0.00053466356,0.022648877,0.010432921,0.0021715064,0.022707189,0.04168487,0.01062182,0.0,0.01740408,0.0052612214,0.001293541,0.022071505,0.037708156,0.31996208,0.34475043,0.13959566
99999E00033163,6,False,38,38.1,False,0.0,0.0,0.0,0.0,0.0,0.0014548093,0.0,0.0,0.0,0.0,0.0,0.0,0.0,0.0,0.9597491,0.0,0.038796067
99999E00033171,4,False,DO,DO.01,False,0.0,0.003270126,0.07174407,0.0729221,0.0532389,0.065164074,0.0060775517,0.023427388,0.03476212,0.029479392,0.0033325762,0.0051890537,0.020858409,0.06603838,0.405771,0.09659646,0.04212842
99999E00033178,2,False,60,60.10,False,0.0,0.0,0.0,0.0,0.0,0.0,0.0,0.0,0.0,0.0,0.0,0.0,0.0,0.0,1.0,0.0,0.0
99999E00033183,2,False,60,60.10,False,0.0,0.0,0.0,0.0,0.0,0.0,0.0,0.0,0.0,0.0,0.0,0.0,0.0,0.0,1.0,0.0,0.0
99999E00033189,4,False,DO,DO.01,False,0.0013009874,0.0027597768,0.052071054,0.06825099,0.0,0.1313822,0.041273914,0.26651657,0.012497896,0.06562447,0.008573893,0.013041435,0.0,0.115188226,0.034092184,0.07966881,0.10775753
99999E00033200,4,False,96,96.02,False,0.0,0.0001380701,0.036459483,0.008900271,0.004140575,0.00078487996,0.008242575,0.10146606,0.22746468,0.44522855,0.0,0.0,0.00087730854,0.019321032,0.0024411483,0.11782555,0.026709786
99999E00033212,3,False,DO,DO.01,False,0.0,0.0,0.1682689,0.25359872,0.1703259,0.04651281,0.035594206,0.026572108,0.025026187,0.029068392,0.0,0.0041393526,0.0074972967,0.053545482,0.051488478,0.119192235,0.009169933
99999E00033226,7,False,85,85.51,False,0.0,0.0017689094,0.0,0.0,0.0,0.00081662915,0.0035327661,0.13988455,0.01399295,0.0010074738,0.0,0.0,0.0,0.010159731,0.29505727,0.02026647,0.51351327
99999E00033238,6,False,49,49.39,False,0.0,0.0,0.0,0.0,0.0,0.0,0.0,0.0043362165,0.0,0.0,0.0,0.0,0.0,0.0,0.2648303,0.0024288052,0.7284047
99999E00033248,7,False,DO,DO.02,False,0.0065682693,0.06662688,0.0,0.018112719,0.025858877,0.008768,0.0013490337,0.012741753,0.011461753,0.0,0.0,0.0,0.0,0.0011771686,0.22147237,0.37604532,0.2498179
99999E00033256,3,False,DO,DO.01,False,0.0,0.0060272953,0.011373869,0.16865729,0.04328411,0.06956381,0.049408652,0.06656864,0.079877704,0.03284185,0.010294441,0.0,0.09117183,0.026954591,0.065942384,0.2229574,0.055076133
99999E00033266,7,False,52,52.10,False,0.00015061944,0.033156417,0.0012821534,0.0045299116,0.0010736356,0.0034130618,0.0026226246,0.019610737,0.022241333,0.010658739,0.012078505,0.028587488,0.005073652,0.00063310517,0.7545594,0.030832095,0.0694964
99999E00033268,5,False,DO,DO.02,False,0.00039439488,0.005284891,0.04100523,0.054063648,0.0,0.093282275,0.13675642,0.06486218,0.08039739,0.04074099,0.058595244,0.04623885,0.14848179,0.006617946,0.20581102,0.0037940785,0.013673669
99999E00033270,2,False,61,61.10,False,0.0,0.0,0.0,0.0,0.0,0.0,0.0,0.0,0.0,0.0,0.0,0.0,0.0,0.0,0.99813086,0.0,0.0018691566
99999E00033273,2,False,61,61.90,False,0.0,0.0,0.0,0.0,0.0,0.0,0.0,0.0,0.0,0.0,0.0,0.0,0.0,0.0,0.963463,0.036537003,0.0
99999E00033301,4,False,38,38.11,False,0.0,0.017097738,0.0,0.0,0.0,0.012813729,0.005784396,0.027299764,0.0,0.0,0.0,0.0,0.0006763542,0.0,0.82558006,0.027213402,0.08353459
99999E00033359,4,False,01,01.19,False,0.0,0.04164912,0.06080302,0.017127749,0.012387898,0.0052252766,0.004685914,0.05023315,0.0782898,0.14461175,0.0007992368,0.0,0.0014546437,0.01179787,0.3340254,0.1578016,0.07910756
99999E00033370,4,False,DO,DO.01,False,0.0,0.031718668,0.03052634,0.21142748,0.07309551,0.028095009,0.025465503,0.027509494,0.045724407,0.0046145325,0.0040535824,0.009952978,0.043595254,0.032901164,0.33034486,0.07033989,0.030635254
99999E00033373,6,False,85,85.31,False,0.0,0.0,0.0,0.0,0.0,0.0,0.0,0.032249622,0.0,0.0,0.0,0.0,0.0,0.0,0.13145053,0.0,0.83629984
99999E00033388,6,False,DO,DO.02,False,0.0,0.016741144,0.0,0.0,0.0,0.003931569,0.0020467718,0.0,0.0,0.0,0.0,0.0,0.0,0.0,0.9293929,0.026885498,0.021002147
99999E00033392,4,False,DO,DO.01,False,0.0,0.0007572612,0.07232041,0.09967243,0.004997451,0.07651017,0.0,0.03464647,0.043426286,0.023754835,0.0068114107,0.00048225163,0.035076715,0.037661333,0.2328645,0.18787405,0.14314443
99999E00033409,6,False,55,55.10,False,0.0024888823,0.020289293,0.0,0.0,0.0042329673,0.004408077,0.0030153762,0.0360275,0.0065519935,0.0017569266,0.0,0.00039457882,0.0025262386,0.0008090034,0.24642268,0.3472895,0.32378697
99999E00033488,6,False,47,47.11,False,0.0,0.0,0.0,0.0,0.0,0.0,0.0,0.0,0.0,0.0,0.0,0.0,0.0,0.0,0.83087134,0.0064199595,0.16270874
99999E00033497,6,False,47,47.78,False,0.0,0.0079762,0.0,0.0,0.0,0.0,0.0,0.96255344,0.008070399,0.016689315,0.0,0.0,0.0,0.0,0.0017433765,0.0015015298,0.001465804
99999E00033498,6,False,49,49.31,False,0.0,0.0,0.0,0.0,0.0,0.0,0.0,0.0,0.002149864,0.0,0.0,0.0,0.0,0.0,0.84472334,0.0,0.15312682
99999E00033513,6,False,56,56.30,False,0.0,0.00039319124,0.0,0.0,0.0,0.0008478296,0.001836027,0.0034951647,0.00085256447,0.0,0.0,0.0,0.0,0.0,0.06334767,0.016408678,0.9128189
99999E00033514,4,False,47,47.71,False,0.0,0.0,0.6088304,0.2919229,0.011734968,0.0,0.03230223,0.026405439,0.015256631,0.013547381,0.0,0.0,0.0,0.0,0.0,0.0,0.0
99999E00033515,6,False,47,47.71,False,0.0,0.010309271,0.0077421153,0.0049653314,0.0,0.0,0.00056711346,0.06975655,0.0,0.44288036,0.0,0.0,0.0,0.0,0.041002143,0.07627597,0.34650114
99999E00033536,4,False,DO,DO.01,False,0.0,0.0028720319,0.06394634,0.050222836,0.040705986,0.039578866,0.043533217,0.06477635,0.07516801,0.057834424,0.0066589643,0.007906341,0.017015258,0.040352285,0.28678823,0.17664413,0.025996843
99999E00033549,2,False,61,61.10,False,0.0,0.0,0.0,0.0,0.0,0.0,0.0,0.0,0.0,0.0,0.0,0.0,0.0,0.0,1.0,0.0,0.0
99999E00033552,4,False,DO,DO.01,False,0.0,0.0,0.0064754947,0.0,0.0,0.056919336,0.011632487,0.015112922,0.052644093,0.0067424914,0.008855804,0.003306145,0.03104249,0.09844598,0.084564626,0.3251802,0.29907796
99999E00033558,6,False,68,68.32,False,0.0,0.0,0.0,0.0,0.0,0.0009872628,0.0,0.0019670464,0.0017439884,0.0,0.0,0.0,0.0,0.0,0.2067581,0.7107019,0.07784176
99999E00033563,4,False,47,47.78,False,0.0,0.0010858537,0.056030795,0.08408944,0.15898447,0.0,0.0,0.014446102,0.008909533,0.5474872,0.0,0.0,0.0,0.003255623,0.0,0.12571096,0.0
99999E00033602,2,False,61,61.10,False,0.0,0.0,0.0,0.0,0.0,0.0,0.0,0.0,0.0,0.0,0.0,0.0,0.0,0.0,1.0,0.0,0.0
99999E00033633,6,False,35,35.11,False,0.00035560993,0.0011870221,0.0,0.0,0.00034964998,0.00077479257,0.0006536071,0.0046169693,0.0034895465,0.0,0.0,0.0,0.0,0.0024892697,0.5311541,0.038472425,0.416457
99999E00033634,4,False,DO,DO.01,True,0.012696151,0.033470638,0.18125309,0.16502106,0.03096713,0.03212029,0.0671684,0.01147382,0.029387595,0.017551411,0.07429076,0.09981623,0.063399196,0.10906632,0.0,0.05132144,0.020996448
99999E00033661,4,False,DO,DO.01,False,0.0,0.0070832376,0.122349836,0.03401936,0.036989976,0.06874185,0.04031452,0.051893797,0.050939377,0.016745415,0.02131342,0.011841182,0.064277664,0.032324053,0.29287606,0.1268093,0.021480944
99999E00033667,2,False,60,60.10,False,0.0,0.0,0.0,0.0,0.0,0.0,0.0,0.0,0.0,0.0,0.0,0.0,0.0,0.0,1.0,0.0,0.0
99999E00033678,4,False,DO,DO.01,False,0.0,0.00577195,0.006267436,0.04396284,0.007510768,0.026585437,0.02926291,0.0056257667,0.021222804,0.0039962023,0.0,0.0,0.015204649,0.007039902,0.71911025,0.08645615,0.021982959
99999E00033680,4,False,DO,DO.01,False,0.006431469,0.0,0.13475545,0.29062515,0.017057765,0.02837212,0.0,0.05345664,0.037259404,0.014359422,0.0022995195,0.00091621483,0.022625115,0.088251255,0.05056428,0.23449351,0.01853269
99999E00033700,7,False,55,55.30,False,0.04096447,0.3670655,0.0,0.0,0.019569416,0.0,0.0,0.0,0.0,0.0,0.0,0.0,0.0,0.0,0.5518537,0.019305013,0.0012419744
99999E00033724,6,False,56,56.30,False,0.0,0.0,0.0,0.0,0.0,0.0,0.0,0.0,0.0,0.0,0.0,0.0,0.0,0.0,0.17448097,0.27270296,0.55281603
99999E00033725,2,False,61,61.10,False,0.0,0.0,0.0,0.0,0.0,0.0,0.0,0.0,0.0,0.0,0.0,0.0,0.0,0.0,1.0,0.0,0.0
99999E00033727,4,False,DO,DO.01,False,0.0,0.083473824,0.067553036,0.07230551,0.06631965,0.0,0.0014144272,0.17524186,0.0010523337,0.011790661,0.005205091,0.0,0.028424324,0.09429136,0.32290804,0.0049448367,0.06507496
99999E00033728,4,False,DO,DO.01,False,0.0,0.0033413835,0.028028674,0.1007611,0.051476598,0.04364273,0.013838714,0.013866924,0.022905586,0.01571142,0.0033231846,0.0060630823,0.09477991,0.034983523,0.22414479,0.30712065,0.03601178
99999E00033729,4,False,85,85.51,False,0.0,0.0,0.0070849485,0.068148255,0.19651148,0.0,0.027218128,0.0069571636,0.0035886187,0.53918374,0.0,0.0,0.0,0.0,0.15130767,0.0,0.0
99999E00033738,6,False,84,84.1,False,0.0,0.063345075,0.0,0.0,0.0,0.011956892,0.0,0.017817548,0.072956465,0.0,0.0,0.0,0.0057490626,0.0,0.47983798,0.23968135,0.108655624
99999E00033772,4,False,55,55.10,False,0.0,0.0,0.042005695,0.004467901,0.0,0.0,0.0,0.0009375166,0.0133077875,0.010110019,0.0,0.0,0.0,0.0,0.0999631,0.8242945,0.004913454
99999E00033774,7,False,85,85.51,False,0.0,0.0,0.0,0.0021872667,0.0022470725,0.010564144,0.00189056,0.006536252,0.0014591456,0.0044987905,0.0022999106,0.0047925934,0.005814518,0.0066814115,0.7202314,0.15373634,0.077060655
99999E00033787,4,False,DO,DO.01,False,0.0,0.0,0.233659,0.21666409,0.00933572,0.0047843945,0.0,0.014160836,0.023476629,0.026992578,0.0,0.0,0.03742606,0.064371854,0.24517898,0.103750825,0.020198947
99999E00033788,4,False,14,14.20,False,0.0,0.0012343291,0.027303956,0.13753317,0.0062587503,0.0,0.0014085375,0.010992116,0.0026025013,0.6556243,0.0,0.0,0.0,0.019785382,0.053643398,0.08361358,0.0
99999E00033814,4,False,DO,DO.01,False,0.0,0.0018135015,0.09784367,0.068767294,0.013704605,0.059944622,0.027546432,0.06543523,0.019853998,0.021140246,0.00229862,0.0,0.0043814424,0.010586635,0.36895216,0.1652934,0.072438136
99999E00033818,1,False,84,84.1,False,0.0043134433,0.7340043,0.0,0.0,0.0,0.0,0.0,0.0,0.11665904,0.0,0.0,0.0,0.0,0.0,0.0,0.14502318,0.0
99999E00033819,4,False,DO,DO.01,False,0.0,0.0,0.016438354,0.06717648,0.0016757761,0.10487281,0.018455232,0.0754272,0.017352378,0.002669349,0.0909905,0.21780267,0.0074367328,0.110663086,0.028272845,0.09965464,0.14111191
99999E00033822,7,False,DO,DO.01,False,0.0,0.0015256027,0.08907783,0.048846256,0.00092604774,0.062006406,0.003268011,0.08143337,0.03748374,0.017063681,0.013730938,0.006685011,0.016113743,0.053785007,0.094792865,0.30855346,0.16470805
99999E00033824,7,False,56,56.30,False,0.0,0.31209198,0.0,0.010989401,0.015314727,0.0,0.00043993382,0.0027942753,0.0014538306,0.0,0.0,0.0,0.00018036216,0.00017416914,0.25935498,0.38513887,0.01206752
99999E00033825,6,False,55,55.10,False,0.0,0.0,0.0,0.0,0.0,0.0,0.0016986306,0.022941718,0.001021793,0.0,0.0,0.0,0.00072202116,0.048711203,0.08349781,0.15634568,0.68506116
99999E00033827,4,False,15,15.12,False,0.0,0.0,0.003175729,0.0,0.0,0.004726711,0.0,0.0,0.023399247,0.0057463963,0.0,0.0,0.0,0.003523338,0.006678818,0.74287397,0.20987582
99999E00033829,6,False,10,10.71,False,0.00024029371,0.0027493166,0.0,0.00026145516,0.0,0.005880652,0.0011070775,0.14364162,0.055036172,0.17035711,0.0,0.0,0.0006482083,0.009333587,0.045671124,0.009725631,0.55534774
99999E00033838,5,False,10,10.85,False,0.0,0.0,0.0,0.0,0.0,0.09561075,0.012693925,0.76684135,0.0,0.0,0.052361332,0.0021971397,0.0,0.0702955,0.0,0.0,0.0
99999E00033846,4,False,DO,DO.01,False,0.0,0.0020118922,0.01083026,0.0017751867,0.0010239223,0.014271944,0.0011972431,0.0022508837,0.03298913,0.0027515185,0.0,0.00132235,0.0022853813,0.0050562276,0.15844487,0.51012385,0.2536653
99999E00033857,6,False,84,84.1,False,0.0,0.0,0.0012892756,0.0,0.0,0.0015490485,0.0,0.004763956,0.0,0.0039889957,0.0,0.0,0.0,0.0,0.7001141,0.014387757,0.27390698
99999E00033859,6,False,79,79.90,False,0.0,0.015623035,0.0,0.0,0.002959683,0.0,0.0017049932,0.24565606,0.095639974,0.009732333,0.0,0.0,0.0,0.0,0.045205705,0.04558429,0.5378939
99999E00033883,6,False,71,71.11,False,0.0,0.00049903,0.0,0.008737572,0.0,0.0,0.0,0.008681411,0.0029075318,0.0,0.0,0.0,0.0,0.031807415,0.8454612,0.04822887,0.05367702
99999E00033887,5,False,86,86.23,False,0.0,0.0,0.0018310978,0.0014066938,0.008278989,0.004345785,0.026185477,0.47447526,0.12349534,0.21155544,0.0016515661,0.0,0.010137157,0.005653534,0.0721745,0.0011145271,0.057694674
99999E00033903,4,False,DO,DO.01,False,0.0010992499,0.018064622,0.08949535,0.1539505,0.057706397,0.042754907,0.015796138,0.026746403,0.069683515,0.038040563,0.00046455674,0.0046021286,0.11333013,0.12359261,0.109933436,0.11475035,0.019989215
99999E00033923,4,False,43,43.12,False,0.0,0.004790939,0.027090974,0.0066450695,0.0,0.022874419,0.081331804,0.061213944,0.23751137,0.06833847,0.019304346,0.0,0.23763753,0.046567157,0.14708194,0.008739528,0.030872535
99999E00033930,7,False,85,85.51,False,0.0,0.0,0.0,0.0,0.0,0.0,0.0,0.0,0.0,0.0,0.0,0.0,0.0,0.0,1.0,0.0,0.0
99999E00033936,4,False,02,02.20,False,0.0,0.018998584,0.007313529,0.0013852036,0.0020721306,0.02348793,0.0015384245,0.018825095,0.0021391478,0.005502982,0.0007428647,0.0019180989,0.0007212463,0.0026044855,0.7819601,0.07454157,0.05624856
99999E00033978,4,False,DO,DO.01,False,0.0,0.0041136933,0.08089097,0.041220166,0.010639934,0.025298333,0.00990038,0.048574824,0.057293534,0.011601525,0.0023293141,0.0066958903,0.0127095105,0.017827392,0.11822535,0.4034805,0.14919874
99999E00033982,4,False,93,93.1,False,0.0,0.00012444181,0.055547312,0.0,0.0,0.0,0.014824529,0.022164999,0.02949271,0.023174893,0.0010912588,0.0,0.015496196,0.0,0.7995769,0.023993338,0.014513425
99999E00033987,4,False,79,79.90,False,0.0031357636,0.0054392917,0.012957433,0.09025141,0.12636574,0.014857469,0.008905587,0.1406871,0.069824934,0.05803826,0.0,0.0,0.016638564,0.005328111,0.36365557,0.07147794,0.012436853
99999E00033993,3,False,DO,DO.01,False,0.0,0.0034419608,0.41204742,0.21192402,0.016983358,0.0,0.0,0.0,0.051957756,0.28524968,0.001041646,0.001208649,0.015548265,0.0,0.0005972482,0.0,0.0
99999E00033998,3,False,DO,DO.01,False,0.0,0.0,0.20220171,0.041858006,0.0,0.0055762674,0.006712322,0.06201898,0.0013600653,0.07120342,0.0,0.0,0.114541486,0.23313919,0.1352785,0.12611005,0.0
99999E00034001,6,False,47,47.76,False,0.0,0.0,0.007439954,0.0,0.0,0.006838285,0.0015054186,0.021569643,0.009445796,0.1377155,0.0,0.0,0.0,0.0074254316,0.050899163,0.1304436,0.6267172
99999E00034032,4,False,02,02.20,False,0.0,0.0,0.011272721,0.0,0.0,0.0343725,0.031954564,0.023573745,0.071978614,0.016948316,0.008314376,0.0,0.061718374,0.013835566,0.7034345,0.0019072631,0.020689437
99999E00034035,4,False,47,47.78,False,0.0,0.0,0.00068526214,0.002864055,0.001437348,0.0005303333,0.008213782,0.102722496,0.009867774,0.7948942,0.0,0.0,0.0010406619,0.0,0.040558152,0.01606748,0.021118416
99999E00034043,4,False,DO,DO.01,False,0.0,0.021519892,0.10541078,0.069316104,0.0355249,0.008221483,0.0062427227,0.011151902,0.019807277,0.007857874,0.0033296393,0.004953225,0.00865725,0.061622225,0.21518393,0.39131275,0.029888036
99999E00034059,4,False,47,47.73,False,0.0,0.036070637,0.010174485,0.037336897,0.028876556,0.052072708,0.033109263,0.05158168,0.08144409,0.036016077,0.008639241,0.005024437,0.06980541,0.042948786,0.40882424,0.054889437,0.04318605
99999E00034062,4,False,01,01.41,False,0.0,0.0035237744,0.263877,0.0014071582,0.0,0.015137832,0.0015395045,0.07430744,0.08808689,0.111931935,0.006513692,0.32338274,0.0067057926,0.0036007618,0.0,0.056209072,0.043776378
99999E00034072,4,False,DO,DO.01,False,0.0,0.0073723644,0.050681323,0.12525511,0.021645091,0.17686702,0.06433455,0.048181847,0.01820966,0.0,0.019038348,0.0022634687,0.03818933,0.3293964,0.0800796,0.018249888,0.0002360015
99999E00034079,4,False,01,01.50,False,0.0,0.0032823875,0.007361633,0.0007489223,0.0,0.0030176805,0.0,0.024056116,0.06798087,0.011329908,0.0005158342,0.00089141005,0.0060925186,0.0048713395,0.6724773,0.08452607,0.11284805
99999E00034090,4,False,DO,DO.01,False,0.0011716953,0.03732332,0.072023526,0.020024491,0.2861827,0.009367346,0.04160917,0.030240307,0.04968361,0.043184895,0.0,0.0,0.052884795,0.030072479,0.3064434,0.014753417,0.0050348714
99999E00034103,4,False,DO,DO.01,False,0.0,0.014019148,0.047351345,0.13176125,0.09806382,0.020713624,0.007344121,0.07341242,0.052594982,0.0066773007,0.0013275795,0.0022575925,0.009314526,0.101966746,0.059973706,0.25658303,0.116638824
99999E00034182,4,False,DO,DO.01,False,0.010812454,0.031602167,0.06071924,0.24777621,0.25459966,0.0042428267,0.043776587,0.04212531,0.055264562,0.029907223,0.0,0.0,0.03372563,0.033863466,0.12572224,0.02474869,0.0011135887
99999E00034215,4,False,DO,DO.01,False,0.0,0.0,0.0,0.0075393887,0.0,0.23430187,0.013681365,0.01978796,0.08620653,0.004439281,0.05088171,0.0037385398,0.03579229,0.04290898,0.18668966,0.13257976,0.18145257
99999E00034234,4,False,DO,DO.01,False,0.0011693871,0.001865451,0.12579961,0.00545714,0.14496225,0.118866816,0.034768388,0.005909581,0.11720322,0.17502522,0.0072042597,0.015083702,0.0748547,0.0967111,0.036160514,0.0,0.03895869
99999E00034245,3,False,DO,DO.01,False,0.00033960197,0.0089708725,0.039101303,0.019185828,0.03379544,0.020413104,0.06230183,0.034484733,0.033634044,0.008490049,0.0,0.0036683735,0.0,0.083249554,0.2120125,0.3418514,0.098501384
99999E00034294,2,False,64,64.92,False,0.0,0.0,0.0,0.0,0.0,0.0,0.0,0.0,0.0,0.0,0.0,0.0,0.0,0.0,0.9968492,0.0,0.0031508154
99999E00034299,4,False,DO,DO.01,False,0.0,0.024440646,0.06077415,0.094451845,0.063467324,0.076114714,0.0017045534,0.004590299,0.028199628,0.001919542,0.001299893,0.0017120239,0.01316619,0.016649174,0.2133406,0.3636127,0.034556735
99999E00034308,3,False,DO,DO.01,False,0.0,0.016579581,0.0642931,0.08826754,0.7311077,0.003389824,0.0003488917,0.0128099,0.020894276,0.0,0.0,0.0023720507,0.0,0.01411876,0.0,0.024050819,0.02176754
99999E00034325,4,False,DO,DO.01,False,0.02595391,0.23043232,0.07188273,0.0889941,0.05698885,0.03722347,0.02210011,0.016223377,0.11773921,0.013115393,0.0,0.0,0.0,0.026098583,0.20955445,0.070328735,0.013364829
99999E00034337,7,False,DO,DO.01,False,0.0,0.062144674,0.019545382,0.0069226334,0.080785595,0.09373633,0.03538345,0.015390809,0.0416501,0.0032799267,0.015942432,0.021528248,0.0022611618,0.01104739,0.5012623,0.033539735,0.055579856
99999E00034339,7,False,68,68.32,False,0.0,0.13950856,0.0,0.0015579865,0.0065882457,0.010663489,0.0,0.011557075,0.0048322626,0.0,0.001547118,0.0,0.0,0.0,0.6187304,0.121399134,0.08361573
99999E00034344,5,False,45,45.20,False,0.0,0.0,0.111791864,0.0,0.0011411747,0.089402676,0.039031,0.21326263,0.10103366,0.12609312,0.0024380821,0.00082846446,0.01381528,0.0049617602,0.05360772,0.024969723,0.21762294
99999E00034347,3,False,DO,DO.01,False,0.0,0.0,0.0468449,0.0634678,0.031880215,0.09104801,0.14580199,0.05264056,0.15014265,0.04869821,0.0,0.0,0.05563187,0.043910485,0.1166286,0.12997568,0.02332897
99999E00034350,4,False,DO,DO.01,False,0.0,0.0,0.061642054,0.20872585,0.13056323,0.059191413,0.01244427,0.015486337,0.065133,0.05563677,0.0,0.0,0.07207243,0.0055624642,0.1698341,0.14193079,0.0017773196
99999E00034369,6,False,55,55.10,False,0.0,0.005551296,0.0,0.0,0.00073905586,0.0,0.0,0.00089357235,0.0033057476,0.0,0.0,0.0,0.0,0.002004323,0.1273783,0.72323996,0.13688774
99999E00034370,6,False,47,47.22,False,0.0,0.0,0.0,0.0,0.0,0.049671587,0.0,0.0088968035,0.0,0.0,0.0,0.0,0.0,0.0,0.084267914,0.0072818385,0.8498819
99999E00034389,6,False,55,55.10,False,0.0,0.0011766027,0.0,0.0,0.0,0.0,0.0,0.010334002,0.0,0.0,0.0,0.0,0.0,0.0,0.041526347,0.45030507,0.49665797
99999E00034406,4,False,DO,DO.01,False,0.0,0.050898425,0.038772307,0.037651442,0.0023344473,0.046380363,0.0048930687,0.0029751402,0.016440764,0.009613164,0.011568453,0.0,0.017500745,0.0119462265,0.5508438,0.15116066,0.047021057
99999E00034445,4,False,DO,DO.01,False,0.0,0.049748797,0.05097937,0.009085871,0.04572807,0.10121303,0.05793961,0.05571441,0.07198564,0.011962613,0.024942584,0.024426328,0.028955735,0.11353605,0.22509366,0.04921739,0.0794708
99999E00034471,6,False,56,56.10,False,0.0,0.008355721,0.003432595,0.00064427877,0.00080628716,0.0,0.00232745,0.059025537,0.00064857036,0.0003545947,0.0,0.0,0.0,0.30869454,0.16421466,0.10225763,0.3492382
99999E00034472,5,False,81,81.22,False,0.0,0.0,0.0,0.0,0.0,0.042374942,0.502898,0.345962,0.00649325,0.0,0.0,0.0,0.0010104278,0.00061125885,0.052998442,0.014011433,0.033640243
99999E00034484,4,False,DO,DO.01,False,0.002318077,0.014450927,0.11138815,0.06461703,0.023048619,0.019233832,0.018505918,0.035377868,0.062167533,0.062967725,0.0021253296,0.0018559216,0.033888455,0.04129535,0.2855206,0.14897458,0.07226413
99999E00034506,4,False,DO,DO.01,False,0.0,0.0,0.13403466,0.013929935,0.0,0.030055763,0.005463343,0.04624551,0.018769488,0.004990992,0.0,0.0,0.0104671195,0.0787853,0.0579553,0.34165317,0.2576494
99999E00034512,6,False,55,55.20,False,0.0,0.0062276646,0.0,0.0,0.0,0.0,0.0,0.0,0.0,0.0,0.0,0.0,0.0,0.0,0.08735561,0.7819306,0.12448607
99999E00034513,2,False,61,61.10,False,0.0,0.0,0.0,0.0,0.0,0.0,0.0,0.0,0.0,0.0,0.0,0.0,0.0,0.0,0.9969908,0.0,0.0030092117
99999E00034517,2,False,61,61.10,False,0.0,0.0,0.0,0.0,0.0,0.0,0.0,0.0,0.0,0.0,0.0,0.0,0.0,0.0,0.9906367,0.0014840371,0.0078792805
99999E00034522,4,False,DO,DO.01,False,0.0040544765,0.123445764,0.048794664,0.06864422,0.08733065,0.0102694165,0.014370204,0.05522639,0.093116716,0.014221205,0.0,0.0,0.03595269,0.059905045,0.20742397,0.14896862,0.028275965
99999E00034530,4,False,47,47.72,False,0.0,0.0,0.016588511,0.025996517,0.0,0.00033041256,0.004539857,0.080581404,0.025363801,0.77547336,0.0,0.0,0.0014950768,0.012184955,0.023761595,0.018218298,0.015466275
99999E00034536,4,False,DO,DO.01,False,0.0,0.00668868,0.099024944,0.0734079,0.059581723,0.060635265,0.0051561007,0.09340252,0.049619783,0.018813673,0.008328399,0.007078435,0.03952461,0.06377563,0.031242914,0.29092222,0.09279711
99999E00034540,7,False,DO,DO.01,False,0.0,0.007953741,0.11017465,0.42797616,0.018449374,0.008949729,0.004209346,0.0003516639,0.012591455,0.0070781214,0.0,0.0,0.0042034457,0.025710408,0.2653139,0.09011447,0.01692353
99999E00034545,1,False,85,85.3,True,0.30753195,0.6899829,0.0,0.0,0.0,0.0,0.0,0.0,0.0,0.0,0.0,0.0,0.0,0.0,0.0024851386,0.0,0.0
99999E00034555,4,False,DO,DO.01,False,0.0,0.0,0.01839908,0.04578156,0.07961916,0.005249096,0.011860415,0.0,0.03369956,0.02604932,0.0047423495,0.0,0.02441647,0.04641182,0.63139904,0.045058675,0.027313463
99999E00034581,4,False,43,43.22,False,0.0,0.006173552,0.0,0.0,0.0,0.13569877,0.0026786912,0.073850885,0.061204936,0.027301896,0.072940305,0.054191805,0.016591812,0.010241917,0.3011745,0.02840911,0.20954186
99999E00034594,7,False,94,94.9,False,0.0,0.0049141436,0.0,0.003659665,0.0,0.0,0.0005027139,0.0049329214,0.0,6.0945e-05,0.0,0.0,0.001423807,0.0,0.98450583,0.0,0.0
99999E00034597,6,False,47,47.62,False,0.0,0.0,0.0,0.0,0.0,0.0,0.0,0.035622753,0.0011837435,0.0024178305,0.0,0.0,0.0,0.0,0.033893652,0.026269764,0.90061224
99999E00034621,4,False,96,96.02,False,0.0,0.00062100624,0.0065524527,0.0,0.0,0.014067522,0.0029804024,0.2896829,0.1431301,0.48006877,0.0038736095,0.00042657726,0.0062353387,0.016494386,0.028136795,0.0008817356,0.006848373
99999E00034623,5,False,94,94.91,False,0.0,0.0,0.0,0.0063504954,0.0,0.022320803,0.0022667611,0.670591,0.0024727192,0.0,0.0,0.0,0.0,0.10280181,0.12617007,0.0031834126,0.06384293
99999E00034640,7,False,84,84.11,False,0.0,0.47861618,0.0,0.0,0.004038552,0.0,0.0,0.0,0.0,0.0,0.0,0.0031359834,0.0,0.0,0.5142093,0.0,0.0
99999E00034641,6,False,DO,DO.01,False,0.0,0.0,0.0,0.0010147183,0.033497997,0.003894989,0.00053262466,0.0035098603,0.0013834585,0.0,0.0,0.0,0.0019870996,0.030243523,0.8043465,0.1134955,0.006093773
99999E00034652,4,False,DO,DO.01,False,0.0,0.0,0.011869,0.0024507705,0.0,0.0011921999,0.0034602026,0.1168336,0.16075678,0.03143901,0.0,0.0,0.044480395,0.026756885,0.31262034,0.08066096,0.20747991
99999E00034685,2,False,61,61.10,False,0.0,0.0,0.0,0.0,0.0,0.0,0.0,0.0,0.0,0.0,0.0,0.0,0.0,0.0,1.0,0.0,0.0
99999E00034688,6,False,61,61.10,False,0.0,0.0,0.0,0.0,0.0,0.0,0.0,0.0,0.0,0.0,0.0,0.0,0.0,0.0,0.95971346,0.029191134,0.011095388
99999E00034690,4,False,01,01.50,False,0.00030840628,0.006968513,0.017814133,0.005845033,0.0,0.0019752688,0.025759269,0.0,0.0337044,0.065029666,0.016059157,0.7975753,0.019341478,0.009619338,0.0,0.0,0.0
99999E00034702,3,False,DO,DO.01,False,0.0010877004,0.0015188251,0.23478109,0.122004375,0.018028138,0.0,0.13466915,0.14140895,0.12681004,0.026986832,0.0,0.0,0.043982644,0.06998857,0.010030574,0.06870311,0.0
99999E00034746,7,False,71,71.12,True,0.07048662,0.20434466,0.017773023,0.06601036,0.22385275,0.014945172,0.0,0.0072303545,0.049409203,0.0022508686,0.0,0.0,0.0015050257,0.0032215142,0.14017318,0.1214073,0.077390015
99999E00034752,6,False,55,55.10,False,0.0,0.0004817755,0.0,0.0013133823,0.0,0.0,0.0,0.0,0.0,0.0,0.0,0.0004704817,0.0,0.0,0.03353298,0.39417967,0.5700217
99999E00034755,7,False,DO,DO.01,True,0.055674974,0.37007594,0.045766406,0.062795475,0.06547234,0.11017283,0.041030865,0.0009342322,0.0072565777,0.00024434892,0.016888607,0.022432547,7.388994e-05,0.00040822366,0.044094738,0.13551635,0.02116179
99999E00034760,4,False,47,47.61,False,0.0,0.004257871,0.06593643,0.02654986,0.02019334,0.106606126,0.0100177135,0.06094091,0.06483068,0.20781402,0.0017352356,0.0,0.0023557094,0.017319188,0.035087235,0.26390976,0.112446
99999E00034791,6,False,55,55.20,False,0.0,0.003869917,0.0,0.0,0.0,0.015477783,0.001385229,0.0626904,0.030045206,0.0051221643,0.0,0.0,0.005087976,0.0010938004,0.18098801,0.25151446,0.4427251
99999E00034797,3,False,DO,DO.01,False,0.0,0.0038665081,0.083977744,0.3674455,0.0,0.0,0.0,0.023354849,0.005432327,0.0,0.0,0.0,0.0,0.0,0.09444771,0.409102,0.012373345
99999E00034810,6,False,55,55.10,False,0.0,0.0,0.0,0.0,0.0,0.00050991686,0.0,0.0038960862,0.0022444746,0.0,0.0,0.0,0.0024101837,0.002338748,0.051513296,0.09460218,0.84248513
99999E00034815,4,False,01,01.4,False,0.0,0.010699151,0.0627862,0.010400335,0.00025224694,0.107903466,0.111535825,0.071626484,0.062665895,0.39959016,0.02607457,0.031096224,0.05279334,0.008665651,0.019155243,0.0029959173,0.02175921
99999E00034823,4,False,DO,DO.01,False,0.0,0.0021805603,0.014857183,0.0,0.0,0.025884265,0.0420351,0.07810614,0.017006675,0.018039051,0.027162379,0.0,0.05772129,0.14040746,0.027351623,0.45574695,0.0935014
99999E00034833,2,False,38,38.1,False,0.0,0.0,0.0,0.0,0.0,0.0,0.0,0.0,0.0,0.0,0.0,0.0,0.0,0.0,1.0,0.0,0.0
99999E00034837,4,False,DO,DO.01,False,0.0,0.048524562,0.0,0.15794538,0.025888931,0.01768695,0.03917705,0.11743952,0.0,0.005681818,0.008339442,0.0,0.0,0.20207112,0.18759164,0.18965359,0.0
99999E00034858,7,False,DO,DO.01,False,0.0,0.015139812,0.0,0.028165817,0.022137722,0.015211282,0.0,0.0,0.008081319,0.008339747,0.001677889,0.0025591946,0.0,0.006530278,0.6527835,0.13962214,0.09975132
99999E00034884,4,False,DO,DO.01,False,0.0,0.0,0.052171357,0.090929694,0.09770132,0.0,0.036337152,0.06987209,0.11312555,0.011995023,0.0,0.0026430527,0.009183162,0.059468687,0.23849694,0.18945095,0.028625036
99999E00040016,2,False,55,55.10,False,0.0,0.0,0.0,0.0,0.0,0.0,0.0,0.0,0.0,0.0,0.0,0.0,0.0,0.0,0.996099,0.0039010309,0.0
99999E00040067,7,False,84,84.11,False,0.0,0.503293,0.0,0.0,0.0059501785,0.0,0.0,0.0,0.0,0.0,0.0,0.0,0.0,0.0,0.46868074,0.022076208,0.0
99999E00040070,7,False,47,47.71,False,0.0,0.0,0.04347436,0.027094906,0.0,0.015529829,0.004984522,0.09483001,0.10675298,0.17125265,0.0,0.0,0.0019197916,0.00546298,0.12905084,0.14959852,0.25004864
99999E00040072,3,False,46,46.41,False,0.0,0.0,0.0,0.0,0.0,0.0,0.0,0.0,1.0,0.0,0.0,0.0,0.0,0.0,0.0,0.0,0.0
99999E00040080,7,False,84,84.11,False,0.0,0.59057844,0.0,0.0,0.007925937,0.0,0.0,0.0,0.0,0.0,0.0,0.0,0.0,0.0,0.3984003,0.0030953363,0.0
99999E00040107,4,False,DO,DO.01,False,0.0,0.014482169,0.12483268,0.08713985,0.032381937,0.017853962,0.0041886573,0.014253142,0.06844613,0.0,0.0,0.0,0.0003511754,0.08656983,0.15222691,0.31919047,0.07808309
99999E00040112,4,False,DO,DO.01,False,0.0,0.0,0.022796944,0.03182466,0.018722696,0.008974727,0.053108476,0.1259857,0.043442935,0.02697128,0.0,0.0,0.035914607,0.080067985,0.42320946,0.10813044,0.020850096
99999E00040121,4,False,DO,DO.01,False,0.0,0.02581312,0.025402306,0.084131464,0.0452866,0.0073824697,0.0017769459,0.0028489477,0.028547818,0.0096504465,0.0,0.0,0.0029802131,0.03694638,0.50030875,0.20014586,0.028778745
99999E00040123,4,False,DO,DO.01,False,0.0,0.0,0.011144351,0.005039386,0.0,0.074372806,0.013758065,0.03274313,0.12399389,0.043708883,0.019100124,0.025263906,0.057563115,0.041110624,0.11758539,0.29831553,0.13630085
99999E00040134,6,False,56,56.10,False,0.0,0.0010389287,0.0,0.0,0.0,0.0009481626,0.0,0.06676276,0.003159616,0.0,0.0,0.0016602253,0.0014857713,0.011772406,0.22987646,0.29230338,0.3909923
99999E00040150,4,False,DO,DO.01,False,0.0,0.06542516,0.069618635,0.045618482,0.04207674,0.11704103,0.031737823,0.025878698,0.018262565,0.06059625,0.05043434,0.024098853,0.0,0.011726413,0.1541971,0.1893176,0.09397036
99999E00040182,4,False,DO,DO.01,False,0.0,0.0,0.26665726,0.0010965453,0.0,0.10247924,0.027712796,0.064632416,0.035002038,0.0017779554,0.038949426,0.028958201,0.02477771,0.19721948,0.01066052,0.12766229,0.07241411
99999E00040210,3,False,DO,DO.01,False,0.0,0.006184587,0.064894676,0.10577229,0.03567519,0.100697756,0.07867572,0.14562169,0.014011235,0.09050776,0.021756036,0.039286703,0.0639125,0.22091608,0.012087824,0.0,0.0
99999E00040212,4,False,DO,DO.01,False,0.0,0.0075153112,0.012445284,0.07431288,0.059103213,0.023869807,0.01365029,0.03481292,0.27768764,0.031876184,0.00038705787,0.0,0.029797511,0.008475899,0.13436405,0.17412032,0.117581636
99999E00040264,7,False,84,84.11,False,0.0,0.43203998,0.0,0.0041169305,0.008069706,0.0,0.0,0.0,0.0,0.0,0.0,0.0,0.0,0.0,0.4988766,0.056896817,0.0
99999E00040268,4,False,DO,DO.01,False,0.0,0.01749104,0.053372473,0.078205,0.018822698,0.0034179226,0.0,0.0139399525,0.06386362,0.006610042,0.0,0.0,0.022505023,0.0746983,0.59359723,0.045203038,0.00827365
99999E00040270,2,False,62,62.02,False,0.0,0.0,0.0,0.0,0.0,0.0,0.0,0.0,0.0,0.0,0.0,0.0,0.0,0.0,1.0,0.0,0.0
99999E00040295,6,False,01,01.30,False,0.0,0.071160085,0.0011200607,0.0,0.0,0.026371967,0.0014932377,0.040965475,0.13980027,0.10209456,0.0,0.0,0.0023992218,0.0075790556,0.3015279,0.06899057,0.23649761
99999E00040313,3,False,DO,DO.01,False,0.0,0.0,0.005165653,0.18123843,0.0,0.012357917,0.15238126,0.1616442,0.003128029,0.0075997887,0.0,0.0,0.09690281,0.31128293,0.0,0.058463298,0.009835669
99999E00040318,5,False,52,52.10,False,0.0,7.660578e-05,0.00037222554,0.0,0.0,0.08711649,0.17819487,0.22624534,0.114340015,0.004009036,0.000549008,0.0,0.176759,0.020139463,0.13640739,0.019887058,0.035903558
99999E00040320,3,False,DO,DO.01,False,0.0,0.0,0.09766795,0.18099678,0.06593295,0.0024472096,0.01913682,0.14651541,0.083560504,0.036577687,0.0,0.0,0.11697796,0.047860038,0.003578594,0.19874805,0.0
99999E00040344,4,False,68,68.20,False,0.0,0.019804772,0.053550255,0.054624006,0.03423355,0.06267173,0.029414315,0.043711133,0.018906362,0.031836588,0.0,0.0,0.0019577006,0.10623463,0.45242766,0.070242226,0.02038503
99999E00040345,3,False,68,68.32,False,0.0,0.0,0.093676366,0.15086319,0.105467655,0.0706516,0.01569608,0.015917288,0.0,0.0,0.015907671,0.0,0.03569608,0.22167349,0.0,0.24176486,0.032685746
99999E00040346,4,False,68,68.20,False,0.0,0.00092726486,0.080811255,0.028640565,0.019317588,0.006022529,0.011222842,0.05239916,0.02845583,0.01685014,0.0,0.0,0.00786947,0.13237461,0.010902902,0.50930095,0.09490496
99999E00040347,3,False,68,68.20,False,0.0,0.0023683922,0.23320447,0.09937269,0.044697165,0.041100554,0.018863495,0.074305005,0.051209513,0.011762721,0.029687077,0.019594261,0.0059400564,0.12207785,0.02197733,0.17710115,0.046738327
99999E00040348,3,False,68,68.32,False,0.0008808954,0.0,0.14230514,0.01801512,0.034476515,0.026953777,0.029966656,0.068169415,0.056507006,0.051362142,0.009816849,0.0,0.022368256,0.19244592,0.19535072,0.094531424,0.056850176
99999E00040349,3,False,68,68.32,False,0.0008279941,0.092737146,0.03719646,0.13955498,0.13127865,0.029290743,0.00025671438,0.0,0.04240487,0.0,0.008699362,0.0050981296,0.011926369,0.3035629,0.0029178658,0.16355957,0.030688211
99999E00040351,7,False,62,62.02,False,0.0,0.0,0.0,0.0034030897,0.0,0.0,0.0,0.0,0.035006415,0.0,0.0,0.0,0.002386631,0.0,0.9502187,0.0089851795,0.0
99999E00040352,2,False,62,62.02,False,0.0,0.0,0.0,0.0,0.0,0.0,0.0,0.0,0.0,0.0,0.0,0.0,0.0,0.0,1.0,0.0,0.0
99999E00040357,2,False,60,60.10,False,0.0,0.0,0.0,0.0,0.0,0.0,0.0,0.0,0.0,0.0,0.0,0.0,0.0,0.0,1.0,0.0,0.0
99999E00040358,2,False,60,60.10,False,0.0,0.0,0.0,0.0,0.0,0.0,0.0,0.0,0.0,0.0,0.0,0.0,0.0,0.0,1.0,0.0,0.0
99999E00040359,5,False,01,01.1,False,0.0,0.0011623525,0.0,0.0005921101,0.0,0.0066898353,0.11613096,0.1306444,0.033577017,0.009155839,0.0,0.0,0.019680932,0.0,0.68236655,0.0,0.0
99999E00040361,4,False,DO,DO.01,False,0.0,0.0012849934,0.016916102,0.024738485,0.03361786,0.00781818,0.0073821438,0.022500515,0.022503668,0.015946316,0.0,0.0,0.023767648,0.02242907,0.7718029,0.023324257,0.0059679165
99999E00040364,2,False,60,60.10,False,0.0,0.0,0.0,0.0,0.0,0.0,0.0,0.0,0.0,0.0,0.0,0.0,0.0,0.0,1.0,0.0,0.0
99999E00040376,4,False,DO,DO.01,False,0.0,0.021861799,0.052291673,0.12310689,0.05840097,0.0012782973,0.0,0.051146,0.059351932,0.01982819,0.0,0.0046287715,0.06819091,0.089381106,0.3544091,0.06735,0.028774386
99999E00040388,4,False,DO,DO.01,False,0.0,0.0,0.0,0.0,0.005792646,0.0018746143,0.0,0.0,0.010101594,0.0,0.0,0.0,0.007973773,0.03248591,0.9387552,0.0030162632,0.0
99999E00040390,6,False,55,55.10,False,0.0,0.00968178,0.0,0.0067518293,0.0,0.046738487,0.0,0.0069977087,0.0027033573,0.0014399326,0.0,0.003410417,0.0016048548,0.003030781,0.37564525,0.32399195,0.21800372
99999E00040398,7,False,84,84.11,False,0.0,0.020384153,0.0,0.0,0.0,0.0,0.0,0.0,0.0,0.0,0.0,0.0,0.0,0.0,0.9771807,0.002435154,0.0
99999E00040400,4,False,85,85.51,False,0.0,0.0,0.27621004,0.23423341,0.025949785,0.0,0.0,0.018579394,0.009351595,0.08471699,0.0,0.0,0.0032026987,0.005787302,0.094871484,0.205683,0.04141421
99999E00040401,6,False,56,56.30,False,0.0,0.0,0.00017342424,0.0,0.0,0.0,0.00048611278,0.0029727074,0.0016358867,0.0,0.0,0.0,0.0,0.00024032775,0.14210118,0.045614075,0.8067763
99999E00040403,4,False,DO,DO.01,False,0.0,0.03655775,0.06462672,0.06623839,0.02551885,0.0,0.0015766278,0.0,0.025115931,0.0,0.0,0.0,0.013418856,0.07723224,0.4586986,0.226634,0.004382024
99999E00040405,4,False,DO,DO.01,False,0.0028162983,0.0043453975,0.04447142,0.031224113,0.041687373,0.015324708,0.028412215,0.038467906,0.023978854,0.010791657,0.008278833,0.0,0.039305028,0.046674903,0.58077323,0.061512884,0.021935169
99999E00040411,3,False,52,52.10,False,0.0,0.0,0.0,0.0,0.007101152,0.0,0.0,0.0,0.14723054,0.08647624,0.0,0.0,0.099573925,0.0063121347,0.6457314,0.0,0.007574561
99999E00040416,4,False,DO,DO.01,False,0.0,0.0024494224,0.07777768,0.035537437,0.060201917,0.0,0.0,0.0077319117,0.019674076,0.039768875,0.0026597837,0.0,0.0061988467,0.0,0.48081625,0.2087374,0.058446385
99999E00040433,4,False,43,43.22,False,0.0,0.0,0.0029678163,0.009507383,0.011510924,0.16381387,0.09457521,0.34318006,0.041128986,0.0054069567,0.06776753,0.04863921,0.057684936,0.03612864,0.0043820497,0.013833587,0.0994729
99999E00040440,4,False,96,96.0,False,0.042175665,0.024425628,0.048165273,0.020623932,0.06692866,0.025782792,0.020536743,0.023524145,0.09740312,0.04144362,0.0073352563,0.014514233,0.0517926,0.06428014,0.33866382,0.06811803,0.044286262
99999E00040441,4,False,DO,DO.01,False,0.0,0.0009848455,0.24827981,0.16308507,0.012058985,0.043043934,0.019055845,0.053798024,0.064938225,0.041802857,0.00587091,0.002184234,0.07226187,0.09174777,0.03598903,0.10772368,0.03717495
99999E00040489,4,False,DO,DO.01,False,0.0,0.06329323,0.027160116,0.026347853,0.045055337,0.0069804043,0.018352117,0.027515486,0.012869327,0.0,0.0,0.0,0.0,0.0069169463,0.68402886,0.06363591,0.017844452
99999E00040505,4,False,DO,DO.01,False,0.0007544236,0.030010618,0.08493928,0.0743765,0.039977662,0.016679635,0.02723478,0.07321898,0.08227037,0.00834788,0.0,0.004910118,0.02970766,0.0923367,0.28344437,0.08592622,0.06586484
99999E00040515,4,False,94,94.99,False,0.0058370507,0.010854659,0.0067465315,0.015260185,0.0022991684,0.002934896,0.0,0.027650956,0.063050695,0.054330587,0.0,0.0,0.007392263,0.0121925045,0.20474514,0.2291265,0.3575789
99999E00040613,4,False,49,49.4,False,0.0,0.0015941355,0.24262522,0.042199906,0.023133593,0.006540426,0.058122635,0.18978037,0.07949076,0.09690334,0.019706942,0.012414145,0.031163864,0.005754532,0.17025222,0.014652641,0.0056651416
99999E00040651,5,False,10,10.85,False,0.0,0.000104198865,0.0,0.0,0.0,0.001811716,0.0016369306,0.6812758,0.00012772765,0.0,0.0,0.0,9.4115116e-05,0.28100082,0.033753715,0.0,0.00019495274
99999E00040660,4,False,47,47.78,False,0.0,0.00036999607,0.0044417446,0.01366925,0.0,0.00045152067,0.017647827,0.1378625,0.02754455,0.7633234,0.003141831,0.0,0.00035387036,0.005386892,0.013686272,0.007309438,0.004810845
99999E00040670,4,False,DO,DO.01,False,0.0,0.07261189,0.112996794,0.062082645,0.05844442,0.014529962,0.0092714215,0.021855924,0.13883108,0.029837541,0.009114088,0.003740092,0.042694554,0.10192933,0.10699884,0.17959546,0.035465933
99999E00040704,5,False,43,43.34,False,0.0,0.010124277,0.023194734,0.008156396,0.0,0.058849644,0.03882641,0.15064362,0.10115501,0.06621663,0.20046276,0.11277856,0.027177207,0.009803996,0.11565032,0.021420356,0.05554007
99999E00040705,4,False,52,52.21,False,0.0,0.0017561745,0.0022423125,0.0,0.0044329735,0.001754655,0.0069350656,0.072139874,0.06635483,0.017488822,0.0,0.0,0.011638453,0.0021739495,0.73234904,0.011053568,0.06968032
99999E00040706,4,False,49,49.39,False,0.0,0.0017683585,0.03466064,0.020983703,0.015962547,0.08721046,0.10495401,0.20681962,0.12913464,0.09293,0.02790172,0.016940752,0.09040616,0.031131268,0.08559467,0.026046064,0.02755539
99999E00040709,4,False,43,43.21,False,0.0,0.0018521346,0.0,0.0,0.0019447876,0.01462096,0.008739961,0.033429835,0.054290053,0.0,0.0,0.0,0.012185419,0.006430121,0.7078761,0.012123343,0.14650732
99999E00040710,5,False,45,45.20,False,0.0,0.0,0.0,0.0,0.0,0.0048698843,0.03152466,0.83842075,0.054070927,0.002228203,0.0,0.0007369078,0.0,0.016352048,0.044722214,0.0018277435,0.005246716
99999E00040711,4,False,16,16.23,False,0.0,0.0015906035,0.0127881225,0.010840263,0.0034889868,0.11738306,0.17242326,0.255335,0.14117727,0.032763045,0.01669142,0.005135084,0.028221456,0.0052344827,0.06501193,0.024749853,0.10716616
99999E00040712,5,False,43,43.99,False,0.0,0.043823473,0.0063542766,0.0023119173,0.0,0.039838944,0.046784863,0.16674717,0.17220414,0.20215674,0.02401966,0.06214214,0.03696144,0.01872856,0.14135167,0.017196393,0.019378668
99999E00040713,4,False,41,41.20,False,0.0,0.021832913,0.21956852,0.124603555,0.010292271,0.024585845,0.0014091692,0.029269302,0.045374397,0.020610515,0.005004817,0.0062262705,0.0032258828,0.051968068,0.05116526,0.2703841,0.11447917
99999E00040714,6,False,47,47.64,False,0.0,0.0,0.0022810844,0.0,0.0,0.0,0.001754318,0.042487074,0.024039682,0.04397701,0.0,0.0,0.0,0.0,0.08436915,0.13322054,0.6678711
99999E00040715,4,False,43,43.34,False,0.025019195,0.0,0.017754963,0.053086992,0.0022186001,0.07393503,0.021175427,0.119143724,0.082461946,0.043536644,0.032288253,0.03562834,0.023842247,0.007985728,0.33059418,0.043349102,0.087979645
99999E00040716,1,False,DO,DO.02,False,0.28377366,0.7015203,0.0,0.0,0.0009758132,0.0,0.0,0.0,0.0,0.0,0.0,0.0,0.0,0.0,0.011909244,0.0018209843,0.0
99999E00040717,4,False,25,25.99,False,0.0,0.0,0.05484198,0.0052287714,0.0011650719,0.13883032,0.046227027,0.1957255,0.07085754,0.12124041,0.020076768,0.0044324314,0.004213291,0.002457679,0.18301038,0.044207808,0.10748509
99999E00040718,4,False,43,43.33,False,0.0,0.007019515,0.003369438,0.0055859806,0.00929522,0.075335905,0.015386097,0.12159659,0.13526548,0.048413012,0.016128905,0.0102723995,0.04090124,0.017156146,0.22597837,0.08340137,0.18489434
99999E00040742,4,False,DO,DO.01,False,0.0,0.011467567,0.2605052,0.048794933,0.005558397,0.008940138,0.0,0.026189268,0.030143118,0.01988895,0.0028986926,0.0035211162,0.006667927,0.055804297,0.026392346,0.31512773,0.17810039
99999E00040748,6,False,68,68.31,False,0.0,0.042759683,0.0,0.0022109894,0.0,0.0,0.0,0.002367084,0.0,0.0025452191,0.0,0.0,0.0,0.0,0.2019331,0.20634481,0.5418391
99999E00040779,4,False,DO,DO.01,False,0.0,0.0014223307,0.10294938,0.20133562,0.17520855,0.022802263,0.010377228,0.043747023,0.085949965,0.027760541,0.002838903,0.010237656,0.062444627,0.07484333,0.016020484,0.12914692,0.032915153
99999E00040825,4,False,DO,DO.01,False,0.0,0.1008935,0.042901594,0.038243998,0.006484653,0.09129322,0.01773967,0.017246796,0.014525218,0.011331039,0.011478013,0.13224359,0.017958866,0.009151748,0.15785405,0.2950327,0.035621244
99999E00040826,4,False,DO,DO.01,False,0.0031371533,0.027944729,0.034779165,0.11911385,0.11933534,0.020611927,0.08795742,0.06032577,0.068314545,0.013291902,0.0040785116,0.026181277,0.060934886,0.0101845665,0.28261426,0.05094839,0.01024633
99999E00040828,3,False,DO,DO.01,False,0.0,0.003837552,0.05229334,0.30756328,0.0,0.050194565,0.13672714,0.0,0.04642595,0.07452969,0.015059135,0.0,0.15517956,0.15818986,0.0,0.0,0.0
99999E00040839,4,False,56,56.10,False,0.0,7.705368e-06,0.19232203,0.15746547,0.0,0.0,0.0,0.0035014814,0.3868123,0.11786303,0.0,0.0,0.015768224,0.0,0.027015526,0.09924423,0.0
99999E00040993,1,False,IL,IL.01,False,0.50236785,0.49635935,0.0,0.0,0.0012728377,0.0,0.0,0.0,0.0,0.0,0.0,0.0,0.0,0.0,0.0,0.0,0.0
99999E00041045,4,False,68,68.20,False,0.0,0.05380676,0.032365702,0.06945731,0.118252695,0.042204738,0.011513087,0.048339043,0.034528762,0.007475939,0.00297982,0.0,0.0023295607,0.028388916,0.26468697,0.23048247,0.053188283
99999E00041046,4,False,68,68.20,False,0.004328821,0.018184084,0.045460388,0.16820695,0.14590126,0.040244058,0.05162601,0.07603644,0.04626282,0.035632815,0.0021834741,0.002322214,0.013899039,0.03569636,0.08292012,0.19800492,0.033090312
99999E00041058,7,False,93,93.11,False,0.0,0.042148635,0.0490876,0.023233727,0.0,0.0007287611,0.001017649,0.003344664,0.019778742,0.021012437,0.0,0.0,0.0,0.0013744272,0.756191,0.056479525,0.025602821
99999E00041059,5,False,84,84.1,False,0.0,0.0007411844,0.0,0.00039608774,0.0,0.018420136,0.032063052,0.87530565,0.00060029415,0.0,0.0036979467,0.015607646,0.007834273,0.011253339,0.015872268,0.0,0.018208196
99999E00041069,6,False,DO,DO.02,False,0.0,0.0,0.0,0.0,0.0,0.0,0.0,0.0,0.0,0.0,0.0,0.0,0.0,0.0,0.50133234,0.38733962,0.111328036
99999E00041145,2,False,62,62.02,False,0.0,0.0,0.0012913278,0.0,0.0,0.0,0.0,0.0,0.0,0.0,0.0,0.0,0.0,0.0,0.99667436,0.0020343342,0.0
99999E00041169,1,False,IL,IL.01,False,0.37236667,0.6176791,0.0,0.0,0.0005943781,0.0,0.0,0.0,0.0,0.0,0.0,0.0,0.0,0.0,0.009359866,0.0,0.0
99999E00041170,1,False,IL,IL.01,False,0.42690712,0.5730929,0.0,0.0,0.0,0.0,0.0,0.0,0.0,0.0,0.0,0.0,0.0,0.0,0.0,0.0,0.0
99999E00041182,7,False,49,49.32,False,0.0,0.05448124,0.00938288,0.022298492,0.0035939598,0.012661459,0.0013585655,0.0093101,0.017367918,0.023750633,0.0012961822,0.0012580592,0.0,0.0,0.77529836,0.05202982,0.015912313
99999E00041195,6,False,35,35.30,False,0.0,0.008845768,0.001597665,0.0022080902,0.0,0.014161885,0.0,0.0030557497,0.004099766,0.001994701,0.00079188845,0.0,0.0,0.0034913933,0.34946564,0.4822064,0.12808105
99999E00041202,4,False,55,55.10,False,0.0,0.0,0.0026624852,0.024207477,0.005852272,0.014233859,0.0011994345,0.012494553,0.0057944506,0.0,0.0,0.0,0.0,0.0039224643,0.20505032,0.65026325,0.074319415
99999E00041204,4,False,DO,DO.01,False,0.0,0.0,0.07680913,0.0047167293,0.0026578726,0.039650936,0.01761749,0.03770982,0.022813391,0.015188145,0.0027562345,0.0044724047,0.0018539184,0.026670562,0.086663,0.3561105,0.3043099
99999E00041205,2,False,61,61.90,False,0.0,0.0,0.0,0.0,0.0,0.0,0.0,0.0,0.0,0.0,0.0,0.0,0.0,0.0,1.0,0.0,0.0
99999E00041224,4,False,96,96.0,False,0.0022350296,0.007726168,0.032470327,0.019241678,0.019933742,0.011855868,0.02589004,0.045982614,0.14362052,0.09958929,0.0,0.0,0.059540283,0.025197973,0.44768667,0.030972745,0.028056996
99999E00639916,7,False,49,49.4,False,0.008929309,0.06877362,0.022280917,0.020500373,0.014804949,0.0041885204,0.0033040605,0.031873368,0.008168175,0.0,0.0,0.0,0.0,0.017109942,0.7324342,0.046396367,0.021236176
99999E00639917,6,False,55,55.20,False,0.0,0.0003325246,3.8051003e-05,0.0,8.659884e-05,4.217476e-05,0.0006965396,0.007180768,0.0004515511,5.698279e-05,0.0,0.0,0.00044705247,0.11092496,0.008517427,0.61344415,0.25778124
99999E00656629,7,False,49,49.4,False,0.0,0.27799556,0.0,0.0,0.0031135501,0.0,0.0,0.0,0.0,0.0,0.0,0.0,0.0,0.0,0.6817595,0.037131496,0.0
99999E10004622,4,False,01,01.41,False,0.0,0.0,0.25270355,0.0,0.0,0.003691896,0.00035653124,0.0,0.0,0.0,0.012596419,0.4225824,0.0,0.0,0.0,0.25348347,0.054585766
99999E10004699,4,False,DO,DO.01,False,0.0,0.007877166,0.08885838,0.030115109,0.044341434,0.089713454,0.06967977,0.11382118,0.055601154,0.08317686,0.0025592675,0.017693652,0.010992134,0.081791915,0.077146955,0.10238925,0.12424238
99999E10004711,4,False,84,84.1,False,0.0,0.03389719,0.009314459,0.012249203,0.021022085,0.0051682866,0.0,0.005757611,0.039503254,0.0059143836,0.0031003063,0.0,0.012930216,0.0215468,0.62953776,0.09231964,0.10773874
99999E10004722,4,False,55,55.10,False,0.0,0.00081222533,0.0,0.0,0.0,0.0,0.0,0.0,0.8724902,0.0,0.0,0.0,0.0,0.0007559786,0.06577902,0.05132407,0.008838451
99999E10004732,4,False,DO,DO.01,False,0.0,0.0,0.0,0.034255408,0.0,0.037043072,0.024540033,0.026421353,0.028256923,0.014530171,0.0,0.0,0.0,0.039647754,0.715072,0.072971076,0.007262226
99999E10004762,4,False,DO,DO.01,False,0.0,0.01968049,0.07726951,0.11454279,0.34290904,0.0054094414,0.0,0.034957502,0.028657401,0.011905461,0.0032826008,0.0036711488,0.010685556,0.08660919,0.015666721,0.22509255,0.019660724
99999E10004800,4,False,93,93.1,False,0.0,0.13436417,0.19331925,0.4802574,0.030035332,0.0,0.0,0.0,0.0053945957,0.0018955118,0.0,0.0,0.0,0.0,0.12338497,0.020796798,0.010552059
99999E10004821,7,False,DO,DO.02,True,0.0068428395,0.748065,0.0,0.002039649,0.0,0.0,0.0,0.0031725012,0.0,0.0,0.0,0.0,0.0,0.0,0.23722014,0.0,0.002659852
99999E10004824,3,False,DO,DO.01,False,0.0034187208,0.007960965,0.09866942,0.26691705,0.03421931,0.012888417,0.0,0.0,0.015946006,0.0,0.0,0.0011796996,0.0,0.010135786,0.11661369,0.41827166,0.013779211
99999E10004825,3,False,DO,DO.01,False,0.0025282416,0.011732176,0.14844659,0.17857243,0.0775138,0.029590841,0.04766256,0.0010037214,0.042757582,0.0668753,0.0010842085,0.0,0.029046368,0.114864536,0.16514057,0.08318103,0.0
99999E10004846,4,False,43,43.31,False,0.0,0.002224758,0.0047346023,0.0,0.0,0.05932528,0.049722966,0.3758031,0.13968651,0.040210485,0.016461052,0.009411097,0.032296985,0.007835875,0.048794556,0.009115436,0.20437717
99999E10004863,6,False,43,43.32,False,0.0,0.0,0.0,0.0,0.0,0.006474164,0.0,0.16232958,0.021899972,0.018113222,0.0,0.0022854274,0.005603304,0.011811243,0.124121696,0.107098535,0.5402629
99999E10004891,4,False,DO,DO.01,False,0.0,0.0,0.09507708,0.18486394,0.03658084,0.06862024,0.027417,0.09643206,0.11909194,0.054804623,0.011817907,0.010068832,0.023045385,0.05504323,0.03578906,0.106450014,0.074897856
99999E10004896,4,False,47,47.73,False,0.0,0.00015948212,0.02240533,0.0,0.0,0.0001386248,0.0,0.028450137,0.009314825,0.16041282,0.0,0.0,0.0028694062,0.009858132,0.065141715,0.28807205,0.4131775
99999E10004910,3,False,DO,DO.01,False,0.0,0.0,0.0,0.0,0.0,0.0936604,0.7094784,0.19686121,0.0,0.0,0.0,0.0,0.0,0.0,0.0,0.0,0.0
99999E10004917,4,False,DO,DO.02,False,0.0,0.017257039,0.14625497,0.058139987,0.020214502,0.012804784,0.0035396945,0.019716114,0.009750593,0.0075495807,0.0,0.0,0.0058521857,0.057115763,0.102370486,0.41275927,0.12667498
99999E10004933,5,False,79,79.11,False,0.000152517,0.0033784157,0.008662746,0.0018455653,0.005660685,0.018202191,0.046818327,0.2628087,0.2540176,0.23886025,0.009283787,0.01075958,0.030783195,0.030887432,0.04947366,0.020911286,0.0074941795
99999E10004955,7,False,38,38.11,False,0.0,0.0,0.0,0.0,0.0,0.069842055,0.01899659,0.18488279,0.0011200926,0.0,0.0035299503,0.0,0.0017696669,0.0008387876,0.4298051,0.012109942,0.27710503
99999E10004968,3,False,52,52.10,False,0.0,0.1252887,0.0,0.0,0.0,0.05251321,0.22969258,0.1317951,0.15567204,0.0681768,0.016928732,0.0,0.16543168,0.0,0.021688059,0.001425789,0.031387437
99999E10004971,6,False,84,84.1,False,0.0,0.0,0.0,0.0,0.0,0.0,0.0,0.0041458476,0.0050567165,0.0,0.0035986977,0.0,0.0,0.0076125693,0.5639276,0.14262265,0.27303597
99999E10004985,6,False,47,47.73,True,0.0,0.00093524356,0.0,0.0,0.0,0.0010495079,0.0,0.0,0.00054243667,0.0,0.0,0.0,0.0,0.0,0.05566974,0.023163466,0.91863966
99999E10004990,3,False,DO,DO.01,False,0.0,0.03129005,0.19345756,0.10477173,0.18387339,0.012403141,0.019487228,0.0050271275,0.035227317,0.033153888,0.0058070947,0.02874205,0.029149253,0.02269393,0.08395212,0.19973922,0.011224954
99999E10005015,7,False,01,01.4,True,0.14378251,0.21436408,0.0,0.0,0.0,0.0,0.0,0.0,0.0,0.0,0.0,0.0,0.0,0.0,0.6317462,0.0,0.010107243
99999E10005020,4,False,DO,DO.01,False,0.0042467085,0.021199856,0.054254405,0.019919828,0.08884403,0.021421215,0.03494572,0.014429184,0.0065204413,0.0,0.0,0.0,0.0005100862,0.012282972,0.6319559,0.06382814,0.025641458
99999E10005021,3,False,DO,DO.01,False,0.0,0.028047446,0.029644005,0.061614957,0.13771598,0.021693988,0.015366283,0.034138713,0.020305779,0.041831218,0.0,0.0,0.0046492135,0.009101784,0.47156274,0.08687194,0.037455898
99999E10005026,4,False,DO,DO.01,False,0.0,0.003377504,0.09359637,0.000105547006,0.037217237,0.0,0.0053897067,0.05207213,0.020922141,0.040884145,0.0,0.0,0.006390701,0.021892492,0.5268124,0.11799474,0.07334496
99999E10005038,7,False,84,84.11,False,0.0,0.45630455,0.0,0.0227172,0.0,0.0,7.955992e-05,0.0,6.53528e-05,0.0,0.0,0.0,0.0,0.0019492181,0.51116544,0.007718733,0.0
99999E10005054,3,False,DO,DO.01,False,0.024759807,0.022854375,0.0570552,0.046532284,0.056877576,0.029221954,0.011992358,0.10643487,0.047711067,0.0067066783,0.0,0.0,0.015065803,0.23225234,0.26617867,0.0029980897,0.073359
99999E10005075,4,False,94,94.99,False,0.0,0.07597341,0.33760682,0.19040836,0.32858503,0.0,0.0071225073,0.006647674,0.0,0.0,0.0,0.0,0.0,0.0,0.0,0.020892687,0.032763533
99999E10005118,6,False,55,55.10,True,0.0,0.24299821,0.0123757655,0.005205783,0.0,0.0,0.0,0.0,0.047081403,0.0034671891,0.0,0.0,0.0,0.0,0.22445332,0.44613376,0.018284611
99999E10005158,4,False,DO,DO.01,False,0.0,0.012991403,0.046307012,0.18998647,0.0743527,0.0052867495,0.0,0.04691948,0.0,0.0,0.0031330131,0.0,0.00912814,0.06853088,0.47796455,0.06026928,0.0051302672
99999E20000010,2,False,49,49.39,False,0.0,0.0,0.0,0.0,0.0,0.0,0.0,0.0,0.0,0.0,0.0,0.0,0.0,0.0,0.9955394,0.004460558,0.0
99999E20000013,4,False,DO,DO.01,False,0.0,0.0,0.0,0.0,0.0,0.020606153,0.1350396,0.03786785,0.0,0.019452605,0.0,0.0010124651,0.024099989,0.02229083,0.64004385,0.042407345,0.057179376
99999E20000023,6,False,56,56.10,True,0.0,0.028755942,0.0043385206,0.0018913827,0.0,0.0010726873,0.0,0.007116374,0.0,0.0,0.0,0.0,0.0,0.010934146,0.083491944,0.8148707,0.047528297
99999E20000033,4,False,93,93.1,False,0.0,0.0760522,0.026755195,0.0013878979,0.09643584,0.0,0.0,0.005006727,0.0,0.04151625,0.013300394,0.0,0.0,0.0,0.7346488,0.0048966887,0.0
99999E20000037,1,False,IL,IL.01,False,0.4161194,0.58388066,0.0,0.0,0.0,0.0,0.0,0.0,0.0,0.0,0.0,0.0,0.0,0.0,0.0,0.0,0.0
99999E20000045,4,False,DO,DO.01,False,0.0,0.002123553,0.23249,0.35504586,0.06276879,0.0049939537,0.01132612,0.036953297,0.03742503,0.02811151,0.006991082,0.0048969653,0.038822867,0.053439416,0.021164205,0.09160601,0.011841251
99999E20000091,3,False,DO,DO.01,False,0.0021232266,0.0,0.07244767,0.09176177,0.007725635,0.017137945,0.03315144,0.08268679,0.16429542,0.033859186,0.0,0.0,0.06762577,0.07866523,0.2918544,0.052260485,0.0044052
99999E20000137,6,False,47,47.11,False,0.0,0.0,0.0,0.0,0.0,0.0,0.0,0.0,0.0,0.0,0.0,0.0,0.0,0.0,0.0066434587,0.0,0.9933565
99999E20000148,4,False,DO,DO.01,False,0.0,0.0,0.033363394,0.02310976,0.0030796144,0.13558435,0.22788243,0.19314551,0.042529944,0.067526504,0.024017017,0.0128452815,0.101252265,0.06747772,0.012404304,0.010383759,0.04539811
99999E20000149,4,False,01,01.11,False,0.06968027,0.3946407,0.03193289,0.004390996,0.0,0.005435196,0.36581364,0.04170107,0.010276893,0.013717399,0.0,0.0023204447,0.019576522,0.0,0.040514074,0.0,0.0
99999E20000152,7,False,38,38.11,False,0.0,0.0,0.0,0.15205593,0.0,0.0,0.0,0.0,0.019736635,0.0,0.0,0.0,0.0046430086,0.0,0.8181217,0.0054427404,0.0
99999E20000165,1,False,IL,IL.01,False,0.27359948,0.7264005,0.0,0.0,0.0,0.0,0.0,0.0,0.0,0.0,0.0,0.0,0.0,0.0,0.0,0.0,0.0
99999E20000168,4,False,CO,CO.02,False,0.002390969,0.0058188806,0.10708198,0.085224755,0.03609506,0.015584146,0.047063522,0.121624894,0.13308783,0.121534914,0.012111671,0.0063364957,0.100512385,0.12288637,0.0076656686,0.06407968,0.01090076
99999E20000193,4,False,DO,DO.01,False,0.0,0.011962968,0.0795588,0.06298047,0.021337772,0.032031406,0.014911911,0.025604445,0.031821318,0.03630688,0.01721959,0.007859085,0.027279656,0.10705294,0.32019526,0.13589671,0.0679808
99999E20000195,4,False,DO,DO.01,False,0.0,0.0035133937,0.02275376,0.01605944,0.040888358,0.0070857615,0.0060596094,0.11802453,0.026191961,0.02177921,0.0,0.0,0.012530564,0.05663892,0.5501683,0.07149086,0.046815276
99999E20000207,2,False,61,61.20,False,0.0,0.0,0.0,0.0,0.0,0.0,0.0,0.0,0.0,0.0,0.0,0.0,0.0,0.0,1.0,0.0,0.0
99999E20000229,4,False,DO,DO.01,False,0.0,0.0,0.06455764,0.017951038,0.005539237,0.05323474,0.007472243,0.15271695,0.055998344,0.01729048,0.0038523206,0.011852824,0.029712271,0.045237567,0.011763085,0.23676006,0.28606126
99999E20000235,4,False,75,75.00,False,0.0,0.018541794,0.00218514,0.008948283,0.022219716,0.0033354727,0.0041855667,0.028180372,0.01254813,0.008959708,0.0,0.0,0.0029439882,0.011331466,0.44607943,0.17095649,0.2595845
99999E20000237,4,False,47,47.71,False,0.0,0.0,0.00055415026,0.0008284854,0.0,0.0,0.0,0.025229134,0.0081000235,0.8929485,0.0,0.0,0.0011732596,0.001912469,0.033200838,0.026101228,0.009951872
99999E20000251,6,False,52,52.21,False,0.0,0.016521633,0.0,0.0,0.0031125704,0.0025567543,0.0,0.0,0.039984018,0.0,0.0,0.0,0.0,0.0,0.3009258,0.2901881,0.34671113
99999E20000252,5,False,11,11.05,False,0.0,0.00091096637,0.0026831264,0.0027669538,0.0016866956,0.029067421,0.014896362,0.26425654,0.043327548,0.0088382065,0.0,0.0,0.009861488,0.06900946,0.24327712,0.053402208,0.25601593
99999E20000256,5,False,88,88.10,False,0.00980647,0.009542665,0.008747104,0.02916848,0.01508723,0.0021323345,0.002792975,0.66312426,0.0585001,0.0,0.0,0.0,0.061206885,0.011216413,0.1024656,0.018551826,0.007657625
99999E20000260,4,False,DO,DO.02,False,0.0,0.0,0.0046784724,0.0,0.0,0.014268856,0.01344534,0.06815721,0.10061797,0.023813846,0.0,0.0,0.038351804,0.011957178,0.51747215,0.039022937,0.16821428
99999E20000264,7,False,58,58.2,False,0.0,0.99849534,0.0,0.0,0.0015046758,0.0,0.0,0.0,0.0,0.0,0.0,0.0,0.0,0.0,0.0,0.0,0.0
99999E20000265,6,False,DO,DO.02,False,0.0,0.0,0.0,0.0,0.0,0.0,0.0,0.0,0.0077349623,0.0,0.0,0.0,0.0,0.0,0.73635006,0.051378194,0.20453683
99999E20000301,4,False,DO,DO.01,False,0.0,0.002535727,0.105415486,0.046384282,0.010709706,0.06603492,0.02695956,0.02520566,0.020142134,0.014336418,0.0031035158,0.0070780367,0.01254387,0.05350988,0.43118554,0.100855336,0.07399982
99999E20000305,6,False,43,43.21,False,0.0,0.0,0.0,0.0,0.0,0.010809601,0.0,0.0,0.02568324,0.0,0.0,0.0,0.0,0.0,0.3982221,0.2908797,0.2744054
99999E20000321,4,False,DO,DO.01,False,0.0,0.014491015,0.06534373,0.04141296,0.031086707,0.06680669,0.0045777727,0.03612725,0.012320502,0.0125094,0.0036078256,0.001284203,0.006921682,0.07016418,0.0701682,0.3804856,0.18269232
99999E20000333,6,False,01,01.41,False,0.0,0.0,0.0,0.0,0.0,0.0,4.4777516e-05,0.003503194,0.002138092,0.0,0.0,0.0,0.00035274198,0.0015681317,0.05024054,0.2920072,0.6501453
99999E20000342,4,False,55,55.30,False,0.0022649437,0.11736486,0.0008600155,0.010432851,0.010945992,0.0061696763,0.00039485606,0.0,0.0008842917,0.00017685835,0.0011119836,0.0,0.0,0.0,0.60700387,0.24192674,0.0004630414
99999E20000352,1,False,IL,IL.01,False,0.45066005,0.54934,0.0,0.0,0.0,0.0,0.0,0.0,0.0,0.0,0.0,0.0,0.0,0.0,0.0,0.0,0.0
99999E20000353,1,False,IL,IL.01,False,0.40600327,0.59007484,0.0,0.0,0.0,0.0,0.0,0.0,0.0,0.0,0.0,0.0,0.0,0.0,0.0,0.00392181,0.0
99999E20000354,3,False,DO,DO.01,False,0.011997087,0.15694518,0.009648644,0.18924084,0.18922265,0.010249409,0.0,0.006389951,0.0075914795,0.0106135085,0.0,0.0,0.0,0.0005461497,0.32961953,0.061496448,0.016439103
99999E20000388,7,False,36,36.00,False,0.0,0.053305313,0.0,0.0,0.0,0.0,0.0,0.0,0.0,0.0,0.0,0.0,0.0,0.0,0.94669473,0.0,0.0
99999E20000392,4,False,84,84.11,False,0.031518262,0.7532603,0.0,0.041732516,0.0,0.0,0.008478076,0.0010436838,0.007763326,0.01689927,0.0008136776,0.0,0.0,0.0,0.0,0.0009942203,0.1374967
99999E20000409,7,False,36,36.00,False,0.0,0.123648286,0.0,0.0,0.0,0.0,0.0,0.0,0.0,0.0,0.0,0.0,0.0,0.0,0.8763517,0.0,0.0
99999E20000447,4,False,DO,DO.01,False,0.017828418,0.18005556,0.13254778,0.2875752,0.07798102,0.00960561,0.0013839394,0.027506128,0.02311676,0.010723538,0.008536253,0.019644957,0.008440627,0.026823834,0.10585448,0.041760284,0.02061565
99999E20000474,4,False,DO,DO.01,False,0.0,0.054831646,0.02852287,0.040193547,0.12566416,0.0022294018,0.0076589757,0.06066239,0.12972179,0.046606135,0.0030072427,0.0037636466,0.02394157,0.07835062,0.20974751,0.12964217,0.05545637
99999E20000481,4,False,DO,DO.01,False,0.11198567,0.079004966,0.051363178,0.14469989,0.13259111,0.02443107,0.005353814,0.01169083,0.011022948,0.0022875164,0.0047749,0.004165365,0.014101245,0.039709177,0.26579505,0.08037177,0.016651528
99999E20000483,4,False,84,84.1,False,0.0,0.0,0.008378217,0.98264515,0.0,0.0,0.0,0.0,0.0,0.0,0.0,0.008976662,0.0,0.0,0.0,0.0,0.0
99999E20000505,7,False,52,52.21,False,0.0,0.026222352,0.041783843,0.037110433,0.022551658,0.0,0.0,0.0,0.0020690833,0.002122344,0.0,0.0,0.0,0.0,0.61932176,0.040417865,0.20840064
99999E20000519,4,False,55,55.10,False,0.0868281,0.3103898,0.08140288,0.12765269,0.06496564,0.0055396664,0.00074579485,0.0061096577,0.025243023,0.015020737,0.0,0.0041735205,0.022572538,0.0052796225,0.15069588,0.08559838,0.0077820867
99999E20000539,4,False,DO,DO.01,False,0.0,0.0010066947,0.33522624,0.038903248,0.0065846955,0.04942186,0.007905311,0.10317511,0.01824488,0.036180615,0.008967629,0.032187495,0.009192983,0.061822087,0.00861957,0.11288445,0.16967712
99999E20000548,4,False,DO,DO.02,False,0.0,0.003481816,0.0029099484,0.005417565,0.0035020593,0.0027960807,0.012333118,0.01844148,0.024734559,0.012129422,0.0,0.0,0.008030192,0.017326845,0.6942656,0.070998944,0.12363231
99999E20000564,7,False,45,45.20,False,0.0,0.0,0.0,0.014564734,0.0,0.030450512,0.016211268,0.075094186,0.054402072,0.0066251643,0.0,0.0,0.046416834,0.017399464,0.6375647,0.011141717,0.0901293
99999E20000615,4,False,68,68.20,False,0.0,0.029571306,0.0,0.0032062856,0.019842284,0.061288618,0.009099195,0.1278215,0.04339081,0.042929366,0.0031211977,0.0,0.004045519,0.0008077066,0.0642803,0.032740153,0.5578557
99999E20000620,4,False,DO,DO.01,False,0.14176327,0.07023011,0.02596452,0.08305551,0.15113759,0.0008408037,0.005814513,0.017460272,0.05531944,0.012584865,0.0,0.0,0.006546556,0.018031266,0.36260808,0.03920195,0.009441263
99999E20000624,7,False,01,01.41,False,0.0,0.01590395,0.0,0.0,0.0018444404,0.0,0.0,0.0,0.003967287,0.0,0.0,0.0,0.0,0.0073429607,0.8821646,0.07457804,0.014198713
99999E20000661,5,False,16,16.23,False,0.0,0.0022013711,0.0047220774,0.0,0.0,0.08120387,0.04562183,0.42701393,0.10648341,0.04367865,0.0722172,0.05983789,0.04472498,0.015280506,0.07077001,0.0029328968,0.023311434
99999E20000662,3,False,01,01.11,False,0.0,0.008783773,0.008172523,0.031293325,0.059938774,0.0001482603,0.047097355,0.14242612,0.014430668,0.18561146,0.0,0.00047339252,0.08498956,0.09824195,0.24582857,0.027279893,0.045284417
99999E20000663,3,False,96,96.0,False,0.0,0.0,0.0,0.0,0.0,0.0,1.0,0.0,0.0,0.0,0.0,0.0,0.0,0.0,0.0,0.0,0.0
99999E20000702,1,False,IL,IL.01,False,0.4104213,0.5895787,0.0,0.0,0.0,0.0,0.0,0.0,0.0,0.0,0.0,0.0,0.0,0.0,0.0,0.0,0.0
99999E20000708,3,False,DO,DO.01,False,0.0012599418,0.0024472484,0.06662048,0.24736488,0.03275849,0.020904979,0.014876255,0.05625599,0.04731347,0.09335024,0.0,0.015974164,0.013543677,0.26611874,0.017239692,0.081301175,0.022670573
99999E20000727,4,False,47,47.78,False,0.0021233456,0.0069862027,0.0011069305,0.011641158,0.0010635585,0.0032444191,0.01761566,0.18015578,0.035535395,0.63571477,0.0,0.0,0.0015802518,0.008160548,0.03662535,0.04387886,0.014567828
99999E20000734,4,False,DO,DO.01,False,0.0,0.0030384911,0.38817996,0.06270408,0.07228278,0.03813561,0.03612105,0.061571088,0.003754895,0.003329541,0.00548787,0.08031997,0.0056596943,0.038632847,0.01504097,0.1565442,0.029196868
99999E20000735,4,False,45,45.20,False,0.0,0.0008853724,0.04798658,0.011247698,0.011665327,0.033598315,0.050208792,0.12159627,0.22382957,0.3414089,0.009065321,0.0041964166,0.027237512,0.028801799,0.029624207,0.029978441,0.028669443
99999E20000737,2,False,IL,IL.01,False,0.0,0.0,0.0,0.0,0.0,0.0,0.0,0.0,0.0,0.0,0.0,0.0,0.0,0.0,1.0,0.0,0.0
99999E20000741,4,False,DO,DO.01,False,0.0,0.005185524,0.024954127,0.05925823,0.051580377,0.023164826,0.0,0.015924828,0.026650917,0.023058228,0.0,0.0,0.028017338,0.13803749,0.4496394,0.12128894,0.033239864
99999E20000752,4,False,16,16.29,False,0.050564032,0.08462069,0.086907975,0.11357554,0.095550805,0.03892989,0.018194724,0.051057786,0.09433995,0.0908188,0.020482011,0.014621788,0.047101457,0.07684298,0.014362357,0.07041734,0.031611938
99999E20000790,6,False,55,55.10,True,0.0,0.06648561,0.0,0.0,0.0036784052,0.0,0.0,0.0011514861,0.0,0.0,0.0,0.0,0.0,0.0,0.3861881,0.5211126,0.021383774
99999E20000833,4,False,CO,CO.02,False,0.013459101,0.0,0.17627145,0.083859764,0.05973112,0.0008653733,0.03753684,0.032140985,0.15709071,0.26601067,0.0,0.0,0.0776189,0.06835431,0.025839029,0.0,0.0012217035
99999E20000834,4,False,CO,CO.02,False,0.055389382,0.015497206,0.09391078,0.18520312,0.10986765,0.01643295,0.026594788,0.0378516,0.06085609,0.06530497,0.01236165,0.0,0.07184696,0.0865808,0.16230206,0.0,0.0
99999E20000835,4,False,CO,CO.02,False,0.0534572,0.0010257687,0.05165478,0.099382326,0.14516093,0.001890345,0.048474893,0.096847214,0.063949354,0.104950786,0.032897867,0.0,0.05077555,0.14790852,0.10162437,0.0,0.0
99999E20000853,4,False,DO,DO.01,False,0.0,0.0,0.16199669,0.039319355,0.022905387,0.03812446,0.012207585,0.08466386,0.08368811,0.023356427,0.0011274423,0.0,0.03784128,0.034228925,0.05067522,0.30852067,0.10134453
99999E20000855,4,False,01,01.4,False,0.0,0.00015424725,0.0065177022,0.0,0.0,0.0,0.0044852677,0.017653748,0.09981308,0.19455113,0.10717763,0.5648806,0.0,0.0,0.0047665425,0.0,0.0
99999E20000877,4,False,DO,DO.01,False,0.0,0.01680629,0.030216174,0.09574768,0.18669312,0.072878756,0.020370847,0.042991318,0.04545606,0.010201329,0.0,0.012241898,0.031808335,0.017806124,0.15206556,0.20303586,0.06168063
99999E20000885,4,False,DO,DO.01,False,0.0,0.0058870153,0.042389877,0.06830567,0.11488864,0.024282502,0.0057489355,0.036627445,0.05654956,0.0039060896,0.0,0.0,0.018790476,0.083915204,0.12714551,0.33530498,0.076258145
99999E20000894,4,False,47,47.72,False,0.0,0.0,0.0017312664,0.013407997,0.0,0.0003165147,0.006696702,0.05730829,0.015463863,0.6502697,0.0,0.0,0.0016760489,0.00065669406,0.041254975,0.054364998,0.15685305
99999E20000895,4,False,47,47.77,False,0.0,0.00011410135,0.0,0.0,0.0,0.00034577792,0.0107920645,0.09290817,0.016667083,0.8131485,0.00019907614,0.0,0.0,0.0044162837,0.015718998,0.01714727,0.028542707
99999E20000903,6,False,56,56.30,False,0.0020900485,0.0055477163,0.0,0.0,0.0,0.0,0.0,0.0011293156,0.0040361686,0.0,0.0,0.0,0.0,0.00797978,0.06828255,0.6761895,0.23474495
99999E30430500,4,False,DO,DO.01,False,0.0,0.025008772,0.0017151186,0.0,0.0,0.13461655,0.026083058,0.023677215,0.014065534,0.009991347,0.01888034,0.0040710685,0.002561764,0.006649983,0.48285818,0.2266132,0.023207895
99999E30430511,4,False,DO,DO.01,False,0.0031074341,0.11226835,0.013892007,0.11037689,0.20990816,0.07464528,0.03593305,0.02817913,0.05527946,0.009004829,0.03750057,0.102788605,0.03320132,0.023147883,0.05431712,0.07658246,0.019867478
99999E30430516,3,False,DO,DO.01,False,0.0,0.0,0.062260147,0.082279675,0.14896433,0.34748492,0.119538955,0.013162177,0.024936609,0.0,0.04867393,0.02998218,0.07943994,0.017496744,0.0,0.025780393,0.0
99999E30431895,4,False,DO,DO.01,False,0.0,0.5103224,0.0,0.47120607,0.0,0.0,0.0,0.0,0.0,0.0,0.0,0.0,0.0,0.018471567,0.0,0.0,0.0
99999E30431928,7,False,DO,DO.01,False,0.0,0.030120432,0.016558824,0.014814568,0.019087438,0.00095031137,0.0074607516,0.006037302,0.015140418,0.0,0.0017482905,0.0,0.0,0.013918228,0.5800284,0.2490865,0.045048494
99999E30431976,7,False,DO,DO.01,False,0.0,0.022007637,0.06133311,0.052546028,0.060822435,0.01700401,0.0,0.016987866,0.023306552,0.030120904,0.006648374,0.0056426064,0.004072352,0.05948415,0.15002869,0.369056,0.12093934
99999E30461097,4,False,56,56.10,False,0.0,0.005705841,0.0017184557,0.020796029,0.00245288,0.005074877,0.0,0.041842103,0.006484641,0.0,0.0,0.0,0.0028472561,0.2484457,0.18949509,0.30806515,0.16707198
99999E30461114,3,False,DO,DO.01,False,0.0011668552,0.0,0.24121802,0.04742324,0.046883117,0.012585731,0.00639987,0.005982043,0.007459721,0.022022482,0.0,0.0,0.01740092,0.45077807,0.1033049,0.016432784,0.020942248
99999E30478503,3,False,DO,DO.01,False,0.0,0.01705736,0.10525711,0.07525273,0.060440507,0.0111106,0.07928248,0.09526907,0.024955671,0.08758952,0.037217624,0.0,0.009654133,0.053152416,0.19050936,0.095850505,0.057400927
99999E30478524,4,False,DO,DO.01,False,0.021734238,0.09151647,0.039168593,0.044044327,0.14516123,0.028618142,0.0122965155,0.08928322,0.032378227,0.021910597,0.004934196,0.006218412,0.027027976,0.029220302,0.13810293,0.20300455,0.06538005
99999E30478527,3,False,DO,DO.01,False,0.0,0.0,0.0,0.0,0.24939841,0.0,0.0,0.7506016,0.0,0.0,0.0,0.0,0.0,0.0,0.0,0.0,0.0
99999E30478543,4,False,DO,DO.01,True,0.056789983,0.40297392,0.022475377,0.07765621,0.1644823,0.01296714,0.007086999,0.000342131,0.000684262,0.0006203474,0.013613805,0.00042484398,0.0001428679,0.0005263554,0.23921348,0.0,0.0
99999E30478565,4,False,DO,DO.01,False,0.0,0.0,0.0025946624,0.0032271289,0.0027031254,0.14442728,0.0039356607,0.06475857,0.06354904,0.0069500892,0.0,0.0,0.055786647,0.0077421986,0.25558788,0.14571898,0.2430188
99999E30478581,3,False,DO,DO.01,False,0.0,0.021960463,0.052934837,0.0,0.025992379,0.17580661,0.21080817,0.100556806,0.018089259,0.01926622,0.008924099,0.0,0.18970324,0.057916827,0.11804104,0.0,0.0
99999E30478601,4,False,DO,DO.01,False,0.0,0.20104827,0.00500408,0.2637085,0.21458916,0.0,0.0,0.0,0.0064001014,0.0,0.0,0.0,0.07205574,0.014144749,0.09014751,0.13290189,0.0
99999E30478647,4,False,DO,DO.01,False,0.0015633011,0.052645907,0.003636099,0.024990667,0.029908419,0.12057672,0.048791453,0.028069798,0.021269122,0.0017943152,0.0014019076,0.0,0.023746986,0.05348768,0.43403125,0.083548,0.070538424
99999E30478663,3,False,DO,DO.01,False,0.0,0.0,0.045776878,0.0,0.022722472,0.0,0.033163343,0.04954887,0.36878,0.2028124,0.0,0.0,0.10296025,0.0059446576,0.008177676,0.0,0.16011345
99999E30478681,3,False,DO,DO.01,False,0.0,0.0,0.37300158,0.40980884,0.039788213,0.0,0.0,0.02280585,0.007834092,0.05156485,0.011285638,0.028048001,0.008714098,0.0077335616,0.012215182,0.02720005,0.0
99999E30478798,4,False,DO,DO.01,False,0.0,0.0029842493,0.06344874,0.095379256,0.051614817,0.046692718,0.016699374,0.011092643,0.061222844,0.01345233,0.02681797,0.0034900426,0.035963207,0.08986126,0.15374754,0.23956451,0.08796846
99999E30478867,4,False,DO,DO.01,False,0.0,0.0,0.22754513,0.070414886,0.017772127,0.0,0.019043515,0.06540216,0.01850947,0.017729647,0.0,0.0038171995,0.0,0.029730458,0.20564023,0.26133248,0.06306268
99999E30478890,4,False,DO,DO.01,False,0.0,0.01087989,0.0,0.024150994,0.0039075953,0.0043491786,0.0,0.014030684,0.018264607,0.0,0.0,0.0,0.005158748,0.017275903,0.16464807,0.70909387,0.0282405
99999E30478893,4,False,DO,DO.01,False,0.0,0.011843648,0.09604327,0.054977737,0.08874398,0.007314123,0.0025989588,0.005067116,0.07378761,0.0,0.0,0.0,0.024852378,0.12714088,0.058549844,0.38574764,0.063332886
99999E30478897,4,False,DO,DO.01,False,0.0,0.012068592,0.023783911,0.11297119,0.09704841,0.07127853,0.022211682,0.025884455,0.031177195,0.008491298,0.06087128,0.011040597,0.02268908,0.003033061,0.34845513,0.06267584,0.086319715
99999E30478919,4,False,DO,DO.01,False,0.0,0.011157386,0.21908441,0.1805138,0.05833749,0.053847324,0.01691483,0.02812024,0.026276683,0.022405483,0.004559534,0.0021316956,0.02513213,0.039368335,0.08203426,0.19883198,0.031284433
99999E30478928,4,False,DO,DO.01,False,0.00015707345,0.009567562,0.07357598,0.0077294046,0.008320916,0.01025948,0.016948026,0.032915834,0.08486141,0.18324704,0.0059737614,0.0,0.066196516,0.081236795,0.10848506,0.25298667,0.057538584
99999E30478963,4,False,DO,DO.01,False,0.0,0.0,0.04623896,0.003648621,0.0,0.017356005,0.0034112083,0.0628908,0.013124276,0.022843394,0.0056911763,0.003645931,0.0039331126,0.03276899,0.13666558,0.22804186,0.41974008
99999E30479000,4,False,DO,DO.01,False,0.0,0.0,0.08870897,0.026139893,0.047841266,0.13681339,0.038973,0.038350202,0.04035894,0.06978825,0.0,0.0,0.024824126,0.030859109,0.045744814,0.23112753,0.18047053
99999E30479004,3,False,DO,DO.01,False,0.0,0.0,0.22423251,0.0,0.0,0.05350564,0.0,0.009461435,0.0,0.14823696,0.0,0.0,0.0,0.0,0.55675113,0.0,0.007812409
99999E30479037,3,False,DO,DO.01,False,0.0,0.013425724,0.102878265,0.035430495,0.0,0.06287696,0.040861372,0.14211686,0.005906886,0.045686405,0.060377892,0.012192419,0.017964074,0.018986417,0.076243185,0.25602996,0.10902315
99999E30479064,4,False,DO,DO.01,False,0.0,0.005258767,0.007054505,0.013202239,0.028449483,0.023217423,0.025454465,0.05585993,0.038504094,0.032851078,0.0,0.0044817156,0.019014224,0.03872665,0.31651545,0.1271159,0.26429406
99999E30479096,4,False,DO,DO.01,False,0.0010921087,0.016427485,0.037091404,0.011369881,0.014886582,0.018497767,0.012002776,0.057899136,0.037624262,0.0032540953,0.0032325587,0.0,0.0052292002,0.019423835,0.53571063,0.16149873,0.06475955
99999E30479108,3,False,DO,DO.01,False,0.0,0.031050477,0.021202266,0.088904954,0.060916357,0.07500101,0.13443159,0.1276754,0.018662412,0.051108304,0.044301894,0.0,0.010089147,0.09227805,0.032967918,0.18312052,0.028289763
99999E30479136,6,False,DO,DO.01,False,0.0,0.0,0.0,0.0,0.0,0.002178028,0.0,0.0,0.0,0.0,0.0,0.0,0.0,0.0,0.8060259,0.110039026,0.081757076
99999E30479184,7,False,DO,DO.01,False,0.05827033,0.25304762,0.023146901,0.028514331,0.03951405,0.0,0.0037026086,0.008448434,0.0059010084,0.0,0.0,0.0,0.0,0.0036223016,0.37600818,0.14566888,0.05415538
99999E30479247,4,False,DO,DO.01,False,0.0,0.02254615,0.0033170502,0.09917462,0.04089436,0.01642182,0.008366968,0.0,0.0,0.0,0.0032627692,0.0,0.0123784635,0.015406407,0.47173333,0.19894868,0.10754925
99999E30479266,3,False,DO,DO.01,False,0.0,0.0,0.0,0.0,0.0,0.0,0.0,0.0,0.0,0.0,0.0,0.0,0.0,1.0,0.0,0.0,0.0
99999E30479286,4,False,DO,DO.01,False,0.0,0.0045407373,0.02584932,0.035022516,0.06985379,0.049989387,0.011575418,0.01636564,0.023498464,0.0,0.0,0.0,0.011239712,0.02377501,0.25864315,0.2398987,0.22974819
99999E30479301,4,False,DO,DO.01,False,0.0,0.0,0.0,0.16170086,0.0,0.0,0.03423897,0.3056257,0.0,0.0,0.0,0.0,0.0,0.0,0.4984345,0.0,0.0
99999E30479367,3,False,74,74.90,False,0.0,0.0,0.0,0.07915732,0.033573374,0.0,0.056562476,0.028792914,0.0,0.008041839,0.0,0.0,0.0,0.0,0.63563573,0.0,0.15823637
99999E30479376,4,False,DO,DO.01,True,0.06545982,0.20187357,0.051760744,0.10077831,0.04282941,0.034913585,0.028953753,0.021479711,0.05364559,0.022719672,0.0051732934,0.0040219477,0.011248258,0.059225734,0.22122264,0.043804172,0.030889694
99999E30479403,4,False,DO,DO.01,False,0.0,0.12600227,0.15162179,0.017737767,0.0484494,0.027068648,0.019729668,0.02451629,0.057601035,0.054664936,0.0,0.0,0.0077984566,0.03791176,0.25460738,0.12257892,0.04971169
99999E30479452,4,False,DO,DO.01,False,0.0,0.0,0.01416484,0.018553754,0.0,0.37900352,0.23110633,0.10970597,0.017598467,0.010821333,0.10654834,0.017874464,0.017499333,0.04388239,0.0,0.0118543515,0.021386947
99999E30479581,4,False,DO,DO.01,False,0.0,0.0051028556,0.0524887,0.00948037,0.03548318,0.01962606,0.021058558,0.13855992,0.11623947,0.026141405,0.0,0.0052887383,0.06750444,0.10176429,0.07186704,0.260226,0.069169015
99999E30479586,5,False,DO,DO.01,False,0.0,0.013757155,0.0057730023,0.0048625288,0.0060631535,0.008254292,0.11420939,0.41123384,0.11510986,0.010725576,0.019580182,0.0017409053,0.018969864,0.086434945,0.17182936,0.006103174,0.005352783
99999E30479707,4,False,DO,DO.01,False,0.0,0.018127024,0.051930122,0.046249814,0.017729929,0.031452082,0.063945554,0.14697011,0.040937677,0.018108616,0.0,0.0,0.06717229,0.08040004,0.19321993,0.10860962,0.115147226
99999E30479723,4,False,DO,DO.01,False,0.0,0.0,0.060367994,0.0,0.009166779,0.03309103,0.013142807,0.021435242,0.017967653,0.09639478,0.0,0.004248331,0.013276831,0.08432628,0.49259362,0.1456069,0.008381784
99999E30479817,4,False,DO,DO.01,False,0.0,0.009871432,0.020183671,0.08523627,0.0,0.055548508,0.037027888,0.018714309,0.0065520126,0.0,0.0018300216,0.001749875,0.008769411,0.02141259,0.51636004,0.193635,0.023109032
99999E30479841,3,False,DO,DO.01,False,0.0,0.042670663,0.018967787,0.0716114,0.05310066,0.06473728,0.0,0.029553182,0.02364803,0.015091959,0.017450362,0.021271344,0.024690116,0.061693296,0.32780904,0.20498921,0.022715637
99999E30479863,4,False,DO,DO.01,False,0.0,0.0,0.1316368,0.0970721,0.10945077,0.09150728,0.0993713,0.034051817,0.09965391,0.013181123,0.050379943,0.010665616,0.02928247,0.09136424,0.060232647,0.068194345,0.013955662
99999E30479884,4,False,DO,DO.01,False,0.0,0.002527119,0.031757023,0.015078995,0.0,0.084515564,0.06485236,0.052745387,0.07490103,0.06634016,0.032152895,0.012585364,0.01471661,0.105570905,0.20133471,0.16051331,0.08040855
99999E30479892,3,False,DO,DO.01,False,0.0,0.0005757917,0.0,0.12683271,0.08773729,0.12867692,0.020670088,0.041991062,0.027529517,0.02399132,0.015362787,0.0,0.09131722,0.119013645,0.1019652,0.18562189,0.02871448
99999E30479896,4,False,DO,DO.01,False,0.0,0.050605476,0.054555386,0.030661091,0.005932077,0.09791776,0.0058550993,0.045248326,0.043725614,0.019047115,0.028397473,0.033143617,0.009530774,0.024014568,0.10559145,0.41342682,0.03234738
99999E30479978,4,False,DO,DO.01,False,0.0,0.0,0.0,0.0044112094,0.0,0.12705119,0.030859888,0.11156512,0.09172281,0.009997399,0.0033747803,0.002889462,0.064631686,0.027717317,0.22877294,0.10541543,0.19159076
99999E30480022,4,False,DO,DO.01,False,0.0,0.043890797,0.0028354311,0.1424692,0.094575256,0.027998012,0.053516895,0.010709966,0.062361524,0.022833155,0.001500054,0.0031348434,0.03892056,0.02477634,0.36500114,0.0722511,0.033225745
99999E30480038,4,False,DO,DO.01,False,0.0,0.0,0.030515421,0.08510482,0.0068598413,0.057688847,0.026822591,0.14095202,0.039630115,0.014638774,0.003214657,0.0,0.013795046,0.1410785,0.13114779,0.19244283,0.116108805
99999E30480043,4,False,DO,DO.01,False,0.0,0.0046191937,0.016054247,0.0,0.11985102,0.0,0.0,0.0,0.0,0.031027872,0.0,0.0,0.054588858,0.027409578,0.6358278,0.110621504,0.0
99999E30480077,4,False,DO,DO.01,False,0.0,0.0009880865,0.02465964,0.0079718325,0.011347888,0.027819166,0.024091741,0.120216444,0.057339787,0.019393016,0.0064013004,0.0,0.05219514,0.1460818,0.13875118,0.22019446,0.14254853
99999E30480128,4,False,DO,DO.01,False,0.0,0.043453667,0.119564444,0.086506985,0.03257931,0.064870104,0.022957878,0.022269012,0.019575141,0.025672823,0.035253733,0.030538645,0.03466536,0.09329191,0.1521243,0.10391828,0.11275846
99999E30480174,3,False,DO,DO.01,False,0.0,0.0,0.030334556,0.045878626,0.08576233,0.29813236,0.079908,0.0,0.0353622,0.0,0.10899408,0.0053538186,0.14544728,0.04479324,0.0,0.120033525,0.0
99999E30480215,4,False,DO,DO.01,False,0.0,0.0040892307,0.10405172,0.054348957,0.053096503,0.055846706,0.042467967,0.0256926,0.03220016,0.020780908,0.0,0.0,0.012530301,0.015926931,0.28020605,0.26706973,0.031692255
99999E30480252,4,False,DO,DO.01,False,0.0,0.0060829115,0.0701049,0.020137385,0.016469056,0.049991596,0.0152307935,0.07093996,0.0471526,0.036525574,0.0,0.0,0.02629256,0.09715624,0.09338123,0.2589017,0.1916335
99999E30480273,4,False,DO,DO.01,False,0.0,0.0037900393,0.04943422,0.09277873,0.02375984,0.08231513,0.010167885,0.0950422,0.049169265,0.018703932,0.005296498,0.003120082,0.03571972,0.07006073,0.08524833,0.2697916,0.10560184
99999E30480284,3,False,DO,DO.01,False,0.0,0.0034202167,0.14395697,0.08170642,0.058981474,0.040499616,0.015781881,0.06174489,0.046735495,0.037810836,0.0049521304,0.0,0.0,0.14954537,0.024607645,0.23693536,0.09332172
99999E30480287,7,False,DO,DO.01,False,0.0,0.016693769,0.042725217,0.019785814,0.0044883224,0.0,0.0,0.018081838,0.011687142,0.0,0.0,0.0036486415,0.0,0.0066709425,0.77329874,0.052354183,0.05056542
99999E30480303,4,False,DO,DO.01,False,0.0,0.09802171,0.025158877,0.028194016,0.018585343,0.009000082,0.038672652,0.012503364,0.11865907,0.054675397,0.0049389265,0.018105496,0.095458604,0.024351327,0.19982757,0.18431248,0.06953509
99999E30480315,4,False,DO,DO.01,False,0.002649199,0.122707844,0.037450098,0.18093082,0.12172929,0.07336219,0.0027737047,0.0049606874,0.00877682,0.0088488385,0.0072506107,0.0022211608,0.0019277999,0.033928953,0.11894053,0.22281794,0.048723537
99999E30480345,4,False,DO,DO.01,False,0.0,0.0,0.06381436,0.032120463,0.12585303,0.0081305485,0.0078041954,0.03834857,0.11133763,0.048649665,0.01617458,0.05345073,0.10659138,0.14425641,0.10015513,0.087704904,0.055608425
99999E30480398,4,False,DO,DO.01,True,0.0,0.20268191,0.0158632,0.020751193,0.004719569,0.103128284,0.04337162,0.057159424,0.058774643,0.01609145,0.033460345,0.027004067,0.044398736,0.067153536,0.059376553,0.22087912,0.025186371
99999E30480450,4,False,DO,DO.01,False,0.0,0.0,0.020433001,0.020796336,0.012820599,0.36999613,0.051922925,0.008736649,0.040810782,0.015174005,0.066986494,0.040620834,0.010122629,0.02869919,0.06694122,0.1920351,0.05390416
99999E30480464,4,False,DO,DO.01,False,0.0,0.0,0.022853926,0.007039234,0.0,0.07609808,0.041698907,0.15009522,0.036800735,0.014590323,0.036793694,0.035943184,0.032082096,0.038087763,0.32642812,0.054122828,0.12736592
99999E30480476,3,False,DO,DO.01,False,0.0,0.02917269,0.06895773,0.044963267,0.0,0.0,0.0,0.0,0.0,0.0,0.0,0.0,0.0,0.36170822,0.11708213,0.23366752,0.14444846
99999E30480492,4,False,DO,DO.01,False,0.0,0.0012940724,0.055686332,0.028010873,0.010444771,0.18333739,0.074871056,0.22716083,0.029494578,0.04587829,0.008595293,0.004915451,0.03819481,0.12065828,0.009960196,0.11624352,0.045254305
99999E30480602,4,False,DO,DO.01,True,0.0,0.053810906,0.052083172,0.0,0.0,0.0,0.010853516,0.27634603,0.07159439,0.041381884,0.012790556,0.007211575,0.061288875,0.27531472,0.008292359,0.12903202,0.0
99999E30480648,3,False,DO,DO.01,False,0.0,0.049070124,0.020003652,0.0011701937,0.06284606,0.012834075,0.021386955,0.10704704,0.034112573,0.0,0.0008257952,0.0016059243,0.011209123,0.04880754,0.21931903,0.29473656,0.11502528
99999E30480682,4,False,DO,DO.01,True,0.029421654,0.15933108,0.011078444,0.05070356,0.042255215,0.003819466,0.0057693804,0.0056594447,0.0,0.0017139701,0.0,0.0,0.005203629,0.014602177,0.41994068,0.22040267,0.030098625
99999E30480713,3,False,DO,DO.01,False,0.0,0.0,0.020864453,0.06343199,0.14328212,0.029798223,0.03585534,0.18943202,0.07229931,0.007661587,0.005978,0.0,0.046545487,0.1625864,0.05546027,0.13022484,0.03658004
99999E30480809,4,False,DO,DO.01,False,0.0,0.020799875,0.03254281,0.13057868,0.06489581,0.060807504,0.0,0.064456455,0.08881284,0.017938798,0.0,0.005640339,0.03895385,0.0660224,0.11918591,0.18899226,0.10037251
99999E30480830,7,False,DO,DO.01,False,0.0,0.005398144,0.00889393,0.0059347064,0.0,0.016363123,0.0,0.0046603703,0.0,0.023405505,0.0,0.004138035,0.009217086,0.008741497,0.5754246,0.2756041,0.06221889
99999E30480865,4,False,DO,DO.01,False,0.0,0.0,0.043906864,0.061456393,0.014469454,0.021593563,0.025755398,0.05802004,0.053499054,0.016696187,0.0,0.0,0.027995061,0.029335411,0.08120105,0.37628052,0.1897909
99999E30480869,4,False,DO,DO.01,False,0.0,0.044882663,0.020683754,0.056205705,0.014497722,0.04623305,0.0042306106,0.04789401,0.05240758,0.0037981179,0.0,0.0,0.04472623,0.07219645,0.23416051,0.081126966,0.27695662
99999E30480873,3,False,DO,DO.01,False,0.0,0.0,0.0,0.023360586,0.0,0.0,0.0,0.0,0.03252374,0.0,0.0027064686,0.0045682276,0.026346195,0.22252753,0.0,0.61971813,0.06824913
99999E30480886,4,False,DO,DO.01,False,0.0022064145,0.023822378,0.07315643,0.046461113,0.07486296,0.003436031,0.09541593,0.13332719,0.041393258,0.06507773,0.0,0.0036371362,0.0,0.043421548,0.20675369,0.10179959,0.08522851
99999E30480900,4,False,DO,DO.01,False,0.0,0.0072074262,0.0,0.0,0.0067472886,0.002827754,0.009039612,0.0,0.01795373,0.009127454,0.0,0.0,0.017790588,0.0,0.8733409,0.041278515,0.014686751
99999E30480909,3,False,DO,DO.01,False,0.0,0.24540056,0.028641913,0.030544404,0.0,0.109612815,0.12583625,0.0,0.05094915,0.09428835,0.05005017,0.0,0.024063388,0.14730723,0.063451245,0.02985449,0.0
99999E30480968,3,False,DO,DO.01,False,0.0,0.012521672,0.0,0.018594684,0.0,0.08346176,0.0,0.0,0.014041129,0.0,0.016047003,0.065926604,0.0,0.01593142,0.4654089,0.26708728,0.04097958
99999E30481008,6,False,DO,DO.01,False,0.0,0.0,0.0,0.0,0.010281401,0.0,0.02892819,0.07740695,0.009421002,0.0,0.0,0.0,0.0,0.035016052,0.6678283,0.07513665,0.095981434
99999E30481053,4,False,DO,DO.01,False,0.06104757,0.026111335,0.06520047,0.034693986,0.03401914,0.0029416347,0.07203544,0.080894955,0.051617038,0.07193162,0.016559673,0.0057448396,0.13277155,0.089131534,0.20473778,0.02380994,0.026751574
99999E30481064,4,False,DO,DO.01,False,0.0,0.20219791,0.04827046,0.083348,0.075649284,0.014342805,0.01841159,0.054890316,0.035523195,0.009009755,0.0071799075,0.0056460337,0.011506394,0.03587232,0.14017405,0.19723397,0.060743872
99999E30481082,4,False,DO,DO.01,False,0.0,0.0,0.089247406,0.112173975,0.03486666,0.03782812,0.052347105,0.06905678,0.0566101,0.04196467,0.01758837,0.006128304,0.08543221,0.06738396,0.12926702,0.13977833,0.060327027
99999E30481093,4,False,DO,DO.01,False,0.0,0.0,0.06785847,0.015834723,0.013928942,0.08809169,0.0072367257,0.05095093,0.059560496,0.012393365,0.0,0.009845895,0.0041293222,0.052296005,0.049716916,0.30638427,0.26177233
99999E30481114,3,False,DO,DO.01,False,0.0,0.0,0.0,0.0,0.0,0.0,0.10128752,0.43462083,0.30175984,0.04755435,0.0,0.0,0.07776915,0.034355592,0.0026526914,0.0,0.0
99999E30481129,4,False,DO,DO.01,False,0.0,0.0,0.029710056,0.035239592,0.0,0.06894935,0.03180231,0.15668187,0.057393104,0.043984134,0.012034059,0.0020278478,0.015931888,0.038382187,0.009985582,0.21072063,0.28715748
99999E30481141,4,False,DO,DO.01,False,0.0,0.0,0.07219309,0.034973964,0.010110137,0.0057239053,0.025476683,0.0137951225,0.025404003,0.012871912,0.0009349962,0.0,0.0,0.025317576,0.53065354,0.17463803,0.06790704
99999E30481157,4,False,DO,DO.01,False,0.0,0.008109599,0.07730028,0.15799437,0.00849196,0.06250448,0.020905219,0.011142442,0.023503602,0.0044813505,0.019002715,0.025610777,0.046141077,0.15524808,0.06939256,0.2150267,0.09514475
99999E30481173,4,False,DO,DO.01,False,0.0,0.0,0.067691624,0.00671419,0.0,0.029648628,0.02648565,0.262134,0.003322839,0.008102377,0.0,0.0040715784,0.021255892,0.017276477,0.094434194,0.11787595,0.34098655
99999E30481189,7,False,DO,DO.01,False,0.0,0.0042375904,0.045393545,0.2554179,0.01933839,0.0,0.0,0.004494202,0.035328213,0.016755449,0.0,0.0,0.0,0.0,0.19044478,0.41694275,0.011647064
99999E30481212,4,False,DO,DO.01,False,0.0,0.0031918753,0.120673575,0.1324907,0.030383436,0.056459706,0.0,0.01531698,0.019006455,0.027979903,0.0028063222,0.0,0.010596681,0.01507565,0.041200187,0.47791195,0.046906486
99999E30481270,4,False,DO,DO.01,False,0.0,0.0061545298,0.024254022,0.0125533445,0.013513125,0.007760373,0.004741744,0.01957409,0.011381879,0.0,0.0,0.0,0.0044432683,0.010583827,0.19691956,0.3418137,0.34630653
99999E30481277,7,False,DO,DO.01,False,0.0,0.0,0.12966627,0.11315227,0.06354485,0.0228744,0.010408128,0.023876978,0.10507813,0.022693105,0.036311563,0.0,0.019028755,0.015182588,0.04546257,0.3381348,0.054585524
99999E30481286,4,False,DO,DO.01,False,0.0,0.03473956,0.050866544,0.11328348,0.112251595,0.09968222,0.0025887825,0.10083544,0.05379833,0.02770795,0.01613797,0.011007222,0.016463779,0.042547468,0.0715405,0.13870075,0.10784842
99999E30481309,4,False,DO,DO.01,False,0.021659134,0.06301896,0.014696108,0.007799706,0.06170816,0.06505798,0.023058247,0.03003832,0.042033814,0.018898094,0.02245243,0.009291783,0.015600962,0.047242917,0.42854223,0.07870824,0.050192982
99999E30481326,4,False,DO,DO.01,False,0.0,0.042323627,0.033127468,0.082496785,0.37323022,0.01652464,0.0035848094,0.004379124,0.037719514,0.02788541,0.007242396,0.008180186,0.02589006,0.0738321,0.08278914,0.15651727,0.02427731
99999E30481333,7,False,DO,DO.01,False,0.0,0.043323368,0.0,0.05410714,0.01943953,0.0,0.0,0.0045801196,0.0,0.0,0.0,0.0,0.0,0.0,0.4886581,0.3452556,0.044636186
99999E30481337,4,False,DO,DO.01,False,0.0,0.006583368,0.011466034,0.0,0.0,0.06107789,0.090497315,0.26816598,0.013495904,0.0018550012,0.024187021,0.012100369,0.009988205,0.15247698,0.30999094,0.021121642,0.01699332
99999E30481356,4,False,DO,DO.01,False,0.0,0.0031395503,0.017704215,0.05539088,0.02433179,0.0,0.0,0.0085606165,0.049397785,0.0064369,0.0,0.0,0.0073190425,0.085486725,0.4870303,0.219305,0.03589717
99999E30481364,4,False,DO,DO.01,False,0.0,0.0,0.0,0.0,0.0,0.0,0.0,0.036266383,0.49225765,0.048653647,0.0,0.0,0.006835249,0.04564728,0.3703398,0.0,0.0
99999E30481381,4,False,DO,DO.01,False,0.0,0.011439177,0.1579928,0.12869994,0.10524323,0.10043938,0.06092365,0.054579265,0.045867123,0.044091746,0.03408794,0.008682347,0.03378825,0.013775384,0.07674606,0.11482116,0.008822555
99999E30481419,3,False,DO,DO.01,False,0.0,0.011691969,0.052911315,0.10532318,0.07803055,0.08905773,0.009192999,0.035167955,0.044326868,0.026631234,0.0,0.0,0.04839408,0.025526643,0.1326891,0.19274105,0.14831533
99999E30481429,3,False,DO,DO.01,False,0.0,0.0,0.13766538,0.058663566,0.12908679,0.031256452,0.015898874,0.12517588,0.020792315,0.0732246,0.0,0.0,0.033472933,0.14869519,0.022176329,0.17372164,0.030170018
99999E30481510,4,False,DO,DO.01,True,0.0020208065,0.058228604,0.01854352,0.042099215,0.05608596,0.012730341,0.005688557,0.010920787,0.019705415,0.012021068,0.0028482163,0.0021384787,0.00089226814,0.017869452,0.5108916,0.14657705,0.080738686
99999E30481523,4,False,DO,DO.01,False,0.0,0.019307718,0.020268735,0.014594363,0.0,0.026336253,0.018704899,0.031879574,0.0,0.0,0.0,0.0,0.0,0.010068844,0.537305,0.21180393,0.10973074
99999E30481531,4,False,DO,DO.01,False,0.0,0.0055132983,0.038913567,0.013486703,0.0,0.0,0.026271278,0.07801596,0.07387767,0.043953463,0.0,0.0,0.011811171,0.05164628,0.111636974,0.4502088,0.0946649
99999E30481563,5,False,DO,DO.01,False,0.0,0.0,0.0,0.011912227,0.0,0.0,0.032915365,0.0,0.09059562,0.7774295,0.0,0.0,0.0,0.0,0.08714735,0.0,0.0
99999E30481588,3,False,DO,DO.01,False,0.0,0.0,0.07035301,0.03816314,0.0480355,0.031132827,0.07302553,0.021709215,0.0,0.0,0.0,0.0,0.007528919,0.046150777,0.094874345,0.48456323,0.0844635
99999E30481602,4,False,DO,DO.01,True,0.07202818,0.22856826,0.117131956,0.31046015,0.112747766,0.0060432395,0.016421024,0.0,0.0047434615,0.017308962,0.0057657594,0.0020124663,0.034282025,0.0,0.040287297,0.02145949,0.010739968
99999E30481618,3,False,DO,DO.01,False,0.0,0.012647242,0.010769076,0.025051467,0.0475721,0.019614855,0.01337629,0.019007314,0.019729419,0.0,0.0,0.0,0.0,0.13105154,0.32901227,0.20796953,0.1641989
99999E30481622,3,False,DO,DO.01,False,0.0,0.010702859,0.1368264,0.17845032,0.13418284,0.0,0.040833484,0.0586262,0.048141435,0.028360683,0.0,0.0,0.015750473,0.15625292,0.030048683,0.15161501,0.010208687
99999E30481625,3,False,DO,DO.01,False,0.0,0.0,0.017226838,0.23659387,0.19401726,0.012375808,0.048737593,0.072873116,0.024877228,0.0,0.0,0.0,0.08111568,0.06442718,0.044610333,0.16725585,0.035889246
99999E30481633,4,False,DO,DO.01,True,0.0806704,0.14039792,0.034406174,0.11596262,0.09625099,0.015574835,0.105698295,0.113097355,0.058317892,0.02682876,0.0,0.009527863,0.0,0.079278044,0.045832705,0.078156106,0.0
99999E30481686,4,False,DO,DO.01,False,0.0,0.0,0.021565733,0.0035858403,0.0,0.036515187,0.0,0.02940962,0.054638334,0.0,0.03061078,0.0028453106,0.035422023,0.09953958,0.24201228,0.3266443,0.11721092
99999E30481744,7,False,DO,DO.01,False,0.0,0.0,0.0,0.0,0.0,0.0,0.30243337,0.0,0.0,0.0,0.0,0.0,0.0,0.0,0.43568948,0.2618772,0.0
99999E30481771,3,False,DO,DO.01,False,0.0,0.0022776737,0.030616438,0.039081294,0.049437705,0.0453788,0.10760687,0.041204985,0.05641782,0.055436425,0.0046978462,0.0851542,0.03168288,0.026035814,0.017219305,0.37324432,0.034507565
99999E30481814,5,False,DO,DO.01,False,0.0,0.0,0.0,0.0,0.0,0.002842044,0.0,0.9830809,0.010035968,0.0,0.0,0.0,0.0,0.0,0.004041032,0.0,0.0
99999E30481875,4,False,DO,DO.01,False,0.0,0.004833514,0.024723092,0.0,0.0056850133,0.06707496,0.11441971,0.012474244,0.023980875,0.0,0.0,0.006163128,0.0,0.0,0.7061916,0.013462348,0.020991517
99999E30481881,3,False,DO,DO.01,False,0.010170153,0.09649368,0.012109321,0.06435547,0.06753193,0.060456775,0.010150988,0.006112153,0.04204725,0.013452006,0.003130936,0.00050186017,0.0,0.016267931,0.51683325,0.040552452,0.03983379
99999E30481929,3,False,DO,DO.01,False,0.0,0.08780381,0.027160743,0.0,0.16094811,0.020872774,0.05356349,0.023139281,0.0040886733,0.0,0.0,0.009420752,0.0,0.0046002246,0.194886,0.2741465,0.13936964
99999E30481938,4,False,DO,DO.01,False,0.0,0.0,0.03622005,0.06513039,0.003376477,0.05335762,0.020248387,0.09142232,0.05528458,0.05801375,0.016752176,0.016440123,0.022727612,0.0020586634,0.22797957,0.17936413,0.15162419
99999E30481965,7,False,DO,DO.01,True,0.05191297,0.36396575,0.095129386,0.113801286,0.04294752,0.033509977,0.0008240016,0.0004072453,0.029033737,0.00029051895,0.04248321,0.03464957,0.002020663,0.009416792,0.043157626,0.13644965,0.0
99999E30481983,4,False,DO,DO.01,False,0.0037861783,0.111522354,0.041683946,0.04704111,0.063535586,0.0011969702,0.0022523573,0.007674414,0.055460017,0.019486606,0.0054963888,0.0171375,0.019145627,0.027029466,0.39724725,0.15230253,0.028001672
99999E30482019,3,False,DO,DO.01,False,0.0,0.018043566,0.06296823,0.0787434,0.06634826,0.045545664,0.11651284,0.18749338,0.03604505,0.059704196,0.0060425773,0.0,0.043515388,0.0795317,0.022020973,0.1495864,0.027898293
99999E30482106,3,False,DO,DO.01,False,0.0,0.0,0.002152064,0.0,0.0,0.0746812,0.25085282,0.3103093,0.085441515,0.06801896,0.0,0.0,0.10368828,0.0,0.104855895,0.0,0.0
99999E30482133,4,False,DO,DO.01,False,0.03922255,0.1278984,0.0,0.003124508,0.0,0.0,0.0,0.0,0.006528927,0.0,0.0,0.0,0.0,0.0,0.4970732,0.23859626,0.087556206
99999E30482192,3,False,DO,DO.01,False,0.0,0.30186734,0.0,0.0821572,0.0,0.0,0.0,0.0,0.0,0.0,0.0,0.0,0.05810987,0.0,0.5578656,0.0,0.0
99999E30482236,3,False,DO,DO.01,False,0.0,0.007908162,0.046702687,0.038192473,0.03205283,0.0018092823,0.042604364,0.27169648,0.103696644,0.044109486,0.0013640169,0.010347715,0.061606526,0.14377366,0.004612572,0.14604703,0.04347608
99999E30482258,3,False,DO,DO.01,False,0.0,0.06680677,0.073111326,0.027095823,0.1100889,0.16389462,0.10945704,0.082959086,0.06600695,0.008752004,0.012159226,0.005446758,0.033784296,0.036027785,0.047451183,0.119178824,0.037779383
99999E30482289,4,False,DO,DO.01,False,0.0,0.0021347927,0.10798389,0.029685851,0.013097856,0.002419585,0.0035705243,0.035115276,0.038326364,0.015073315,0.0024853284,0.00603633,0.005790296,0.15686077,0.02220977,0.4440395,0.11517058
99999E30482318,4,False,DO,DO.01,False,0.0,0.004199427,0.027945856,0.046597876,0.06587903,0.04279241,0.009935596,0.07923576,0.04093148,0.016952885,0.0033164765,0.0,0.0044213673,0.053256094,0.10587764,0.33702776,0.1616304
99999E30482386,3,False,DO,DO.01,False,0.0,0.0,0.0,0.028023718,0.09482976,0.30172837,0.030531086,0.1804299,0.028633818,0.03412473,0.006659027,0.0,0.20516129,0.051754408,0.0,0.03812386,0.0
99999E30482389,4,False,DO,DO.01,False,0.0,0.016558481,0.0034394641,0.0,0.011852748,0.03760595,0.020939093,0.0,0.013375694,0.0,0.0609635,0.12132809,0.0,0.07077995,0.05593835,0.40999782,0.1772208
99999E30482408,3,False,DO,DO.01,False,0.003074792,0.023161246,0.042997878,0.09615002,0.0089215655,0.11916995,0.0,0.05760724,0.05379182,0.023108253,0.024679083,0.015293211,0.0,0.062777735,0.069613695,0.29604554,0.10360799
99999E30482418,4,False,DO,DO.01,False,0.0062409216,0.028978605,0.092175625,0.06083099,0.047126874,0.07885887,0.07141138,0.13391481,0.06728261,0.074857034,0.03939279,0.07632795,0.044760846,0.107639864,0.013725054,0.046481714,0.009994112
99999E30482430,5,False,96,96.04,False,0.0,0.0054517696,0.00054945843,0.010287479,0.000915764,0.1687765,0.17382866,0.10399987,0.076291464,0.049127765,0.10646886,0.0228941,0.15565133,0.10354793,0.00801353,0.0063199606,0.007875571
99999E30482441,5,False,DO,DO.01,False,0.0,0.0,0.0,0.21522518,0.0,0.0,0.17942464,0.2598645,0.0,0.09457716,0.016599067,0.02269477,0.0,0.17858063,0.0,0.0,0.033034015
99999E30482466,3,False,DO,DO.01,False,0.0,0.017714,0.060618807,0.05326082,0.0,0.2211325,0.07260181,0.035519406,0.0359947,0.0,0.03399297,0.13067046,0.060737636,0.1333303,0.03146109,0.06611216,0.04685344
99999E30482505,4,False,DO,DO.01,False,0.0,0.11312924,0.08505003,0.10941774,0.02046107,0.106363304,0.001899558,0.044681434,0.04656108,0.016928768,0.0063995593,0.0,0.039221693,0.053247362,0.16878192,0.114132784,0.07372437
99999E30482519,4,False,DO,DO.01,False,0.0,0.013677119,0.063236326,0.048330747,0.06980315,0.030915648,0.04253907,0.04727259,0.041313116,0.040630635,0.007544831,0.0,0.05298287,0.06005059,0.22170909,0.21983069,0.040163543
99999E30482585,4,False,DO,DO.01,False,0.0,0.0,0.0,0.0,0.004718827,0.0,0.0,0.0,0.07574761,0.010224866,0.0,0.0,0.009383645,0.0099562965,0.5947468,0.12391693,0.17130497
99999E30482594,4,False,DO,DO.01,False,0.0,0.0,0.007859745,0.0,0.0,0.004583399,0.020790854,0.009550199,0.010386714,0.013785051,0.0,0.0,0.008539412,0.0027883796,0.88388145,0.030184207,0.0076506166
99999E30482612,4,False,DO,DO.01,False,0.0,0.004099993,0.0048348107,0.017213661,0.0,0.052737296,0.05666377,0.03816845,0.034122355,0.027654909,0.0036622577,0.004213042,0.0039067585,0.02215495,0.49552998,0.09053899,0.1444988
99999E30482621,7,False,DO,DO.01,False,0.0,0.07833444,0.0024487171,0.008697946,0.004978797,0.0075706337,0.014160996,0.0062109977,0.0066315336,0.0,0.0038318797,0.0040965527,0.0,0.000813625,0.10519289,0.63324237,0.12378863
99999E30482635,3,False,DO,DO.01,False,0.0,0.0,0.21437691,0.19483793,0.0611907,0.030911243,0.0877459,0.08102231,0.0,0.06441616,0.0,0.0,0.0,0.14562467,0.0,0.05601,0.06386417
99999E30482638,4,False,DO,DO.01,False,0.0,0.0,0.04286262,0.031088656,0.047190826,0.014614596,0.03847508,0.031959042,0.009087635,0.03395698,0.00036002393,0.0003006793,0.00018594641,0.0,0.651576,0.09794628,0.00039563066
99999E30482651,3,False,DO,DO.01,False,0.0,0.0,0.06299726,0.30206668,0.06083326,0.0,0.0,0.119977154,0.0,0.0,0.0,0.0,0.103397235,0.24554531,0.05464696,0.022452476,0.028083697
99999E30482688,4,False,DO,DO.01,False,0.0,0.004003097,0.010953318,0.005177467,0.015119612,0.0037567036,0.0,0.016383579,0.011954892,0.0,0.0,0.0,0.0,0.010556529,0.694667,0.1788146,0.04861315
99999E30482691,3,False,DO,DO.01,False,0.0,0.0,0.21326274,0.3365129,0.0,0.0,0.0819115,0.0,0.063640274,0.10034393,0.0,0.0,0.13387698,0.0,0.0,0.0,0.07045167
99999E30482713,3,False,DO,DO.01,False,0.00058486185,0.018917032,0.024304258,0.037723582,0.07566812,0.1362923,0.05161406,0.017848035,0.024521958,0.015349373,0.00037366175,0.019232206,0.0018878039,0.021353956,0.27476484,0.22804412,0.051519822
99999E30482716,4,False,DO,DO.01,False,0.0,0.0018685673,0.019087935,0.06427392,0.06868681,0.035680454,0.00074463204,0.21678077,0.04132708,0.0018426152,0.0,0.006367303,0.02499209,0.024150632,0.03585114,0.26937816,0.18896785
99999E30482745,4,False,DO,DO.01,False,0.0,0.0033680722,0.008889415,0.0,0.0,0.032545928,0.0,0.028406272,0.017610965,0.0,0.0,0.0,0.006567791,0.017797481,0.31733263,0.30609313,0.26138836
99999E30482769,4,False,DO,DO.01,True,0.0011110087,0.28529322,0.021966383,0.01902128,0.019686952,0.038951367,0.0033398492,0.004808324,0.024713783,0.0062749684,0.001983207,0.0044941264,0.005776213,0.006046809,0.33948234,0.1666458,0.05040444
99999E30482783,4,False,DO,DO.01,False,0.0,0.002370936,0.07468132,0.056170672,0.0,0.05128921,0.0,0.059696406,0.037023406,0.020684887,0.035953205,0.027065897,0.012284029,0.09486071,0.2767735,0.11647409,0.13467172
99999E30482793,3,False,DO,DO.01,False,0.0,0.034100264,0.07959276,0.038061656,0.0055843503,0.07415265,0.026594922,0.12795767,0.056196943,0.0148893725,0.006798465,0.0024129436,0.006646581,0.123057276,0.14170076,0.08383404,0.17841934
99999E30482861,4,False,DO,DO.01,False,0.0,0.032732606,0.031440437,0.09204936,0.055142056,0.048853967,0.010862748,0.056263827,0.05434451,0.00072418316,0.017183967,0.0,0.044764463,0.022835437,0.31429788,0.14991303,0.068591505
99999E30482870,4,False,DO,DO.01,False,0.0,0.0,0.03269223,0.008594729,0.0,0.013960217,0.010972908,0.014495563,0.02231301,0.0,0.0,0.0,0.0075926688,0.09136769,0.68876576,0.0871484,0.022096813
99999E30482891,5,False,DO,DO.01,False,0.0,0.006787893,0.017073063,0.049033664,0.020453595,0.037758697,0.0044384887,0.48866957,0.019366631,0.0,0.002132592,0.0,0.0,0.030843906,0.1759595,0.08385198,0.063630424
99999E30482954,4,False,DO,DO.01,False,0.0,0.027214771,0.02512873,0.0064935256,0.050082758,0.010825504,0.03108779,0.03637766,0.05615878,0.01567122,0.0,0.0,0.026918668,0.04542951,0.50124216,0.060538135,0.10683078
99999E30482957,4,False,74,74.90,False,0.0,0.0,0.03814829,0.060770586,0.06530237,0.06089938,0.035596404,0.09795544,0.056828476,0.03434508,0.006442228,0.0066606724,0.042907357,0.19341077,0.075675346,0.07990661,0.1451509
99999E30482972,3,False,DO,DO.01,False,0.0,0.15702869,0.0,0.0,0.24387133,0.0,0.0,0.21740885,0.030962458,0.0,0.0,0.0,0.010880517,0.08845457,0.070051715,0.0,0.18134195
99999E30483041,4,False,DO,DO.01,False,0.013600595,0.10971506,0.11171036,0.0694091,0.08597782,0.0,0.0,0.004339996,0.03701499,0.03424298,0.0,0.0,0.0019713242,0.031508643,0.10918241,0.32483172,0.066494934
99999E30483061,3,False,DO,DO.01,False,0.0,0.0,0.0,0.0,0.0,0.0,0.5129516,0.4870484,0.0,0.0,0.0,0.0,0.0,0.0,0.0,0.0,0.0
99999E30483083,4,False,84,84.11,False,0.0,0.008378721,0.010363492,0.0052756486,0.016189756,0.093766555,0.005194551,0.08242988,0.0,0.008647625,0.098658055,0.03294293,0.009193971,0.024239814,0.5264124,0.014025715,0.064280964
99999E30483140,3,False,DO,DO.01,False,0.0,0.0031426188,0.017282821,0.017778106,0.031351816,0.020738753,0.0031204654,0.071976416,0.014665554,0.0,0.004236048,0.0,0.0070637716,0.082679674,0.11400143,0.43045175,0.18151078
99999E30483144,3,False,DO,DO.01,False,0.0,0.07306909,0.042629097,0.0,0.14596182,0.027915506,0.08432095,0.0,0.0,0.11281089,0.0,0.0,0.0,0.026731366,0.15903777,0.32752347,0.0
99999E30483173,3,False,DO,DO.01,False,0.0,0.0,0.06974031,0.0,0.0,0.01180067,0.0,0.06327198,0.0,0.0,0.0,0.0,0.0,0.03932983,0.5328959,0.047305953,0.23565538
99999E30483201,3,False,DO,DO.01,False,0.038464617,0.08623099,0.019211037,0.063594334,0.32925427,0.04073475,0.017155325,0.10926586,0.013433602,0.024181843,0.0,0.0,0.009938211,0.15348749,0.061492674,0.021702398,0.011852677
99999E30483212,3,False,DO,DO.01,False,0.0,0.012250448,0.09708793,0.12339239,0.04169037,0.018632336,0.062126283,0.07737344,0.052428592,0.0538992,0.004855783,0.0,0.049098905,0.09958518,0.0,0.25207067,0.055508543
99999E30483254,4,False,DO,DO.01,False,0.0,0.0,0.08898547,0.02940096,0.03198172,0.0110010905,0.067150556,0.06842302,0.024406709,0.0,0.0,0.0,0.012201861,0.103971206,0.36090624,0.13472527,0.06684588
99999E30483281,3,False,DO,DO.01,False,0.0,0.017739508,0.05996895,0.017849978,0.0,0.046851836,0.04108402,0.02060597,0.027775032,0.018663984,0.004029327,0.0,0.036641877,0.19004123,0.15560879,0.27098244,0.09215706
99999E30483301,4,False,DO,DO.01,False,0.0,0.0,0.03576298,0.04126913,0.00910103,0.19252081,0.060255565,0.12034966,0.014986873,0.010384673,0.016978547,0.039279483,0.068307385,0.08079521,0.060936574,0.14326201,0.10581004
99999E30483305,4,False,DO,DO.01,False,0.031636134,0.0,0.0,0.20936166,0.0,0.0,0.10461457,0.19382516,0.0,0.0,0.0,0.0,0.3155663,0.14499618,0.0,0.0,0.0
99999E30483319,4,False,DO,DO.01,False,0.008875205,0.0,0.016312893,0.030617634,0.08446256,0.0070625264,0.0003278119,0.0,0.0070734536,0.00018940248,0.0,0.00069690385,0.005861763,0.020661864,0.78177196,0.004844331,0.031241693
99999E30483366,3,False,DO,DO.01,False,0.0,0.0,0.018834576,0.022802914,0.05827781,0.08515244,0.051281545,0.052905552,0.08371183,0.004491887,0.0029745828,0.0,0.030456124,0.115398474,0.0,0.37992957,0.09378273
99999E30483393,3,False,DO,DO.01,False,0.0,0.0068992106,0.0,0.08507926,0.087981485,0.12784728,0.01972288,0.037414208,0.043314166,0.0,0.039559644,0.04912352,0.0,0.07008565,0.18470517,0.18289647,0.065371074
99999E30483440,4,False,DO,DO.01,False,0.0,0.027079536,0.053948328,0.06890561,0.038919754,0.0060737086,0.01580758,0.035236523,0.03938946,0.01502543,0.0,0.0,0.049442064,0.009304004,0.43235514,0.13574995,0.072762884
99999E30483444,4,False,DO,DO.01,False,0.0,0.0073131872,0.0,0.0018263864,0.0,0.0046051303,0.0088434545,0.014964524,0.004159041,0.005480114,0.0,0.0,0.0057762335,0.00559092,0.401506,0.5340451,0.0058899047
99999E30483461,4,False,DO,DO.01,False,0.0,0.13586955,0.01648524,0.06129034,0.0,0.13587826,0.02997824,0.0474606,0.041779708,0.0052874554,0.017594898,0.0095908735,0.0050283605,0.017151734,0.3461691,0.057533026,0.0729025
99999E30483472,3,False,DO,DO.01,False,0.0,0.014192302,0.2180116,0.03818759,0.0093836915,0.1351241,0.011395241,0.0,0.016633762,0.0,0.018151712,0.004315012,0.020338409,0.08758997,0.18060422,0.17422989,0.07184256
99999E30483476,3,False,DO,DO.01,False,0.0,0.074978665,0.09026,0.03289344,0.04039459,0.05538047,0.0,0.022946622,0.07120347,0.039114304,0.0,0.0,0.029101832,0.0,0.29728842,0.22798896,0.018449217
99999E30483486,3,False,DO,DO.01,False,0.0,0.013323991,0.03004876,0.14966276,0.07027137,0.10081573,0.019367922,0.017163396,0.049023632,0.0,0.0,0.0,0.0,0.022244627,0.08382892,0.35192084,0.09232802
99999E30483530,4,False,DO,DO.01,False,0.0,0.022618484,0.03458847,0.23357767,0.15173587,0.016918955,0.014448648,0.023717174,0.01585508,0.022986107,0.0,0.0027126027,0.053280786,0.00809116,0.06722674,0.25545186,0.076790474
99999E30483550,7,False,DO,DO.01,False,0.004495131,0.018376173,0.19615598,0.19235775,0.234906,0.019472884,0.0052794884,0.008192022,0.01664781,0.067125715,0.0,0.0,0.008082352,0.013657536,0.07717243,0.12181417,0.016264657
99999E30483562,4,False,DO,DO.01,False,0.0,0.0025283073,0.004032214,0.15816088,0.15044518,0.0,0.0,0.025457434,0.0,0.0,0.0,0.0,0.0,0.058761343,0.39880776,0.18112269,0.020684168
99999E30483578,3,False,DO,DO.01,False,0.0,0.010109657,0.019130656,0.05749324,0.0,0.0518474,0.0072155325,0.023763787,0.046652533,0.036807127,0.0,0.0,0.06149501,0.105679065,0.14843585,0.16063106,0.27073914
99999E30483647,4,False,DO,DO.01,False,0.0,0.0,0.014889159,0.015456833,0.009808923,0.047759425,0.0044693416,0.010108608,0.012776957,0.0,0.0056652003,0.0,0.0,0.03460786,0.59299034,0.19858746,0.052880008
99999E30483651,3,False,DO,DO.01,False,0.004186453,0.040646087,0.046647713,0.13509123,0.12565921,0.09344851,0.09352974,0.0230005,0.11015371,0.016539615,0.048619095,0.018554736,0.054745693,0.05074669,0.07025431,0.052049488,0.016127218
99999E30483663,4,False,DO,DO.01,False,0.0010983534,0.008398179,0.053384196,0.17338774,0.05227317,0.018017218,0.16310124,0.11130544,0.10605869,0.023948327,0.0015207969,0.0011828421,0.059665933,0.002479744,0.16470653,0.059471607,0.0
99999E30483694,4,False,DO,DO.01,False,0.0,0.0,0.06949477,0.020768248,0.0,0.073202275,0.022982221,0.06550663,0.03845369,0.043953314,0.011037545,0.0,0.025257226,0.105682425,0.0773424,0.26030558,0.18601368
99999E30483714,4,False,DO,DO.01,False,0.0,0.007861189,0.07200093,0.017494293,0.06139417,0.040895715,0.0027927905,0.020425372,0.03324028,0.058881335,0.007246189,0.0027107154,0.030228246,0.065808214,0.28242037,0.13802952,0.15857069
99999E30483831,4,False,DO,DO.01,False,0.006288071,0.0,0.09463548,0.00702168,0.013113249,0.09447828,0.21554986,0.12374401,0.08428636,0.15134603,0.034191392,0.004663653,0.123089,0.032016765,0.0,0.0018733214,0.013702755
99999E30483843,4,False,DO,DO.01,False,0.0,0.0072706025,0.13396312,0.054368813,0.030465035,0.016915314,0.0,0.07175782,0.0701115,0.0019589188,0.0,0.0,0.0031091024,0.0008640402,0.24101755,0.19774179,0.1704564
99999E30483973,4,False,DO,DO.01,False,0.0,0.0,0.028788513,0.004816753,0.0,0.10122666,0.039493036,0.010184758,0.12569082,0.008764817,0.0,0.0,0.00420511,0.018438583,0.3776619,0.16605048,0.114678666
99999E30483981,4,False,DO,DO.01,False,0.0,0.0060819504,0.0,0.00559383,0.010559485,0.008129177,0.013372878,0.0805256,0.057903137,0.0,0.0,0.0,0.04590812,0.03779336,0.16359067,0.008009721,0.56253207
99999E30484070,3,False,DO,DO.01,False,0.0,0.0,0.0,0.2471328,0.0,0.06565471,0.0,0.0,0.0,0.0,0.0,0.0,0.12845753,0.16375346,0.0,0.29604417,0.09895739
99999E30484129,3,False,DO,DO.01,False,0.0,0.0,0.055356663,0.016071904,0.0049129752,0.21819894,0.20332672,0.0,0.021394292,0.107856944,0.0,0.0,0.043426514,0.1806185,0.0,0.0,0.1488365
99999E30484166,3,False,DO,DO.01,False,0.0,0.0,0.046790347,0.0274735,0.20463783,0.0,0.06713781,0.0,0.062470563,0.16113076,0.0007656067,0.0,0.06469377,0.06626914,0.059172563,0.22744408,0.012014136
99999E30484207,3,False,DO,DO.01,False,0.0,0.0,0.0,0.0,0.0,0.18385488,0.018844234,0.019641994,0.012533927,0.0,0.029855778,0.024710286,0.00013950666,0.14577498,0.2543694,0.027669724,0.28260526
99999E30484218,4,False,DO,DO.01,False,0.0,0.0,0.018921757,0.07422433,0.13110681,0.00061273394,0.010419986,0.029327707,0.01117871,0.0067000664,0.0,0.0,0.0,0.009291376,0.083722755,0.5904376,0.034056216
99999E30484252,5,False,DO,DO.01,False,0.0,0.0,0.0,0.0,0.0,0.0,0.051134545,0.4084372,0.15212528,0.36337492,0.0,0.0,0.0,0.0,0.024928091,0.0,0.0
99999E30484337,4,False,DO,DO.01,False,0.0,0.0,0.13007247,0.01895523,0.0,0.016372254,0.09562944,0.14008176,0.033132456,0.11870436,0.0025869969,0.0,0.008113763,0.08557291,0.0,0.29970372,0.051074598
99999E30484340,3,False,DO,DO.01,False,0.010517774,0.001481279,0.074181624,0.14084956,0.042050328,0.07619762,0.033064015,0.06983988,0.14025946,0.013014836,0.014354217,0.0,0.012625481,0.14154693,0.10660537,0.088155136,0.03525652
99999E30484344,3,False,DO,DO.01,False,0.0,0.0,0.14769243,0.24131663,0.05736376,0.102581434,0.039067574,0.07625741,0.0,0.050824836,0.0016406581,0.0,0.013658716,0.108802654,0.041324668,0.09626063,0.023208672
99999E30484398,4,False,DO,DO.01,False,0.0,0.00406717,0.06558253,0.081442684,0.06629926,0.087089665,0.002262929,0.021721737,0.012355612,0.013197487,0.008861414,0.26030144,0.017233113,0.005808839,0.0653762,0.22808677,0.06031305
99999E30484440,4,False,DO,DO.01,False,0.0,0.0041083847,0.049254086,0.0,0.004118537,0.32535174,0.033605672,0.07613118,0.027504858,0.031000707,0.0024086845,0.0047573,0.017050305,0.016677199,0.07221231,0.30178183,0.034037154
99999E30484446,4,False,DO,DO.01,False,0.0,0.01713459,0.07827322,0.12016947,0.06630067,0.010347278,0.008762691,0.033532917,0.06736491,0.020909047,0.0024018618,0.017210964,0.0341614,0.04993767,0.030051468,0.35367113,0.08977075
99999E30484610,3,False,DO,DO.01,False,0.0,0.0,0.09291005,0.0,0.0,0.0,0.2116402,0.39449733,0.30095235,0.0,0.0,0.0,0.0,0.0,0.0,0.0,0.0
99999E30484731,4,False,DO,DO.01,False,0.0,0.0,0.080268875,0.11382112,0.023158437,0.08954427,0.09346101,0.028184341,0.045397196,0.060738333,0.010118819,0.0,0.0,0.1496171,0.050138876,0.25380695,0.0017446239
99999E30484882,3,False,DO,DO.01,False,0.0,0.0,0.10714637,0.0,0.0,0.2220256,0.07313477,0.09888922,0.0,0.0,0.49880403,0.0,0.0,0.0,0.0,0.0,0.0
99999E30484918,4,False,DO,DO.01,False,0.0,0.0012020878,0.054801937,0.12643953,0.08269166,0.012716035,0.015528749,0.023966892,0.03491616,0.020702861,0.006463895,0.0,0.008378252,0.08942078,0.09502696,0.35531744,0.072426856
99999E30484958,4,False,DO,DO.01,False,0.0,0.0,0.0,0.08351984,0.046454754,0.5562904,0.02205507,0.1675389,0.0,0.0,0.042051595,0.0,0.0,0.039942563,0.04214695,0.0,0.0
99999E30484999,3,False,DO,DO.01,False,0.0,0.0,0.18976101,0.0361603,0.0,0.07676106,0.17184198,0.19497953,0.08697805,0.08157876,0.0,0.0,0.09085265,0.041763928,0.0,0.0,0.029322771
99999E30485154,7,False,DO,DO.01,False,0.0051143453,0.0739722,0.020082846,0.009686677,0.004869377,0.01684576,0.0023926105,0.0057388484,0.011527691,0.012384248,0.008583068,0.012575474,0.013001668,0.014569802,0.60465264,0.05414682,0.12985589
99999E30485193,3,False,DO,DO.01,False,0.0,0.0,0.35800472,0.008488102,0.0025926323,0.03114977,0.011367108,0.12823029,0.040664997,0.016930383,0.0,0.0,0.012306412,0.3636329,0.0025048112,0.024127897,0.0
99999E30485196,3,False,DO,DO.01,False,0.0019976175,0.0058400007,0.061678417,0.0,0.0019870761,0.18734385,0.05992853,0.09945922,0.024466865,0.061367452,0.004564477,0.015327367,0.08770016,0.15873945,0.026822893,0.066348314,0.13642833
99999E30485242,4,False,DO,DO.01,False,0.0,0.038639937,0.09921885,0.08016458,0.08765724,0.030949906,0.014127488,0.089638576,0.06917991,0.029120393,0.0019813403,0.021741606,0.004304291,0.03198992,0.2114948,0.16130085,0.02849031
99999E30485271,7,False,DO,DO.01,False,0.01648882,0.08507786,0.1090318,0.04127238,0.01772716,0.0034328834,0.0,0.0044866917,0.015875751,0.017214745,0.0,0.0,0.003930049,0.0015891003,0.5116964,0.14406826,0.028108163
99999E30485287,3,False,DO,DO.01,False,0.0,0.01896524,0.09585516,0.08412509,0.0,0.18458128,0.038112443,0.03732827,0.07198993,0.025975123,0.055125922,0.0,0.06641842,0.21173266,0.09349181,0.016298626,0.0
99999E30485366,3,False,DO,DO.01,False,0.0,0.0044497303,0.0,0.08181015,0.09078637,0.043497853,0.007943464,0.087176755,0.09007662,0.0082461955,0.004613408,0.015039566,0.06414882,0.22708832,0.017823545,0.2370669,0.020232366
99999E30485387,4,False,DO,DO.01,False,0.005505954,0.0030391263,0.06996842,0.06777986,0.061446376,0.040189467,0.056023475,0.11532676,0.0813756,0.045502633,0.0065026274,0.0008341987,0.023015639,0.017658217,0.13391739,0.18108235,0.090831876
99999E30485408,4,False,DO,DO.01,False,0.0,0.03337595,0.118119046,0.08335259,0.020760193,0.07716691,0.019562306,0.026216306,0.035364803,0.0841556,0.012387011,0.0030531113,0.013686029,0.031157145,0.28181204,0.13140057,0.028430294
99999E30485424,4,False,DO,DO.01,False,0.0,0.007730075,0.0,0.10387923,0.0,0.0,0.20388328,0.0,0.0,0.16555753,0.0,0.0,0.0,0.2287372,0.15488558,0.08744522,0.04788183
99999E30485488,4,False,DO,DO.01,False,0.0,0.0,0.03913658,0.0,0.0,0.045886986,0.015886826,0.026787283,0.037967212,0.04234736,0.033646956,0.0033778287,0.0055831354,0.009093345,0.32890594,0.09285299,0.31852767
99999E30485544,3,False,DO,DO.01,False,0.0,0.0034674203,0.123170935,0.08560041,0.028114662,0.028061628,0.026617553,0.08164755,0.019776534,0.03823545,0.0,0.0,0.027253924,0.09924573,0.012119653,0.25297076,0.17371777
99999E30485547,3,False,DO,DO.01,False,0.0,0.006235065,0.07485208,0.053699825,0.04975008,0.13975415,0.11103632,0.015632013,0.07027101,0.007946447,0.02324975,0.0039862674,0.037666053,0.09373989,0.21496104,0.04955181,0.047668245
99999E30485644,3,False,DO,DO.01,False,0.0,0.0008516222,0.060717504,0.013099209,0.0,0.14929883,0.025819922,0.04521483,0.0,0.016587706,0.0,0.0,0.018716762,0.116334744,0.16331905,0.24854751,0.14149229
99999E30485648,4,False,DO,DO.01,False,0.0,0.005744407,0.13958512,0.061427243,0.013366144,0.035767715,0.0,0.026032422,0.049391028,0.008901333,0.0,0.0049541653,0.007850616,0.03636655,0.118735015,0.36236203,0.12951624
99999E30485668,3,False,DO,DO.01,False,0.0,0.0051055434,0.10554451,0.22484793,0.09086558,0.015181903,0.012953119,0.02272538,0.034802124,0.026765931,0.023328446,0.002799773,0.04983262,0.109043576,0.077912465,0.15733644,0.040954694
99999E30594382,4,False,DO,DO.01,True,0.05278603,0.18146098,0.011046733,0.13282286,0.053219534,0.0037924843,0.0017916907,0.008658728,0.045893095,0.00016006347,0.0020969096,0.0040192404,0.0037512912,0.005514735,0.10851872,0.3501957,0.034271237
99999E30594388,4,False,DO,DO.01,False,0.0,0.0027543458,0.025002621,0.08713319,0.35893047,0.05068873,0.007886208,0.097194046,0.05115317,0.00830004,0.016965002,0.006698301,0.048389044,0.059306476,0.029994555,0.06789191,0.081711695
99999E30594394,4,False,82,82.11,False,0.0,0.010338673,0.03952837,0.014446657,0.01003401,0.01366844,0.0015729882,0.019852769,0.008523941,0.0,0.0,0.0,0.024094872,0.035105787,0.61672896,0.16890419,0.037200343
99999E30594396,4,False,DO,DO.01,False,0.0,0.0,0.011158519,0.028306803,0.02562504,0.037700456,0.028297814,0.06891974,0.07744444,0.020902747,0.06897667,0.055232275,0.07320456,0.055687726,0.29315984,0.06235467,0.09302861
99999E30594444,3,False,DO,DO.01,False,0.002973594,0.0031505644,0.0072158882,0.046939414,0.044671208,0.06918529,0.031729966,0.2600013,0.005830039,0.016316133,0.01405291,0.0073978435,0.0023105796,0.10605985,0.013731374,0.20927572,0.15915832
99999E30594464,4,False,DO,DO.01,False,0.0,0.0013751274,0.255327,0.33100003,0.039389327,0.058004856,0.010007401,0.02023051,0.020021645,0.01709955,0.007859193,0.04449746,0.021847902,0.038738992,0.0,0.08980744,0.044793654
99999E30594475,4,False,DO,DO.01,False,0.0,0.009968296,0.052631233,0.09711155,0.08025075,0.07182908,0.0323169,0.1558434,0.07223885,0.035899255,0.01680767,0.037277758,0.03983388,0.052664712,0.103987314,0.063439436,0.07789987
99999E30594485,7,False,DO,DO.01,False,0.0,0.05363511,0.0,0.0,0.0,0.0,0.0,0.0,0.0,0.0,0.0,0.0,0.0,0.0,0.90529305,0.04107182,0.0
99999E30594487,3,False,DO,DO.01,False,0.0,0.27180168,0.002224289,0.029694093,0.033518232,0.16362531,0.1318431,0.029263405,0.010311002,0.014046568,0.017600559,0.00088351563,0.0,0.0,0.104247086,0.17156366,0.019377556
99999E30594488,3,False,DO,DO.01,False,0.00026591914,0.00022990926,0.27156436,0.1439952,0.0,0.10954483,0.0,0.05492892,0.102245905,0.09300521,0.00022159927,0.010132627,0.026896613,0.10406579,0.0062158597,0.04257199,0.034115206
99999E30594497,4,False,DO,DO.01,False,0.0,0.0,0.018128537,0.06463899,0.019271556,0.022023099,0.0116944425,0.056772277,0.06119994,0.0,0.004134997,0.0,0.055629257,0.04929272,0.19215481,0.2273787,0.21768071
99999E30594501,4,False,DO,DO.01,False,0.0,0.004743644,0.0163506,0.037127025,0.024929082,0.043422993,0.0054738396,0.016455665,0.011617463,0.005405548,0.018504415,0.015378757,0.009324439,0.015596765,0.6767704,0.05848393,0.040415533
99999E30594505,4,False,DO,DO.01,False,0.0,0.0,0.039448272,0.023870438,0.015714994,0.030500602,0.011840705,0.06225447,0.022982933,0.0,0.0,0.0,0.062217973,0.20607223,0.043715212,0.35386646,0.1275157
99999E30594510,4,False,DO,DO.01,False,0.0,0.0,0.052745987,0.027523128,0.008551814,0.008532855,0.011762129,0.15061167,0.07766859,0.02786865,0.0,0.0,0.056636903,0.23871292,0.05628906,0.17521352,0.10788278
99999E30594524,4,False,DO,DO.01,False,0.00035898792,0.0051331148,0.12407365,0.061770674,0.004283097,0.028046446,0.052680444,0.07182234,0.056253817,0.057718657,0.0043326123,0.0011759949,0.051508576,0.109008536,0.11556522,0.2073836,0.048884246
99999E30594525,4,False,DO,DO.01,False,0.0022670445,0.20825139,0.052942157,0.13705617,0.046657775,0.027021172,0.0,0.015469244,0.013552258,0.030255042,0.0,0.0,0.01436906,0.03302217,0.41180196,0.002617103,0.004717453
99999E30594528,4,False,DO,DO.01,False,0.0,0.0,0.08322592,0.031236742,0.012207756,0.03688267,0.05529251,0.24654256,0.073238,0.059055395,0.003071154,0.0068900804,0.03241738,0.10896831,0.011657468,0.09211006,0.14720401
99999E30594529,4,False,DO,DO.01,False,0.0,0.0055019823,0.09127202,0.07539597,0.035482805,0.043364163,0.022513589,0.13024433,0.037804056,0.045802385,0.013498127,0.0040227748,0.017578298,0.0826576,0.13228586,0.15459312,0.10798284
99999E30594532,4,False,DO,DO.01,False,0.003261174,0.11870314,0.011616249,0.010031479,0.0063480595,0.0043482324,0.039906707,0.08628546,0.032608148,0.008213127,0.020575043,0.0,0.022280198,0.04801562,0.2624751,0.29677042,0.028561775
99999E30601128,4,False,01,01.1,False,0.0,0.017962849,0.019666225,0.1065084,0.21110424,0.045205966,0.04962604,0.0548231,0.016827267,0.034053892,0.014422984,0.010896703,0.01808782,0.09581002,0.07692892,0.15836214,0.069713354
99999E30601131,3,False,01,01.1,False,0.0030725116,0.0,0.09871141,0.123341165,0.0,0.0,0.10139287,0.22496991,0.07850112,0.051512673,0.0025759442,0.01095552,0.0580115,0.12121213,0.0,0.043207582,0.082535736
99999E30601132,4,False,DO,DO.02,False,0.0,0.09983737,0.077379696,0.0362502,0.03023147,0.037610155,0.07512842,0.07145286,0.036369655,0.032942194,0.017109724,0.010806141,0.033420015,0.008049473,0.24898235,0.17606845,0.008361896
99999E30601133,6,False,DO,DO.02,False,0.0,0.0,0.0,0.0,0.0,0.0,0.0,0.0,0.0,0.0,0.0,0.0,0.0,0.0,0.123662904,0.3504056,0.5259315
99999E30601137,3,False,01,01.4,False,0.0,0.0,0.0,0.0,0.0,0.0,0.0,0.0,1.0,0.0,0.0,0.0,0.0,0.0,0.0,0.0,0.0
99999E30601138,4,False,49,49.41,False,0.0,0.0,0.013345866,0.0,0.0,0.013927567,0.0,0.19251326,0.048752025,0.0,0.0,0.0,0.023356652,0.007816945,0.029607622,0.2605611,0.41011903
99999E30601142,4,False,29,29.10,False,0.0,0.0,0.014093786,0.010583209,0.0,0.0,0.0,0.0,0.029556803,0.0118906675,0.0,0.0,0.008946311,0.0015236526,0.9096,0.013805527,0.0
99999E30601147,5,False,70,70.22,False,0.0,0.0,0.0,0.0,0.0,0.045542933,0.03263338,0.16151643,0.23240459,0.0074515883,0.03977449,0.03997058,0.14731595,0.019282619,0.27070838,0.0012909552,0.0021080154
99999E30601154,7,False,01,01.4,False,0.0,0.03408267,0.0,0.0,0.0,0.0,0.0,0.0,0.0,0.0,0.0,0.0,0.0,0.0,0.9558686,0.010048688,0.0
99999E30601155,7,False,49,49.4,False,0.0,0.004364089,0.0,0.0,0.008431019,0.0,0.0,0.029647822,0.012728481,0.0,0.0,0.0,0.0,0.0,0.9136803,0.012367362,0.018780908
99999E30601156,3,False,55,55.20,False,0.0,0.22442599,0.0,0.14226232,0.072530285,0.0,0.0,0.060471747,0.0,0.03844403,0.0074843485,0.0,0.004544335,0.10631805,0.07650004,0.17561729,0.09140158
99999E30601158,3,False,01,01.4,False,0.0,0.0,0.0,0.0,0.0,0.0,0.0,0.0,0.0,0.0,0.0,0.0,1.0,0.0,0.0,0.0,0.0
99999E30601161,4,False,84,84.11,True,0.15820247,0.4737546,0.004031376,0.0,0.0,0.080398165,0.0,0.012692031,0.011501805,0.0,0.014000324,0.0,0.016211659,0.0,0.18187179,0.0285475,0.018788356
99999E30601165,4,False,56,56.10,False,0.0,0.0,0.09200981,0.05876153,0.0,0.0,0.0036633136,0.05083879,0.036954913,0.0,0.0,0.0,0.0048988564,0.3288484,0.15478943,0.12460423,0.14463075
99999E30601166,7,False,84,84.11,False,0.0,0.009762692,0.021775387,0.016843501,0.10786024,0.0,0.003117052,0.012198444,0.006919343,0.010070526,0.0,0.0,0.008996721,0.0,0.64775866,0.1369921,0.0177053
99999E30601167,4,False,94,94.91,False,0.005020527,0.2415331,0.010985223,0.11226582,0.055699494,0.040251218,0.08553264,0.02721654,0.030458292,0.0050173043,0.0,0.002777724,0.026449606,0.0,0.33628187,0.017720075,0.0027906138
99999E30601174,6,False,55,55.10,False,0.0,0.0,0.0,0.0,0.0,0.0,0.0,0.0,0.0,0.0,0.0,0.0,0.0,0.019823555,0.17227992,0.45191443,0.35598207
99999E30601175,4,False,41,41.20,False,0.00016386947,0.0,0.0015233172,0.0,0.0015183006,0.08210863,0.035741936,0.097079284,0.08087627,0.0061317277,0.012139717,0.11849435,0.024358027,0.017425345,0.3916731,0.008103177,0.12266298
99999E30601179,4,False,01,01.1,False,0.0,0.62881374,0.025871422,0.013563989,0.003992895,0.027940176,0.0062848795,0.00896909,0.011082827,0.0071790563,0.025215609,0.02608288,0.006268484,0.0031508477,0.15579353,0.020530745,0.029259792
99999E30601183,2,False,49,49.3,False,0.0,0.0,0.0,0.0,0.0,0.0,0.0,0.0,0.0,0.0,0.0,0.0,0.0,0.0,1.0,0.0,0.0
99999E30601184,4,False,DO,DO.01,False,0.0,0.0025767675,0.029048564,0.00432627,0.0,0.35563385,0.06387357,0.039528552,0.033241868,0.021858638,0.15572609,0.078777425,0.008165876,0.016500743,0.0971829,0.028094886,0.06546391
99999E30601187,6,False,56,56.10,False,0.0,0.0031259228,0.0,0.0,0.0,0.007863374,0.0,0.0,0.0,0.0,0.0,0.0,0.0,0.0,0.41400775,0.0059361057,0.5690668
99999E30601188,3,False,16,16.23,False,0.0,0.00018563987,0.0,0.0,0.0,0.08828598,0.14735876,0.2034071,0.24220312,0.09105839,0.017418982,0.001562356,0.16249856,0.044771727,0.0012493427,0.0,0.0
99999E30601191,4,False,96,96.21,False,0.0,0.0,0.0056037023,0.0,0.0,0.029656164,0.09957625,0.27728173,0.29649526,0.20221907,0.003742127,0.0,0.042857982,0.010032771,0.0291495,0.0024099906,0.000975382
99999E30601192,6,False,84,84.11,False,0.0,0.0,0.0,0.0,0.0,0.0,0.0,0.5509008,0.0,0.0,0.0,0.0,0.0,0.015724704,0.4257031,0.0,0.007671332
99999E30601194,4,False,94,94.91,False,0.0,0.03034329,0.003686264,0.0,0.003458315,0.134985,0.09352429,0.06867132,0.024149587,0.34437913,0.0065258597,0.0015565674,0.050949898,0.00199944,0.16356984,0.018900245,0.053301033
99999E30601195,4,False,84,84.11,False,0.19037876,0.0,0.02818894,0.48292992,0.07494123,0.0,0.0,0.10491511,0.021519374,0.08961254,0.0,0.0,0.0075141485,0.0,0.0,0.0,0.0
99999E30601202,2,False,36,36.00,False,0.0,0.0,0.0,0.0,0.0,0.0,0.0,0.0,0.0,0.0,0.0,0.0,0.0,0.0,1.0,0.0,0.0
99999E30601204,3,False,49,49.4,False,0.004881201,0.03406455,0.0,0.0,0.042869173,0.0113086905,0.024734879,0.025808051,0.027706297,0.012739587,0.0,0.0,0.0,0.011527943,0.27315685,0.40432614,0.1268766
99999E30601206,7,False,84,84.11,False,0.0,0.0,0.0,0.0,0.0,0.0,0.015232161,0.030227758,0.0022079404,0.0,0.0041990294,0.05934497,0.004540735,0.0,0.8506486,0.03359881,0.0
99999E30601208,1,False,IL,IL.01,False,0.2762492,0.72375077,0.0,0.0,0.0,0.0,0.0,0.0,0.0,0.0,0.0,0.0,0.0,0.0,0.0,0.0,0.0
99999E30601209,5,False,43,43.99,False,0.0,0.0,0.0,0.0039251246,0.0035471632,0.03837144,0.060013913,0.24912088,0.15153334,0.07270333,0.0,0.0,0.058020942,0.012671401,0.21849066,0.011094233,0.1205076
99999E30601210,6,False,56,56.30,False,0.0,0.0,0.0,0.0,0.0,0.0,0.0,0.0,0.0,0.0,0.0,0.0,0.0,0.003839829,0.07997476,0.014911303,0.9012741
99999E30601211,6,False,47,47.11,False,0.0,0.0,0.0,0.0,0.0,0.0,0.0,0.0,0.0,0.0,0.0,0.0,0.0,0.0,0.16570465,0.0,0.83429533
99999E30601212,1,False,74,74.90,False,0.20615402,0.7451338,0.0,0.0,0.0,0.0061041755,0.0,0.0,0.010443127,0.0,0.0,0.0,0.0,0.009931076,0.021068167,0.0,0.0011655877
99999E30601214,4,False,94,94.91,False,0.0,0.0,0.0,0.0,0.0,0.012503805,0.040664762,0.006744993,0.027065197,0.0,0.0,0.0,0.0,0.0,0.9081634,0.004857856,0.0
99999E30601215,1,False,IL,IL.01,False,0.29612496,0.703875,0.0,0.0,0.0,0.0,0.0,0.0,0.0,0.0,0.0,0.0,0.0,0.0,0.0,0.0,0.0
99999E30601217,1,False,IL,IL.01,False,0.27418905,0.7230651,0.0,0.0,0.0,0.0,0.0,0.0,0.0,0.0,0.0,0.0,0.0,0.0,0.0,0.0027458747,0.0
99999E30601219,4,False,01,01.41,False,0.0,0.0,0.0030945737,0.0,0.0,0.0048304223,0.032353517,0.16077206,0.10297225,0.3929016,0.0,0.24829125,0.017361967,0.014825078,0.015727011,0.00042774345,0.006442593
99999E30601220,3,False,01,01.1,False,0.0,0.016392214,0.005877865,0.029897846,0.056624938,0.0,0.028013341,0.20022134,0.33942056,0.05882353,0.0,0.0,0.041982617,0.006491078,0.16682369,0.0,0.049430903
99999E30601221,4,False,16,16.23,False,0.0,0.0,0.014815409,0.0,0.0,0.081383504,0.06787583,0.24322665,0.06965183,0.03489341,0.0,0.0,0.047445584,0.004201636,0.2851966,0.006150589,0.14515895
99999E30601223,5,False,81,81.30,False,0.0,0.020425297,0.06688617,0.0070046023,0.0,0.08478241,0.07742014,0.33608985,0.05342404,0.14685737,0.031241676,0.08369079,0.019237291,0.015149018,0.015499078,0.011740572,0.030551702
99999E30601224,5,False,27,27.52,False,0.0,0.0,0.0,0.0,0.0,0.0,0.0032790161,0.6801646,0.08215329,0.0,0.0,0.0,0.009305155,0.0,0.11574224,0.05165143,0.05770431
99999E30601225,5,False,81,81.30,True,0.0041957055,0.054538295,0.10325432,0.015404233,0.0016007147,0.05209609,0.10962309,0.2407289,0.06806915,0.12392727,0.026349502,0.09297425,0.034603406,0.01782646,0.013442712,0.021268819,0.020097079
99999E30601226,5,False,81,81.30,False,0.003725527,0.014758391,0.006843031,0.0018130161,0.0,0.008656047,0.13206273,0.40431365,0.029925823,0.041644096,0.07353769,0.008600771,0.06626353,0.0093304,0.18556885,0.0063676666,0.0065887664
99999E30601227,4,False,01,01.1,False,0.003230941,0.05661157,0.0,0.007398646,0.007541845,0.008102711,0.0057608006,0.017777633,0.034072552,0.0024418512,0.0,0.0,0.019038087,0.031424854,0.6805367,0.06054956,0.06551232
99999E30601229,3,False,49,49.4,False,0.0,0.0,0.02065914,0.02795495,0.013526112,0.011439481,0.006541074,0.048850875,0.07196662,0.019460436,0.0,0.0012431002,0.0,0.006171104,0.6351797,0.058588494,0.078418896
99999E30601230,6,False,94,94.91,False,0.0,0.0,0.0,0.00816749,0.0,0.0048744828,0.0,0.016723236,0.0055239014,0.001320136,0.0,0.0,0.0,0.0020063904,0.19856995,0.68695307,0.07586139
99999E30601231,4,False,56,56.10,False,0.0,0.0,0.0077659604,0.080992356,0.010288386,0.0,0.0018778759,0.004964884,0.0,0.0,0.0,0.0,0.0011779655,0.010329497,0.100959435,0.75416124,0.027482377
99999E30601234,3,False,DO,DO.01,False,0.0,0.0,0.16872881,0.19065087,0.0,0.0,0.0,0.13123228,0.046790056,0.073092096,0.0,0.014807403,0.050002772,0.09986103,0.15180923,0.023934187,0.049091205
99999E30601235,4,False,01,01.1,False,0.0,0.0127933,0.11008987,0.09301205,0.09268814,0.060029984,0.044451144,0.027694209,0.044384856,0.0,0.024167465,0.0050618798,0.0071514123,0.11890598,0.27501678,0.06844837,0.016104612
99999E30601236,3,False,01,01.4,False,0.0,0.0,0.0,0.09707657,0.017946664,0.0,0.0,0.019026242,0.12379885,0.0,0.0,0.0,0.0,0.19229332,0.20777082,0.2519267,0.09016087
99999E30601237,4,False,01,01.4,False,0.024593055,0.02605951,0.023996785,0.021921951,0.15334621,0.029435089,0.0050387727,0.06049856,0.15441692,0.10444084,0.015151125,0.019199396,0.024825359,0.0045476835,0.119855285,0.113918334,0.0987551
99999E30601239,2,False,61,61.10,False,0.0,0.0,0.0,0.0,0.0,0.0,0.0,0.0,0.0,0.0,0.0,0.0,0.0,0.0,1.0,0.0,0.0
99999E30601240,2,False,43,43.21,False,0.0,0.0,0.0,0.0,0.0,0.0,0.0,0.0,0.0,0.0,0.0,0.0,0.0,0.0,1.0,0.0,0.0
99999E30601243,2,False,60,60.10,False,0.0,0.0,0.0,0.0,0.0,0.0,0.0,0.0,0.0,0.0,0.0,0.0,0.0,0.0,1.0,0.0,0.0
99999E30601244,2,False,60,60.10,False,0.0,0.0,0.0,0.0,0.0,0.0,0.0,0.0,0.0,0.0,0.0,0.0,0.0,0.0,0.99790746,0.0020925873,0.0
99999E30601245,2,False,60,60.10,False,0.0,0.0,0.0,0.0,0.0,0.0,0.0,0.0,0.0,0.0,0.0,0.0,0.0,0.0,1.0,0.0,0.0
99999E30601246,2,False,60,60.10,False,0.0,0.0,0.0,0.0,0.0,0.0,0.0,0.0,0.0,0.0,0.0,0.0,0.0,0.0,0.9980825,0.0019175003,0.0
99999E30601247,2,False,61,61.10,False,0.0,0.016449956,0.0,0.0,0.0,0.0,0.0,0.0,0.0,0.0,0.0,0.0,0.0,0.0,0.93583965,0.042525616,0.0051848143
99999E30601248,2,False,61,61.10,False,0.0,0.0,0.0,0.0,0.0,0.0,0.0,0.0,0.0,0.0,0.0,0.0,0.0,0.0,1.0,0.0,0.0
99999E30601249,2,False,61,61.10,False,0.0,0.0,0.0,0.0,0.0,0.0,0.0,0.0,0.0,0.0,0.0,0.0,0.0,0.0,1.0,0.0,0.0
99999E30601252,4,False,96,96.0,False,0.0,0.015832309,0.044641506,0.055810347,0.10898744,0.071613036,0.06330914,0.124958344,0.101943575,0.05119131,0.012439445,0.014083508,0.039299887,0.036484666,0.069148,0.13868532,0.051572174
99999E30601254,4,False,94,94.91,False,0.0,0.19447728,0.0,0.020458223,0.0,0.0,0.00847598,0.01936346,0.0,0.13702269,0.0,0.0,0.02760995,0.0,0.3035138,0.28907868,0.0
99999E30601256,5,False,43,43.91,False,0.0,0.13492405,0.0,0.0,0.0,0.02120774,0.044333175,0.1976403,0.16681239,0.059671257,0.0045460467,0.04629887,0.07918591,0.00964674,0.20479071,0.0,0.030942779
99999E30601262,4,False,96,96.02,False,0.0,0.0,0.025049852,0.0043676994,0.0,0.018564293,0.015355028,0.007740359,0.4288892,0.3002233,0.0011123493,0.0010893064,0.0010767375,0.002578723,0.1580311,0.0,0.035921972
99999E30601267,6,False,55,55.10,False,0.0,0.0,0.0,0.0,0.0,0.0,0.0,0.0,0.0,0.0,0.0,0.0,0.0,0.0,0.10880736,0.0043842564,0.8868084
99999E30601269,6,False,47,47.30,False,0.0,0.0023035922,0.0,0.0,0.0,0.0,0.0,0.0,0.0,0.0,0.0,0.0,0.0,0.0,0.23268753,0.011733426,0.75327545
99999E30601270,5,False,28,28.29,False,0.006532046,0.045981348,0.010154156,0.014765479,0.050979767,0.0028460235,0.0072277463,0.24531773,0.046195682,0.00316843,0.0,0.0,0.0,0.015919086,0.12839745,0.25016072,0.17235431
99999E30601271,5,False,47,47.79,False,0.0022786225,0.000106595195,0.00212352,0.00038865325,0.0,0.00909233,0.10535318,0.6798336,0.08398983,0.01330344,0.0,0.0021199267,0.018673921,0.0014288548,0.034028422,0.046912663,0.0003664958
99999E30601273,1,False,IL,IL.01,False,0.3349923,0.6650077,0.0,0.0,0.0,0.0,0.0,0.0,0.0,0.0,0.0,0.0,0.0,0.0,0.0,0.0,0.0
99999E30601275,4,False,49,49.41,False,0.08688696,0.29966864,0.003798944,0.010859865,0.0,0.050283447,0.050923523,0.19836058,0.026877828,0.007610609,0.030504033,0.0,0.015940968,0.11344608,0.033920005,0.0,0.07091853
99999E30601278,4,False,84,84.11,True,0.045473214,0.12642041,0.05425567,0.29587775,0.059464734,0.0999795,0.04873828,0.042611368,0.030878896,0.14614457,0.0013837126,0.005631513,0.015193988,0.0039488613,0.023997478,0.0,0.0
99999E30601281,6,False,47,47.11,True,0.0,0.0,0.0,0.0,0.0,0.0,0.0,0.0,0.0,0.0,0.0,0.0,0.0,0.0,0.40870357,0.0,0.59129643
99999E30601284,7,False,DO,DO.02,False,0.0,0.016444692,0.0,0.0,0.004924535,0.0,0.0,0.0,0.0,0.0,0.0,0.0,0.0,0.0,0.9761685,0.0,0.0024622674
99999E30601287,5,False,16,16.23,False,0.0,0.0,0.0,0.0022230707,0.0,0.08784667,0.02280191,0.6268193,0.11900954,0.00094288937,0.01162139,0.0012120762,0.034506887,0.0073961252,0.033057176,0.0012268733,0.051336117
99999E30601288,4,False,86,86.90,False,0.0,0.008589681,0.016974615,0.006725821,0.00721413,0.0075009405,0.0,0.0058255787,0.021931637,0.0,0.0040965923,0.0,0.01990934,0.0070370063,0.84372336,0.03815226,0.0123190265
99999E30601289,6,False,56,56.10,False,0.0,0.0,0.0,0.0039219223,0.0,0.0,0.0,0.025373004,0.0,0.0,0.0,0.0,0.0,0.0,0.07707594,0.8109009,0.0827282
99999E30601291,7,False,94,94.91,False,0.0,0.47964048,0.0,0.01627099,0.0,0.0,0.0,0.0,0.0,0.0,0.0,0.0,0.0,0.0,0.5040886,0.0,0.0
99999E30601292,4,False,52,52.10,False,0.0,0.0,0.14757396,0.12037261,0.014445156,0.06311507,0.08397303,0.04507271,0.030490747,0.015738783,0.018210353,0.01217779,0.036254726,0.03018796,0.033841502,0.32660136,0.021944365
99999E30601293,3,False,01,01.1,False,0.0,0.009806704,0.08725128,0.023807272,0.0,0.053195853,0.052312933,0.016365528,0.057768106,0.028505659,0.00886072,0.029041719,0.09882382,0.14353734,0.31409833,0.03544288,0.04118185
99999E30601295,3,False,01,01.4,False,0.0,0.01941406,0.0,0.0,0.0,0.03211058,0.0065241093,0.057802558,0.07435023,0.02688777,0.0,0.057222247,0.031319242,0.019044774,0.4552633,0.03858193,0.18147926
99999E30601298,1,False,IL,IL.01,False,0.12352544,0.8764746,0.0,0.0,0.0,0.0,0.0,0.0,0.0,0.0,0.0,0.0,0.0,0.0,0.0,0.0,0.0
99999E30601299,4,False,84,84.11,False,0.0,0.004194808,0.3600164,0.08299749,0.0,0.0,0.0073062903,0.107270755,0.14111544,0.058676533,0.0,0.0,0.006492258,0.0,0.11877647,0.10552112,0.00763252
99999E30601300,6,False,47,47.11,False,0.0,0.0,0.0,0.0,0.0,0.0,0.0,0.0023509304,0.0,0.0,0.0,0.0,0.0,0.0,0.43634975,0.0,0.5612994
99999E30601302,3,False,55,55.10,False,0.0,0.099525616,0.0,0.4377785,0.05860367,0.007954381,0.015429586,0.0,0.014279554,0.00258757,0.0074752034,0.0,0.0076189567,0.0,0.34874696,0.0,0.0
99999E30601303,4,False,56,56.10,False,0.0,0.0,0.07554751,0.0,0.0,0.0,0.0,0.0,0.0,0.0047266143,0.0,0.0,0.0,0.0,0.62568504,0.26239166,0.031649232
99999E30601305,1,False,IL,IL.01,False,0.0070157065,0.9929843,0.0,0.0,0.0,0.0,0.0,0.0,0.0,0.0,0.0,0.0,0.0,0.0,0.0,0.0,0.0
99999E30601306,1,False,IL,IL.01,False,0.39665693,0.60334307,0.0,0.0,0.0,0.0,0.0,0.0,0.0,0.0,0.0,0.0,0.0,0.0,0.0,0.0,0.0
99999E30601308,4,False,74,74.90,False,0.0,0.0,0.06668971,0.010864384,0.0,0.0,0.08844766,0.2560209,0.001800189,0.012304535,0.0,0.0,0.010431365,0.4247619,0.07720378,0.02501776,0.026457911
99999E30601310,7,False,01,01.4,False,0.0009605322,0.0009947208,0.51105255,0.014435118,0.0010934874,0.019389728,0.015282774,0.0067633414,0.023941131,0.0115291,0.0024577687,0.22349797,0.0026737528,0.011903546,0.0052530803,0.13935696,0.009414302
99999E30601311,3,False,52,52.10,False,0.00424927,0.022245992,0.031800233,0.006460322,0.019664355,0.038288582,0.073204525,0.0677641,0.097073,0.08592743,0.009434343,0.0034022182,0.0346746,0.033178248,0.3127534,0.046178304,0.11370105
99999E30601313,7,False,01,01.4,False,0.0,0.07542544,0.0,0.0,0.0,0.0,0.0,0.0,0.006806953,0.0,0.0,0.0,0.0,0.007075328,0.90788656,0.0028057336,0.0
99999E30601314,4,False,55,55.10,False,0.0,0.0,0.02242433,0.0,0.0,0.0193144,0.0,0.0,0.010762673,0.032634832,0.0,0.0,0.00085106574,0.0,0.09517106,0.59809846,0.22074318
99999E30601317,7,False,64,64.19,False,0.0,0.014939258,0.0,0.0,0.0,0.011699684,0.0,0.0,0.0,0.0,0.0,0.005920982,0.0,0.0,0.9674401,0.0,0.0
99999E30601319,4,False,DO,DO.01,False,0.0,0.0072161965,0.0036989616,0.061484706,0.019889146,0.15365477,0.15746441,0.06808964,0.06229917,0.0062546986,0.10778698,0.306804,0.038104758,0.003875732,0.002902669,0.0,0.00047414115
99999E30601320,4,False,84,84.11,False,0.0,0.016115041,0.0063126767,0.0030862824,0.018053757,0.0021308938,0.0020267619,0.010501657,0.02514954,0.016824918,0.0,0.0,0.008568867,0.008042705,0.79819065,0.062161647,0.022834511
99999E30601325,4,False,70,70.2,False,0.0,0.011056288,0.0,0.0,0.0300985,0.09105287,0.013874194,0.0,0.014308575,0.0,0.0,0.0,0.0,0.002966412,0.777096,0.047098745,0.012448534
99999E30601329,5,False,16,16.23,True,0.001870182,0.039332706,0.0032676351,0.005125377,0.0,0.106468506,0.019954138,0.5628327,0.16589883,0.0,0.008243729,0.0,0.01894316,0.0025228797,0.016888862,0.012499948,0.036151323
99999E30601338,6,False,47,47.11,False,0.0,0.0,0.0,0.0,0.0,0.0,0.0,0.0,0.0,0.0,0.0,0.0,0.0,0.0,0.32620734,0.0063457293,0.667447
99999E30601339,5,False,94,94.99,False,0.0,0.0,0.0,0.0,0.0032741525,0.0070733703,0.0068581714,0.1726559,0.27028292,0.012390981,0.0,0.0,0.0033752865,0.22852938,0.23667412,0.017845286,0.04104051
99999E30601342,6,False,56,56.30,False,0.0,0.0,0.0,0.0,0.0,0.0,0.0,0.0,0.0,0.0,0.0,0.0,0.0,0.0,0.75576615,0.0,0.24423385
99999E30601343,7,False,84,84.11,False,0.0,0.0,0.057251725,0.032493327,0.0032618502,0.06725817,0.0048301886,0.0068624024,0.0,0.0,0.0,0.0,0.0055186376,0.003350207,0.06465163,0.39997423,0.35454765
99999E30601344,5,False,84,84.11,False,0.0,0.003461549,0.0,0.0,0.0,0.014531381,0.015191423,0.47442707,0.120837815,0.009477353,0.0,0.0,0.0,0.0,0.22183248,0.02236806,0.117872864
99999E30601345,7,False,84,84.11,False,0.0,0.06782987,0.007341094,0.009596896,0.033451024,0.0,0.0,0.0,0.0,0.0,0.0,0.0,0.0,0.0,0.26408106,0.51251674,0.10518339
99999E30601346,7,False,84,84.11,False,0.0,0.3992733,0.0,0.0926524,0.0,0.0,0.0,0.0,0.0,0.0,0.0,0.0,0.0,0.0,0.5080743,0.0,0.0
99999E30601347,4,False,43,43.22,False,0.0,0.0,0.07016667,0.03753249,0.030913563,0.017451547,0.047323044,0.20148495,0.1272106,0.15671556,0.006049425,0.0,0.08838159,0.17221022,0.008957512,0.007603434,0.02799942
99999E30601348,6,False,64,64.19,False,0.0,0.0,0.0,0.0,0.0,0.0,0.0,0.0,0.0,0.0,0.0,0.0,0.0,0.0,0.32699603,0.0,0.67300403
99999E30601349,4,False,94,94.91,False,0.0,0.0,0.044570483,0.23512317,0.009843536,0.010410239,0.010604605,0.030085605,0.047491815,0.4696609,0.030591423,0.0010912544,0.058629166,0.008946648,0.025731124,0.0071938485,0.010026193
99999E30601350,7,False,94,94.91,True,0.04747578,0.4903715,0.018205564,0.06783432,0.06099471,0.0077299075,0.0,0.0,0.018480405,0.023007128,0.0,0.00307049,0.0,0.0,0.16171338,0.09187465,0.009242092
99999E30601351,1,False,IL,IL.01,False,0.34206003,0.6525512,0.0,0.005388791,0.0,0.0,0.0,0.0,0.0,0.0,0.0,0.0,0.0,0.0,0.0,0.0,0.0
99999E30601352,6,False,56,56.30,False,0.0,0.0,0.0,0.0,0.0,0.0,0.0,0.0,0.0,0.0,0.0,0.0,0.0,0.0,0.94697255,0.006890669,0.046136804
99999E30601355,6,False,84,84.24,False,0.0,0.035481125,0.0,0.0,0.006234096,0.0,0.0,0.0027001745,0.012108909,0.0,0.0,0.0,0.0033280253,0.0031597707,0.66699713,0.1737887,0.096202016
99999E30601356,6,False,84,84.11,False,0.0,0.021672051,0.0,0.0,0.0,0.0,0.0,0.0,0.005264818,0.0,0.0,0.0,0.0,0.0,0.3597263,0.045843564,0.56749326
99999E30601357,1,False,84,84.11,False,0.011895722,0.9773475,0.0,0.01075677,0.0,0.0,0.0,0.0,0.0,0.0,0.0,0.0,0.0,0.0,0.0,0.0,0.0
99999E30601359,4,False,43,43.22,False,0.0,0.021043928,0.031623572,0.045638602,0.01041309,0.09311964,0.05778396,0.19370238,0.053403053,0.05666411,0.0060166246,0.055813853,0.056997214,0.108526066,0.09147032,0.052079704,0.06570395
99999E30601360,6,False,84,84.11,False,0.0,0.026479386,0.0,0.0,0.0,0.0,0.0,0.0,0.0014966249,0.0,0.0,0.0,0.0,0.0,0.83350414,0.008877558,0.1296422
99999E30601363,7,False,90,90.01,False,0.010774452,0.0,0.0,0.026165074,0.33376452,0.0,0.008902619,0.0040226644,0.0,0.0,0.0,0.0,0.0,0.0,0.60890865,0.0074619665,0.0
99999E30601366,4,False,16,16.23,False,0.0,0.015571429,0.024183404,0.17624328,0.0,0.0,0.006864913,0.0,0.21920037,0.008361218,0.0,0.0,0.002873398,0.0,0.54450685,0.0021951278,0.0
99999E30601367,5,False,46,46.73,False,0.0,0.0014940158,0.0,0.0,0.0,0.002934927,0.0934659,0.8833832,0.0,0.0,0.0,0.0,0.0,0.0,0.01272604,0.0005600788,0.00543581
99999E30601368,1,False,46,46.73,False,0.31505197,0.6790803,0.0,0.0,0.0,0.0,0.0,0.0,0.0,0.0,0.0,0.0,0.0,0.0,0.005867698,0.0,0.0
99999E30601369,7,False,51,51.10,False,0.0,0.009583164,0.056998804,0.00230173,0.0048911767,0.04117884,0.009428241,0.054134924,0.06029648,0.032020606,0.0075957095,0.025562486,0.0065068146,0.004426404,0.5365156,0.022450723,0.12610826
99999E30601372,3,False,01,01.1,False,0.0,0.0,0.0,0.0,0.0,0.0,0.0,0.8329268,0.0,0.0,0.0,0.0,0.0,0.16707316,0.0,0.0,0.0
99999E30601374,4,False,56,56.10,False,0.0,0.0,0.0,0.00302426,0.0044459384,0.0,0.0,0.020091016,0.11090576,0.0072790785,0.0,0.0,0.0097025335,0.02869431,0.13784303,0.4222691,0.255745
99999E30601381,7,False,47,47.73,True,0.041597478,0.52910155,0.0012555092,0.004854658,0.003884477,0.037713688,0.0012892577,0.0013710721,0.0003906635,0.00090200314,0.00726,0.009966009,0.00045304693,0.000133971,0.21354738,0.1367479,0.009531372
99999E30601382,6,False,71,71.12,False,0.0,0.0036333203,0.0,0.0,0.0060113263,0.006626342,0.0,0.012240643,0.0038372194,0.0,0.0,0.0,0.0,0.0,0.2651308,0.08532229,0.61719805
99999E30601383,4,False,96,96.02,False,0.0,0.0,0.0,0.0,0.0,0.014315212,0.050682846,0.519928,0.19402894,0.11152823,0.0,0.0003589113,0.098416515,0.00048567567,0.0098708235,5.0400304e-05,0.00033447478
99999E30601384,6,False,84,84.12,False,0.0,0.0,0.0,0.0,0.0,0.0,0.0,0.47825557,0.009962205,0.009851264,0.0,0.0,0.0,0.0,0.29583552,0.011001903,0.19509356
99999E30601385,6,False,91,91.04,False,0.0,0.0,0.0,0.0,0.0,0.0,0.0,0.0036711758,0.0076811034,0.007204243,0.0,0.0,0.0,0.0,0.49050593,0.20257062,0.2883669
99999E30601386,3,False,43,43.12,False,0.0,0.0,0.0,0.0,0.5125743,0.0,0.0,0.0,0.48742574,0.0,0.0,0.0,0.0,0.0,0.0,0.0,0.0
99999E30601391,5,False,16,16.23,False,0.0,0.012672349,0.0027671244,0.0,0.025388516,0.11196439,0.07098484,0.4065836,0.1461954,0.05257236,0.019569451,0.0012247977,0.09470017,0.009698741,0.01666217,0.008049871,0.020966217
99999E30601393,3,False,49,49.4,False,0.0,0.0,0.021612843,0.0,0.0,0.028576583,0.0,0.13483675,0.048890494,0.0,0.0,0.0,0.043586504,0.26032835,0.39339706,0.06877143,0.0
99999E30601394,3,False,01,01.1,False,0.0,0.0,0.0,0.16548152,0.6576864,0.0,0.0071728453,0.01561088,0.023857847,0.0,0.0,0.0,0.037568357,0.0021895512,0.0,0.07607141,0.014361182
99999E30601402,4,False,94,94.91,False,0.0,0.044168375,0.002355445,0.0,0.0,0.034736507,0.09864119,0.09857562,0.05812956,0.0065871757,0.0,0.0,0.03578057,0.07126356,0.5320935,0.009174635,0.008493724
99999E30601403,4,False,DO,DO.01,False,0.0,0.0015858044,0.1329177,0.06279625,0.0419266,0.020643106,0.012385419,0.12301089,0.07525927,0.042167414,0.0,0.0024027883,0.0050753774,0.06802013,0.024010489,0.29152626,0.09627251
99999E30601404,7,False,82,82.99,False,0.0,0.0,0.015199473,0.09080704,0.16660833,0.026219832,0.047484875,0.07217914,0.032234628,0.03525062,0.004173645,0.0,0.003484677,0.032185417,0.250157,0.11071837,0.11329692
99999E30601405,6,False,84,84.11,False,0.0,0.0,0.0,0.0,0.0,0.0,0.0,0.0108724255,0.069224186,0.018739041,0.0,0.0,0.0,0.0,0.5573226,0.09578406,0.24805763
99999E30601406,6,False,55,55.10,False,0.0,0.0,0.0,0.0,0.0,0.0,0.0,0.007483535,0.0026253727,0.0,0.0,0.0,0.0,0.0,0.037605476,0.41167128,0.5406143
99999E30601408,5,False,16,16.10,False,0.00499236,0.016953498,0.0,0.0,0.0,0.019857222,0.11694392,0.6720999,0.10959353,0.00029515772,0.0,0.0,0.058475364,0.0,0.0007890951,0.0,0.0
99999E30601409,6,False,47,47.11,True,0.0,0.3531236,0.0,0.0,0.0,0.0057784985,0.0,0.0,0.0,0.0,0.0,0.0,0.0,0.0,0.41843802,0.044870928,0.17778896
99999E30601411,4,False,96,96.0,False,0.0,0.011995768,0.042207014,0.07655834,0.043439865,0.014324961,0.022867467,0.019601906,0.095106564,0.03722229,0.005624616,0.0,0.016980497,0.0,0.4925176,0.10899427,0.012558869
99999E30601419,7,False,43,43.12,False,0.05840773,0.12389672,0.002301409,0.005323588,0.009496471,0.0,0.0,0.0,0.001353026,0.0017829594,0.0013403809,0.0,0.0076755765,0.006107584,0.7429124,0.013188841,0.0262133
99999E30601421,6,False,47,47.11,False,0.0,0.0,0.0,0.0,0.0,0.0,0.0,0.0,0.0,0.0,0.0,0.0,0.0,0.0,0.18673557,0.0,0.8132644
99999E30601422,4,False,84,84.11,False,0.0,0.17297995,0.0,0.0,0.0,0.0009229608,0.002568367,0.25866786,0.20368534,0.17285019,0.0004659035,0.0,0.0027217022,0.0,0.16964786,0.014543267,0.00094655086
99999E30601425,6,False,91,91.04,False,0.0,0.003918781,0.0,0.0,0.0,0.0024583754,0.0018949192,0.07710753,0.016353404,0.22391169,0.0007943601,0.0,0.0,0.0036050521,0.6347339,0.020207558,0.015014412
99999E30601426,7,False,91,91.04,False,0.0,0.0,0.0,0.0,0.0,0.006352678,0.0,0.0,0.0,0.0,0.0,0.0,0.0,0.0,0.9903408,0.0033065167,0.0
99999E30601427,7,False,64,64.19,False,0.0,0.0,0.0,0.0,0.0,0.0032024959,0.0,0.008026673,0.21441907,0.0,0.0,0.0,0.0,0.0024004525,0.7719513,0.0,0.0
99999E30601428,4,False,96,96.02,False,0.0,0.0,0.040590875,0.023043733,0.0047723125,0.02549438,0.081174664,0.13763875,0.15662879,0.45909587,0.0,0.00048899546,0.0006718372,0.040118888,0.02644119,0.0027596354,0.0010800422
99999E30601430,4,False,DO,DO.01,False,0.0,0.0,0.030465258,0.0335778,0.0058824765,0.02585605,0.019757187,0.02455373,0.040463064,0.0,0.016537454,0.0030544403,0.032286502,0.0468284,0.4116261,0.13827927,0.17083225
99999E30601432,5,False,43,43.32,False,0.0,0.0,0.0,0.0,0.0,0.098009616,0.16520593,0.3645216,0.1254284,0.006289129,0.077480964,0.0029578828,0.13543142,0.008853905,0.008187889,0.0,0.0076333582
99999E30601437,6,False,47,47.11,True,0.0,0.2054419,0.0,0.0,0.0,0.0,0.0,0.0,0.0034435338,0.0,0.0,0.0,0.0,0.0,0.31739703,0.3667528,0.10696471
99999E30601439,1,False,IL,IL.01,False,0.3714285,0.62788844,0.0,0.0,0.0006830569,0.0,0.0,0.0,0.0,0.0,0.0,0.0,0.0,0.0,0.0,0.0,0.0
99999E30601441,4,False,94,94.99,False,0.0,0.011745596,0.011780065,0.045905195,0.04457811,0.0168816,0.015675155,0.2578774,0.039679084,0.018699883,0.0,0.0,0.007169725,0.027972268,0.33469346,0.14939225,0.017950166
99999E30601444,7,False,94,94.91,False,0.0,0.33015987,0.0,0.010252208,0.020823682,0.03634898,0.026984775,0.009610192,0.031099442,0.023321966,0.00028437164,0.0,0.0154014295,0.0,0.48169944,0.010127469,0.003886122
99999E30601447,4,False,84,84.11,False,0.0,0.05536531,0.016454889,0.015890235,0.0,0.0026452125,0.0014651242,0.007946471,0.09452692,0.17596792,0.0,0.0,0.00205483,0.0,0.6118302,0.006785339,0.009067656
99999E30601449,3,False,84,84.11,False,0.0,0.0,0.0,0.92541933,0.0,0.0,0.0,0.0,0.040767215,0.0,0.033813436,0.0,0.0,0.0,0.0,0.0,0.0
99999E30601452,4,False,94,94.91,False,0.0,0.0061880494,0.009449873,0.025975812,0.020822633,0.015345948,0.0037347712,0.01797156,0.039195444,0.0052827555,0.0,0.0,0.0,0.0,0.7151994,0.12967478,0.011158962
99999E30601454,5,False,84,84.11,False,0.0,0.0,0.0,0.0,0.0,0.043881334,0.07292954,0.38535228,0.051606923,0.0,0.0052533993,0.0,0.046044502,0.07571075,0.31149566,0.0,0.007725587
99999E30601455,4,False,01,01.1,False,0.0055882162,0.035042036,0.00085424265,0.014407233,0.0036680307,0.016810391,0.040804714,0.11943227,0.06367778,0.019028442,0.0014904035,0.0011372173,0.03707392,0.013099806,0.53689843,0.032989938,0.057997014
99999E30601456,7,False,84,84.11,False,0.1965621,0.7784411,0.0,0.0,0.0,0.0,0.006461633,0.0070814285,0.0034157103,0.0,0.0,0.0,0.0043876083,0.0,0.003650445,0.0,0.0
99999E30601458,2,False,36,36.00,False,0.0,0.0,0.0,0.0,0.0,0.0,0.0,0.0,0.0,0.0,0.0,0.0,0.0,0.0,1.0,0.0,0.0
99999E30601474,2,False,84,84.11,False,0.0,0.0,0.0,0.0,0.0,0.0,0.0,0.0,0.0,0.0,0.0,0.0,0.0,0.0,1.0,0.0,0.0
99999E30601478,2,False,61,61.10,False,0.0,0.00061756145,0.0,0.0,0.0,0.0,0.0,8.433087e-06,0.0,0.0,0.0,0.0,0.0,0.0,0.99937403,0.0,0.0
99999E30601480,2,False,61,61.10,False,0.0,0.0,0.0,0.0,0.0,0.0,0.0,0.0,0.0,0.0,0.0,0.0,0.0,0.0,1.0,0.0,0.0
99999E30601482,2,False,61,61.20,False,0.0,0.0,0.0,0.0,0.0,0.0,0.0,0.0,0.0,0.0,0.0,0.0,0.0,0.0,1.0,0.0,0.0
99999E30601494,6,False,55,55.10,False,0.0,0.0,0.0049670106,0.0,2.9715386e-05,0.0,0.0,0.0033184346,0.0024709585,0.0,0.0,0.0,0.0,0.0,0.026194623,0.5159587,0.4470605
99999E30601498,7,False,49,49.31,False,0.0,0.3203792,0.0035280488,0.0,0.0,0.0,0.0,0.0,0.0062541654,0.004110617,0.0,0.0027579963,0.006697449,0.0,0.65150493,0.0,0.004767572
99999E30601502,4,False,36,36.00,False,0.0,0.034646433,0.011880966,0.011964693,0.007599101,0.016291369,0.026083881,0.022285508,0.0,0.007925754,0.003996486,0.0,0.017040195,0.012141581,0.8071038,0.021040216,0.0
99999E30604264,6,False,94,94.91,False,0.0,0.0,0.003767807,0.0,0.0036340817,0.0031611298,0.0030316766,0.033450127,0.016954063,0.0022019818,0.0,0.0,0.0,0.0,0.8400889,0.06414671,0.02956355
99999E30604268,1,False,IL,IL.01,False,0.2704051,0.7295949,0.0,0.0,0.0,0.0,0.0,0.0,0.0,0.0,0.0,0.0,0.0,0.0,0.0,0.0,0.0
99999E30617066,6,False,IL,IL.01,False,0.0,0.0,0.0,0.0,0.0,0.0,0.0,0.25875843,0.012583892,0.0,0.0,0.0,0.0,0.033938196,0.020074187,0.0019580408,0.67268723
99999E30617068,3,False,61,61.10,False,0.0,0.0,0.0,0.0,0.0,0.0,0.0,0.0,0.0,0.0,0.0,0.0,0.0,0.0,0.8974359,0.0,0.10256411
99999E30617070,1,False,IL,IL.01,False,0.4160954,0.5591644,0.0,0.0,0.0016983612,0.0,0.0,0.0,0.0,0.0,0.0,0.0,0.0,0.0,0.023041833,0.0,0.0
99999E30617072,2,False,61,61.90,False,0.0,0.0,0.0,0.0,0.0012420497,0.0,0.0,0.0,0.0,0.0,0.0,0.0,0.0,0.0,0.99875796,0.0,0.0
99999E30617074,6,False,55,55.10,False,0.0,0.0,0.0,0.0,0.0,0.0,0.0,0.0,0.0,0.0,0.0,0.0,0.0,0.0,0.12861484,0.4316266,0.43975857
99999E30617076,2,False,61,61.10,False,0.0,0.0,0.0,0.0,0.0,0.0,0.0,0.0,0.0,0.0,0.0,0.0,0.0,0.0,1.0,0.0,0.0
99999E30617084,1,False,IL,IL.01,False,0.32699758,0.6730024,0.0,0.0,0.0,0.0,0.0,0.0,0.0,0.0,0.0,0.0,0.0,0.0,0.0,0.0,0.0
99999E30617089,7,False,35,35.13,False,0.0,0.0066744983,0.0,0.0,0.0,0.0,0.0,0.0,0.0,0.0,0.0,0.0,0.0,0.0,0.99332553,0.0,0.0
99999E30629011,7,False,36,36.00,False,0.0016978543,0.0012893479,0.1254795,0.0682631,0.019884896,0.01782534,0.021123176,0.012327528,0.008902033,0.047339916,0.00078722567,0.0003914852,0.028118847,0.06335677,0.57216203,0.0053659,0.0056850463
99999E30639921,1,False,84,84.11,False,0.3438383,0.6561617,0.0,0.0,0.0,0.0,0.0,0.0,0.0,0.0,0.0,0.0,0.0,0.0,0.0,0.0,0.0
99999E30639923,5,False,94,94.91,False,0.0,0.0,0.0,0.0,0.0,0.0017258846,0.09713727,0.20339172,0.072337076,0.005440288,0.0,0.0,0.040370688,0.0,0.5795971,0.0,0.0
99999E30639924,1,False,IL,IL.01,False,0.34596092,0.6540391,0.0,0.0,0.0,0.0,0.0,0.0,0.0,0.0,0.0,0.0,0.0,0.0,0.0,0.0,0.0
99999E30639925,1,False,IL,IL.01,False,0.41327626,0.58523655,0.0,0.0,0.0014871826,0.0,0.0,0.0,0.0,0.0,0.0,0.0,0.0,0.0,0.0,0.0,0.0
99999E30639926,2,False,84,84.11,False,0.0,0.0009768091,0.0,0.0,0.0,0.0,0.00030885302,0.0,0.0,0.0,0.0,0.0,0.0,0.0,0.9971787,0.0015356861,0.0
99999E30639927,7,False,84,84.11,False,0.0,0.014663726,0.0,0.0,0.0,0.0038012008,0.005841389,0.006912096,0.006386886,0.0,0.0,0.0014796284,0.003922913,0.0041245623,0.9034777,0.002931942,0.046457965
99999E30639928,4,False,49,49.4,False,0.0,0.046945304,0.021470096,0.06196843,0.052311838,0.013990191,0.01920238,0.12327991,0.06993117,0.036600083,0.00632032,0.0,0.00986635,0.063872054,0.40623403,0.045864876,0.022142893
99999E30639929,1,False,IL,IL.01,False,0.3383397,0.6616603,0.0,0.0,0.0,0.0,0.0,0.0,0.0,0.0,0.0,0.0,0.0,0.0,0.0,0.0,0.0
99999E30639931,6,False,47,47.11,False,0.0,0.0,0.0,0.0,0.0,0.0,0.0,0.0,0.0,0.0,0.0,0.0,0.0,0.0,0.15031092,0.0,0.8496891
99999E30639932,1,False,84,84.11,True,0.07881339,0.79945385,0.0,0.0,0.0014962446,0.0,0.0,0.0,0.0,0.0,0.0,0.0,0.0,0.0,0.114307836,0.005928697,0.0
99999E30639934,7,False,94,94.91,False,0.0,0.47200152,0.0018837788,0.009435917,0.0,0.1341455,0.041416187,0.026808387,0.011699856,0.0043179393,0.0,0.0,0.0059988713,0.0058896467,0.28046745,0.0035349221,0.0024001158
99999E30639935,4,False,84,84.11,False,0.0,0.012544515,0.023962468,0.07833032,0.011694619,0.106204055,0.08407443,0.1064571,0.03592878,0.0,0.0,0.0,0.0,0.0,0.51351625,0.020455947,0.0068314984
99999E30639936,1,False,IL,IL.01,False,0.74076575,0.25923428,0.0,0.0,0.0,0.0,0.0,0.0,0.0,0.0,0.0,0.0,0.0,0.0,0.0,0.0,0.0
99999E30639937,2,False,84,84.11,False,0.0,0.0,0.0,0.0,0.0,0.0,0.0,0.0,0.0,0.0,0.0,0.0,0.0,0.0,0.9941039,0.003925346,0.0019707666
99999E30639938,2,False,61,61.90,False,0.0,0.0,0.0,0.0,0.0,0.0,0.0,0.0,0.0,0.0,0.0,0.0,0.0,0.0,0.9973168,0.0026832519,0.0
99999E30639939,2,False,61,61.10,False,0.0,0.0,0.0,0.0,0.0,0.0,0.0,0.0,0.0,0.0,0.0,0.0,0.0,0.0,1.0,0.0,0.0
99999E30639940,1,False,IL,IL.01,False,0.3911395,0.6080057,0.0,0.0,0.00084751647,0.0,0.0,0.0,0.0,0.0,0.0,0.0,0.0,0.0,7.2792827e-06,0.0,0.0
99999E30639942,4,False,DO,DO.01,False,0.0013211196,0.05009527,0.000161395,0.004409852,0.017578525,0.0,0.0005131781,0.00027156886,0.025240922,0.00017637477,0.0,0.0,0.009989095,0.00025658906,0.4007892,0.38777563,0.1014213
99999E30639943,4,False,01,01.4,False,0.0,0.003177378,0.00892281,0.021654543,0.006963227,0.104770586,0.11631273,0.16207364,0.017890913,0.026757319,0.04840588,0.002650094,0.011348146,0.022874048,0.21439697,0.12054125,0.11126037
99999E30639944,4,False,43,43.22,False,0.0,0.0,0.01502533,0.00225776,0.010728101,0.036366135,0.0,0.010897126,0.007637349,0.0,0.003421411,0.0,0.0,0.028880376,0.112073,0.52405477,0.24865866
99999E30639945,6,False,56,56.10,False,0.0,0.0,0.0,0.0,0.0,0.0,0.0,0.0,0.0,0.0,0.0,0.0,0.0,0.110069156,0.044940226,0.54056215,0.30442852
99999E30639947,3,False,96,96.0,False,0.0,0.0,0.0,0.0,0.0,0.0,0.23145454,0.06597865,0.16812208,0.2326012,0.0,0.0,0.12419512,0.1776484,0.0,0.0,0.0
99999E30639948,4,False,43,43.12,False,0.0,0.10144719,0.0075561497,0.0021477202,0.037647422,0.025932057,0.05674503,0.02452633,0.07495573,0.01230664,0.017306393,0.0075184703,0.10602087,0.09351714,0.37916392,0.021874286,0.03133469
99999E30639950,7,False,94,94.91,False,0.0,0.0,0.008616326,0.020938275,0.016407171,0.1740257,0.087540075,0.03508592,0.029313587,0.016657226,0.0012291821,0.0,0.0450188,0.0,0.5448049,0.0038622834,0.016500566
99999E30639951,6,False,84,84.11,False,0.0,0.0,0.0,0.0,0.0,0.0,0.0,0.0030962103,0.0026019244,0.0,0.0,0.0,0.0,0.0,0.79114324,0.10895804,0.09420051
99999E30639953,3,False,52,52.10,False,0.0,0.0,0.0,0.0,0.0,0.0,0.0,0.0,1.0,0.0,0.0,0.0,0.0,0.0,0.0,0.0,0.0
99999E30639954,7,False,84,84.11,False,0.0,0.020568293,0.0,0.0,0.0,0.0033212085,0.0,0.0,0.0036582137,0.0022662363,0.0,0.0,0.0,0.0014237238,0.89956516,0.024719805,0.044477332
99999E30639955,1,False,IL,IL.01,False,0.3194796,0.6805204,0.0,0.0,0.0,0.0,0.0,0.0,0.0,0.0,0.0,0.0,0.0,0.0,0.0,0.0,0.0
99999E30639960,4,False,01,01.4,False,0.0,4.8291953e-05,0.0065454165,0.0,0.0,0.004617453,0.032883104,0.162625,0.27714005,0.4740895,0.0036664733,0.0,0.037990905,0.0,0.0003937652,0.0,0.0
99999E30656656,4,False,DO,DO.01,False,0.0,0.0,0.0036821372,0.0053947587,0.0,0.009761945,0.049580403,0.00625107,0.01327282,0.022092823,0.0,0.0,0.0,0.006936119,0.8802877,0.0027401953,0.0
99999E30656670,2,False,61,61.10,False,0.0,0.0,0.0,0.0,0.0,0.0,0.0,0.0,0.0,0.0,0.0,0.0,0.0,0.0,1.0,0.0,0.0
99999E30663063,4,False,DO,DO.01,False,0.0,0.0,0.026161786,0.012420824,0.0,0.031382628,0.04894112,0.08307919,0.1071424,0.04295677,0.020987865,0.048892066,0.049843248,0.01035424,0.28573012,0.09953508,0.13257268
99999E30663115,3,False,52,52.10,False,0.0,0.0,0.10498498,0.08629131,0.0,0.0,0.0,0.0,0.10231446,0.46149996,0.0,0.0,0.0,0.0,0.24490935,0.0,0.0
99999E30663144,6,False,87,87.30,True,0.0,0.0,0.0,0.0,0.0,0.0,0.0,0.0,0.0,0.0,0.0,0.0,0.0,0.0,0.0,0.0,1.0
99999E30663278,7,False,53,53.10,False,0.0,0.0,0.017384062,0.0,0.0,0.005080708,0.0,0.06051865,0.0,0.0,0.0,0.0,0.0,0.0071250456,0.43525043,0.04646127,0.42817986
99999E30663298,2,False,61,61.10,False,0.0,0.0,0.0,0.0,0.0,0.0,0.0,0.0,0.0,0.0,0.0,0.0,0.0,0.0,0.9961337,0.0,0.003866329
99999E30663356,3,False,DO,DO.01,False,0.0,0.0,0.11965774,0.0,0.0,0.1163489,0.26120925,0.06047752,0.0,0.0,0.0,0.0,0.0,0.25739023,0.18491632,0.0,0.0
99999E30663378,2,False,61,61.10,False,0.0,0.0,0.0,0.0,0.0,0.0,0.0,0.003088986,0.0,0.0,0.0,0.0,0.0,0.0,0.9903304,0.0,0.006580562
99999E30663388,4,False,DO,DO.01,False,0.0020398512,0.025582796,0.11575819,0.06035164,0.023290314,0.012489048,0.01357213,0.0,0.0035798175,0.0,0.0014969658,0.004547336,0.0,0.10091215,0.5031632,0.12339083,0.009825686
99999E30685539,5,False,52,52.10,False,0.0,0.11843633,0.0,0.0,0.0,0.034511607,0.02616912,0.44944623,0.08911153,0.0022833236,0.0,0.0,0.004903407,0.0,0.067594625,0.0023291307,0.2052147
99999E30685902,3,False,DO,DO.01,False,0.0,0.09481495,0.15786219,0.17599192,0.08521303,0.09787456,0.027666567,0.016860332,0.0,0.0,0.0,0.0,0.050906483,0.05438922,0.02672265,0.16245158,0.04924649
99999E30685903,3,False,DO,DO.01,False,0.0,0.01965635,0.012895066,0.14707604,0.16009101,0.060792435,0.025078852,0.0044894544,0.02765622,0.0077025434,0.0,0.0046340106,0.0,0.027557662,0.09029996,0.3598824,0.052188057
99999E30691548,4,False,DO,DO.01,False,0.0,0.0,0.01438632,0.016397767,0.02042066,0.011739758,0.017005596,0.027637316,0.041414287,0.017972667,0.0007882083,0.0008927976,0.10574271,0.05123203,0.5437334,0.12510383,0.0055326167
99999E30694263,4,False,DO,DO.01,True,0.03132872,0.26628044,0.11565565,0.029345872,0.0,0.068492785,0.020559676,0.08056942,0.109370135,0.030987835,0.0032618088,0.0,0.021709831,0.004180372,0.101023704,0.048375476,0.06885839
99999E30695668,4,False,DO,DO.01,False,0.0,0.0,0.0008835224,0.0033899033,0.0,0.13948609,0.15262543,0.10289354,0.35270333,0.0,0.015087372,0.0,0.01810914,0.0008712512,0.18356098,0.025760198,0.0046292893
99999E30695836,7,False,DO,DO.01,False,0.0,0.002305345,0.004292339,0.002486766,0.004635743,0.024017572,0.0,0.0060469406,0.0,0.0,0.0,0.002159344,0.0039774436,0.008793312,0.29445004,0.4159491,0.2308861
99999E30696766,4,False,DO,DO.01,False,0.00493181,0.008208761,0.13603365,0.08437104,0.2297142,0.07921878,0.02056584,0.035379145,0.06708066,0.043065082,0.0027690227,0.0,0.013247817,0.058274597,0.06732345,0.08750202,0.062314183
99999E30708610,3,False,94,94.91,False,0.0010644171,0.022514576,0.0,0.0,0.0,0.02702981,0.0014105323,0.0006207601,0.0,0.0,0.0,0.0,0.0,0.009999585,0.22298323,0.69721603,0.017161027
99999E30711352,3,False,DO,DO.01,False,0.0,0.0053829933,0.11663702,0.013827811,0.006437768,0.03996244,0.059851073,0.2636509,0.18467501,0.07388719,0.0,0.007962069,0.022963688,0.016277933,0.013702164,0.14434886,0.030433087
99999E30711374,3,False,DO,DO.01,True,0.0,0.0032386219,0.0009931774,0.0,0.10022454,0.0031090768,0.005872701,0.020424908,0.0012306762,0.0,0.0,0.0,0.0028931687,0.025023751,0.7675102,0.069479235,0.0
99999E30711382,2,False,62,62.02,False,0.0,0.0,0.0,0.0,0.0,0.0,0.0,0.0,0.0,0.0,0.0,0.0,0.0,0.0,1.0,0.0,0.0
99999E30713153,2,False,64,64.19,False,0.0,0.0,0.0,0.0,0.0,0.0,0.0,0.0,0.0,0.0,0.0,0.0,0.0,0.0,1.0,0.0,0.0
99999E30715817,7,False,36,36.00,False,0.0,0.014909653,0.0,0.0,0.0036559494,0.0,0.0,0.0,0.0,0.0,0.0,0.0,0.0,0.0041825264,0.9772519,0.0,0.0
99999E30715855,4,False,01,01.41,True,0.0,0.01078184,0.64288396,0.014887133,0.0,0.0,0.0,0.0,0.0,0.08607032,0.0,0.2385395,0.0,0.0,0.006837274,0.0,0.0
99999E30730075,6,False,55,55.20,False,0.0,0.0028840532,0.0017368003,0.0,0.0,0.011057633,0.002698178,0.016025402,0.08215046,0.028862184,0.0,0.0,0.0,0.0,0.1640578,0.31117174,0.37935576
99999E30730494,7,False,96,96.0,False,0.004328173,0.20610066,0.0,0.0,0.019635532,0.0,0.0015429908,0.012750562,0.005339193,0.017438022,0.0031082626,0.011316193,0.0011419245,0.01020212,0.67636746,0.012800694,0.017928215
99999E30734226,3,False,DO,DO.01,False,0.0,0.0,1.0,0.0,0.0,0.0,0.0,0.0,0.0,0.0,0.0,0.0,0.0,0.0,0.0,0.0,0.0
99999E30734227,4,False,DO,DO.01,False,0.0,0.0,0.08512733,0.033954073,0.022218002,0.04635004,0.013070039,0.04991024,0.046380192,0.038273506,0.0029286966,0.0,0.082541,0.09334222,0.20754719,0.25226527,0.026092185
99999E30734315,4,False,94,94.99,False,0.0,0.0,0.0,0.14485823,0.0,0.0,0.0,0.17161024,0.0,0.14974028,0.0,0.0,0.0012630923,0.35840595,0.17325652,0.0008657149,0.0
99999E30737010,7,False,84,84.11,False,0.0,0.318897,0.0,0.0,0.0,0.0,0.0,0.0,0.0,0.0,0.0,0.0,0.0,0.0,0.681103,0.0,0.0
99999E30737012,7,False,84,84.11,False,0.0,0.4803959,0.0,0.0,0.0036021785,0.0,0.0,0.0,0.0,0.0,0.0,0.0,0.0,0.0,0.50617164,0.009830287,0.0
99999E30740297,4,False,96,96.0,False,0.0,0.0,0.026973564,0.065430164,0.0035579416,0.0,0.0,0.004472474,0.0,0.0,0.0,0.0,0.0393737,0.2252601,0.56999767,0.05258304,0.012351324
99999E30740981,4,False,DO,DO.01,False,0.0,0.0,0.037626725,0.13744152,0.07981892,0.028402496,0.008752315,0.0046285754,0.022097537,0.0068399752,0.006625969,0.0041566635,0.023271829,0.028388778,0.3459085,0.23873791,0.027302284
99999E30742899,4,False,84,84.11,False,0.0,0.0,0.0027090937,0.002795202,0.027183669,0.0,0.0,0.0050008944,0.053810947,0.0,0.0,0.00029144282,0.0,0.0034774428,0.8029051,0.10182614,0.0
99999E30748532,4,False,DO,DO.01,False,0.0,0.004200658,0.024035066,0.019379847,0.0059296237,0.012973334,0.019049067,0.015682455,0.0070518283,0.0,0.0,0.0,0.009509314,0.042530134,0.7791469,0.03660457,0.023907222
99999E30748871,4,False,96,96.09,False,0.009731934,0.0,0.13925306,0.11558336,0.107497,0.10751179,0.025281483,0.07744778,0.04726336,0.038545392,0.08483915,0.027064366,0.0053000706,0.16501829,0.022862758,0.02351972,0.0032805933
99999E30753062,2,False,62,62.02,False,0.0,0.0,0.0,0.0,0.0,0.0,0.0,0.0,0.0,0.0,0.0,0.0,0.0,0.0,1.0,0.0,0.0
99999E30758135,2,False,74,74.90,False,0.0,0.0,0.0,0.0,0.0,0.0,0.0,0.0,0.0,0.0,0.0,0.0,0.0,0.0,1.0,0.0,0.0
99999E30760437,4,False,DO,DO.01,False,0.0,0.008504217,0.056257725,0.01562956,0.015747648,0.06412286,0.034176633,0.02024375,0.035824686,0.033568818,0.008832438,0.010266883,0.01983391,0.030798912,0.5828575,0.026509468,0.036824975
99999E30780137,7,False,84,84.11,False,0.0,0.0049998704,0.0,0.0,0.0,0.0018723294,0.0,0.008218999,0.002980816,0.0,0.0014533374,0.0,0.0,0.0,0.9105676,0.032938503,0.03696862
99999E30795221,4,False,DO,DO.01,False,0.0,0.11932436,0.0,0.0,0.004306255,0.009849635,0.0,0.00768607,0.012979777,0.0,0.0,0.0,0.0,0.0,0.7241846,0.12166935,0.0
99999E30795274,2,False,62,62.02,False,0.0,0.0,0.0,0.0,0.0,0.0,0.0,0.0,0.0,0.0,0.0,0.0,0.0,0.0,1.0,0.0,0.0
99999E30798244,3,False,DO,DO.01,False,0.0,0.0044515696,0.04262926,0.1100815,0.055235803,0.074447565,0.021616567,0.017950568,0.030973949,0.039412156,0.02178223,0.007219773,0.032641284,0.019270543,0.14433667,0.3191396,0.058810957
99999E30798245,3,False,DO,DO.01,False,0.0,0.09052751,0.0,0.17449044,0.16523957,0.0,0.039253213,0.0,0.078707896,0.009620227,0.0,0.0,0.04840334,0.13560657,0.084130816,0.08147812,0.09254222
99999E30800039,4,False,36,36.00,True,0.0,0.23016408,0.007911822,0.02168327,0.017689276,0.008920803,0.0,0.0,0.00391706,0.00052468525,0.00035889389,0.0013286383,0.007935672,0.014011096,0.4804897,0.19802712,0.00703786
99999E30800382,4,False,84,84.11,False,0.0,0.0,0.006672587,0.006620861,0.0,0.0,0.0061151013,0.005761644,0.11347708,0.0054455437,0.0,0.0022012065,0.07516862,0.012983095,0.73096436,0.0114227105,0.023167267
99999E30800864,4,False,56,56.30,False,0.0,0.00088605477,0.0,0.0,0.0,0.00095069595,0.0015316767,0.0,0.0,0.0,0.0,0.00014851667,0.00085609936,0.0,0.57814896,0.29847294,0.119005054
99999E30804297,3,False,DO,DO.01,False,0.0,0.0,0.35829705,0.10776328,0.027231209,0.0049979985,0.0,0.073687114,0.10694443,0.116567396,0.0009917145,0.0019106426,0.02926316,0.17234604,0.0,0.0,0.0
99999E30804807,4,False,70,70.2,False,0.0,0.0,0.0,0.0,0.0,0.0039416356,0.0052783173,0.040018033,0.050295755,0.023916446,0.0,0.0,0.0069325063,0.0,0.25355223,0.018108368,0.5979568
99999E30832020,5,False,70,70.22,False,0.0,0.0,0.0012690981,0.0,0.0,0.08730962,0.0,0.41375127,0.31783116,0.0,0.047413968,0.0,0.00879523,0.024125502,0.058083057,0.0,0.0414211
99999E30832026,5,False,84,84.11,False,0.0,0.0,0.0,0.0,0.0,0.06753389,0.08115394,0.7278836,0.05115079,0.0101654455,0.0024942413,0.0,0.0,0.0,0.05440659,0.0,0.0052115195
99999E30832030,5,False,10,10.85,False,0.0,0.0,0.0,0.0006636114,0.0,0.025968019,0.056654263,0.77010405,0.0,0.0,0.0,0.0,0.0,0.0,0.1451423,0.0,0.0014677731
99999E30832031,5,False,84,84.11,False,0.0,0.0020941184,0.0,0.0,0.0,0.105248146,0.1422192,0.65696293,0.0056044906,0.0,0.0009811952,0.0,0.0028040255,0.000562514,0.07732004,0.004217431,0.001985888
99999E30832032,5,False,84,84.11,False,0.0,0.0,0.0,0.0,0.0,0.047572624,0.08001171,0.7465352,0.011150679,0.0,0.0013499608,0.0,0.0,0.0,0.102822185,0.006212713,0.004344946
99999E30832648,7,False,01,01.4,False,0.0,0.0,0.065081194,0.027076123,0.018596677,0.013706975,0.01048235,0.008885,0.012353239,0.05389569,0.0,0.00505346,0.009308952,0.005277263,0.5345451,0.109765776,0.1259722
99999E30832985,4,False,DO,DO.01,False,0.0,0.0043130447,0.23633012,0.21902987,0.011862934,0.026236773,0.0,0.0287621,0.08768804,0.049272414,0.01147215,0.0,0.050237358,0.057072297,0.034310684,0.14853151,0.03488072
99999E30835269,4,False,DO,DO.01,False,0.0,0.0014926855,0.015439037,0.06074275,0.006850221,0.013084885,0.005791401,0.005079517,0.010633623,0.0,0.0065275626,0.007074202,0.0054233205,0.033383373,0.50300765,0.23978592,0.08568376
99999E30893170,2,False,61,61.20,False,0.0,0.0,0.0,0.0,0.0,0.0,0.0,0.0,0.0,0.0,0.0,0.0,0.0,0.0,1.0,0.0,0.0
99999E30906519,5,False,16,16.11,False,0.002048435,0.0011093774,0.001176124,0.009577009,0.0,0.05673129,0.038395498,0.47609892,0.08833128,0.022070162,0.015913349,0.01494437,0.009174228,0.047935683,0.15540028,0.013848802,0.047245197
99999E30909838,3,False,47,47.78,False,0.0062775835,0.007593409,0.44883355,0.05320869,0.011513473,0.01938101,0.074864976,0.017434686,0.028043529,0.17599165,0.0054551926,0.014501493,0.079031765,0.04133885,0.016530056,0.0,0.0
99999E30913189,4,False,96,96.0,False,0.0,0.0060860454,0.004875561,0.009538167,0.0054808035,0.004729855,0.0,0.15109757,0.055990495,0.009252358,0.0,0.0,0.017053256,0.4177067,0.1332037,0.026540987,0.15844452
99999E30924862,4,False,DO,DO.01,False,0.0,0.0031972437,0.28517026,0.08042028,0.017744001,0.0,0.0,0.0045618066,0.033255078,0.023546318,0.0,0.0,0.010490516,0.037032787,0.24081144,0.25114512,0.012625134
99999E30925891,4,False,IL,IL.01,False,0.0,0.012782849,0.03217813,0.06325407,0.02888506,0.0,0.0054917648,0.008116128,0.049304362,0.010491772,0.0,0.0,0.0032518525,0.025198303,0.61672413,0.13735665,0.0069649047
99999E30928389,4,False,01,01.45,True,0.053441674,0.35981596,0.13135403,0.19061072,0.04138406,0.02014957,0.0,0.0,0.007880023,0.03800808,0.008758225,0.023405831,0.0,0.013250365,0.050478395,0.059644863,0.0018181234
99999E30938383,4,False,DO,DO.01,False,0.0,0.0,0.11941587,0.083226025,0.022686636,0.035806406,0.032745715,0.029074518,0.05150417,0.049423825,0.0037160665,0.0034318892,0.03144448,0.089730844,0.32965305,0.105746776,0.012393688
99999E30939797,7,False,52,52.10,False,0.0,0.0,0.005044571,0.0,0.0,0.0,0.0,0.0,0.0,0.0067721647,0.0,0.0,0.0,0.0,0.98818326,0.0,0.0
99999E31001646,4,False,49,49.3,False,0.0,0.0026045046,0.011239637,0.0050160275,0.020380678,0.035144106,0.023218002,0.35754108,0.11934778,0.06755841,0.01398679,0.0149185,0.07880597,0.012423874,0.05594866,0.034706526,0.14715944
99999E31003248,6,False,55,55.10,False,0.0,0.010127519,0.0027208515,0.0009604994,0.0015393918,0.0,0.0,0.0,0.0,0.0,0.0,0.0,0.0,0.0,0.09596821,0.7661229,0.12256063
99999E31005073,3,False,DO,DO.01,False,0.0,0.02321826,0.11123231,0.0,0.09772256,0.09812866,0.0,0.022401346,0.03227513,0.0,0.04722982,0.0,0.030386312,0.12583286,0.119453385,0.25022548,0.041893918
99999E31005224,1,False,01,01.45,True,0.23221071,0.7644244,0.0,0.0021175994,0.0012473529,0.0,0.0,0.0,0.0,0.0,0.0,0.0,0.0,0.0,0.0,0.0,0.0
99999E31005308,6,False,56,56.10,False,0.0,0.0,0.0,0.0,0.0,0.0,0.0,0.0,0.0,0.0,0.0,0.0,0.0,0.0,0.32215413,0.59171224,0.08613359
99999E31007089,4,False,55,55.20,False,0.0010455903,7.510735e-05,0.0,0.034207128,0.058523733,0.0,0.0,0.039828137,0.012663799,0.0,0.0,0.0,0.099954516,0.28403452,0.026475888,0.4194211,0.023770489
99999E31007663,7,False,10,10.71,False,0.0,0.22171266,0.0,0.0,0.0,0.0042841146,0.0,0.0,0.0,0.0,0.0,0.0,0.0,0.0,0.7322778,0.0,0.04172543
99999E31008172,4,False,DO,DO.01,False,0.0,0.0,0.016057441,0.021714665,0.022431225,0.01887426,0.033100992,0.072434254,0.11344659,0.022081928,0.0,0.0,0.011568276,0.05076114,0.3785308,0.09359858,0.14539975
99999E31008697,4,False,DO,DO.01,False,0.0,0.004524749,0.15719312,0.11350467,0.06412854,0.02257296,0.024792168,0.074473,0.008165876,0.017824769,0.025066398,0.008028762,0.0,0.053819627,0.2355764,0.16462265,0.025706261
99999E31008710,3,False,DO,DO.01,False,0.0,0.047064546,0.22954336,0.12439918,0.0,0.049982835,0.01856832,0.0,0.0,0.0,0.0,0.0,0.0034905015,0.07784963,0.22190434,0.22719729,0.0
99999E31011204,4,False,77,77.21,False,0.0,0.008667597,0.17338806,0.049357146,0.05194539,0.0,0.002190976,0.0,0.022066256,0.15209225,0.0,0.0,0.0,0.086254634,0.44860834,0.0018659409,0.0035633452
99999E31012625,2,False,62,62.02,False,0.0,0.0,0.0,0.0,0.0,0.0,0.0,0.0,0.0,0.0,0.0,0.0,0.0,0.0,0.9979036,0.0020964283,0.0
99999E31012626,2,False,62,62.02,False,0.0,0.0,0.0,0.0,0.0,0.0,0.0,0.0,0.0,0.0,0.0,0.0,0.0,0.0,1.0,0.0,0.0
99999E31013541,4,False,DO,DO.01,False,0.0,0.00072389847,0.0018285159,0.011532408,0.026598325,0.02472542,0.0010569325,0.0126814125,0.018648122,0.0024717557,0.0,0.0,0.001787172,0.0024205197,0.2604084,0.37713438,0.25798282
99999E31014832,4,False,DO,DO.01,False,0.0,0.0,0.0122747375,0.009268422,0.013319827,0.06394596,0.0041803555,0.019052643,0.018484589,0.0,0.0,0.093159564,0.15064703,0.14929517,0.29111287,0.11573601,0.059522867
99999E31014923,4,False,84,84.11,False,0.0,0.027459983,0.01627029,0.00366794,0.0281787,0.029609941,0.007549637,0.017515652,0.05942435,0.0023451273,0.0122646745,0.013835321,0.013993315,0.027968042,0.12520562,0.14344929,0.47126213
99999E31014981,2,False,61,61.90,False,0.0,0.0,0.0,0.0,0.0,0.0,0.0,0.0,0.0,0.0,0.0,0.0,0.0,0.0,1.0,0.0,0.0
99999E31022481,7,False,84,84.11,False,0.0,0.0266501,0.0051134927,0.003991849,0.0010332734,0.025715182,0.0,0.0006653697,0.004512645,0.004773875,0.00062451203,0.0027431939,0.0,0.0050761476,0.85825795,0.016642008,0.044200405
99999E31023496,4,False,DO,DO.01,True,0.0040835994,0.059160028,0.25860164,0.070953056,0.020453686,0.055108,0.017479863,0.058256146,0.055277523,0.012171185,0.043080945,0.014846457,0.020148959,0.019556666,0.021787204,0.2005212,0.06851387
99999E31023497,4,False,96,96.0,False,0.0,0.0,0.005578381,0.09418127,0.061649874,0.04256098,0.074305184,0.15213838,0.14422455,0.1826011,0.009697438,0.018531835,0.16840538,0.01252455,0.0,0.026542421,0.007058627
99999E31023930,3,False,84,84.11,False,0.0,0.03978266,0.0,0.0,0.08235311,0.014903266,0.0,0.03147626,0.0,0.0,0.0,0.0,0.0,0.0,0.7564602,0.053965256,0.021059284
99999E31025941,4,False,43,43.91,False,0.00021348626,0.0036699304,0.0,0.050367504,0.041019857,0.0070247143,0.018537723,0.09214981,0.059506748,0.011401182,0.0,0.0032988705,0.018186996,0.043271627,0.3259681,0.27485335,0.05053016
99999E31026107,4,False,56,56.30,False,0.0,0.19888958,0.0028058863,0.0009253456,0.0013730935,0.044356886,0.0,0.0,0.0,0.011820543,0.0,0.0,0.0,0.18671083,0.48679146,0.0,0.06632639
99999E31026643,2,False,61,61.10,False,0.0,0.0,0.0,0.0,0.0,0.0,0.0,0.0,0.0,0.0,0.0,0.0,0.0,0.0,1.0,0.0,0.0
99999E31027863,7,False,84,84.11,True,0.0,0.0,0.0,0.0,0.0,0.16688949,0.0072103916,0.0,0.0,0.0,0.0,0.0,0.008833922,0.012367493,0.7783402,0.0,0.026358515
99999E31028219,4,False,DO,DO.01,False,0.002110445,0.015052524,0.004504264,0.0024988458,0.0,0.020278106,0.024818037,0.24381085,0.007865122,0.0019083176,0.0012959914,0.0039712028,0.042781588,0.012492247,0.46449798,0.101501495,0.050613023
99999E31028223,7,False,DO,DO.01,False,0.0,0.0,0.0,0.046287365,0.0,0.0,0.11909352,0.0,0.0,0.0,0.0,0.0,0.0,0.0,0.8230473,0.011571841,0.0
99999E31029000,4,False,DO,DO.01,True,0.0063552167,0.057660468,0.076221414,0.037959423,0.044289004,0.029948479,0.015195283,0.076759316,0.14668183,0.05335558,0.0,0.005701751,0.047421437,0.15268867,0.010979485,0.18407856,0.05470411
99999E31029189,6,False,DO,DO.01,False,0.0,0.0,0.0,0.0,0.0,0.0,0.0,0.0,0.0,0.0,0.0,0.0,0.0,0.0034293681,0.5918177,0.39175615,0.012996795
99999E31029211,3,False,96,96.0,False,0.0,0.033808827,0.0,0.0,0.0252443,0.012271144,0.6058912,0.0798888,0.018813884,0.0,0.0,0.0,0.09283387,0.0,0.13124791,0.0,0.0
99999E31029428,2,False,61,61.10,False,0.0,0.0,0.0,0.0,0.0,0.0,0.0,0.0,0.0,0.0,0.0,0.0,0.0,0.0,1.0,0.0,0.0
99999E31029449,4,False,DO,DO.02,False,0.0,0.01310723,0.03656865,0.11135189,0.017946124,0.008363209,0.0,0.0049156803,0.002745191,0.0,0.0,0.0,0.0073301783,0.004864489,0.5726515,0.17977725,0.040378604
99999E31030586,6,False,87,87.30,False,0.0,0.0,0.0,0.0,0.0,0.0,0.0,0.014797654,0.004053902,0.0,0.0,0.0,0.0,0.004074013,0.23104766,0.0,0.74602675
99999E40000011,4,False,DO,DO.01,False,0.0,0.0022345756,0.0376704,0.09976833,0.03534695,0.17121783,0.05210234,0.04428581,0.06014625,0.01929249,0.010766616,0.008689611,0.04318731,0.026913317,0.07855865,0.22892064,0.080898926
99999E40000025,3,False,DO,DO.01,False,0.12111272,0.071277805,0.018555239,0.2436554,0.038591642,0.0011973184,0.00048020796,0.0023604888,0.14401543,0.03211631,0.00090705947,0.0009902955,0.002763864,0.020303193,0.24603294,0.055302884,0.0003372127
99999E40000074,4,False,01,01.41,True,0.0,0.0,0.09654663,0.0003142885,0.0,0.0040274705,0.018091364,0.032663,0.18429166,0.15060376,0.010177945,0.3460708,0.03633217,0.05883552,0.004292217,0.013832469,0.04392074
99999E40000094,2,False,61,61.90,False,0.0,0.0,0.0,0.0,0.0,0.0,0.0,0.0,0.0,0.0,0.0,0.0,0.0,0.0,1.0,0.0,0.0
99999E40000097,2,False,62,62.02,False,0.0,0.0,0.0,0.0,0.0,0.0,0.0,0.0,0.0,0.0,0.0,0.0,0.0,0.0,0.9973671,0.0013043154,0.0013286185
99999E40000116,3,False,01,01.4,False,0.0,0.0079559125,0.0,0.016901463,0.0,0.0025808203,0.015581945,0.02736058,0.049054988,0.83822334,0.0,0.04234098,0.0,0.0,0.0,0.0,0.0
99999E40000125,4,False,DO,DO.02,False,0.0,0.0,0.020166816,0.0056539373,0.004724523,0.020673936,0.0048111947,0.035101987,0.049306907,0.020419454,0.0,0.0023032506,0.010199584,0.004608346,0.27563956,0.32585377,0.22053674
99999E40000128,4,False,43,43.91,False,0.002366421,0.018077336,0.087525636,0.033968978,0.01800124,0.10868075,0.05306884,0.14648573,0.0766556,0.056345005,0.09717544,0.14152868,0.019207891,0.03939007,0.0070000673,0.01992536,0.07459695
99999E40000129,3,False,98,98.10,False,0.112586945,0.0,0.016801009,0.13103144,0.090212986,0.0927604,0.042155672,0.026654514,0.15134355,0.117495015,0.0,0.0,0.10138875,0.08665706,0.0044299685,0.0,0.026482694
99999E40000149,2,False,35,35.30,False,0.0,0.0,0.0,0.0,0.0,0.0,0.0,0.0,0.0,0.0,0.0,0.0,0.0,0.0,0.9958101,0.0041899295,0.0
99999E40000155,3,False,93,93.11,False,0.0,0.0,0.0,0.0,0.0,0.0,0.0,0.05480639,0.024426775,0.0,0.0,0.0,0.0,0.26086795,0.177276,0.15723488,0.32538804
99999E40000163,5,False,52,52.10,False,0.0,0.009738277,0.00022289489,0.0,0.0,0.061260425,0.09039278,0.34704286,0.013565381,0.0,0.19922565,0.011930448,0.13954332,0.105911836,0.009029471,0.0119159585,0.00022066593
99999E40000164,6,False,94,94.99,False,0.0,0.0,0.0,0.0,0.0,0.0,0.0,0.0,0.0,0.0,0.0,0.0,0.0,0.0,0.71322566,0.22297624,0.063798115
99999E40000167,4,False,16,16.23,False,0.0,0.0,0.0,0.010382432,0.0,0.07089452,0.10432344,0.5201318,0.2001722,0.034080762,0.019930596,0.0069818026,0.026110105,0.0037128204,0.0032795137,0.0,0.0
99999E40000181,4,False,DO,DO.01,False,0.0,0.118272826,0.0,0.045324508,0.41838008,0.012023957,0.05015197,0.039692473,0.006704809,0.19269621,0.0,0.0,0.07478097,0.041972104,0.0,0.0,0.0
99999E40000208,4,False,DO,DO.01,False,0.0021123977,0.018417636,0.004531174,0.05890526,0.09200755,0.046303432,0.045153175,0.0509878,0.05165431,0.009078472,0.006941887,0.0,0.028463617,0.0,0.42113042,0.16285619,0.0014566407
99999E40000223,4,False,56,56.30,False,0.0,0.019767808,0.015937112,0.00081967533,0.005667704,0.008380752,0.0034095612,0.07103266,0.071299836,0.010310875,0.0,0.0,0.0023333805,0.08533389,0.12071601,0.41261828,0.17237245
99999E40000225,2,False,61,61.10,False,0.0,0.0,0.0,0.0,0.0,0.0,0.0,0.0,0.0,0.0,0.0,0.0,0.0,0.0,1.0,0.0,0.0
99999E40000228,4,False,91,91.04,False,0.0,0.024659865,0.0,0.0,0.0,0.0,0.0,0.0044517806,0.008203281,0.0,0.0,0.0,0.0,0.0,0.9297469,0.032938175,0.0
99999E40000234,4,False,CO,CO.02,False,0.004964298,0.00040802456,0.14733087,0.1280857,0.061441697,0.0,0.12443048,0.06899015,0.14245157,0.06511392,0.0,0.0,0.044644684,0.09139749,0.113090806,0.0,0.00765046
99999E40000235,4,False,CO,CO.02,False,0.014606743,0.0,0.07960242,0.1366753,0.092422925,0.0,0.033563815,0.12192452,0.08671852,0.14102565,0.0,0.0,0.0152693745,0.06853933,0.2096514,0.0,0.0
99999E40000240,7,False,56,56.30,False,0.023304472,0.3794983,0.0027307116,0.036183614,0.30933765,0.0,0.0006379096,0.0,0.003736386,0.00069951074,0.0,0.0,0.0012526931,0.0004979256,0.18637419,0.05574659,0.0
99999E40000241,4,False,01,01.41,True,0.00063158915,0.0015598864,0.45379677,0.0064095883,0.0,0.0063540637,0.0130725065,0.000107578366,0.012536349,0.13438274,0.002109924,0.36430547,0.00021168646,0.00019607026,0.00011451891,0.0,0.0042111725
99999E40000243,1,False,IL,IL.01,False,0.29071817,0.70928186,0.0,0.0,0.0,0.0,0.0,0.0,0.0,0.0,0.0,0.0,0.0,0.0,0.0,0.0,0.0
99999E40000245,6,False,56,56.10,False,0.0,0.0,0.0,0.0006468782,0.0,0.0,0.0,0.28430295,0.004481747,0.0,0.0,0.0,0.0019297167,0.026921187,0.089669056,0.051663935,0.54038453
99999E40000247,4,False,56,56.10,False,0.0,0.0052292855,0.018752437,0.0,0.0,0.07213245,0.006212115,0.03913893,0.002536286,0.090002544,0.03965312,0.60991913,0.0022876386,0.012911903,0.0160263,0.013927658,0.071270205
99999E40000262,1,False,IL,IL.01,False,0.38345447,0.61528134,0.0,0.0,0.0012642427,0.0,0.0,0.0,0.0,0.0,0.0,0.0,0.0,0.0,0.0,0.0,0.0
99999E40000268,2,False,61,61.10,False,0.0,0.0,0.0,0.0,0.0,0.0,0.0,0.0,0.0,0.0,0.0,0.0,0.0,0.0,1.0,0.0,0.0
99999E40000278,6,False,56,56.10,False,0.0,0.0,0.0,0.0,0.0,0.00020830413,0.0039014446,0.83548003,0.0008928256,0.0,0.0,0.0,0.0,0.06072164,0.02985889,0.026323617,0.04261326
99999E40000282,4,False,DO,DO.01,False,0.01162644,0.0,0.050952323,0.067206495,0.10032925,0.0028593487,0.019365584,0.03568277,0.01238657,0.03840034,0.0,0.0,0.05231898,0.016624391,0.54359126,0.034453962,0.014202217
99999E40000288,4,False,DO,DO.01,False,0.0,0.0,0.02979566,0.13565955,0.019495042,0.088328585,0.021867907,0.061629597,0.08424521,0.00078526436,0.070069484,0.0019153622,0.04493419,0.083955005,0.063637145,0.29368204,0.0
99999E40000292,4,False,DO,DO.01,False,0.0,0.0016735757,0.28738523,0.2885549,0.03503819,0.014949861,0.004184908,0.023884377,0.028547615,0.035214033,0.00567877,0.003760026,0.016242322,0.1113871,0.011965621,0.11027202,0.0212615
99999E40000314,6,False,55,55.20,False,0.00095150946,0.00050252356,0.0,0.0,0.0,0.0,0.0,0.003012708,0.0017728255,0.0,0.0,0.0,0.0,0.0004173501,0.038345106,0.010605317,0.9443927
99999E40000318,4,False,DO,DO.01,False,0.0,0.0,0.17503251,0.2871782,0.0,0.04158149,0.015496528,0.012992278,0.0,0.0,0.0,0.0,0.046777513,0.3353341,0.005000381,0.05459813,0.026008919
99999E40000325,4,False,DO,DO.01,False,0.0,0.0033655865,0.16829294,0.24406052,0.009118368,0.0030148993,0.0,0.012731706,0.011082215,0.0102002,0.0,0.03196197,0.022505531,0.08591883,0.0016580685,0.3188139,0.077275276
99999E40000336,3,False,47,47.12,False,0.0,0.01658328,0.043027814,0.04148235,0.0058616567,0.0,0.007237187,0.030977163,0.13784999,0.63569546,0.0,0.0005509277,0.002672357,0.0067059356,0.010646499,0.060636036,7.333779e-05
99999E40000346,1,False,IL,IL.01,False,0.34834826,0.64838886,0.0,0.0,0.0,0.0,0.0,0.0,0.0,0.0,0.0,0.0,0.0,0.0,0.00326289,0.0,0.0
99999E40000353,2,False,80,80.20,False,0.0,0.0,0.0,0.0,0.0,0.0,0.0,0.0,0.0,0.0,0.0,0.0,0.0,0.0,1.0,0.0,0.0
99999E40000385,2,False,61,61.10,False,0.0,0.0,0.0,0.0,0.0,0.0,0.0,0.0,0.0,0.0,0.0,0.0,0.0,0.0,1.0,0.0,0.0
99999E40000387,7,False,DO,DO.01,True,0.027426602,0.035696644,0.047060937,0.057619646,0.042599346,0.20489533,0.0,0.0,0.021659767,0.004876209,0.05065908,0.010087284,0.008785929,0.006423512,0.020496733,0.3302565,0.13145651
99999E40000434,4,False,68,68.20,False,0.003964184,0.0036096505,0.03026071,0.17179726,0.2650842,0.03444421,0.04358459,0.011493496,0.08962783,0.02389064,0.007245684,0.008568179,0.06052636,0.059174187,0.098026164,0.083397925,0.0053048176
99999E40000445,4,False,56,56.30,False,0.0,0.0057792454,0.05748327,0.4782331,0.25451127,0.0,0.0004997809,0.003388345,0.021634582,0.09249757,0.0,0.0,0.0,0.004288374,0.0018424126,0.07984211,0.0
99999E40000446,7,False,DO,DO.01,False,0.0,0.0032893058,0.0031740798,0.0012487305,0.004588951,0.00074897025,0.0,0.0,0.0047376724,0.018930594,0.002966405,0.0,0.00075031014,0.0050136796,0.92387974,0.012759292,0.017912317
99999E40000459,4,False,CO,CO.02,False,0.00066666154,0.008430704,0.08971213,0.07274303,0.032684363,0.006579436,0.05312779,0.09220698,0.1280349,0.14949115,0.023517765,0.0,0.12442211,0.15550137,0.061322607,0.00028204912,0.0012769133
99999E40000461,7,False,46,46.71,False,0.0,0.8366564,0.0,0.0,0.0,0.0,0.0,0.0,0.0,0.0,0.0,0.0,0.0,0.0,0.15581036,0.0075332397,0.0
99999E40000471,6,False,16,16.10,False,0.0,0.0,0.0,0.0,0.0,0.0,0.0,0.10077762,0.0037030056,0.0,0.0,0.0,0.0,0.0,0.19293693,0.0057835467,0.6967989
99999E40000478,1,False,IL,IL.01,False,0.30067775,0.6993222,0.0,0.0,0.0,0.0,0.0,0.0,0.0,0.0,0.0,0.0,0.0,0.0,0.0,0.0,0.0
99999E40000485,4,False,CO,CO.02,False,0.122329846,0.08568643,0.06978851,0.040519048,0.06044654,0.0,0.027618391,0.050826896,0.07670367,0.26047915,0.0,0.0,0.059728164,0.10659793,0.039275464,0.0,0.0
99999E40000489,4,False,DO,DO.01,False,0.0,0.0,0.19217715,0.034534026,0.013593935,0.03301746,0.006783304,0.033603128,0.0382674,0.013966245,0.0,0.00113498,0.004003393,0.09118474,0.09380069,0.297551,0.14638257
99999E40000520,2,False,52,52.10,False,0.0,0.0,0.0,0.0,0.0,0.0,0.0,0.0,0.0,0.0,0.0,0.0,0.0,0.0,0.9977071,0.002292887,0.0
99999E40000521,7,False,52,52.10,False,0.0,0.0,0.0,0.0,0.0,0.0,0.0,0.0,0.0,0.0,0.0,0.0,0.0,0.0,1.0,0.0,0.0
99999E40000522,7,False,52,52.10,False,0.0028458105,0.013934243,0.010468732,0.006018017,0.03384138,0.0007370228,0.0087419925,0.021241296,0.03929685,0.011431375,0.002993215,0.0009581296,0.02538517,0.006126314,0.74983793,0.050316095,0.015826436
99999E40000523,4,False,52,52.10,False,0.0,0.0,0.00666899,0.0073965164,0.0,0.0,0.0,0.0,0.010291465,0.015262893,0.0,0.0,0.0,0.06587143,0.8924322,0.0020764812,0.0
99999E40000526,7,False,DO,DO.02,False,0.0,0.0,0.0,0.0,0.0,0.0,0.0,0.0,0.0,0.0,0.0,0.0,0.0,0.0,1.0,0.0,0.0
99999E40000535,4,False,68,68.32,False,0.0,0.0006628391,0.07682529,0.0004514991,0.0,0.050663963,0.01927677,0.11250012,0.12541428,0.06887122,0.0,0.0,0.0046494803,0.006087233,0.27670488,0.0072047734,0.25068766
99999E40000541,2,False,52,52.10,False,0.0,0.0,0.0,0.0,0.0,0.0,0.0,0.0,0.0,0.0,0.0,0.0,0.0,0.0,0.99558806,0.0020611044,0.002350818
99999E40000544,3,False,DO,DO.01,False,0.0,0.0,0.015703565,0.019984415,0.057289723,0.016573612,0.027547961,0.08714358,0.023304475,0.016493548,0.003613635,0.0011636224,0.007526182,0.033979908,0.53174347,0.088851646,0.06908074
99999E40000547,2,False,61,61.90,False,0.0,0.0,0.0,0.0,0.0,0.0,0.0,0.0,0.0,0.0,0.0,0.0,0.0,0.0,1.0,0.0,0.0
99999E40000551,4,False,DO,DO.01,True,0.03797724,0.14435625,0.15856259,0.15913177,0.13123022,0.03296146,0.010521742,0.028981835,0.05337768,0.048531502,0.013119072,0.02589431,0.031639565,0.020425515,0.008382081,0.094040535,0.0008665511
99999E40000554,4,False,46,46.73,True,0.010785214,0.056791745,0.004920903,0.008294896,0.0035898043,0.10133384,0.056363206,0.22345078,0.1254208,0.013674014,0.013650506,0.00085823884,0.040450525,0.00041929222,0.26770848,0.022516534,0.049771298
99999E40000559,4,False,DO,DO.01,False,0.0049884296,0.02692021,0.17206866,0.29072678,0.14319943,0.048992634,0.03312486,0.012756054,0.021343032,0.045971446,0.051613536,0.05800096,0.017916441,0.020131938,0.046761192,0.0038388304,0.0016455385
99999E40000573,4,False,DO,DO.01,False,0.0,0.06185638,0.22486676,0.09351257,0.0238108,0.037467025,0.03561826,0.10534527,0.004555777,0.019731604,0.06857898,0.0,0.004660786,0.027375048,0.05501565,0.1942435,0.043361668
99999E40000579,1,False,IL,IL.01,False,0.32751065,0.6677267,0.0,0.0,0.0,0.0,0.0,0.0,0.0,0.0,0.0,0.0,0.0,0.0,0.0047626346,0.0,0.0
99999E40000580,1,False,IL,IL.01,False,0.33112773,0.6688723,0.0,0.0,0.0,0.0,0.0,0.0,0.0,0.0,0.0,0.0,0.0,0.0,0.0,0.0,0.0
99999E40000588,7,False,DO,DO.01,False,0.0,0.058432333,0.0078035505,0.10293396,0.011081364,0.0001805419,0.0,0.01985685,0.021247137,0.0,0.0,0.0,0.0,0.0,0.4904744,0.25275153,0.03523833
99999E40000599,1,False,IL,IL.01,False,0.33108178,0.6689182,0.0,0.0,0.0,0.0,0.0,0.0,0.0,0.0,0.0,0.0,0.0,0.0,0.0,0.0,0.0
99999E40000600,3,False,IL,IL.01,False,0.0,0.73109245,0.0,0.0,0.26890758,0.0,0.0,0.0,0.0,0.0,0.0,0.0,0.0,0.0,0.0,0.0,0.0
99999E40000605,7,False,CO,CO.02,False,0.0,0.0,0.0,0.0,0.0,0.0,0.0,0.01161334,0.0,0.0,0.0,0.0,0.0,0.0,0.9860455,0.0023411508,0.0
99999E40000615,4,False,CO,CO.02,False,0.009510702,0.015435254,0.19053128,0.10196815,0.050085273,0.017459452,0.01613919,0.057284765,0.22050904,0.17628336,0.0057916194,0.0,0.023417236,0.077789575,0.013725262,0.01517241,0.008897401
99999E40000625,1,False,IL,IL.01,False,0.33093187,0.66906816,0.0,0.0,0.0,0.0,0.0,0.0,0.0,0.0,0.0,0.0,0.0,0.0,0.0,0.0,0.0
99999E40000648,1,False,IL,IL.01,False,0.32789677,0.6721033,0.0,0.0,0.0,0.0,0.0,0.0,0.0,0.0,0.0,0.0,0.0,0.0,0.0,0.0,0.0
99999E40000649,1,False,IL,IL.01,False,0.2916365,0.70836353,0.0,0.0,0.0,0.0,0.0,0.0,0.0,0.0,0.0,0.0,0.0,0.0,0.0,0.0,0.0
99999E40000650,1,False,IL,IL.01,False,0.33102217,0.66897786,0.0,0.0,0.0,0.0,0.0,0.0,0.0,0.0,0.0,0.0,0.0,0.0,0.0,0.0,0.0
99999E40000652,1,False,IL,IL.01,False,0.2921187,0.70788133,0.0,0.0,0.0,0.0,0.0,0.0,0.0,0.0,0.0,0.0,0.0,0.0,0.0,0.0,0.0
99999E40000666,4,False,DO,DO.01,True,0.003912581,0.026943618,0.38051724,0.12783538,0.007291466,0.06031613,0.013714561,0.015560632,0.028583081,0.07297178,0.027284542,0.0059375917,0.033327892,0.064231396,0.008844808,0.09347133,0.029256003
99999E40000687,5,False,70,70.22,False,0.0,0.0,0.0016564423,0.0,0.0,0.0,0.0,0.8490489,0.007911313,0.0,0.0,0.0,0.0,0.0,0.022646002,0.0,0.11873734
99999E40000704,4,False,74,74.90,False,0.0,0.07123104,0.0,0.0662496,0.05918087,0.0030344664,0.01669249,0.06998567,0.012365891,0.0103546055,0.0,0.0,0.0,0.002806443,0.60902154,0.056725234,0.02235215
99999E40000705,7,False,52,52.21,False,0.0,0.0,0.0,0.0,0.0,0.0,0.0,0.003469984,0.0,0.0,0.0,0.0,0.0,0.0,0.99653006,0.0,0.0
99999E40000716,4,False,55,55.30,False,0.0,0.14479508,0.00248212,0.015730686,0.04242602,0.0043788343,0.0010587479,0.0,0.00057704275,0.0,0.0,0.0,0.0,0.0014133365,0.4605821,0.30687883,0.019677157
99999E40000726,1,False,IL,IL.01,False,0.3372353,0.6627647,0.0,0.0,0.0,0.0,0.0,0.0,0.0,0.0,0.0,0.0,0.0,0.0,0.0,0.0,0.0
99999E40000733,4,False,DO,DO.01,False,0.0,0.002282903,0.05876526,0.07167709,0.026661715,0.17698196,0.01555163,0.040741574,0.11867577,0.048545003,0.053345516,0.020045644,0.08602618,0.18221462,0.03424838,0.041032203,0.023204569
99999E40000757,7,False,CO,CO.02,False,0.0,0.0,0.0,0.0,0.0,0.0,0.0,0.0,0.0,0.0,0.0,0.0,0.0,0.0,0.9973953,0.0,0.0026047565
99999E40000758,7,False,CO,CO.02,False,0.0,0.0,0.0075837416,0.0,0.0,0.0027814293,0.0,0.0,0.0,0.0,0.0,0.0,0.00810526,0.0,0.9815296,0.0,0.0
99999E40000761,4,False,CO,CO.02,False,0.003696975,0.00019996829,0.10351041,0.056722708,0.02448392,0.007998731,0.043022446,0.20057793,0.073073775,0.0399839,0.005828344,0.0039896113,0.06255105,0.3370197,0.033297155,0.00032677743,0.0037164832
99999E40000764,7,False,52,52.10,False,0.0,0.0,0.0,0.0,0.0,0.0,0.0,0.0,0.0022538411,0.0,0.0,0.0,0.0,0.002586469,0.99338186,0.0017778389,0.0
99999E40000765,7,False,CO,CO.02,False,0.0011652064,0.026909674,0.011399236,0.008925921,0.0060898527,0.0,0.0,0.0,0.0,0.0019786523,0.0,0.0,0.0,0.0,0.9097734,0.031152781,0.0026052257
99999E40000767,7,False,CO,CO.02,False,0.0,0.0,0.0,0.0,0.0,0.0,0.0,0.0,0.0,0.0,0.0,0.0,0.0075809527,0.0,0.99241906,0.0,0.0
99999E40000773,4,False,52,52.10,False,0.0,0.006300765,0.13227206,0.13025686,0.02170948,0.011686335,0.020794285,0.06655403,0.13074967,0.27934563,0.009363148,0.0105423415,0.03794539,0.071086,0.020380687,0.033783015,0.017230304
99999E40000777,4,False,41,41.20,False,0.0,0.0,0.11633424,0.009551053,0.023104558,0.056089133,0.0048043113,0.044118796,0.013553504,0.061031885,0.011848349,0.002541282,0.012499433,0.1437757,0.40683538,0.08159517,0.01231713
99999E40000807,2,False,CO,CO.02,False,0.0,0.0,0.0,0.0,0.0,0.0,0.0,0.0,0.0,0.0,0.0,0.0,0.0,0.0,1.0,0.0,0.0
99999E40000813,6,False,47,47.29,False,0.0,0.0,0.0,0.0,0.0,0.0,0.0,0.0012915696,0.0,0.0,0.0,0.0,0.0,0.0,0.24105577,0.026057694,0.731595
99999E40000819,2,False,61,,False,0.0,0.0,0.0,0.0,0.0,0.0,0.0,0.0,0.0,0.0,0.0,0.0,0.0,0.0,1.0,0.0,0.0
99999E40000821,7,False,61,,False,0.0,0.0,0.0,0.0,0.0,0.0,0.0,0.0,0.0,0.0,0.0,0.0,0.0,0.0,0.9837234,0.014037445,0.0022391416
99999E40000823,4,False,43,43.33,False,0.14198558,0.61786026,0.0,0.0,0.004708426,0.0061679767,0.0,0.020195544,0.0024610837,0.0,0.0,0.0,0.0,0.0013801611,0.18569276,0.019548211,0.0
99999E40000831,4,False,DO,DO.01,False,0.0,0.031853266,0.11138278,0.11041301,0.016006146,0.018720929,0.049691036,0.09985915,0.06056579,0.06718236,0.0025216811,0.010641892,0.05284172,0.13051262,0.1116554,0.11289494,0.013257285
99999E40000835,4,False,52,52.10,False,0.0,0.015104738,0.019875871,0.06953431,0.07148441,0.074936874,0.03058135,0.13692142,0.062151138,0.032573104,0.01611772,0.022515424,0.0009966197,0.05163085,0.25950193,0.10530403,0.030770263
99999E40000840,4,False,52,52.10,False,0.0,0.00017490776,0.071136974,0.010770352,0.002410842,0.009446822,0.01019514,0.048041936,0.010775762,0.00091781496,0.011305895,0.011790948,0.014246869,0.04573748,0.6170584,0.07025883,0.06573106
99999E40000850,7,False,84,84.11,False,0.0011207233,0.79582715,0.0,0.0,0.009703792,0.05655603,0.0,0.0,0.0,0.0,0.0,0.0,0.00034745035,0.0,0.13342747,0.0017672944,0.0012500375
99999E40000875,2,False,52,52.10,False,0.0,0.0,0.0,0.0,0.0,0.0,0.0,0.0,0.0,0.0,0.0,0.0,0.0,0.0,0.9892038,0.007528944,0.0032672777
99999E40000877,4,False,56,56.10,False,0.0,0.000320702,0.013512589,0.001222851,0.0,0.0053513697,0.00046187357,0.09209037,0.0058962065,0.05841914,0.0,0.0,0.0017497689,0.00077001634,0.07925266,0.14757432,0.5933782
99999E40000884,7,False,41,41.20,False,0.0,0.0026110425,0.03945256,0.006229062,0.021494607,0.01623031,0.017587833,0.23220232,0.014552218,0.030498052,0.014359511,0.0,0.0022923094,0.010833869,0.15619516,0.4131461,0.022314994
99999E40000898,4,False,41,41.20,False,0.0,0.0,0.0,0.0,0.0,0.030968107,0.019053606,0.5747268,0.08082217,0.0071088085,0.019342948,0.0,0.02258983,0.0028085802,0.17349623,0.0228514,0.046231493
99999E40000918,3,False,41,41.20,False,0.0,0.10622544,0.0,0.0020793711,0.0050969957,0.097806506,0.019170789,0.22994803,0.011132243,0.0,0.14094079,0.06293902,0.043489285,0.05069101,0.10977558,0.12070495,0.0
99999E40000929,5,False,41,41.20,False,0.0,0.0,0.0,0.010732837,0.0,0.027061237,0.069573574,0.64958316,0.11840601,0.01153158,0.016062154,0.0,0.066736504,0.013286195,0.011247872,0.0,0.0057788836
99999E40000935,5,False,41,41.20,False,0.0011950915,0.04085259,0.0,0.0,0.0,0.018585,0.008659654,0.43290025,0.023467511,0.0,0.016017605,0.00482773,0.0074129095,0.006932746,0.418558,0.0027079682,0.01788303
99999E40000936,4,False,DO,DO.01,False,0.0,0.0,0.0,0.03151641,0.0,0.19850063,0.028422015,0.105288275,0.0,0.0,0.008589601,0.0,0.009334471,0.25248525,0.20974138,0.07710531,0.07901674
99999E40000937,4,False,52,52.10,False,0.001991038,0.18167983,0.016100397,0.014635205,0.059433855,0.012159254,0.005206158,0.05075713,0.040615503,0.010943538,0.0,0.0014639985,0.009956385,0.01889096,0.40321356,0.09329824,0.07965496
99999E40000954,4,False,98,98.1,True,0.17437974,0.1221456,0.0073275943,0.067361,0.06871192,0.03501221,0.05141311,0.05631254,0.07047394,0.04474584,0.039606508,0.05903768,0.027325919,0.0032037846,0.16023232,0.0,0.012710326
99999E40000973,4,False,DO,DO.01,False,0.0,0.005595368,0.13869698,0.33364895,0.11294752,0.016129723,0.012331329,0.05096089,0.03223793,0.011244538,0.011825594,0.006979863,0.032829743,0.1169683,0.052137353,0.05032603,0.015139775
99999E40000979,3,False,41,41.20,False,0.0,0.0,0.0,0.0,0.0,0.060879998,0.12534338,0.7041231,0.044350684,0.0009772875,0.0007486273,0.0,0.06357694,0.0,0.0,0.0,0.0
99999E40000982,3,False,41,41.20,False,0.0,0.0,0.0,0.0,0.0,0.47014365,0.0,0.26530614,0.0,0.0,0.0,0.0,0.26455024,0.0,0.0,0.0,0.0
99999E40000985,5,False,41,41.20,False,0.0,0.0,0.0,0.0,0.0,0.102110475,0.040713966,0.59226185,0.15038198,0.03177222,0.0050008204,0.0,0.012748052,0.0061867703,0.032616705,0.0,0.026207186
99999E40000991,2,False,46,46.51,False,0.0,0.0,0.0,0.0,0.0,0.0,0.0,0.0,0.0,0.0,0.0,0.0,0.0,0.0,0.9982823,0.0017177252,0.0
99999E40001003,4,False,DO,DO.01,False,0.0,0.031077936,0.02058046,0.06340702,0.08899534,0.10418406,0.033874422,0.019797945,0.024928844,0.017720543,0.012177884,0.0212547,0.08648211,0.07044088,0.123713516,0.20164159,0.079722755
99999E40001010,1,False,IL,IL.01,False,0.23434612,0.76565385,0.0,0.0,0.0,0.0,0.0,0.0,0.0,0.0,0.0,0.0,0.0,0.0,0.0,0.0,0.0
99999E40001016,5,False,85,85.59,False,0.0,0.0,0.0,0.0,0.0,0.034093466,0.074188314,0.71961266,0.02753285,0.0,0.0,0.0,0.02342061,0.0,0.1195198,0.0,0.0016322496
99999E40001030,4,False,DO,DO.01,False,0.0,0.001493113,0.15113062,0.028791819,0.030009279,0.011706009,0.0023522277,0.009895897,0.012712137,0.048794944,0.0026278794,0.0,0.010497734,0.22490421,0.34311283,0.104839526,0.017131751
99999E40001040,7,False,DO,DO.02,False,0.0,0.909393,0.0,0.0,0.0,0.00030516414,0.0035542937,0.040992722,0.010529899,0.0,0.0,0.0,0.0011278666,0.0012921096,0.0202232,0.002952897,0.009628796
99999E40001048,7,False,DO,DO.01,False,0.0,0.0,0.0,0.010260754,0.1426495,0.12292692,0.0064586923,0.1437853,0.051756166,0.060438342,0.00089516904,0.0,0.10798818,0.056058753,0.2830563,0.0046491036,0.00907682
99999E40001051,4,False,DO,DO.01,False,0.07196834,0.083432935,0.08907399,0.14636134,0.09405489,0.010355143,0.024035009,0.008748396,0.06869087,0.029662976,0.0,0.0,0.0022894288,0.088308424,0.16342628,0.11874496,0.0008469943
99999E40001054,7,False,DO,DO.01,False,0.0,0.33983368,0.0,0.0047172676,0.06324601,0.012985469,0.03451612,0.02742074,0.007138654,0.034503136,0.0042606876,0.0,0.0030597323,0.0023932557,0.3559243,0.096385896,0.013615159
99999E40001065,2,False,61,61.90,False,0.0,0.0,0.0,0.0,0.0,0.0,0.0,0.0,0.0,0.0,0.0,0.0,0.0,0.0,0.994622,0.005378041,0.0
99999E40001076,4,False,DO,DO.01,False,0.0,0.06077459,0.079325795,0.016536925,0.035928465,0.030692875,0.00813859,0.04256717,0.014769658,0.0032544173,0.008118219,0.0,0.013827455,0.02590547,0.47624505,0.08844987,0.09546546
99999E40001081,1,False,IL,IL.01,False,0.25611225,0.7438877,0.0,0.0,0.0,0.0,0.0,0.0,0.0,0.0,0.0,0.0,0.0,0.0,0.0,0.0,0.0
99999E40001082,1,False,IL,IL.01,False,0.2508031,0.7491969,0.0,0.0,0.0,0.0,0.0,0.0,0.0,0.0,0.0,0.0,0.0,0.0,0.0,0.0,0.0
99999E40001084,4,False,41,41.20,False,0.0,0.001858487,0.0,0.0,0.0,0.05009674,0.0234907,0.407258,0.03360524,0.00046977279,0.021211892,0.0022808705,0.04368063,0.028318236,0.34431258,0.008962771,0.03445413
99999E40001090,7,False,DO,DO.01,False,0.0,0.019954462,0.19762339,0.09572941,0.047122575,0.01565155,0.021751102,0.041902386,0.023726506,0.066986755,0.0,0.0,0.010064807,0.028464586,0.32598305,0.06849449,0.03654496
99999E40001098,5,False,69,69.10,False,0.0,0.0,0.0,0.0,0.0,0.003707673,0.0,0.8290236,0.009991573,0.003201838,0.0,0.0,0.0,0.0,0.13630484,0.0,0.017770521
99999E40001109,4,False,41,41.20,False,0.0,0.0,0.0016411295,0.0,0.0,0.029251209,0.016078115,0.4477131,0.102430165,0.047945216,0.004486948,0.0,0.07699817,0.003930726,0.158285,0.045608807,0.06563142
99999E40001128,3,False,52,52.10,False,0.0,0.0,0.032371048,0.0,0.0,0.10204839,0.06118659,0.001273615,0.0,0.0,0.03863299,0.0,0.54770744,0.007535556,0.20781153,0.001432817,0.0
