pod,gse_category,gse_column,gse_uncertain,arera_class,arera_residency,arera_applicable
99999E00003208,domestic,PDMM,False,1.5-3,Non Residente,True
99999E00003209,domestic,PDMM,False,1.5-3,Non Residente,True
99999E00003382,domestic,PDMM,False,1.5-3,Non Residente,True
99999E00003384,domestic,PDMM,False,1.5-3,Residente,True
99999E00003519,domestic,PDMM,False,1.5-3,Residente,True
99999E00003632,domestic,PDMM,False,3-4.5,Non Residente,True
99999E00003633,domestic,PDMM,False,1.5-3,Non Residente,True
99999E00003678,domestic,PDMM,False,1.5-3,Non Residente,True
99999E00010015,domestic,PDMM,False,1.5-3,Non Residente,True
99999E00010019,domestic,PDMM,False,3-4.5,Non Residente,True
99999E00010036,domestic,PDMM,False,1.5-3,Non Residente,True
99999E00010037,domestic,PDMM,False,1.5-3,Residente,True
99999E00010038,domestic,PDMM,False,1.5-3,Residente,True
99999E00010045,domestic,PDMM,False,1.5-3,Non Residente,True
99999E00010048,domestic,PDMM,False,1.5-3,Non Residente,True
99999E00010050,domestic,PDMM,False,1.5-3,Non Residente,True
99999E00010056,domestic,PDMM,False,1.5-3,Residente,True
99999E00010057,domestic,PDMM,False,1.5-3,Residente,True
99999E00010059,domestic,PDMM,False,1.5-3,Residente,True
99999E00010062,domestic,PDMM,False,1.5-3,Residente,True
99999E00010069,domestic,PDMM,False,1.5-3,Non Residente,True
99999E00010076,domestic,PDMM,False,3-4.5,Non Residente,True
99999E00010080,domestic,PDMM,False,1.5-3,Residente,True
99999E00010081,domestic,PDMM,False,3-4.5,Non Residente,True
99999E00010082,domestic,PDMM,False,3-4.5,Non Residente,True
99999E00010083,domestic,PDMM,False,1.5-3,Residente,True
99999E00010095,other,PAUM,False,,,False
99999E00010098,other,PAUM,False,,,False
99999E00010105,other,PAUM,False,,,False
99999E00010109,other,PAUM,False,,,False
99999E00010110,other,PAUM,False,,,False
99999E00010113,other,PAUM,False,,,False
99999E00010117,other,PAUM,False,,,False
99999E00010121,domestic,PDMM,False,4.5-6,Non Residente,True
99999E00010127,other,PAUM,False,,,False
99999E00010128,other,PAUM,False,,,False
99999E00010129,other,PAUM,False,,,False
99999E00010130,other,PAUM,False,,,False
99999E00010131,other,PAUM,False,,,False
99999E00010133,other,PAUM,False,,,False
99999E00010135,other,PAUM,False,,,False
99999E00010136,other,PAUM,False,,,False
99999E00010137,other,PAUM,False,,,False
99999E00010138,other,PAUM,False,,,False
99999E00010139,other,PAUM,False,,,False
99999E00010141,other,PAUM,False,,,False
99999E00010142,other,PAUM,False,,,False
99999E00010148,other,PAUM,False,,,False
99999E00010151,domestic,PDMM,False,1.5-3,Non Residente,True
99999E00010152,domestic,PDMM,False,1.5-3,Non Residente,True
99999E00010153,domestic,PDMM,False,1.5-3,Non Residente,True
99999E00010154,domestic,PDMM,False,1.5-3,Non Residente,True
99999E00010155,domestic,PDMM,False,4.5-6,Non Residente,True
99999E00010156,domestic,PDMM,False,4.5-6,Non Residente,True
99999E00010161,domestic,PDMM,False,1.5-3,Residente,True
99999E00010162,domestic,PDMM,False,1.5-3,Residente,True
99999E00010164,domestic,PDMM,False,1.5-3,Non Residente,True
99999E00010169,domestic,PDMM,False,1.5-3,Residente,True
99999E00010175,domestic,PDMM,False,1.5-3,Non Residente,True
99999E00010178,domestic,PDMM,False,3-4.5,Non Residente,True
99999E00010182,domestic,PDMM,False,4.5-6,Non Residente,True
99999E00010183,domestic,PDMM,False,1.5-3,Non Residente,True
99999E00010193,domestic,PDMM,False,1.5-3,Non Residente,True
99999E00010217,domestic,PDMM,False,1.5-3,Non Residente,True
99999E00010218,domestic,PDMM,False,1.5-3,Non Residente,True
99999E00010219,domestic,PDMM,False,1.5-3,Non Residente,True
99999E00010220,domestic,PDMM,False,1.5-3,Non Residente,True
99999E00010225,domestic,PDMM,False,3-4.5,Non Residente,True
99999E00010226,domestic,PDMM,False,1.5-3,Non Residente,True
99999E00010227,domestic,PDMM,False,3-4.5,Residente,True
99999E00010235,domestic,PDMM,False,>6,Non Residente,True
99999E00010237,domestic,PDMM,False,1.5-3,Non Residente,True
99999E00010239,domestic,PDMM,False,1.5-3,Non Residente,True
99999E00010242,domestic,PDMM,False,3-4.5,Residente,True
99999E00010251,domestic,PDMM,False,3-4.5,Non Residente,True
99999E00010263,domestic,PDMM,False,1.5-3,Non Residente,True
99999E00010264,domestic,PDMM,False,1.5-3,Non Residente,True
99999E00010265,domestic,PDMM,False,1.5-3,Non Residente,True
99999E00010290,domestic,PDMM,False,1.5-3,Non Residente,True
99999E00010291,domestic,PDMM,False,1.5-3,Non Residente,True
99999E00010292,domestic,PDMM,False,1.5-3,Non Residente,True
99999E00010293,domestic,PDMM,False,1.5-3,Non Residente,True
99999E00010294,other,PAUM,False,,,False
99999E00010314,domestic,PDMM,False,3-4.5,Non Residente,True
99999E00010323,domestic,PDMM,False,1.5-3,Non Residente,True
99999E00010324,domestic,PDMM,False,3-4.5,Non Residente,True
99999E00010330,domestic,PDMM,False,3-4.5,Non Residente,True
99999E00010335,domestic,PDMM,False,1.5-3,Non Residente,True
99999E00010336,domestic,PDMM,False,3-4.5,Non Residente,True
99999E00010340,domestic,PDMM,False,3-4.5,Non Residente,True
99999E00010341,domestic,PDMM,False,1.5-3,Non Residente,True
99999E00010343,domestic,PDMM,False,>6,Non Residente,True
99999E00010346,domestic,PDMM,False,1.5-3,Non Residente,True
99999E00010348,domestic,PDMM,False,3-4.5,Non Residente,True
99999E00010353,domestic,PDMM,False,1.5-3,Non Residente,True
99999E00010356,domestic,PDMM,False,3-4.5,Residente,True
99999E00010359,domestic,PDMM,False,1.5-3,Non Residente,True
99999E00010370,domestic,PDMM,False,1.5-3,Non Residente,True
99999E00010380,domestic,PDMM,False,1.5-3,Non Residente,True
99999E00010385,domestic,PDMM,False,3-4.5,Non Residente,True
99999E00010387,domestic,PDMM,False,1.5-3,Non Residente,True
99999E00010388,domestic,PDMM,False,3-4.5,Non Residente,True
99999E00010390,domestic,PDMM,False,1.5-3,Non Residente,True
99999E00010398,domestic,PDMM,False,1.5-3,Non Residente,True
99999E00010400,domestic,PDMM,False,1.5-3,Non Residente,True
99999E00010408,domestic,PDMM,False,1.5-3,Non Residente,True
99999E00010414,domestic,PDMM,False,1.5-3,Non Residente,True
99999E00010422,domestic,PDMM,False,3-4.5,Non Residente,True
99999E00010425,domestic,PDMM,False,3-4.5,Non Residente,True
99999E00010426,domestic,PDMM,False,1.5-3,Non Residente,True
99999E00010427,domestic,PDMM,False,1.5-3,Non Residente,True
99999E00010430,domestic,PDMM,False,1.5-3,Non Residente,True
99999E00010431,domestic,PDMM,False,1.5-3,Non Residente,True
99999E00010438,domestic,PDMM,False,4.5-6,Non Residente,True
99999E00010443,domestic,PDMM,False,1.5-3,Residente,True
99999E00010445,other,PAUM,False,,,False
99999E00010451,domestic,PDMM,False,1.5-3,Residente,True
99999E00010455,domestic,PDMM,False,1.5-3,Residente,True
99999E00010482,domestic,PDMM,False,1.5-3,Non Residente,True
99999E00010483,domestic,PDMM,False,1.5-3,Non Residente,True
99999E00010487,domestic,PDMM,False,0-1.5,Non Residente,True
99999E00010488,domestic,PDMM,False,1.5-3,Non Residente,True
99999E00010492,domestic,PDMM,False,1.5-3,Non Residente,True
99999E00010500,domestic,PDMM,False,1.5-3,Non Residente,True
99999E00010505,domestic,PDMM,False,1.5-3,Residente,True
99999E00010506,domestic,PDMM,False,1.5-3,Non Residente,True
99999E00010507,domestic,PDMM,False,1.5-3,Non Residente,True
99999E00010508,domestic,PDMM,False,1.5-3,Non Residente,True
99999E00010510,domestic,PDMM,False,1.5-3,Residente,True
99999E00010511,domestic,PDMM,False,1.5-3,Residente,True
99999E00010514,domestic,PDMM,False,1.5-3,Non Residente,True
99999E00010519,domestic,PDMM,False,1.5-3,Residente,True
99999E00010526,domestic,PDMM,False,1.5-3,Non Residente,True
99999E00010529,domestic,PDMM,False,1.5-3,Residente,True
99999E00010530,domestic,PDMM,False,3-4.5,Residente,True
99999E00010531,domestic,PDMM,False,1.5-3,Residente,True
99999E00010534,domestic,PDMM,False,1.5-3,Non Residente,True
99999E00010536,domestic,PDMM,False,1.5-3,Residente,True
99999E00010540,domestic,PDMM,False,3-4.5,Residente,True
99999E00010541,domestic,PDMM,False,3-4.5,Non Residente,True
99999E00010544,domestic,PDMM,False,1.5-3,Residente,True
99999E00010550,domestic,PDMM,False,1.5-3,Residente,True
99999E00010566,domestic,PDMM,False,1.5-3,Residente,True
99999E00010570,domestic,PDMM,False,1.5-3,Non Residente,True
99999E00010576,domestic,PDMM,False,1.5-3,Non Residente,True
99999E00010579,domestic,PDMM,False,3-4.5,Residente,True
99999E00010580,domestic,PDMM,False,1.5-3,Non Residente,True
99999E00010583,domestic,PDMM,False,1.5-3,Residente,True
99999E00010590,domestic,PDMM,False,1.5-3,Non Residente,True
99999E00010592,domestic,PDMM,False,1.5-3,Residente,True
99999E00010594,domestic,PDMM,False,1.5-3,Residente,True
99999E00010596,domestic,PDMM,False,3-4.5,Residente,True
99999E00010598,domestic,PDMM,False,1.5-3,Residente,True
99999E00010600,domestic,PDMM,False,1.5-3,Residente,True
99999E00010611,domestic,PDMM,False,1.5-3,Residente,True
99999E00010621,domestic,PDMM,False,1.5-3,Residente,True
99999E00010622,domestic,PDMM,False,1.5-3,Residente,True
99999E00010623,domestic,PDMM,False,3-4.5,Residente,True
99999E00010628,domestic,PDMM,False,1.5-3,Non Residente,True
99999E00010629,domestic,PDMM,False,1.5-3,Non Residente,True
99999E00010631,domestic,PDMM,False,1.5-3,Residente,True
99999E00010632,domestic,PDMM,False,1.5-3,Residente,True
99999E00010637,domestic,PDMM,False,1.5-3,Residente,True
99999E00010638,domestic,PDMM,False,1.5-3,Non Residente,True
99999E00010642,domestic,PDMM,False,1.5-3,Residente,True
99999E00010644,domestic,PDMM,False,1.5-3,Residente,True
99999E00010647,domestic,PDMM,False,1.5-3,Residente,True
99999E00010651,domestic,PDMM,False,3-4.5,Residente,True
99999E00010661,domestic,PDMM,False,3-4.5,Residente,True
99999E00010663,domestic,PDMM,False,1.5-3,Non Residente,True
99999E00010665,domestic,PDMM,False,1.5-3,Non Residente,True
99999E00010670,domestic,PDMM,False,1.5-3,Residente,True
99999E00010671,domestic,PDMM,False,0-1.5,Non Residente,True
99999E00010673,domestic,PDMM,False,1.5-3,Residente,True
99999E00010674,other,PAUM,False,,,False
99999E00010675,domestic,PDMM,False,1.5-3,Residente,True
99999E00010679,domestic,PDMM,False,1.5-3,Residente,True
99999E00010680,domestic,PDMM,False,4.5-6,Non Residente,True
99999E00010682,domestic,PDMM,False,1.5-3,Residente,True
99999E00010684,domestic,PDMM,False,1.5-3,Residente,True
99999E00010690,domestic,PDMM,False,1.5-3,Non Residente,True
99999E00010695,domestic,PDMM,False,1.5-3,Non Residente,True
99999E00010699,domestic,PDMM,False,1.5-3,Residente,True
99999E00010709,other,PAUM,False,,,False
99999E00010710,domestic,PDMM,False,1.5-3,Residente,True
99999E00010714,domestic,PDMM,False,1.5-3,Residente,True
99999E00010716,domestic,PDMM,False,1.5-3,Residente,True
99999E00010717,domestic,PDMM,False,1.5-3,Residente,True
99999E00010720,domestic,PDMM,False,4.5-6,Residente,True
99999E00010721,domestic,PDMM,False,1.5-3,Non Residente,True
99999E00010722,domestic,PDMM,False,1.5-3,Residente,True
99999E00010740,domestic,PDMM,False,1.5-3,Residente,True
99999E00010741,domestic,PDMM,False,1.5-3,Residente,True
99999E00010742,domestic,PDMM,False,0-1.5,Residente,True
99999E00010743,domestic,PDMM,False,1.5-3,Residente,True
99999E00010752,domestic,PDMM,False,1.5-3,Residente,True
99999E00010765,domestic,PDMM,False,3-4.5,Non Residente,True
99999E00010770,domestic,PDMM,False,1.5-3,Non Residente,True
99999E00010778,domestic,PDMM,False,1.5-3,Non Residente,True
99999E00010782,domestic,PDMM,False,3-4.5,Non Residente,True
99999E00010783,domestic,PDMM,False,1.5-3,Non Residente,True
99999E00010784,domestic,PDMM,False,1.5-3,Non Residente,True
99999E00010790,domestic,PDMM,False,1.5-3,Residente,True
99999E00010791,domestic,PDMM,False,1.5-3,Non Residente,True
99999E00010800,domestic,PDMM,False,1.5-3,Non Residente,True
99999E00010807,domestic,PDMM,False,1.5-3,Non Residente,True
99999E00010810,domestic,PDMM,False,1.5-3,Non Residente,True
99999E00010823,domestic,PDMM,False,3-4.5,Non Residente,True
99999E00010826,domestic,PDMM,False,1.5-3,Residente,True
99999E00010828,domestic,PDMM,False,1.5-3,Residente,True
99999E00010833,domestic,PDMM,False,3-4.5,Residente,True
99999E00010834,domestic,PDMM,False,1.5-3,Residente,True
99999E00010835,domestic,PDMM,False,3-4.5,Residente,True
99999E00010841,domestic,PDMM,False,1.5-3,Residente,True
99999E00010848,domestic,PDMM,False,3-4.5,Residente,True
99999E00010852,domestic,PDMM,False,1.5-3,Non Residente,True
99999E00010862,domestic,PDMM,False,0-1.5,Non Residente,True
99999E00010863,domestic,PDMM,False,1.5-3,Residente,True
99999E00010868,domestic,PDMM,False,1.5-3,Residente,True
99999E00010874,domestic,PDMM,False,1.5-3,Residente,True
99999E00010881,domestic,PDMM,False,1.5-3,Non Residente,True
99999E00010886,domestic,PDMM,False,1.5-3,Residente,True
99999E00010889,domestic,PDMM,False,1.5-3,Non Residente,True
99999E00010901,domestic,PDMM,False,1.5-3,Non Residente,True
99999E00010911,domestic,PDMM,False,1.5-3,Residente,True
99999E00010920,domestic,PDMM,False,1.5-3,Residente,True
99999E00010923,domestic,PDMM,False,1.5-3,Non Residente,True
99999E00010926,domestic,PDMM,False,1.5-3,Non Residente,True
99999E00010930,domestic,PDMM,False,3-4.5,Non Residente,True
99999E00010931,domestic,PDMM,False,1.5-3,Non Residente,True
99999E00010933,domestic,PDMM,False,3-4.5,Non Residente,True
99999E00010938,domestic,PDMM,False,3-4.5,Non Residente,True
99999E00010941,domestic,PDMM,False,3-4.5,Non Residente,True
99999E00010943,domestic,PDMM,False,1.5-3,Non Residente,True
99999E00010944,domestic,PDMM,False,1.5-3,Non Residente,True
99999E00010945,domestic,PDMM,False,1.5-3,Non Residente,True
99999E00010949,domestic,PDMM,False,4.5-6,Non Residente,True
99999E00010952,domestic,PDMM,False,1.5-3,Residente,True
99999E00010953,other,PAUM,False,,,False
99999E00010956,domestic,PDMM,False,1.5-3,Non Residente,True
99999E00010967,domestic,PDMM,False,1.5-3,Residente,True
99999E00010969,domestic,PDMM,False,3-4.5,Non Residente,True
99999E00010974,domestic,PDMM,False,1.5-3,Non Residente,True
99999E00010976,domestic,PDMM,False,1.5-3,Non Residente,True
99999E00010977,domestic,PDMM,False,3-4.5,Non Residente,True
99999E00010980,domestic,PDMM,False,1.5-3,Non Residente,True
99999E00010981,domestic,PDMM,False,1.5-3,Non Residente,True
99999E00010989,domestic,PDMM,False,1.5-3,Non Residente,True
99999E00011001,domestic,PDMM,False,1.5-3,Non Residente,True
99999E00011004,domestic,PDMM,False,1.5-3,Residente,True
99999E00011006,domestic,PDMM,False,1.5-3,Residente,True
99999E00011009,domestic,PDMM,False,1.5-3,Residente,True
99999E00011014,domestic,PDMM,False,1.5-3,Non Residente,True
99999E00011015,domestic,PDMM,False,1.5-3,Residente,True
99999E00011016,domestic,PDMM,False,1.5-3,Residente,True
99999E00011017,domestic,PDMM,False,1.5-3,Non Residente,True
99999E00011019,domestic,PDMM,False,4.5-6,Non Residente,True
99999E00011020,domestic,PDMM,False,1.5-3,Non Residente,True
99999E00011021,domestic,PDMM,False,1.5-3,Non Residente,True
99999E00011022,domestic,PDMM,False,1.5-3,Non Residente,True
99999E00011023,domestic,PDMM,False,1.5-3,Non Residente,True
99999E00011024,domestic,PDMM,False,1.5-3,Non Residente,True
99999E00011026,domestic,PDMM,False,1.5-3,Residente,True
99999E00011033,domestic,PDMM,False,1.5-3,Residente,True
99999E00011034,domestic,PDMM,False,1.5-3,Residente,True
99999E00011037,domestic,PDMM,False,4.5-6,Non Residente,True
99999E00011041,domestic,PDMM,False,3-4.5,Non Residente,True
99999E00011042,domestic,PDMM,False,1.5-3,Non Residente,True
99999E00011044,domestic,PDMM,False,0-1.5,Non Residente,True
99999E00011075,domestic,PDMM,False,1.5-3,Residente,True
99999E00011125,domestic,PDMM,False,3-4.5,Non Residente,True
99999E00011129,domestic,PDMM,False,3-4.5,Non Residente,True
99999E00011130,domestic,PDMM,False,3-4.5,Non Residente,True
99999E00011132,domestic,PDMM,False,4.5-6,Non Residente,True
99999E00011135,domestic,PDMM,False,1.5-3,Non Residente,True
99999E00011136,domestic,PDMM,False,1.5-3,Non Residente,True
99999E00011149,other,PAUM,False,,,False
99999E00011154,other,PAUM,False,,,False
99999E00011156,other,PAUM,False,,,False
99999E00011168,domestic,PDMM,False,1.5-3,Non Residente,True
99999E00011186,domestic,PDMM,False,1.5-3,Non Residente,True
99999E00011187,domestic,PDMM,False,1.5-3,Non Residente,True
99999E00011189,domestic,PDMM,False,1.5-3,Non Residente,True
99999E00011191,domestic,PDMM,False,1.5-3,Non Residente,True
99999E00011197,domestic,PDMM,False,1.5-3,Non Residente,True
99999E00011202,domestic,PDMM,False,1.5-3,Non Residente,True
99999E00011204,domestic,PDMM,False,1.5-3,Non Residente,True
99999E00011208,domestic,PDMM,False,1.5-3,Non Residente,True
99999E00011213,domestic,PDMM,False,3-4.5,Residente,True
99999E00011219,domestic,PDMM,False,3-4.5,Non Residente,True
99999E00011220,domestic,PDMM,False,1.5-3,Non Residente,True
99999E00011221,domestic,PDMM,False,1.5-3,Non Residente,True
99999E00011222,domestic,PDMM,False,1.5-3,Non Residente,True
99999E00011223,domestic,PDMM,False,1.5-3,Residente,True
99999E00011228,domestic,PDMM,False,4.5-6,Residente,True
99999E00011237,domestic,PDMM,False,3-4.5,Non Residente,True
99999E00011239,domestic,PDMM,False,1.5-3,Non Residente,True
99999E00011246,domestic,PDMM,False,1.5-3,Non Residente,True
99999E00011247,domestic,PDMM,False,1.5-3,Residente,True
99999E00011248,domestic,PDMM,False,1.5-3,Non Residente,True
99999E00011252,domestic,PDMM,False,1.5-3,Non Residente,True
99999E00011255,domestic,PDMM,False,1.5-3,Non Residente,True
99999E00011257,domestic,PDMM,False,3-4.5,Non Residente,True
99999E00011258,domestic,PDMM,False,1.5-3,Non Residente,True
99999E00011260,other,PAUM,False,,,False
99999E00011261,other,PAUM,False,,,False
99999E00011262,other,PAUM,False,,,False
99999E00011264,other,PAUM,False,,,False
99999E00011267,other,PAUM,False,,,False
99999E00011269,domestic,PDMM,False,4.5-6,Non Residente,True
99999E00011274,domestic,PDMM,False,3-4.5,Non Residente,True
99999E00011276,domestic,PDMM,False,1.5-3,Residente,True
99999E00011278,domestic,PDMM,False,3-4.5,Non Residente,True
99999E00011285,domestic,PDMM,False,1.5-3,Residente,True
99999E00011310,domestic,PDMM,False,0-1.5,Non Residente,True
99999E00011311,domestic,PDMM,False,3-4.5,Residente,True
99999E00011313,domestic,PDMM,False,1.5-3,Residente,True
99999E00011314,domestic,PDMM,False,1.5-3,Residente,True
99999E00011322,domestic,PDMM,False,1.5-3,Residente,True
99999E00011324,domestic,PDMM,False,0-1.5,Non Residente,True
99999E00011326,domestic,PDMM,False,1.5-3,Residente,True
99999E00011328,domestic,PDMM,False,3-4.5,Residente,True
99999E00011329,domestic,PDMM,False,3-4.5,Residente,True
99999E00011331,domestic,PDMM,False,1.5-3,Residente,True
99999E00011337,domestic,PDMM,False,3-4.5,Non Residente,True
99999E00011339,domestic,PDMM,False,1.5-3,Non Residente,True
99999E00011341,domestic,PDMM,False,3-4.5,Non Residente,True
99999E00011342,domestic,PDMM,False,1.5-3,Non Residente,True
99999E00011345,domestic,PDMM,False,3-4.5,Non Residente,True
99999E00011364,domestic,PDMM,False,1.5-3,Non Residente,True
99999E00011369,domestic,PDMM,False,1.5-3,Non Residente,True
99999E00011375,domestic,PDMM,False,4.5-6,Non Residente,True
99999E00011439,domestic,PDMM,False,1.5-3,Residente,True
99999E00011478,other,PAUM,False,,,False
99999E00011481,domestic,PDMM,False,1.5-3,Non Residente,True
99999E00011482,domestic,PDMM,False,1.5-3,Residente,True
99999E00011484,domestic,PDMM,False,1.5-3,Non Residente,True
99999E00011522,domestic,PDMM,False,1.5-3,Non Residente,True
99999E00011525,domestic,PDMM,False,1.5-3,Non Residente,True
99999E00011528,domestic,PDMM,False,1.5-3,Residente,True
99999E00011530,other,PAUM,False,,,False
99999E00011533,domestic,PDMM,False,1.5-3,Non Residente,True
99999E00011539,domestic,PDMM,False,3-4.5,Non Residente,True
99999E00011548,domestic,PDMM,False,1.5-3,Non Residente,True
99999E00011552,domestic,PDMM,False,1.5-3,Non Residente,True
99999E00011553,domestic,PDMM,False,4.5-6,Non Residente,True
99999E00011571,domestic,PDMM,False,3-4.5,Non Residente,True
99999E00011574,domestic,PDMM,False,3-4.5,Non Residente,True
99999E00011580,domestic,PDMM,False,1.5-3,Residente,True
99999E00011583,domestic,PDMM,False,1.5-3,Non Residente,True
99999E00011592,domestic,PDMM,False,1.5-3,Non Residente,True
99999E00011600,domestic,PDMM,False,1.5-3,Non Residente,True
99999E00011601,domestic,PDMM,False,1.5-3,Non Residente,True
99999E00011602,domestic,PDMM,False,1.5-3,Residente,True
99999E00011603,domestic,PDMM,False,1.5-3,Residente,True
99999E00011604,domestic,PDMM,False,1.5-3,Residente,True
99999E00011606,domestic,PDMM,False,3-4.5,Residente,True
99999E00011608,domestic,PDMM,False,1.5-3,Residente,True
99999E00011613,domestic,PDMM,False,1.5-3,Non Residente,True
99999E00011614,domestic,PDMM,False,1.5-3,Non Residente,True
99999E00011615,domestic,PDMM,False,1.5-3,Non Residente,True
99999E00011630,domestic,PDMM,False,1.5-3,Non Residente,True
99999E00011657,other,PAUM,False,,,False
99999E00011698,domestic,PDMM,False,1.5-3,Residente,True
99999E00011700,other,PAUM,False,,,False
99999E00011701,other,PAUM,False,,,False
99999E00011702,other,PAUM,False,,,False
99999E00011703,other,PAUM,False,,,False
99999E00011704,other,PAUM,False,,,False
99999E00011708,other,PAUM,False,,,False
99999E00011717,other,PAUM,False,,,False
99999E00011720,other,PAUM,False,,,False
99999E00011722,other,PAUM,False,,,False
99999E00011728,other,PAUM,False,,,False
99999E00011730,other,PAUM,False,,,False
99999E00011731,other,PAUM,False,,,False
99999E00011733,other,PAUM,False,,,False
99999E00011734,other,PAUM,False,,,False
99999E00011736,other,PAUM,False,,,False
99999E00011739,other,PAUM,False,,,False
99999E00011740,other,PAUM,False,,,False
99999E00011743,other,PAUM,False,,,False
99999E00011744,other,PAUM,False,,,False
99999E00011745,other,PAUM,False,,,False
99999E00011750,other,PAUM,False,,,False
99999E00011751,other,PAUM,False,,,False
99999E00011752,other,PAUM,False,,,False
99999E00011753,other,PAUM,False,,,False
99999E00011754,other,PAUM,False,,,False
99999E00011755,other,PAUM,False,,,False
99999E00011756,other,PAUM,False,,,False
99999E00011758,other,PAUM,False,,,False
99999E00011759,other,PAUM,False,,,False
99999E00011764,domestic,PDMM,False,1.5-3,Non Residente,True
99999E00011766,domestic,PDMM,False,4.5-6,Non Residente,True
99999E00011770,domestic,PDMM,False,>6,Non Residente,True
99999E00011772,domestic,PDMM,False,3-4.5,Non Residente,True
99999E00011783,domestic,PDMM,False,1.5-3,Residente,True
99999E00011787,domestic,PDMM,False,1.5-3,Non Residente,True
99999E00011788,domestic,PDMM,False,3-4.5,Residente,True
99999E00011793,domestic,PDMM,False,4.5-6,Non Residente,True
99999E00011804,domestic,PDMM,False,1.5-3,Non Residente,True
99999E00011809,domestic,PDMM,False,1.5-3,Non Residente,True
99999E00011810,domestic,PDMM,False,4.5-6,Non Residente,True
99999E00011817,domestic,PDMM,False,4.5-6,Residente,True
99999E00011818,domestic,PDMM,False,1.5-3,Non Residente,True
99999E00011819,domestic,PDMM,False,1.5-3,Non Residente,True
99999E00011823,domestic,PDMM,False,1.5-3,Non Residente,True
99999E00011826,domestic,PDMM,False,1.5-3,Residente,True
99999E00011829,domestic,PDMM,False,3-4.5,Residente,True
99999E00011831,domestic,PDMM,False,1.5-3,Residente,True
99999E00011834,domestic,PDMM,False,1.5-3,Residente,True
99999E00011840,domestic,PDMM,False,1.5-3,Residente,True
99999E00011844,domestic,PDMM,False,1.5-3,Non Residente,True
99999E00011852,domestic,PDMM,False,1.5-3,Non Residente,True
99999E00011854,domestic,PDMM,False,1.5-3,Non Residente,True
99999E00011857,domestic,PDMM,False,1.5-3,Residente,True
99999E00011859,domestic,PDMM,False,1.5-3,Residente,True
99999E00011860,other,PAUM,False,,,False
99999E00011862,domestic,PDMM,False,1.5-3,Non Residente,True
99999E00011865,domestic,PDMM,False,1.5-3,Residente,True
99999E00011872,domestic,PDMM,False,0-1.5,Non Residente,True
99999E00011873,domestic,PDMM,False,1.5-3,Residente,True
99999E00011874,domestic,PDMM,False,1.5-3,Residente,True
99999E00011877,domestic,PDMM,False,1.5-3,Non Residente,True
99999E00011883,domestic,PDMM,False,0-1.5,Non Residente,True
99999E00011891,domestic,PDMM,False,4.5-6,Non Residente,True
99999E00011893,domestic,PDMM,False,1.5-3,Residente,True
99999E00011894,domestic,PDMM,False,1.5-3,Residente,True
99999E00011900,domestic,PDMM,False,1.5-3,Residente,True
99999E00011903,domestic,PDMM,False,1.5-3,Non Residente,True
99999E00011906,domestic,PDMM,False,1.5-3,Residente,True
99999E00011914,domestic,PDMM,False,1.5-3,Non Residente,True
99999E00011916,domestic,PDMM,False,1.5-3,Residente,True
99999E00011920,domestic,PDMM,False,1.5-3,Residente,True
99999E00011922,domestic,PDMM,False,1.5-3,Non Residente,True
99999E00011924,domestic,PDMM,False,1.5-3,Residente,True
99999E00011926,domestic,PDMM,False,1.5-3,Residente,True
99999E00011928,domestic,PDMM,False,1.5-3,Residente,True
99999E00011932,domestic,PDMM,False,1.5-3,Non Residente,True
99999E00011933,domestic,PDMM,False,3-4.5,Residente,True
99999E00011937,domestic,PDMM,False,1.5-3,Residente,True
99999E00011938,domestic,PDMM,False,1.5-3,Residente,True
99999E00011940,domestic,PDMM,False,1.5-3,Residente,True
99999E00011942,domestic,PDMM,False,1.5-3,Residente,True
99999E00011943,domestic,PDMM,False,1.5-3,Residente,True
99999E00011948,domestic,PDMM,False,3-4.5,Residente,True
99999E00011949,domestic,PDMM,False,1.5-3,Non Residente,True
99999E00011951,domestic,PDMM,False,1.5-3,Non Residente,True
99999E00011953,domestic,PDMM,False,1.5-3,Non Residente,True
99999E00011957,domestic,PDMM,False,4.5-6,Non Residente,True
99999E00011959,domestic,PDMM,False,1.5-3,Non Residente,True
99999E00011963,domestic,PDMM,False,3-4.5,Non Residente,True
99999E00011964,domestic,PDMM,False,3-4.5,Non Residente,True
99999E00011965,domestic,PDMM,False,3-4.5,Non Residente,True
99999E00011966,domestic,PDMM,False,3-4.5,Non Residente,True
99999E00011979,domestic,PDMM,False,1.5-3,Non Residente,True
99999E00011980,domestic,PDMM,False,4.5-6,Non Residente,True
99999E00011982,domestic,PDMM,False,1.5-3,Non Residente,True
99999E00011984,domestic,PDMM,False,1.5-3,Non Residente,True
99999E00011985,domestic,PDMM,False,3-4.5,Non Residente,True
99999E00011991,domestic,PDMM,False,3-4.5,Non Residente,True
99999E00011996,domestic,PDMM,False,1.5-3,Non Residente,True
99999E00011999,domestic,PDMM,False,3-4.5,Residente,True
99999E00012002,domestic,PDMM,False,1.5-3,Non Residente,True
99999E00012003,domestic,PDMM,False,3-4.5,Non Residente,True
99999E00012014,domestic,PDMM,False,1.5-3,Non Residente,True
99999E00012024,domestic,PDMM,False,1.5-3,Non Residente,True
99999E00012028,domestic,PDMM,False,1.5-3,Non Residente,True
99999E00012029,domestic,PDMM,False,1.5-3,Residente,True
99999E00012030,domestic,PDMM,False,3-4.5,Non Residente,True
99999E00012032,domestic,PDMM,False,1.5-3,Residente,True
99999E00012034,domestic,PDMM,False,1.5-3,Residente,True
99999E00012035,domestic,PDMM,False,1.5-3,Residente,True
99999E00012037,domestic,PDMM,False,1.5-3,Residente,True
99999E00012040,domestic,PDMM,False,1.5-3,Residente,True
99999E00012050,domestic,PDMM,False,1.5-3,Residente,True
99999E00012052,domestic,PDMM,False,1.5-3,Non Residente,True
99999E00012054,domestic,PDMM,False,1.5-3,Residente,True
99999E00012057,domestic,PDMM,False,1.5-3,Residente,True
99999E00012058,domestic,PDMM,False,1.5-3,Non Residente,True
99999E00012060,other,PAUM,False,,,False
99999E00012063,domestic,PDMM,False,1.5-3,Residente,True
99999E00012069,domestic,PDMM,False,1.5-3,Residente,True
99999E00012075,domestic,PDMM,False,1.5-3,Non Residente,True
99999E00012076,domestic,PDMM,False,0-1.5,Non Residente,True
99999E00012077,domestic,PDMM,False,3-4.5,Non Residente,True
99999E00012083,domestic,PDMM,False,1.5-3,Non Residente,True
99999E00012087,domestic,PDMM,False,1.5-3,Non Residente,True
99999E00012088,domestic,PDMM,False,1.5-3,Non Residente,True
99999E00012099,domestic,PDMM,False,1.5-3,Non Residente,True
99999E00012125,domestic,PDMM,False,1.5-3,Non Residente,True
99999E00012126,domestic,PDMM,False,1.5-3,Non Residente,True
99999E00012127,domestic,PDMM,False,3-4.5,Non Residente,True
99999E00012136,domestic,PDMM,False,1.5-3,Non Residente,True
99999E00012156,domestic,PDMM,False,1.5-3,Non Residente,True
99999E00012160,domestic,PDMM,False,1.5-3,Non Residente,True
99999E00012163,domestic,PDMM,False,3-4.5,Non Residente,True
99999E00012165,domestic,PDMM,False,1.5-3,Residente,True
99999E00012167,domestic,PDMM,False,3-4.5,Non Residente,True
99999E00012169,domestic,PDMM,False,1.5-3,Residente,True
99999E00012177,domestic,PDMM,False,1.5-3,Non Residente,True
99999E00012179,domestic,PDMM,False,1.5-3,Non Residente,True
99999E00012181,domestic,PDMM,False,1.5-3,Non Residente,True
99999E00012182,domestic,PDMM,False,1.5-3,Non Residente,True
99999E00012186,domestic,PDMM,False,1.5-3,Non Residente,True
99999E00012190,domestic,PDMM,False,1.5-3,Non Residente,True
99999E00012191,domestic,PDMM,False,3-4.5,Non Residente,True
99999E00012195,domestic,PDMM,False,1.5-3,Non Residente,True
99999E00012224,domestic,PDMM,False,3-4.5,Non Residente,True
99999E00012265,domestic,PDMM,False,3-4.5,Non Residente,True
99999E00012278,domestic,PDMM,False,1.5-3,Non Residente,True
99999E00012279,domestic,PDMM,False,1.5-3,Residente,True
99999E00012280,domestic,PDMM,False,1.5-3,Residente,True
99999E00012282,domestic,PDMM,False,1.5-3,Residente,True
99999E00012294,domestic,PDMM,False,4.5-6,Non Residente,True
99999E00012303,other,PAUM,False,,,False
99999E00012309,domestic,PDMM,False,3-4.5,Non Residente,True
99999E00012310,domestic,PDMM,False,1.5-3,Non Residente,True
99999E00012318,domestic,PDMM,False,3-4.5,Non Residente,True
99999E00012319,domestic,PDMM,False,1.5-3,Residente,True
99999E00012331,domestic,PDMM,False,0-1.5,Non Residente,True
99999E00012332,domestic,PDMM,False,4.5-6,Non Residente,True
99999E00012340,domestic,PDMM,False,1.5-3,Residente,True
99999E00012347,domestic,PDMM,False,3-4.5,Residente,True
99999E00012351,domestic,PDMM,False,3-4.5,Residente,True
99999E00012376,other,PAUM,False,,,False
99999E00012377,domestic,PDMM,False,1.5-3,Non Residente,True
99999E00012401,domestic,PDMM,False,1.5-3,Non Residente,True
99999E00012408,domestic,PDMM,False,1.5-3,Non Residente,True
99999E00012426,domestic,PDMM,False,1.5-3,Non Residente,True
99999E00012432,domestic,PDMM,False,1.5-3,Non Residente,True
99999E00012435,domestic,PDMM,False,1.5-3,Residente,True
99999E00012440,domestic,PDMM,False,1.5-3,Residente,True
99999E00012442,domestic,PDMM,False,1.5-3,Non Residente,True
99999E00012450,domestic,PDMM,False,1.5-3,Residente,True
99999E00012467,domestic,PDMM,False,1.5-3,Residente,True
99999E00012468,domestic,PDMM,False,3-4.5,Residente,True
99999E00012471,domestic,PDMM,False,1.5-3,Residente,True
99999E00012472,domestic,PDMM,False,1.5-3,Non Residente,True
99999E00012473,domestic,PDMM,False,1.5-3,Residente,True
99999E00012474,domestic,PDMM,False,1.5-3,Non Residente,True
99999E00012485,domestic,PDMM,False,3-4.5,Non Residente,True
99999E00012495,domestic,PDMM,False,4.5-6,Non Residente,True
99999E00012496,domestic,PDMM,False,4.5-6,Non Residente,True
99999E00012505,domestic,PDMM,False,4.5-6,Non Residente,True
99999E00012514,other,PAUM,False,,,False
99999E00012517,domestic,PDMM,False,3-4.5,Residente,True
99999E00012521,domestic,PDMM,False,3-4.5,Non Residente,True
99999E00012527,domestic,PDMM,False,1.5-3,Residente,True
99999E00012530,other,PAUM,False,,,False
99999E00012531,domestic,PDMM,False,1.5-3,Non Residente,True
99999E00012532,domestic,PDMM,False,1.5-3,Non Residente,True
99999E00012534,domestic,PDMM,False,1.5-3,Residente,True
99999E00012535,domestic,PDMM,False,1.5-3,Non Residente,True
99999E00012538,domestic,PDMM,False,1.5-3,Non Residente,True
99999E00012560,domestic,PDMM,False,1.5-3,Residente,True
99999E00012563,domestic,PDMM,False,1.5-3,Non Residente,True
99999E00012581,domestic,PDMM,False,1.5-3,Residente,True
99999E00012583,domestic,PDMM,False,1.5-3,Residente,True
99999E00012584,domestic,PDMM,False,1.5-3,Residente,True
99999E00012591,domestic,PDMM,False,1.5-3,Non Residente,True
99999E00012593,domestic,PDMM,False,1.5-3,Non Residente,True
99999E00012594,domestic,PDMM,False,1.5-3,Non Residente,True
99999E00012595,domestic,PDMM,False,1.5-3,Residente,True
99999E00012615,domestic,PDMM,False,1.5-3,Non Residente,True
99999E00012616,domestic,PDMM,False,3-4.5,Non Residente,True
99999E00012618,domestic,PDMM,False,1.5-3,Non Residente,True
99999E00012621,domestic,PDMM,False,1.5-3,Non Residente,True
99999E00012622,domestic,PDMM,False,3-4.5,Non Residente,True
99999E00012624,domestic,PDMM,False,1.5-3,Non Residente,True
99999E00012627,domestic,PDMM,False,1.5-3,Non Residente,True
99999E00012631,domestic,PDMM,False,1.5-3,Non Residente,True
99999E00012632,domestic,PDMM,False,1.5-3,Non Residente,True
99999E00012642,domestic,PDMM,False,1.5-3,Non Residente,True
99999E00012647,domestic,PDMM,False,1.5-3,Non Residente,True
99999E00012648,domestic,PDMM,False,1.5-3,Non Residente,True
99999E00012649,domestic,PDMM,False,1.5-3,Non Residente,True
99999E00012652,domestic,PDMM,False,3-4.5,Non Residente,True
99999E00012653,domestic,PDMM,False,3-4.5,Non Residente,True
99999E00012656,domestic,PDMM,False,3-4.5,Non Residente,True
99999E00012658,domestic,PDMM,False,3-4.5,Non Residente,True
99999E00012660,domestic,PDMM,False,4.5-6,Residente,True
99999E00012661,domestic,PDMM,False,1.5-3,Non Residente,True
99999E00012663,domestic,PDMM,False,1.5-3,Non Residente,True
99999E00012665,domestic,PDMM,False,1.5-3,Non Residente,True
99999E00012666,domestic,PDMM,False,1.5-3,Non Residente,True
99999E00012669,domestic,PDMM,False,3-4.5,Non Residente,True
99999E00012671,domestic,PDMM,False,4.5-6,Non Residente,True
99999E00012675,domestic,PDMM,False,1.5-3,Residente,True
99999E00012676,domestic,PDMM,False,3-4.5,Non Residente,True
99999E00012677,domestic,PDMM,False,1.5-3,Non Residente,True
99999E00012683,domestic,PDMM,False,1.5-3,Non Residente,True
99999E00012689,domestic,PDMM,False,1.5-3,Residente,True
99999E00012693,domestic,PDMM,False,1.5-3,Non Residente,True
99999E00012694,domestic,PDMM,False,1.5-3,Non Residente,True
99999E00012696,domestic,PDMM,False,4.5-6,Non Residente,True
99999E00012699,domestic,PDMM,False,4.5-6,Non Residente,True
99999E00012700,domestic,PDMM,False,3-4.5,Non Residente,True
99999E00012701,domestic,PDMM,False,3-4.5,Non Residente,True
99999E00012703,domestic,PDMM,False,1.5-3,Non Residente,True
99999E00012705,domestic,PDMM,False,1.5-3,Non Residente,True
99999E00012706,domestic,PDMM,False,1.5-3,Non Residente,True
99999E00012707,domestic,PDMM,False,1.5-3,Non Residente,True
99999E00012708,domestic,PDMM,False,4.5-6,Non Residente,True
99999E00012745,domestic,PDMM,False,1.5-3,Residente,True
99999E00012747,domestic,PDMM,False,1.5-3,Non Residente,True
99999E00012754,domestic,PDMM,False,4.5-6,Non Residente,True
99999E00012763,domestic,PDMM,False,1.5-3,Residente,True
99999E00012764,domestic,PDMM,False,1.5-3,Non Residente,True
99999E00012765,domestic,PDMM,False,1.5-3,Non Residente,True
99999E00012767,domestic,PDMM,False,1.5-3,Non Residente,True
99999E00012769,domestic,PDMM,False,3-4.5,Non Residente,True
99999E00012772,domestic,PDMM,False,1.5-3,Non Residente,True
99999E00012778,domestic,PDMM,False,1.5-3,Non Residente,True
99999E00012797,domestic,PDMM,False,1.5-3,Non Residente,True
99999E00012798,domestic,PDMM,False,1.5-3,Non Residente,True
99999E00012802,domestic,PDMM,False,1.5-3,Non Residente,True
99999E00012825,domestic,PDMM,False,3-4.5,Residente,True
99999E00012831,domestic,PDMM,False,1.5-3,Residente,True
99999E00012834,domestic,PDMM,False,3-4.5,Non Residente,True
99999E00012849,domestic,PDMM,False,1.5-3,Non Residente,True
99999E00012850,domestic,PDMM,False,1.5-3,Non Residente,True
99999E00012853,domestic,PDMM,False,1.5-3,Non Residente,True
99999E00012855,domestic,PDMM,False,1.5-3,Non Residente,True
99999E00012875,domestic,PDMM,False,1.5-3,Residente,True
99999E00012915,domestic,PDMM,False,3-4.5,Non Residente,True
99999E00012917,domestic,PDMM,False,3-4.5,Non Residente,True
99999E00012923,domestic,PDMM,False,1.5-3,Residente,True
99999E00012926,domestic,PDMM,False,1.5-3,Residente,True
99999E00012929,domestic,PDMM,False,1.5-3,Residente,True
99999E00012936,domestic,PDMM,False,1.5-3,Residente,True
99999E00012938,domestic,PDMM,False,1.5-3,Residente,True
99999E00012952,domestic,PDMM,False,>6,Non Residente,True
99999E00012955,domestic,PDMM,False,1.5-3,Non Residente,True
99999E00012957,domestic,PDMM,False,1.5-3,Non Residente,True
99999E00012958,domestic,PDMM,False,1.5-3,Non Residente,True
99999E00012960,domestic,PDMM,False,1.5-3,Non Residente,True
99999E00012964,domestic,PDMM,False,1.5-3,Non Residente,True
99999E00012965,domestic,PDMM,False,1.5-3,Non Residente,True
99999E00012966,domestic,PDMM,False,1.5-3,Non Residente,True
99999E00012969,domestic,PDMM,False,1.5-3,Non Residente,True
99999E00012970,domestic,PDMM,False,1.5-3,Non Residente,True
99999E00012971,domestic,PDMM,False,1.5-3,Non Residente,True
99999E00012972,domestic,PDMM,False,3-4.5,Non Residente,True
99999E00012973,domestic,PDMM,False,1.5-3,Non Residente,True
99999E00012974,domestic,PDMM,False,1.5-3,Non Residente,True
99999E00012977,domestic,PDMM,False,3-4.5,Non Residente,True
99999E00012980,domestic,PDMM,False,1.5-3,Non Residente,True
99999E00012990,domestic,PDMM,False,1.5-3,Non Residente,True
99999E00013006,domestic,PDMM,False,3-4.5,Non Residente,True
99999E00013007,domestic,PDMM,False,3-4.5,Non Residente,True
99999E00013008,domestic,PDMM,False,1.5-3,Non Residente,True
99999E00013010,domestic,PDMM,False,3-4.5,Non Residente,True
99999E00013022,domestic,PDMM,False,1.5-3,Non Residente,True
99999E00013030,domestic,PDMM,False,1.5-3,Non Residente,True
99999E00013032,domestic,PDMM,False,3-4.5,Residente,True
99999E00013035,domestic,PDMM,False,3-4.5,Non Residente,True
99999E00013038,domestic,PDMM,False,3-4.5,Non Residente,True
99999E00013039,domestic,PDMM,False,1.5-3,Non Residente,True
99999E00013040,domestic,PDMM,False,1.5-3,Non Residente,True
99999E00013044,domestic,PDMM,False,3-4.5,Non Residente,True
99999E00013045,domestic,PDMM,False,1.5-3,Non Residente,True
99999E00013076,domestic,PDMM,False,1.5-3,Non Residente,True
99999E00013080,domestic,PDMM,False,1.5-3,Non Residente,True
99999E00013081,domestic,PDMM,False,1.5-3,Non Residente,True
99999E00013084,domestic,PDMM,False,1.5-3,Residente,True
99999E00013085,domestic,PDMM,False,3-4.5,Non Residente,True
99999E00013090,domestic,PDMM,False,1.5-3,Residente,True
99999E00013112,domestic,PDMM,False,1.5-3,Residente,True
99999E00013131,domestic,PDMM,False,1.5-3,Residente,True
99999E00013140,domestic,PDMM,False,4.5-6,Residente,True
99999E00013141,domestic,PDMM,False,1.5-3,Non Residente,True
99999E00013142,domestic,PDMM,False,1.5-3,Non Residente,True
99999E00013145,domestic,PDMM,False,3-4.5,Residente,True
99999E00013147,domestic,PDMM,False,1.5-3,Non Residente,True
99999E00013148,domestic,PDMM,False,3-4.5,Non Residente,True
99999E00013156,domestic,PDMM,False,1.5-3,Residente,True
99999E00013158,domestic,PDMM,False,1.5-3,Residente,True
99999E00013162,domestic,PDMM,False,1.5-3,Residente,True
99999E00013163,other,PAUM,False,,,False
99999E00013164,domestic,PDMM,False,1.5-3,Non Residente,True
99999E00013172,domestic,PDMM,False,4.5-6,Non Residente,True
99999E00013173,domestic,PDMM,False,3-4.5,Non Residente,True
99999E00013175,domestic,PDMM,False,1.5-3,Non Residente,True
99999E00013178,domestic,PDMM,False,3-4.5,Non Residente,True
99999E00013193,domestic,PDMM,False,4.5-6,Non Residente,True
99999E00013194,domestic,PDMM,False,3-4.5,Non Residente,True
99999E00013195,domestic,PDMM,False,1.5-3,Non Residente,True
99999E00013196,domestic,PDMM,False,1.5-3,Non Residente,True
99999E00013241,domestic,PDMM,False,1.5-3,Residente,True
99999E00013247,domestic,PDMM,False,1.5-3,Residente,True
99999E00013291,domestic,PDMM,False,1.5-3,Residente,True
99999E00013305,domestic,PDMM,False,1.5-3,Non Residente,True
99999E00013311,domestic,PDMM,False,3-4.5,Non Residente,True
99999E00013314,domestic,PDMM,False,3-4.5,Non Residente,True
99999E00013320,domestic,PDMM,False,1.5-3,Non Residente,True
99999E00013337,domestic,PDMM,False,3-4.5,Non Residente,True
99999E00013345,domestic,PDMM,False,1.5-3,Non Residente,True
99999E00013346,other,PAUM,False,,,False
99999E00013376,domestic,PDMM,False,1.5-3,Non Residente,True
99999E00013401,domestic,PDMM,False,1.5-3,Residente,True
99999E00013417,domestic,PDMM,False,1.5-3,Non Residente,True
99999E00013419,domestic,PDMM,False,3-4.5,Non Residente,True
99999E00013421,domestic,PDMM,False,3-4.5,Non Residente,True
99999E00013422,domestic,PDMM,False,1.5-3,Non Residente,True
99999E00013428,domestic,PDMM,False,1.5-3,Non Residente,True
99999E00013436,domestic,PDMM,False,1.5-3,Non Residente,True
99999E00013437,domestic,PDMM,False,1.5-3,Residente,True
99999E00013450,domestic,PDMM,False,1.5-3,Non Residente,True
99999E00013453,domestic,PDMM,False,1.5-3,Non Residente,True
99999E00013459,domestic,PDMM,False,1.5-3,Residente,True
99999E00013462,domestic,PDMM,False,1.5-3,Non Residente,True
99999E00013510,domestic,PDMM,False,1.5-3,Residente,True
99999E00013557,domestic,PDMM,False,1.5-3,Non Residente,True
99999E00013578,domestic,PDMM,False,1.5-3,Residente,True
99999E00013586,domestic,PDMM,False,1.5-3,Non Residente,True
99999E00013587,domestic,PDMM,False,3-4.5,Non Residente,True
99999E00013588,other,PAUM,False,,,False
99999E00013589,domestic,PDMM,False,1.5-3,Non Residente,True
99999E00013590,other,PAUM,False,,,False
99999E00013594,domestic,PDMM,False,1.5-3,Non Residente,True
99999E00013602,domestic,PDMM,False,1.5-3,Residente,True
99999E00013606,domestic,PDMM,False,1.5-3,Residente,True
99999E00013607,domestic,PDMM,False,1.5-3,Non Residente,True
99999E00013613,domestic,PDMM,False,3-4.5,Residente,True
99999E00013616,domestic,PDMM,False,1.5-3,Non Residente,True
99999E00013618,domestic,PDMM,False,1.5-3,Non Residente,True
99999E00013622,domestic,PDMM,False,1.5-3,Non Residente,True
99999E00013628,domestic,PDMM,False,1.5-3,Non Residente,True
99999E00013630,domestic,PDMM,False,1.5-3,Residente,True
99999E00013645,other,PAUM,False,,,False
99999E00013646,domestic,PDMM,False,1.5-3,Residente,True
99999E00013651,domestic,PDMM,False,1.5-3,Residente,True
99999E00013664,domestic,PDMM,False,1.5-3,Residente,True
99999E00013667,domestic,PDMM,False,1.5-3,Non Residente,True
99999E00013671,domestic,PDMM,False,1.5-3,Residente,True
99999E00013697,domestic,PDMM,False,1.5-3,Non Residente,True
99999E00013699,domestic,PDMM,False,3-4.5,Non Residente,True
99999E00013701,domestic,PDMM,False,1.5-3,Non Residente,True
99999E00013703,domestic,PDMM,False,1.5-3,Non Residente,True
99999E00013735,domestic,PDMM,False,1.5-3,Non Residente,True
99999E00013736,domestic,PDMM,False,1.5-3,Non Residente,True
99999E00013737,domestic,PDMM,False,1.5-3,Non Residente,True
99999E00013738,domestic,PDMM,False,1.5-3,Non Residente,True
99999E00013743,domestic,PDMM,False,1.5-3,Residente,True
99999E00013753,other,PAUM,False,,,False
99999E00013759,domestic,PDMM,False,1.5-3,Residente,True
99999E00013761,domestic,PDMM,False,1.5-3,Non Residente,True
99999E00013762,domestic,PDMM,False,1.5-3,Non Residente,True
99999E00013770,domestic,PDMM,False,1.5-3,Residente,True
99999E00013776,domestic,PDMM,False,1.5-3,Non Residente,True
99999E00013777,domestic,PDMM,False,1.5-3,Non Residente,True
99999E00013783,other,PAUM,False,,,False
99999E00013786,domestic,PDMM,False,1.5-3,Non Residente,True
99999E00013787,domestic,PDMM,False,1.5-3,Non Residente,True
99999E00013789,domestic,PDMM,False,3-4.5,Non Residente,True
99999E00013823,domestic,PDMM,False,1.5-3,Non Residente,True
99999E00013825,domestic,PDMM,False,3-4.5,Non Residente,True
99999E00013826,domestic,PDMM,False,3-4.5,Non Residente,True
99999E00013827,domestic,PDMM,False,1.5-3,Non Residente,True
99999E00013832,domestic,PDMM,False,1.5-3,Non Residente,True
99999E00013835,domestic,PDMM,False,1.5-3,Non Residente,True
99999E00013836,domestic,PDMM,False,1.5-3,Non Residente,True
99999E00013846,domestic,PDMM,False,1.5-3,Residente,True
99999E00013849,domestic,PDMM,False,1.5-3,Non Residente,True
99999E00013853,domestic,PDMM,False,1.5-3,Non Residente,True
99999E00013854,domestic,PDMM,False,1.5-3,Non Residente,True
99999E00013867,domestic,PDMM,False,1.5-3,Non Residente,True
99999E00013876,domestic,PDMM,False,3-4.5,Non Residente,True
99999E00013878,domestic,PDMM,False,1.5-3,Non Residente,True
99999E00013883,domestic,PDMM,False,1.5-3,Residente,True
99999E00013887,domestic,PDMM,False,1.5-3,Non Residente,True
99999E00013895,domestic,PDMM,False,1.5-3,Residente,True
99999E00013907,domestic,PDMM,False,1.5-3,Non Residente,True
99999E00013912,domestic,PDMM,False,4.5-6,Non Residente,True
99999E00013918,domestic,PDMM,False,1.5-3,Non Residente,True
99999E00013925,domestic,PDMM,False,1.5-3,Residente,True
99999E00013928,domestic,PDMM,False,3-4.5,Residente,True
99999E00013934,domestic,PDMM,False,1.5-3,Residente,True
99999E00013935,domestic,PDMM,False,3-4.5,Residente,True
99999E00013938,domestic,PDMM,False,1.5-3,Non Residente,True
99999E00013941,domestic,PDMM,False,1.5-3,Residente,True
99999E00013942,domestic,PDMM,False,1.5-3,Residente,True
99999E00013943,domestic,PDMM,False,3-4.5,Residente,True
99999E00013945,domestic,PDMM,False,1.5-3,Non Residente,True
99999E00013946,domestic,PDMM,False,4.5-6,Residente,True
99999E00013953,domestic,PDMM,False,3-4.5,Residente,True
99999E00013957,domestic,PDMM,False,1.5-3,Non Residente,True
99999E00013958,domestic,PDMM,False,3-4.5,Non Residente,True
99999E00013960,domestic,PDMM,False,1.5-3,Non Residente,True
99999E00013961,domestic,PDMM,False,3-4.5,Non Residente,True
99999E00013965,domestic,PDMM,False,>6,Non Residente,True
99999E00013973,domestic,PDMM,False,3-4.5,Non Residente,True
99999E00013974,domestic,PDMM,False,1.5-3,Non Residente,True
99999E00013975,domestic,PDMM,False,1.5-3,Non Residente,True
99999E00013976,domestic,PDMM,False,1.5-3,Non Residente,True
99999E00013978,domestic,PDMM,False,1.5-3,Non Residente,True
99999E00013980,domestic,PDMM,False,3-4.5,Non Residente,True
99999E00013981,domestic,PDMM,False,1.5-3,Non Residente,True
99999E00013984,domestic,PDMM,False,1.5-3,Non Residente,True
99999E00013988,domestic,PDMM,False,1.5-3,Non Residente,True
99999E00013992,domestic,PDMM,False,4.5-6,Residente,True
99999E00013993,domestic,PDMM,False,1.5-3,Non Residente,True
99999E00013994,domestic,PDMM,False,3-4.5,Non Residente,True
99999E00014000,domestic,PDMM,False,3-4.5,Non Residente,True
99999E00014007,domestic,PDMM,False,1.5-3,Non Residente,True
99999E00014018,domestic,PDMM,False,3-4.5,Non Residente,True
99999E00014022,domestic,PDMM,False,1.5-3,Residente,True
99999E00014027,domestic,PDMM,False,1.5-3,Residente,True
99999E00014030,domestic,PDMM,False,1.5-3,Residente,True
99999E00014034,domestic,PDMM,False,1.5-3,Residente,True
99999E00014041,domestic,PDMM,False,1.5-3,Non Residente,True
99999E00014044,domestic,PDMM,False,1.5-3,Residente,True
99999E00014045,domestic,PDMM,False,1.5-3,Non Residente,True
99999E00014051,domestic,PDMM,False,3-4.5,Non Residente,True
99999E00014052,domestic,PDMM,False,3-4.5,Non Residente,True
99999E00014060,domestic,PDMM,False,1.5-3,Residente,True
99999E00014061,domestic,PDMM,False,1.5-3,Non Residente,True
99999E00014062,domestic,PDMM,False,1.5-3,Residente,True
99999E00014066,domestic,PDMM,False,3-4.5,Non Residente,True
99999E00014084,domestic,PDMM,False,3-4.5,Non Residente,True
99999E00014085,domestic,PDMM,False,1.5-3,Non Residente,True
99999E00014097,domestic,PDMM,False,3-4.5,Non Residente,True
99999E00014098,domestic,PDMM,False,1.5-3,Non Residente,True
99999E00014099,domestic,PDMM,False,1.5-3,Non Residente,True
99999E00014100,domestic,PDMM,False,3-4.5,Non Residente,True
99999E00014102,other,PAUM,False,,,False
99999E00014109,domestic,PDMM,False,3-4.5,Non Residente,True
99999E00014116,domestic,PDMM,False,1.5-3,Non Residente,True
99999E00014130,other,PAUM,False,,,False
99999E00014133,domestic,PDMM,False,1.5-3,Non Residente,True
99999E00014136,domestic,PDMM,False,1.5-3,Non Residente,True
99999E00014140,domestic,PDMM,False,3-4.5,Non Residente,True
99999E00014141,domestic,PDMM,False,3-4.5,Non Residente,True
99999E00014142,domestic,PDMM,False,4.5-6,Non Residente,True
99999E00014143,domestic,PDMM,False,1.5-3,Non Residente,True
99999E00014145,domestic,PDMM,False,3-4.5,Non Residente,True
99999E00014146,domestic,PDMM,False,1.5-3,Non Residente,True
99999E00014153,domestic,PDMM,False,3-4.5,Non Residente,True
99999E00014156,domestic,PDMM,False,>6,Residente,True
99999E00014157,domestic,PDMM,False,3-4.5,Non Residente,True
99999E00014159,domestic,PDMM,False,1.5-3,Non Residente,True
99999E00014160,domestic,PDMM,False,3-4.5,Non Residente,True
99999E00014163,domestic,PDMM,False,1.5-3,Residente,True
99999E00014170,domestic,PDMM,False,3-4.5,Non Residente,True
99999E00014172,domestic,PDMM,False,1.5-3,Non Residente,True
99999E00014175,domestic,PDMM,False,1.5-3,Non Residente,True
99999E00014222,domestic,PDMM,False,1.5-3,Residente,True
99999E00014229,domestic,PDMM,False,1.5-3,Non Residente,True
99999E00014230,domestic,PDMM,False,1.5-3,Non Residente,True
99999E00014232,domestic,PDMM,False,1.5-3,Non Residente,True
99999E00014233,domestic,PDMM,False,1.5-3,Non Residente,True
99999E00014235,domestic,PDMM,False,1.5-3,Non Residente,True
99999E00014239,domestic,PDMM,False,1.5-3,Non Residente,True
99999E00014280,domestic,PDMM,False,3-4.5,Non Residente,True
99999E00014289,other,PAUM,False,,,False
99999E00014290,other,PAUM,False,,,False
99999E00014297,domestic,PDMM,False,1.5-3,Residente,True
99999E00014300,domestic,PDMM,False,1.5-3,Non Residente,True
99999E00014301,domestic,PDMM,False,1.5-3,Residente,True
99999E00014303,domestic,PDMM,False,1.5-3,Residente,True
99999E00014308,domestic,PDMM,False,1.5-3,Residente,True
99999E00014311,domestic,PDMM,False,1.5-3,Residente,True
99999E00014319,domestic,PDMM,False,4.5-6,Non Residente,True
99999E00014330,domestic,PDMM,False,3-4.5,Non Residente,True
99999E00014336,domestic,PDMM,False,1.5-3,Residente,True
99999E00014338,domestic,PDMM,False,3-4.5,Residente,True
99999E00014340,domestic,PDMM,False,1.5-3,Non Residente,True
99999E00014341,domestic,PDMM,False,1.5-3,Residente,True
99999E00014343,domestic,PDMM,False,3-4.5,Non Residente,True
99999E00014350,domestic,PDMM,False,1.5-3,Residente,True
99999E00014353,domestic,PDMM,False,1.5-3,Non Residente,True
99999E00014354,domestic,PDMM,False,1.5-3,Non Residente,True
99999E00014361,domestic,PDMM,False,1.5-3,Non Residente,True
99999E00014365,domestic,PDMM,False,1.5-3,Non Residente,True
99999E00014367,domestic,PDMM,False,1.5-3,Residente,True
99999E00014368,domestic,PDMM,False,3-4.5,Non Residente,True
99999E00014374,domestic,PDMM,False,1.5-3,Residente,True
99999E00014392,domestic,PDMM,False,1.5-3,Non Residente,True
99999E00014393,domestic,PDMM,False,1.5-3,Non Residente,True
99999E00014399,domestic,PDMM,False,1.5-3,Non Residente,True
99999E00014401,domestic,PDMM,False,1.5-3,Non Residente,True
99999E00014402,domestic,PDMM,False,1.5-3,Non Residente,True
99999E00014404,domestic,PDMM,False,1.5-3,Non Residente,True
99999E00014411,domestic,PDMM,False,4.5-6,Non Residente,True
99999E00014414,domestic,PDMM,False,1.5-3,Residente,True
99999E00014417,domestic,PDMM,False,1.5-3,Residente,True
99999E00014419,domestic,PDMM,False,1.5-3,Residente,True
99999E00014428,domestic,PDMM,False,1.5-3,Residente,True
99999E00014430,domestic,PDMM,False,1.5-3,Non Residente,True
99999E00014444,domestic,PDMM,False,1.5-3,Residente,True
99999E00014451,domestic,PDMM,False,1.5-3,Residente,True
99999E00014456,domestic,PDMM,False,3-4.5,Residente,True
99999E00014457,domestic,PDMM,False,3-4.5,Non Residente,True
99999E00014458,domestic,PDMM,False,1.5-3,Residente,True
99999E00014460,domestic,PDMM,False,1.5-3,Residente,True
99999E00014466,domestic,PDMM,False,1.5-3,Residente,True
99999E00014467,domestic,PDMM,False,1.5-3,Residente,True
99999E00014483,domestic,PDMM,False,1.5-3,Residente,True
99999E00014484,domestic,PDMM,False,1.5-3,Residente,True
99999E00014486,domestic,PDMM,False,1.5-3,Residente,True
99999E00014487,domestic,PDMM,False,1.5-3,Residente,True
99999E00014491,domestic,PDMM,False,1.5-3,Non Residente,True
99999E00014492,domestic,PDMM,False,1.5-3,Residente,True
99999E00014495,domestic,PDMM,False,1.5-3,Residente,True
99999E00014497,domestic,PDMM,False,1.5-3,Residente,True
99999E00014502,domestic,PDMM,False,1.5-3,Residente,True
99999E00014503,domestic,PDMM,False,1.5-3,Non Residente,True
99999E00014505,domestic,PDMM,False,1.5-3,Residente,True
99999E00014507,domestic,PDMM,False,1.5-3,Residente,True
99999E00014508,domestic,PDMM,False,1.5-3,Residente,True
99999E00014511,domestic,PDMM,False,1.5-3,Residente,True
99999E00014519,domestic,PDMM,False,1.5-3,Non Residente,True
99999E00014520,domestic,PDMM,False,1.5-3,Residente,True
99999E00014522,domestic,PDMM,False,1.5-3,Residente,True
99999E00014527,domestic,PDMM,False,1.5-3,Residente,True
99999E00014531,domestic,PDMM,False,1.5-3,Non Residente,True
99999E00014536,domestic,PDMM,False,1.5-3,Residente,True
99999E00014540,domestic,PDMM,False,3-4.5,Residente,True
99999E00014541,domestic,PDMM,False,3-4.5,Non Residente,True
99999E00014554,domestic,PDMM,False,1.5-3,Non Residente,True
99999E00014566,domestic,PDMM,False,3-4.5,Non Residente,True
99999E00014567,domestic,PDMM,False,1.5-3,Non Residente,True
99999E00014575,domestic,PDMM,False,1.5-3,Non Residente,True
99999E00014611,domestic,PDMM,False,3-4.5,Non Residente,True
99999E00014617,domestic,PDMM,False,1.5-3,Residente,True
99999E00014618,domestic,PDMM,False,1.5-3,Residente,True
99999E00014624,domestic,PDMM,False,1.5-3,Non Residente,True
99999E00014625,domestic,PDMM,False,1.5-3,Non Residente,True
99999E00014626,domestic,PDMM,False,1.5-3,Residente,True
99999E00014627,domestic,PDMM,False,1.5-3,Non Residente,True
99999E00014631,domestic,PDMM,False,4.5-6,Non Residente,True
99999E00014633,domestic,PDMM,False,1.5-3,Non Residente,True
99999E00014634,domestic,PDMM,False,1.5-3,Residente,True
99999E00014638,domestic,PDMM,False,3-4.5,Residente,True
99999E00014642,domestic,PDMM,False,4.5-6,Non Residente,True
99999E00014644,domestic,PDMM,False,1.5-3,Residente,True
99999E00014645,domestic,PDMM,False,1.5-3,Non Residente,True
99999E00014648,domestic,PDMM,False,1.5-3,Non Residente,True
99999E00014649,domestic,PDMM,False,3-4.5,Non Residente,True
99999E00014650,domestic,PDMM,False,1.5-3,Non Residente,True
99999E00014651,domestic,PDMM,False,3-4.5,Non Residente,True
99999E00014656,domestic,PDMM,False,1.5-3,Non Residente,True
99999E00014657,domestic,PDMM,False,1.5-3,Non Residente,True
99999E00014660,domestic,PDMM,False,4.5-6,Non Residente,True
99999E00014661,domestic,PDMM,False,1.5-3,Non Residente,True
99999E00014662,domestic,PDMM,False,1.5-3,Non Residente,True
99999E00014671,domestic,PDMM,False,3-4.5,Non Residente,True
99999E00014672,domestic,PDMM,False,1.5-3,Non Residente,True
99999E00014674,domestic,PDMM,False,1.5-3,Non Residente,True
99999E00014676,domestic,PDMM,False,1.5-3,Non Residente,True
99999E00014679,domestic,PDMM,False,3-4.5,Non Residente,True
99999E00014696,other,PAUM,False,,,False
99999E00014697,domestic,PDMM,False,1.5-3,Non Residente,True
99999E00014698,domestic,PDMM,False,1.5-3,Non Residente,True
99999E00014700,domestic,PDMM,False,1.5-3,Non Residente,True
99999E00014722,domestic,PDMM,False,1.5-3,Non Residente,True
99999E00014723,domestic,PDMM,False,1.5-3,Non Residente,True
99999E00014725,domestic,PDMM,False,3-4.5,Non Residente,True
99999E00014727,domestic,PDMM,False,1.5-3,Non Residente,True
99999E00014728,domestic,PDMM,False,1.5-3,Non Residente,True
99999E00014734,domestic,PDMM,False,1.5-3,Non Residente,True
99999E00014739,domestic,PDMM,False,1.5-3,Non Residente,True
99999E00014747,domestic,PDMM,False,3-4.5,Non Residente,True
99999E00014748,domestic,PDMM,False,3-4.5,Non Residente,True
99999E00014755,domestic,PDMM,False,3-4.5,Non Residente,True
99999E00014761,domestic,PDMM,False,4.5-6,Non Residente,True
99999E00014768,domestic,PDMM,False,1.5-3,Non Residente,True
99999E00014774,domestic,PDMM,False,1.5-3,Non Residente,True
99999E00014777,domestic,PDMM,False,1.5-3,Non Residente,True
99999E00014778,domestic,PDMM,False,3-4.5,Non Residente,True
99999E00014779,domestic,PDMM,False,3-4.5,Non Residente,True
99999E00014784,domestic,PDMM,False,1.5-3,Non Residente,True
99999E00014786,domestic,PDMM,False,1.5-3,Residente,True
99999E00014789,domestic,PDMM,False,1.5-3,Non Residente,True
99999E00014791,domestic,PDMM,False,1.5-3,Non Residente,True
99999E00014794,domestic,PDMM,False,3-4.5,Non Residente,True
99999E00014806,domestic,PDMM,False,1.5-3,Non Residente,True
99999E00014807,domestic,PDMM,False,1.5-3,Non Residente,True
99999E00014808,domestic,PDMM,False,1.5-3,Non Residente,True
99999E00014809,domestic,PDMM,False,1.5-3,Non Residente,True
99999E00014810,domestic,PDMM,False,1.5-3,Non Residente,True
99999E00014814,domestic,PDMM,False,3-4.5,Non Residente,True
99999E00014816,domestic,PDMM,False,3-4.5,Non Residente,True
99999E00014817,domestic,PDMM,False,3-4.5,Non Residente,True
99999E00014821,domestic,PDMM,False,1.5-3,Non Residente,True
99999E00014822,domestic,PDMM,False,1.5-3,Non Residente,True
99999E00014823,other,PAUM,False,,,False
99999E00014824,domestic,PDMM,False,3-4.5,Non Residente,True
99999E00014825,other,PAUM,False,,,False
99999E00014833,domestic,PDMM,False,1.5-3,Residente,True
99999E00014836,domestic,PDMM,False,1.5-3,Non Residente,True
99999E00014837,domestic,PDMM,False,1.5-3,Non Residente,True
99999E00014840,domestic,PDMM,False,0-1.5,Non Residente,True
99999E00014842,domestic,PDMM,False,1.5-3,Non Residente,True
99999E00014845,domestic,PDMM,False,0-1.5,Non Residente,True
99999E00014850,domestic,PDMM,False,1.5-3,Residente,True
99999E00014851,domestic,PDMM,False,3-4.5,Residente,True
99999E00014859,domestic,PDMM,False,1.5-3,Non Residente,True
99999E00014863,domestic,PDMM,False,4.5-6,Residente,True
99999E00014866,domestic,PDMM,False,1.5-3,Residente,True
99999E00014868,domestic,PDMM,False,3-4.5,Non Residente,True
99999E00014869,domestic,PDMM,False,1.5-3,Residente,True
99999E00014871,domestic,PDMM,False,1.5-3,Residente,True
99999E00014875,domestic,PDMM,False,1.5-3,Residente,True
99999E00014877,domestic,PDMM,False,4.5-6,Non Residente,True
99999E00014885,domestic,PDMM,False,1.5-3,Non Residente,True
99999E00014892,domestic,PDMM,False,1.5-3,Non Residente,True
99999E00014895,domestic,PDMM,False,1.5-3,Non Residente,True
99999E00014901,domestic,PDMM,False,3-4.5,Residente,True
99999E00014906,domestic,PDMM,False,1.5-3,Residente,True
99999E00014907,domestic,PDMM,False,1.5-3,Non Residente,True
99999E00014909,domestic,PDMM,False,3-4.5,Non Residente,True
99999E00014910,domestic,PDMM,False,1.5-3,Non Residente,True
99999E00014911,domestic,PDMM,False,1.5-3,Non Residente,True
99999E00014912,domestic,PDMM,False,4.5-6,Non Residente,True
99999E00014913,domestic,PDMM,False,1.5-3,Non Residente,True
99999E00014957,domestic,PDMM,False,1.5-3,Residente,True
99999E00014967,domestic,PDMM,False,1.5-3,Non Residente,True
99999E00014968,domestic,PDMM,False,1.5-3,Non Residente,True
99999E00014973,domestic,PDMM,False,3-4.5,Non Residente,True
99999E00014983,domestic,PDMM,False,1.5-3,Non Residente,True
99999E00014990,domestic,PDMM,False,3-4.5,Residente,True
99999E00014995,domestic,PDMM,False,3-4.5,Residente,True
99999E00014996,domestic,PDMM,False,1.5-3,Non Residente,True
99999E00014997,domestic,PDMM,False,4.5-6,Residente,True
99999E00015000,domestic,PDMM,False,1.5-3,Non Residente,True
99999E00015002,domestic,PDMM,False,3-4.5,Non Residente,True
99999E00015011,other,PAUM,False,,,False
99999E00015012,domestic,PDMM,False,1.5-3,Non Residente,True
99999E00015013,domestic,PDMM,False,1.5-3,Non Residente,True
99999E00015015,domestic,PDMM,False,4.5-6,Non Residente,True
99999E00015021,domestic,PDMM,False,1.5-3,Non Residente,True
99999E00015022,domestic,PDMM,False,1.5-3,Non Residente,True
99999E00015024,domestic,PDMM,False,1.5-3,Non Residente,True
99999E00015028,domestic,PDMM,False,3-4.5,Residente,True
99999E00015029,domestic,PDMM,False,1.5-3,Non Residente,True
99999E00015039,domestic,PDMM,False,1.5-3,Residente,True
99999E00015040,domestic,PDMM,False,1.5-3,Non Residente,True
99999E00015043,domestic,PDMM,False,1.5-3,Non Residente,True
99999E00015044,other,PAUM,False,,,False
99999E00015045,domestic,PDMM,False,4.5-6,Residente,True
99999E00015046,other,PAUM,False,,,False
99999E00015052,domestic,PDMM,False,3-4.5,Non Residente,True
99999E00015054,domestic,PDMM,False,1.5-3,Non Residente,True
99999E00015056,domestic,PDMM,False,4.5-6,Non Residente,True
99999E00015060,domestic,PDMM,False,1.5-3,Non Residente,True
99999E00015064,domestic,PDMM,False,3-4.5,Residente,True
99999E00015068,domestic,PDMM,False,1.5-3,Residente,True
99999E00015070,domestic,PDMM,False,1.5-3,Non Residente,True
99999E00015072,domestic,PDMM,False,1.5-3,Non Residente,True
99999E00015075,domestic,PDMM,False,1.5-3,Non Residente,True
99999E00015078,domestic,PDMM,False,3-4.5,Non Residente,True
99999E00015079,domestic,PDMM,False,1.5-3,Non Residente,True
99999E00015081,domestic,PDMM,False,3-4.5,Non Residente,True
99999E00015092,domestic,PDMM,False,1.5-3,Non Residente,True
99999E00015095,domestic,PDMM,False,1.5-3,Residente,True
99999E00015099,domestic,PDMM,False,1.5-3,Residente,True
99999E00015103,domestic,PDMM,False,1.5-3,Residente,True
99999E00015104,domestic,PDMM,False,1.5-3,Non Residente,True
99999E00015106,domestic,PDMM,False,1.5-3,Residente,True
99999E00015108,domestic,PDMM,False,1.5-3,Residente,True
99999E00015111,domestic,PDMM,False,3-4.5,Non Residente,True
99999E00015117,domestic,PDMM,False,1.5-3,Non Residente,True
99999E00015119,domestic,PDMM,False,1.5-3,Non Residente,True
99999E00015120,domestic,PDMM,False,1.5-3,Non Residente,True
99999E00015122,domestic,PDMM,False,4.5-6,Non Residente,True
99999E00015125,domestic,PDMM,False,3-4.5,Non Residente,True
99999E00015126,domestic,PDMM,False,1.5-3,Non Residente,True
99999E00015127,domestic,PDMM,False,1.5-3,Non Residente,True
99999E00015129,domestic,PDMM,False,3-4.5,Residente,True
99999E00015132,domestic,PDMM,False,1.5-3,Residente,True
99999E00015135,domestic,PDMM,False,3-4.5,Residente,True
99999E00015136,domestic,PDMM,False,1.5-3,Residente,True
99999E00015139,domestic,PDMM,False,1.5-3,Non Residente,True
99999E00015141,domestic,PDMM,False,3-4.5,Residente,True
99999E00015145,domestic,PDMM,False,4.5-6,Non Residente,True
99999E00015146,domestic,PDMM,False,4.5-6,Non Residente,True
99999E00015147,domestic,PDMM,False,1.5-3,Non Residente,True
99999E00015153,domestic,PDMM,False,1.5-3,Non Residente,True
99999E00015156,domestic,PDMM,False,1.5-3,Non Residente,True
99999E00015159,domestic,PDMM,False,1.5-3,Non Residente,True
99999E00015166,domestic,PDMM,False,3-4.5,Non Residente,True
99999E00015167,domestic,PDMM,False,1.5-3,Non Residente,True
99999E00015169,domestic,PDMM,False,3-4.5,Non Residente,True
99999E00015170,domestic,PDMM,False,1.5-3,Non Residente,True
99999E00015197,domestic,PDMM,False,1.5-3,Non Residente,True
99999E00015198,domestic,PDMM,False,4.5-6,Non Residente,True
99999E00015200,domestic,PDMM,False,1.5-3,Residente,True
99999E00015204,domestic,PDMM,False,1.5-3,Residente,True
99999E00015216,other,PAUM,False,,,False
99999E00015243,domestic,PDMM,False,1.5-3,Non Residente,True
99999E00015244,domestic,PDMM,False,1.5-3,Non Residente,True
99999E00015251,domestic,PDMM,False,1.5-3,Non Residente,True
99999E00015257,domestic,PDMM,False,1.5-3,Non Residente,True
99999E00015260,domestic,PDMM,False,4.5-6,Non Residente,True
99999E00015263,other,PAUM,False,,,False
99999E00015264,domestic,PDMM,False,1.5-3,Non Residente,True
99999E00015265,domestic,PDMM,False,1.5-3,Residente,True
99999E00015266,domestic,PDMM,False,1.5-3,Non Residente,True
99999E00015281,domestic,PDMM,False,1.5-3,Non Residente,True
99999E00015285,domestic,PDMM,False,1.5-3,Non Residente,True
99999E00015289,domestic,PDMM,False,1.5-3,Non Residente,True
99999E00015290,domestic,PDMM,False,1.5-3,Residente,True
99999E00015295,domestic,PDMM,False,3-4.5,Residente,True
99999E00015308,domestic,PDMM,False,1.5-3,Non Residente,True
99999E00015335,domestic,PDMM,False,1.5-3,Residente,True
99999E00015386,domestic,PDMM,False,1.5-3,Non Residente,True
99999E00015402,other,PAUM,False,,,False
99999E00015404,domestic,PDMM,False,1.5-3,Non Residente,True
99999E00015407,domestic,PDMM,False,3-4.5,Non Residente,True
99999E00015413,domestic,PDMM,False,1.5-3,Non Residente,True
99999E00015429,domestic,PDMM,False,1.5-3,Residente,True
99999E00015457,domestic,PDMM,False,3-4.5,Non Residente,True
99999E00015469,other,PAUM,False,,,False
99999E00015528,domestic,PDMM,False,1.5-3,Non Residente,True
99999E00015539,domestic,PDMM,False,1.5-3,Non Residente,True
99999E00015543,other,PAUM,False,,,False
99999E00015544,other,PAUM,False,,,False
99999E00015545,domestic,PDMM,False,3-4.5,Non Residente,True
99999E00015549,domestic,PDMM,False,1.5-3,Residente,True
99999E00015552,domestic,PDMM,False,1.5-3,Non Residente,True
99999E00015553,domestic,PDMM,False,1.5-3,Non Residente,True
99999E00015554,domestic,PDMM,False,3-4.5,Non Residente,True
99999E00015558,domestic,PDMM,False,4.5-6,Non Residente,True
99999E00015563,domestic,PDMM,False,1.5-3,Non Residente,True
99999E00015569,domestic,PDMM,False,1.5-3,Non Residente,True
99999E00015574,domestic,PDMM,False,3-4.5,Non Residente,True
99999E00015584,domestic,PDMM,False,1.5-3,Non Residente,True
99999E00015593,domestic,PDMM,False,1.5-3,Residente,True
99999E00015597,domestic,PDMM,False,3-4.5,Residente,True
99999E00015598,domestic,PDMM,False,3-4.5,Non Residente,True
99999E00015600,domestic,PDMM,False,1.5-3,Non Residente,True
99999E00015630,domestic,PDMM,False,3-4.5,Residente,True
99999E00015636,domestic,PDMM,False,3-4.5,Non Residente,True
99999E00015638,domestic,PDMM,False,4.5-6,Non Residente,True
99999E00015640,domestic,PDMM,False,1.5-3,Non Residente,True
99999E00015641,domestic,PDMM,False,1.5-3,Non Residente,True
99999E00015643,domestic,PDMM,False,1.5-3,Non Residente,True
99999E00015644,domestic,PDMM,False,1.5-3,Non Residente,True
99999E00015650,domestic,PDMM,False,1.5-3,Non Residente,True
99999E00015652,domestic,PDMM,False,1.5-3,Non Residente,True
99999E00015653,domestic,PDMM,False,1.5-3,Non Residente,True
99999E00015654,domestic,PDMM,False,1.5-3,Residente,True
99999E00015655,domestic,PDMM,False,1.5-3,Non Residente,True
99999E00015660,domestic,PDMM,False,1.5-3,Residente,True
99999E00015661,domestic,PDMM,False,1.5-3,Residente,True
99999E00015675,domestic,PDMM,False,1.5-3,Residente,True
99999E00015678,domestic,PDMM,False,0-1.5,Non Residente,True
99999E00015680,domestic,PDMM,False,1.5-3,Residente,True
99999E00015699,domestic,PDMM,False,1.5-3,Non Residente,True
99999E00015710,domestic,PDMM,False,1.5-3,Residente,True
99999E00015714,domestic,PDMM,False,1.5-3,Residente,True
99999E00015722,domestic,PDMM,False,1.5-3,Residente,True
99999E00015728,domestic,PDMM,False,1.5-3,Residente,True
99999E00015738,domestic,PDMM,False,1.5-3,Residente,True
99999E00015742,domestic,PDMM,False,1.5-3,Residente,True
99999E00015743,domestic,PDMM,False,1.5-3,Non Residente,True
99999E00015744,domestic,PDMM,False,1.5-3,Residente,True
99999E00015751,domestic,PDMM,False,0-1.5,Non Residente,True
99999E00015752,domestic,PDMM,False,1.5-3,Non Residente,True
99999E00015775,domestic,PDMM,False,1.5-3,Non Residente,True
99999E00015776,domestic,PDMM,False,1.5-3,Non Residente,True
99999E00015778,other,PAUM,False,,,False
99999E00015784,domestic,PDMM,False,1.5-3,Non Residente,True
99999E00015815,domestic,PDMM,False,1.5-3,Non Residente,True
99999E00015833,domestic,PDMM,False,1.5-3,Non Residente,True
99999E00015834,domestic,PDMM,False,1.5-3,Residente,True
99999E00015839,domestic,PDMM,False,1.5-3,Residente,True
99999E00015849,domestic,PDMM,False,3-4.5,Non Residente,True
99999E00015850,domestic,PDMM,False,3-4.5,Non Residente,True
99999E00015853,other,PAUM,False,,,False
99999E00015858,domestic,PDMM,False,1.5-3,Non Residente,True
99999E00015910,domestic,PDMM,False,1.5-3,Non Residente,True
99999E00015911,domestic,PDMM,False,1.5-3,Non Residente,True
99999E00015912,domestic,PDMM,False,1.5-3,Residente,True
99999E00015914,domestic,PDMM,False,4.5-6,Non Residente,True
99999E00015917,domestic,PDMM,False,1.5-3,Non Residente,True
99999E00015919,domestic,PDMM,False,1.5-3,Non Residente,True
99999E00015922,domestic,PDMM,False,0-1.5,Non Residente,True
99999E00015927,domestic,PDMM,False,3-4.5,Non Residente,True
99999E00015929,domestic,PDMM,False,1.5-3,Residente,True
99999E00015936,domestic,PDMM,False,1.5-3,Residente,True
99999E00015937,domestic,PDMM,False,1.5-3,Non Residente,True
99999E00015940,domestic,PDMM,False,1.5-3,Residente,True
99999E00015950,domestic,PDMM,False,1.5-3,Non Residente,True
99999E00015964,domestic,PDMM,False,1.5-3,Residente,True
99999E00015966,domestic,PDMM,False,1.5-3,Residente,True
99999E00015969,domestic,PDMM,False,1.5-3,Non Residente,True
99999E00015970,domestic,PDMM,False,1.5-3,Non Residente,True
99999E00015979,domestic,PDMM,False,1.5-3,Non Residente,True
99999E00015980,domestic,PDMM,False,1.5-3,Non Residente,True
99999E00015988,domestic,PDMM,False,1.5-3,Residente,True
99999E00015991,domestic,PDMM,False,1.5-3,Residente,True
99999E00015992,domestic,PDMM,False,1.5-3,Residente,True
99999E00015998,domestic,PDMM,False,1.5-3,Residente,True
99999E00015999,domestic,PDMM,False,3-4.5,Residente,True
99999E00016002,domestic,PDMM,False,3-4.5,Residente,True
99999E00016004,domestic,PDMM,False,1.5-3,Residente,True
99999E00016005,domestic,PDMM,False,3-4.5,Residente,True
99999E00016013,domestic,PDMM,False,1.5-3,Residente,True
99999E00016020,domestic,PDMM,False,1.5-3,Residente,True
99999E00016031,domestic,PDMM,False,1.5-3,Non Residente,True
99999E00016039,domestic,PDMM,False,1.5-3,Non Residente,True
99999E00016040,domestic,PDMM,False,3-4.5,Non Residente,True
99999E00016041,domestic,PDMM,False,3-4.5,Non Residente,True
99999E00016044,domestic,PDMM,False,1.5-3,Non Residente,True
99999E00016045,domestic,PDMM,False,1.5-3,Non Residente,True
99999E00016047,domestic,PDMM,False,1.5-3,Residente,True
99999E00016060,domestic,PDMM,False,1.5-3,Residente,True
99999E00016064,other,PAUM,False,,,False
99999E00016076,domestic,PDMM,False,1.5-3,Non Residente,True
99999E00016083,domestic,PDMM,False,1.5-3,Non Residente,True
99999E00016087,domestic,PDMM,False,1.5-3,Non Residente,True
99999E00016088,other,PAUM,False,,,False
99999E00016089,domestic,PDMM,False,1.5-3,Residente,True
99999E00016090,domestic,PDMM,False,3-4.5,Non Residente,True
99999E00016091,domestic,PDMM,False,3-4.5,Non Residente,True
99999E00016092,domestic,PDMM,False,3-4.5,Residente,True
99999E00016094,other,PAUM,False,,,False
99999E00016099,domestic,PDMM,False,1.5-3,Residente,True
99999E00016109,domestic,PDMM,False,1.5-3,Non Residente,True
99999E00016119,domestic,PDMM,False,1.5-3,Residente,True
99999E00016124,domestic,PDMM,False,3-4.5,Non Residente,True
99999E00016126,domestic,PDMM,False,1.5-3,Non Residente,True
99999E00016127,domestic,PDMM,False,1.5-3,Non Residente,True
99999E00016128,domestic,PDMM,False,3-4.5,Non Residente,True
99999E00016129,domestic,PDMM,False,1.5-3,Non Residente,True
99999E00016131,domestic,PDMM,False,1.5-3,Non Residente,True
99999E00016141,domestic,PDMM,False,1.5-3,Non Residente,True
99999E00016150,domestic,PDMM,False,1.5-3,Residente,True
99999E00016202,domestic,PDMM,False,3-4.5,Residente,True
99999E00016228,other,PAUM,False,,,False
99999E00016229,domestic,PDMM,False,1.5-3,Non Residente,True
99999E00016231,domestic,PDMM,False,1.5-3,Non Residente,True
99999E00016238,other,PAUM,False,,,False
99999E00016239,domestic,PDMM,False,1.5-3,Residente,True
99999E00016240,domestic,PDMM,False,1.5-3,Non Residente,True
99999E00016258,domestic,PDMM,False,3-4.5,Non Residente,True
99999E00016260,domestic,PDMM,False,1.5-3,Non Residente,True
99999E00016263,domestic,PDMM,False,1.5-3,Non Residente,True
99999E00016266,domestic,PDMM,False,1.5-3,Non Residente,True
99999E00016275,domestic,PDMM,False,4.5-6,Non Residente,True
99999E00016276,domestic,PDMM,False,4.5-6,Non Residente,True
99999E00016296,other,PAUM,False,,,False
99999E00016302,domestic,PDMM,False,1.5-3,Non Residente,True
99999E00016306,domestic,PDMM,False,1.5-3,Non Residente,True
99999E00016310,other,PAUM,False,,,False
99999E00016312,domestic,PDMM,False,1.5-3,Non Residente,True
99999E00016348,domestic,PDMM,False,1.5-3,Non Residente,True
99999E00016354,domestic,PDMM,False,1.5-3,Non Residente,True
99999E00016356,domestic,PDMM,False,1.5-3,Non Residente,True
99999E00016360,domestic,PDMM,False,1.5-3,Non Residente,True
99999E00016364,domestic,PDMM,False,1.5-3,Residente,True
99999E00016367,domestic,PDMM,False,3-4.5,Non Residente,True
99999E00016369,other,PAUM,False,,,False
99999E00016380,domestic,PDMM,False,3-4.5,Non Residente,True
99999E00016384,domestic,PDMM,False,3-4.5,Non Residente,True
99999E00016387,domestic,PDMM,False,1.5-3,Non Residente,True
99999E00016399,domestic,PDMM,False,1.5-3,Residente,True
99999E00016408,domestic,PDMM,False,1.5-3,Residente,True
99999E00016409,domestic,PDMM,False,3-4.5,Residente,True
99999E00016413,domestic,PDMM,False,1.5-3,Non Residente,True
99999E00016423,domestic,PDMM,False,1.5-3,Non Residente,True
99999E00016429,domestic,PDMM,False,1.5-3,Residente,True
99999E00016430,domestic,PDMM,False,1.5-3,Non Residente,True
99999E00016433,domestic,PDMM,False,1.5-3,Non Residente,True
99999E00016448,domestic,PDMM,False,1.5-3,Residente,True
99999E00016452,domestic,PDMM,False,1.5-3,Residente,True
99999E00016460,domestic,PDMM,False,1.5-3,Residente,True
99999E00016462,domestic,PDMM,False,1.5-3,Residente,True
99999E00016467,domestic,PDMM,False,1.5-3,Residente,True
99999E00016468,domestic,PDMM,False,1.5-3,Non Residente,True
99999E00016473,domestic,PDMM,False,3-4.5,Non Residente,True
99999E00016474,other,PAUM,False,,,False
99999E00016485,domestic,PDMM,False,0-1.5,Non Residente,True
99999E00016486,domestic,PDMM,False,1.5-3,Residente,True
99999E00016495,domestic,PDMM,False,1.5-3,Non Residente,True
99999E00016496,domestic,PDMM,False,1.5-3,Non Residente,True
99999E00016498,domestic,PDMM,False,1.5-3,Non Residente,True
99999E00016499,domestic,PDMM,False,1.5-3,Non Residente,True
99999E00016501,domestic,PDMM,False,1.5-3,Non Residente,True
99999E00016503,domestic,PDMM,False,1.5-3,Non Residente,True
99999E00016506,domestic,PDMM,False,1.5-3,Non Residente,True
99999E00016522,domestic,PDMM,False,1.5-3,Non Residente,True
99999E00016524,domestic,PDMM,False,1.5-3,Non Residente,True
99999E00016525,domestic,PDMM,False,1.5-3,Non Residente,True
99999E00016578,domestic,PDMM,False,3-4.5,Non Residente,True
99999E00016583,domestic,PDMM,False,1.5-3,Non Residente,True
99999E00016586,domestic,PDMM,False,1.5-3,Non Residente,True
99999E00016676,domestic,PDMM,False,1.5-3,Residente,True
99999E00016679,domestic,PDMM,False,0-1.5,Non Residente,True
99999E00016687,domestic,PDMM,False,>6,Non Residente,True
99999E00016714,domestic,PDMM,False,1.5-3,Non Residente,True
99999E00016727,domestic,PDMM,False,1.5-3,Non Residente,True
99999E00016733,domestic,PDMM,False,1.5-3,Non Residente,True
99999E00016737,domestic,PDMM,False,1.5-3,Non Residente,True
99999E00016739,domestic,PDMM,False,1.5-3,Non Residente,True
99999E00016742,domestic,PDMM,False,4.5-6,Non Residente,True
99999E00016749,domestic,PDMM,False,1.5-3,Non Residente,True
99999E00016750,domestic,PDMM,False,1.5-3,Non Residente,True
99999E00016754,domestic,PDMM,False,1.5-3,Non Residente,True
99999E00016755,domestic,PDMM,False,1.5-3,Non Residente,True
99999E00016773,domestic,PDMM,False,3-4.5,Non Residente,True
99999E00016774,domestic,PDMM,False,4.5-6,Non Residente,True
99999E00016777,domestic,PDMM,False,3-4.5,Non Residente,True
99999E00016779,domestic,PDMM,False,1.5-3,Non Residente,True
99999E00016781,domestic,PDMM,False,3-4.5,Non Residente,True
99999E00016782,other,PAUM,False,,,False
99999E00016783,other,PAUM,False,,,False
99999E00016784,other,PAUM,False,,,False
99999E00016785,other,PAUM,False,,,False
99999E00016786,domestic,PDMM,False,1.5-3,Non Residente,True
99999E00016788,other,PAUM,False,,,False
99999E00016789,other,PAUM,False,,,False
99999E00016790,other,PAUM,False,,,False
99999E00016791,other,PAUM,False,,,False
99999E00016793,other,PAUM,False,,,False
99999E00016794,other,PAUM,False,,,False
99999E00016796,other,PAUM,False,,,False
99999E00016797,other,PAUM,False,,,False
99999E00016798,other,PAUM,False,,,False
99999E00016800,other,PAUM,False,,,False
99999E00016801,other,PAUM,False,,,False
99999E00016802,other,PAUM,False,,,False
99999E00016803,other,PAUM,False,,,False
99999E00016804,other,PAUM,False,,,False
99999E00016805,other,PAUM,False,,,False
99999E00016806,other,PAUM,False,,,False
99999E00016807,other,PAUM,False,,,False
99999E00016808,other,PAUM,False,,,False
99999E00016809,other,PAUM,False,,,False
99999E00016811,other,PAUM,False,,,False
99999E00016813,other,PAUM,False,,,False
99999E00016814,domestic,PDMM,False,4.5-6,Non Residente,True
99999E00016820,domestic,PDMM,False,3-4.5,Non Residente,True
99999E00016822,domestic,PDMM,False,1.5-3,Non Residente,True
99999E00016823,domestic,PDMM,False,3-4.5,Non Residente,True
99999E00016824,domestic,PDMM,False,3-4.5,Non Residente,True
99999E00016829,domestic,PDMM,False,1.5-3,Residente,True
99999E00016831,domestic,PDMM,False,1.5-3,Non Residente,True
99999E00016832,domestic,PDMM,False,1.5-3,Residente,True
99999E00016833,domestic,PDMM,False,1.5-3,Residente,True
99999E00016842,domestic,PDMM,False,1.5-3,Non Residente,True
99999E00016854,domestic,PDMM,False,3-4.5,Non Residente,True
99999E00016880,domestic,PDMM,False,1.5-3,Residente,True
99999E00016883,domestic,PDMM,False,1.5-3,Residente,True
99999E00016906,domestic,PDMM,False,1.5-3,Residente,True
99999E00016949,domestic,PDMM,False,1.5-3,Non Residente,True
99999E00016951,domestic,PDMM,False,1.5-3,Non Residente,True
99999E00016957,domestic,PDMM,False,1.5-3,Non Residente,True
99999E00016962,domestic,PDMM,False,1.5-3,Non Residente,True
99999E00016963,domestic,PDMM,False,1.5-3,Non Residente,True
99999E00017016,domestic,PDMM,False,1.5-3,Non Residente,True
99999E00017017,domestic,PDMM,False,1.5-3,Non Residente,True
99999E00017024,domestic,PDMM,False,1.5-3,Non Residente,True
99999E00017025,domestic,PDMM,False,1.5-3,Non Residente,True
99999E00017047,domestic,PDMM,False,1.5-3,Residente,True
99999E00017065,domestic,PDMM,False,1.5-3,Non Residente,True
99999E00017069,domestic,PDMM,False,1.5-3,Non Residente,True
99999E00017071,domestic,PDMM,False,1.5-3,Non Residente,True
99999E00017072,domestic,PDMM,False,4.5-6,Non Residente,True
99999E00017078,domestic,PDMM,False,3-4.5,Non Residente,True
99999E00017081,domestic,PDMM,False,3-4.5,Residente,True
99999E00017086,domestic,PDMM,False,3-4.5,Non Residente,True
99999E00017089,other,PAUM,False,,,False
99999E00017108,domestic,PDMM,False,1.5-3,Residente,True
99999E00017109,domestic,PDMM,False,1.5-3,Residente,True
99999E00017114,domestic,PDMM,False,3-4.5,Residente,True
99999E00017123,domestic,PDMM,False,3-4.5,Residente,True
99999E00017124,domestic,PDMM,False,1.5-3,Non Residente,True
99999E00017133,domestic,PDMM,False,1.5-3,Residente,True
99999E00017139,domestic,PDMM,False,1.5-3,Residente,True
99999E00017147,domestic,PDMM,False,1.5-3,Residente,True
99999E00017149,domestic,PDMM,False,1.5-3,Residente,True
99999E00017161,domestic,PDMM,False,1.5-3,Non Residente,True
99999E00017162,domestic,PDMM,False,3-4.5,Non Residente,True
99999E00017171,domestic,PDMM,False,0-1.5,Non Residente,True
99999E00017176,domestic,PDMM,False,1.5-3,Residente,True
99999E00017180,domestic,PDMM,False,3-4.5,Residente,True
99999E00017181,domestic,PDMM,False,1.5-3,Residente,True
99999E00017188,domestic,PDMM,False,1.5-3,Residente,True
99999E00017197,domestic,PDMM,False,1.5-3,Residente,True
99999E00017204,domestic,PDMM,False,1.5-3,Residente,True
99999E00017209,domestic,PDMM,False,3-4.5,Non Residente,True
99999E00017213,domestic,PDMM,False,1.5-3,Residente,True
99999E00017216,domestic,PDMM,False,3-4.5,Residente,True
99999E00017220,domestic,PDMM,False,1.5-3,Residente,True
99999E00017222,domestic,PDMM,False,1.5-3,Residente,True
99999E00017231,domestic,PDMM,False,1.5-3,Residente,True
99999E00017232,domestic,PDMM,False,1.5-3,Residente,True
99999E00017234,domestic,PDMM,False,1.5-3,Residente,True
99999E00017238,domestic,PDMM,False,1.5-3,Residente,True
99999E00017239,domestic,PDMM,False,1.5-3,Residente,True
99999E00017247,domestic,PDMM,False,1.5-3,Residente,True
99999E00017253,domestic,PDMM,False,1.5-3,Residente,True
99999E00017254,domestic,PDMM,False,1.5-3,Non Residente,True
99999E00017256,domestic,PDMM,False,3-4.5,Residente,True
99999E00017274,domestic,PDMM,False,1.5-3,Non Residente,True
99999E00017284,domestic,PDMM,False,1.5-3,Residente,True
99999E00017287,domestic,PDMM,False,3-4.5,Non Residente,True
99999E00020015,domestic,PDMM,False,1.5-3,Non Residente,True
99999E00020027,domestic,PDMM,False,3-4.5,Non Residente,True
99999E00020049,domestic,PDMM,False,1.5-3,Residente,True
99999E00020060,domestic,PDMM,False,3-4.5,Residente,True
99999E00020066,domestic,PDMM,False,1.5-3,Non Residente,True
99999E00020097,domestic,PDMM,False,1.5-3,Residente,True
99999E00020098,domestic,PDMM,False,1.5-3,Residente,True
99999E00020110,domestic,PDMM,False,3-4.5,Residente,True
99999E00020129,domestic,PDMM,False,1.5-3,Non Residente,True
99999E00020150,domestic,PDMM,False,1.5-3,Non Residente,True
99999E00020194,domestic,PDMM,False,0-1.5,Non Residente,True
99999E00020210,domestic,PDMM,False,1.5-3,Non Residente,True
99999E00020211,domestic,PDMM,False,1.5-3,Non Residente,True
99999E00020227,domestic,PDMM,False,1.5-3,Non Residente,True
99999E00020228,domestic,PDMM,False,1.5-3,Non Residente,True
99999E00020231,domestic,PDMM,False,1.5-3,Non Residente,True
99999E00020232,domestic,PDMM,False,1.5-3,Non Residente,True
99999E00020233,domestic,PDMM,False,3-4.5,Residente,True
99999E00020262,domestic,PDMM,False,1.5-3,Non Residente,True
99999E00020263,domestic,PDMM,False,1.5-3,Non Residente,True
99999E00020264,domestic,PDMM,False,1.5-3,Non Residente,True
99999E00020277,domestic,PDMM,False,1.5-3,Residente,True
99999E00020279,domestic,PDMM,False,1.5-3,Non Residente,True
99999E00020281,domestic,PDMM,False,3-4.5,Non Residente,True
99999E00020286,domestic,PDMM,False,1.5-3,Non Residente,True
99999E00020287,domestic,PDMM,False,1.5-3,Residente,True
99999E00020298,domestic,PDMM,False,1.5-3,Non Residente,True
99999E00020323,domestic,PDMM,False,3-4.5,Residente,True
99999E00020334,domestic,PDMM,False,3-4.5,Non Residente,True
99999E00020355,domestic,PDMM,False,1.5-3,Residente,True
99999E00020356,domestic,PDMM,False,1.5-3,Non Residente,True
99999E00020372,domestic,PDMM,False,1.5-3,Residente,True
99999E00020373,domestic,PDMM,False,1.5-3,Non Residente,True
99999E00020386,domestic,PDMM,False,1.5-3,Residente,True
99999E00020387,domestic,PDMM,False,1.5-3,Residente,True
99999E00020392,domestic,PDMM,False,1.5-3,Residente,True
99999E00020395,domestic,PDMM,False,1.5-3,Non Residente,True
99999E00020400,domestic,PDMM,False,3-4.5,Residente,True
99999E00020430,domestic,PDMM,False,3-4.5,Residente,True
99999E00020431,other,PAUM,False,,,False
99999E00020459,other,PAUM,False,,,False
99999E00020477,domestic,PDMM,False,1.5-3,Residente,True
99999E00020491,domestic,PDMM,False,1.5-3,Non Residente,True
99999E00020509,domestic,PDMM,False,1.5-3,Non Residente,True
99999E00020513,domestic,PDMM,False,1.5-3,Non Residente,True
99999E00020516,other,PAUM,False,,,False
99999E00020519,domestic,PDMM,False,1.5-3,Residente,True
99999E00020520,domestic,PDMM,False,1.5-3,Residente,True
99999E00020538,domestic,PDMM,False,4.5-6,Residente,True
99999E00020542,domestic,PDMM,False,1.5-3,Non Residente,True
99999E00020543,domestic,PDMM,False,1.5-3,Residente,True
99999E00020552,domestic,PDMM,False,1.5-3,Non Residente,True
99999E00020570,domestic,PDMM,False,1.5-3,Residente,True
99999E00020572,domestic,PDMM,False,1.5-3,Non Residente,True
99999E00020573,domestic,PDMM,False,3-4.5,Non Residente,True
99999E00020583,domestic,PDMM,False,1.5-3,Residente,True
99999E00020590,domestic,PDMM,False,4.5-6,Non Residente,True
99999E00020600,domestic,PDMM,False,1.5-3,Non Residente,True
99999E00020601,domestic,PDMM,False,1.5-3,Non Residente,True
99999E00020613,domestic,PDMM,False,1.5-3,Non Residente,True
99999E00020649,domestic,PDMM,False,1.5-3,Residente,True
99999E00020650,domestic,PDMM,False,1.5-3,Non Residente,True
99999E00020653,domestic,PDMM,False,1.5-3,Non Residente,True
99999E00020654,domestic,PDMM,False,3-4.5,Non Residente,True
99999E00020656,domestic,PDMM,False,1.5-3,Residente,True
99999E00020697,domestic,PDMM,False,1.5-3,Residente,True
99999E00020714,domestic,PDMM,False,1.5-3,Residente,True
99999E00020716,domestic,PDMM,False,3-4.5,Residente,True
99999E00020739,domestic,PDMM,False,1.5-3,Non Residente,True
99999E00020744,domestic,PDMM,False,1.5-3,Residente,True
99999E00020746,domestic,PDMM,False,1.5-3,Non Residente,True
99999E00020754,domestic,PDMM,False,1.5-3,Residente,True
99999E00020771,domestic,PDMM,False,1.5-3,Non Residente,True
99999E00020790,domestic,PDMM,False,1.5-3,Residente,True
99999E00020809,domestic,PDMM,False,1.5-3,Non Residente,True
99999E00020813,domestic,PDMM,False,1.5-3,Non Residente,True
99999E00020814,domestic,PDMM,False,1.5-3,Non Residente,True
99999E00020823,domestic,PDMM,False,1.5-3,Residente,True
99999E00020828,domestic,PDMM,False,3-4.5,Non Residente,True
99999E00020841,domestic,PDMM,False,3-4.5,Non Residente,True
99999E00020842,domestic,PDMM,False,1.5-3,Non Residente,True
99999E00020852,domestic,PDMM,False,1.5-3,Non Residente,True
99999E00020860,domestic,PDMM,False,0-1.5,Non Residente,True
99999E00020872,domestic,PDMM,False,1.5-3,Residente,True
99999E00020882,domestic,PDMM,False,1.5-3,Residente,True
99999E00020883,domestic,PDMM,False,1.5-3,Residente,True
99999E00020886,domestic,PDMM,False,1.5-3,Non Residente,True
99999E00020894,domestic,PDMM,False,3-4.5,Residente,True
99999E00020896,domestic,PDMM,False,1.5-3,Non Residente,True
99999E00020897,domestic,PDMM,False,1.5-3,Non Residente,True
99999E00020898,domestic,PDMM,False,4.5-6,Non Residente,True
99999E00020903,domestic,PDMM,False,1.5-3,Residente,True
99999E00020906,domestic,PDMM,False,3-4.5,Non Residente,True
99999E00020908,domestic,PDMM,False,1.5-3,Residente,True
99999E00020922,domestic,PDMM,False,1.5-3,Residente,True
99999E00020924,domestic,PDMM,False,1.5-3,Residente,True
99999E00020930,domestic,PDMM,False,1.5-3,Residente,True
99999E00020935,domestic,PDMM,False,1.5-3,Non Residente,True
99999E00020936,domestic,PDMM,False,1.5-3,Residente,True
99999E00020938,domestic,PDMM,False,3-4.5,Non Residente,True
99999E00020957,domestic,PDMM,False,3-4.5,Residente,True
99999E00020974,domestic,PDMM,False,1.5-3,Non Residente,True
99999E00020983,domestic,PDMM,False,1.5-3,Non Residente,True
99999E00020988,domestic,PDMM,False,1.5-3,Non Residente,True
99999E00020990,domestic,PDMM,False,3-4.5,Residente,True
99999E00021006,domestic,PDMM,False,1.5-3,Residente,True
99999E00021029,other,PAUM,False,,,False
99999E00021041,domestic,PDMM,False,4.5-6,Non Residente,True
99999E00021043,domestic,PDMM,False,1.5-3,Residente,True
99999E00021044,domestic,PDMM,False,1.5-3,Residente,True
99999E00021047,domestic,PDMM,False,1.5-3,Non Residente,True
99999E00021058,domestic,PDMM,False,3-4.5,Non Residente,True
99999E00021072,domestic,PDMM,False,1.5-3,Residente,True
99999E00021083,domestic,PDMM,False,1.5-3,Residente,True
99999E00021087,domestic,PDMM,False,3-4.5,Residente,True
99999E00021090,domestic,PDMM,False,4.5-6,Non Residente,True
99999E00021111,domestic,PDMM,False,3-4.5,Non Residente,True
99999E00021136,domestic,PDMM,False,1.5-3,Residente,True
99999E00021173,domestic,PDMM,False,1.5-3,Residente,True
99999E00021184,domestic,PDMM,False,1.5-3,Residente,True
99999E00021185,domestic,PDMM,False,3-4.5,Residente,True
99999E00021199,domestic,PDMM,False,3-4.5,Residente,True
99999E00021203,domestic,PDMM,False,3-4.5,Non Residente,True
99999E00021204,domestic,PDMM,False,4.5-6,Non Residente,True
99999E00021210,domestic,PDMM,False,1.5-3,Residente,True
99999E00021245,domestic,PDMM,False,1.5-3,Residente,True
99999E00021248,domestic,PDMM,False,4.5-6,Residente,True
99999E00021268,domestic,PDMM,False,1.5-3,Residente,True
99999E00021272,domestic,PDMM,False,4.5-6,Residente,True
99999E00021276,domestic,PDMM,False,1.5-3,Non Residente,True
99999E00021278,domestic,PDMM,False,3-4.5,Residente,True
99999E00021279,domestic,PDMM,False,1.5-3,Non Residente,True
99999E00021293,domestic,PDMM,False,1.5-3,Non Residente,True
99999E00021302,domestic,PDMM,False,1.5-3,Residente,True
99999E00021315,domestic,PDMM,False,1.5-3,Non Residente,True
99999E00021318,domestic,PDMM,False,1.5-3,Non Residente,True
99999E00021333,domestic,PDMM,False,1.5-3,Residente,True
99999E00021346,domestic,PDMM,False,1.5-3,Residente,True
99999E00021349,other,PAUM,False,,,False
99999E00021381,domestic,PDMM,False,3-4.5,Non Residente,True
99999E00021382,domestic,PDMM,False,3-4.5,Non Residente,True
99999E00021383,domestic,PDMM,False,1.5-3,Non Residente,True
99999E00021391,domestic,PDMM,False,1.5-3,Non Residente,True
99999E00021401,domestic,PDMM,False,1.5-3,Non Residente,True
99999E00021410,domestic,PDMM,False,1.5-3,Residente,True
99999E00021419,domestic,PDMM,False,4.5-6,Residente,True
99999E00021424,domestic,PDMM,False,1.5-3,Residente,True
99999E00021425,domestic,PDMM,False,3-4.5,Residente,True
99999E00021427,domestic,PDMM,False,1.5-3,Non Residente,True
99999E00021510,domestic,PDMM,False,1.5-3,Residente,True
99999E00021513,domestic,PDMM,False,1.5-3,Residente,True
99999E00021518,domestic,PDMM,False,1.5-3,Non Residente,True
99999E00021529,domestic,PDMM,False,1.5-3,Residente,True
99999E00021537,domestic,PDMM,False,4.5-6,Non Residente,True
99999E00021562,domestic,PDMM,False,1.5-3,Residente,True
99999E00021566,domestic,PDMM,False,1.5-3,Non Residente,True
99999E00021580,domestic,PDMM,False,3-4.5,Residente,True
99999E00021590,domestic,PDMM,False,1.5-3,Non Residente,True
99999E00021613,domestic,PDMM,False,1.5-3,Residente,True
99999E00021615,domestic,PDMM,False,4.5-6,Non Residente,True
99999E00021633,domestic,PDMM,False,1.5-3,Non Residente,True
99999E00021651,domestic,PDMM,False,1.5-3,Non Residente,True
99999E00021662,domestic,PDMM,False,3-4.5,Non Residente,True
99999E00021663,domestic,PDMM,False,1.5-3,Non Residente,True
99999E00021675,domestic,PDMM,False,1.5-3,Non Residente,True
99999E00021701,domestic,PDMM,False,1.5-3,Residente,True
99999E00021704,domestic,PDMM,False,1.5-3,Non Residente,True
99999E00021713,domestic,PDMM,False,1.5-3,Non Residente,True
99999E00021715,domestic,PDMM,False,3-4.5,Non Residente,True
99999E00021731,domestic,PDMM,False,4.5-6,Non Residente,True
99999E00021755,domestic,PDMM,False,1.5-3,Non Residente,True
99999E00021788,domestic,PDMM,False,3-4.5,Residente,True
99999E00021796,domestic,PDMM,False,1.5-3,Non Residente,True
99999E00021815,domestic,PDMM,False,1.5-3,Non Residente,True
99999E00021816,domestic,PDMM,False,1.5-3,Non Residente,True
99999E00021817,domestic,PDMM,False,3-4.5,Residente,True
99999E00021823,domestic,PDMM,False,1.5-3,Residente,True
99999E00021843,domestic,PDMM,False,1.5-3,Non Residente,True
99999E00021844,domestic,PDMM,False,1.5-3,Non Residente,True
99999E00021846,domestic,PDMM,False,1.5-3,Non Residente,True
99999E00021851,domestic,PDMM,False,1.5-3,Non Residente,True
99999E00021852,domestic,PDMM,False,1.5-3,Residente,True
99999E00021856,other,PAUM,False,,,False
99999E00021870,domestic,PDMM,False,1.5-3,Residente,True
99999E00021871,domestic,PDMM,False,1.5-3,Residente,True
99999E00021878,domestic,PDMM,False,1.5-3,Non Residente,True
99999E00021887,domestic,PDMM,False,1.5-3,Non Residente,True
99999E00021906,domestic,PDMM,False,1.5-3,Non Residente,True
99999E00021915,other,PAUM,False,,,False
99999E00021923,domestic,PDMM,False,1.5-3,Residente,True
99999E00021930,other,PAUM,False,,,False
99999E00021931,other,PAUM,False,,,False
99999E00021937,domestic,PDMM,False,3-4.5,Non Residente,True
99999E00021956,domestic,PDMM,False,3-4.5,Residente,True
99999E00021961,domestic,PDMM,False,3-4.5,Residente,True
99999E00021967,domestic,PDMM,False,1.5-3,Non Residente,True
99999E00021968,domestic,PDMM,False,1.5-3,Non Residente,True
99999E00021974,domestic,PDMM,False,0-1.5,Non Residente,True
99999E00021975,domestic,PDMM,False,0-1.5,Non Residente,True
99999E00021976,domestic,PDMM,False,1.5-3,Non Residente,True
99999E00021984,domestic,PDMM,False,1.5-3,Non Residente,True
99999E00021985,domestic,PDMM,False,>6,Non Residente,True
99999E00021997,domestic,PDMM,False,1.5-3,Non Residente,True
99999E00021998,domestic,PDMM,False,1.5-3,Residente,True
99999E00022001,domestic,PDMM,False,3-4.5,Non Residente,True
99999E00022005,domestic,PDMM,False,3-4.5,Residente,True
99999E00022012,domestic,PDMM,False,1.5-3,Residente,True
99999E00022016,domestic,PDMM,False,1.5-3,Non Residente,True
99999E00022017,other,PAUM,False,,,False
99999E00022021,domestic,PDMM,False,1.5-3,Residente,True
99999E00022028,domestic,PDMM,False,1.5-3,Non Residente,True
99999E00022036,domestic,PDMM,False,3-4.5,Non Residente,True
99999E00022044,domestic,PDMM,False,1.5-3,Non Residente,True
99999E00022048,domestic,PDMM,False,3-4.5,Non Residente,True
99999E00022058,other,PAUM,False,,,False
99999E00022079,domestic,PDMM,False,1.5-3,Non Residente,True
99999E00022087,domestic,PDMM,False,4.5-6,Residente,True
99999E00022088,domestic,PDMM,False,4.5-6,Non Residente,True
99999E00022089,domestic,PDMM,False,1.5-3,Non Residente,True
99999E00022092,domestic,PDMM,False,1.5-3,Non Residente,True
99999E00022104,domestic,PDMM,False,1.5-3,Residente,True
99999E00022108,other,PAUM,False,,,False
99999E00022111,domestic,PDMM,False,1.5-3,Non Residente,True
99999E00022112,domestic,PDMM,False,1.5-3,Non Residente,True
99999E00022116,domestic,PDMM,False,3-4.5,Non Residente,True
99999E00022120,domestic,PDMM,False,1.5-3,Non Residente,True
99999E00022134,domestic,PDMM,False,1.5-3,Residente,True
99999E00022146,other,PAUM,False,,,False
99999E00022151,domestic,PDMM,False,1.5-3,Residente,True
99999E00022156,other,PAUM,False,,,False
99999E00022157,other,PAUM,False,,,False
99999E00022158,other,PAUM,False,,,False
99999E00022160,other,PAUM,False,,,False
99999E00022161,other,PAUM,False,,,False
99999E00022162,domestic,PDMM,False,1.5-3,Non Residente,True
99999E00022163,other,PAUM,False,,,False
99999E00022176,other,PAUM,False,,,False
99999E00022180,domestic,PDMM,False,4.5-6,Non Residente,True
99999E00022185,domestic,PDMM,False,1.5-3,Non Residente,True
99999E00022195,domestic,PDMM,False,1.5-3,Non Residente,True
99999E00022197,domestic,PDMM,False,4.5-6,Non Residente,True
99999E00022201,domestic,PDMM,False,3-4.5,Non Residente,True
99999E00022202,domestic,PDMM,False,1.5-3,Non Residente,True
99999E00022208,domestic,PDMM,False,1.5-3,Residente,True
99999E00022209,domestic,PDMM,False,1.5-3,Residente,True
99999E00022211,domestic,PDMM,False,1.5-3,Residente,True
99999E00022212,domestic,PDMM,False,0-1.5,Non Residente,True
99999E00022223,domestic,PDMM,False,3-4.5,Non Residente,True
99999E00022224,domestic,PDMM,False,1.5-3,Non Residente,True
99999E00022225,domestic,PDMM,False,1.5-3,Non Residente,True
99999E00022227,domestic,PDMM,False,4.5-6,Residente,True
99999E00022228,domestic,PDMM,False,3-4.5,Residente,True
99999E00022276,domestic,PDMM,False,3-4.5,Residente,True
99999E00022293,domestic,PDMM,False,1.5-3,Residente,True
99999E00022299,domestic,PDMM,False,1.5-3,Non Residente,True
99999E00022304,domestic,PDMM,False,3-4.5,Residente,True
99999E00022316,domestic,PDMM,False,1.5-3,Residente,True
99999E00022335,domestic,PDMM,False,1.5-3,Non Residente,True
99999E00022337,domestic,PDMM,False,1.5-3,Non Residente,True
99999E00022340,domestic,PDMM,False,3-4.5,Residente,True
99999E00022366,domestic,PDMM,False,1.5-3,Residente,True
99999E00022376,domestic,PDMM,False,1.5-3,Non Residente,True
99999E00022384,domestic,PDMM,False,1.5-3,Non Residente,True
99999E00022387,domestic,PDMM,False,3-4.5,Residente,True
99999E00022393,domestic,PDMM,False,1.5-3,Residente,True
99999E00022405,domestic,PDMM,False,4.5-6,Non Residente,True
99999E00022411,domestic,PDMM,False,1.5-3,Non Residente,True
99999E00022427,domestic,PDMM,False,1.5-3,Residente,True
99999E00022444,domestic,PDMM,False,1.5-3,Non Residente,True
99999E00022446,domestic,PDMM,False,1.5-3,Non Residente,True
99999E00022454,domestic,PDMM,False,3-4.5,Residente,True
99999E00022464,domestic,PDMM,False,0-1.5,Non Residente,True
99999E00022465,domestic,PDMM,False,1.5-3,Non Residente,True
99999E00022467,domestic,PDMM,False,1.5-3,Residente,True
99999E00022468,domestic,PDMM,False,1.5-3,Non Residente,True
99999E00022476,domestic,PDMM,False,1.5-3,Non Residente,True
99999E00022478,domestic,PDMM,False,1.5-3,Non Residente,True
99999E00022479,domestic,PDMM,False,1.5-3,Non Residente,True
99999E00022487,domestic,PDMM,False,1.5-3,Non Residente,True
99999E00022490,domestic,PDMM,False,1.5-3,Residente,True
99999E00022500,domestic,PDMM,False,4.5-6,Non Residente,True
99999E00022502,domestic,PDMM,False,1.5-3,Non Residente,True
99999E00022510,domestic,PDMM,False,1.5-3,Residente,True
99999E00022519,other,PAUM,False,,,False
99999E00022541,domestic,PDMM,False,1.5-3,Residente,True
99999E00022551,domestic,PDMM,False,1.5-3,Non Residente,True
99999E00022570,domestic,PDMM,False,1.5-3,Non Residente,True
99999E00022578,domestic,PDMM,False,1.5-3,Non Residente,True
99999E00022580,domestic,PDMM,False,1.5-3,Non Residente,True
99999E00022591,domestic,PDMM,False,1.5-3,Residente,True
99999E00022601,domestic,PDMM,False,1.5-3,Non Residente,True
99999E00022610,domestic,PDMM,False,1.5-3,Non Residente,True
99999E00022611,domestic,PDMM,False,1.5-3,Non Residente,True
99999E00022612,domestic,PDMM,False,1.5-3,Residente,True
99999E00022613,domestic,PDMM,False,1.5-3,Residente,True
99999E00022614,domestic,PDMM,False,1.5-3,Residente,True
99999E00022615,domestic,PDMM,False,1.5-3,Residente,True
99999E00022624,domestic,PDMM,False,1.5-3,Non Residente,True
99999E00022625,domestic,PDMM,False,1.5-3,Non Residente,True
99999E00022626,domestic,PDMM,False,1.5-3,Residente,True
99999E00022647,domestic,PDMM,False,1.5-3,Non Residente,True
99999E00022650,domestic,PDMM,False,4.5-6,Residente,True
99999E00022652,other,PAUM,False,,,False
99999E00022653,domestic,PDMM,False,1.5-3,Residente,True
99999E00022662,domestic,PDMM,False,1.5-3,Residente,True
99999E00022663,domestic,PDMM,False,1.5-3,Non Residente,True
99999E00022664,domestic,PDMM,False,1.5-3,Non Residente,True
99999E00022674,domestic,PDMM,False,1.5-3,Non Residente,True
99999E00022680,domestic,PDMM,False,1.5-3,Residente,True
99999E00022695,domestic,PDMM,False,1.5-3,Non Residente,True
99999E00022698,domestic,PDMM,False,1.5-3,Non Residente,True
99999E00022699,domestic,PDMM,False,1.5-3,Non Residente,True
99999E00022700,domestic,PDMM,False,4.5-6,Non Residente,True
99999E00022701,domestic,PDMM,False,1.5-3,Non Residente,True
99999E00022705,domestic,PDMM,False,1.5-3,Non Residente,True
99999E00022724,domestic,PDMM,False,3-4.5,Residente,True
99999E00022776,domestic,PDMM,False,1.5-3,Non Residente,True
99999E00022803,domestic,PDMM,False,1.5-3,Residente,True
99999E00022806,domestic,PDMM,False,1.5-3,Residente,True
99999E00022813,domestic,PDMM,False,1.5-3,Residente,True
99999E00022861,domestic,PDMM,False,1.5-3,Non Residente,True
99999E00022862,domestic,PDMM,False,3-4.5,Non Residente,True
99999E00022879,domestic,PDMM,False,1.5-3,Residente,True
99999E00022892,domestic,PDMM,False,1.5-3,Residente,True
99999E00022916,domestic,PDMM,False,1.5-3,Residente,True
99999E00022917,domestic,PDMM,False,1.5-3,Residente,True
99999E00022948,domestic,PDMM,False,1.5-3,Residente,True
99999E00022952,domestic,PDMM,False,0-1.5,Non Residente,True
99999E00022969,domestic,PDMM,False,1.5-3,Non Residente,True
99999E00022990,domestic,PDMM,False,1.5-3,Non Residente,True
99999E00023002,domestic,PDMM,False,1.5-3,Residente,True
99999E00023019,domestic,PDMM,False,4.5-6,Non Residente,True
99999E00023026,domestic,PDMM,False,1.5-3,Non Residente,True
99999E00023046,domestic,PDMM,False,3-4.5,Non Residente,True
99999E00023050,domestic,PDMM,False,1.5-3,Residente,True
99999E00023052,domestic,PDMM,False,1.5-3,Residente,True
99999E00023065,domestic,PDMM,False,1.5-3,Non Residente,True
99999E00023070,domestic,PDMM,False,1.5-3,Non Residente,True
99999E00023081,domestic,PDMM,False,1.5-3,Residente,True
99999E00023082,domestic,PDMM,False,1.5-3,Non Residente,True
99999E00023092,domestic,PDMM,False,1.5-3,Non Residente,True
99999E00023095,domestic,PDMM,False,4.5-6,Residente,True
99999E00023103,domestic,PDMM,False,1.5-3,Residente,True
99999E00023111,domestic,PDMM,False,1.5-3,Residente,True
99999E00023113,domestic,PDMM,False,1.5-3,Residente,True
99999E00023140,domestic,PDMM,False,1.5-3,Non Residente,True
99999E00023144,domestic,PDMM,False,1.5-3,Residente,True
99999E00023177,domestic,PDMM,False,1.5-3,Non Residente,True
99999E00023200,domestic,PDMM,False,1.5-3,Non Residente,True
99999E00023227,domestic,PDMM,False,1.5-3,Non Residente,True
99999E00023230,domestic,PDMM,False,0-1.5,Non Residente,True
99999E00023231,domestic,PDMM,False,1.5-3,Residente,True
99999E00023232,domestic,PDMM,False,1.5-3,Residente,True
99999E00023235,domestic,PDMM,False,1.5-3,Non Residente,True
99999E00023236,other,PAUM,False,,,False
99999E00023242,domestic,PDMM,False,4.5-6,Non Residente,True
99999E00023247,domestic,PDMM,False,1.5-3,Non Residente,True
99999E00023248,domestic,PDMM,False,4.5-6,Non Residente,True
99999E00023249,domestic,PDMM,False,1.5-3,Non Residente,True
99999E00023250,domestic,PDMM,False,1.5-3,Non Residente,True
99999E00023255,domestic,PDMM,False,1.5-3,Residente,True
99999E00023269,domestic,PDMM,False,1.5-3,Non Residente,True
99999E00023270,domestic,PDMM,False,4.5-6,Non Residente,True
99999E00023280,domestic,PDMM,False,4.5-6,Non Residente,True
99999E00023284,domestic,PDMM,False,3-4.5,Residente,True
99999E00023287,domestic,PDMM,False,4.5-6,Non Residente,True
99999E00023299,domestic,PDMM,False,1.5-3,Residente,True
99999E00023302,domestic,PDMM,False,4.5-6,Residente,True
99999E00023303,domestic,PDMM,False,1.5-3,Non Residente,True
99999E00023306,domestic,PDMM,False,3-4.5,Residente,True
99999E00023311,domestic,PDMM,False,1.5-3,Residente,True
99999E00023313,domestic,PDMM,False,1.5-3,Non Residente,True
99999E00023318,domestic,PDMM,False,1.5-3,Non Residente,True
99999E00023320,domestic,PDMM,False,1.5-3,Non Residente,True
99999E00023324,domestic,PDMM,False,1.5-3,Non Residente,True
99999E00023326,domestic,PDMM,False,1.5-3,Non Residente,True
99999E00023328,domestic,PDMM,False,1.5-3,Residente,True
99999E00023329,domestic,PDMM,False,1.5-3,Residente,True
99999E00023331,domestic,PDMM,False,1.5-3,Non Residente,True
99999E00023334,domestic,PDMM,False,4.5-6,Non Residente,True
99999E00023338,domestic,PDMM,False,1.5-3,Non Residente,True
99999E00023353,domestic,PDMM,False,1.5-3,Non Residente,True
99999E00023377,domestic,PDMM,False,3-4.5,Residente,True
99999E00023380,domestic,PDMM,False,1.5-3,Residente,True
99999E00023382,domestic,PDMM,False,1.5-3,Non Residente,True
99999E00023429,domestic,PDMM,False,1.5-3,Non Residente,True
99999E00023436,domestic,PDMM,False,3-4.5,Non Residente,True
99999E00023437,domestic,PDMM,False,1.5-3,Non Residente,True
99999E00023441,domestic,PDMM,False,1.5-3,Residente,True
99999E00023449,domestic,PDMM,False,1.5-3,Non Residente,True
99999E00023452,domestic,PDMM,False,4.5-6,Non Residente,True
99999E00023459,domestic,PDMM,False,1.5-3,Non Residente,True
99999E00023482,domestic,PDMM,False,4.5-6,Residente,True
99999E00023485,domestic,PDMM,False,3-4.5,Residente,True
99999E00023486,domestic,PDMM,False,3-4.5,Residente,True
99999E00023490,domestic,PDMM,False,1.5-3,Non Residente,True
99999E00023491,domestic,PDMM,False,1.5-3,Non Residente,True
99999E00023492,domestic,PDMM,False,1.5-3,Non Residente,True
99999E00023494,domestic,PDMM,False,1.5-3,Non Residente,True
99999E00023502,domestic,PDMM,False,1.5-3,Residente,True
99999E00023503,domestic,PDMM,False,1.5-3,Non Residente,True
99999E00023504,domestic,PDMM,False,1.5-3,Residente,True
99999E00023509,domestic,PDMM,False,1.5-3,Residente,True
99999E00023517,domestic,PDMM,False,3-4.5,Residente,True
99999E00023524,domestic,PDMM,False,1.5-3,Residente,True
99999E00023525,domestic,PDMM,False,1.5-3,Non Residente,True
99999E00023543,domestic,PDMM,False,1.5-3,Non Residente,True
99999E00023546,domestic,PDMM,False,3-4.5,Residente,True
99999E00023589,domestic,PDMM,False,1.5-3,Residente,True
99999E00023600,domestic,PDMM,False,1.5-3,Non Residente,True
99999E00023608,domestic,PDMM,False,1.5-3,Residente,True
99999E00023610,domestic,PDMM,False,1.5-3,Non Residente,True
99999E00023616,domestic,PDMM,False,1.5-3,Non Residente,True
99999E00023634,domestic,PDMM,False,1.5-3,Residente,True
99999E00023647,domestic,PDMM,False,1.5-3,Non Residente,True
99999E00023678,domestic,PDMM,False,4.5-6,Non Residente,True
99999E00023695,domestic,PDMM,False,4.5-6,Non Residente,True
99999E00023696,domestic,PDMM,False,4.5-6,Non Residente,True
99999E00023697,domestic,PDMM,False,1.5-3,Non Residente,True
99999E00023698,domestic,PDMM,False,1.5-3,Non Residente,True
99999E00023700,domestic,PDMM,False,1.5-3,Residente,True
99999E00023702,domestic,PDMM,False,1.5-3,Non Residente,True
99999E00023717,domestic,PDMM,False,1.5-3,Residente,True
99999E00023721,domestic,PDMM,False,1.5-3,Non Residente,True
99999E00023723,domestic,PDMM,False,1.5-3,Non Residente,True
99999E00023753,domestic,PDMM,False,1.5-3,Residente,True
99999E00023769,domestic,PDMM,False,3-4.5,Residente,True
99999E00023771,domestic,PDMM,False,1.5-3,Residente,True
99999E00023773,domestic,PDMM,False,4.5-6,Residente,True
99999E00023777,domestic,PDMM,False,1.5-3,Residente,True
99999E00023786,other,PAUM,False,,,False
99999E00023804,domestic,PDMM,False,1.5-3,Non Residente,True
99999E00023810,domestic,PDMM,False,>6,Non Residente,True
99999E00023813,domestic,PDMM,False,1.5-3,Residente,True
99999E00023818,domestic,PDMM,False,1.5-3,Residente,True
99999E00023819,domestic,PDMM,False,1.5-3,Residente,True
99999E00023825,other,PAUM,False,,,False
99999E00023827,domestic,PDMM,False,3-4.5,Residente,True
99999E00023840,domestic,PDMM,False,1.5-3,Residente,True
99999E00023851,domestic,PDMM,False,1.5-3,Non Residente,True
99999E00023852,domestic,PDMM,False,1.5-3,Non Residente,True
99999E00023860,domestic,PDMM,False,1.5-3,Non Residente,True
99999E00023861,domestic,PDMM,False,1.5-3,Non Residente,True
99999E00023863,domestic,PDMM,False,1.5-3,Non Residente,True
99999E00023866,domestic,PDMM,False,3-4.5,Non Residente,True
99999E00023880,domestic,PDMM,False,1.5-3,Residente,True
99999E00023883,domestic,PDMM,False,1.5-3,Non Residente,True
99999E00023896,domestic,PDMM,False,1.5-3,Non Residente,True
99999E00023897,other,PAUM,False,,,False
99999E00023912,domestic,PDMM,False,1.5-3,Residente,True
99999E00023916,domestic,PDMM,False,1.5-3,Non Residente,True
99999E00023923,domestic,PDMM,False,1.5-3,Non Residente,True
99999E00023926,domestic,PDMM,False,1.5-3,Residente,True
99999E00023929,domestic,PDMM,False,1.5-3,Non Residente,True
99999E00023934,domestic,PDMM,False,1.5-3,Non Residente,True
99999E00023935,domestic,PDMM,False,1.5-3,Non Residente,True
99999E00023948,domestic,PDMM,False,1.5-3,Non Residente,True
99999E00023951,domestic,PDMM,False,1.5-3,Residente,True
99999E00023959,domestic,PDMM,False,1.5-3,Non Residente,True
99999E00023967,domestic,PDMM,False,1.5-3,Non Residente,True
99999E00023980,domestic,PDMM,False,3-4.5,Residente,True
99999E00023981,domestic,PDMM,False,1.5-3,Non Residente,True
99999E00023993,domestic,PDMM,False,1.5-3,Residente,True
99999E00023999,domestic,PDMM,False,1.5-3,Residente,True
99999E00024001,domestic,PDMM,False,1.5-3,Non Residente,True
99999E00024002,domestic,PDMM,False,1.5-3,Residente,True
99999E00024005,domestic,PDMM,False,1.5-3,Residente,True
99999E00024008,domestic,PDMM,False,3-4.5,Residente,True
99999E00024009,domestic,PDMM,False,1.5-3,Non Residente,True
99999E00024013,domestic,PDMM,False,1.5-3,Residente,True
99999E00024018,domestic,PDMM,False,1.5-3,Residente,True
99999E00024019,domestic,PDMM,False,1.5-3,Residente,True
99999E00024025,domestic,PDMM,False,1.5-3,Non Residente,True
99999E00024065,domestic,PDMM,False,1.5-3,Non Residente,True
99999E00024080,domestic,PDMM,False,3-4.5,Residente,True
99999E00024088,domestic,PDMM,False,3-4.5,Residente,True
99999E00024096,domestic,PDMM,False,4.5-6,Non Residente,True
99999E00024099,domestic,PDMM,False,1.5-3,Residente,True
99999E00024104,domestic,PDMM,False,1.5-3,Non Residente,True
99999E00024110,domestic,PDMM,False,1.5-3,Non Residente,True
99999E00024129,domestic,PDMM,False,1.5-3,Non Residente,True
99999E00024130,domestic,PDMM,False,1.5-3,Residente,True
99999E00024132,domestic,PDMM,False,1.5-3,Residente,True
99999E00024133,domestic,PDMM,False,>6,Non Residente,True
99999E00024154,domestic,PDMM,False,1.5-3,Non Residente,True
99999E00024155,domestic,PDMM,False,1.5-3,Non Residente,True
99999E00024188,domestic,PDMM,False,1.5-3,Residente,True
99999E00024194,domestic,PDMM,False,1.5-3,Residente,True
99999E00024208,domestic,PDMM,False,1.5-3,Residente,True
99999E00024214,domestic,PDMM,False,1.5-3,Non Residente,True
99999E00024225,domestic,PDMM,False,3-4.5,Non Residente,True
99999E00024230,domestic,PDMM,False,1.5-3,Non Residente,True
99999E00024232,domestic,PDMM,False,1.5-3,Non Residente,True
99999E00024238,domestic,PDMM,False,3-4.5,Non Residente,True
99999E00024247,domestic,PDMM,False,1.5-3,Non Residente,True
99999E00024299,domestic,PDMM,False,1.5-3,Non Residente,True
99999E00024305,domestic,PDMM,False,4.5-6,Non Residente,True
99999E00024327,domestic,PDMM,False,1.5-3,Residente,True
99999E00024333,domestic,PDMM,False,3-4.5,Residente,True
99999E00024342,domestic,PDMM,False,1.5-3,Non Residente,True
99999E00024343,domestic,PDMM,False,4.5-6,Non Residente,True
99999E00024366,domestic,PDMM,False,1.5-3,Residente,True
99999E00024386,domestic,PDMM,False,1.5-3,Residente,True
99999E00024397,domestic,PDMM,False,3-4.5,Residente,True
99999E00024399,domestic,PDMM,False,4.5-6,Non Residente,True
99999E00024413,domestic,PDMM,False,3-4.5,Non Residente,True
99999E00024414,domestic,PDMM,False,3-4.5,Non Residente,True
99999E00024415,domestic,PDMM,False,1.5-3,Residente,True
99999E00024425,domestic,PDMM,False,1.5-3,Non Residente,True
99999E00024428,domestic,PDMM,False,4.5-6,Non Residente,True
99999E00024429,domestic,PDMM,False,1.5-3,Residente,True
99999E00024463,domestic,PDMM,False,1.5-3,Residente,True
99999E00024475,domestic,PDMM,False,3-4.5,Residente,True
99999E00024502,domestic,PDMM,False,4.5-6,Residente,True
99999E00024503,domestic,PDMM,False,3-4.5,Residente,True
99999E00024506,domestic,PDMM,False,3-4.5,Residente,True
99999E00024510,domestic,PDMM,False,1.5-3,Residente,True
99999E00024514,domestic,PDMM,False,4.5-6,Non Residente,True
99999E00024516,domestic,PDMM,False,1.5-3,Non Residente,True
99999E00024518,domestic,PDMM,False,1.5-3,Non Residente,True
99999E00024521,domestic,PDMM,False,1.5-3,Residente,True
99999E00024523,domestic,PDMM,False,4.5-6,Non Residente,True
99999E00024552,domestic,PDMM,False,4.5-6,Non Residente,True
99999E00024557,domestic,PDMM,False,1.5-3,Non Residente,True
99999E00024570,domestic,PDMM,False,1.5-3,Residente,True
99999E00024580,domestic,PDMM,False,1.5-3,Residente,True
99999E00024581,domestic,PDMM,False,1.5-3,Residente,True
99999E00024596,domestic,PDMM,False,3-4.5,Residente,True
99999E00024598,domestic,PDMM,False,1.5-3,Residente,True
99999E00024607,domestic,PDMM,False,1.5-3,Residente,True
99999E00024616,domestic,PDMM,False,1.5-3,Non Residente,True
99999E00024617,domestic,PDMM,False,1.5-3,Non Residente,True
99999E00024618,domestic,PDMM,False,1.5-3,Non Residente,True
99999E00024619,other,PAUM,False,,,False
99999E00024620,domestic,PDMM,False,1.5-3,Residente,True
99999E00024625,domestic,PDMM,False,1.5-3,Residente,True
99999E00024626,domestic,PDMM,False,1.5-3,Residente,True
99999E00024627,domestic,PDMM,False,3-4.5,Residente,True
99999E00024630,domestic,PDMM,False,3-4.5,Non Residente,True
99999E00024640,domestic,PDMM,False,1.5-3,Residente,True
99999E00024643,other,PAUM,False,,,False
99999E00024649,domestic,PDMM,False,1.5-3,Non Residente,True
99999E00024652,other,PAUM,False,,,False
99999E00024669,domestic,PDMM,False,>6,Non Residente,True
99999E00024670,domestic,PDMM,False,1.5-3,Residente,True
99999E00024671,domestic,PDMM,False,1.5-3,Residente,True
99999E00024673,domestic,PDMM,False,1.5-3,Non Residente,True
99999E00024683,domestic,PDMM,False,1.5-3,Residente,True
99999E00024687,domestic,PDMM,False,1.5-3,Non Residente,True
99999E00024688,domestic,PDMM,False,1.5-3,Non Residente,True
99999E00024691,domestic,PDMM,False,1.5-3,Non Residente,True
99999E00024692,domestic,PDMM,False,1.5-3,Non Residente,True
99999E00024695,domestic,PDMM,False,1.5-3,Non Residente,True
99999E00024697,domestic,PDMM,False,1.5-3,Residente,True
99999E00024704,domestic,PDMM,False,1.5-3,Residente,True
99999E00024716,domestic,PDMM,False,1.5-3,Non Residente,True
99999E00024732,domestic,PDMM,False,1.5-3,Non Residente,True
99999E00024737,domestic,PDMM,False,1.5-3,Residente,True
99999E00024748,domestic,PDMM,False,1.5-3,Residente,True
99999E00024753,domestic,PDMM,False,1.5-3,Residente,True
99999E00024760,domestic,PDMM,False,1.5-3,Non Residente,True
99999E00024761,domestic,PDMM,False,3-4.5,Residente,True
99999E00024773,domestic,PDMM,False,1.5-3,Non Residente,True
99999E00024821,domestic,PDMM,False,1.5-3,Residente,True
99999E00024822,domestic,PDMM,False,1.5-3,Residente,True
99999E00024824,domestic,PDMM,False,1.5-3,Non Residente,True
99999E00024831,domestic,PDMM,False,1.5-3,Non Residente,True
99999E00024866,domestic,PDMM,False,1.5-3,Non Residente,True
99999E00024872,domestic,PDMM,False,1.5-3,Residente,True
99999E00024890,domestic,PDMM,False,1.5-3,Residente,True
99999E00024895,domestic,PDMM,False,1.5-3,Non Residente,True
99999E00024900,domestic,PDMM,False,4.5-6,Residente,True
99999E00024921,domestic,PDMM,False,1.5-3,Residente,True
99999E00024934,domestic,PDMM,False,1.5-3,Non Residente,True
99999E00024935,domestic,PDMM,False,4.5-6,Residente,True
99999E00024942,domestic,PDMM,False,4.5-6,Non Residente,True
99999E00024952,domestic,PDMM,False,4.5-6,Non Residente,True
99999E00024960,domestic,PDMM,False,4.5-6,Non Residente,True
99999E00024965,domestic,PDMM,False,1.5-3,Non Residente,True
99999E00024967,domestic,PDMM,False,1.5-3,Non Residente,True
99999E00024971,domestic,PDMM,False,1.5-3,Non Residente,True
99999E00024976,domestic,PDMM,False,3-4.5,Non Residente,True
99999E00024978,domestic,PDMM,False,>6,Non Residente,True
99999E00024983,domestic,PDMM,False,4.5-6,Residente,True
99999E00024986,domestic,PDMM,False,1.5-3,Non Residente,True
99999E00024988,domestic,PDMM,False,1.5-3,Residente,True
99999E00024990,domestic,PDMM,False,1.5-3,Residente,True
99999E00025008,domestic,PDMM,False,1.5-3,Non Residente,True
99999E00025010,domestic,PDMM,False,1.5-3,Non Residente,True
99999E00025028,domestic,PDMM,False,3-4.5,Residente,True
99999E00025029,domestic,PDMM,False,1.5-3,Residente,True
99999E00025030,domestic,PDMM,False,1.5-3,Residente,True
99999E00025033,domestic,PDMM,False,1.5-3,Non Residente,True
99999E00025041,domestic,PDMM,False,1.5-3,Residente,True
99999E00025047,domestic,PDMM,False,1.5-3,Residente,True
99999E00025049,domestic,PDMM,False,1.5-3,Residente,True
99999E00025050,domestic,PDMM,False,1.5-3,Residente,True
99999E00025062,domestic,PDMM,False,4.5-6,Residente,True
99999E00025074,domestic,PDMM,False,1.5-3,Residente,True
99999E00025097,domestic,PDMM,False,3-4.5,Residente,True
99999E00025109,domestic,PDMM,False,1.5-3,Non Residente,True
99999E00025110,domestic,PDMM,False,1.5-3,Non Residente,True
99999E00025118,domestic,PDMM,False,1.5-3,Non Residente,True
99999E00025122,domestic,PDMM,False,1.5-3,Non Residente,True
99999E00025138,domestic,PDMM,False,1.5-3,Non Residente,True
99999E00025140,domestic,PDMM,False,1.5-3,Non Residente,True
99999E00025141,domestic,PDMM,False,1.5-3,Non Residente,True
99999E00025151,domestic,PDMM,False,4.5-6,Residente,True
99999E00025154,domestic,PDMM,False,1.5-3,Non Residente,True
99999E00025155,domestic,PDMM,False,1.5-3,Non Residente,True
99999E00025160,domestic,PDMM,False,1.5-3,Non Residente,True
99999E00025179,domestic,PDMM,False,1.5-3,Residente,True
99999E00025181,domestic,PDMM,False,1.5-3,Non Residente,True
99999E00025190,domestic,PDMM,False,1.5-3,Non Residente,True
99999E00025196,domestic,PDMM,False,1.5-3,Non Residente,True
99999E00025199,domestic,PDMM,False,1.5-3,Non Residente,True
99999E00025202,domestic,PDMM,False,3-4.5,Residente,True
99999E00025206,domestic,PDMM,False,1.5-3,Residente,True
99999E00025208,domestic,PDMM,False,1.5-3,Non Residente,True
99999E00025217,domestic,PDMM,False,1.5-3,Non Residente,True
99999E00025218,domestic,PDMM,False,1.5-3,Non Residente,True
99999E00025219,domestic,PDMM,False,1.5-3,Non Residente,True
99999E00025220,domestic,PDMM,False,4.5-6,Non Residente,True
99999E00025221,domestic,PDMM,False,1.5-3,Non Residente,True
99999E00025222,domestic,PDMM,False,1.5-3,Non Residente,True
99999E00025223,domestic,PDMM,False,1.5-3,Non Residente,True
99999E00025224,domestic,PDMM,False,4.5-6,Non Residente,True
99999E00025225,domestic,PDMM,False,4.5-6,Non Residente,True
99999E00025235,domestic,PDMM,False,1.5-3,Residente,True
99999E00025238,domestic,PDMM,False,1.5-3,Non Residente,True
99999E00025239,domestic,PDMM,False,1.5-3,Non Residente,True
99999E00025240,domestic,PDMM,False,3-4.5,Residente,True
99999E00025255,domestic,PDMM,False,1.5-3,Non Residente,True
99999E00025261,domestic,PDMM,False,1.5-3,Residente,True
99999E00025264,domestic,PDMM,False,1.5-3,Non Residente,True
99999E00025267,domestic,PDMM,False,0-1.5,Non Residente,True
99999E00025276,domestic,PDMM,False,3-4.5,Non Residente,True
99999E00025284,domestic,PDMM,False,1.5-3,Non Residente,True
99999E00025286,domestic,PDMM,False,3-4.5,Residente,True
99999E00025292,domestic,PDMM,False,1.5-3,Non Residente,True
99999E00025304,domestic,PDMM,False,1.5-3,Non Residente,True
99999E00025310,domestic,PDMM,False,3-4.5,Non Residente,True
99999E00025313,domestic,PDMM,False,1.5-3,Residente,True
99999E00025314,domestic,PDMM,False,1.5-3,Residente,True
99999E00025316,domestic,PDMM,False,1.5-3,Non Residente,True
99999E00025330,domestic,PDMM,False,1.5-3,Non Residente,True
99999E00025338,domestic,PDMM,False,0-1.5,Non Residente,True
99999E00025353,domestic,PDMM,False,4.5-6,Non Residente,True
99999E00025358,domestic,PDMM,False,1.5-3,Non Residente,True
99999E00025359,domestic,PDMM,False,1.5-3,Residente,True
99999E00025361,domestic,PDMM,False,4.5-6,Non Residente,True
99999E00025362,domestic,PDMM,False,1.5-3,Non Residente,True
99999E00025373,domestic,PDMM,False,1.5-3,Residente,True
99999E00025376,domestic,PDMM,False,1.5-3,Non Residente,True
99999E00025379,domestic,PDMM,False,1.5-3,Residente,True
99999E00025387,domestic,PDMM,False,1.5-3,Residente,True
99999E00025399,domestic,PDMM,False,1.5-3,Residente,True
99999E00025460,domestic,PDMM,False,4.5-6,Residente,True
99999E00025481,domestic,PDMM,False,1.5-3,Residente,True
99999E00025482,domestic,PDMM,False,3-4.5,Non Residente,True
99999E00025487,domestic,PDMM,False,3-4.5,Residente,True
99999E00025490,domestic,PDMM,False,3-4.5,Non Residente,True
99999E00025499,domestic,PDMM,False,1.5-3,Non Residente,True
99999E00025500,domestic,PDMM,False,3-4.5,Non Residente,True
99999E00025501,domestic,PDMM,False,1.5-3,Residente,True
99999E00025507,domestic,PDMM,False,1.5-3,Residente,True
99999E00025516,domestic,PDMM,False,1.5-3,Residente,True
99999E00025532,domestic,PDMM,False,1.5-3,Non Residente,True
99999E00025533,domestic,PDMM,False,1.5-3,Non Residente,True
99999E00025534,domestic,PDMM,False,1.5-3,Residente,True
99999E00025544,domestic,PDMM,False,3-4.5,Non Residente,True
99999E00025547,domestic,PDMM,False,3-4.5,Non Residente,True
99999E00025548,domestic,PDMM,False,1.5-3,Non Residente,True
99999E00025552,domestic,PDMM,False,1.5-3,Non Residente,True
99999E00025555,domestic,PDMM,False,1.5-3,Non Residente,True
99999E00025559,domestic,PDMM,False,1.5-3,Residente,True
99999E00025560,domestic,PDMM,False,4.5-6,Non Residente,True
99999E00025570,domestic,PDMM,False,1.5-3,Non Residente,True
99999E00025581,domestic,PDMM,False,1.5-3,Non Residente,True
99999E00025582,domestic,PDMM,False,1.5-3,Non Residente,True
99999E00025583,domestic,PDMM,False,1.5-3,Non Residente,True
99999E00025586,domestic,PDMM,False,4.5-6,Non Residente,True
99999E00025590,domestic,PDMM,False,1.5-3,Residente,True
99999E00025591,domestic,PDMM,False,3-4.5,Residente,True
99999E00025598,domestic,PDMM,False,1.5-3,Residente,True
99999E00025600,domestic,PDMM,False,1.5-3,Non Residente,True
99999E00025602,domestic,PDMM,False,1.5-3,Non Residente,True
99999E00025611,domestic,PDMM,False,3-4.5,Residente,True
99999E00025613,domestic,PDMM,False,1.5-3,Residente,True
99999E00025614,domestic,PDMM,False,3-4.5,Residente,True
99999E00025615,domestic,PDMM,False,1.5-3,Residente,True
99999E00025616,domestic,PDMM,False,0-1.5,Non Residente,True
99999E00025617,domestic,PDMM,False,4.5-6,Non Residente,True
99999E00025618,domestic,PDMM,False,4.5-6,Non Residente,True
99999E00025620,domestic,PDMM,False,4.5-6,Non Residente,True
99999E00025621,domestic,PDMM,False,4.5-6,Non Residente,True
99999E00025623,other,PAUM,False,,,False
99999E00025633,domestic,PDMM,False,1.5-3,Non Residente,True
99999E00025634,domestic,PDMM,False,1.5-3,Non Residente,True
99999E00025635,domestic,PDMM,False,1.5-3,Non Residente,True
99999E00025637,domestic,PDMM,False,4.5-6,Non Residente,True
99999E00025640,domestic,PDMM,False,1.5-3,Non Residente,True
99999E00025645,domestic,PDMM,False,3-4.5,Non Residente,True
99999E00025647,domestic,PDMM,False,3-4.5,Non Residente,True
99999E00025648,domestic,PDMM,False,3-4.5,Non Residente,True
99999E00025649,domestic,PDMM,False,4.5-6,Non Residente,True
99999E00025650,domestic,PDMM,False,4.5-6,Non Residente,True
99999E00025653,domestic,PDMM,False,1.5-3,Non Residente,True
99999E00025654,domestic,PDMM,False,4.5-6,Non Residente,True
99999E00025660,domestic,PDMM,False,1.5-3,Non Residente,True
99999E00025666,domestic,PDMM,False,1.5-3,Non Residente,True
99999E00025668,domestic,PDMM,False,1.5-3,Non Residente,True
99999E00025669,domestic,PDMM,False,1.5-3,Non Residente,True
99999E00025670,domestic,PDMM,False,1.5-3,Non Residente,True
99999E00025673,domestic,PDMM,False,1.5-3,Residente,True
99999E00025677,domestic,PDMM,False,1.5-3,Non Residente,True
99999E00025678,domestic,PDMM,False,1.5-3,Residente,True
99999E00025679,domestic,PDMM,False,1.5-3,Residente,True
99999E00025681,domestic,PDMM,False,3-4.5,Residente,True
99999E00025685,domestic,PDMM,False,1.5-3,Residente,True
99999E00025687,domestic,PDMM,False,1.5-3,Residente,True
99999E00025688,domestic,PDMM,False,1.5-3,Non Residente,True
99999E00025690,domestic,PDMM,False,1.5-3,Non Residente,True
99999E00025697,domestic,PDMM,False,1.5-3,Residente,True
99999E00025699,domestic,PDMM,False,3-4.5,Residente,True
99999E00025702,domestic,PDMM,False,1.5-3,Non Residente,True
99999E00025703,domestic,PDMM,False,1.5-3,Non Residente,True
99999E00025704,domestic,PDMM,False,0-1.5,Non Residente,True
99999E00025707,domestic,PDMM,False,1.5-3,Non Residente,True
99999E00025712,domestic,PDMM,False,1.5-3,Residente,True
99999E00025714,domestic,PDMM,False,1.5-3,Residente,True
99999E00025723,domestic,PDMM,False,1.5-3,Non Residente,True
99999E00025735,domestic,PDMM,False,1.5-3,Non Residente,True
99999E00025736,domestic,PDMM,False,4.5-6,Non Residente,True
99999E00025745,domestic,PDMM,False,3-4.5,Non Residente,True
99999E00025749,domestic,PDMM,False,1.5-3,Non Residente,True
99999E00025750,domestic,PDMM,False,1.5-3,Non Residente,True
99999E00025755,domestic,PDMM,False,1.5-3,Residente,True
99999E00025764,domestic,PDMM,False,1.5-3,Residente,True
99999E00025765,domestic,PDMM,False,1.5-3,Residente,True
99999E00025772,domestic,PDMM,False,1.5-3,Residente,True
99999E00025773,domestic,PDMM,False,1.5-3,Non Residente,True
99999E00025775,domestic,PDMM,False,1.5-3,Residente,True
99999E00025776,domestic,PDMM,False,1.5-3,Non Residente,True
99999E00025778,domestic,PDMM,False,1.5-3,Non Residente,True
99999E00025780,domestic,PDMM,False,1.5-3,Residente,True
99999E00025781,domestic,PDMM,False,1.5-3,Non Residente,True
99999E00025789,domestic,PDMM,False,1.5-3,Residente,True
99999E00025790,domestic,PDMM,False,0-1.5,Non Residente,True
99999E00025795,domestic,PDMM,False,1.5-3,Residente,True
99999E00025801,domestic,PDMM,False,1.5-3,Residente,True
99999E00025806,domestic,PDMM,False,1.5-3,Non Residente,True
99999E00025826,domestic,PDMM,False,3-4.5,Residente,True
99999E00025831,domestic,PDMM,False,4.5-6,Non Residente,True
99999E00025839,domestic,PDMM,False,1.5-3,Non Residente,True
99999E00025841,domestic,PDMM,False,1.5-3,Non Residente,True
99999E00025843,domestic,PDMM,False,1.5-3,Non Residente,True
99999E00025846,domestic,PDMM,False,3-4.5,Residente,True
99999E00025851,domestic,PDMM,False,1.5-3,Non Residente,True
99999E00025852,domestic,PDMM,False,4.5-6,Non Residente,True
99999E00025856,domestic,PDMM,False,1.5-3,Residente,True
99999E00025868,domestic,PDMM,False,1.5-3,Non Residente,True
99999E00025870,domestic,PDMM,False,1.5-3,Non Residente,True
99999E00025873,domestic,PDMM,False,3-4.5,Residente,True
99999E00025883,domestic,PDMM,False,1.5-3,Residente,True
99999E00025887,domestic,PDMM,False,1.5-3,Residente,True
99999E00025888,domestic,PDMM,False,1.5-3,Non Residente,True
99999E00025891,domestic,PDMM,False,1.5-3,Non Residente,True
99999E00025894,domestic,PDMM,False,3-4.5,Residente,True
99999E00025903,domestic,PDMM,False,1.5-3,Non Residente,True
99999E00025910,domestic,PDMM,False,3-4.5,Residente,True
99999E00025912,domestic,PDMM,False,3-4.5,Residente,True
99999E00025913,domestic,PDMM,False,1.5-3,Residente,True
99999E00025922,domestic,PDMM,False,1.5-3,Non Residente,True
99999E00025927,domestic,PDMM,False,1.5-3,Residente,True
99999E00025933,domestic,PDMM,False,1.5-3,Non Residente,True
99999E00025944,domestic,PDMM,False,1.5-3,Residente,True
99999E00025949,domestic,PDMM,False,3-4.5,Non Residente,True
99999E00025969,domestic,PDMM,False,1.5-3,Non Residente,True
99999E00025981,domestic,PDMM,False,3-4.5,Non Residente,True
99999E00025990,domestic,PDMM,False,1.5-3,Residente,True
99999E00025991,domestic,PDMM,False,1.5-3,Residente,True
99999E00025995,domestic,PDMM,False,1.5-3,Non Residente,True
99999E00026004,domestic,PDMM,False,3-4.5,Non Residente,True
99999E00026007,domestic,PDMM,False,3-4.5,Non Residente,True
99999E00026008,domestic,PDMM,False,1.5-3,Non Residente,True
99999E00026009,domestic,PDMM,False,1.5-3,Residente,True
99999E00026013,domestic,PDMM,False,1.5-3,Non Residente,True
99999E00026018,domestic,PDMM,False,4.5-6,Non Residente,True
99999E00026019,domestic,PDMM,False,4.5-6,Non Residente,True
99999E00026020,domestic,PDMM,False,1.5-3,Non Residente,True
99999E00026029,other,PAUM,False,,,False
99999E00026032,domestic,PDMM,False,4.5-6,Non Residente,True
99999E00026040,domestic,PDMM,False,1.5-3,Residente,True
99999E00026042,domestic,PDMM,False,3-4.5,Non Residente,True
99999E00026043,domestic,PDMM,False,1.5-3,Non Residente,True
99999E00026047,domestic,PDMM,False,3-4.5,Non Residente,True
99999E00026048,domestic,PDMM,False,3-4.5,Non Residente,True
99999E00026051,domestic,PDMM,False,4.5-6,Non Residente,True
99999E00026052,domestic,PDMM,False,1.5-3,Non Residente,True
99999E00026053,domestic,PDMM,False,4.5-6,Non Residente,True
99999E00026055,domestic,PDMM,False,3-4.5,Non Residente,True
99999E00026062,domestic,PDMM,False,1.5-3,Non Residente,True
99999E00026075,domestic,PDMM,False,1.5-3,Non Residente,True
99999E00026083,domestic,PDMM,False,1.5-3,Non Residente,True
99999E00026089,domestic,PDMM,False,1.5-3,Residente,True
99999E00026100,domestic,PDMM,False,1.5-3,Residente,True
99999E00026168,domestic,PDMM,False,1.5-3,Non Residente,True
99999E00026179,domestic,PDMM,False,1.5-3,Non Residente,True
99999E00026188,domestic,PDMM,False,1.5-3,Residente,True
99999E00026189,domestic,PDMM,False,1.5-3,Non Residente,True
99999E00026215,domestic,PDMM,False,1.5-3,Non Residente,True
99999E00026221,domestic,PDMM,False,1.5-3,Residente,True
99999E00026225,domestic,PDMM,False,1.5-3,Non Residente,True
99999E00026227,domestic,PDMM,False,4.5-6,Residente,True
99999E00026233,domestic,PDMM,False,1.5-3,Non Residente,True
99999E00026234,domestic,PDMM,False,4.5-6,Non Residente,True
99999E00026250,domestic,PDMM,False,3-4.5,Non Residente,True
99999E00026251,domestic,PDMM,False,3-4.5,Non Residente,True
99999E00026252,domestic,PDMM,False,1.5-3,Non Residente,True
99999E00026254,other,PAUM,False,,,False
99999E00026276,domestic,PDMM,False,1.5-3,Non Residente,True
99999E00026279,domestic,PDMM,False,3-4.5,Residente,True
99999E00026282,domestic,PDMM,False,1.5-3,Residente,True
99999E00026283,domestic,PDMM,False,1.5-3,Residente,True
99999E00026285,domestic,PDMM,False,1.5-3,Non Residente,True
99999E00026290,domestic,PDMM,False,1.5-3,Non Residente,True
99999E00026307,domestic,PDMM,False,1.5-3,Residente,True
99999E00026329,domestic,PDMM,False,3-4.5,Non Residente,True
99999E00026330,domestic,PDMM,False,1.5-3,Non Residente,True
99999E00026345,domestic,PDMM,False,1.5-3,Residente,True
99999E00026346,domestic,PDMM,False,1.5-3,Non Residente,True
99999E00026364,domestic,PDMM,False,3-4.5,Non Residente,True
99999E00026369,domestic,PDMM,False,4.5-6,Non Residente,True
99999E00026383,domestic,PDMM,False,1.5-3,Non Residente,True
99999E00026391,domestic,PDMM,False,1.5-3,Residente,True
99999E00026401,domestic,PDMM,False,3-4.5,Residente,True
99999E00026402,domestic,PDMM,False,1.5-3,Non Residente,True
99999E00026409,domestic,PDMM,False,4.5-6,Non Residente,True
99999E00026411,domestic,PDMM,False,1.5-3,Non Residente,True
99999E00026414,other,PAUM,False,,,False
99999E00026419,domestic,PDMM,False,3-4.5,Non Residente,True
99999E00026423,other,PAUM,False,,,False
99999E00026437,domestic,PDMM,False,1.5-3,Non Residente,True
99999E00026450,domestic,PDMM,False,1.5-3,Non Residente,True
99999E00026455,domestic,PDMM,False,1.5-3,Non Residente,True
99999E00026456,domestic,PDMM,False,1.5-3,Non Residente,True
99999E00026457,domestic,PDMM,False,1.5-3,Residente,True
99999E00026467,domestic,PDMM,False,1.5-3,Residente,True
99999E00026473,domestic,PDMM,False,3-4.5,Residente,True
99999E00026477,other,PAUM,False,,,False
99999E00026483,domestic,PDMM,False,1.5-3,Residente,True
99999E00026498,domestic,PDMM,False,1.5-3,Residente,True
99999E00026500,domestic,PDMM,False,1.5-3,Residente,True
99999E00026502,domestic,PDMM,False,1.5-3,Residente,True
99999E00026504,domestic,PDMM,False,1.5-3,Non Residente,True
99999E00026505,domestic,PDMM,False,1.5-3,Non Residente,True
99999E00026506,domestic,PDMM,False,1.5-3,Non Residente,True
99999E00026512,domestic,PDMM,False,1.5-3,Residente,True
99999E00026517,domestic,PDMM,False,1.5-3,Residente,True
99999E00026518,domestic,PDMM,False,1.5-3,Residente,True
99999E00026519,domestic,PDMM,False,3-4.5,Residente,True
99999E00026520,domestic,PDMM,False,1.5-3,Non Residente,True
99999E00026530,domestic,PDMM,False,1.5-3,Residente,True
99999E00026533,domestic,PDMM,False,1.5-3,Non Residente,True
99999E00026537,domestic,PDMM,False,1.5-3,Non Residente,True
99999E00026538,domestic,PDMM,False,3-4.5,Non Residente,True
99999E00026550,domestic,PDMM,False,4.5-6,Non Residente,True
99999E00026551,domestic,PDMM,False,1.5-3,Non Residente,True
99999E00026554,domestic,PDMM,False,1.5-3,Non Residente,True
99999E00026556,domestic,PDMM,False,1.5-3,Non Residente,True
99999E00026566,domestic,PDMM,False,1.5-3,Residente,True
99999E00026572,domestic,PDMM,False,1.5-3,Non Residente,True
99999E00026574,domestic,PDMM,False,1.5-3,Non Residente,True
99999E00026575,other,PAUM,False,,,False
99999E00026592,domestic,PDMM,False,3-4.5,Residente,True
99999E00026603,domestic,PDMM,False,1.5-3,Residente,True
99999E00026613,domestic,PDMM,False,1.5-3,Non Residente,True
99999E00026631,domestic,PDMM,False,1.5-3,Residente,True
99999E00026638,domestic,PDMM,False,1.5-3,Non Residente,True
99999E00026642,domestic,PDMM,False,3-4.5,Residente,True
99999E00026648,domestic,PDMM,False,1.5-3,Non Residente,True
99999E00026674,domestic,PDMM,False,1.5-3,Non Residente,True
99999E00026686,domestic,PDMM,False,1.5-3,Non Residente,True
99999E00026687,domestic,PDMM,False,1.5-3,Non Residente,True
99999E00026692,domestic,PDMM,False,1.5-3,Residente,True
99999E00026697,domestic,PDMM,False,1.5-3,Non Residente,True
99999E00026699,domestic,PDMM,False,1.5-3,Residente,True
99999E00026704,domestic,PDMM,False,3-4.5,Residente,True
99999E00026708,domestic,PDMM,False,1.5-3,Residente,True
99999E00026720,domestic,PDMM,False,1.5-3,Non Residente,True
99999E00026731,domestic,PDMM,False,1.5-3,Non Residente,True
99999E00026734,domestic,PDMM,False,1.5-3,Residente,True
99999E00026758,domestic,PDMM,False,1.5-3,Residente,True
99999E00026774,domestic,PDMM,False,1.5-3,Residente,True
99999E00026776,domestic,PDMM,False,1.5-3,Residente,True
99999E00026777,domestic,PDMM,False,4.5-6,Non Residente,True
99999E00026789,domestic,PDMM,False,1.5-3,Residente,True
99999E00026798,domestic,PDMM,False,3-4.5,Residente,True
99999E00026808,domestic,PDMM,False,1.5-3,Non Residente,True
99999E00026818,domestic,PDMM,False,3-4.5,Non Residente,True
99999E00026834,domestic,PDMM,False,1.5-3,Residente,True
99999E00026841,domestic,PDMM,False,1.5-3,Residente,True
99999E00026857,domestic,PDMM,False,1.5-3,Non Residente,True
99999E00026870,domestic,PDMM,False,1.5-3,Non Residente,True
99999E00026871,domestic,PDMM,False,1.5-3,Non Residente,True
99999E00026895,domestic,PDMM,False,3-4.5,Residente,True
99999E00026903,domestic,PDMM,False,1.5-3,Non Residente,True
99999E00026909,domestic,PDMM,False,4.5-6,Non Residente,True
99999E00026916,domestic,PDMM,False,1.5-3,Non Residente,True
99999E00026917,domestic,PDMM,False,1.5-3,Non Residente,True
99999E00026925,domestic,PDMM,False,1.5-3,Non Residente,True
99999E00026927,domestic,PDMM,False,1.5-3,Residente,True
99999E00026932,domestic,PDMM,False,1.5-3,Non Residente,True
99999E00026952,domestic,PDMM,False,1.5-3,Non Residente,True
99999E00026953,domestic,PDMM,False,1.5-3,Residente,True
99999E00026954,domestic,PDMM,False,1.5-3,Residente,True
99999E00026958,domestic,PDMM,False,1.5-3,Residente,True
99999E00026959,domestic,PDMM,False,1.5-3,Non Residente,True
99999E00026960,domestic,PDMM,False,1.5-3,Non Residente,True
99999E00026961,domestic,PDMM,False,4.5-6,Non Residente,True
99999E00026975,domestic,PDMM,False,1.5-3,Residente,True
99999E00026977,domestic,PDMM,False,1.5-3,Residente,True
99999E00026985,domestic,PDMM,False,1.5-3,Non Residente,True
99999E00026988,domestic,PDMM,False,1.5-3,Residente,True
99999E00026989,domestic,PDMM,False,1.5-3,Non Residente,True
99999E00026992,domestic,PDMM,False,1.5-3,Non Residente,True
99999E00026995,domestic,PDMM,False,1.5-3,Non Residente,True
99999E00027000,domestic,PDMM,False,1.5-3,Non Residente,True
99999E00027007,domestic,PDMM,False,1.5-3,Residente,True
99999E00027016,domestic,PDMM,False,3-4.5,Residente,True
99999E00027024,domestic,PDMM,False,1.5-3,Residente,True
99999E00027027,domestic,PDMM,False,1.5-3,Residente,True
99999E00027039,domestic,PDMM,False,1.5-3,Residente,True
99999E00027041,domestic,PDMM,False,1.5-3,Residente,True
99999E00027047,domestic,PDMM,False,1.5-3,Non Residente,True
99999E00027058,domestic,PDMM,False,1.5-3,Residente,True
99999E00027061,domestic,PDMM,False,1.5-3,Residente,True
99999E00027083,domestic,PDMM,False,1.5-3,Non Residente,True
99999E00027084,domestic,PDMM,False,1.5-3,Non Residente,True
99999E00027086,domestic,PDMM,False,1.5-3,Residente,True
99999E00027097,domestic,PDMM,False,1.5-3,Non Residente,True
99999E00027098,domestic,PDMM,False,1.5-3,Non Residente,True
99999E00027108,domestic,PDMM,False,1.5-3,Non Residente,True
99999E00027117,domestic,PDMM,False,1.5-3,Non Residente,True
99999E00027121,domestic,PDMM,False,1.5-3,Non Residente,True
99999E00027122,domestic,PDMM,False,1.5-3,Non Residente,True
99999E00027127,domestic,PDMM,False,1.5-3,Residente,True
99999E00027132,domestic,PDMM,False,3-4.5,Non Residente,True
99999E00027135,domestic,PDMM,False,1.5-3,Residente,True
99999E00027143,domestic,PDMM,False,1.5-3,Non Residente,True
99999E00027152,domestic,PDMM,False,1.5-3,Residente,True
99999E00027161,domestic,PDMM,False,4.5-6,Non Residente,True
99999E00027167,domestic,PDMM,False,1.5-3,Non Residente,True
99999E00027168,domestic,PDMM,False,3-4.5,Non Residente,True
99999E00027177,domestic,PDMM,False,1.5-3,Non Residente,True
99999E00027180,domestic,PDMM,False,3-4.5,Residente,True
99999E00027182,domestic,PDMM,False,1.5-3,Non Residente,True
99999E00027191,domestic,PDMM,False,1.5-3,Non Residente,True
99999E00027199,domestic,PDMM,False,1.5-3,Non Residente,True
99999E00027207,domestic,PDMM,False,1.5-3,Residente,True
99999E00027216,domestic,PDMM,False,1.5-3,Non Residente,True
99999E00027218,domestic,PDMM,False,3-4.5,Non Residente,True
99999E00027219,domestic,PDMM,False,1.5-3,Non Residente,True
99999E00027220,domestic,PDMM,False,1.5-3,Non Residente,True
99999E00027221,domestic,PDMM,False,1.5-3,Non Residente,True
99999E00027223,domestic,PDMM,False,1.5-3,Non Residente,True
99999E00027225,domestic,PDMM,False,1.5-3,Non Residente,True
99999E00027227,domestic,PDMM,False,3-4.5,Non Residente,True
99999E00027228,domestic,PDMM,False,3-4.5,Non Residente,True
99999E00027229,domestic,PDMM,False,1.5-3,Non Residente,True
99999E00027234,domestic,PDMM,False,1.5-3,Non Residente,True
99999E00027235,domestic,PDMM,False,3-4.5,Residente,True
99999E00027240,domestic,PDMM,False,1.5-3,Non Residente,True
99999E00027250,domestic,PDMM,False,4.5-6,Non Residente,True
99999E00027256,domestic,PDMM,False,1.5-3,Residente,True
99999E00027265,domestic,PDMM,False,1.5-3,Residente,True
99999E00027281,domestic,PDMM,False,3-4.5,Residente,True
99999E00027295,domestic,PDMM,False,3-4.5,Residente,True
99999E00027298,domestic,PDMM,False,1.5-3,Non Residente,True
99999E00027301,domestic,PDMM,False,1.5-3,Non Residente,True
99999E00027302,domestic,PDMM,False,1.5-3,Non Residente,True
99999E00027327,domestic,PDMM,False,1.5-3,Residente,True
99999E00027340,domestic,PDMM,False,3-4.5,Residente,True
99999E00027368,domestic,PDMM,False,1.5-3,Residente,True
99999E00027376,domestic,PDMM,False,1.5-3,Residente,True
99999E00027380,domestic,PDMM,False,1.5-3,Residente,True
99999E00027383,domestic,PDMM,False,1.5-3,Non Residente,True
99999E00027400,domestic,PDMM,False,3-4.5,Non Residente,True
99999E00027402,domestic,PDMM,False,1.5-3,Non Residente,True
99999E00027404,domestic,PDMM,False,3-4.5,Residente,True
99999E00027417,domestic,PDMM,False,3-4.5,Residente,True
99999E00027432,domestic,PDMM,False,1.5-3,Non Residente,True
99999E00027441,domestic,PDMM,False,1.5-3,Residente,True
99999E00027442,domestic,PDMM,False,3-4.5,Non Residente,True
99999E00027454,domestic,PDMM,False,1.5-3,Residente,True
99999E00027470,domestic,PDMM,False,1.5-3,Non Residente,True
99999E00027473,domestic,PDMM,False,1.5-3,Residente,True
99999E00027476,domestic,PDMM,False,1.5-3,Residente,True
99999E00027485,domestic,PDMM,False,1.5-3,Non Residente,True
99999E00027488,domestic,PDMM,False,1.5-3,Non Residente,True
99999E00027492,domestic,PDMM,False,1.5-3,Non Residente,True
99999E00027497,domestic,PDMM,False,3-4.5,Residente,True
99999E00027503,domestic,PDMM,False,1.5-3,Residente,True
99999E00027508,domestic,PDMM,False,3-4.5,Non Residente,True
99999E00027512,domestic,PDMM,False,1.5-3,Residente,True
99999E00027515,domestic,PDMM,False,1.5-3,Residente,True
99999E00027516,domestic,PDMM,False,1.5-3,Non Residente,True
99999E00027525,domestic,PDMM,False,1.5-3,Residente,True
99999E00027580,domestic,PDMM,False,3-4.5,Non Residente,True
99999E00027587,domestic,PDMM,False,1.5-3,Non Residente,True
99999E00027590,domestic,PDMM,False,1.5-3,Non Residente,True
99999E00027593,domestic,PDMM,False,1.5-3,Non Residente,True
99999E00027598,domestic,PDMM,False,4.5-6,Non Residente,True
99999E00027637,domestic,PDMM,False,3-4.5,Non Residente,True
99999E00027656,domestic,PDMM,False,1.5-3,Non Residente,True
99999E00027658,domestic,PDMM,False,4.5-6,Non Residente,True
99999E00027661,domestic,PDMM,False,1.5-3,Residente,True
99999E00027668,domestic,PDMM,False,1.5-3,Residente,True
99999E00027669,other,PAUM,False,,,False
99999E00027676,domestic,PDMM,False,1.5-3,Residente,True
99999E00027678,domestic,PDMM,False,4.5-6,Non Residente,True
99999E00027686,domestic,PDMM,False,4.5-6,Non Residente,True
99999E00027703,domestic,PDMM,False,1.5-3,Non Residente,True
99999E00027705,domestic,PDMM,False,1.5-3,Residente,True
99999E00027711,domestic,PDMM,False,1.5-3,Residente,True
99999E00027712,domestic,PDMM,False,1.5-3,Residente,True
99999E00027715,domestic,PDMM,False,3-4.5,Residente,True
99999E00027719,domestic,PDMM,False,3-4.5,Residente,True
99999E00027722,domestic,PDMM,False,1.5-3,Non Residente,True
99999E00027727,domestic,PDMM,False,1.5-3,Non Residente,True
99999E00027729,domestic,PDMM,False,1.5-3,Residente,True
99999E00027731,domestic,PDMM,False,1.5-3,Non Residente,True
99999E00027732,domestic,PDMM,False,1.5-3,Non Residente,True
99999E00027734,domestic,PDMM,False,1.5-3,Non Residente,True
99999E00027737,domestic,PDMM,False,1.5-3,Residente,True
99999E00027740,domestic,PDMM,False,1.5-3,Residente,True
99999E00027741,domestic,PDMM,False,1.5-3,Residente,True
99999E00027746,domestic,PDMM,False,1.5-3,Residente,True
99999E00027748,domestic,PDMM,False,1.5-3,Residente,True
99999E00027751,domestic,PDMM,False,1.5-3,Non Residente,True
99999E00027752,domestic,PDMM,False,1.5-3,Residente,True
99999E00027753,domestic,PDMM,False,3-4.5,Residente,True
99999E00027759,domestic,PDMM,False,1.5-3,Non Residente,True
99999E00027766,domestic,PDMM,False,1.5-3,Residente,True
99999E00027768,domestic,PDMM,False,1.5-3,Non Residente,True
99999E00027770,domestic,PDMM,False,3-4.5,Residente,True
99999E00027773,domestic,PDMM,False,1.5-3,Residente,True
99999E00027776,domestic,PDMM,False,1.5-3,Residente,True
99999E00027787,domestic,PDMM,False,3-4.5,Non Residente,True
99999E00027793,domestic,PDMM,False,1.5-3,Non Residente,True
99999E00027812,other,PAUM,False,,,False
99999E00027821,domestic,PDMM,False,3-4.5,Non Residente,True
99999E00027822,domestic,PDMM,False,1.5-3,Non Residente,True
99999E00027823,domestic,PDMM,False,1.5-3,Non Residente,True
99999E00027835,domestic,PDMM,False,1.5-3,Non Residente,True
99999E00027837,domestic,PDMM,False,1.5-3,Non Residente,True
99999E00027848,domestic,PDMM,False,1.5-3,Residente,True
99999E00027853,domestic,PDMM,False,1.5-3,Residente,True
99999E00027860,domestic,PDMM,False,1.5-3,Non Residente,True
99999E00027861,domestic,PDMM,False,1.5-3,Non Residente,True
99999E00027869,domestic,PDMM,False,1.5-3,Non Residente,True
99999E00027870,domestic,PDMM,False,3-4.5,Non Residente,True
99999E00027871,domestic,PDMM,False,4.5-6,Non Residente,True
99999E00027891,domestic,PDMM,False,1.5-3,Residente,True
99999E00027901,domestic,PDMM,False,4.5-6,Non Residente,True
99999E00027905,domestic,PDMM,False,1.5-3,Non Residente,True
99999E00027906,domestic,PDMM,False,1.5-3,Residente,True
99999E00027911,domestic,PDMM,False,1.5-3,Residente,True
99999E00027912,domestic,PDMM,False,1.5-3,Residente,True
99999E00027914,domestic,PDMM,False,1.5-3,Residente,True
99999E00027919,domestic,PDMM,False,1.5-3,Non Residente,True
99999E00027920,domestic,PDMM,False,1.5-3,Residente,True
99999E00027921,domestic,PDMM,False,1.5-3,Non Residente,True
99999E00027922,domestic,PDMM,False,1.5-3,Residente,True
99999E00027927,domestic,PDMM,False,1.5-3,Residente,True
99999E00027931,domestic,PDMM,False,1.5-3,Non Residente,True
99999E00027932,domestic,PDMM,False,1.5-3,Residente,True
99999E00027933,domestic,PDMM,False,1.5-3,Residente,True
99999E00027936,domestic,PDMM,False,4.5-6,Non Residente,True
99999E00027937,domestic,PDMM,False,3-4.5,Non Residente,True
99999E00027938,domestic,PDMM,False,1.5-3,Non Residente,True
99999E00027940,domestic,PDMM,False,1.5-3,Non Residente,True
99999E00027948,domestic,PDMM,False,1.5-3,Residente,True
99999E00027949,domestic,PDMM,False,1.5-3,Residente,True
99999E00027950,domestic,PDMM,False,1.5-3,Residente,True
99999E00027951,domestic,PDMM,False,1.5-3,Non Residente,True
99999E00027955,domestic,PDMM,False,1.5-3,Residente,True
99999E00027958,domestic,PDMM,False,1.5-3,Non Residente,True
99999E00027961,domestic,PDMM,False,1.5-3,Residente,True
99999E00027962,domestic,PDMM,False,1.5-3,Residente,True
99999E00027963,domestic,PDMM,False,3-4.5,Non Residente,True
99999E00027964,domestic,PDMM,False,1.5-3,Residente,True
99999E00027966,domestic,PDMM,False,3-4.5,Residente,True
99999E00027976,domestic,PDMM,False,1.5-3,Residente,True
99999E00027979,domestic,PDMM,False,1.5-3,Non Residente,True
99999E00027980,domestic,PDMM,False,1.5-3,Residente,True
99999E00027982,domestic,PDMM,False,1.5-3,Residente,True
99999E00027986,domestic,PDMM,False,1.5-3,Residente,True
99999E00027987,domestic,PDMM,False,1.5-3,Residente,True
99999E00027990,domestic,PDMM,False,1.5-3,Residente,True
99999E00027993,domestic,PDMM,False,1.5-3,Residente,True
99999E00027997,domestic,PDMM,False,1.5-3,Non Residente,True
99999E00028000,domestic,PDMM,False,3-4.5,Residente,True
99999E00028007,domestic,PDMM,False,1.5-3,Residente,True
99999E00028008,domestic,PDMM,False,1.5-3,Non Residente,True
99999E00028010,domestic,PDMM,False,1.5-3,Non Residente,True
99999E00028016,domestic,PDMM,False,1.5-3,Residente,True
99999E00028017,domestic,PDMM,False,1.5-3,Non Residente,True
99999E00028018,domestic,PDMM,False,1.5-3,Residente,True
99999E00028022,other,PAUM,False,,,False
99999E00028031,domestic,PDMM,False,1.5-3,Residente,True
99999E00028032,domestic,PDMM,False,1.5-3,Non Residente,True
99999E00028037,domestic,PDMM,False,1.5-3,Non Residente,True
99999E00028046,domestic,PDMM,False,3-4.5,Residente,True
99999E00028048,domestic,PDMM,False,1.5-3,Non Residente,True
99999E00028052,domestic,PDMM,False,1.5-3,Non Residente,True
99999E00028069,domestic,PDMM,False,1.5-3,Non Residente,True
99999E00028080,domestic,PDMM,False,1.5-3,Non Residente,True
99999E00028112,domestic,PDMM,False,1.5-3,Non Residente,True
99999E00028122,domestic,PDMM,False,1.5-3,Non Residente,True
99999E00028128,domestic,PDMM,False,1.5-3,Non Residente,True
99999E00028140,domestic,PDMM,False,1.5-3,Non Residente,True
99999E00028143,domestic,PDMM,False,1.5-3,Residente,True
99999E00028155,domestic,PDMM,False,1.5-3,Non Residente,True
99999E00028156,domestic,PDMM,False,1.5-3,Non Residente,True
99999E00028157,domestic,PDMM,False,3-4.5,Non Residente,True
99999E00028158,other,PAUM,False,,,False
99999E00028163,domestic,PDMM,False,1.5-3,Non Residente,True
99999E00028174,domestic,PDMM,False,1.5-3,Non Residente,True
99999E00028175,domestic,PDMM,False,4.5-6,Non Residente,True
99999E00028192,domestic,PDMM,False,1.5-3,Residente,True
99999E00028200,domestic,PDMM,False,1.5-3,Non Residente,True
99999E00028204,domestic,PDMM,False,3-4.5,Residente,True
99999E00028216,domestic,PDMM,False,1.5-3,Non Residente,True
99999E00028220,domestic,PDMM,False,1.5-3,Non Residente,True
99999E00028221,domestic,PDMM,False,1.5-3,Residente,True
99999E00028223,domestic,PDMM,False,1.5-3,Residente,True
99999E00028225,domestic,PDMM,False,1.5-3,Non Residente,True
99999E00028234,domestic,PDMM,False,4.5-6,Non Residente,True
99999E00028235,domestic,PDMM,False,1.5-3,Non Residente,True
99999E00028238,other,PAUM,False,,,False
99999E00028239,domestic,PDMM,False,1.5-3,Non Residente,True
99999E00028240,domestic,PDMM,False,1.5-3,Non Residente,True
99999E00028241,domestic,PDMM,False,3-4.5,Residente,True
99999E00028242,domestic,PDMM,False,1.5-3,Non Residente,True
99999E00028243,domestic,PDMM,False,1.5-3,Non Residente,True
99999E00028244,domestic,PDMM,False,1.5-3,Non Residente,True
99999E00028269,domestic,PDMM,False,1.5-3,Non Residente,True
99999E00028286,domestic,PDMM,False,1.5-3,Residente,True
99999E00028305,domestic,PDMM,False,1.5-3,Non Residente,True
99999E00028312,domestic,PDMM,False,3-4.5,Residente,True
99999E00028327,domestic,PDMM,False,1.5-3,Non Residente,True
99999E00028346,domestic,PDMM,False,3-4.5,Residente,True
99999E00028352,domestic,PDMM,False,1.5-3,Residente,True
99999E00028353,domestic,PDMM,False,1.5-3,Residente,True
99999E00028355,domestic,PDMM,False,1.5-3,Non Residente,True
99999E00028363,domestic,PDMM,False,1.5-3,Residente,True
99999E00028376,domestic,PDMM,False,1.5-3,Residente,True
99999E00028383,domestic,PDMM,False,4.5-6,Non Residente,True
99999E00028388,domestic,PDMM,False,1.5-3,Non Residente,True
99999E00028394,domestic,PDMM,False,1.5-3,Non Residente,True
99999E00028397,domestic,PDMM,False,3-4.5,Non Residente,True
99999E00028400,domestic,PDMM,False,1.5-3,Residente,True
99999E00028411,domestic,PDMM,False,1.5-3,Non Residente,True
99999E00028412,domestic,PDMM,False,1.5-3,Non Residente,True
99999E00028414,domestic,PDMM,False,3-4.5,Non Residente,True
99999E00028415,domestic,PDMM,False,4.5-6,Non Residente,True
99999E00028427,domestic,PDMM,False,4.5-6,Residente,True
99999E00028429,domestic,PDMM,False,1.5-3,Residente,True
99999E00028431,domestic,PDMM,False,1.5-3,Non Residente,True
99999E00028439,domestic,PDMM,False,1.5-3,Residente,True
99999E00028441,domestic,PDMM,False,1.5-3,Residente,True
99999E00028444,domestic,PDMM,False,1.5-3,Residente,True
99999E00028453,domestic,PDMM,False,1.5-3,Non Residente,True
99999E00028456,domestic,PDMM,False,1.5-3,Non Residente,True
99999E00028457,domestic,PDMM,False,1.5-3,Non Residente,True
99999E00028458,domestic,PDMM,False,1.5-3,Non Residente,True
99999E00028459,domestic,PDMM,False,1.5-3,Non Residente,True
99999E00028462,domestic,PDMM,False,1.5-3,Non Residente,True
99999E00028463,domestic,PDMM,False,1.5-3,Non Residente,True
99999E00028465,domestic,PDMM,False,1.5-3,Non Residente,True
99999E00028466,other,PAUM,False,,,False
99999E00028484,domestic,PDMM,False,1.5-3,Non Residente,True
99999E00028489,domestic,PDMM,False,4.5-6,Non Residente,True
99999E00028492,domestic,PDMM,False,4.5-6,Non Residente,True
99999E00028494,domestic,PDMM,False,1.5-3,Non Residente,True
99999E00028502,domestic,PDMM,False,1.5-3,Non Residente,True
99999E00028503,domestic,PDMM,False,1.5-3,Non Residente,True
99999E00028504,domestic,PDMM,False,1.5-3,Non Residente,True
99999E00028508,domestic,PDMM,False,1.5-3,Non Residente,True
99999E00028514,domestic,PDMM,False,1.5-3,Non Residente,True
99999E00028532,domestic,PDMM,False,1.5-3,Residente,True
99999E00028548,domestic,PDMM,False,3-4.5,Non Residente,True
99999E00028551,domestic,PDMM,False,1.5-3,Non Residente,True
99999E00028556,domestic,PDMM,False,1.5-3,Non Residente,True
99999E00028559,domestic,PDMM,False,1.5-3,Residente,True
99999E00028583,domestic,PDMM,False,1.5-3,Non Residente,True
99999E00028584,domestic,PDMM,False,1.5-3,Non Residente,True
99999E00028588,domestic,PDMM,False,1.5-3,Residente,True
99999E00028589,domestic,PDMM,False,1.5-3,Residente,True
99999E00028590,domestic,PDMM,False,1.5-3,Residente,True
99999E00028593,domestic,PDMM,False,3-4.5,Residente,True
99999E00028594,domestic,PDMM,False,1.5-3,Non Residente,True
99999E00028596,domestic,PDMM,False,1.5-3,Non Residente,True
99999E00028600,other,PAUM,False,,,False
99999E00028610,domestic,PDMM,False,1.5-3,Non Residente,True
99999E00028614,domestic,PDMM,False,1.5-3,Residente,True
99999E00028648,domestic,PDMM,False,0-1.5,Non Residente,True
99999E00028677,domestic,PDMM,False,1.5-3,Residente,True
99999E00028701,other,PAUM,False,,,False
99999E00028704,domestic,PDMM,False,1.5-3,Residente,True
99999E00028722,domestic,PDMM,False,3-4.5,Residente,True
99999E00028737,domestic,PDMM,False,1.5-3,Residente,True
99999E00028740,domestic,PDMM,False,1.5-3,Non Residente,True
99999E00028743,domestic,PDMM,False,1.5-3,Non Residente,True
99999E00028747,domestic,PDMM,False,1.5-3,Non Residente,True
99999E00028754,domestic,PDMM,False,1.5-3,Residente,True
99999E00028756,domestic,PDMM,False,1.5-3,Non Residente,True
99999E00028763,domestic,PDMM,False,4.5-6,Residente,True
99999E00028768,domestic,PDMM,False,3-4.5,Residente,True
99999E00028769,domestic,PDMM,False,3-4.5,Residente,True
99999E00028777,domestic,PDMM,False,1.5-3,Non Residente,True
99999E00028789,domestic,PDMM,False,4.5-6,Non Residente,True
99999E00028794,domestic,PDMM,False,1.5-3,Non Residente,True
99999E00028795,domestic,PDMM,False,1.5-3,Non Residente,True
99999E00028806,domestic,PDMM,False,4.5-6,Non Residente,True
99999E00028811,domestic,PDMM,False,1.5-3,Non Residente,True
99999E00028815,domestic,PDMM,False,1.5-3,Residente,True
99999E00028816,domestic,PDMM,False,1.5-3,Residente,True
99999E00028821,domestic,PDMM,False,4.5-6,Non Residente,True
99999E00028834,domestic,PDMM,False,1.5-3,Non Residente,True
99999E00028839,domestic,PDMM,False,3-4.5,Non Residente,True
99999E00028849,domestic,PDMM,False,1.5-3,Non Residente,True
99999E00028850,domestic,PDMM,False,1.5-3,Non Residente,True
99999E00028858,domestic,PDMM,False,1.5-3,Non Residente,True
99999E00028862,domestic,PDMM,False,1.5-3,Residente,True
99999E00028876,domestic,PDMM,False,3-4.5,Residente,True
99999E00028879,domestic,PDMM,False,1.5-3,Non Residente,True
99999E00028899,domestic,PDMM,False,1.5-3,Non Residente,True
99999E00028906,domestic,PDMM,False,1.5-3,Non Residente,True
99999E00028913,domestic,PDMM,False,1.5-3,Non Residente,True
99999E00028919,domestic,PDMM,False,1.5-3,Non Residente,True
99999E00028923,domestic,PDMM,False,1.5-3,Residente,True
99999E00028924,domestic,PDMM,False,1.5-3,Residente,True
99999E00028926,domestic,PDMM,False,1.5-3,Non Residente,True
99999E00028928,domestic,PDMM,False,3-4.5,Residente,True
99999E00028930,domestic,PDMM,False,1.5-3,Non Residente,True
99999E00028937,domestic,PDMM,False,1.5-3,Residente,True
99999E00028941,domestic,PDMM,False,1.5-3,Non Residente,True
99999E00028942,other,PAUM,False,,,False
99999E00028945,domestic,PDMM,False,1.5-3,Non Residente,True
99999E00028946,domestic,PDMM,False,1.5-3,Non Residente,True
99999E00028951,domestic,PDMM,False,1.5-3,Residente,True
99999E00028963,domestic,PDMM,False,1.5-3,Residente,True
99999E00028965,other,PAUM,False,,,False
99999E00028968,domestic,PDMM,False,1.5-3,Non Residente,True
99999E00028973,other,PAUM,False,,,False
99999E00028974,domestic,PDMM,False,1.5-3,Non Residente,True
99999E00028977,domestic,PDMM,False,1.5-3,Residente,True
99999E00028983,domestic,PDMM,False,4.5-6,Non Residente,True
99999E00028986,domestic,PDMM,False,1.5-3,Residente,True
99999E00029002,domestic,PDMM,False,1.5-3,Non Residente,True
99999E00029007,domestic,PDMM,False,1.5-3,Non Residente,True
99999E00029008,domestic,PDMM,False,4.5-6,Residente,True
99999E00029010,domestic,PDMM,False,3-4.5,Non Residente,True
99999E00029016,domestic,PDMM,False,1.5-3,Non Residente,True
99999E00029017,domestic,PDMM,False,3-4.5,Non Residente,True
99999E00029019,domestic,PDMM,False,1.5-3,Non Residente,True
99999E00029022,domestic,PDMM,False,1.5-3,Residente,True
99999E00029035,domestic,PDMM,False,1.5-3,Non Residente,True
99999E00029042,domestic,PDMM,False,3-4.5,Residente,True
99999E00029045,domestic,PDMM,False,3-4.5,Residente,True
99999E00029050,domestic,PDMM,False,1.5-3,Non Residente,True
99999E00029058,domestic,PDMM,False,3-4.5,Non Residente,True
99999E00029071,domestic,PDMM,False,1.5-3,Non Residente,True
99999E00029072,domestic,PDMM,False,3-4.5,Non Residente,True
99999E00029073,domestic,PDMM,False,1.5-3,Non Residente,True
99999E00029083,domestic,PDMM,False,1.5-3,Non Residente,True
99999E00029086,domestic,PDMM,False,1.5-3,Residente,True
99999E00029096,domestic,PDMM,False,1.5-3,Residente,True
99999E00029097,domestic,PDMM,False,1.5-3,Residente,True
99999E00029105,domestic,PDMM,False,1.5-3,Non Residente,True
99999E00029120,domestic,PDMM,False,1.5-3,Non Residente,True
99999E00029137,domestic,PDMM,False,1.5-3,Non Residente,True
99999E00029140,domestic,PDMM,False,1.5-3,Non Residente,True
99999E00029141,domestic,PDMM,False,1.5-3,Non Residente,True
99999E00029147,domestic,PDMM,False,1.5-3,Non Residente,True
99999E00029154,domestic,PDMM,False,1.5-3,Non Residente,True
99999E00029158,domestic,PDMM,False,1.5-3,Residente,True
99999E00029164,domestic,PDMM,False,1.5-3,Non Residente,True
99999E00029165,domestic,PDMM,False,1.5-3,Non Residente,True
99999E00029166,domestic,PDMM,False,3-4.5,Non Residente,True
99999E00029167,domestic,PDMM,False,3-4.5,Non Residente,True
99999E00029170,domestic,PDMM,False,3-4.5,Non Residente,True
99999E00029171,domestic,PDMM,False,1.5-3,Residente,True
99999E00029172,other,PAUM,False,,,False
99999E00029173,other,PAUM,False,,,False
99999E00029181,other,PAUM,False,,,False
99999E00029186,domestic,PDMM,False,1.5-3,Residente,True
99999E00029189,domestic,PDMM,False,4.5-6,Non Residente,True
99999E00029194,domestic,PDMM,False,1.5-3,Residente,True
99999E00029199,domestic,PDMM,False,1.5-3,Residente,True
99999E00029207,domestic,PDMM,False,4.5-6,Residente,True
99999E00029211,domestic,PDMM,False,1.5-3,Non Residente,True
99999E00029224,domestic,PDMM,False,1.5-3,Residente,True
99999E00029225,domestic,PDMM,False,1.5-3,Non Residente,True
99999E00029226,domestic,PDMM,False,1.5-3,Non Residente,True
99999E00029227,domestic,PDMM,False,1.5-3,Non Residente,True
99999E00029231,domestic,PDMM,False,1.5-3,Non Residente,True
99999E00029234,domestic,PDMM,False,1.5-3,Non Residente,True
99999E00029238,domestic,PDMM,False,1.5-3,Residente,True
99999E00029246,domestic,PDMM,False,3-4.5,Residente,True
99999E00029250,other,PAUM,False,,,False
99999E00029259,domestic,PDMM,False,1.5-3,Non Residente,True
99999E00029266,other,PAUM,False,,,False
99999E00029270,domestic,PDMM,False,1.5-3,Residente,True
99999E00029277,domestic,PDMM,False,1.5-3,Non Residente,True
99999E00029292,domestic,PDMM,False,>6,Residente,True
99999E00029298,domestic,PDMM,False,1.5-3,Non Residente,True
99999E00029299,domestic,PDMM,False,1.5-3,Non Residente,True
99999E00029306,domestic,PDMM,False,1.5-3,Non Residente,True
99999E00029313,domestic,PDMM,False,1.5-3,Non Residente,True
99999E00029326,domestic,PDMM,False,1.5-3,Non Residente,True
99999E00029327,domestic,PDMM,False,1.5-3,Non Residente,True
99999E00029338,domestic,PDMM,False,1.5-3,Non Residente,True
99999E00029339,domestic,PDMM,False,1.5-3,Residente,True
99999E00029342,domestic,PDMM,False,1.5-3,Residente,True
99999E00029374,domestic,PDMM,False,1.5-3,Non Residente,True
99999E00029392,domestic,PDMM,False,3-4.5,Residente,True
99999E00029397,domestic,PDMM,False,1.5-3,Residente,True
99999E00029413,domestic,PDMM,False,1.5-3,Residente,True
99999E00029415,domestic,PDMM,False,1.5-3,Non Residente,True
99999E00029416,domestic,PDMM,False,1.5-3,Residente,True
99999E00029440,domestic,PDMM,False,1.5-3,Residente,True
99999E00029442,domestic,PDMM,False,1.5-3,Non Residente,True
99999E00029443,domestic,PDMM,False,1.5-3,Non Residente,True
99999E00029449,domestic,PDMM,False,1.5-3,Residente,True
99999E00029450,domestic,PDMM,False,1.5-3,Non Residente,True
99999E00029456,domestic,PDMM,False,0-1.5,Non Residente,True
99999E00029458,domestic,PDMM,False,3-4.5,Residente,True
99999E00029473,domestic,PDMM,False,1.5-3,Non Residente,True
99999E00029474,domestic,PDMM,False,1.5-3,Non Residente,True
99999E00029475,domestic,PDMM,False,1.5-3,Non Residente,True
99999E00029477,domestic,PDMM,False,1.5-3,Non Residente,True
99999E00029478,other,PAUM,False,,,False
99999E00029481,domestic,PDMM,False,1.5-3,Non Residente,True
99999E00029488,domestic,PDMM,False,4.5-6,Residente,True
99999E00029489,domestic,PDMM,False,1.5-3,Residente,True
99999E00029498,domestic,PDMM,False,1.5-3,Residente,True
99999E00029499,domestic,PDMM,False,1.5-3,Non Residente,True
99999E00029503,domestic,PDMM,False,1.5-3,Non Residente,True
99999E00029504,domestic,PDMM,False,1.5-3,Non Residente,True
99999E00029507,domestic,PDMM,False,1.5-3,Non Residente,True
99999E00029517,domestic,PDMM,False,1.5-3,Residente,True
99999E00029518,domestic,PDMM,False,4.5-6,Residente,True
99999E00029523,domestic,PDMM,False,1.5-3,Non Residente,True
99999E00029524,domestic,PDMM,False,1.5-3,Non Residente,True
99999E00029527,domestic,PDMM,False,1.5-3,Non Residente,True
99999E00029529,domestic,PDMM,False,1.5-3,Residente,True
99999E00029535,domestic,PDMM,False,1.5-3,Non Residente,True
99999E00029544,domestic,PDMM,False,1.5-3,Non Residente,True
99999E00029563,domestic,PDMM,False,1.5-3,Residente,True
99999E00029570,domestic,PDMM,False,1.5-3,Non Residente,True
99999E00029572,domestic,PDMM,False,4.5-6,Residente,True
99999E00029573,domestic,PDMM,False,1.5-3,Non Residente,True
99999E00029577,domestic,PDMM,False,1.5-3,Non Residente,True
99999E00029578,domestic,PDMM,False,1.5-3,Non Residente,True
99999E00029587,domestic,PDMM,False,1.5-3,Non Residente,True
99999E00029588,domestic,PDMM,False,1.5-3,Non Residente,True
99999E00029589,domestic,PDMM,False,1.5-3,Non Residente,True
99999E00029591,domestic,PDMM,False,1.5-3,Non Residente,True
99999E00029606,domestic,PDMM,False,1.5-3,Non Residente,True
99999E00029609,domestic,PDMM,False,4.5-6,Residente,True
99999E00029612,other,PAUM,False,,,False
99999E00029658,domestic,PDMM,False,1.5-3,Non Residente,True
99999E00029660,domestic,PDMM,False,1.5-3,Non Residente,True
99999E00029668,domestic,PDMM,False,1.5-3,Residente,True
99999E00029675,domestic,PDMM,False,1.5-3,Non Residente,True
99999E00029685,domestic,PDMM,False,1.5-3,Non Residente,True
99999E00029691,domestic,PDMM,False,1.5-3,Residente,True
99999E00029702,domestic,PDMM,False,3-4.5,Non Residente,True
99999E00029708,domestic,PDMM,False,1.5-3,Residente,True
99999E00029711,domestic,PDMM,False,1.5-3,Residente,True
99999E00029713,domestic,PDMM,False,3-4.5,Non Residente,True
99999E00029716,domestic,PDMM,False,1.5-3,Residente,True
99999E00029718,domestic,PDMM,False,1.5-3,Non Residente,True
99999E00029723,domestic,PDMM,False,4.5-6,Residente,True
99999E00029736,domestic,PDMM,False,1.5-3,Non Residente,True
99999E00029739,domestic,PDMM,False,1.5-3,Residente,True
99999E00029743,domestic,PDMM,False,1.5-3,Non Residente,True
99999E00029744,domestic,PDMM,False,1.5-3,Non Residente,True
99999E00029745,domestic,PDMM,False,1.5-3,Residente,True
99999E00029749,domestic,PDMM,False,1.5-3,Residente,True
99999E00029752,domestic,PDMM,False,1.5-3,Non Residente,True
99999E00029753,domestic,PDMM,False,1.5-3,Residente,True
99999E00029767,domestic,PDMM,False,3-4.5,Non Residente,True
99999E00029772,domestic,PDMM,False,1.5-3,Non Residente,True
99999E00029776,domestic,PDMM,False,3-4.5,Residente,True
99999E00029783,domestic,PDMM,False,3-4.5,Non Residente,True
99999E00029788,domestic,PDMM,False,1.5-3,Residente,True
99999E00029789,domestic,PDMM,False,1.5-3,Residente,True
99999E00029791,domestic,PDMM,False,1.5-3,Non Residente,True
99999E00029794,domestic,PDMM,False,1.5-3,Non Residente,True
99999E00029804,domestic,PDMM,False,4.5-6,Residente,True
99999E00029806,domestic,PDMM,False,4.5-6,Non Residente,True
99999E00029807,domestic,PDMM,False,1.5-3,Residente,True
99999E00029808,domestic,PDMM,False,1.5-3,Non Residente,True
99999E00029812,domestic,PDMM,False,1.5-3,Non Residente,True
99999E00029813,domestic,PDMM,False,3-4.5,Residente,True
99999E00029816,domestic,PDMM,False,1.5-3,Residente,True
99999E00029818,domestic,PDMM,False,1.5-3,Residente,True
99999E00029821,domestic,PDMM,False,1.5-3,Non Residente,True
99999E00029822,domestic,PDMM,False,1.5-3,Non Residente,True
99999E00029823,domestic,PDMM,False,1.5-3,Residente,True
99999E00029824,domestic,PDMM,False,3-4.5,Residente,True
99999E00029830,domestic,PDMM,False,1.5-3,Residente,True
99999E00029831,domestic,PDMM,False,1.5-3,Residente,True
99999E00029833,domestic,PDMM,False,1.5-3,Non Residente,True
99999E00029835,domestic,PDMM,False,1.5-3,Non Residente,True
99999E00029836,domestic,PDMM,False,4.5-6,Non Residente,True
99999E00029837,domestic,PDMM,False,4.5-6,Non Residente,True
99999E00029840,domestic,PDMM,False,1.5-3,Non Residente,True
99999E00029841,domestic,PDMM,False,1.5-3,Non Residente,True
99999E00029847,domestic,PDMM,False,1.5-3,Non Residente,True
99999E00029849,domestic,PDMM,False,1.5-3,Non Residente,True
99999E00029857,domestic,PDMM,False,1.5-3,Residente,True
99999E00029859,domestic,PDMM,False,1.5-3,Non Residente,True
99999E00029860,domestic,PDMM,False,1.5-3,Non Residente,True
99999E00029869,domestic,PDMM,False,1.5-3,Non Residente,True
99999E00029873,domestic,PDMM,False,1.5-3,Non Residente,True
99999E00029874,domestic,PDMM,False,3-4.5,Non Residente,True
99999E00029875,domestic,PDMM,False,1.5-3,Non Residente,True
99999E00029876,domestic,PDMM,False,3-4.5,Non Residente,True
99999E00029883,domestic,PDMM,False,1.5-3,Non Residente,True
99999E00029894,domestic,PDMM,False,1.5-3,Non Residente,True
99999E00029895,domestic,PDMM,False,1.5-3,Residente,True
99999E00029899,domestic,PDMM,False,1.5-3,Non Residente,True
99999E00029906,domestic,PDMM,False,1.5-3,Non Residente,True
99999E00029907,domestic,PDMM,False,3-4.5,Non Residente,True
99999E00029912,domestic,PDMM,False,1.5-3,Non Residente,True
99999E00029916,domestic,PDMM,False,1.5-3,Non Residente,True
99999E00029923,domestic,PDMM,False,3-4.5,Non Residente,True
99999E00029925,domestic,PDMM,False,1.5-3,Non Residente,True
99999E00029926,domestic,PDMM,False,1.5-3,Non Residente,True
99999E00029935,domestic,PDMM,False,>6,Non Residente,True
99999E00029936,domestic,PDMM,False,1.5-3,Non Residente,True
99999E00029937,domestic,PDMM,False,1.5-3,Non Residente,True
99999E00029939,domestic,PDMM,False,1.5-3,Residente,True
99999E00029941,domestic,PDMM,False,1.5-3,Residente,True
99999E00029958,domestic,PDMM,False,1.5-3,Residente,True
99999E00029960,domestic,PDMM,False,1.5-3,Residente,True
99999E00029964,domestic,PDMM,False,1.5-3,Non Residente,True
99999E00029967,domestic,PDMM,False,1.5-3,Residente,True
99999E00029971,domestic,PDMM,False,3-4.5,Residente,True
99999E00029972,domestic,PDMM,False,4.5-6,Residente,True
99999E00029980,domestic,PDMM,False,3-4.5,Non Residente,True
99999E00029987,domestic,PDMM,False,1.5-3,Residente,True
99999E00029988,domestic,PDMM,False,1.5-3,Non Residente,True
99999E00030007,domestic,PDMM,False,4.5-6,Residente,True
99999E00030022,domestic,PDMM,False,3-4.5,Residente,True
99999E00030026,domestic,PDMM,False,1.5-3,Non Residente,True
99999E00030035,domestic,PDMM,False,1.5-3,Non Residente,True
99999E00030037,domestic,PDMM,False,3-4.5,Residente,True
99999E00030045,domestic,PDMM,False,1.5-3,Non Residente,True
99999E00030047,domestic,PDMM,False,3-4.5,Non Residente,True
99999E00030049,domestic,PDMM,False,1.5-3,Non Residente,True
99999E00030051,domestic,PDMM,False,1.5-3,Non Residente,True
99999E00030054,domestic,PDMM,False,3-4.5,Non Residente,True
99999E00030068,domestic,PDMM,False,1.5-3,Non Residente,True
99999E00030074,domestic,PDMM,False,1.5-3,Residente,True
99999E00030076,domestic,PDMM,False,1.5-3,Non Residente,True
99999E00030085,domestic,PDMM,False,1.5-3,Non Residente,True
99999E00030098,domestic,PDMM,False,1.5-3,Residente,True
99999E00030100,domestic,PDMM,False,1.5-3,Residente,True
99999E00030105,domestic,PDMM,False,1.5-3,Non Residente,True
99999E00030122,domestic,PDMM,False,1.5-3,Residente,True
99999E00030123,domestic,PDMM,False,4.5-6,Residente,True
99999E00030132,domestic,PDMM,False,1.5-3,Non Residente,True
99999E00030133,domestic,PDMM,False,4.5-6,Residente,True
99999E00030134,domestic,PDMM,False,1.5-3,Residente,True
99999E00030146,domestic,PDMM,False,1.5-3,Non Residente,True
99999E00030148,domestic,PDMM,False,1.5-3,Residente,True
99999E00030149,domestic,PDMM,False,1.5-3,Non Residente,True
99999E00030155,domestic,PDMM,False,1.5-3,Non Residente,True
99999E00030158,domestic,PDMM,False,4.5-6,Non Residente,True
99999E00030165,domestic,PDMM,False,1.5-3,Residente,True
99999E00030171,domestic,PDMM,False,0-1.5,Non Residente,True
99999E00030177,domestic,PDMM,False,1.5-3,Non Residente,True
99999E00030180,domestic,PDMM,False,1.5-3,Residente,True
99999E00030187,domestic,PDMM,False,1.5-3,Residente,True
99999E00030193,domestic,PDMM,False,1.5-3,Non Residente,True
99999E00030197,domestic,PDMM,False,1.5-3,Non Residente,True
99999E00030198,domestic,PDMM,False,4.5-6,Non Residente,True
99999E00030213,domestic,PDMM,False,1.5-3,Residente,True
99999E00030229,domestic,PDMM,False,4.5-6,Non Residente,True
99999E00030248,domestic,PDMM,False,1.5-3,Residente,True
99999E00030256,domestic,PDMM,False,1.5-3,Non Residente,True
99999E00030263,domestic,PDMM,False,1.5-3,Residente,True
99999E00030264,domestic,PDMM,False,1.5-3,Non Residente,True
99999E00030270,domestic,PDMM,False,1.5-3,Residente,True
99999E00030271,domestic,PDMM,False,1.5-3,Residente,True
99999E00030275,domestic,PDMM,False,1.5-3,Non Residente,True
99999E00030277,other,PAUM,False,,,False
99999E00030281,domestic,PDMM,False,3-4.5,Non Residente,True
99999E00030283,domestic,PDMM,False,1.5-3,Non Residente,True
99999E00030286,domestic,PDMM,False,4.5-6,Residente,True
99999E00030289,domestic,PDMM,False,3-4.5,Residente,True
99999E00030290,domestic,PDMM,False,1.5-3,Non Residente,True
99999E00030291,domestic,PDMM,False,0-1.5,Non Residente,True
99999E00030310,domestic,PDMM,False,1.5-3,Residente,True
99999E00030315,domestic,PDMM,False,1.5-3,Residente,True
99999E00030323,domestic,PDMM,False,1.5-3,Non Residente,True
99999E00030325,domestic,PDMM,False,1.5-3,Non Residente,True
99999E00030328,domestic,PDMM,False,1.5-3,Non Residente,True
99999E00030335,domestic,PDMM,False,1.5-3,Residente,True
99999E00030348,other,PAUM,False,,,False
99999E00030350,domestic,PDMM,False,1.5-3,Non Residente,True
99999E00030355,domestic,PDMM,False,1.5-3,Non Residente,True
99999E00030358,domestic,PDMM,False,1.5-3,Residente,True
99999E00030359,domestic,PDMM,False,1.5-3,Residente,True
99999E00030361,domestic,PDMM,False,1.5-3,Non Residente,True
99999E00030365,domestic,PDMM,False,1.5-3,Residente,True
99999E00030366,domestic,PDMM,False,1.5-3,Residente,True
99999E00030371,domestic,PDMM,False,0-1.5,Non Residente,True
99999E00030372,domestic,PDMM,False,1.5-3,Residente,True
99999E00030374,domestic,PDMM,False,1.5-3,Residente,True
99999E00030384,domestic,PDMM,False,1.5-3,Residente,True
99999E00030387,domestic,PDMM,False,1.5-3,Residente,True
99999E00030389,domestic,PDMM,False,1.5-3,Residente,True
99999E00030390,domestic,PDMM,False,1.5-3,Non Residente,True
99999E00030391,domestic,PDMM,False,1.5-3,Non Residente,True
99999E00030394,domestic,PDMM,False,1.5-3,Residente,True
99999E00030405,other,PAUM,False,,,False
99999E00030406,domestic,PDMM,False,1.5-3,Non Residente,True
99999E00030407,domestic,PDMM,False,1.5-3,Non Residente,True
99999E00030409,domestic,PDMM,False,1.5-3,Non Residente,True
99999E00030410,domestic,PDMM,False,1.5-3,Non Residente,True
99999E00030411,domestic,PDMM,False,1.5-3,Non Residente,True
99999E00030415,domestic,PDMM,False,1.5-3,Residente,True
99999E00030422,domestic,PDMM,False,1.5-3,Residente,True
99999E00030426,domestic,PDMM,False,3-4.5,Residente,True
99999E00030429,domestic,PDMM,False,3-4.5,Non Residente,True
99999E00030433,domestic,PDMM,False,1.5-3,Non Residente,True
99999E00030435,domestic,PDMM,False,1.5-3,Non Residente,True
99999E00030437,domestic,PDMM,False,1.5-3,Residente,True
99999E00030438,domestic,PDMM,False,3-4.5,Residente,True
99999E00030439,domestic,PDMM,False,1.5-3,Non Residente,True
99999E00030440,domestic,PDMM,False,1.5-3,Non Residente,True
99999E00030442,domestic,PDMM,False,1.5-3,Residente,True
99999E00030443,domestic,PDMM,False,1.5-3,Residente,True
99999E00030445,domestic,PDMM,False,1.5-3,Non Residente,True
99999E00030458,domestic,PDMM,False,4.5-6,Non Residente,True
99999E00030459,domestic,PDMM,False,1.5-3,Residente,True
99999E00030480,domestic,PDMM,False,1.5-3,Non Residente,True
99999E00030481,domestic,PDMM,False,1.5-3,Residente,True
99999E00030483,domestic,PDMM,False,1.5-3,Non Residente,True
99999E00030486,domestic,PDMM,False,1.5-3,Non Residente,True
99999E00030487,domestic,PDMM,False,1.5-3,Residente,True
99999E00030492,domestic,PDMM,False,1.5-3,Residente,True
99999E00030496,domestic,PDMM,False,1.5-3,Non Residente,True
99999E00030498,domestic,PDMM,False,1.5-3,Residente,True
99999E00030500,domestic,PDMM,False,1.5-3,Non Residente,True
99999E00030501,domestic,PDMM,False,1.5-3,Non Residente,True
99999E00030503,domestic,PDMM,False,1.5-3,Non Residente,True
99999E00030508,domestic,PDMM,False,1.5-3,Residente,True
99999E00030509,domestic,PDMM,False,3-4.5,Non Residente,True
99999E00030515,domestic,PDMM,False,1.5-3,Non Residente,True
99999E00030517,domestic,PDMM,False,1.5-3,Non Residente,True
99999E00030518,domestic,PDMM,False,1.5-3,Non Residente,True
99999E00030527,domestic,PDMM,False,1.5-3,Non Residente,True
99999E00030528,domestic,PDMM,False,3-4.5,Residente,True
99999E00030530,domestic,PDMM,False,1.5-3,Residente,True
99999E00030532,domestic,PDMM,False,4.5-6,Non Residente,True
99999E00030533,domestic,PDMM,False,4.5-6,Non Residente,True
99999E00030536,domestic,PDMM,False,1.5-3,Non Residente,True
99999E00030537,domestic,PDMM,False,1.5-3,Non Residente,True
99999E00030540,domestic,PDMM,False,4.5-6,Residente,True
99999E00030547,domestic,PDMM,False,1.5-3,Non Residente,True
99999E00030551,domestic,PDMM,False,3-4.5,Residente,True
99999E00030554,domestic,PDMM,False,1.5-3,Residente,True
99999E00030565,domestic,PDMM,False,1.5-3,Non Residente,True
99999E00030572,domestic,PDMM,False,1.5-3,Residente,True
99999E00030573,domestic,PDMM,False,1.5-3,Non Residente,True
99999E00030576,domestic,PDMM,False,1.5-3,Non Residente,True
99999E00030577,domestic,PDMM,False,1.5-3,Non Residente,True
99999E00030581,domestic,PDMM,False,1.5-3,Non Residente,True
99999E00030582,domestic,PDMM,False,1.5-3,Residente,True
99999E00030586,domestic,PDMM,False,1.5-3,Non Residente,True
99999E00030587,domestic,PDMM,False,1.5-3,Non Residente,True
99999E00030589,domestic,PDMM,False,1.5-3,Non Residente,True
99999E00030595,domestic,PDMM,False,1.5-3,Residente,True
99999E00030597,domestic,PDMM,False,4.5-6,Residente,True
99999E00030605,domestic,PDMM,False,1.5-3,Residente,True
99999E00030611,domestic,PDMM,False,4.5-6,Non Residente,True
99999E00030618,domestic,PDMM,False,1.5-3,Non Residente,True
99999E00030622,domestic,PDMM,False,1.5-3,Non Residente,True
99999E00030632,domestic,PDMM,False,1.5-3,Residente,True
99999E00030634,domestic,PDMM,False,1.5-3,Non Residente,True
99999E00030641,domestic,PDMM,False,3-4.5,Residente,True
99999E00030642,domestic,PDMM,False,1.5-3,Non Residente,True
99999E00030647,domestic,PDMM,False,1.5-3,Non Residente,True
99999E00030653,domestic,PDMM,False,1.5-3,Residente,True
99999E00030670,other,PAUM,False,,,False
99999E00030675,domestic,PDMM,False,1.5-3,Residente,True
99999E00030676,domestic,PDMM,False,1.5-3,Non Residente,True
99999E00030677,domestic,PDMM,False,3-4.5,Non Residente,True
99999E00030678,domestic,PDMM,False,3-4.5,Non Residente,True
99999E00030679,domestic,PDMM,False,1.5-3,Non Residente,True
99999E00030680,domestic,PDMM,False,3-4.5,Non Residente,True
99999E00030681,domestic,PDMM,False,1.5-3,Residente,True
99999E00030683,domestic,PDMM,False,3-4.5,Residente,True
99999E00030688,domestic,PDMM,False,1.5-3,Non Residente,True
99999E00030694,domestic,PDMM,False,1.5-3,Residente,True
99999E00030697,domestic,PDMM,False,1.5-3,Residente,True
99999E00030698,domestic,PDMM,False,1.5-3,Non Residente,True
99999E00030700,domestic,PDMM,False,1.5-3,Non Residente,True
99999E00030714,domestic,PDMM,False,3-4.5,Residente,True
99999E00030726,domestic,PDMM,False,1.5-3,Non Residente,True
99999E00030753,domestic,PDMM,False,1.5-3,Non Residente,True
99999E00030754,domestic,PDMM,False,1.5-3,Non Residente,True
99999E00030769,domestic,PDMM,False,1.5-3,Residente,True
99999E00030789,domestic,PDMM,False,1.5-3,Non Residente,True
99999E00030790,domestic,PDMM,False,1.5-3,Non Residente,True
99999E00030797,domestic,PDMM,False,1.5-3,Residente,True
99999E00030814,domestic,PDMM,False,1.5-3,Non Residente,True
99999E00030826,domestic,PDMM,False,1.5-3,Non Residente,True
99999E00030829,domestic,PDMM,False,3-4.5,Residente,True
99999E00030832,domestic,PDMM,False,3-4.5,Non Residente,True
99999E00030842,domestic,PDMM,False,3-4.5,Non Residente,True
99999E00030843,domestic,PDMM,False,1.5-3,Non Residente,True
99999E00030844,domestic,PDMM,False,1.5-3,Non Residente,True
99999E00030848,other,PAUM,False,,,False
99999E00030850,domestic,PDMM,False,1.5-3,Non Residente,True
99999E00030861,domestic,PDMM,False,1.5-3,Non Residente,True
99999E00030878,domestic,PDMM,False,1.5-3,Residente,True
99999E00030883,domestic,PDMM,False,1.5-3,Residente,True
99999E00030894,domestic,PDMM,False,1.5-3,Residente,True
99999E00030903,domestic,PDMM,False,4.5-6,Non Residente,True
99999E00030915,domestic,PDMM,False,1.5-3,Residente,True
99999E00030920,domestic,PDMM,False,1.5-3,Non Residente,True
99999E00030921,domestic,PDMM,False,1.5-3,Non Residente,True
99999E00030922,domestic,PDMM,False,1.5-3,Residente,True
99999E00030926,domestic,PDMM,False,1.5-3,Non Residente,True
99999E00030928,domestic,PDMM,False,1.5-3,Non Residente,True
99999E00030938,domestic,PDMM,False,1.5-3,Residente,True
99999E00030939,domestic,PDMM,False,1.5-3,Residente,True
99999E00030942,domestic,PDMM,False,3-4.5,Non Residente,True
99999E00030944,domestic,PDMM,False,3-4.5,Residente,True
99999E00030952,domestic,PDMM,False,1.5-3,Non Residente,True
99999E00030953,domestic,PDMM,False,1.5-3,Residente,True
99999E00030956,domestic,PDMM,False,1.5-3,Non Residente,True
99999E00030957,domestic,PDMM,False,4.5-6,Non Residente,True
99999E00030959,domestic,PDMM,False,4.5-6,Residente,True
99999E00030961,domestic,PDMM,False,1.5-3,Non Residente,True
99999E00030970,domestic,PDMM,False,1.5-3,Non Residente,True
99999E00030974,domestic,PDMM,False,1.5-3,Residente,True
99999E00030988,domestic,PDMM,False,1.5-3,Residente,True
99999E00030994,domestic,PDMM,False,1.5-3,Non Residente,True
99999E00030995,domestic,PDMM,False,1.5-3,Non Residente,True
99999E00031005,domestic,PDMM,False,1.5-3,Residente,True
99999E00031016,domestic,PDMM,False,1.5-3,Non Residente,True
99999E00031022,domestic,PDMM,False,1.5-3,Residente,True
99999E00031034,domestic,PDMM,False,1.5-3,Residente,True
99999E00031063,domestic,PDMM,False,4.5-6,Non Residente,True
99999E00031066,domestic,PDMM,False,1.5-3,Non Residente,True
99999E00031071,domestic,PDMM,False,3-4.5,Non Residente,True
99999E00031074,domestic,PDMM,False,1.5-3,Non Residente,True
99999E00031081,domestic,PDMM,False,1.5-3,Non Residente,True
99999E00031082,domestic,PDMM,False,4.5-6,Non Residente,True
99999E00031083,domestic,PDMM,False,1.5-3,Non Residente,True
99999E00031084,domestic,PDMM,False,3-4.5,Residente,True
99999E00031085,domestic,PDMM,False,1.5-3,Non Residente,True
99999E00031088,domestic,PDMM,False,1.5-3,Non Residente,True
99999E00031093,domestic,PDMM,False,3-4.5,Non Residente,True
99999E00031098,domestic,PDMM,False,1.5-3,Residente,True
99999E00031102,domestic,PDMM,False,1.5-3,Residente,True
99999E00031112,domestic,PDMM,False,1.5-3,Non Residente,True
99999E00031122,domestic,PDMM,False,1.5-3,Non Residente,True
99999E00031123,domestic,PDMM,False,1.5-3,Non Residente,True
99999E00031128,domestic,PDMM,False,1.5-3,Non Residente,True
99999E00031130,domestic,PDMM,False,1.5-3,Non Residente,True
99999E00031131,domestic,PDMM,False,1.5-3,Non Residente,True
99999E00031138,domestic,PDMM,False,1.5-3,Non Residente,True
99999E00031148,domestic,PDMM,False,1.5-3,Non Residente,True
99999E00031155,domestic,PDMM,False,3-4.5,Non Residente,True
99999E00031162,domestic,PDMM,False,3-4.5,Residente,True
99999E00031163,domestic,PDMM,False,3-4.5,Residente,True
99999E00031169,domestic,PDMM,False,>6,Non Residente,True
99999E00031170,domestic,PDMM,False,1.5-3,Residente,True
99999E00031172,domestic,PDMM,False,1.5-3,Non Residente,True
99999E00031173,domestic,PDMM,False,1.5-3,Non Residente,True
99999E00031174,domestic,PDMM,False,1.5-3,Non Residente,True
99999E00031175,domestic,PDMM,False,1.5-3,Residente,True
99999E00031185,other,PAUM,False,,,False
99999E00031191,domestic,PDMM,False,4.5-6,Non Residente,True
99999E00031193,domestic,PDMM,False,3-4.5,Non Residente,True
99999E00031194,domestic,PDMM,False,1.5-3,Residente,True
99999E00031202,domestic,PDMM,False,1.5-3,Residente,True
99999E00031219,domestic,PDMM,False,1.5-3,Non Residente,True
99999E00031223,domestic,PDMM,False,1.5-3,Non Residente,True
99999E00031226,domestic,PDMM,False,>6,Residente,True
99999E00031227,domestic,PDMM,False,3-4.5,Residente,True
99999E00031233,domestic,PDMM,False,1.5-3,Non Residente,True
99999E00031234,domestic,PDMM,False,1.5-3,Residente,True
99999E00031235,domestic,PDMM,False,1.5-3,Non Residente,True
99999E00031242,domestic,PDMM,False,1.5-3,Non Residente,True
99999E00031258,domestic,PDMM,False,1.5-3,Non Residente,True
99999E00031264,domestic,PDMM,False,1.5-3,Non Residente,True
99999E00031269,domestic,PDMM,False,1.5-3,Residente,True
99999E00031276,domestic,PDMM,False,1.5-3,Residente,True
99999E00031289,domestic,PDMM,False,1.5-3,Non Residente,True
99999E00031303,domestic,PDMM,False,1.5-3,Non Residente,True
99999E00031306,domestic,PDMM,False,1.5-3,Residente,True
99999E00031307,domestic,PDMM,False,1.5-3,Non Residente,True
99999E00031309,domestic,PDMM,False,3-4.5,Non Residente,True
99999E00031312,domestic,PDMM,False,1.5-3,Non Residente,True
99999E00031320,domestic,PDMM,False,1.5-3,Residente,True
99999E00031329,domestic,PDMM,False,1.5-3,Non Residente,True
99999E00031336,domestic,PDMM,False,4.5-6,Non Residente,True
99999E00031340,domestic,PDMM,False,1.5-3,Residente,True
99999E00031342,domestic,PDMM,False,1.5-3,Non Residente,True
99999E00031343,domestic,PDMM,False,1.5-3,Residente,True
99999E00031347,domestic,PDMM,False,1.5-3,Residente,True
99999E00031359,domestic,PDMM,False,1.5-3,Residente,True
99999E00031360,domestic,PDMM,False,1.5-3,Residente,True
99999E00031426,domestic,PDMM,False,1.5-3,Non Residente,True
99999E00031432,domestic,PDMM,False,3-4.5,Non Residente,True
99999E00031433,domestic,PDMM,False,1.5-3,Non Residente,True
99999E00031434,domestic,PDMM,False,3-4.5,Non Residente,True
99999E00031435,domestic,PDMM,False,1.5-3,Non Residente,True
99999E00031446,domestic,PDMM,False,1.5-3,Non Residente,True
99999E00031452,domestic,PDMM,False,3-4.5,Non Residente,True
99999E00031463,domestic,PDMM,False,1.5-3,Non Residente,True
99999E00031464,domestic,PDMM,False,1.5-3,Non Residente,True
99999E00031482,domestic,PDMM,False,1.5-3,Non Residente,True
99999E00031490,domestic,PDMM,False,1.5-3,Residente,True
99999E00031497,domestic,PDMM,False,1.5-3,Non Residente,True
99999E00031498,domestic,PDMM,False,1.5-3,Residente,True
99999E00031499,domestic,PDMM,False,1.5-3,Non Residente,True
99999E00031508,domestic,PDMM,False,1.5-3,Non Residente,True
99999E00031518,domestic,PDMM,False,3-4.5,Non Residente,True
99999E00031542,domestic,PDMM,False,1.5-3,Non Residente,True
99999E00031543,domestic,PDMM,False,1.5-3,Non Residente,True
99999E00031544,domestic,PDMM,False,1.5-3,Non Residente,True
99999E00031558,domestic,PDMM,False,3-4.5,Residente,True
99999E00031566,domestic,PDMM,False,1.5-3,Non Residente,True
99999E00031570,domestic,PDMM,False,1.5-3,Non Residente,True
99999E00031583,domestic,PDMM,False,1.5-3,Residente,True
99999E00031612,domestic,PDMM,False,3-4.5,Residente,True
99999E00031613,domestic,PDMM,False,4.5-6,Non Residente,True
99999E00031618,domestic,PDMM,False,1.5-3,Residente,True
99999E00031626,domestic,PDMM,False,1.5-3,Residente,True
99999E00031639,domestic,PDMM,False,>6,Residente,True
99999E00031651,domestic,PDMM,False,1.5-3,Non Residente,True
99999E00031669,domestic,PDMM,False,1.5-3,Non Residente,True
99999E00031679,domestic,PDMM,False,1.5-3,Non Residente,True
99999E00031684,domestic,PDMM,False,3-4.5,Residente,True
99999E00031692,other,PAUM,False,,,False
99999E00031700,domestic,PDMM,False,1.5-3,Residente,True
99999E00031701,domestic,PDMM,False,1.5-3,Non Residente,True
99999E00031702,domestic,PDMM,False,1.5-3,Residente,True
99999E00031703,domestic,PDMM,False,1.5-3,Residente,True
99999E00031704,domestic,PDMM,False,1.5-3,Residente,True
99999E00031705,domestic,PDMM,False,1.5-3,Residente,True
99999E00031714,domestic,PDMM,False,1.5-3,Non Residente,True
99999E00031715,domestic,PDMM,False,1.5-3,Non Residente,True
99999E00031717,domestic,PDMM,False,1.5-3,Residente,True
99999E00031718,domestic,PDMM,False,1.5-3,Non Residente,True
99999E00031719,domestic,PDMM,False,1.5-3,Non Residente,True
99999E00031725,domestic,PDMM,False,1.5-3,Residente,True
99999E00031729,domestic,PDMM,False,4.5-6,Non Residente,True
99999E00031733,domestic,PDMM,False,1.5-3,Residente,True
99999E00031750,domestic,PDMM,False,3-4.5,Residente,True
99999E00031755,domestic,PDMM,False,1.5-3,Non Residente,True
99999E00031756,domestic,PDMM,False,1.5-3,Non Residente,True
99999E00031760,domestic,PDMM,False,1.5-3,Non Residente,True
99999E00031761,domestic,PDMM,False,1.5-3,Residente,True
99999E00031763,domestic,PDMM,False,1.5-3,Residente,True
99999E00031778,domestic,PDMM,False,1.5-3,Non Residente,True
99999E00031797,domestic,PDMM,False,1.5-3,Residente,True
99999E00031798,other,PAUM,False,,,False
99999E00031800,domestic,PDMM,False,1.5-3,Non Residente,True
99999E00031807,domestic,PDMM,False,1.5-3,Non Residente,True
99999E00031808,domestic,PDMM,False,1.5-3,Residente,True
99999E00031809,domestic,PDMM,False,1.5-3,Residente,True
99999E00031817,domestic,PDMM,False,3-4.5,Non Residente,True
99999E00031821,domestic,PDMM,False,1.5-3,Residente,True
99999E00031837,domestic,PDMM,False,1.5-3,Residente,True
99999E00031838,domestic,PDMM,False,3-4.5,Residente,True
99999E00031839,domestic,PDMM,False,1.5-3,Residente,True
99999E00031840,domestic,PDMM,False,1.5-3,Residente,True
99999E00031841,domestic,PDMM,False,1.5-3,Residente,True
99999E00031843,domestic,PDMM,False,3-4.5,Residente,True
99999E00031849,domestic,PDMM,False,1.5-3,Residente,True
99999E00031851,domestic,PDMM,False,1.5-3,Residente,True
99999E00031852,domestic,PDMM,False,1.5-3,Residente,True
99999E00031861,domestic,PDMM,False,3-4.5,Residente,True
99999E00031864,domestic,PDMM,False,1.5-3,Residente,True
99999E00031871,domestic,PDMM,False,3-4.5,Non Residente,True
99999E00031873,domestic,PDMM,False,1.5-3,Residente,True
99999E00031874,domestic,PDMM,False,1.5-3,Residente,True
99999E00031875,domestic,PDMM,False,1.5-3,Non Residente,True
99999E00031892,domestic,PDMM,False,3-4.5,Non Residente,True
99999E00031904,domestic,PDMM,False,1.5-3,Residente,True
99999E00031910,domestic,PDMM,False,1.5-3,Non Residente,True
99999E00031914,domestic,PDMM,False,1.5-3,Residente,True
99999E00031915,domestic,PDMM,False,1.5-3,Non Residente,True
99999E00031931,domestic,PDMM,False,1.5-3,Residente,True
99999E00031942,domestic,PDMM,False,1.5-3,Non Residente,True
99999E00031945,domestic,PDMM,False,1.5-3,Non Residente,True
99999E00031946,domestic,PDMM,False,1.5-3,Residente,True
99999E00031952,domestic,PDMM,False,1.5-3,Non Residente,True
99999E00031953,other,PAUM,False,,,False
99999E00031955,domestic,PDMM,False,1.5-3,Non Residente,True
99999E00031957,other,PAUM,False,,,False
99999E00031964,domestic,PDMM,False,1.5-3,Residente,True
99999E00031969,domestic,PDMM,False,3-4.5,Non Residente,True
99999E00031971,domestic,PDMM,False,1.5-3,Non Residente,True
99999E00031979,domestic,PDMM,False,1.5-3,Non Residente,True
99999E00031980,domestic,PDMM,False,1.5-3,Residente,True
99999E00031993,domestic,PDMM,False,1.5-3,Non Residente,True
99999E00032000,domestic,PDMM,False,1.5-3,Non Residente,True
99999E00032020,domestic,PDMM,False,3-4.5,Non Residente,True
99999E00032021,domestic,PDMM,False,1.5-3,Non Residente,True
99999E00032022,domestic,PDMM,False,1.5-3,Residente,True
99999E00032047,domestic,PDMM,False,1.5-3,Residente,True
99999E00032062,domestic,PDMM,False,1.5-3,Residente,True
99999E00032066,domestic,PDMM,False,1.5-3,Residente,True
99999E00032068,domestic,PDMM,False,1.5-3,Non Residente,True
99999E00032080,domestic,PDMM,False,0-1.5,Non Residente,True
99999E00032084,domestic,PDMM,False,1.5-3,Non Residente,True
99999E00032089,domestic,PDMM,False,1.5-3,Non Residente,True
99999E00032098,domestic,PDMM,False,1.5-3,Residente,True
99999E00032099,domestic,PDMM,False,4.5-6,Non Residente,True
99999E00032100,domestic,PDMM,False,3-4.5,Non Residente,True
99999E00032110,domestic,PDMM,False,1.5-3,Non Residente,True
99999E00032116,domestic,PDMM,False,1.5-3,Residente,True
99999E00032121,domestic,PDMM,False,3-4.5,Residente,True
99999E00032132,other,PAUM,False,,,False
99999E00032152,domestic,PDMM,False,1.5-3,Non Residente,True
99999E00032155,domestic,PDMM,False,1.5-3,Non Residente,True
99999E00032161,domestic,PDMM,False,1.5-3,Residente,True
99999E00032163,domestic,PDMM,False,3-4.5,Residente,True
99999E00032169,other,PAUM,False,,,False
99999E00032173,domestic,PDMM,False,3-4.5,Non Residente,True
99999E00032177,domestic,PDMM,False,1.5-3,Non Residente,True
99999E00032179,domestic,PDMM,False,1.5-3,Non Residente,True
99999E00032180,domestic,PDMM,False,4.5-6,Residente,True
99999E00032182,domestic,PDMM,False,3-4.5,Non Residente,True
99999E00032183,domestic,PDMM,False,1.5-3,Residente,True
99999E00032193,domestic,PDMM,False,1.5-3,Non Residente,True
99999E00032208,domestic,PDMM,False,1.5-3,Residente,True
99999E00032214,domestic,PDMM,False,1.5-3,Residente,True
99999E00032220,domestic,PDMM,False,1.5-3,Non Residente,True
99999E00032228,domestic,PDMM,False,3-4.5,Residente,True
99999E00032237,domestic,PDMM,False,1.5-3,Non Residente,True
99999E00032242,domestic,PDMM,False,1.5-3,Non Residente,True
99999E00032260,domestic,PDMM,False,1.5-3,Non Residente,True
99999E00032264,domestic,PDMM,False,1.5-3,Residente,True
99999E00032265,domestic,PDMM,False,3-4.5,Residente,True
99999E00032267,domestic,PDMM,False,1.5-3,Non Residente,True
99999E00032278,domestic,PDMM,False,3-4.5,Non Residente,True
99999E00032282,domestic,PDMM,False,4.5-6,Non Residente,True
99999E00032283,domestic,PDMM,False,1.5-3,Residente,True
99999E00032288,domestic,PDMM,False,1.5-3,Residente,True
99999E00032291,domestic,PDMM,False,1.5-3,Residente,True
99999E00032294,domestic,PDMM,False,3-4.5,Non Residente,True
99999E00032298,domestic,PDMM,False,4.5-6,Non Residente,True
99999E00032299,domestic,PDMM,False,3-4.5,Non Residente,True
99999E00032302,domestic,PDMM,False,1.5-3,Non Residente,True
99999E00032303,domestic,PDMM,False,1.5-3,Non Residente,True
99999E00032308,domestic,PDMM,False,1.5-3,Non Residente,True
99999E00032317,domestic,PDMM,False,1.5-3,Residente,True
99999E00032321,domestic,PDMM,False,3-4.5,Non Residente,True
99999E00032327,domestic,PDMM,False,3-4.5,Non Residente,True
99999E00032341,domestic,PDMM,False,1.5-3,Non Residente,True
99999E00032343,domestic,PDMM,False,1.5-3,Residente,True
99999E00032346,domestic,PDMM,False,3-4.5,Non Residente,True
99999E00032347,domestic,PDMM,False,4.5-6,Residente,True
99999E00032349,domestic,PDMM,False,1.5-3,Non Residente,True
99999E00032358,domestic,PDMM,False,4.5-6,Non Residente,True
99999E00032374,domestic,PDMM,False,3-4.5,Residente,True
99999E00032377,domestic,PDMM,False,4.5-6,Non Residente,True
99999E00032380,domestic,PDMM,False,1.5-3,Non Residente,True
99999E00032385,domestic,PDMM,False,1.5-3,Non Residente,True
99999E00032389,domestic,PDMM,False,1.5-3,Residente,True
99999E00032390,domestic,PDMM,False,1.5-3,Non Residente,True
99999E00032396,domestic,PDMM,False,1.5-3,Non Residente,True
99999E00032399,domestic,PDMM,False,1.5-3,Residente,True
99999E00032400,domestic,PDMM,False,3-4.5,Non Residente,True
99999E00032401,domestic,PDMM,False,1.5-3,Non Residente,True
99999E00032407,domestic,PDMM,False,1.5-3,Residente,True
99999E00032410,domestic,PDMM,False,1.5-3,Residente,True
99999E00032420,domestic,PDMM,False,1.5-3,Non Residente,True
99999E00032423,domestic,PDMM,False,4.5-6,Non Residente,True
99999E00032424,domestic,PDMM,False,4.5-6,Non Residente,True
99999E00032425,domestic,PDMM,False,1.5-3,Non Residente,True
99999E00032437,domestic,PDMM,False,1.5-3,Residente,True
99999E00032439,domestic,PDMM,False,1.5-3,Non Residente,True
99999E00032447,domestic,PDMM,False,>6,Residente,True
99999E00032451,domestic,PDMM,False,3-4.5,Non Residente,True
99999E00032461,domestic,PDMM,False,3-4.5,Non Residente,True
99999E00032471,domestic,PDMM,False,1.5-3,Residente,True
99999E00032472,domestic,PDMM,False,1.5-3,Residente,True
99999E00032490,domestic,PDMM,False,1.5-3,Non Residente,True
99999E00032491,domestic,PDMM,False,1.5-3,Non Residente,True
99999E00032492,domestic,PDMM,False,3-4.5,Non Residente,True
99999E00032498,domestic,PDMM,False,1.5-3,Non Residente,True
99999E00032500,domestic,PDMM,False,4.5-6,Non Residente,True
99999E00032502,domestic,PDMM,False,4.5-6,Non Residente,True
99999E00032504,domestic,PDMM,False,1.5-3,Non Residente,True
99999E00032505,domestic,PDMM,False,1.5-3,Non Residente,True
99999E00032510,domestic,PDMM,False,0-1.5,Non Residente,True
99999E00032517,domestic,PDMM,False,1.5-3,Non Residente,True
99999E00032519,domestic,PDMM,False,1.5-3,Residente,True
99999E00032524,domestic,PDMM,False,1.5-3,Residente,True
99999E00032525,domestic,PDMM,False,1.5-3,Non Residente,True
99999E00032532,domestic,PDMM,False,1.5-3,Residente,True
99999E00032535,domestic,PDMM,False,>6,Non Residente,True
99999E00032538,domestic,PDMM,False,3-4.5,Non Residente,True
99999E00032543,other,PAUM,False,,,False
99999E00032552,domestic,PDMM,False,1.5-3,Non Residente,True
99999E00032553,domestic,PDMM,False,1.5-3,Residente,True
99999E00032558,domestic,PDMM,False,3-4.5,Residente,True
99999E00032566,domestic,PDMM,False,3-4.5,Non Residente,True
99999E00032575,domestic,PDMM,False,1.5-3,Residente,True
99999E00032578,domestic,PDMM,False,3-4.5,Non Residente,True
99999E00032582,domestic,PDMM,False,4.5-6,Residente,True
99999E00032586,domestic,PDMM,False,1.5-3,Non Residente,True
99999E00032587,domestic,PDMM,False,1.5-3,Non Residente,True
99999E00032588,domestic,PDMM,False,3-4.5,Non Residente,True
99999E00032590,domestic,PDMM,False,4.5-6,Non Residente,True
99999E00032591,domestic,PDMM,False,1.5-3,Residente,True
99999E00032600,domestic,PDMM,False,1.5-3,Non Residente,True
99999E00032613,domestic,PDMM,False,1.5-3,Non Residente,True
99999E00032615,domestic,PDMM,False,1.5-3,Non Residente,True
99999E00032616,domestic,PDMM,False,1.5-3,Non Residente,True
99999E00032625,domestic,PDMM,False,1.5-3,Residente,True
99999E00032630,domestic,PDMM,False,1.5-3,Non Residente,True
99999E00032631,domestic,PDMM,False,1.5-3,Non Residente,True
99999E00032636,domestic,PDMM,False,3-4.5,Non Residente,True
99999E00032640,domestic,PDMM,False,3-4.5,Non Residente,True
99999E00032641,domestic,PDMM,False,1.5-3,Non Residente,True
99999E00032650,domestic,PDMM,False,3-4.5,Non Residente,True
99999E00032659,domestic,PDMM,False,1.5-3,Non Residente,True
99999E00032669,domestic,PDMM,False,1.5-3,Residente,True
99999E00032670,domestic,PDMM,False,1.5-3,Non Residente,True
99999E00032671,domestic,PDMM,False,1.5-3,Non Residente,True
99999E00032673,domestic,PDMM,False,1.5-3,Residente,True
99999E00032676,domestic,PDMM,False,4.5-6,Residente,True
99999E00032684,domestic,PDMM,False,1.5-3,Non Residente,True
99999E00032686,other,PAUM,False,,,False
99999E00032688,domestic,PDMM,False,1.5-3,Non Residente,True
99999E00032700,domestic,PDMM,False,3-4.5,Non Residente,True
99999E00032710,domestic,PDMM,False,1.5-3,Residente,True
99999E00032712,domestic,PDMM,False,3-4.5,Non Residente,True
99999E00032717,domestic,PDMM,False,1.5-3,Non Residente,True
99999E00032723,domestic,PDMM,False,3-4.5,Residente,True
99999E00032724,domestic,PDMM,False,4.5-6,Non Residente,True
99999E00032729,domestic,PDMM,False,1.5-3,Non Residente,True
99999E00032733,domestic,PDMM,False,3-4.5,Non Residente,True
99999E00032734,domestic,PDMM,False,1.5-3,Non Residente,True
99999E00032735,domestic,PDMM,False,1.5-3,Non Residente,True
99999E00032743,domestic,PDMM,False,1.5-3,Non Residente,True
99999E00032745,domestic,PDMM,False,1.5-3,Residente,True
99999E00032750,domestic,PDMM,False,1.5-3,Non Residente,True
99999E00032765,domestic,PDMM,False,1.5-3,Non Residente,True
99999E00032766,domestic,PDMM,False,1.5-3,Residente,True
99999E00032773,domestic,PDMM,False,4.5-6,Residente,True
99999E00032774,domestic,PDMM,False,1.5-3,Non Residente,True
99999E00032775,domestic,PDMM,False,1.5-3,Non Residente,True
99999E00032777,domestic,PDMM,False,3-4.5,Non Residente,True
99999E00032778,other,PAUM,False,,,False
99999E00032792,domestic,PDMM,False,1.5-3,Non Residente,True
99999E00032794,domestic,PDMM,False,1.5-3,Non Residente,True
99999E00032795,domestic,PDMM,False,1.5-3,Non Residente,True
99999E00032796,domestic,PDMM,False,1.5-3,Non Residente,True
99999E00032797,domestic,PDMM,False,3-4.5,Non Residente,True
99999E00032798,domestic,PDMM,False,4.5-6,Non Residente,True
99999E00032799,domestic,PDMM,False,4.5-6,Residente,True
99999E00032800,domestic,PDMM,False,3-4.5,Non Residente,True
99999E00032801,domestic,PDMM,False,3-4.5,Non Residente,True
99999E00032802,domestic,PDMM,False,4.5-6,Non Residente,True
99999E00032803,domestic,PDMM,False,4.5-6,Non Residente,True
99999E00032804,domestic,PDMM,False,3-4.5,Non Residente,True
99999E00032805,domestic,PDMM,False,1.5-3,Non Residente,True
99999E00032814,domestic,PDMM,False,1.5-3,Non Residente,True
99999E00032819,domestic,PDMM,False,1.5-3,Non Residente,True
99999E00032824,domestic,PDMM,False,3-4.5,Non Residente,True
99999E00032825,domestic,PDMM,False,1.5-3,Non Residente,True
99999E00032840,domestic,PDMM,False,1.5-3,Residente,True
99999E00032843,domestic,PDMM,False,1.5-3,Non Residente,True
99999E00032848,domestic,PDMM,False,4.5-6,Non Residente,True
99999E00032851,domestic,PDMM,False,1.5-3,Non Residente,True
99999E00032853,domestic,PDMM,False,1.5-3,Non Residente,True
99999E00032860,domestic,PDMM,False,1.5-3,Non Residente,True
99999E00032876,domestic,PDMM,False,1.5-3,Non Residente,True
99999E00032887,domestic,PDMM,False,1.5-3,Non Residente,True
99999E00032888,domestic,PDMM,False,1.5-3,Residente,True
99999E00032889,domestic,PDMM,False,1.5-3,Residente,True
99999E00032890,other,PAUM,False,,,False
99999E00032891,other,PAUM,False,,,False
99999E00032892,domestic,PDMM,False,1.5-3,Residente,True
99999E00032893,domestic,PDMM,False,1.5-3,Residente,True
99999E00032895,domestic,PDMM,False,1.5-3,Non Residente,True
99999E00032901,domestic,PDMM,False,1.5-3,Residente,True
99999E00032906,domestic,PDMM,False,1.5-3,Residente,True
99999E00032907,domestic,PDMM,False,1.5-3,Residente,True
99999E00032910,domestic,PDMM,False,3-4.5,Residente,True
99999E00032913,domestic,PDMM,False,1.5-3,Non Residente,True
99999E00032915,domestic,PDMM,False,1.5-3,Residente,True
99999E00032920,domestic,PDMM,False,1.5-3,Non Residente,True
99999E00032929,domestic,PDMM,False,1.5-3,Non Residente,True
99999E00032930,domestic,PDMM,False,1.5-3,Non Residente,True
99999E00032931,domestic,PDMM,False,1.5-3,Residente,True
99999E00032937,domestic,PDMM,False,1.5-3,Residente,True
99999E00032939,domestic,PDMM,False,3-4.5,Non Residente,True
99999E00032940,domestic,PDMM,False,1.5-3,Non Residente,True
99999E00032957,domestic,PDMM,False,1.5-3,Non Residente,True
99999E00032958,domestic,PDMM,False,1.5-3,Non Residente,True
99999E00032960,domestic,PDMM,False,1.5-3,Non Residente,True
99999E00032961,domestic,PDMM,False,1.5-3,Residente,True
99999E00032962,domestic,PDMM,False,1.5-3,Residente,True
99999E00032966,domestic,PDMM,False,1.5-3,Residente,True
99999E00032967,domestic,PDMM,False,3-4.5,Non Residente,True
99999E00032985,domestic,PDMM,False,1.5-3,Non Residente,True
99999E00032986,domestic,PDMM,False,1.5-3,Residente,True
99999E00032992,domestic,PDMM,False,1.5-3,Residente,True
99999E00032995,domestic,PDMM,False,3-4.5,Residente,True
99999E00032999,domestic,PDMM,False,3-4.5,Residente,True
99999E00033000,domestic,PDMM,False,4.5-6,Non Residente,True
99999E00033006,domestic,PDMM,False,1.5-3,Non Residente,True
99999E00033008,domestic,PDMM,False,1.5-3,Residente,True
99999E00033009,domestic,PDMM,False,1.5-3,Residente,True
99999E00033010,domestic,PDMM,False,1.5-3,Residente,True
99999E00033011,other,PAUM,False,,,False
99999E00033014,domestic,PDMM,False,1.5-3,Residente,True
99999E00033016,domestic,PDMM,False,1.5-3,Residente,True
99999E00033027,domestic,PDMM,False,1.5-3,Non Residente,True
99999E00033033,domestic,PDMM,False,1.5-3,Non Residente,True
99999E00033044,domestic,PDMM,False,1.5-3,Non Residente,True
99999E00033046,domestic,PDMM,False,1.5-3,Non Residente,True
99999E00033052,domestic,PDMM,False,1.5-3,Non Residente,True
99999E00033055,domestic,PDMM,False,3-4.5,Non Residente,True
99999E00033064,domestic,PDMM,False,1.5-3,Non Residente,True
99999E00033069,domestic,PDMM,False,1.5-3,Residente,True
99999E00033074,domestic,PDMM,False,1.5-3,Non Residente,True
99999E00033075,domestic,PDMM,False,1.5-3,Non Residente,True
99999E00033076,domestic,PDMM,False,1.5-3,Non Residente,True
99999E00033094,domestic,PDMM,False,1.5-3,Non Residente,True
99999E00033099,domestic,PDMM,False,4.5-6,Non Residente,True
99999E00033104,domestic,PDMM,False,1.5-3,Residente,True
99999E00033108,domestic,PDMM,False,1.5-3,Non Residente,True
99999E00033118,domestic,PDMM,False,1.5-3,Non Residente,True
99999E00033124,domestic,PDMM,False,1.5-3,Residente,True
99999E00033130,domestic,PDMM,False,1.5-3,Non Residente,True
99999E00033133,domestic,PDMM,False,1.5-3,Non Residente,True
99999E00033134,domestic,PDMM,False,1.5-3,Non Residente,True
99999E00033166,domestic,PDMM,False,3-4.5,Non Residente,True
99999E00033167,domestic,PDMM,False,3-4.5,Non Residente,True
99999E00033171,domestic,PDMM,False,1.5-3,Non Residente,True
99999E00033173,domestic,PDMM,False,3-4.5,Non Residente,True
99999E00033175,domestic,PDMM,False,1.5-3,Residente,True
99999E00033180,domestic,PDMM,False,1.5-3,Non Residente,True
99999E00033181,domestic,PDMM,False,1.5-3,Non Residente,True
99999E00033182,domestic,PDMM,False,1.5-3,Residente,True
99999E00033188,domestic,PDMM,False,1.5-3,Non Residente,True
99999E00033189,domestic,PDMM,False,1.5-3,Non Residente,True
99999E00033190,domestic,PDMM,False,4.5-6,Residente,True
99999E00033195,domestic,PDMM,False,3-4.5,Residente,True
99999E00033201,domestic,PDMM,False,3-4.5,Non Residente,True
99999E00033203,domestic,PDMM,False,4.5-6,Non Residente,True
99999E00033204,domestic,PDMM,False,1.5-3,Non Residente,True
99999E00033207,domestic,PDMM,False,1.5-3,Non Residente,True
99999E00033208,domestic,PDMM,False,1.5-3,Non Residente,True
99999E00033212,domestic,PDMM,False,1.5-3,Non Residente,True
99999E00033218,domestic,PDMM,False,1.5-3,Residente,True
99999E00033222,domestic,PDMM,False,3-4.5,Non Residente,True
99999E00033227,domestic,PDMM,False,1.5-3,Residente,True
99999E00033231,domestic,PDMM,False,1.5-3,Non Residente,True
99999E00033239,domestic,PDMM,False,1.5-3,Non Residente,True
99999E00033247,domestic,PDMM,False,1.5-3,Non Residente,True
99999E00033248,other,PAUM,False,,,False
99999E00033249,domestic,PDMM,False,3-4.5,Non Residente,True
99999E00033250,domestic,PDMM,False,3-4.5,Residente,True
99999E00033255,domestic,PDMM,False,1.5-3,Non Residente,True
99999E00033256,domestic,PDMM,False,1.5-3,Non Residente,True
99999E00033258,domestic,PDMM,False,1.5-3,Non Residente,True
99999E00033260,domestic,PDMM,False,1.5-3,Residente,True
99999E00033268,other,PAUM,False,,,False
99999E00033298,domestic,PDMM,False,1.5-3,Residente,True
99999E00033302,domestic,PDMM,False,1.5-3,Non Residente,True
99999E00033305,domestic,PDMM,False,1.5-3,Non Residente,True
99999E00033308,domestic,PDMM,False,1.5-3,Non Residente,True
99999E00033330,domestic,PDMM,False,1.5-3,Non Residente,True
99999E00033331,domestic,PDMM,False,1.5-3,Non Residente,True
99999E00033335,domestic,PDMM,False,4.5-6,Non Residente,True
99999E00033336,domestic,PDMM,False,1.5-3,Non Residente,True
99999E00033337,domestic,PDMM,False,3-4.5,Residente,True
99999E00033342,domestic,PDMM,False,1.5-3,Non Residente,True
99999E00033344,other,PAUM,False,,,False
99999E00033351,domestic,PDMM,False,1.5-3,Non Residente,True
99999E00033353,domestic,PDMM,False,3-4.5,Non Residente,True
99999E00033364,domestic,PDMM,False,1.5-3,Residente,True
99999E00033365,domestic,PDMM,False,1.5-3,Non Residente,True
99999E00033366,domestic,PDMM,False,1.5-3,Non Residente,True
99999E00033370,domestic,PDMM,False,1.5-3,Non Residente,True
99999E00033374,domestic,PDMM,False,1.5-3,Non Residente,True
99999E00033376,domestic,PDMM,False,1.5-3,Non Residente,True
99999E00033386,domestic,PDMM,False,1.5-3,Residente,True
99999E00033387,other,PAUM,False,,,False
99999E00033388,other,PAUM,False,,,False
99999E00033391,domestic,PDMM,False,1.5-3,Non Residente,True
99999E00033392,domestic,PDMM,False,1.5-3,Residente,True
99999E00033399,domestic,PDMM,False,1.5-3,Non Residente,True
99999E00033401,domestic,PDMM,False,1.5-3,Non Residente,True
99999E00033410,domestic,PDMM,False,1.5-3,Residente,True
99999E00033412,domestic,PDMM,False,1.5-3,Residente,True
99999E00033415,domestic,PDMM,False,1.5-3,Residente,True
99999E00033420,domestic,PDMM,False,1.5-3,Residente,True
99999E00033424,domestic,PDMM,False,1.5-3,Non Residente,True
99999E00033433,domestic,PDMM,False,1.5-3,Non Residente,True
99999E00033437,domestic,PDMM,False,1.5-3,Non Residente,True
99999E00033449,domestic,PDMM,False,1.5-3,Non Residente,True
99999E00033467,domestic,PDMM,False,1.5-3,Residente,True
99999E00033475,domestic,PDMM,False,1.5-3,Non Residente,True
99999E00033476,domestic,PDMM,False,1.5-3,Residente,True
99999E00033477,domestic,PDMM,False,3-4.5,Non Residente,True
99999E00033484,domestic,PDMM,False,1.5-3,Residente,True
99999E00033486,domestic,PDMM,False,1.5-3,Non Residente,True
99999E00033494,domestic,PDMM,False,1.5-3,Non Residente,True
99999E00033504,other,PAUM,False,,,False
99999E00033506,domestic,PDMM,False,1.5-3,Residente,True
99999E00033520,domestic,PDMM,False,3-4.5,Non Residente,True
99999E00033521,domestic,PDMM,False,1.5-3,Non Residente,True
99999E00033522,domestic,PDMM,False,4.5-6,Non Residente,True
99999E00033523,domestic,PDMM,False,1.5-3,Non Residente,True
99999E00033524,domestic,PDMM,False,1.5-3,Non Residente,True
99999E00033531,domestic,PDMM,False,4.5-6,Residente,True
99999E00033536,domestic,PDMM,False,1.5-3,Non Residente,True
99999E00033541,domestic,PDMM,False,1.5-3,Residente,True
99999E00033546,domestic,PDMM,False,1.5-3,Residente,True
99999E00033547,domestic,PDMM,False,1.5-3,Non Residente,True
99999E00033551,domestic,PDMM,False,1.5-3,Non Residente,True
99999E00033552,domestic,PDMM,False,1.5-3,Residente,True
99999E00033561,domestic,PDMM,False,1.5-3,Residente,True
99999E00033566,domestic,PDMM,False,1.5-3,Residente,True
99999E00033570,domestic,PDMM,False,1.5-3,Non Residente,True
99999E00033589,domestic,PDMM,False,1.5-3,Non Residente,True
99999E00033592,domestic,PDMM,False,1.5-3,Residente,True
99999E00033595,domestic,PDMM,False,1.5-3,Non Residente,True
99999E00033625,domestic,PDMM,False,1.5-3,Residente,True
99999E00033634,domestic,PDMM,False,1.5-3,Residente,True
99999E00033637,domestic,PDMM,False,1.5-3,Non Residente,True
99999E00033638,domestic,PDMM,False,1.5-3,Non Residente,True
99999E00033647,domestic,PDMM,False,3-4.5,Non Residente,True
99999E00033650,domestic,PDMM,False,3-4.5,Residente,True
99999E00033661,domestic,PDMM,False,1.5-3,Non Residente,True
99999E00033668,domestic,PDMM,False,4.5-6,Residente,True
99999E00033671,domestic,PDMM,False,1.5-3,Non Residente,True
99999E00033674,domestic,PDMM,False,1.5-3,Residente,True
99999E00033676,domestic,PDMM,False,3-4.5,Non Residente,True
99999E00033678,domestic,PDMM,False,1.5-3,Non Residente,True
99999E00033679,domestic,PDMM,False,1.5-3,Residente,True
99999E00033680,domestic,PDMM,False,1.5-3,Non Residente,True
99999E00033695,domestic,PDMM,False,1.5-3,Residente,True
99999E00033711,domestic,PDMM,False,1.5-3,Residente,True
99999E00033713,domestic,PDMM,False,1.5-3,Non Residente,True
99999E00033714,domestic,PDMM,False,1.5-3,Residente,True
99999E00033715,domestic,PDMM,False,1.5-3,Non Residente,True
99999E00033716,domestic,PDMM,False,1.5-3,Non Residente,True
99999E00033717,domestic,PDMM,False,4.5-6,Non Residente,True
99999E00033727,domestic,PDMM,False,1.5-3,Non Residente,True
99999E00033728,domestic,PDMM,False,1.5-3,Non Residente,True
99999E00033731,domestic,PDMM,False,3-4.5,Non Residente,True
99999E00033742,domestic,PDMM,False,1.5-3,Residente,True
99999E00033745,domestic,PDMM,False,3-4.5,Non Residente,True
99999E00033746,domestic,PDMM,False,1.5-3,Residente,True
99999E00033751,domestic,PDMM,False,1.5-3,Residente,True
99999E00033754,domestic,PDMM,False,1.5-3,Non Residente,True
99999E00033755,domestic,PDMM,False,3-4.5,Non Residente,True
99999E00033756,domestic,PDMM,False,3-4.5,Non Residente,True
99999E00033757,domestic,PDMM,False,3-4.5,Non Residente,True
99999E00033758,domestic,PDMM,False,3-4.5,Non Residente,True
99999E00033759,domestic,PDMM,False,1.5-3,Non Residente,True
99999E00033763,domestic,PDMM,False,3-4.5,Residente,True
99999E00033767,domestic,PDMM,False,1.5-3,Non Residente,True
99999E00033771,domestic,PDMM,False,1.5-3,Residente,True
99999E00033779,other,PAUM,False,,,False
99999E00033787,domestic,PDMM,False,3-4.5,Residente,True
99999E00033789,domestic,PDMM,False,3-4.5,Non Residente,True
99999E00033794,domestic,PDMM,False,1.5-3,Residente,True
99999E00033798,domestic,PDMM,False,1.5-3,Non Residente,True
99999E00033799,domestic,PDMM,False,1.5-3,Residente,True
99999E00033800,domestic,PDMM,False,1.5-3,Non Residente,True
99999E00033802,other,PAUM,False,,,False
99999E00033807,domestic,PDMM,False,4.5-6,Non Residente,True
99999E00033811,domestic,PDMM,False,1.5-3,Non Residente,True
99999E00033814,domestic,PDMM,False,1.5-3,Residente,True
99999E00033819,domestic,PDMM,False,1.5-3,Non Residente,True
99999E00033822,domestic,PDMM,False,4.5-6,Residente,True
99999E00033830,domestic,PDMM,False,1.5-3,Residente,True
99999E00033836,domestic,PDMM,False,1.5-3,Non Residente,True
99999E00033837,domestic,PDMM,False,1.5-3,Non Residente,True
99999E00033842,domestic,PDMM,False,>6,Non Residente,True
99999E00033846,domestic,PDMM,False,1.5-3,Residente,True
99999E00033864,domestic,PDMM,False,1.5-3,Non Residente,True
99999E00033870,domestic,PDMM,False,1.5-3,Residente,True
99999E00033872,domestic,PDMM,False,1.5-3,Residente,True
99999E00033876,domestic,PDMM,False,1.5-3,Non Residente,True
99999E00033878,domestic,PDMM,False,1.5-3,Non Residente,True
99999E00033879,other,PAUM,False,,,False
99999E00033884,domestic,PDMM,False,1.5-3,Residente,True
99999E00033888,domestic,PDMM,False,1.5-3,Non Residente,True
99999E00033891,domestic,PDMM,False,1.5-3,Non Residente,True
99999E00033892,domestic,PDMM,False,3-4.5,Non Residente,True
99999E00033899,domestic,PDMM,False,1.5-3,Non Residente,True
99999E00033901,domestic,PDMM,False,1.5-3,Non Residente,True
99999E00033902,other,PAUM,False,,,False
99999E00033903,domestic,PDMM,False,1.5-3,Non Residente,True
99999E00033915,domestic,PDMM,False,3-4.5,Residente,True
99999E00033917,domestic,PDMM,False,1.5-3,Non Residente,True
99999E00033919,domestic,PDMM,False,1.5-3,Non Residente,True
99999E00033928,domestic,PDMM,False,1.5-3,Non Residente,True
99999E00033929,domestic,PDMM,False,1.5-3,Non Residente,True
99999E00033932,domestic,PDMM,False,3-4.5,Non Residente,True
99999E00033933,domestic,PDMM,False,1.5-3,Residente,True
99999E00033952,domestic,PDMM,False,1.5-3,Non Residente,True
99999E00033956,domestic,PDMM,False,1.5-3,Residente,True
99999E00033960,domestic,PDMM,False,1.5-3,Residente,True
99999E00033963,other,PAUM,False,,,False
99999E00033964,domestic,PDMM,False,4.5-6,Non Residente,True
99999E00033971,domestic,PDMM,False,1.5-3,Non Residente,True
99999E00033972,domestic,PDMM,False,1.5-3,Non Residente,True
99999E00033978,domestic,PDMM,False,1.5-3,Residente,True
99999E00033991,domestic,PDMM,False,1.5-3,Residente,True
99999E00033993,domestic,PDMM,False,1.5-3,Non Residente,True
99999E00033998,domestic,PDMM,False,4.5-6,Non Residente,True
99999E00034000,domestic,PDMM,False,1.5-3,Residente,True
99999E00034003,domestic,PDMM,False,1.5-3,Non Residente,True
99999E00034004,domestic,PDMM,False,1.5-3,Non Residente,True
99999E00034006,domestic,PDMM,False,1.5-3,Residente,True
99999E00034010,domestic,PDMM,False,1.5-3,Non Residente,True
99999E00034018,domestic,PDMM,False,1.5-3,Non Residente,True
99999E00034039,domestic,PDMM,False,1.5-3,Non Residente,True
99999E00034041,domestic,PDMM,False,3-4.5,Non Residente,True
99999E00034043,domestic,PDMM,False,1.5-3,Residente,True
99999E00034047,domestic,PDMM,False,1.5-3,Non Residente,True
99999E00034049,domestic,PDMM,False,3-4.5,Residente,True
99999E00034054,domestic,PDMM,False,1.5-3,Residente,True
99999E00034057,domestic,PDMM,False,1.5-3,Residente,True
99999E00034063,domestic,PDMM,False,3-4.5,Residente,True
99999E00034067,domestic,PDMM,False,3-4.5,Non Residente,True
99999E00034072,domestic,PDMM,False,3-4.5,Non Residente,True
99999E00034075,domestic,PDMM,False,1.5-3,Non Residente,True
99999E00034076,domestic,PDMM,False,1.5-3,Non Residente,True
99999E00034080,domestic,PDMM,False,1.5-3,Non Residente,True
99999E00034087,domestic,PDMM,False,1.5-3,Non Residente,True
99999E00034088,domestic,PDMM,False,1.5-3,Non Residente,True
99999E00034089,domestic,PDMM,False,1.5-3,Non Residente,True
99999E00034090,domestic,PDMM,False,1.5-3,Non Residente,True
99999E00034093,domestic,PDMM,False,1.5-3,Non Residente,True
99999E00034094,domestic,PDMM,False,1.5-3,Non Residente,True
99999E00034097,domestic,PDMM,False,1.5-3,Residente,True
99999E00034103,domestic,PDMM,False,1.5-3,Residente,True
99999E00034129,domestic,PDMM,False,1.5-3,Residente,True
99999E00034134,domestic,PDMM,False,1.5-3,Non Residente,True
99999E00034144,domestic,PDMM,False,1.5-3,Non Residente,True
99999E00034146,domestic,PDMM,False,1.5-3,Residente,True
99999E00034152,domestic,PDMM,False,1.5-3,Non Residente,True
99999E00034153,domestic,PDMM,False,1.5-3,Residente,True
99999E00034154,domestic,PDMM,False,1.5-3,Non Residente,True
99999E00034164,domestic,PDMM,False,4.5-6,Non Residente,True
99999E00034182,domestic,PDMM,False,1.5-3,Non Residente,True
99999E00034189,domestic,PDMM,False,1.5-3,Residente,True
99999E00034193,domestic,PDMM,False,1.5-3,Non Residente,True
99999E00034194,domestic,PDMM,False,1.5-3,Non Residente,True
99999E00034195,domestic,PDMM,False,1.5-3,Non Residente,True
99999E00034196,domestic,PDMM,False,1.5-3,Non Residente,True
99999E00034197,domestic,PDMM,False,1.5-3,Residente,True
99999E00034198,domestic,PDMM,False,1.5-3,Residente,True
99999E00034199,domestic,PDMM,False,3-4.5,Non Residente,True
99999E00034200,other,PAUM,False,,,False
99999E00034214,other,PAUM,False,,,False
99999E00034215,domestic,PDMM,False,1.5-3,Residente,True
99999E00034223,domestic,PDMM,False,1.5-3,Non Residente,True
99999E00034225,domestic,PDMM,False,1.5-3,Non Residente,True
99999E00034234,domestic,PDMM,False,1.5-3,Non Residente,True
99999E00034236,domestic,PDMM,False,1.5-3,Non Residente,True
99999E00034237,domestic,PDMM,False,1.5-3,Residente,True
99999E00034245,domestic,PDMM,False,1.5-3,Non Residente,True
99999E00034246,domestic,PDMM,False,1.5-3,Residente,True
99999E00034257,domestic,PDMM,False,1.5-3,Non Residente,True
99999E00034258,domestic,PDMM,False,1.5-3,Residente,True
99999E00034268,domestic,PDMM,False,1.5-3,Residente,True
99999E00034272,domestic,PDMM,False,1.5-3,Residente,True
99999E00034277,domestic,PDMM,False,1.5-3,Residente,True
99999E00034280,domestic,PDMM,False,1.5-3,Non Residente,True
99999E00034283,domestic,PDMM,False,1.5-3,Residente,True
99999E00034285,domestic,PDMM,False,1.5-3,Residente,True
99999E00034295,domestic,PDMM,False,3-4.5,Non Residente,True
99999E00034297,domestic,PDMM,False,1.5-3,Non Residente,True
99999E00034299,domestic,PDMM,False,1.5-3,Residente,True
99999E00034308,domestic,PDMM,False,1.5-3,Residente,True
99999E00034312,domestic,PDMM,False,1.5-3,Residente,True
99999E00034316,domestic,PDMM,False,1.5-3,Non Residente,True
99999E00034321,domestic,PDMM,False,3-4.5,Non Residente,True
99999E00034325,domestic,PDMM,False,1.5-3,Non Residente,True
99999E00034326,domestic,PDMM,False,1.5-3,Non Residente,True
99999E00034327,domestic,PDMM,False,3-4.5,Non Residente,True
99999E00034328,domestic,PDMM,False,3-4.5,Residente,True
99999E00034330,domestic,PDMM,False,1.5-3,Non Residente,True
99999E00034331,domestic,PDMM,False,1.5-3,Residente,True
99999E00034333,domestic,PDMM,False,1.5-3,Residente,True
99999E00034335,domestic,PDMM,False,1.5-3,Residente,True
99999E00034336,domestic,PDMM,False,3-4.5,Non Residente,True
99999E00034337,domestic,PDMM,False,1.5-3,Non Residente,True
99999E00034338,domestic,PDMM,False,3-4.5,Non Residente,True
99999E00034345,domestic,PDMM,False,1.5-3,Residente,True
99999E00034346,domestic,PDMM,False,1.5-3,Residente,True
99999E00034347,domestic,PDMM,False,1.5-3,Non Residente,True
99999E00034348,domestic,PDMM,False,1.5-3,Residente,True
99999E00034349,domestic,PDMM,False,1.5-3,Residente,True
99999E00034350,domestic,PDMM,False,1.5-3,Non Residente,True
99999E00034357,other,PAUM,False,,,False
99999E00034363,domestic,PDMM,False,3-4.5,Residente,True
99999E00034365,domestic,PDMM,False,4.5-6,Non Residente,True
99999E00034366,domestic,PDMM,False,1.5-3,Residente,True
99999E00034371,domestic,PDMM,False,1.5-3,Non Residente,True
99999E00034372,domestic,PDMM,False,3-4.5,Non Residente,True
99999E00034378,domestic,PDMM,False,3-4.5,Residente,True
99999E00034379,domestic,PDMM,False,1.5-3,Non Residente,True
99999E00034387,domestic,PDMM,False,4.5-6,Residente,True
99999E00034388,other,PAUM,False,,,False
99999E00034402,domestic,PDMM,False,1.5-3,Residente,True
99999E00034405,domestic,PDMM,False,4.5-6,Non Residente,True
99999E00034406,domestic,PDMM,False,1.5-3,Non Residente,True
99999E00034418,domestic,PDMM,False,1.5-3,Non Residente,True
99999E00034419,domestic,PDMM,False,1.5-3,Non Residente,True
99999E00034420,domestic,PDMM,False,1.5-3,Non Residente,True
99999E00034421,domestic,PDMM,False,4.5-6,Non Residente,True
99999E00034426,domestic,PDMM,False,3-4.5,Residente,True
99999E00034443,domestic,PDMM,False,1.5-3,Non Residente,True
99999E00034444,domestic,PDMM,False,1.5-3,Non Residente,True
99999E00034445,domestic,PDMM,False,1.5-3,Non Residente,True
99999E00034449,domestic,PDMM,False,1.5-3,Residente,True
99999E00034452,domestic,PDMM,False,1.5-3,Non Residente,True
99999E00034454,other,PAUM,False,,,False
99999E00034455,domestic,PDMM,False,4.5-6,Non Residente,True
99999E00034459,domestic,PDMM,False,1.5-3,Non Residente,True
99999E00034460,domestic,PDMM,False,1.5-3,Residente,True
99999E00034461,domestic,PDMM,False,3-4.5,Non Residente,True
99999E00034463,domestic,PDMM,False,1.5-3,Non Residente,True
99999E00034465,domestic,PDMM,False,4.5-6,Non Residente,True
99999E00034466,other,PAUM,False,,,False
99999E00034473,domestic,PDMM,False,1.5-3,Non Residente,True
99999E00034480,domestic,PDMM,False,1.5-3,Residente,True
99999E00034484,domestic,PDMM,False,1.5-3,Non Residente,True
99999E00034486,domestic,PDMM,False,3-4.5,Non Residente,True
99999E00034493,domestic,PDMM,False,1.5-3,Residente,True
99999E00034494,domestic,PDMM,False,1.5-3,Residente,True
99999E00034503,domestic,PDMM,False,1.5-3,Non Residente,True
99999E00034506,domestic,PDMM,False,1.5-3,Residente,True
99999E00034507,domestic,PDMM,False,1.5-3,Residente,True
99999E00034510,domestic,PDMM,False,1.5-3,Non Residente,True
99999E00034518,domestic,PDMM,False,1.5-3,Residente,True
99999E00034519,domestic,PDMM,False,3-4.5,Non Residente,True
99999E00034520,domestic,PDMM,False,3-4.5,Non Residente,True
99999E00034522,domestic,PDMM,False,1.5-3,Residente,True
99999E00034523,domestic,PDMM,False,3-4.5,Non Residente,True
99999E00034524,other,PAUM,False,,,False
99999E00034525,domestic,PDMM,False,1.5-3,Non Residente,True
99999E00034526,domestic,PDMM,False,4.5-6,Non Residente,True
99999E00034535,domestic,PDMM,False,1.5-3,Non Residente,True
99999E00034536,domestic,PDMM,False,1.5-3,Residente,True
99999E00034537,domestic,PDMM,False,3-4.5,Residente,True
99999E00034540,domestic,PDMM,False,3-4.5,Non Residente,True
99999E00034544,domestic,PDMM,False,3-4.5,Non Residente,True
99999E00034547,domestic,PDMM,False,1.5-3,Residente,True
99999E00034552,domestic,PDMM,False,1.5-3,Non Residente,True
99999E00034554,domestic,PDMM,False,1.5-3,Residente,True
99999E00034555,domestic,PDMM,False,4.5-6,Non Residente,True
99999E00034556,domestic,PDMM,False,1.5-3,Residente,True
99999E00034578,domestic,PDMM,False,1.5-3,Non Residente,True
99999E00034585,domestic,PDMM,False,1.5-3,Non Residente,True
99999E00034587,domestic,PDMM,False,1.5-3,Non Residente,True
99999E00034600,domestic,PDMM,False,3-4.5,Non Residente,True
99999E00034601,domestic,PDMM,False,3-4.5,Non Residente,True
99999E00034605,domestic,PDMM,False,1.5-3,Residente,True
99999E00034606,domestic,PDMM,False,1.5-3,Non Residente,True
99999E00034608,domestic,PDMM,False,1.5-3,Non Residente,True
99999E00034609,domestic,PDMM,False,1.5-3,Non Residente,True
99999E00034631,domestic,PDMM,False,4.5-6,Residente,True
99999E00034634,domestic,PDMM,False,1.5-3,Non Residente,True
99999E00034641,domestic,PDMM,False,1.5-3,Non Residente,True
99999E00034648,domestic,PDMM,False,1.5-3,Non Residente,True
99999E00034652,domestic,PDMM,False,1.5-3,Non Residente,True
99999E00034665,domestic,PDMM,False,1.5-3,Non Residente,True
99999E00034669,domestic,PDMM,False,1.5-3,Non Residente,True
99999E00034677,domestic,PDMM,False,1.5-3,Residente,True
99999E00034679,other,PAUM,False,,,False
99999E00034680,other,PAUM,False,,,False
99999E00034683,domestic,PDMM,False,1.5-3,Non Residente,True
99999E00034687,domestic,PDMM,False,1.5-3,Residente,True
99999E00034692,domestic,PDMM,False,1.5-3,Non Residente,True
99999E00034697,domestic,PDMM,False,3-4.5,Non Residente,True
99999E00034702,domestic,PDMM,False,1.5-3,Non Residente,True
99999E00034714,domestic,PDMM,False,3-4.5,Non Residente,True
99999E00034720,domestic,PDMM,False,1.5-3,Non Residente,True
99999E00034734,domestic,PDMM,False,1.5-3,Non Residente,True
99999E00034735,domestic,PDMM,False,1.5-3,Non Residente,True
99999E00034747,domestic,PDMM,False,1.5-3,Residente,True
99999E00034749,domestic,PDMM,False,3-4.5,Non Residente,True
99999E00034750,domestic,PDMM,False,1.5-3,Non Residente,True
99999E00034753,domestic,PDMM,False,1.5-3,Residente,True
99999E00034755,domestic,PDMM,False,3-4.5,Residente,True
99999E00034759,domestic,PDMM,False,1.5-3,Non Residente,True
99999E00034762,domestic,PDMM,False,1.5-3,Residente,True
99999E00034775,domestic,PDMM,False,1.5-3,Residente,True
99999E00034782,domestic,PDMM,False,1.5-3,Non Residente,True
99999E00034784,domestic,PDMM,False,1.5-3,Residente,True
99999E00034787,domestic,PDMM,False,4.5-6,Non Residente,True
99999E00034788,domestic,PDMM,False,1.5-3,Non Residente,True
99999E00034790,domestic,PDMM,False,4.5-6,Residente,True
99999E00034796,domestic,PDMM,False,1.5-3,Non Residente,True
99999E00034797,domestic,PDMM,False,4.5-6,Non Residente,True
99999E00034803,domestic,PDMM,False,1.5-3,Non Residente,True
99999E00034804,domestic,PDMM,False,1.5-3,Non Residente,True
99999E00034809,domestic,PDMM,False,3-4.5,Non Residente,True
99999E00034813,domestic,PDMM,False,3-4.5,Non Residente,True
99999E00034818,domestic,PDMM,False,1.5-3,Non Residente,True
99999E00034821,domestic,PDMM,False,1.5-3,Non Residente,True
99999E00034822,domestic,PDMM,False,1.5-3,Non Residente,True
99999E00034823,domestic,PDMM,False,1.5-3,Residente,True
99999E00034827,domestic,PDMM,False,4.5-6,Non Residente,True
99999E00034829,domestic,PDMM,False,1.5-3,Non Residente,True
99999E00034837,domestic,PDMM,False,1.5-3,Non Residente,True
99999E00034839,domestic,PDMM,False,1.5-3,Non Residente,True
99999E00034841,domestic,PDMM,False,1.5-3,Non Residente,True
99999E00034850,domestic,PDMM,False,1.5-3,Non Residente,True
99999E00034853,domestic,PDMM,False,1.5-3,Non Residente,True
99999E00034856,domestic,PDMM,False,3-4.5,Non Residente,True
99999E00034858,domestic,PDMM,False,3-4.5,Residente,True
99999E00034859,domestic,PDMM,False,1.5-3,Non Residente,True
99999E00034872,domestic,PDMM,False,3-4.5,Non Residente,True
99999E00034875,domestic,PDMM,False,1.5-3,Non Residente,True
99999E00034878,domestic,PDMM,False,1.5-3,Residente,True
99999E00034880,domestic,PDMM,False,1.5-3,Non Residente,True
99999E00034884,domestic,PDMM,False,1.5-3,Non Residente,True
99999E00034886,domestic,PDMM,False,1.5-3,Non Residente,True
99999E00034887,domestic,PDMM,False,1.5-3,Non Residente,True
99999E00034890,domestic,PDMM,False,1.5-3,Residente,True
99999E00034891,domestic,PDMM,False,3-4.5,Non Residente,True
99999E00034898,domestic,PDMM,False,3-4.5,Non Residente,True
99999E00034899,domestic,PDMM,False,3-4.5,Residente,True
99999E00034903,domestic,PDMM,False,1.5-3,Residente,True
99999E00040039,domestic,PDMM,False,1.5-3,Residente,True
99999E00040071,domestic,PDMM,False,4.5-6,Residente,True
99999E00040091,domestic,PDMM,False,1.5-3,Residente,True
99999E00040094,domestic,PDMM,False,3-4.5,Residente,True
99999E00040098,domestic,PDMM,False,1.5-3,Non Residente,True
99999E00040099,domestic,PDMM,False,1.5-3,Non Residente,True
99999E00040105,domestic,PDMM,False,3-4.5,Non Residente,True
99999E00040106,domestic,PDMM,False,1.5-3,Non Residente,True
99999E00040107,domestic,PDMM,False,1.5-3,Non Residente,True
99999E00040109,domestic,PDMM,False,3-4.5,Non Residente,True
99999E00040111,domestic,PDMM,False,1.5-3,Non Residente,True
99999E00040112,domestic,PDMM,False,1.5-3,Non Residente,True
99999E00040118,domestic,PDMM,False,1.5-3,Residente,True
99999E00040120,domestic,PDMM,False,1.5-3,Non Residente,True
99999E00040121,domestic,PDMM,False,1.5-3,Residente,True
99999E00040122,domestic,PDMM,False,1.5-3,Residente,True
99999E00040123,domestic,PDMM,False,1.5-3,Residente,True
99999E00040137,domestic,PDMM,False,3-4.5,Non Residente,True
99999E00040139,domestic,PDMM,False,4.5-6,Residente,True
99999E00040143,domestic,PDMM,False,3-4.5,Residente,True
99999E00040150,domestic,PDMM,False,1.5-3,Non Residente,True
99999E00040157,domestic,PDMM,False,1.5-3,Residente,True
99999E00040177,domestic,PDMM,False,1.5-3,Non Residente,True
99999E00040182,domestic,PDMM,False,1.5-3,Residente,True
99999E00040193,domestic,PDMM,False,1.5-3,Non Residente,True
99999E00040194,domestic,PDMM,False,3-4.5,Residente,True
99999E00040203,domestic,PDMM,False,1.5-3,Non Residente,True
99999E00040204,domestic,PDMM,False,1.5-3,Non Residente,True
99999E00040207,domestic,PDMM,False,1.5-3,Non Residente,True
99999E00040208,domestic,PDMM,False,1.5-3,Non Residente,True
99999E00040209,domestic,PDMM,False,1.5-3,Non Residente,True
99999E00040210,domestic,PDMM,False,1.5-3,Non Residente,True
99999E00040211,domestic,PDMM,False,4.5-6,Non Residente,True
99999E00040212,domestic,PDMM,False,1.5-3,Non Residente,True
99999E00040213,domestic,PDMM,False,1.5-3,Non Residente,True
99999E00040223,domestic,PDMM,False,1.5-3,Residente,True
99999E00040241,other,PAUM,False,,,False
99999E00040268,domestic,PDMM,False,1.5-3,Non Residente,True
99999E00040313,domestic,PDMM,False,1.5-3,Non Residente,True
99999E00040314,domestic,PDMM,False,1.5-3,Non Residente,True
99999E00040320,domestic,PDMM,False,1.5-3,Non Residente,True
99999E00040321,domestic,PDMM,False,1.5-3,Non Residente,True
99999E00040337,domestic,PDMM,False,1.5-3,Non Residente,True
99999E00040339,domestic,PDMM,False,1.5-3,Residente,True
99999E00040360,domestic,PDMM,False,1.5-3,Non Residente,True
99999E00040361,domestic,PDMM,False,1.5-3,Non Residente,True
99999E00040370,other,PAUM,False,,,False
99999E00040376,domestic,PDMM,False,3-4.5,Non Residente,True
99999E00040377,domestic,PDMM,False,1.5-3,Non Residente,True
99999E00040378,domestic,PDMM,False,3-4.5,Residente,True
99999E00040379,domestic,PDMM,False,4.5-6,Non Residente,True
99999E00040380,domestic,PDMM,False,4.5-6,Non Residente,True
99999E00040381,domestic,PDMM,False,4.5-6,Non Residente,True
99999E00040382,domestic,PDMM,False,4.5-6,Non Residente,True
99999E00040384,domestic,PDMM,False,1.5-3,Non Residente,True
99999E00040388,domestic,PDMM,False,1.5-3,Non Residente,True
99999E00040402,other,PAUM,False,,,False
99999E00040403,domestic,PDMM,False,1.5-3,Residente,True
99999E00040404,domestic,PDMM,False,3-4.5,Non Residente,True
99999E00040405,domestic,PDMM,False,1.5-3,Non Residente,True
99999E00040406,domestic,PDMM,False,3-4.5,Non Residente,True
99999E00040407,domestic,PDMM,False,3-4.5,Non Residente,True
99999E00040408,domestic,PDMM,False,1.5-3,Non Residente,True
99999E00040413,domestic,PDMM,False,1.5-3,Residente,True
99999E00040414,domestic,PDMM,False,4.5-6,Residente,True
99999E00040415,domestic,PDMM,False,3-4.5,Residente,True
99999E00040416,domestic,PDMM,False,1.5-3,Residente,True
99999E00040419,domestic,PDMM,False,1.5-3,Non Residente,True
99999E00040428,domestic,PDMM,False,1.5-3,Residente,True
99999E00040434,domestic,PDMM,False,1.5-3,Non Residente,True
99999E00040436,domestic,PDMM,False,1.5-3,Residente,True
99999E00040441,domestic,PDMM,False,1.5-3,Residente,True
99999E00040455,domestic,PDMM,False,1.5-3,Residente,True
99999E00040468,domestic,PDMM,False,3-4.5,Residente,True
99999E00040477,other,PAUM,False,,,False
99999E00040485,domestic,PDMM,False,3-4.5,Non Residente,True
99999E00040487,domestic,PDMM,False,1.5-3,Non Residente,True
99999E00040489,domestic,PDMM,False,1.5-3,Non Residente,True
99999E00040503,other,PAUM,False,,,False
99999E00040504,domestic,PDMM,False,3-4.5,Non Residente,True
99999E00040505,domestic,PDMM,False,3-4.5,Non Residente,True
99999E00040506,domestic,PDMM,False,3-4.5,Non Residente,True
99999E00040507,domestic,PDMM,False,3-4.5,Non Residente,True
99999E00040508,domestic,PDMM,False,3-4.5,Non Residente,True
99999E00040509,domestic,PDMM,False,3-4.5,Non Residente,True
99999E00040510,domestic,PDMM,False,>6,Residente,True
99999E00040511,other,PAUM,False,,,False
99999E00040512,domestic,PDMM,False,3-4.5,Non Residente,True
99999E00040513,domestic,PDMM,False,3-4.5,Non Residente,True
99999E00040514,domestic,PDMM,False,3-4.5,Non Residente,True
99999E00040524,domestic,PDMM,False,1.5-3,Residente,True
99999E00040569,domestic,PDMM,False,1.5-3,Non Residente,True
99999E00040612,domestic,PDMM,False,4.5-6,Non Residente,True
99999E00040619,domestic,PDMM,False,>6,Residente,True
99999E00040652,domestic,PDMM,False,1.5-3,Residente,True
99999E00040669,domestic,PDMM,False,1.5-3,Non Residente,True
99999E00040670,domestic,PDMM,False,1.5-3,Residente,True
99999E00040707,domestic,PDMM,False,3-4.5,Residente,True
99999E00040716,other,PAUM,False,,,False
99999E00040726,domestic,PDMM,False,1.5-3,Residente,True
99999E00040742,domestic,PDMM,False,1.5-3,Residente,True
99999E00040779,domestic,PDMM,False,1.5-3,Residente,True
99999E00040825,domestic,PDMM,False,1.5-3,Residente,True
99999E00040826,domestic,PDMM,False,1.5-3,Residente,True
99999E00040827,domestic,PDMM,False,4.5-6,Residente,True
99999E00040828,domestic,PDMM,False,1.5-3,Non Residente,True
99999E00040833,domestic,PDMM,False,1.5-3,Non Residente,True
99999E00040887,domestic,PDMM,False,>6,Residente,True
99999E00040896,domestic,PDMM,False,1.5-3,Residente,True
99999E00040907,domestic,PDMM,False,1.5-3,Non Residente,True
99999E00040954,domestic,PDMM,False,1.5-3,Non Residente,True
99999E00040963,domestic,PDMM,False,3-4.5,Non Residente,True
99999E00040966,domestic,PDMM,False,1.5-3,Non Residente,True
99999E00040969,domestic,PDMM,False,1.5-3,Residente,True
99999E00040972,domestic,PDMM,False,1.5-3,Non Residente,True
99999E00041065,domestic,PDMM,False,1.5-3,Non Residente,True
99999E00041066,domestic,PDMM,False,1.5-3,Non Residente,True
99999E00041067,domestic,PDMM,False,1.5-3,Residente,True
99999E00041068,domestic,PDMM,False,1.5-3,Non Residente,True
99999E00041069,other,PAUM,False,,,False
99999E00041144,domestic,PDMM,False,3-4.5,Residente,True
99999E00041166,domestic,PDMM,False,3-4.5,Residente,True
99999E00041167,domestic,PDMM,False,3-4.5,Residente,True
99999E00041177,domestic,PDMM,False,1.5-3,Non Residente,True
99999E00041178,domestic,PDMM,False,1.5-3,Residente,True
99999E00041180,domestic,PDMM,False,1.5-3,Residente,True
99999E00041183,domestic,PDMM,False,1.5-3,Non Residente,True
99999E00041203,domestic,PDMM,False,3-4.5,Residente,True
99999E00041204,domestic,PDMM,False,3-4.5,Residente,True
99999E10004625,domestic,PDMM,False,1.5-3,Residente,True
99999E10004633,domestic,PDMM,False,1.5-3,Residente,True
99999E10004638,domestic,PDMM,False,3-4.5,Residente,True
99999E10004644,domestic,PDMM,False,1.5-3,Residente,True
99999E10004655,domestic,PDMM,False,1.5-3,Residente,True
99999E10004671,domestic,PDMM,False,1.5-3,Non Residente,True
99999E10004678,domestic,PDMM,False,3-4.5,Residente,True
99999E10004699,domestic,PDMM,False,1.5-3,Residente,True
99999E10004700,domestic,PDMM,False,1.5-3,Non Residente,True
99999E10004701,domestic,PDMM,False,1.5-3,Non Residente,True
99999E10004730,other,PAUM,False,,,False
99999E10004732,domestic,PDMM,False,1.5-3,Non Residente,True
99999E10004737,domestic,PDMM,False,1.5-3,Non Residente,True
99999E10004739,domestic,PDMM,False,1.5-3,Non Residente,True
99999E10004741,domestic,PDMM,False,1.5-3,Non Residente,True
99999E10004743,domestic,PDMM,False,1.5-3,Non Residente,True
99999E10004746,domestic,PDMM,False,1.5-3,Non Residente,True
99999E10004747,domestic,PDMM,False,1.5-3,Non Residente,True
99999E10004749,domestic,PDMM,False,1.5-3,Non Residente,True
99999E10004752,domestic,PDMM,False,1.5-3,Non Residente,True
99999E10004754,domestic,PDMM,False,1.5-3,Non Residente,True
99999E10004756,domestic,PDMM,False,1.5-3,Non Residente,True
99999E10004757,domestic,PDMM,False,1.5-3,Non Residente,True
99999E10004758,domestic,PDMM,False,4.5-6,Non Residente,True
99999E10004759,domestic,PDMM,False,1.5-3,Non Residente,True
99999E10004760,domestic,PDMM,False,1.5-3,Non Residente,True
99999E10004761,domestic,PDMM,False,1.5-3,Non Residente,True
99999E10004762,domestic,PDMM,False,3-4.5,Residente,True
99999E10004763,domestic,PDMM,False,1.5-3,Non Residente,True
99999E10004764,domestic,PDMM,False,1.5-3,Non Residente,True
99999E10004765,domestic,PDMM,False,1.5-3,Non Residente,True
99999E10004766,domestic,PDMM,False,1.5-3,Non Residente,True
99999E10004773,domestic,PDMM,False,1.5-3,Residente,True
99999E10004775,domestic,PDMM,False,1.5-3,Residente,True
99999E10004783,domestic,PDMM,False,1.5-3,Non Residente,True
99999E10004795,domestic,PDMM,False,3-4.5,Residente,True
99999E10004798,domestic,PDMM,False,1.5-3,Non Residente,True
99999E10004808,domestic,PDMM,False,1.5-3,Non Residente,True
99999E10004821,other,PAUM,False,,,False
99999E10004822,domestic,PDMM,False,1.5-3,Non Residente,True
99999E10004823,domestic,PDMM,False,1.5-3,Non Residente,True
99999E10004824,domestic,PDMM,False,1.5-3,Non Residente,True
99999E10004825,domestic,PDMM,False,1.5-3,Non Residente,True
99999E10004828,domestic,PDMM,False,1.5-3,Residente,True
99999E10004837,domestic,PDMM,False,1.5-3,Non Residente,True
99999E10004850,domestic,PDMM,False,1.5-3,Residente,True
99999E10004853,domestic,PDMM,False,1.5-3,Non Residente,True
99999E10004855,domestic,PDMM,False,1.5-3,Residente,True
99999E10004856,domestic,PDMM,False,1.5-3,Residente,True
99999E10004861,domestic,PDMM,False,3-4.5,Residente,True
99999E10004862,domestic,PDMM,False,1.5-3,Non Residente,True
99999E10004866,domestic,PDMM,False,1.5-3,Residente,True
99999E10004885,other,PAUM,False,,,False
99999E10004886,other,PAUM,False,,,False
99999E10004887,domestic,PDMM,False,3-4.5,Non Residente,True
99999E10004891,domestic,PDMM,False,1.5-3,Residente,True
99999E10004901,domestic,PDMM,False,3-4.5,Non Residente,True
99999E10004905,domestic,PDMM,False,1.5-3,Non Residente,True
99999E10004910,domestic,PDMM,False,1.5-3,Non Residente,True
99999E10004912,domestic,PDMM,False,1.5-3,Non Residente,True
99999E10004914,domestic,PDMM,False,1.5-3,Residente,True
99999E10004915,domestic,PDMM,False,1.5-3,Residente,True
99999E10004916,domestic,PDMM,False,1.5-3,Residente,True
99999E10004917,other,PAUM,False,,,False
99999E10004936,domestic,PDMM,False,1.5-3,Residente,True
99999E10004938,domestic,PDMM,False,1.5-3,Non Residente,True
99999E10004939,domestic,PDMM,False,1.5-3,Non Residente,True
99999E10004940,domestic,PDMM,False,1.5-3,Non Residente,True
99999E10004941,domestic,PDMM,False,3-4.5,Non Residente,True
99999E10004943,domestic,PDMM,False,1.5-3,Non Residente,True
99999E10004946,domestic,PDMM,False,1.5-3,Residente,True
99999E10004947,domestic,PDMM,False,1.5-3,Non Residente,True
99999E10004948,domestic,PDMM,False,1.5-3,Non Residente,True
99999E10004951,domestic,PDMM,False,1.5-3,Non Residente,True
99999E10004957,domestic,PDMM,False,1.5-3,Residente,True
99999E10004975,domestic,PDMM,False,1.5-3,Non Residente,True
99999E10004976,domestic,PDMM,False,1.5-3,Non Residente,True
99999E10004979,domestic,PDMM,False,1.5-3,Non Residente,True
99999E10004980,other,PAUM,False,,,False
99999E10004982,other,PAUM,False,,,False
99999E10004983,domestic,PDMM,False,4.5-6,Residente,True
99999E10004986,domestic,PDMM,False,3-4.5,Residente,True
99999E10004987,domestic,PDMM,False,3-4.5,Residente,True
99999E10004990,domestic,PDMM,False,1.5-3,Non Residente,True
99999E10004997,domestic,PDMM,False,1.5-3,Non Residente,True
99999E10004998,domestic,PDMM,False,1.5-3,Non Residente,True
99999E10004999,domestic,PDMM,False,1.5-3,Residente,True
99999E10005008,domestic,PDMM,False,3-4.5,Non Residente,True
99999E10005010,domestic,PDMM,False,3-4.5,Non Residente,True
99999E10005016,domestic,PDMM,False,1.5-3,Non Residente,True
99999E10005017,domestic,PDMM,False,1.5-3,Residente,True
99999E10005018,domestic,PDMM,False,1.5-3,Non Residente,True
99999E10005020,domestic,PDMM,False,1.5-3,Non Residente,True
99999E10005021,domestic,PDMM,False,1.5-3,Non Residente,True
99999E10005025,domestic,PDMM,False,1.5-3,Non Residente,True
99999E10005026,domestic,PDMM,False,1.5-3,Non Residente,True
99999E10005029,domestic,PDMM,False,1.5-3,Non Residente,True
99999E10005043,domestic,PDMM,False,1.5-3,Residente,True
99999E10005044,domestic,PDMM,False,1.5-3,Non Residente,True
99999E10005046,domestic,PDMM,False,1.5-3,Non Residente,True
99999E10005051,domestic,PDMM,False,1.5-3,Residente,True
99999E10005054,domestic,PDMM,False,1.5-3,Non Residente,True
99999E10005055,domestic,PDMM,False,1.5-3,Non Residente,True
99999E10005057,domestic,PDMM,False,1.5-3,Non Residente,True
99999E10005060,domestic,PDMM,False,1.5-3,Non Residente,True
99999E10005061,domestic,PDMM,False,1.5-3,Non Residente,True
99999E10005064,domestic,PDMM,False,1.5-3,Non Residente,True
99999E10005067,domestic,PDMM,False,1.5-3,Non Residente,True
99999E10005071,domestic,PDMM,False,1.5-3,Residente,True
99999E10005087,domestic,PDMM,False,1.5-3,Non Residente,True
99999E10005103,domestic,PDMM,False,1.5-3,Non Residente,True
99999E10005107,domestic,PDMM,False,1.5-3,Non Residente,True
99999E10005139,domestic,PDMM,False,1.5-3,Residente,True
99999E10005142,domestic,PDMM,False,1.5-3,Non Residente,True
99999E10005143,domestic,PDMM,False,1.5-3,Non Residente,True
99999E10005146,domestic,PDMM,False,1.5-3,Non Residente,True
99999E10005152,domestic,PDMM,False,1.5-3,Non Residente,True
99999E10005158,domestic,PDMM,False,1.5-3,Non Residente,True
99999E20000009,domestic,PDMM,False,3-4.5,Residente,True
99999E20000011,domestic,PDMM,False,1.5-3,Non Residente,True
99999E20000013,domestic,PDMM,False,1.5-3,Non Residente,True
99999E20000016,domestic,PDMM,False,1.5-3,Non Residente,True
99999E20000017,domestic,PDMM,False,1.5-3,Non Residente,True
99999E20000020,domestic,PDMM,False,1.5-3,Non Residente,True
99999E20000034,domestic,PDMM,False,1.5-3,Non Residente,True
99999E20000035,domestic,PDMM,False,1.5-3,Non Residente,True
99999E20000044,domestic,PDMM,False,1.5-3,Residente,True
99999E20000045,domestic,PDMM,False,1.5-3,Residente,True
99999E20000049,domestic,PDMM,False,1.5-3,Residente,True
99999E20000050,domestic,PDMM,False,3-4.5,Residente,True
99999E20000052,domestic,PDMM,False,1.5-3,Non Residente,True
99999E20000058,domestic,PDMM,False,1.5-3,Residente,True
99999E20000075,domestic,PDMM,False,1.5-3,Non Residente,True
99999E20000076,domestic,PDMM,False,1.5-3,Non Residente,True
99999E20000087,domestic,PDMM,False,1.5-3,Non Residente,True
99999E20000088,domestic,PDMM,False,1.5-3,Non Residente,True
99999E20000091,domestic,PDMM,False,1.5-3,Non Residente,True
99999E20000095,domestic,PDMM,False,1.5-3,Residente,True
99999E20000097,domestic,PDMM,False,1.5-3,Non Residente,True
99999E20000099,domestic,PDMM,False,1.5-3,Non Residente,True
99999E20000104,domestic,PDMM,False,1.5-3,Non Residente,True
99999E20000107,domestic,PDMM,False,3-4.5,Non Residente,True
99999E20000108,domestic,PDMM,False,1.5-3,Non Residente,True
99999E20000110,domestic,PDMM,False,1.5-3,Non Residente,True
99999E20000129,domestic,PDMM,False,1.5-3,Non Residente,True
99999E20000133,domestic,PDMM,False,1.5-3,Non Residente,True
99999E20000135,domestic,PDMM,False,0-1.5,Non Residente,True
99999E20000138,other,PAUM,False,,,False
99999E20000141,domestic,PDMM,False,1.5-3,Non Residente,True
99999E20000148,domestic,PDMM,False,1.5-3,Non Residente,True
99999E20000166,domestic,PDMM,False,1.5-3,Non Residente,True
99999E20000167,domestic,PDMM,False,0-1.5,Non Residente,True
99999E20000178,domestic,PDMM,False,1.5-3,Non Residente,True
99999E20000180,domestic,PDMM,False,3-4.5,Residente,True
99999E20000192,domestic,PDMM,False,3-4.5,Non Residente,True
99999E20000193,domestic,PDMM,False,1.5-3,Non Residente,True
99999E20000195,domestic,PDMM,False,3-4.5,Non Residente,True
99999E20000198,domestic,PDMM,False,1.5-3,Non Residente,True
99999E20000199,domestic,PDMM,False,1.5-3,Residente,True
99999E20000203,domestic,PDMM,False,1.5-3,Non Residente,True
99999E20000209,domestic,PDMM,False,1.5-3,Non Residente,True
99999E20000221,domestic,PDMM,False,1.5-3,Non Residente,True
99999E20000229,domestic,PDMM,False,1.5-3,Residente,True
99999E20000236,domestic,PDMM,False,1.5-3,Non Residente,True
99999E20000243,domestic,PDMM,False,1.5-3,Non Residente,True
99999E20000260,other,PAUM,False,,,False
99999E20000265,other,PAUM,False,,,False
99999E20000268,domestic,PDMM,False,1.5-3,Residente,True
99999E20000269,domestic,PDMM,False,4.5-6,Non Residente,True
99999E20000291,domestic,PDMM,False,1.5-3,Non Residente,True
99999E20000292,domestic,PDMM,False,1.5-3,Non Residente,True
99999E20000293,domestic,PDMM,False,1.5-3,Residente,True
99999E20000301,domestic,PDMM,False,1.5-3,Non Residente,True
99999E20000303,domestic,PDMM,False,1.5-3,Residente,True
99999E20000304,domestic,PDMM,False,1.5-3,Residente,True
99999E20000312,domestic,PDMM,False,1.5-3,Non Residente,True
99999E20000320,domestic,PDMM,False,1.5-3,Residente,True
99999E20000321,domestic,PDMM,False,1.5-3,Residente,True
99999E20000340,domestic,PDMM,False,1.5-3,Non Residente,True
99999E20000344,domestic,PDMM,False,1.5-3,Residente,True
99999E20000354,domestic,PDMM,False,1.5-3,Non Residente,True
99999E20000361,domestic,PDMM,False,1.5-3,Residente,True
99999E20000384,domestic,PDMM,False,1.5-3,Residente,True
99999E20000386,domestic,PDMM,False,4.5-6,Residente,True
99999E20000400,domestic,PDMM,False,1.5-3,Residente,True
99999E20000415,domestic,PDMM,False,1.5-3,Non Residente,True
99999E20000447,domestic,PDMM,False,3-4.5,Non Residente,True
99999E20000448,other,PAUM,False,,,False
99999E20000449,domestic,PDMM,False,1.5-3,Non Residente,True
99999E20000462,domestic,PDMM,False,3-4.5,Non Residente,True
99999E20000467,domestic,PDMM,False,1.5-3,Residente,True
99999E20000468,domestic,PDMM,False,3-4.5,Residente,True
99999E20000469,domestic,PDMM,False,1.5-3,Residente,True
99999E20000471,domestic,PDMM,False,1.5-3,Non Residente,True
99999E20000472,domestic,PDMM,False,4.5-6,Residente,True
99999E20000473,domestic,PDMM,False,1.5-3,Residente,True
99999E20000474,domestic,PDMM,False,1.5-3,Residente,True
99999E20000480,other,PAUM,False,,,False
99999E20000481,domestic,PDMM,False,3-4.5,Residente,True
99999E20000484,domestic,PDMM,False,3-4.5,Residente,True
99999E20000494,domestic,PDMM,False,1.5-3,Residente,True
99999E20000498,domestic,PDMM,False,1.5-3,Non Residente,True
99999E20000502,domestic,PDMM,False,1.5-3,Non Residente,True
99999E20000524,domestic,PDMM,False,4.5-6,Non Residente,True
99999E20000526,domestic,PDMM,False,1.5-3,Residente,True
99999E20000527,domestic,PDMM,False,1.5-3,Non Residente,True
99999E20000528,other,PAUM,False,,,False
99999E20000539,domestic,PDMM,False,3-4.5,Residente,True
99999E20000543,domestic,PDMM,False,1.5-3,Non Residente,True
99999E20000547,domestic,PDMM,False,1.5-3,Non Residente,True
99999E20000548,other,PAUM,False,,,False
99999E20000549,domestic,PDMM,False,1.5-3,Non Residente,True
99999E20000550,domestic,PDMM,False,1.5-3,Non Residente,True
99999E20000556,domestic,PDMM,False,3-4.5,Residente,True
99999E20000569,domestic,PDMM,False,1.5-3,Residente,True
99999E20000571,domestic,PDMM,False,1.5-3,Non Residente,True
99999E20000599,domestic,PDMM,False,4.5-6,Residente,True
99999E20000603,domestic,PDMM,False,1.5-3,Residente,True
99999E20000613,domestic,PDMM,False,1.5-3,Residente,True
99999E20000618,domestic,PDMM,False,>6,Residente,True
99999E20000620,domestic,PDMM,False,1.5-3,Non Residente,True
99999E20000626,domestic,PDMM,False,1.5-3,Residente,True
99999E20000650,domestic,PDMM,False,1.5-3,Non Residente,True
99999E20000667,domestic,PDMM,False,3-4.5,Non Residente,True
99999E20000684,domestic,PDMM,False,1.5-3,Non Residente,True
99999E20000685,domestic,PDMM,False,1.5-3,Non Residente,True
99999E20000691,domestic,PDMM,False,1.5-3,Non Residente,True
99999E20000696,domestic,PDMM,False,3-4.5,Non Residente,True
99999E20000697,domestic,PDMM,False,3-4.5,Non Residente,True
99999E20000700,domestic,PDMM,False,1.5-3,Non Residente,True
99999E20000703,domestic,PDMM,False,1.5-3,Residente,True
99999E20000708,domestic,PDMM,False,1.5-3,Non Residente,True
99999E20000709,domestic,PDMM,False,1.5-3,Residente,True
99999E20000713,domestic,PDMM,False,4.5-6,Non Residente,True
99999E20000720,domestic,PDMM,False,1.5-3,Non Residente,True
99999E20000722,domestic,PDMM,False,1.5-3,Non Residente,True
99999E20000729,domestic,PDMM,False,0-1.5,Non Residente,True
99999E20000730,domestic,PDMM,False,3-4.5,Residente,True
99999E20000734,domestic,PDMM,False,1.5-3,Residente,True
99999E20000741,domestic,PDMM,False,3-4.5,Non Residente,True
99999E20000745,domestic,PDMM,False,3-4.5,Non Residente,True
99999E20000756,domestic,PDMM,False,1.5-3,Residente,True
99999E20000758,domestic,PDMM,False,1.5-3,Residente,True
99999E20000761,domestic,PDMM,False,3-4.5,Residente,True
99999E20000769,domestic,PDMM,False,3-4.5,Residente,True
99999E20000791,domestic,PDMM,False,1.5-3,Residente,True
99999E20000807,domestic,PDMM,False,1.5-3,Residente,True
99999E20000811,domestic,PDMM,False,1.5-3,Non Residente,True
99999E20000812,domestic,PDMM,False,1.5-3,Non Residente,True
99999E20000815,domestic,PDMM,False,0-1.5,Non Residente,True
99999E20000837,domestic,PDMM,False,3-4.5,Non Residente,True
99999E20000848,domestic,PDMM,False,1.5-3,Non Residente,True
99999E20000849,domestic,PDMM,False,1.5-3,Non Residente,True
99999E20000853,domestic,PDMM,False,3-4.5,Residente,True
99999E20000866,domestic,PDMM,False,1.5-3,Non Residente,True
99999E20000872,domestic,PDMM,False,1.5-3,Non Residente,True
99999E20000873,domestic,PDMM,False,1.5-3,Residente,True
99999E20000877,domestic,PDMM,False,1.5-3,Residente,True
99999E20000885,domestic,PDMM,False,1.5-3,Residente,True
99999E20000892,domestic,PDMM,False,1.5-3,Non Residente,True
99999E20000893,domestic,PDMM,False,3-4.5,Non Residente,True
99999E20000897,domestic,PDMM,False,4.5-6,Residente,True
99999E20000898,domestic,PDMM,False,4.5-6,Residente,True
99999E20000899,domestic,PDMM,False,4.5-6,Non Residente,True
99999E20000906,domestic,PDMM,False,1.5-3,Non Residente,True
99999E20000909,domestic,PDMM,False,3-4.5,Residente,True
99999E30430500,domestic,PDMM,False,1.5-3,Residente,True
99999E30430511,domestic,PDMM,False,1.5-3,Residente,True
99999E30430514,domestic,PDMM,False,1.5-3,Residente,True
99999E30430516,domestic,PDMM,False,1.5-3,Non Residente,True
99999E30430518,domestic,PDMM,False,1.5-3,Residente,True
99999E30430526,domestic,PDMM,False,0-1.5,Non Residente,True
99999E30430529,domestic,PDMM,False,1.5-3,Residente,True
99999E30430533,domestic,PDMM,False,1.5-3,Non Residente,True
99999E30431885,domestic,PDMM,False,1.5-3,Non Residente,True
99999E30431888,domestic,PDMM,False,1.5-3,Non Residente,True
99999E30431891,domestic,PDMM,False,4.5-6,Non Residente,True
99999E30431895,domestic,PDMM,False,0-1.5,Non Residente,True
99999E30431901,domestic,PDMM,False,1.5-3,Residente,True
99999E30431908,domestic,PDMM,False,1.5-3,Non Residente,True
99999E30431912,domestic,PDMM,False,1.5-3,Residente,True
99999E30431915,domestic,PDMM,False,1.5-3,Residente,True
99999E30431925,domestic,PDMM,False,3-4.5,Residente,True
99999E30431928,domestic,PDMM,False,1.5-3,Non Residente,True
99999E30431931,domestic,PDMM,False,1.5-3,Residente,True
99999E30431936,domestic,PDMM,False,1.5-3,Non Residente,True
99999E30431940,domestic,PDMM,False,0-1.5,Non Residente,True
99999E30431945,domestic,PDMM,False,3-4.5,Non Residente,True
99999E30431948,domestic,PDMM,False,1.5-3,Non Residente,True
99999E30431955,domestic,PDMM,False,1.5-3,Non Residente,True
99999E30431958,domestic,PDMM,False,1.5-3,Non Residente,True
99999E30431965,domestic,PDMM,False,1.5-3,Non Residente,True
99999E30431972,domestic,PDMM,False,1.5-3,Non Residente,True
99999E30431976,domestic,PDMM,False,1.5-3,Residente,True
99999E30431979,domestic,PDMM,False,1.5-3,Non Residente,True
99999E30431982,domestic,PDMM,False,1.5-3,Residente,True
99999E30431986,domestic,PDMM,False,1.5-3,Non Residente,True
99999E30461094,domestic,PDMM,False,1.5-3,Non Residente,True
99999E30461099,domestic,PDMM,False,1.5-3,Non Residente,True
99999E30461103,domestic,PDMM,False,1.5-3,Non Residente,True
99999E30461106,domestic,PDMM,False,0-1.5,Non Residente,True
99999E30461109,domestic,PDMM,False,1.5-3,Non Residente,True
99999E30461111,domestic,PDMM,False,1.5-3,Non Residente,True
99999E30461114,domestic,PDMM,False,1.5-3,Non Residente,True
99999E30478495,domestic,PDMM,False,1.5-3,Residente,True
99999E30478499,domestic,PDMM,False,1.5-3,Residente,True
99999E30478503,domestic,PDMM,False,1.5-3,Residente,True
99999E30478515,domestic,PDMM,False,1.5-3,Non Residente,True
99999E30478524,domestic,PDMM,False,1.5-3,Residente,True
99999E30478527,domestic,PDMM,False,1.5-3,Non Residente,True
99999E30478532,domestic,PDMM,False,1.5-3,Residente,True
99999E30478536,domestic,PDMM,False,1.5-3,Non Residente,True
99999E30478539,domestic,PDMM,False,1.5-3,Residente,True
99999E30478543,domestic,PDMM,False,4.5-6,Non Residente,True
99999E30478548,domestic,PDMM,False,1.5-3,Non Residente,True
99999E30478551,domestic,PDMM,False,1.5-3,Non Residente,True
99999E30478554,domestic,PDMM,False,1.5-3,Residente,True
99999E30478558,domestic,PDMM,False,1.5-3,Non Residente,True
99999E30478561,domestic,PDMM,False,1.5-3,Non Residente,True
99999E30478565,domestic,PDMM,False,1.5-3,Residente,True
99999E30478573,domestic,PDMM,False,1.5-3,Residente,True
99999E30478577,domestic,PDMM,False,1.5-3,Non Residente,True
99999E30478581,domestic,PDMM,False,1.5-3,Non Residente,True
99999E30478588,domestic,PDMM,False,1.5-3,Residente,True
99999E30478593,domestic,PDMM,False,1.5-3,Non Residente,True
99999E30478597,domestic,PDMM,False,1.5-3,Non Residente,True
99999E30478601,domestic,PDMM,False,1.5-3,Residente,True
99999E30478605,domestic,PDMM,False,1.5-3,Residente,True
99999E30478609,domestic,PDMM,False,1.5-3,Non Residente,True
99999E30478613,domestic,PDMM,False,1.5-3,Non Residente,True
99999E30478617,domestic,PDMM,False,1.5-3,Residente,True
99999E30478621,domestic,PDMM,False,1.5-3,Non Residente,True
99999E30478624,domestic,PDMM,False,1.5-3,Non Residente,True
99999E30478628,domestic,PDMM,False,1.5-3,Residente,True
99999E30478632,domestic,PDMM,False,4.5-6,Non Residente,True
99999E30478644,domestic,PDMM,False,3-4.5,Non Residente,True
99999E30478647,domestic,PDMM,False,3-4.5,Non Residente,True
99999E30478652,domestic,PDMM,False,1.5-3,Residente,True
99999E30478656,domestic,PDMM,False,1.5-3,Residente,True
99999E30478660,domestic,PDMM,False,1.5-3,Non Residente,True
99999E30478663,domestic,PDMM,False,1.5-3,Residente,True
99999E30478667,domestic,PDMM,False,1.5-3,Residente,True
99999E30478671,domestic,PDMM,False,1.5-3,Non Residente,True
99999E30478677,domestic,PDMM,False,1.5-3,Residente,True
99999E30478681,domestic,PDMM,False,1.5-3,Non Residente,True
99999E30478684,domestic,PDMM,False,1.5-3,Residente,True
99999E30478688,domestic,PDMM,False,3-4.5,Residente,True
99999E30478692,domestic,PDMM,False,1.5-3,Non Residente,True
99999E30478696,domestic,PDMM,False,1.5-3,Residente,True
99999E30478701,domestic,PDMM,False,1.5-3,Residente,True
99999E30478704,domestic,PDMM,False,1.5-3,Residente,True
99999E30478712,domestic,PDMM,False,3-4.5,Residente,True
99999E30478717,domestic,PDMM,False,1.5-3,Residente,True
99999E30478723,domestic,PDMM,False,1.5-3,Residente,True
99999E30478727,domestic,PDMM,False,1.5-3,Non Residente,True
99999E30478730,domestic,PDMM,False,1.5-3,Non Residente,True
99999E30478737,domestic,PDMM,False,1.5-3,Residente,True
99999E30478744,domestic,PDMM,False,3-4.5,Residente,True
99999E30478750,domestic,PDMM,False,1.5-3,Residente,True
99999E30478755,domestic,PDMM,False,3-4.5,Residente,True
99999E30478762,domestic,PDMM,False,1.5-3,Residente,True
99999E30478766,domestic,PDMM,False,1.5-3,Residente,True
99999E30478770,domestic,PDMM,False,1.5-3,Residente,True
99999E30478774,domestic,PDMM,False,1.5-3,Residente,True
99999E30478779,domestic,PDMM,False,1.5-3,Residente,True
99999E30478782,domestic,PDMM,False,1.5-3,Non Residente,True
99999E30478786,domestic,PDMM,False,1.5-3,Residente,True
99999E30478790,domestic,PDMM,False,4.5-6,Residente,True
99999E30478794,domestic,PDMM,False,1.5-3,Residente,True
99999E30478798,domestic,PDMM,False,1.5-3,Residente,True
99999E30478802,domestic,PDMM,False,1.5-3,Residente,True
99999E30478806,domestic,PDMM,False,1.5-3,Residente,True
99999E30478810,domestic,PDMM,False,1.5-3,Residente,True
99999E30478814,domestic,PDMM,False,4.5-6,Residente,True
99999E30478818,domestic,PDMM,False,1.5-3,Residente,True
99999E30478822,domestic,PDMM,False,1.5-3,Residente,True
99999E30478826,domestic,PDMM,False,1.5-3,Residente,True
99999E30478831,domestic,PDMM,False,1.5-3,Non Residente,True
99999E30478834,domestic,PDMM,False,1.5-3,Non Residente,True
99999E30478841,domestic,PDMM,False,1.5-3,Non Residente,True
99999E30478845,domestic,PDMM,False,1.5-3,Non Residente,True
99999E30478853,domestic,PDMM,False,3-4.5,Non Residente,True
99999E30478857,domestic,PDMM,False,1.5-3,Non Residente,True
99999E30478862,domestic,PDMM,False,1.5-3,Residente,True
99999E30478867,domestic,PDMM,False,1.5-3,Residente,True
99999E30478871,domestic,PDMM,False,1.5-3,Non Residente,True
99999E30478874,domestic,PDMM,False,1.5-3,Non Residente,True
99999E30478882,domestic,PDMM,False,1.5-3,Residente,True
99999E30478887,domestic,PDMM,False,1.5-3,Residente,True
99999E30478890,domestic,PDMM,False,1.5-3,Residente,True
99999E30478893,domestic,PDMM,False,1.5-3,Residente,True
99999E30478897,domestic,PDMM,False,1.5-3,Non Residente,True
99999E30478900,domestic,PDMM,False,1.5-3,Non Residente,True
99999E30478904,domestic,PDMM,False,1.5-3,Non Residente,True
99999E30478907,domestic,PDMM,False,1.5-3,Non Residente,True
99999E30478912,domestic,PDMM,False,1.5-3,Non Residente,True
99999E30478915,domestic,PDMM,False,1.5-3,Non Residente,True
99999E30478919,domestic,PDMM,False,1.5-3,Residente,True
99999E30478923,domestic,PDMM,False,1.5-3,Residente,True
99999E30478928,domestic,PDMM,False,1.5-3,Residente,True
99999E30478932,domestic,PDMM,False,1.5-3,Non Residente,True
99999E30478936,domestic,PDMM,False,1.5-3,Non Residente,True
99999E30478940,domestic,PDMM,False,1.5-3,Residente,True
99999E30478943,domestic,PDMM,False,1.5-3,Residente,True
99999E30478951,domestic,PDMM,False,1.5-3,Residente,True
99999E30478956,domestic,PDMM,False,1.5-3,Non Residente,True
99999E30478960,domestic,PDMM,False,3-4.5,Non Residente,True
99999E30478963,domestic,PDMM,False,1.5-3,Residente,True
99999E30478967,domestic,PDMM,False,1.5-3,Non Residente,True
99999E30478973,domestic,PDMM,False,1.5-3,Residente,True
99999E30478976,domestic,PDMM,False,1.5-3,Residente,True
99999E30478980,domestic,PDMM,False,1.5-3,Non Residente,True
99999E30478984,domestic,PDMM,False,1.5-3,Non Residente,True
99999E30478988,domestic,PDMM,False,1.5-3,Residente,True
99999E30478992,domestic,PDMM,False,1.5-3,Non Residente,True
99999E30478996,domestic,PDMM,False,1.5-3,Residente,True
99999E30479000,domestic,PDMM,False,1.5-3,Non Residente,True
99999E30479004,domestic,PDMM,False,1.5-3,Non Residente,True
99999E30479008,domestic,PDMM,False,1.5-3,Residente,True
99999E30479012,domestic,PDMM,False,1.5-3,Non Residente,True
99999E30479015,domestic,PDMM,False,1.5-3,Residente,True
99999E30479023,domestic,PDMM,False,1.5-3,Non Residente,True
99999E30479027,domestic,PDMM,False,1.5-3,Residente,True
99999E30479031,domestic,PDMM,False,1.5-3,Residente,True
99999E30479034,domestic,PDMM,False,1.5-3,Non Residente,True
99999E30479037,domestic,PDMM,False,1.5-3,Non Residente,True
99999E30479041,domestic,PDMM,False,1.5-3,Residente,True
99999E30479045,domestic,PDMM,False,1.5-3,Non Residente,True
99999E30479052,domestic,PDMM,False,0-1.5,Non Residente,True
99999E30479056,domestic,PDMM,False,3-4.5,Non Residente,True
99999E30479060,domestic,PDMM,False,1.5-3,Non Residente,True
99999E30479064,domestic,PDMM,False,1.5-3,Residente,True
99999E30479068,domestic,PDMM,False,1.5-3,Non Residente,True
99999E30479072,domestic,PDMM,False,1.5-3,Residente,True
99999E30479076,domestic,PDMM,False,3-4.5,Residente,True
99999E30479080,domestic,PDMM,False,4.5-6,Non Residente,True
99999E30479085,domestic,PDMM,False,1.5-3,Residente,True
99999E30479092,domestic,PDMM,False,1.5-3,Residente,True
99999E30479096,domestic,PDMM,False,1.5-3,Non Residente,True
99999E30479101,domestic,PDMM,False,1.5-3,Non Residente,True
99999E30479105,domestic,PDMM,False,1.5-3,Non Residente,True
99999E30479108,domestic,PDMM,False,1.5-3,Non Residente,True
99999E30479112,domestic,PDMM,False,1.5-3,Non Residente,True
99999E30479116,domestic,PDMM,False,1.5-3,Residente,True
99999E30479125,domestic,PDMM,False,1.5-3,Non Residente,True
99999E30479128,domestic,PDMM,False,1.5-3,Non Residente,True
99999E30479132,domestic,PDMM,False,1.5-3,Non Residente,True
99999E30479136,domestic,PDMM,False,1.5-3,Residente,True
99999E30479140,domestic,PDMM,False,1.5-3,Non Residente,True
99999E30479144,domestic,PDMM,False,4.5-6,Non Residente,True
99999E30479149,domestic,PDMM,False,3-4.5,Non Residente,True
99999E30479153,domestic,PDMM,False,3-4.5,Non Residente,True
99999E30479157,domestic,PDMM,False,1.5-3,Non Residente,True
99999E30479161,domestic,PDMM,False,1.5-3,Non Residente,True
99999E30479164,domestic,PDMM,False,1.5-3,Non Residente,True
99999E30479172,domestic,PDMM,False,1.5-3,Non Residente,True
99999E30479175,domestic,PDMM,False,1.5-3,Non Residente,True
99999E30479179,domestic,PDMM,False,1.5-3,Non Residente,True
99999E30479184,domestic,PDMM,False,4.5-6,Non Residente,True
99999E30479188,domestic,PDMM,False,4.5-6,Non Residente,True
99999E30479192,domestic,PDMM,False,1.5-3,Non Residente,True
99999E30479196,domestic,PDMM,False,1.5-3,Non Residente,True
99999E30479200,domestic,PDMM,False,1.5-3,Non Residente,True
99999E30479204,domestic,PDMM,False,1.5-3,Non Residente,True
99999E30479211,domestic,PDMM,False,1.5-3,Non Residente,True
99999E30479215,domestic,PDMM,False,1.5-3,Non Residente,True
99999E30479219,domestic,PDMM,False,1.5-3,Non Residente,True
99999E30479222,domestic,PDMM,False,1.5-3,Non Residente,True
99999E30479227,domestic,PDMM,False,1.5-3,Non Residente,True
99999E30479230,domestic,PDMM,False,1.5-3,Non Residente,True
99999E30479235,domestic,PDMM,False,1.5-3,Non Residente,True
99999E30479239,domestic,PDMM,False,1.5-3,Non Residente,True
99999E30479243,domestic,PDMM,False,4.5-6,Non Residente,True
99999E30479247,domestic,PDMM,False,3-4.5,Residente,True
99999E30479251,domestic,PDMM,False,1.5-3,Non Residente,True
99999E30479254,domestic,PDMM,False,1.5-3,Residente,True
99999E30479258,domestic,PDMM,False,1.5-3,Residente,True
99999E30479262,domestic,PDMM,False,1.5-3,Residente,True
99999E30479266,domestic,PDMM,False,1.5-3,Non Residente,True
99999E30479271,domestic,PDMM,False,1.5-3,Non Residente,True
99999E30479273,domestic,PDMM,False,1.5-3,Non Residente,True
99999E30479277,domestic,PDMM,False,1.5-3,Residente,True
99999E30479281,domestic,PDMM,False,1.5-3,Residente,True
99999E30479286,domestic,PDMM,False,1.5-3,Residente,True
99999E30479290,domestic,PDMM,False,1.5-3,Non Residente,True
99999E30479293,domestic,PDMM,False,4.5-6,Non Residente,True
99999E30479297,domestic,PDMM,False,1.5-3,Residente,True
99999E30479301,domestic,PDMM,False,1.5-3,Non Residente,True
99999E30479305,domestic,PDMM,False,3-4.5,Non Residente,True
99999E30479313,domestic,PDMM,False,1.5-3,Non Residente,True
99999E30479318,domestic,PDMM,False,1.5-3,Residente,True
99999E30479321,domestic,PDMM,False,1.5-3,Residente,True
99999E30479328,domestic,PDMM,False,1.5-3,Non Residente,True
99999E30479333,domestic,PDMM,False,1.5-3,Residente,True
99999E30479337,domestic,PDMM,False,1.5-3,Non Residente,True
99999E30479341,domestic,PDMM,False,1.5-3,Non Residente,True
99999E30479345,domestic,PDMM,False,1.5-3,Non Residente,True
99999E30479348,domestic,PDMM,False,1.5-3,Non Residente,True
99999E30479352,domestic,PDMM,False,1.5-3,Residente,True
99999E30479356,domestic,PDMM,False,1.5-3,Residente,True
99999E30479360,domestic,PDMM,False,1.5-3,Residente,True
99999E30479364,domestic,PDMM,False,1.5-3,Non Residente,True
99999E30479371,domestic,PDMM,False,3-4.5,Non Residente,True
99999E30479376,domestic,PDMM,False,4.5-6,Non Residente,True
99999E30479379,domestic,PDMM,False,1.5-3,Residente,True
99999E30479384,domestic,PDMM,False,1.5-3,Non Residente,True
99999E30479391,domestic,PDMM,False,1.5-3,Residente,True
99999E30479399,domestic,PDMM,False,1.5-3,Residente,True
99999E30479403,domestic,PDMM,False,1.5-3,Non Residente,True
99999E30479406,domestic,PDMM,False,0-1.5,Non Residente,True
99999E30479410,domestic,PDMM,False,1.5-3,Non Residente,True
99999E30479415,domestic,PDMM,False,1.5-3,Non Residente,True
99999E30479422,domestic,PDMM,False,1.5-3,Residente,True
99999E30479429,domestic,PDMM,False,1.5-3,Residente,True
99999E30479433,domestic,PDMM,False,1.5-3,Non Residente,True
99999E30479436,domestic,PDMM,False,1.5-3,Residente,True
99999E30479439,domestic,PDMM,False,1.5-3,Residente,True
99999E30479442,domestic,PDMM,False,1.5-3,Residente,True
99999E30479447,domestic,PDMM,False,1.5-3,Non Residente,True
99999E30479452,domestic,PDMM,False,1.5-3,Non Residente,True
99999E30479456,domestic,PDMM,False,1.5-3,Non Residente,True
99999E30479460,domestic,PDMM,False,1.5-3,Non Residente,True
99999E30479463,domestic,PDMM,False,1.5-3,Residente,True
99999E30479467,domestic,PDMM,False,1.5-3,Residente,True
99999E30479472,domestic,PDMM,False,1.5-3,Non Residente,True
99999E30479476,domestic,PDMM,False,3-4.5,Non Residente,True
99999E30479484,domestic,PDMM,False,3-4.5,Residente,True
99999E30479488,domestic,PDMM,False,1.5-3,Non Residente,True
99999E30479492,domestic,PDMM,False,1.5-3,Residente,True
99999E30479495,domestic,PDMM,False,1.5-3,Residente,True
99999E30479499,domestic,PDMM,False,1.5-3,Non Residente,True
99999E30479503,domestic,PDMM,False,1.5-3,Non Residente,True
99999E30479506,domestic,PDMM,False,1.5-3,Residente,True
99999E30479516,domestic,PDMM,False,1.5-3,Residente,True
99999E30479520,domestic,PDMM,False,0-1.5,Non Residente,True
99999E30479524,domestic,PDMM,False,1.5-3,Non Residente,True
99999E30479528,domestic,PDMM,False,1.5-3,Non Residente,True
99999E30479532,domestic,PDMM,False,1.5-3,Non Residente,True
99999E30479540,domestic,PDMM,False,1.5-3,Residente,True
99999E30479544,domestic,PDMM,False,1.5-3,Residente,True
99999E30479548,domestic,PDMM,False,1.5-3,Non Residente,True
99999E30479560,domestic,PDMM,False,1.5-3,Residente,True
99999E30479565,domestic,PDMM,False,3-4.5,Non Residente,True
99999E30479570,domestic,PDMM,False,1.5-3,Residente,True
99999E30479573,domestic,PDMM,False,0-1.5,Non Residente,True
99999E30479578,domestic,PDMM,False,1.5-3,Non Residente,True
99999E30479581,domestic,PDMM,False,1.5-3,Residente,True
99999E30479586,domestic,PDMM,False,1.5-3,Non Residente,True
99999E30479594,domestic,PDMM,False,1.5-3,Non Residente,True
99999E30479598,domestic,PDMM,False,1.5-3,Non Residente,True
99999E30479602,domestic,PDMM,False,1.5-3,Non Residente,True
99999E30479605,domestic,PDMM,False,1.5-3,Residente,True
99999E30479611,domestic,PDMM,False,1.5-3,Non Residente,True
99999E30479616,domestic,PDMM,False,1.5-3,Residente,True
99999E30479621,domestic,PDMM,False,1.5-3,Residente,True
99999E30479624,domestic,PDMM,False,1.5-3,Residente,True
99999E30479628,domestic,PDMM,False,1.5-3,Non Residente,True
99999E30479632,domestic,PDMM,False,4.5-6,Non Residente,True
99999E30479641,domestic,PDMM,False,3-4.5,Residente,True
99999E30479649,domestic,PDMM,False,4.5-6,Residente,True
99999E30479653,domestic,PDMM,False,1.5-3,Residente,True
99999E30479657,domestic,PDMM,False,1.5-3,Residente,True
99999E30479660,domestic,PDMM,False,1.5-3,Non Residente,True
99999E30479666,domestic,PDMM,False,1.5-3,Non Residente,True
99999E30479671,domestic,PDMM,False,1.5-3,Non Residente,True
99999E30479676,domestic,PDMM,False,1.5-3,Non Residente,True
99999E30479680,domestic,PDMM,False,0-1.5,Non Residente,True
99999E30479684,domestic,PDMM,False,1.5-3,Non Residente,True
99999E30479688,domestic,PDMM,False,1.5-3,Non Residente,True
99999E30479692,domestic,PDMM,False,1.5-3,Non Residente,True
99999E30479695,domestic,PDMM,False,1.5-3,Non Residente,True
99999E30479699,domestic,PDMM,False,1.5-3,Residente,True
99999E30479703,domestic,PDMM,False,1.5-3,Non Residente,True
99999E30479707,domestic,PDMM,False,1.5-3,Non Residente,True
99999E30479711,domestic,PDMM,False,1.5-3,Residente,True
99999E30479716,domestic,PDMM,False,1.5-3,Non Residente,True
99999E30479719,domestic,PDMM,False,1.5-3,Non Residente,True
99999E30479723,domestic,PDMM,False,1.5-3,Non Residente,True
99999E30479727,domestic,PDMM,False,1.5-3,Residente,True
99999E30479730,domestic,PDMM,False,4.5-6,Non Residente,True
99999E30479734,domestic,PDMM,False,1.5-3,Non Residente,True
99999E30479742,domestic,PDMM,False,1.5-3,Non Residente,True
99999E30479746,domestic,PDMM,False,3-4.5,Non Residente,True
99999E30479750,domestic,PDMM,False,1.5-3,Non Residente,True
99999E30479754,domestic,PDMM,False,1.5-3,Non Residente,True
99999E30479758,domestic,PDMM,False,1.5-3,Residente,True
99999E30479762,domestic,PDMM,False,1.5-3,Residente,True
99999E30479766,domestic,PDMM,False,3-4.5,Residente,True
99999E30479770,domestic,PDMM,False,1.5-3,Residente,True
99999E30479774,domestic,PDMM,False,1.5-3,Non Residente,True
99999E30479778,domestic,PDMM,False,1.5-3,Non Residente,True
99999E30479783,domestic,PDMM,False,1.5-3,Non Residente,True
99999E30479786,domestic,PDMM,False,1.5-3,Non Residente,True
99999E30479790,domestic,PDMM,False,1.5-3,Residente,True
99999E30479794,domestic,PDMM,False,1.5-3,Residente,True
99999E30479798,domestic,PDMM,False,4.5-6,Non Residente,True
99999E30479802,domestic,PDMM,False,1.5-3,Non Residente,True
99999E30479806,domestic,PDMM,False,1.5-3,Residente,True
99999E30479810,domestic,PDMM,False,1.5-3,Non Residente,True
99999E30479817,domestic,PDMM,False,1.5-3,Residente,True
99999E30479821,domestic,PDMM,False,1.5-3,Residente,True
99999E30479834,domestic,PDMM,False,1.5-3,Non Residente,True
99999E30479837,domestic,PDMM,False,1.5-3,Non Residente,True
99999E30479841,domestic,PDMM,False,1.5-3,Non Residente,True
99999E30479850,domestic,PDMM,False,1.5-3,Non Residente,True
99999E30479859,domestic,PDMM,False,1.5-3,Non Residente,True
99999E30479863,domestic,PDMM,False,1.5-3,Non Residente,True
99999E30479868,domestic,PDMM,False,1.5-3,Residente,True
99999E30479871,domestic,PDMM,False,1.5-3,Residente,True
99999E30479875,domestic,PDMM,False,1.5-3,Residente,True
99999E30479880,domestic,PDMM,False,1.5-3,Residente,True
99999E30479884,domestic,PDMM,False,1.5-3,Residente,True
99999E30479889,domestic,PDMM,False,1.5-3,Residente,True
99999E30479892,domestic,PDMM,False,1.5-3,Residente,True
99999E30479896,domestic,PDMM,False,1.5-3,Residente,True
99999E30479900,domestic,PDMM,False,1.5-3,Non Residente,True
99999E30479905,domestic,PDMM,False,1.5-3,Non Residente,True
99999E30479909,domestic,PDMM,False,1.5-3,Residente,True
99999E30479913,domestic,PDMM,False,1.5-3,Non Residente,True
99999E30479917,domestic,PDMM,False,1.5-3,Residente,True
99999E30479921,domestic,PDMM,False,1.5-3,Non Residente,True
99999E30479925,domestic,PDMM,False,1.5-3,Residente,True
99999E30479934,domestic,PDMM,False,1.5-3,Residente,True
99999E30479950,domestic,PDMM,False,1.5-3,Non Residente,True
99999E30479953,domestic,PDMM,False,1.5-3,Non Residente,True
99999E30479957,domestic,PDMM,False,1.5-3,Residente,True
99999E30479963,domestic,PDMM,False,1.5-3,Residente,True
99999E30479967,domestic,PDMM,False,4.5-6,Residente,True
99999E30479971,domestic,PDMM,False,1.5-3,Residente,True
99999E30479978,domestic,PDMM,False,1.5-3,Residente,True
99999E30479983,domestic,PDMM,False,1.5-3,Non Residente,True
99999E30479987,domestic,PDMM,False,1.5-3,Non Residente,True
99999E30479998,domestic,PDMM,False,1.5-3,Non Residente,True
99999E30480002,domestic,PDMM,False,1.5-3,Non Residente,True
99999E30480006,domestic,PDMM,False,1.5-3,Non Residente,True
99999E30480010,domestic,PDMM,False,0-1.5,Non Residente,True
99999E30480015,domestic,PDMM,False,1.5-3,Non Residente,True
99999E30480018,domestic,PDMM,False,1.5-3,Non Residente,True
99999E30480022,domestic,PDMM,False,1.5-3,Non Residente,True
99999E30480027,domestic,PDMM,False,1.5-3,Non Residente,True
99999E30480031,domestic,PDMM,False,3-4.5,Non Residente,True
99999E30480034,domestic,PDMM,False,1.5-3,Non Residente,True
99999E30480038,domestic,PDMM,False,1.5-3,Residente,True
99999E30480043,domestic,PDMM,False,1.5-3,Non Residente,True
99999E30480046,domestic,PDMM,False,1.5-3,Residente,True
99999E30480049,domestic,PDMM,False,1.5-3,Non Residente,True
99999E30480056,domestic,PDMM,False,1.5-3,Non Residente,True
99999E30480060,domestic,PDMM,False,0-1.5,Non Residente,True
99999E30480065,domestic,PDMM,False,4.5-6,Residente,True
99999E30480068,domestic,PDMM,False,1.5-3,Residente,True
99999E30480074,domestic,PDMM,False,1.5-3,Non Residente,True
99999E30480077,domestic,PDMM,False,1.5-3,Residente,True
99999E30480082,domestic,PDMM,False,1.5-3,Non Residente,True
99999E30480085,domestic,PDMM,False,1.5-3,Non Residente,True
99999E30480089,domestic,PDMM,False,1.5-3,Non Residente,True
99999E30480097,domestic,PDMM,False,1.5-3,Non Residente,True
99999E30480103,domestic,PDMM,False,4.5-6,Residente,True
99999E30480107,domestic,PDMM,False,1.5-3,Non Residente,True
99999E30480111,domestic,PDMM,False,3-4.5,Non Residente,True
99999E30480117,domestic,PDMM,False,1.5-3,Non Residente,True
99999E30480121,domestic,PDMM,False,1.5-3,Non Residente,True
99999E30480124,domestic,PDMM,False,4.5-6,Non Residente,True
99999E30480128,domestic,PDMM,False,4.5-6,Residente,True
99999E30480132,domestic,PDMM,False,1.5-3,Non Residente,True
99999E30480139,domestic,PDMM,False,1.5-3,Non Residente,True
99999E30480144,domestic,PDMM,False,1.5-3,Non Residente,True
99999E30480148,domestic,PDMM,False,1.5-3,Non Residente,True
99999E30480151,domestic,PDMM,False,1.5-3,Residente,True
99999E30480162,domestic,PDMM,False,1.5-3,Non Residente,True
99999E30480166,domestic,PDMM,False,1.5-3,Non Residente,True
99999E30480169,domestic,PDMM,False,1.5-3,Non Residente,True
99999E30480174,domestic,PDMM,False,1.5-3,Non Residente,True
99999E30480177,domestic,PDMM,False,1.5-3,Non Residente,True
99999E30480184,domestic,PDMM,False,1.5-3,Non Residente,True
99999E30480189,domestic,PDMM,False,1.5-3,Residente,True
99999E30480193,domestic,PDMM,False,1.5-3,Residente,True
99999E30480200,domestic,PDMM,False,1.5-3,Residente,True
99999E30480204,domestic,PDMM,False,1.5-3,Non Residente,True
99999E30480207,domestic,PDMM,False,1.5-3,Non Residente,True
99999E30480211,domestic,PDMM,False,3-4.5,Residente,True
99999E30480215,domestic,PDMM,False,1.5-3,Non Residente,True
99999E30480220,domestic,PDMM,False,1.5-3,Non Residente,True
99999E30480224,domestic,PDMM,False,1.5-3,Non Residente,True
99999E30480228,domestic,PDMM,False,1.5-3,Residente,True
99999E30480231,domestic,PDMM,False,1.5-3,Residente,True
99999E30480237,domestic,PDMM,False,1.5-3,Non Residente,True
99999E30480243,domestic,PDMM,False,1.5-3,Non Residente,True
99999E30480245,domestic,PDMM,False,1.5-3,Residente,True
99999E30480249,domestic,PDMM,False,1.5-3,Residente,True
99999E30480252,domestic,PDMM,False,3-4.5,Residente,True
99999E30480256,domestic,PDMM,False,0-1.5,Non Residente,True
99999E30480261,domestic,PDMM,False,1.5-3,Residente,True
99999E30480265,domestic,PDMM,False,1.5-3,Residente,True
99999E30480269,domestic,PDMM,False,1.5-3,Residente,True
99999E30480273,domestic,PDMM,False,3-4.5,Residente,True
99999E30480277,domestic,PDMM,False,1.5-3,Non Residente,True
99999E30480281,domestic,PDMM,False,3-4.5,Non Residente,True
99999E30480284,domestic,PDMM,False,3-4.5,Non Residente,True
99999E30480287,domestic,PDMM,False,1.5-3,Residente,True
99999E30480291,domestic,PDMM,False,1.5-3,Non Residente,True
99999E30480295,domestic,PDMM,False,1.5-3,Residente,True
99999E30480299,domestic,PDMM,False,1.5-3,Non Residente,True
99999E30480303,domestic,PDMM,False,1.5-3,Non Residente,True
99999E30480307,domestic,PDMM,False,1.5-3,Non Residente,True
99999E30480311,domestic,PDMM,False,1.5-3,Non Residente,True
99999E30480315,domestic,PDMM,False,1.5-3,Residente,True
99999E30480319,domestic,PDMM,False,1.5-3,Residente,True
99999E30480322,domestic,PDMM,False,1.5-3,Non Residente,True
99999E30480326,domestic,PDMM,False,1.5-3,Non Residente,True
99999E30480330,domestic,PDMM,False,3-4.5,Non Residente,True
99999E30480334,domestic,PDMM,False,1.5-3,Residente,True
99999E30480337,domestic,PDMM,False,1.5-3,Residente,True
99999E30480341,domestic,PDMM,False,1.5-3,Residente,True
99999E30480345,domestic,PDMM,False,1.5-3,Residente,True
99999E30480353,domestic,PDMM,False,1.5-3,Non Residente,True
99999E30480357,domestic,PDMM,False,1.5-3,Non Residente,True
99999E30480361,domestic,PDMM,False,1.5-3,Residente,True
99999E30480365,domestic,PDMM,False,1.5-3,Residente,True
99999E30480368,domestic,PDMM,False,1.5-3,Non Residente,True
99999E30480372,domestic,PDMM,False,1.5-3,Non Residente,True
99999E30480376,domestic,PDMM,False,1.5-3,Residente,True
99999E30480379,domestic,PDMM,False,1.5-3,Residente,True
99999E30480385,domestic,PDMM,False,1.5-3,Residente,True
99999E30480387,domestic,PDMM,False,1.5-3,Non Residente,True
99999E30480390,domestic,PDMM,False,1.5-3,Non Residente,True
99999E30480393,domestic,PDMM,False,1.5-3,Non Residente,True
99999E30480396,domestic,PDMM,False,1.5-3,Non Residente,True
99999E30480398,domestic,PDMM,False,1.5-3,Residente,True
99999E30480401,domestic,PDMM,False,1.5-3,Non Residente,True
99999E30480403,domestic,PDMM,False,1.5-3,Residente,True
99999E30480406,domestic,PDMM,False,1.5-3,Residente,True
99999E30480409,domestic,PDMM,False,1.5-3,Residente,True
99999E30480412,domestic,PDMM,False,1.5-3,Residente,True
99999E30480415,domestic,PDMM,False,1.5-3,Residente,True
99999E30480417,domestic,PDMM,False,1.5-3,Residente,True
99999E30480423,domestic,PDMM,False,1.5-3,Residente,True
99999E30480426,domestic,PDMM,False,1.5-3,Non Residente,True
99999E30480429,domestic,PDMM,False,1.5-3,Non Residente,True
99999E30480435,domestic,PDMM,False,1.5-3,Residente,True
99999E30480441,domestic,PDMM,False,1.5-3,Residente,True
99999E30480444,domestic,PDMM,False,1.5-3,Residente,True
99999E30480447,domestic,PDMM,False,1.5-3,Non Residente,True
99999E30480450,domestic,PDMM,False,1.5-3,Non Residente,True
99999E30480453,domestic,PDMM,False,1.5-3,Non Residente,True
99999E30480456,domestic,PDMM,False,4.5-6,Non Residente,True
99999E30480461,domestic,PDMM,False,1.5-3,Non Residente,True
99999E30480464,domestic,PDMM,False,1.5-3,Residente,True
99999E30480468,domestic,PDMM,False,1.5-3,Residente,True
99999E30480472,domestic,PDMM,False,1.5-3,Non Residente,True
99999E30480476,domestic,PDMM,False,1.5-3,Non Residente,True
99999E30480480,domestic,PDMM,False,1.5-3,Residente,True
99999E30480484,domestic,PDMM,False,1.5-3,Non Residente,True
99999E30480488,domestic,PDMM,False,1.5-3,Non Residente,True
99999E30480492,domestic,PDMM,False,3-4.5,Residente,True
99999E30480496,domestic,PDMM,False,1.5-3,Residente,True
99999E30480500,domestic,PDMM,False,1.5-3,Residente,True
99999E30480505,domestic,PDMM,False,1.5-3,Non Residente,True
99999E30480509,domestic,PDMM,False,1.5-3,Non Residente,True
99999E30480513,domestic,PDMM,False,1.5-3,Residente,True
99999E30480516,domestic,PDMM,False,1.5-3,Non Residente,True
99999E30480521,domestic,PDMM,False,1.5-3,Non Residente,True
99999E30480525,domestic,PDMM,False,1.5-3,Non Residente,True
99999E30480529,domestic,PDMM,False,1.5-3,Residente,True
99999E30480533,domestic,PDMM,False,1.5-3,Non Residente,True
99999E30480536,domestic,PDMM,False,1.5-3,Non Residente,True
99999E30480542,domestic,PDMM,False,1.5-3,Non Residente,True
99999E30480547,domestic,PDMM,False,1.5-3,Non Residente,True
99999E30480550,domestic,PDMM,False,1.5-3,Residente,True
99999E30480554,domestic,PDMM,False,1.5-3,Non Residente,True
99999E30480558,domestic,PDMM,False,1.5-3,Non Residente,True
99999E30480562,domestic,PDMM,False,1.5-3,Residente,True
99999E30480567,domestic,PDMM,False,1.5-3,Non Residente,True
99999E30480571,domestic,PDMM,False,1.5-3,Residente,True
99999E30480579,domestic,PDMM,False,1.5-3,Residente,True
99999E30480583,domestic,PDMM,False,1.5-3,Residente,True
99999E30480587,domestic,PDMM,False,1.5-3,Non Residente,True
99999E30480595,domestic,PDMM,False,1.5-3,Non Residente,True
99999E30480599,domestic,PDMM,False,1.5-3,Non Residente,True
99999E30480602,domestic,PDMM,False,1.5-3,Non Residente,True
99999E30480610,domestic,PDMM,False,1.5-3,Residente,True
99999E30480618,domestic,PDMM,False,1.5-3,Residente,True
99999E30480622,domestic,PDMM,False,3-4.5,Non Residente,True
99999E30480626,domestic,PDMM,False,4.5-6,Non Residente,True
99999E30480631,domestic,PDMM,False,1.5-3,Non Residente,True
99999E30480634,domestic,PDMM,False,1.5-3,Non Residente,True
99999E30480638,domestic,PDMM,False,1.5-3,Non Residente,True
99999E30480642,domestic,PDMM,False,0-1.5,Non Residente,True
99999E30480644,domestic,PDMM,False,1.5-3,Non Residente,True
99999E30480648,domestic,PDMM,False,1.5-3,Non Residente,True
99999E30480652,domestic,PDMM,False,1.5-3,Residente,True
99999E30480656,domestic,PDMM,False,1.5-3,Non Residente,True
99999E30480660,domestic,PDMM,False,1.5-3,Non Residente,True
99999E30480664,domestic,PDMM,False,1.5-3,Non Residente,True
99999E30480667,domestic,PDMM,False,>6,Non Residente,True
99999E30480671,domestic,PDMM,False,1.5-3,Non Residente,True
99999E30480675,domestic,PDMM,False,1.5-3,Non Residente,True
99999E30480679,domestic,PDMM,False,1.5-3,Non Residente,True
99999E30480682,domestic,PDMM,False,1.5-3,Non Residente,True
99999E30480686,domestic,PDMM,False,1.5-3,Non Residente,True
99999E30480693,domestic,PDMM,False,1.5-3,Non Residente,True
99999E30480698,domestic,PDMM,False,1.5-3,Non Residente,True
99999E30480702,domestic,PDMM,False,1.5-3,Non Residente,True
99999E30480706,domestic,PDMM,False,1.5-3,Non Residente,True
99999E30480710,domestic,PDMM,False,1.5-3,Non Residente,True
99999E30480713,domestic,PDMM,False,1.5-3,Non Residente,True
99999E30480716,domestic,PDMM,False,1.5-3,Non Residente,True
99999E30480720,domestic,PDMM,False,1.5-3,Non Residente,True
99999E30480724,domestic,PDMM,False,1.5-3,Residente,True
99999E30480727,domestic,PDMM,False,1.5-3,Non Residente,True
99999E30480732,domestic,PDMM,False,0-1.5,Residente,True
99999E30480736,domestic,PDMM,False,1.5-3,Residente,True
99999E30480739,domestic,PDMM,False,1.5-3,Residente,True
99999E30480743,domestic,PDMM,False,1.5-3,Residente,True
99999E30480747,domestic,PDMM,False,1.5-3,Residente,True
99999E30480751,domestic,PDMM,False,1.5-3,Residente,True
99999E30480761,domestic,PDMM,False,4.5-6,Non Residente,True
99999E30480766,domestic,PDMM,False,4.5-6,Residente,True
99999E30480769,domestic,PDMM,False,1.5-3,Residente,True
99999E30480773,domestic,PDMM,False,1.5-3,Non Residente,True
99999E30480781,domestic,PDMM,False,4.5-6,Non Residente,True
99999E30480785,domestic,PDMM,False,1.5-3,Non Residente,True
99999E30480789,domestic,PDMM,False,1.5-3,Non Residente,True
99999E30480793,domestic,PDMM,False,1.5-3,Non Residente,True
99999E30480796,domestic,PDMM,False,1.5-3,Non Residente,True
99999E30480800,domestic,PDMM,False,1.5-3,Non Residente,True
99999E30480809,domestic,PDMM,False,1.5-3,Residente,True
99999E30480813,domestic,PDMM,False,1.5-3,Residente,True
99999E30480817,domestic,PDMM,False,1.5-3,Non Residente,True
99999E30480823,domestic,PDMM,False,1.5-3,Non Residente,True
99999E30480826,domestic,PDMM,False,1.5-3,Non Residente,True
99999E30480830,domestic,PDMM,False,1.5-3,Residente,True
99999E30480845,domestic,PDMM,False,1.5-3,Non Residente,True
99999E30480849,domestic,PDMM,False,1.5-3,Non Residente,True
99999E30480856,domestic,PDMM,False,1.5-3,Non Residente,True
99999E30480865,domestic,PDMM,False,1.5-3,Residente,True
99999E30480869,domestic,PDMM,False,1.5-3,Residente,True
99999E30480873,domestic,PDMM,False,1.5-3,Residente,True
99999E30480877,domestic,PDMM,False,1.5-3,Residente,True
99999E30480880,domestic,PDMM,False,1.5-3,Non Residente,True
99999E30480883,domestic,PDMM,False,3-4.5,Residente,True
99999E30480886,domestic,PDMM,False,3-4.5,Residente,True
99999E30480889,domestic,PDMM,False,1.5-3,Residente,True
99999E30480892,domestic,PDMM,False,1.5-3,Residente,True
99999E30480897,domestic,PDMM,False,1.5-3,Residente,True
99999E30480900,domestic,PDMM,False,1.5-3,Residente,True
99999E30480903,domestic,PDMM,False,1.5-3,Residente,True
99999E30480907,domestic,PDMM,False,1.5-3,Residente,True
99999E30480909,domestic,PDMM,False,1.5-3,Non Residente,True
99999E30480912,domestic,PDMM,False,1.5-3,Non Residente,True
99999E30480915,domestic,PDMM,False,1.5-3,Non Residente,True
99999E30480921,domestic,PDMM,False,1.5-3,Residente,True
99999E30480925,domestic,PDMM,False,1.5-3,Residente,True
99999E30480928,domestic,PDMM,False,1.5-3,Non Residente,True
99999E30480930,domestic,PDMM,False,3-4.5,Non Residente,True
99999E30480933,domestic,PDMM,False,1.5-3,Non Residente,True
99999E30480936,domestic,PDMM,False,1.5-3,Non Residente,True
99999E30480942,domestic,PDMM,False,1.5-3,Non Residente,True
99999E30480945,domestic,PDMM,False,1.5-3,Non Residente,True
99999E30480948,domestic,PDMM,False,1.5-3,Non Residente,True
99999E30480951,domestic,PDMM,False,1.5-3,Residente,True
99999E30480954,domestic,PDMM,False,1.5-3,Residente,True
99999E30480957,domestic,PDMM,False,1.5-3,Residente,True
99999E30480960,domestic,PDMM,False,1.5-3,Non Residente,True
99999E30480963,domestic,PDMM,False,1.5-3,Non Residente,True
99999E30480966,domestic,PDMM,False,1.5-3,Non Residente,True
99999E30480968,domestic,PDMM,False,1.5-3,Non Residente,True
99999E30480974,domestic,PDMM,False,1.5-3,Residente,True
99999E30480977,domestic,PDMM,False,1.5-3,Residente,True
99999E30480980,domestic,PDMM,False,1.5-3,Residente,True
99999E30480983,domestic,PDMM,False,1.5-3,Non Residente,True
99999E30480986,domestic,PDMM,False,1.5-3,Non Residente,True
99999E30480989,domestic,PDMM,False,1.5-3,Non Residente,True
99999E30480992,domestic,PDMM,False,1.5-3,Residente,True
99999E30480995,domestic,PDMM,False,1.5-3,Non Residente,True
99999E30480998,domestic,PDMM,False,1.5-3,Residente,True
99999E30481001,domestic,PDMM,False,1.5-3,Residente,True
99999E30481005,domestic,PDMM,False,1.5-3,Residente,True
99999E30481008,domestic,PDMM,False,1.5-3,Non Residente,True
99999E30481011,domestic,PDMM,False,1.5-3,Non Residente,True
99999E30481020,domestic,PDMM,False,1.5-3,Residente,True
99999E30481023,domestic,PDMM,False,0-1.5,Non Residente,True
99999E30481026,domestic,PDMM,False,3-4.5,Non Residente,True
99999E30481028,domestic,PDMM,False,1.5-3,Non Residente,True
99999E30481031,domestic,PDMM,False,1.5-3,Residente,True
99999E30481034,domestic,PDMM,False,3-4.5,Residente,True
99999E30481037,domestic,PDMM,False,1.5-3,Non Residente,True
99999E30481040,domestic,PDMM,False,3-4.5,Residente,True
99999E30481043,domestic,PDMM,False,1.5-3,Non Residente,True
99999E30481046,domestic,PDMM,False,1.5-3,Residente,True
99999E30481050,domestic,PDMM,False,1.5-3,Non Residente,True
99999E30481053,domestic,PDMM,False,1.5-3,Non Residente,True
99999E30481058,domestic,PDMM,False,1.5-3,Residente,True
99999E30481061,domestic,PDMM,False,1.5-3,Non Residente,True
99999E30481064,domestic,PDMM,False,1.5-3,Residente,True
99999E30481070,domestic,PDMM,False,1.5-3,Residente,True
99999E30481074,domestic,PDMM,False,1.5-3,Residente,True
99999E30481077,domestic,PDMM,False,1.5-3,Residente,True
99999E30481082,domestic,PDMM,False,1.5-3,Residente,True
99999E30481085,domestic,PDMM,False,1.5-3,Non Residente,True
99999E30481089,domestic,PDMM,False,1.5-3,Residente,True
99999E30481093,domestic,PDMM,False,1.5-3,Residente,True
99999E30481097,domestic,PDMM,False,3-4.5,Residente,True
99999E30481102,domestic,PDMM,False,3-4.5,Residente,True
99999E30481105,domestic,PDMM,False,3-4.5,Residente,True
99999E30481110,domestic,PDMM,False,1.5-3,Non Residente,True
99999E30481114,domestic,PDMM,False,1.5-3,Residente,True
99999E30481118,domestic,PDMM,False,1.5-3,Residente,True
99999E30481122,domestic,PDMM,False,1.5-3,Residente,True
99999E30481126,domestic,PDMM,False,1.5-3,Residente,True
99999E30481129,domestic,PDMM,False,3-4.5,Residente,True
99999E30481133,domestic,PDMM,False,1.5-3,Residente,True
99999E30481137,domestic,PDMM,False,1.5-3,Residente,True
99999E30481141,domestic,PDMM,False,1.5-3,Residente,True
99999E30481146,domestic,PDMM,False,1.5-3,Residente,True
99999E30481150,domestic,PDMM,False,1.5-3,Residente,True
99999E30481153,domestic,PDMM,False,1.5-3,Residente,True
99999E30481157,domestic,PDMM,False,1.5-3,Residente,True
99999E30481161,domestic,PDMM,False,1.5-3,Residente,True
99999E30481165,domestic,PDMM,False,1.5-3,Residente,True
99999E30481169,domestic,PDMM,False,3-4.5,Residente,True
99999E30481173,domestic,PDMM,False,1.5-3,Residente,True
99999E30481177,domestic,PDMM,False,3-4.5,Residente,True
99999E30481181,domestic,PDMM,False,1.5-3,Residente,True
99999E30481185,domestic,PDMM,False,4.5-6,Residente,True
99999E30481189,domestic,PDMM,False,1.5-3,Non Residente,True
99999E30481195,domestic,PDMM,False,1.5-3,Residente,True
99999E30481199,domestic,PDMM,False,1.5-3,Non Residente,True
99999E30481205,domestic,PDMM,False,1.5-3,Residente,True
99999E30481209,domestic,PDMM,False,1.5-3,Residente,True
99999E30481212,domestic,PDMM,False,1.5-3,Residente,True
99999E30481217,domestic,PDMM,False,1.5-3,Residente,True
99999E30481222,domestic,PDMM,False,1.5-3,Residente,True
99999E30481226,domestic,PDMM,False,1.5-3,Residente,True
99999E30481230,domestic,PDMM,False,1.5-3,Non Residente,True
99999E30481233,domestic,PDMM,False,1.5-3,Residente,True
99999E30481239,domestic,PDMM,False,1.5-3,Residente,True
99999E30481243,domestic,PDMM,False,1.5-3,Residente,True
99999E30481247,domestic,PDMM,False,1.5-3,Residente,True
99999E30481251,domestic,PDMM,False,1.5-3,Non Residente,True
99999E30481255,domestic,PDMM,False,4.5-6,Residente,True
99999E30481258,domestic,PDMM,False,1.5-3,Non Residente,True
99999E30481262,domestic,PDMM,False,1.5-3,Residente,True
99999E30481265,domestic,PDMM,False,1.5-3,Residente,True
99999E30481270,domestic,PDMM,False,1.5-3,Residente,True
99999E30481273,domestic,PDMM,False,1.5-3,Residente,True
99999E30481277,domestic,PDMM,False,1.5-3,Residente,True
99999E30481282,domestic,PDMM,False,1.5-3,Residente,True
99999E30481286,domestic,PDMM,False,1.5-3,Residente,True
99999E30481290,domestic,PDMM,False,1.5-3,Residente,True
99999E30481297,domestic,PDMM,False,1.5-3,Residente,True
99999E30481300,domestic,PDMM,False,1.5-3,Non Residente,True
99999E30481306,domestic,PDMM,False,1.5-3,Non Residente,True
99999E30481309,domestic,PDMM,False,1.5-3,Residente,True
99999E30481316,domestic,PDMM,False,1.5-3,Non Residente,True
99999E30481321,domestic,PDMM,False,1.5-3,Non Residente,True
99999E30481326,domestic,PDMM,False,1.5-3,Residente,True
99999E30481329,domestic,PDMM,False,1.5-3,Residente,True
99999E30481333,domestic,PDMM,False,1.5-3,Residente,True
99999E30481337,domestic,PDMM,False,1.5-3,Non Residente,True
99999E30481340,domestic,PDMM,False,1.5-3,Non Residente,True
99999E30481344,domestic,PDMM,False,1.5-3,Non Residente,True
99999E30481348,domestic,PDMM,False,1.5-3,Non Residente,True
99999E30481351,domestic,PDMM,False,1.5-3,Non Residente,True
99999E30481356,domestic,PDMM,False,1.5-3,Non Residente,True
99999E30481360,domestic,PDMM,False,1.5-3,Non Residente,True
99999E30481364,domestic,PDMM,False,1.5-3,Non Residente,True
99999E30481368,domestic,PDMM,False,1.5-3,Non Residente,True
99999E30481373,domestic,PDMM,False,1.5-3,Residente,True
99999E30481376,domestic,PDMM,False,1.5-3,Non Residente,True
99999E30481381,domestic,PDMM,False,1.5-3,Residente,True
99999E30481386,domestic,PDMM,False,3-4.5,Residente,True
99999E30481389,domestic,PDMM,False,1.5-3,Non Residente,True
99999E30481393,domestic,PDMM,False,1.5-3,Non Residente,True
99999E30481398,domestic,PDMM,False,1.5-3,Non Residente,True
99999E30481403,domestic,PDMM,False,1.5-3,Non Residente,True
99999E30481407,domestic,PDMM,False,1.5-3,Residente,True
99999E30481411,domestic,PDMM,False,1.5-3,Non Residente,True
99999E30481416,domestic,PDMM,False,1.5-3,Residente,True
99999E30481419,domestic,PDMM,False,1.5-3,Non Residente,True
99999E30481426,domestic,PDMM,False,0-1.5,Non Residente,True
99999E30481429,domestic,PDMM,False,3-4.5,Non Residente,True
99999E30481433,domestic,PDMM,False,1.5-3,Residente,True
99999E30481437,domestic,PDMM,False,1.5-3,Residente,True
99999E30481445,domestic,PDMM,False,1.5-3,Non Residente,True
99999E30481450,domestic,PDMM,False,1.5-3,Non Residente,True
99999E30481453,domestic,PDMM,False,1.5-3,Residente,True
99999E30481456,domestic,PDMM,False,1.5-3,Residente,True
99999E30481460,domestic,PDMM,False,3-4.5,Non Residente,True
99999E30481465,domestic,PDMM,False,1.5-3,Non Residente,True
99999E30481468,domestic,PDMM,False,1.5-3,Residente,True
99999E30481472,domestic,PDMM,False,1.5-3,Non Residente,True
99999E30481476,domestic,PDMM,False,0-1.5,Non Residente,True
99999E30481479,domestic,PDMM,False,3-4.5,Residente,True
99999E30481483,domestic,PDMM,False,1.5-3,Non Residente,True
99999E30481486,domestic,PDMM,False,1.5-3,Non Residente,True
99999E30481491,domestic,PDMM,False,3-4.5,Non Residente,True
99999E30481494,domestic,PDMM,False,1.5-3,Residente,True
99999E30481499,domestic,PDMM,False,1.5-3,Non Residente,True
99999E30481503,domestic,PDMM,False,1.5-3,Residente,True
99999E30481507,domestic,PDMM,False,1.5-3,Non Residente,True
99999E30481510,domestic,PDMM,False,3-4.5,Non Residente,True
99999E30481515,domestic,PDMM,False,1.5-3,Non Residente,True
99999E30481519,domestic,PDMM,False,1.5-3,Residente,True
99999E30481523,domestic,PDMM,False,1.5-3,Non Residente,True
99999E30481527,domestic,PDMM,False,0-1.5,Non Residente,True
99999E30481531,domestic,PDMM,False,1.5-3,Residente,True
99999E30481534,domestic,PDMM,False,1.5-3,Residente,True
99999E30481538,domestic,PDMM,False,1.5-3,Non Residente,True
99999E30481544,domestic,PDMM,False,1.5-3,Residente,True
99999E30481551,domestic,PDMM,False,1.5-3,Non Residente,True
99999E30481555,domestic,PDMM,False,1.5-3,Residente,True
99999E30481559,domestic,PDMM,False,3-4.5,Residente,True
99999E30481563,domestic,PDMM,False,1.5-3,Non Residente,True
99999E30481567,domestic,PDMM,False,1.5-3,Non Residente,True
99999E30481570,domestic,PDMM,False,1.5-3,Residente,True
99999E30481574,domestic,PDMM,False,1.5-3,Residente,True
99999E30481580,domestic,PDMM,False,1.5-3,Residente,True
99999E30481584,domestic,PDMM,False,1.5-3,Residente,True
99999E30481588,domestic,PDMM,False,1.5-3,Non Residente,True
99999E30481591,domestic,PDMM,False,1.5-3,Non Residente,True
99999E30481595,domestic,PDMM,False,1.5-3,Non Residente,True
99999E30481598,domestic,PDMM,False,1.5-3,Non Residente,True
99999E30481602,domestic,PDMM,False,1.5-3,Non Residente,True
99999E30481605,domestic,PDMM,False,1.5-3,Non Residente,True
99999E30481610,domestic,PDMM,False,3-4.5,Non Residente,True
99999E30481614,domestic,PDMM,False,1.5-3,Non Residente,True
99999E30481618,domestic,PDMM,False,1.5-3,Non Residente,True
99999E30481622,domestic,PDMM,False,3-4.5,Non Residente,True
99999E30481625,domestic,PDMM,False,1.5-3,Non Residente,True
99999E30481629,domestic,PDMM,False,3-4.5,Non Residente,True
99999E30481633,domestic,PDMM,False,1.5-3,Non Residente,True
99999E30481637,domestic,PDMM,False,1.5-3,Non Residente,True
99999E30481641,domestic,PDMM,False,3-4.5,Non Residente,True
99999E30481645,domestic,PDMM,False,1.5-3,Non Residente,True
99999E30481649,domestic,PDMM,False,1.5-3,Non Residente,True
99999E30481653,domestic,PDMM,False,3-4.5,Residente,True
99999E30481657,domestic,PDMM,False,1.5-3,Residente,True
99999E30481660,domestic,PDMM,False,1.5-3,Residente,True
99999E30481663,domestic,PDMM,False,4.5-6,Residente,True
99999E30481671,domestic,PDMM,False,1.5-3,Non Residente,True
99999E30481675,domestic,PDMM,False,1.5-3,Residente,True
99999E30481679,domestic,PDMM,False,1.5-3,Non Residente,True
99999E30481682,domestic,PDMM,False,1.5-3,Non Residente,True
99999E30481686,domestic,PDMM,False,1.5-3,Residente,True
99999E30481690,domestic,PDMM,False,1.5-3,Non Residente,True
99999E30481694,domestic,PDMM,False,1.5-3,Non Residente,True
99999E30481698,domestic,PDMM,False,1.5-3,Non Residente,True
99999E30481703,domestic,PDMM,False,1.5-3,Residente,True
99999E30481706,domestic,PDMM,False,1.5-3,Residente,True
99999E30481715,domestic,PDMM,False,1.5-3,Non Residente,True
99999E30481720,domestic,PDMM,False,1.5-3,Non Residente,True
99999E30481723,domestic,PDMM,False,1.5-3,Residente,True
99999E30481726,domestic,PDMM,False,1.5-3,Non Residente,True
99999E30481730,domestic,PDMM,False,1.5-3,Residente,True
99999E30481735,domestic,PDMM,False,1.5-3,Non Residente,True
99999E30481738,domestic,PDMM,False,1.5-3,Non Residente,True
99999E30481741,domestic,PDMM,False,1.5-3,Non Residente,True
99999E30481744,domestic,PDMM,False,1.5-3,Non Residente,True
99999E30481747,domestic,PDMM,False,1.5-3,Non Residente,True
99999E30481751,domestic,PDMM,False,1.5-3,Non Residente,True
99999E30481755,domestic,PDMM,False,1.5-3,Residente,True
99999E30481759,domestic,PDMM,False,1.5-3,Residente,True
99999E30481762,domestic,PDMM,False,1.5-3,Non Residente,True
99999E30481771,domestic,PDMM,False,1.5-3,Non Residente,True
99999E30481775,domestic,PDMM,False,1.5-3,Non Residente,True
99999E30481779,domestic,PDMM,False,1.5-3,Non Residente,True
99999E30481781,domestic,PDMM,False,1.5-3,Residente,True
99999E30481783,domestic,PDMM,False,1.5-3,Non Residente,True
99999E30481786,domestic,PDMM,False,1.5-3,Non Residente,True
99999E30481789,domestic,PDMM,False,1.5-3,Residente,True
99999E30481793,domestic,PDMM,False,3-4.5,Non Residente,True
99999E30481796,domestic,PDMM,False,1.5-3,Non Residente,True
99999E30481803,domestic,PDMM,False,1.5-3,Residente,True
99999E30481806,domestic,PDMM,False,1.5-3,Non Residente,True
99999E30481810,domestic,PDMM,False,1.5-3,Residente,True
99999E30481814,domestic,PDMM,False,1.5-3,Non Residente,True
99999E30481818,domestic,PDMM,False,1.5-3,Non Residente,True
99999E30481823,domestic,PDMM,False,1.5-3,Non Residente,True
99999E30481826,domestic,PDMM,False,1.5-3,Non Residente,True
99999E30481829,domestic,PDMM,False,1.5-3,Non Residente,True
99999E30481834,domestic,PDMM,False,1.5-3,Residente,True
99999E30481838,domestic,PDMM,False,1.5-3,Non Residente,True
99999E30481842,domestic,PDMM,False,1.5-3,Non Residente,True
99999E30481844,domestic,PDMM,False,3-4.5,Non Residente,True
99999E30481847,domestic,PDMM,False,1.5-3,Non Residente,True
99999E30481850,domestic,PDMM,False,1.5-3,Residente,True
99999E30481853,domestic,PDMM,False,1.5-3,Non Residente,True
99999E30481861,domestic,PDMM,False,1.5-3,Non Residente,True
99999E30481866,domestic,PDMM,False,1.5-3,Residente,True
99999E30481872,domestic,PDMM,False,1.5-3,Non Residente,True
99999E30481875,domestic,PDMM,False,1.5-3,Residente,True
99999E30481877,domestic,PDMM,False,1.5-3,Residente,True
99999E30481881,domestic,PDMM,False,1.5-3,Non Residente,True
99999E30481885,domestic,PDMM,False,1.5-3,Non Residente,True
99999E30481889,domestic,PDMM,False,1.5-3,Non Residente,True
99999E30481894,domestic,PDMM,False,1.5-3,Residente,True
99999E30481902,domestic,PDMM,False,1.5-3,Non Residente,True
99999E30481906,domestic,PDMM,False,1.5-3,Non Residente,True
99999E30481909,domestic,PDMM,False,1.5-3,Residente,True
99999E30481912,domestic,PDMM,False,1.5-3,Non Residente,True
99999E30481918,domestic,PDMM,False,1.5-3,Non Residente,True
99999E30481921,domestic,PDMM,False,1.5-3,Non Residente,True
99999E30481924,domestic,PDMM,False,1.5-3,Residente,True
99999E30481929,domestic,PDMM,False,1.5-3,Non Residente,True
99999E30481932,domestic,PDMM,False,0-1.5,Residente,True
99999E30481935,domestic,PDMM,False,1.5-3,Residente,True
99999E30481938,domestic,PDMM,False,1.5-3,Residente,True
99999E30481944,domestic,PDMM,False,3-4.5,Residente,True
99999E30481948,domestic,PDMM,False,1.5-3,Non Residente,True
99999E30481952,domestic,PDMM,False,1.5-3,Residente,True
99999E30481955,domestic,PDMM,False,1.5-3,Non Residente,True
99999E30481958,domestic,PDMM,False,1.5-3,Residente,True
99999E30481965,domestic,PDMM,False,4.5-6,Residente,True
99999E30481973,domestic,PDMM,False,1.5-3,Residente,True
99999E30481976,domestic,PDMM,False,1.5-3,Non Residente,True
99999E30481979,domestic,PDMM,False,1.5-3,Non Residente,True
99999E30481983,domestic,PDMM,False,1.5-3,Residente,True
99999E30481986,domestic,PDMM,False,1.5-3,Residente,True
99999E30481989,domestic,PDMM,False,1.5-3,Non Residente,True
99999E30481993,domestic,PDMM,False,1.5-3,Non Residente,True
99999E30481996,domestic,PDMM,False,4.5-6,Non Residente,True
99999E30482002,domestic,PDMM,False,3-4.5,Residente,True
99999E30482005,domestic,PDMM,False,1.5-3,Residente,True
99999E30482008,domestic,PDMM,False,1.5-3,Residente,True
99999E30482011,domestic,PDMM,False,1.5-3,Non Residente,True
99999E30482019,domestic,PDMM,False,1.5-3,Residente,True
99999E30482022,domestic,PDMM,False,1.5-3,Non Residente,True
99999E30482026,domestic,PDMM,False,1.5-3,Non Residente,True
99999E30482029,domestic,PDMM,False,1.5-3,Residente,True
99999E30482032,domestic,PDMM,False,1.5-3,Residente,True
99999E30482035,domestic,PDMM,False,1.5-3,Non Residente,True
99999E30482038,domestic,PDMM,False,1.5-3,Non Residente,True
99999E30482042,domestic,PDMM,False,1.5-3,Non Residente,True
99999E30482045,domestic,PDMM,False,1.5-3,Non Residente,True
99999E30482049,domestic,PDMM,False,1.5-3,Non Residente,True
99999E30482052,domestic,PDMM,False,1.5-3,Residente,True
99999E30482060,domestic,PDMM,False,1.5-3,Non Residente,True
99999E30482065,domestic,PDMM,False,1.5-3,Non Residente,True
99999E30482070,domestic,PDMM,False,0-1.5,Non Residente,True
99999E30482074,domestic,PDMM,False,0-1.5,Non Residente,True
99999E30482077,domestic,PDMM,False,1.5-3,Non Residente,True
99999E30482080,domestic,PDMM,False,4.5-6,Residente,True
99999E30482083,domestic,PDMM,False,1.5-3,Residente,True
99999E30482085,domestic,PDMM,False,1.5-3,Non Residente,True
99999E30482088,domestic,PDMM,False,1.5-3,Non Residente,True
99999E30482091,domestic,PDMM,False,1.5-3,Non Residente,True
99999E30482095,domestic,PDMM,False,1.5-3,Residente,True
99999E30482100,domestic,PDMM,False,1.5-3,Non Residente,True
99999E30482102,domestic,PDMM,False,1.5-3,Non Residente,True
99999E30482106,domestic,PDMM,False,1.5-3,Non Residente,True
99999E30482114,domestic,PDMM,False,1.5-3,Non Residente,True
99999E30482117,domestic,PDMM,False,3-4.5,Non Residente,True
99999E30482122,domestic,PDMM,False,1.5-3,Non Residente,True
99999E30482126,domestic,PDMM,False,4.5-6,Non Residente,True
99999E30482130,domestic,PDMM,False,1.5-3,Non Residente,True
99999E30482133,domestic,PDMM,False,1.5-3,Non Residente,True
99999E30482136,domestic,PDMM,False,4.5-6,Non Residente,True
99999E30482140,domestic,PDMM,False,4.5-6,Residente,True
99999E30482143,domestic,PDMM,False,1.5-3,Non Residente,True
99999E30482146,domestic,PDMM,False,1.5-3,Non Residente,True
99999E30482149,domestic,PDMM,False,1.5-3,Residente,True
99999E30482154,domestic,PDMM,False,1.5-3,Non Residente,True
99999E30482157,domestic,PDMM,False,1.5-3,Residente,True
99999E30482162,domestic,PDMM,False,1.5-3,Residente,True
99999E30482166,domestic,PDMM,False,3-4.5,Residente,True
99999E30482169,domestic,PDMM,False,1.5-3,Non Residente,True
99999E30482172,domestic,PDMM,False,1.5-3,Residente,True
99999E30482176,domestic,PDMM,False,1.5-3,Non Residente,True
99999E30482188,domestic,PDMM,False,1.5-3,Residente,True
99999E30482192,domestic,PDMM,False,1.5-3,Non Residente,True
99999E30482196,domestic,PDMM,False,1.5-3,Non Residente,True
99999E30482200,domestic,PDMM,False,1.5-3,Non Residente,True
99999E30482205,domestic,PDMM,False,1.5-3,Non Residente,True
99999E30482208,domestic,PDMM,False,1.5-3,Residente,True
99999E30482211,domestic,PDMM,False,1.5-3,Non Residente,True
99999E30482215,domestic,PDMM,False,1.5-3,Residente,True
99999E30482220,domestic,PDMM,False,0-1.5,Non Residente,True
99999E30482224,domestic,PDMM,False,1.5-3,Residente,True
99999E30482228,domestic,PDMM,False,1.5-3,Residente,True
99999E30482231,domestic,PDMM,False,1.5-3,Non Residente,True
99999E30482236,domestic,PDMM,False,1.5-3,Residente,True
99999E30482239,domestic,PDMM,False,1.5-3,Non Residente,True
99999E30482242,domestic,PDMM,False,1.5-3,Non Residente,True
99999E30482245,domestic,PDMM,False,1.5-3,Residente,True
99999E30482248,domestic,PDMM,False,1.5-3,Non Residente,True
99999E30482250,domestic,PDMM,False,1.5-3,Non Residente,True
99999E30482254,domestic,PDMM,False,1.5-3,Non Residente,True
99999E30482258,domestic,PDMM,False,1.5-3,Non Residente,True
99999E30482262,domestic,PDMM,False,1.5-3,Non Residente,True
99999E30482266,domestic,PDMM,False,3-4.5,Non Residente,True
99999E30482269,domestic,PDMM,False,1.5-3,Non Residente,True
99999E30482273,domestic,PDMM,False,1.5-3,Non Residente,True
99999E30482276,domestic,PDMM,False,1.5-3,Non Residente,True
99999E30482280,domestic,PDMM,False,1.5-3,Non Residente,True
99999E30482285,domestic,PDMM,False,1.5-3,Residente,True
99999E30482289,domestic,PDMM,False,3-4.5,Residente,True
99999E30482292,domestic,PDMM,False,1.5-3,Residente,True
99999E30482295,domestic,PDMM,False,1.5-3,Non Residente,True
99999E30482300,domestic,PDMM,False,1.5-3,Non Residente,True
99999E30482303,domestic,PDMM,False,1.5-3,Residente,True
99999E30482307,domestic,PDMM,False,1.5-3,Residente,True
99999E30482311,domestic,PDMM,False,1.5-3,Non Residente,True
99999E30482315,domestic,PDMM,False,1.5-3,Residente,True
99999E30482318,domestic,PDMM,False,1.5-3,Residente,True
99999E30482320,domestic,PDMM,False,1.5-3,Residente,True
99999E30482324,domestic,PDMM,False,1.5-3,Non Residente,True
99999E30482329,domestic,PDMM,False,1.5-3,Non Residente,True
99999E30482337,domestic,PDMM,False,1.5-3,Non Residente,True
99999E30482340,domestic,PDMM,False,1.5-3,Non Residente,True
99999E30482344,domestic,PDMM,False,4.5-6,Residente,True
99999E30482347,domestic,PDMM,False,1.5-3,Residente,True
99999E30482350,domestic,PDMM,False,1.5-3,Residente,True
99999E30482353,domestic,PDMM,False,1.5-3,Non Residente,True
99999E30482356,domestic,PDMM,False,1.5-3,Residente,True
99999E30482359,domestic,PDMM,False,1.5-3,Residente,True
99999E30482364,domestic,PDMM,False,1.5-3,Residente,True
99999E30482367,domestic,PDMM,False,1.5-3,Residente,True
99999E30482370,domestic,PDMM,False,1.5-3,Non Residente,True
99999E30482373,domestic,PDMM,False,1.5-3,Non Residente,True
99999E30482378,domestic,PDMM,False,1.5-3,Non Residente,True
99999E30482382,domestic,PDMM,False,1.5-3,Non Residente,True
99999E30482386,domestic,PDMM,False,1.5-3,Non Residente,True
99999E30482389,domestic,PDMM,False,1.5-3,Non Residente,True
99999E30482393,domestic,PDMM,False,1.5-3,Non Residente,True
99999E30482396,domestic,PDMM,False,1.5-3,Non Residente,True
99999E30482401,domestic,PDMM,False,1.5-3,Non Residente,True
99999E30482405,domestic,PDMM,False,1.5-3,Non Residente,True
99999E30482408,domestic,PDMM,False,1.5-3,Non Residente,True
99999E30482411,domestic,PDMM,False,1.5-3,Non Residente,True
99999E30482415,domestic,PDMM,False,4.5-6,Residente,True
99999E30482418,domestic,PDMM,False,1.5-3,Residente,True
99999E30482421,domestic,PDMM,False,1.5-3,Residente,True
99999E30482425,domestic,PDMM,False,1.5-3,Residente,True
99999E30482437,domestic,PDMM,False,1.5-3,Residente,True
99999E30482441,domestic,PDMM,False,1.5-3,Non Residente,True
99999E30482445,domestic,PDMM,False,3-4.5,Non Residente,True
99999E30482455,domestic,PDMM,False,4.5-6,Non Residente,True
99999E30482460,domestic,PDMM,False,1.5-3,Non Residente,True
99999E30482464,domestic,PDMM,False,1.5-3,Non Residente,True
99999E30482466,domestic,PDMM,False,1.5-3,Non Residente,True
99999E30482469,domestic,PDMM,False,1.5-3,Non Residente,True
99999E30482472,domestic,PDMM,False,1.5-3,Residente,True
99999E30482474,domestic,PDMM,False,1.5-3,Residente,True
99999E30482477,domestic,PDMM,False,1.5-3,Residente,True
99999E30482482,domestic,PDMM,False,1.5-3,Residente,True
99999E30482498,domestic,PDMM,False,1.5-3,Residente,True
99999E30482502,domestic,PDMM,False,1.5-3,Non Residente,True
99999E30482505,domestic,PDMM,False,3-4.5,Non Residente,True
99999E30482508,domestic,PDMM,False,1.5-3,Residente,True
99999E30482512,domestic,PDMM,False,1.5-3,Residente,True
99999E30482515,domestic,PDMM,False,1.5-3,Residente,True
99999E30482519,domestic,PDMM,False,1.5-3,Non Residente,True
99999E30482522,domestic,PDMM,False,1.5-3,Residente,True
99999E30482525,domestic,PDMM,False,1.5-3,Non Residente,True
99999E30482528,domestic,PDMM,False,1.5-3,Residente,True
99999E30482531,domestic,PDMM,False,3-4.5,Residente,True
99999E30482534,domestic,PDMM,False,1.5-3,Non Residente,True
99999E30482539,domestic,PDMM,False,1.5-3,Non Residente,True
99999E30482542,domestic,PDMM,False,1.5-3,Residente,True
99999E30482545,domestic,PDMM,False,1.5-3,Residente,True
99999E30482548,domestic,PDMM,False,1.5-3,Non Residente,True
99999E30482551,domestic,PDMM,False,1.5-3,Non Residente,True
99999E30482559,domestic,PDMM,False,1.5-3,Residente,True
99999E30482564,domestic,PDMM,False,1.5-3,Residente,True
99999E30482566,domestic,PDMM,False,1.5-3,Residente,True
99999E30482569,domestic,PDMM,False,1.5-3,Non Residente,True
99999E30482573,domestic,PDMM,False,1.5-3,Non Residente,True
99999E30482579,domestic,PDMM,False,1.5-3,Non Residente,True
99999E30482582,domestic,PDMM,False,1.5-3,Residente,True
99999E30482585,domestic,PDMM,False,1.5-3,Residente,True
99999E30482590,domestic,PDMM,False,1.5-3,Residente,True
99999E30482594,domestic,PDMM,False,1.5-3,Residente,True
99999E30482597,domestic,PDMM,False,4.5-6,Residente,True
99999E30482612,domestic,PDMM,False,1.5-3,Residente,True
99999E30482616,domestic,PDMM,False,1.5-3,Residente,True
99999E30482621,domestic,PDMM,False,1.5-3,Non Residente,True
99999E30482624,domestic,PDMM,False,1.5-3,Residente,True
99999E30482628,domestic,PDMM,False,3-4.5,Residente,True
99999E30482632,domestic,PDMM,False,1.5-3,Residente,True
99999E30482635,domestic,PDMM,False,1.5-3,Non Residente,True
99999E30482638,domestic,PDMM,False,1.5-3,Non Residente,True
99999E30482641,domestic,PDMM,False,1.5-3,Residente,True
99999E30482644,domestic,PDMM,False,1.5-3,Residente,True
99999E30482647,domestic,PDMM,False,1.5-3,Non Residente,True
99999E30482651,domestic,PDMM,False,1.5-3,Residente,True
99999E30482655,domestic,PDMM,False,1.5-3,Non Residente,True
99999E30482658,domestic,PDMM,False,1.5-3,Non Residente,True
99999E30482663,domestic,PDMM,False,1.5-3,Residente,True
99999E30482667,domestic,PDMM,False,1.5-3,Residente,True
99999E30482670,domestic,PDMM,False,1.5-3,Residente,True
99999E30482673,domestic,PDMM,False,1.5-3,Residente,True
99999E30482676,domestic,PDMM,False,1.5-3,Residente,True
99999E30482681,domestic,PDMM,False,1.5-3,Non Residente,True
99999E30482684,domestic,PDMM,False,1.5-3,Non Residente,True
99999E30482688,domestic,PDMM,False,1.5-3,Non Residente,True
99999E30482691,domestic,PDMM,False,1.5-3,Non Residente,True
99999E30482693,domestic,PDMM,False,1.5-3,Residente,True
99999E30482697,domestic,PDMM,False,1.5-3,Residente,True
99999E30482699,domestic,PDMM,False,1.5-3,Non Residente,True
99999E30482704,domestic,PDMM,False,1.5-3,Non Residente,True
99999E30482709,domestic,PDMM,False,1.5-3,Residente,True
99999E30482713,domestic,PDMM,False,1.5-3,Non Residente,True
99999E30482716,domestic,PDMM,False,1.5-3,Non Residente,True
99999E30482719,domestic,PDMM,False,1.5-3,Non Residente,True
99999E30482725,domestic,PDMM,False,1.5-3,Residente,True
99999E30482727,domestic,PDMM,False,1.5-3,Non Residente,True
99999E30482730,domestic,PDMM,False,1.5-3,Residente,True
99999E30482735,domestic,PDMM,False,1.5-3,Residente,True
99999E30482738,domestic,PDMM,False,1.5-3,Residente,True
99999E30482745,domestic,PDMM,False,1.5-3,Residente,True
99999E30482748,domestic,PDMM,False,1.5-3,Non Residente,True
99999E30482751,domestic,PDMM,False,1.5-3,Non Residente,True
99999E30482753,domestic,PDMM,False,1.5-3,Non Residente,True
99999E30482755,domestic,PDMM,False,1.5-3,Residente,True
99999E30482761,domestic,PDMM,False,1.5-3,Non Residente,True
99999E30482765,domestic,PDMM,False,1.5-3,Residente,True
99999E30482769,domestic,PDMM,False,3-4.5,Residente,True
99999E30482772,domestic,PDMM,False,1.5-3,Non Residente,True
99999E30482776,domestic,PDMM,False,1.5-3,Residente,True
99999E30482779,domestic,PDMM,False,3-4.5,Non Residente,True
99999E30482783,domestic,PDMM,False,3-4.5,Non Residente,True
99999E30482786,domestic,PDMM,False,3-4.5,Residente,True
99999E30482793,domestic,PDMM,False,1.5-3,Non Residente,True
99999E30482796,domestic,PDMM,False,1.5-3,Residente,True
99999E30482800,domestic,PDMM,False,1.5-3,Residente,True
99999E30482803,domestic,PDMM,False,0-1.5,Non Residente,True
99999E30482806,domestic,PDMM,False,1.5-3,Residente,True
99999E30482810,domestic,PDMM,False,1.5-3,Non Residente,True
99999E30482813,domestic,PDMM,False,3-4.5,Non Residente,True
99999E30482816,domestic,PDMM,False,1.5-3,Non Residente,True
99999E30482820,domestic,PDMM,False,4.5-6,Residente,True
99999E30482825,domestic,PDMM,False,1.5-3,Residente,True
99999E30482828,domestic,PDMM,False,1.5-3,Residente,True
99999E30482831,domestic,PDMM,False,1.5-3,Residente,True
99999E30482834,domestic,PDMM,False,1.5-3,Non Residente,True
99999E30482837,domestic,PDMM,False,1.5-3,Non Residente,True
99999E30482842,domestic,PDMM,False,1.5-3,Non Residente,True
99999E30482845,domestic,PDMM,False,1.5-3,Non Residente,True
99999E30482848,domestic,PDMM,False,1.5-3,Non Residente,True
99999E30482850,domestic,PDMM,False,1.5-3,Non Residente,True
99999E30482852,domestic,PDMM,False,3-4.5,Non Residente,True
99999E30482855,domestic,PDMM,False,1.5-3,Non Residente,True
99999E30482858,domestic,PDMM,False,1.5-3,Non Residente,True
99999E30482861,domestic,PDMM,False,1.5-3,Non Residente,True
99999E30482865,domestic,PDMM,False,1.5-3,Non Residente,True
99999E30482870,domestic,PDMM,False,1.5-3,Non Residente,True
99999E30482874,domestic,PDMM,False,1.5-3,Non Residente,True
99999E30482877,domestic,PDMM,False,1.5-3,Non Residente,True
99999E30482884,domestic,PDMM,False,1.5-3,Non Residente,True
99999E30482888,domestic,PDMM,False,1.5-3,Non Residente,True
99999E30482891,domestic,PDMM,False,4.5-6,Non Residente,True
99999E30482894,domestic,PDMM,False,>6,Non Residente,True
99999E30482899,domestic,PDMM,False,1.5-3,Non Residente,True
99999E30482902,domestic,PDMM,False,1.5-3,Residente,True
99999E30482908,domestic,PDMM,False,1.5-3,Non Residente,True
99999E30482911,domestic,PDMM,False,1.5-3,Non Residente,True
99999E30482923,domestic,PDMM,False,1.5-3,Residente,True
99999E30482930,domestic,PDMM,False,1.5-3,Residente,True
99999E30482932,domestic,PDMM,False,1.5-3,Non Residente,True
99999E30482934,domestic,PDMM,False,1.5-3,Non Residente,True
99999E30482937,domestic,PDMM,False,1.5-3,Residente,True
99999E30482940,domestic,PDMM,False,1.5-3,Non Residente,True
99999E30482948,domestic,PDMM,False,4.5-6,Non Residente,True
99999E30482954,domestic,PDMM,False,1.5-3,Non Residente,True
99999E30482961,domestic,PDMM,False,1.5-3,Non Residente,True
99999E30482965,domestic,PDMM,False,1.5-3,Non Residente,True
99999E30482969,domestic,PDMM,False,1.5-3,Non Residente,True
99999E30482972,domestic,PDMM,False,1.5-3,Non Residente,True
99999E30482977,domestic,PDMM,False,1.5-3,Non Residente,True
99999E30482980,domestic,PDMM,False,1.5-3,Residente,True
99999E30482983,domestic,PDMM,False,1.5-3,Residente,True
99999E30482985,domestic,PDMM,False,1.5-3,Non Residente,True
99999E30482988,domestic,PDMM,False,4.5-6,Residente,True
99999E30482993,domestic,PDMM,False,1.5-3,Non Residente,True
99999E30482997,domestic,PDMM,False,1.5-3,Non Residente,True
99999E30483002,domestic,PDMM,False,1.5-3,Non Residente,True
99999E30483005,domestic,PDMM,False,1.5-3,Non Residente,True
99999E30483009,domestic,PDMM,False,1.5-3,Non Residente,True
99999E30483014,domestic,PDMM,False,1.5-3,Residente,True
99999E30483017,domestic,PDMM,False,1.5-3,Residente,True
99999E30483020,domestic,PDMM,False,1.5-3,Residente,True
99999E30483023,domestic,PDMM,False,1.5-3,Residente,True
99999E30483027,domestic,PDMM,False,1.5-3,Non Residente,True
99999E30483033,domestic,PDMM,False,1.5-3,Residente,True
99999E30483037,domestic,PDMM,False,1.5-3,Non Residente,True
99999E30483041,domestic,PDMM,False,1.5-3,Residente,True
99999E30483051,domestic,PDMM,False,1.5-3,Non Residente,True
99999E30483057,domestic,PDMM,False,1.5-3,Residente,True
99999E30483061,domestic,PDMM,False,1.5-3,Residente,True
99999E30483069,domestic,PDMM,False,4.5-6,Non Residente,True
99999E30483073,domestic,PDMM,False,1.5-3,Residente,True
99999E30483079,domestic,PDMM,False,1.5-3,Non Residente,True
99999E30483090,domestic,PDMM,False,1.5-3,Non Residente,True
99999E30483098,domestic,PDMM,False,1.5-3,Non Residente,True
99999E30483102,domestic,PDMM,False,1.5-3,Non Residente,True
99999E30483105,domestic,PDMM,False,1.5-3,Residente,True
99999E30483109,domestic,PDMM,False,3-4.5,Non Residente,True
99999E30483112,domestic,PDMM,False,1.5-3,Non Residente,True
99999E30483121,domestic,PDMM,False,3-4.5,Non Residente,True
99999E30483133,domestic,PDMM,False,1.5-3,Non Residente,True
99999E30483136,domestic,PDMM,False,1.5-3,Non Residente,True
99999E30483140,domestic,PDMM,False,3-4.5,Non Residente,True
99999E30483144,domestic,PDMM,False,1.5-3,Non Residente,True
99999E30483148,domestic,PDMM,False,1.5-3,Residente,True
99999E30483152,domestic,PDMM,False,1.5-3,Non Residente,True
99999E30483158,domestic,PDMM,False,1.5-3,Residente,True
99999E30483162,domestic,PDMM,False,1.5-3,Residente,True
99999E30483166,domestic,PDMM,False,1.5-3,Residente,True
99999E30483173,domestic,PDMM,False,1.5-3,Non Residente,True
99999E30483177,domestic,PDMM,False,1.5-3,Non Residente,True
99999E30483181,domestic,PDMM,False,3-4.5,Residente,True
99999E30483185,domestic,PDMM,False,1.5-3,Non Residente,True
99999E30483188,domestic,PDMM,False,1.5-3,Non Residente,True
99999E30483192,domestic,PDMM,False,1.5-3,Residente,True
99999E30483198,domestic,PDMM,False,1.5-3,Residente,True
99999E30483201,domestic,PDMM,False,1.5-3,Non Residente,True
99999E30483205,domestic,PDMM,False,1.5-3,Non Residente,True
99999E30483209,domestic,PDMM,False,1.5-3,Non Residente,True
99999E30483212,domestic,PDMM,False,1.5-3,Non Residente,True
99999E30483216,domestic,PDMM,False,1.5-3,Non Residente,True
99999E30483220,domestic,PDMM,False,1.5-3,Non Residente,True
99999E30483227,domestic,PDMM,False,3-4.5,Residente,True
99999E30483231,domestic,PDMM,False,1.5-3,Non Residente,True
99999E30483235,domestic,PDMM,False,1.5-3,Residente,True
99999E30483241,domestic,PDMM,False,1.5-3,Residente,True
99999E30483251,domestic,PDMM,False,1.5-3,Non Residente,True
99999E30483254,domestic,PDMM,False,1.5-3,Non Residente,True
99999E30483257,domestic,PDMM,False,1.5-3,Non Residente,True
99999E30483265,domestic,PDMM,False,1.5-3,Non Residente,True
99999E30483271,domestic,PDMM,False,1.5-3,Non Residente,True
99999E30483274,domestic,PDMM,False,1.5-3,Non Residente,True
99999E30483277,domestic,PDMM,False,1.5-3,Non Residente,True
99999E30483281,domestic,PDMM,False,1.5-3,Non Residente,True
99999E30483288,domestic,PDMM,False,1.5-3,Non Residente,True
99999E30483292,domestic,PDMM,False,1.5-3,Non Residente,True
99999E30483295,domestic,PDMM,False,1.5-3,Residente,True
99999E30483298,domestic,PDMM,False,1.5-3,Non Residente,True
99999E30483301,domestic,PDMM,False,1.5-3,Residente,True
99999E30483305,domestic,PDMM,False,0-1.5,Non Residente,True
99999E30483308,domestic,PDMM,False,1.5-3,Non Residente,True
99999E30483311,domestic,PDMM,False,1.5-3,Non Residente,True
99999E30483319,domestic,PDMM,False,1.5-3,Non Residente,True
99999E30483329,domestic,PDMM,False,1.5-3,Non Residente,True
99999E30483333,domestic,PDMM,False,1.5-3,Residente,True
99999E30483336,domestic,PDMM,False,1.5-3,Non Residente,True
99999E30483341,domestic,PDMM,False,1.5-3,Non Residente,True
99999E30483345,domestic,PDMM,False,1.5-3,Non Residente,True
99999E30483350,domestic,PDMM,False,1.5-3,Non Residente,True
99999E30483355,domestic,PDMM,False,1.5-3,Non Residente,True
99999E30483360,domestic,PDMM,False,1.5-3,Residente,True
99999E30483363,domestic,PDMM,False,1.5-3,Residente,True
99999E30483366,domestic,PDMM,False,1.5-3,Non Residente,True
99999E30483369,domestic,PDMM,False,1.5-3,Residente,True
99999E30483377,domestic,PDMM,False,1.5-3,Residente,True
99999E30483380,domestic,PDMM,False,3-4.5,Residente,True
99999E30483384,domestic,PDMM,False,1.5-3,Residente,True
99999E30483393,domestic,PDMM,False,1.5-3,Residente,True
99999E30483401,domestic,PDMM,False,1.5-3,Non Residente,True
99999E30483404,domestic,PDMM,False,4.5-6,Non Residente,True
99999E30483411,domestic,PDMM,False,4.5-6,Non Residente,True
99999E30483415,domestic,PDMM,False,1.5-3,Non Residente,True
99999E30483419,domestic,PDMM,False,1.5-3,Non Residente,True
99999E30483424,domestic,PDMM,False,1.5-3,Non Residente,True
99999E30483433,domestic,PDMM,False,1.5-3,Residente,True
99999E30483440,domestic,PDMM,False,1.5-3,Residente,True
99999E30483444,domestic,PDMM,False,1.5-3,Residente,True
99999E30483448,domestic,PDMM,False,1.5-3,Residente,True
99999E30483452,domestic,PDMM,False,1.5-3,Residente,True
99999E30483456,domestic,PDMM,False,1.5-3,Residente,True
99999E30483461,domestic,PDMM,False,1.5-3,Residente,True
99999E30483464,domestic,PDMM,False,1.5-3,Non Residente,True
99999E30483472,domestic,PDMM,False,1.5-3,Non Residente,True
99999E30483476,domestic,PDMM,False,1.5-3,Non Residente,True
99999E30483479,domestic,PDMM,False,1.5-3,Non Residente,True
99999E30483483,domestic,PDMM,False,1.5-3,Non Residente,True
99999E30483486,domestic,PDMM,False,1.5-3,Non Residente,True
99999E30483491,domestic,PDMM,False,1.5-3,Non Residente,True
99999E30483495,domestic,PDMM,False,1.5-3,Residente,True
99999E30483501,domestic,PDMM,False,1.5-3,Non Residente,True
99999E30483507,domestic,PDMM,False,1.5-3,Non Residente,True
99999E30483516,domestic,PDMM,False,1.5-3,Residente,True
99999E30483530,domestic,PDMM,False,1.5-3,Residente,True
99999E30483535,domestic,PDMM,False,1.5-3,Residente,True
99999E30483540,domestic,PDMM,False,1.5-3,Residente,True
99999E30483550,domestic,PDMM,False,1.5-3,Non Residente,True
99999E30483553,domestic,PDMM,False,1.5-3,Residente,True
99999E30483558,domestic,PDMM,False,1.5-3,Residente,True
99999E30483562,domestic,PDMM,False,1.5-3,Non Residente,True
99999E30483565,domestic,PDMM,False,1.5-3,Residente,True
99999E30483569,domestic,PDMM,False,1.5-3,Non Residente,True
99999E30483573,domestic,PDMM,False,1.5-3,Non Residente,True
99999E30483578,domestic,PDMM,False,1.5-3,Non Residente,True
99999E30483583,domestic,PDMM,False,1.5-3,Residente,True
99999E30483587,domestic,PDMM,False,1.5-3,Non Residente,True
99999E30483610,domestic,PDMM,False,1.5-3,Residente,True
99999E30483613,domestic,PDMM,False,1.5-3,Non Residente,True
99999E30483629,domestic,PDMM,False,1.5-3,Non Residente,True
99999E30483632,domestic,PDMM,False,1.5-3,Non Residente,True
99999E30483635,domestic,PDMM,False,1.5-3,Non Residente,True
99999E30483647,domestic,PDMM,False,1.5-3,Non Residente,True
99999E30483651,domestic,PDMM,False,1.5-3,Non Residente,True
99999E30483655,domestic,PDMM,False,1.5-3,Residente,True
99999E30483660,domestic,PDMM,False,1.5-3,Non Residente,True
99999E30483663,domestic,PDMM,False,1.5-3,Non Residente,True
99999E30483666,domestic,PDMM,False,1.5-3,Non Residente,True
99999E30483669,domestic,PDMM,False,1.5-3,Non Residente,True
99999E30483672,domestic,PDMM,False,1.5-3,Non Residente,True
99999E30483676,domestic,PDMM,False,4.5-6,Non Residente,True
99999E30483679,domestic,PDMM,False,4.5-6,Non Residente,True
99999E30483682,domestic,PDMM,False,3-4.5,Non Residente,True
99999E30483686,domestic,PDMM,False,3-4.5,Non Residente,True
99999E30483690,domestic,PDMM,False,1.5-3,Non Residente,True
99999E30483694,domestic,PDMM,False,1.5-3,Residente,True
99999E30483698,domestic,PDMM,False,1.5-3,Non Residente,True
99999E30483701,domestic,PDMM,False,1.5-3,Non Residente,True
99999E30483711,domestic,PDMM,False,1.5-3,Non Residente,True
99999E30483714,domestic,PDMM,False,1.5-3,Residente,True
99999E30483722,domestic,PDMM,False,1.5-3,Non Residente,True
99999E30483730,domestic,PDMM,False,1.5-3,Residente,True
99999E30483736,domestic,PDMM,False,1.5-3,Non Residente,True
99999E30483739,domestic,PDMM,False,1.5-3,Non Residente,True
99999E30483743,domestic,PDMM,False,4.5-6,Non Residente,True
99999E30483746,domestic,PDMM,False,1.5-3,Residente,True
99999E30483753,domestic,PDMM,False,1.5-3,Non Residente,True
99999E30483759,domestic,PDMM,False,4.5-6,Non Residente,True
99999E30483762,domestic,PDMM,False,1.5-3,Non Residente,True
99999E30483766,domestic,PDMM,False,1.5-3,Non Residente,True
99999E30483771,domestic,PDMM,False,1.5-3,Non Residente,True
99999E30483787,domestic,PDMM,False,1.5-3,Residente,True
99999E30483790,domestic,PDMM,False,1.5-3,Residente,True
99999E30483794,domestic,PDMM,False,1.5-3,Residente,True
99999E30483797,domestic,PDMM,False,1.5-3,Non Residente,True
99999E30483801,domestic,PDMM,False,1.5-3,Non Residente,True
99999E30483807,domestic,PDMM,False,1.5-3,Non Residente,True
99999E30483811,domestic,PDMM,False,1.5-3,Residente,True
99999E30483817,domestic,PDMM,False,1.5-3,Non Residente,True
99999E30483821,domestic,PDMM,False,1.5-3,Non Residente,True
99999E30483828,domestic,PDMM,False,1.5-3,Residente,True
99999E30483831,domestic,PDMM,False,1.5-3,Non Residente,True
99999E30483835,domestic,PDMM,False,1.5-3,Residente,True
99999E30483839,domestic,PDMM,False,1.5-3,Non Residente,True
99999E30483843,domestic,PDMM,False,1.5-3,Non Residente,True
99999E30483852,domestic,PDMM,False,1.5-3,Non Residente,True
99999E30483860,domestic,PDMM,False,1.5-3,Residente,True
99999E30483863,domestic,PDMM,False,1.5-3,Residente,True
99999E30483867,domestic,PDMM,False,1.5-3,Non Residente,True
99999E30483871,domestic,PDMM,False,1.5-3,Residente,True
99999E30483876,domestic,PDMM,False,1.5-3,Non Residente,True
99999E30483881,domestic,PDMM,False,1.5-3,Non Residente,True
99999E30483884,domestic,PDMM,False,4.5-6,Non Residente,True
99999E30483893,domestic,PDMM,False,4.5-6,Residente,True
99999E30483899,domestic,PDMM,False,1.5-3,Non Residente,True
99999E30483905,domestic,PDMM,False,1.5-3,Non Residente,True
99999E30483908,domestic,PDMM,False,1.5-3,Non Residente,True
99999E30483912,domestic,PDMM,False,1.5-3,Non Residente,True
99999E30483916,domestic,PDMM,False,1.5-3,Non Residente,True
99999E30483919,domestic,PDMM,False,0-1.5,Non Residente,True
99999E30483924,domestic,PDMM,False,1.5-3,Non Residente,True
99999E30483928,domestic,PDMM,False,1.5-3,Non Residente,True
99999E30483931,domestic,PDMM,False,1.5-3,Non Residente,True
99999E30483941,domestic,PDMM,False,1.5-3,Non Residente,True
99999E30483946,domestic,PDMM,False,1.5-3,Non Residente,True
99999E30483952,domestic,PDMM,False,1.5-3,Residente,True
99999E30483955,domestic,PDMM,False,1.5-3,Non Residente,True
99999E30483958,domestic,PDMM,False,1.5-3,Non Residente,True
99999E30483964,domestic,PDMM,False,1.5-3,Residente,True
99999E30483973,domestic,PDMM,False,1.5-3,Residente,True
99999E30483977,domestic,PDMM,False,1.5-3,Residente,True
99999E30483981,domestic,PDMM,False,1.5-3,Residente,True
99999E30483985,domestic,PDMM,False,1.5-3,Residente,True
99999E30483991,domestic,PDMM,False,1.5-3,Non Residente,True
99999E30484000,domestic,PDMM,False,3-4.5,Non Residente,True
99999E30484007,domestic,PDMM,False,1.5-3,Non Residente,True
99999E30484010,domestic,PDMM,False,1.5-3,Non Residente,True
99999E30484014,domestic,PDMM,False,1.5-3,Residente,True
99999E30484021,domestic,PDMM,False,1.5-3,Non Residente,True
99999E30484027,domestic,PDMM,False,1.5-3,Non Residente,True
99999E30484034,domestic,PDMM,False,1.5-3,Non Residente,True
99999E30484041,domestic,PDMM,False,1.5-3,Residente,True
99999E30484049,domestic,PDMM,False,1.5-3,Non Residente,True
99999E30484052,domestic,PDMM,False,1.5-3,Non Residente,True
99999E30484056,domestic,PDMM,False,1.5-3,Non Residente,True
99999E30484061,domestic,PDMM,False,1.5-3,Non Residente,True
99999E30484067,domestic,PDMM,False,1.5-3,Non Residente,True
99999E30484070,domestic,PDMM,False,1.5-3,Non Residente,True
99999E30484074,domestic,PDMM,False,1.5-3,Non Residente,True
99999E30484096,domestic,PDMM,False,3-4.5,Residente,True
99999E30484106,domestic,PDMM,False,1.5-3,Residente,True
99999E30484119,domestic,PDMM,False,1.5-3,Non Residente,True
99999E30484129,domestic,PDMM,False,1.5-3,Non Residente,True
99999E30484132,domestic,PDMM,False,1.5-3,Non Residente,True
99999E30484135,domestic,PDMM,False,1.5-3,Non Residente,True
99999E30484139,domestic,PDMM,False,1.5-3,Non Residente,True
99999E30484142,domestic,PDMM,False,1.5-3,Non Residente,True
99999E30484146,domestic,PDMM,False,1.5-3,Non Residente,True
99999E30484149,domestic,PDMM,False,1.5-3,Residente,True
99999E30484152,domestic,PDMM,False,1.5-3,Non Residente,True
99999E30484155,domestic,PDMM,False,1.5-3,Residente,True
99999E30484158,domestic,PDMM,False,1.5-3,Residente,True
99999E30484162,domestic,PDMM,False,1.5-3,Residente,True
99999E30484166,domestic,PDMM,False,1.5-3,Non Residente,True
99999E30484169,domestic,PDMM,False,3-4.5,Non Residente,True
99999E30484173,domestic,PDMM,False,1.5-3,Non Residente,True
99999E30484177,domestic,PDMM,False,1.5-3,Residente,True
99999E30484181,domestic,PDMM,False,4.5-6,Residente,True
99999E30484185,domestic,PDMM,False,4.5-6,Residente,True
99999E30484187,domestic,PDMM,False,1.5-3,Residente,True
99999E30484200,domestic,PDMM,False,1.5-3,Residente,True
99999E30484203,domestic,PDMM,False,1.5-3,Residente,True
99999E30484207,domestic,PDMM,False,1.5-3,Non Residente,True
99999E30484210,domestic,PDMM,False,1.5-3,Residente,True
99999E30484213,domestic,PDMM,False,1.5-3,Non Residente,True
99999E30484218,domestic,PDMM,False,1.5-3,Non Residente,True
99999E30484224,domestic,PDMM,False,1.5-3,Residente,True
99999E30484227,domestic,PDMM,False,1.5-3,Residente,True
99999E30484232,domestic,PDMM,False,1.5-3,Residente,True
99999E30484238,domestic,PDMM,False,1.5-3,Residente,True
99999E30484242,domestic,PDMM,False,1.5-3,Residente,True
99999E30484245,domestic,PDMM,False,1.5-3,Non Residente,True
99999E30484252,domestic,PDMM,False,1.5-3,Non Residente,True
99999E30484255,domestic,PDMM,False,1.5-3,Non Residente,True
99999E30484264,domestic,PDMM,False,1.5-3,Residente,True
99999E30484281,domestic,PDMM,False,1.5-3,Non Residente,True
99999E30484284,domestic,PDMM,False,1.5-3,Non Residente,True
99999E30484288,domestic,PDMM,False,1.5-3,Non Residente,True
99999E30484298,domestic,PDMM,False,1.5-3,Non Residente,True
99999E30484304,domestic,PDMM,False,4.5-6,Residente,True
99999E30484313,domestic,PDMM,False,1.5-3,Non Residente,True
99999E30484318,domestic,PDMM,False,1.5-3,Residente,True
99999E30484322,domestic,PDMM,False,1.5-3,Non Residente,True
99999E30484325,domestic,PDMM,False,1.5-3,Non Residente,True
99999E30484330,domestic,PDMM,False,1.5-3,Residente,True
99999E30484334,domestic,PDMM,False,1.5-3,Residente,True
99999E30484337,domestic,PDMM,False,1.5-3,Residente,True
99999E30484340,domestic,PDMM,False,1.5-3,Non Residente,True
99999E30484344,domestic,PDMM,False,1.5-3,Non Residente,True
99999E30484349,domestic,PDMM,False,1.5-3,Non Residente,True
99999E30484352,domestic,PDMM,False,1.5-3,Non Residente,True
99999E30484356,domestic,PDMM,False,4.5-6,Residente,True
99999E30484360,domestic,PDMM,False,1.5-3,Residente,True
99999E30484363,domestic,PDMM,False,1.5-3,Residente,True
99999E30484367,domestic,PDMM,False,1.5-3,Non Residente,True
99999E30484375,domestic,PDMM,False,1.5-3,Residente,True
99999E30484379,domestic,PDMM,False,1.5-3,Residente,True
99999E30484385,domestic,PDMM,False,1.5-3,Non Residente,True
99999E30484388,domestic,PDMM,False,1.5-3,Non Residente,True
99999E30484392,domestic,PDMM,False,1.5-3,Residente,True
99999E30484395,domestic,PDMM,False,1.5-3,Residente,True
99999E30484398,domestic,PDMM,False,1.5-3,Residente,True
99999E30484401,domestic,PDMM,False,3-4.5,Residente,True
99999E30484404,domestic,PDMM,False,1.5-3,Non Residente,True
99999E30484417,domestic,PDMM,False,1.5-3,Residente,True
99999E30484425,domestic,PDMM,False,1.5-3,Non Residente,True
99999E30484432,domestic,PDMM,False,1.5-3,Non Residente,True
99999E30484436,domestic,PDMM,False,1.5-3,Non Residente,True
99999E30484440,domestic,PDMM,False,1.5-3,Residente,True
99999E30484446,domestic,PDMM,False,1.5-3,Residente,True
99999E30484451,domestic,PDMM,False,1.5-3,Residente,True
99999E30484454,domestic,PDMM,False,1.5-3,Residente,True
99999E30484460,domestic,PDMM,False,1.5-3,Non Residente,True
99999E30484477,domestic,PDMM,False,0-1.5,Non Residente,True
99999E30484481,domestic,PDMM,False,1.5-3,Non Residente,True
99999E30484487,domestic,PDMM,False,1.5-3,Residente,True
99999E30484490,domestic,PDMM,False,1.5-3,Non Residente,True
99999E30484493,domestic,PDMM,False,1.5-3,Residente,True
99999E30484503,domestic,PDMM,False,1.5-3,Non Residente,True
99999E30484506,domestic,PDMM,False,0-1.5,Residente,True
99999E30484513,domestic,PDMM,False,1.5-3,Non Residente,True
99999E30484522,domestic,PDMM,False,1.5-3,Non Residente,True
99999E30484526,domestic,PDMM,False,1.5-3,Non Residente,True
99999E30484535,domestic,PDMM,False,1.5-3,Non Residente,True
99999E30484550,domestic,PDMM,False,1.5-3,Non Residente,True
99999E30484553,domestic,PDMM,False,1.5-3,Non Residente,True
99999E30484556,domestic,PDMM,False,1.5-3,Residente,True
99999E30484559,domestic,PDMM,False,1.5-3,Non Residente,True
99999E30484567,domestic,PDMM,False,1.5-3,Residente,True
99999E30484570,domestic,PDMM,False,1.5-3,Residente,True
99999E30484574,domestic,PDMM,False,1.5-3,Non Residente,True
99999E30484584,domestic,PDMM,False,1.5-3,Non Residente,True
99999E30484587,domestic,PDMM,False,3-4.5,Non Residente,True
99999E30484592,domestic,PDMM,False,1.5-3,Residente,True
99999E30484607,domestic,PDMM,False,1.5-3,Non Residente,True
99999E30484610,domestic,PDMM,False,1.5-3,Non Residente,True
99999E30484614,domestic,PDMM,False,1.5-3,Non Residente,True
99999E30484618,domestic,PDMM,False,1.5-3,Residente,True
99999E30484625,domestic,PDMM,False,1.5-3,Non Residente,True
99999E30484628,domestic,PDMM,False,1.5-3,Non Residente,True
99999E30484632,domestic,PDMM,False,1.5-3,Non Residente,True
99999E30484635,domestic,PDMM,False,3-4.5,Residente,True
99999E30484669,domestic,PDMM,False,1.5-3,Residente,True
99999E30484672,domestic,PDMM,False,1.5-3,Non Residente,True
99999E30484688,domestic,PDMM,False,1.5-3,Residente,True
99999E30484695,domestic,PDMM,False,3-4.5,Residente,True
99999E30484698,domestic,PDMM,False,1.5-3,Non Residente,True
99999E30484700,domestic,PDMM,False,1.5-3,Non Residente,True
99999E30484706,domestic,PDMM,False,1.5-3,Non Residente,True
99999E30484716,domestic,PDMM,False,1.5-3,Residente,True
99999E30484719,domestic,PDMM,False,1.5-3,Non Residente,True
99999E30484725,domestic,PDMM,False,1.5-3,Non Residente,True
99999E30484731,domestic,PDMM,False,1.5-3,Non Residente,True
99999E30484747,domestic,PDMM,False,1.5-3,Non Residente,True
99999E30484750,domestic,PDMM,False,1.5-3,Non Residente,True
99999E30484759,domestic,PDMM,False,1.5-3,Non Residente,True
99999E30484762,domestic,PDMM,False,4.5-6,Non Residente,True
99999E30484765,domestic,PDMM,False,1.5-3,Non Residente,True
99999E30484772,domestic,PDMM,False,1.5-3,Non Residente,True
99999E30484775,domestic,PDMM,False,1.5-3,Non Residente,True
99999E30484787,domestic,PDMM,False,3-4.5,Non Residente,True
99999E30484811,domestic,PDMM,False,3-4.5,Residente,True
99999E30484814,domestic,PDMM,False,4.5-6,Non Residente,True
99999E30484817,domestic,PDMM,False,1.5-3,Residente,True
99999E30484838,domestic,PDMM,False,1.5-3,Residente,True
99999E30484841,domestic,PDMM,False,1.5-3,Non Residente,True
99999E30484859,domestic,PDMM,False,1.5-3,Residente,True
99999E30484863,domestic,PDMM,False,1.5-3,Residente,True
99999E30484869,domestic,PDMM,False,1.5-3,Non Residente,True
99999E30484872,domestic,PDMM,False,1.5-3,Residente,True
99999E30484875,domestic,PDMM,False,1.5-3,Residente,True
99999E30484882,domestic,PDMM,False,1.5-3,Non Residente,True
99999E30484896,domestic,PDMM,False,0-1.5,Non Residente,True
99999E30484912,domestic,PDMM,False,1.5-3,Non Residente,True
99999E30484918,domestic,PDMM,False,1.5-3,Non Residente,True
99999E30484924,domestic,PDMM,False,4.5-6,Residente,True
99999E30484927,domestic,PDMM,False,1.5-3,Non Residente,True
99999E30484933,domestic,PDMM,False,1.5-3,Residente,True
99999E30484939,domestic,PDMM,False,4.5-6,Non Residente,True
99999E30484945,domestic,PDMM,False,3-4.5,Non Residente,True
99999E30484948,domestic,PDMM,False,1.5-3,Residente,True
99999E30484954,domestic,PDMM,False,1.5-3,Non Residente,True
99999E30484958,domestic,PDMM,False,3-4.5,Non Residente,True
99999E30484964,domestic,PDMM,False,1.5-3,Non Residente,True
99999E30484970,domestic,PDMM,False,1.5-3,Non Residente,True
99999E30484978,domestic,PDMM,False,1.5-3,Non Residente,True
99999E30484984,domestic,PDMM,False,1.5-3,Non Residente,True
99999E30484987,domestic,PDMM,False,1.5-3,Non Residente,True
99999E30484993,domestic,PDMM,False,1.5-3,Non Residente,True
99999E30484996,domestic,PDMM,False,1.5-3,Residente,True
99999E30484999,domestic,PDMM,False,1.5-3,Non Residente,True
99999E30485005,domestic,PDMM,False,1.5-3,Non Residente,True
99999E30485008,domestic,PDMM,False,1.5-3,Non Residente,True
99999E30485017,domestic,PDMM,False,3-4.5,Non Residente,True
99999E30485020,domestic,PDMM,False,1.5-3,Residente,True
99999E30485026,domestic,PDMM,False,1.5-3,Non Residente,True
99999E30485039,domestic,PDMM,False,1.5-3,Non Residente,True
99999E30485051,domestic,PDMM,False,1.5-3,Residente,True
99999E30485058,domestic,PDMM,False,1.5-3,Residente,True
99999E30485068,domestic,PDMM,False,1.5-3,Non Residente,True
99999E30485071,domestic,PDMM,False,1.5-3,Residente,True
99999E30485086,domestic,PDMM,False,1.5-3,Non Residente,True
99999E30485092,domestic,PDMM,False,1.5-3,Non Residente,True
99999E30485101,domestic,PDMM,False,1.5-3,Non Residente,True
99999E30485107,domestic,PDMM,False,1.5-3,Non Residente,True
99999E30485113,domestic,PDMM,False,1.5-3,Residente,True
99999E30485116,domestic,PDMM,False,1.5-3,Residente,True
99999E30485123,domestic,PDMM,False,1.5-3,Non Residente,True
99999E30485132,domestic,PDMM,False,1.5-3,Residente,True
99999E30485136,domestic,PDMM,False,1.5-3,Residente,True
99999E30485139,domestic,PDMM,False,3-4.5,Residente,True
99999E30485143,domestic,PDMM,False,3-4.5,Residente,True
99999E30485146,domestic,PDMM,False,1.5-3,Residente,True
99999E30485151,domestic,PDMM,False,1.5-3,Non Residente,True
99999E30485154,domestic,PDMM,False,1.5-3,Residente,True
99999E30485157,domestic,PDMM,False,1.5-3,Non Residente,True
99999E30485160,domestic,PDMM,False,1.5-3,Non Residente,True
99999E30485163,domestic,PDMM,False,1.5-3,Residente,True
99999E30485179,domestic,PDMM,False,3-4.5,Residente,True
99999E30485186,domestic,PDMM,False,1.5-3,Non Residente,True
99999E30485193,domestic,PDMM,False,1.5-3,Non Residente,True
99999E30485196,domestic,PDMM,False,1.5-3,Residente,True
99999E30485199,domestic,PDMM,False,1.5-3,Non Residente,True
99999E30485202,domestic,PDMM,False,4.5-6,Non Residente,True
99999E30485232,domestic,PDMM,False,1.5-3,Residente,True
99999E30485239,domestic,PDMM,False,3-4.5,Residente,True
99999E30485242,domestic,PDMM,False,1.5-3,Non Residente,True
99999E30485258,domestic,PDMM,False,1.5-3,Non Residente,True
99999E30485268,domestic,PDMM,False,1.5-3,Residente,True
99999E30485271,domestic,PDMM,False,1.5-3,Residente,True
99999E30485274,domestic,PDMM,False,1.5-3,Non Residente,True
99999E30485280,domestic,PDMM,False,1.5-3,Non Residente,True
99999E30485284,domestic,PDMM,False,1.5-3,Non Residente,True
99999E30485287,domestic,PDMM,False,3-4.5,Non Residente,True
99999E30485293,domestic,PDMM,False,1.5-3,Residente,True
99999E30485301,domestic,PDMM,False,1.5-3,Non Residente,True
99999E30485319,domestic,PDMM,False,1.5-3,Residente,True
99999E30485322,domestic,PDMM,False,1.5-3,Residente,True
99999E30485328,domestic,PDMM,False,1.5-3,Non Residente,True
99999E30485331,domestic,PDMM,False,1.5-3,Non Residente,True
99999E30485337,domestic,PDMM,False,1.5-3,Residente,True
99999E30485341,domestic,PDMM,False,1.5-3,Non Residente,True
99999E30485344,domestic,PDMM,False,1.5-3,Non Residente,True
99999E30485348,domestic,PDMM,False,1.5-3,Residente,True
99999E30485362,domestic,PDMM,False,1.5-3,Non Residente,True
99999E30485366,domestic,PDMM,False,1.5-3,Non Residente,True
99999E30485369,domestic,PDMM,False,0-1.5,Residente,True
99999E30485372,domestic,PDMM,False,1.5-3,Residente,True
99999E30485387,domestic,PDMM,False,1.5-3,Non Residente,True
99999E30485390,domestic,PDMM,False,1.5-3,Non Residente,True
99999E30485393,domestic,PDMM,False,1.5-3,Non Residente,True
99999E30485396,domestic,PDMM,False,1.5-3,Non Residente,True
99999E30485399,domestic,PDMM,False,1.5-3,Residente,True
99999E30485408,domestic,PDMM,False,1.5-3,Residente,True
99999E30485414,domestic,PDMM,False,1.5-3,Residente,True
99999E30485424,domestic,PDMM,False,1.5-3,Non Residente,True
99999E30485428,domestic,PDMM,False,1.5-3,Non Residente,True
99999E30485431,domestic,PDMM,False,1.5-3,Non Residente,True
99999E30485434,domestic,PDMM,False,1.5-3,Residente,True
99999E30485459,domestic,PDMM,False,0-1.5,Non Residente,True
99999E30485462,domestic,PDMM,False,1.5-3,Residente,True
99999E30485465,domestic,PDMM,False,1.5-3,Residente,True
99999E30485469,domestic,PDMM,False,1.5-3,Non Residente,True
99999E30485478,domestic,PDMM,False,1.5-3,Non Residente,True
99999E30485481,domestic,PDMM,False,1.5-3,Non Residente,True
99999E30485488,domestic,PDMM,False,1.5-3,Residente,True
99999E30485497,domestic,PDMM,False,1.5-3,Non Residente,True
99999E30485500,domestic,PDMM,False,0-1.5,Residente,True
99999E30485507,domestic,PDMM,False,1.5-3,Residente,True
99999E30485510,domestic,PDMM,False,1.5-3,Non Residente,True
99999E30485513,domestic,PDMM,False,1.5-3,Non Residente,True
99999E30485516,domestic,PDMM,False,1.5-3,Non Residente,True
99999E30485522,domestic,PDMM,False,4.5-6,Non Residente,True
99999E30485525,domestic,PDMM,False,1.5-3,Residente,True
99999E30485528,domestic,PDMM,False,1.5-3,Non Residente,True
99999E30485544,domestic,PDMM,False,1.5-3,Non Residente,True
99999E30485547,domestic,PDMM,False,1.5-3,Non Residente,True
99999E30485550,domestic,PDMM,False,1.5-3,Non Residente,True
99999E30485556,domestic,PDMM,False,1.5-3,Residente,True
99999E30485559,domestic,PDMM,False,3-4.5,Non Residente,True
99999E30485570,domestic,PDMM,False,1.5-3,Non Residente,True
99999E30485575,domestic,PDMM,False,1.5-3,Residente,True
99999E30485588,domestic,PDMM,False,1.5-3,Residente,True
99999E30485591,domestic,PDMM,False,1.5-3,Non Residente,True
99999E30485601,domestic,PDMM,False,3-4.5,Residente,True
99999E30485604,domestic,PDMM,False,1.5-3,Non Residente,True
99999E30485614,domestic,PDMM,False,1.5-3,Non Residente,True
99999E30485624,domestic,PDMM,False,1.5-3,Non Residente,True
99999E30485627,domestic,PDMM,False,1.5-3,Non Residente,True
99999E30485631,domestic,PDMM,False,1.5-3,Residente,True
99999E30485635,domestic,PDMM,False,1.5-3,Non Residente,True
99999E30485639,domestic,PDMM,False,1.5-3,Non Residente,True
99999E30485644,domestic,PDMM,False,1.5-3,Non Residente,True
99999E30485648,domestic,PDMM,False,1.5-3,Residente,True
99999E30485656,domestic,PDMM,False,1.5-3,Residente,True
99999E30485664,domestic,PDMM,False,4.5-6,Residente,True
99999E30485668,domestic,PDMM,False,1.5-3,Non Residente,True
99999E30594372,domestic,PDMM,False,1.5-3,Non Residente,True
99999E30594373,domestic,PDMM,False,1.5-3,Residente,True
99999E30594374,domestic,PDMM,False,1.5-3,Residente,True
99999E30594375,domestic,PDMM,False,1.5-3,Residente,True
99999E30594376,domestic,PDMM,False,1.5-3,Residente,True
99999E30594377,domestic,PDMM,False,1.5-3,Non Residente,True
99999E30594378,domestic,PDMM,False,1.5-3,Residente,True
99999E30594379,domestic,PDMM,False,1.5-3,Non Residente,True
99999E30594380,domestic,PDMM,False,1.5-3,Non Residente,True
99999E30594381,domestic,PDMM,False,1.5-3,Residente,True
99999E30594382,domestic,PDMM,False,3-4.5,Residente,True
99999E30594383,domestic,PDMM,False,1.5-3,Residente,True
99999E30594384,domestic,PDMM,False,1.5-3,Residente,True
99999E30594385,domestic,PDMM,False,1.5-3,Residente,True
99999E30594386,domestic,PDMM,False,1.5-3,Residente,True
99999E30594387,domestic,PDMM,False,1.5-3,Residente,True
99999E30594388,domestic,PDMM,False,1.5-3,Residente,True
99999E30594390,domestic,PDMM,False,1.5-3,Residente,True
99999E30594391,domestic,PDMM,False,1.5-3,Residente,True
99999E30594392,domestic,PDMM,False,1.5-3,Residente,True
99999E30594393,domestic,PDMM,False,1.5-3,Residente,True
99999E30594395,domestic,PDMM,False,1.5-3,Residente,True
99999E30594396,domestic,PDMM,False,1.5-3,Non Residente,True
99999E30594399,domestic,PDMM,False,1.5-3,Non Residente,True
99999E30594400,domestic,PDMM,False,1.5-3,Residente,True
99999E30594401,domestic,PDMM,False,0-1.5,Non Residente,True
99999E30594402,domestic,PDMM,False,0-1.5,Non Residente,True
99999E30594403,domestic,PDMM,False,0-1.5,Residente,True
99999E30594404,domestic,PDMM,False,1.5-3,Residente,True
99999E30594405,domestic,PDMM,False,1.5-3,Non Residente,True
99999E30594406,domestic,PDMM,False,1.5-3,Non Residente,True
99999E30594407,domestic,PDMM,False,0-1.5,Non Residente,True
99999E30594408,domestic,PDMM,False,1.5-3,Non Residente,True
99999E30594409,domestic,PDMM,False,1.5-3,Residente,True
99999E30594410,domestic,PDMM,False,1.5-3,Non Residente,True
99999E30594411,domestic,PDMM,False,3-4.5,Residente,True
99999E30594412,domestic,PDMM,False,0-1.5,Non Residente,True
99999E30594413,domestic,PDMM,False,1.5-3,Residente,True
99999E30594414,domestic,PDMM,False,3-4.5,Non Residente,True
99999E30594415,domestic,PDMM,False,1.5-3,Residente,True
99999E30594416,domestic,PDMM,False,1.5-3,Non Residente,True
99999E30594417,domestic,PDMM,False,1.5-3,Non Residente,True
99999E30594418,domestic,PDMM,False,1.5-3,Non Residente,True
99999E30594419,domestic,PDMM,False,1.5-3,Non Residente,True
99999E30594420,domestic,PDMM,False,1.5-3,Non Residente,True
99999E30594424,domestic,PDMM,False,4.5-6,Non Residente,True
99999E30594425,domestic,PDMM,False,1.5-3,Non Residente,True
99999E30594426,domestic,PDMM,False,1.5-3,Non Residente,True
99999E30594427,domestic,PDMM,False,1.5-3,Non Residente,True
99999E30594428,domestic,PDMM,False,1.5-3,Non Residente,True
99999E30594429,domestic,PDMM,False,1.5-3,Residente,True
99999E30594430,domestic,PDMM,False,1.5-3,Non Residente,True
99999E30594431,domestic,PDMM,False,1.5-3,Non Residente,True
99999E30594432,domestic,PDMM,False,1.5-3,Residente,True
99999E30594433,domestic,PDMM,False,1.5-3,Residente,True
99999E30594434,domestic,PDMM,False,1.5-3,Residente,True
99999E30594435,domestic,PDMM,False,3-4.5,Non Residente,True
99999E30594436,domestic,PDMM,False,1.5-3,Non Residente,True
99999E30594437,domestic,PDMM,False,1.5-3,Non Residente,True
99999E30594438,domestic,PDMM,False,1.5-3,Non Residente,True
99999E30594439,domestic,PDMM,False,0-1.5,Non Residente,True
99999E30594440,domestic,PDMM,False,1.5-3,Residente,True
99999E30594441,domestic,PDMM,False,0-1.5,Non Residente,True
99999E30594442,domestic,PDMM,False,1.5-3,Non Residente,True
99999E30594443,domestic,PDMM,False,1.5-3,Non Residente,True
99999E30594444,domestic,PDMM,False,1.5-3,Non Residente,True
99999E30594445,domestic,PDMM,False,1.5-3,Non Residente,True
99999E30594446,domestic,PDMM,False,1.5-3,Residente,True
99999E30594447,domestic,PDMM,False,1.5-3,Non Residente,True
99999E30594448,domestic,PDMM,False,1.5-3,Residente,True
99999E30594449,domestic,PDMM,False,1.5-3,Non Residente,True
99999E30594450,domestic,PDMM,False,1.5-3,Non Residente,True
99999E30594451,domestic,PDMM,False,1.5-3,Non Residente,True
99999E30594452,domestic,PDMM,False,1.5-3,Non Residente,True
99999E30594453,domestic,PDMM,False,1.5-3,Non Residente,True
99999E30594454,domestic,PDMM,False,1.5-3,Non Residente,True
99999E30594455,domestic,PDMM,False,1.5-3,Non Residente,True
99999E30594456,domestic,PDMM,False,1.5-3,Non Residente,True
99999E30594457,domestic,PDMM,False,1.5-3,Non Residente,True
99999E30594458,domestic,PDMM,False,1.5-3,Residente,True
99999E30594459,domestic,PDMM,False,1.5-3,Non Residente,True
99999E30594460,domestic,PDMM,False,4.5-6,Non Residente,True
99999E30594461,domestic,PDMM,False,1.5-3,Non Residente,True
99999E30594462,domestic,PDMM,False,0-1.5,Non Residente,True
99999E30594463,domestic,PDMM,False,1.5-3,Residente,True
99999E30594464,domestic,PDMM,False,1.5-3,Residente,True
99999E30594465,domestic,PDMM,False,1.5-3,Residente,True
99999E30594466,domestic,PDMM,False,1.5-3,Residente,True
99999E30594467,domestic,PDMM,False,1.5-3,Non Residente,True
99999E30594468,domestic,PDMM,False,1.5-3,Non Residente,True
99999E30594469,domestic,PDMM,False,1.5-3,Non Residente,True
99999E30594470,domestic,PDMM,False,1.5-3,Residente,True
99999E30594471,domestic,PDMM,False,1.5-3,Non Residente,True
99999E30594472,domestic,PDMM,False,1.5-3,Residente,True
99999E30594473,domestic,PDMM,False,1.5-3,Residente,True
99999E30594474,domestic,PDMM,False,1.5-3,Residente,True
99999E30594475,domestic,PDMM,False,1.5-3,Residente,True
99999E30594476,domestic,PDMM,False,1.5-3,Residente,True
99999E30594477,domestic,PDMM,False,1.5-3,Non Residente,True
99999E30594478,domestic,PDMM,False,1.5-3,Residente,True
99999E30594479,domestic,PDMM,False,1.5-3,Non Residente,True
99999E30594480,domestic,PDMM,False,1.5-3,Residente,True
99999E30594481,domestic,PDMM,False,4.5-6,Non Residente,True
99999E30594482,domestic,PDMM,False,1.5-3,Non Residente,True
99999E30594484,domestic,PDMM,False,1.5-3,Residente,True
99999E30594485,domestic,PDMM,False,1.5-3,Non Residente,True
99999E30594486,domestic,PDMM,False,1.5-3,Non Residente,True
99999E30594487,domestic,PDMM,False,1.5-3,Non Residente,True
99999E30594488,domestic,PDMM,False,1.5-3,Non Residente,True
99999E30594489,domestic,PDMM,False,1.5-3,Non Residente,True
99999E30594490,domestic,PDMM,False,1.5-3,Residente,True
99999E30594492,domestic,PDMM,False,1.5-3,Non Residente,True
99999E30594493,domestic,PDMM,False,3-4.5,Non Residente,True
99999E30594494,domestic,PDMM,False,1.5-3,Non Residente,True
99999E30594495,domestic,PDMM,False,1.5-3,Non Residente,True
99999E30594496,domestic,PDMM,False,1.5-3,Residente,True
99999E30594497,domestic,PDMM,False,1.5-3,Residente,True
99999E30594498,domestic,PDMM,False,1.5-3,Residente,True
99999E30594499,domestic,PDMM,False,1.5-3,Residente,True
99999E30594500,domestic,PDMM,False,1.5-3,Non Residente,True
99999E30594501,domestic,PDMM,False,1.5-3,Non Residente,True
99999E30594502,domestic,PDMM,False,1.5-3,Non Residente,True
99999E30594503,domestic,PDMM,False,1.5-3,Residente,True
99999E30594504,domestic,PDMM,False,3-4.5,Non Residente,True
99999E30594505,domestic,PDMM,False,1.5-3,Residente,True
99999E30594506,domestic,PDMM,False,1.5-3,Residente,True
99999E30594507,domestic,PDMM,False,1.5-3,Non Residente,True
99999E30594508,domestic,PDMM,False,1.5-3,Residente,True
99999E30594509,domestic,PDMM,False,1.5-3,Residente,True
99999E30594510,domestic,PDMM,False,1.5-3,Residente,True
99999E30594511,domestic,PDMM,False,1.5-3,Residente,True
99999E30594512,domestic,PDMM,False,1.5-3,Residente,True
99999E30594513,domestic,PDMM,False,1.5-3,Residente,True
99999E30594514,domestic,PDMM,False,1.5-3,Residente,True
99999E30594515,domestic,PDMM,False,1.5-3,Non Residente,True
99999E30594516,domestic,PDMM,False,1.5-3,Residente,True
99999E30594517,domestic,PDMM,False,1.5-3,Residente,True
99999E30594518,domestic,PDMM,False,1.5-3,Residente,True
99999E30594519,domestic,PDMM,False,1.5-3,Residente,True
99999E30594520,domestic,PDMM,False,3-4.5,Residente,True
99999E30594521,domestic,PDMM,False,3-4.5,Residente,True
99999E30594522,domestic,PDMM,False,1.5-3,Residente,True
99999E30594523,domestic,PDMM,False,1.5-3,Residente,True
99999E30594524,domestic,PDMM,False,1.5-3,Non Residente,True
99999E30594525,domestic,PDMM,False,1.5-3,Non Residente,True
99999E30594526,domestic,PDMM,False,1.5-3,Residente,True
99999E30594527,domestic,PDMM,False,1.5-3,Non Residente,True
99999E30594528,domestic,PDMM,False,1.5-3,Residente,True
99999E30594529,domestic,PDMM,False,1.5-3,Residente,True
99999E30594530,domestic,PDMM,False,1.5-3,Residente,True
99999E30594532,domestic,PDMM,False,1.5-3,Residente,True
99999E30601132,other,PAUM,False,,,False
99999E30601133,other,PAUM,False,,,False
99999E30601134,other,PAUM,False,,,False
99999E30601135,other,PAUM,False,,,False
99999E30601140,other,PAUM,False,,,False
99999E30601141,domestic,PDMM,False,3-4.5,Residente,True
99999E30601143,domestic,PDMM,False,1.5-3,Non Residente,True
99999E30601146,domestic,PDMM,False,1.5-3,Residente,True
99999E30601151,domestic,PDMM,False,1.5-3,Non Residente,True
99999E30601152,domestic,PDMM,False,1.5-3,Non Residente,True
99999E30601157,domestic,PDMM,False,1.5-3,Non Residente,True
99999E30601172,domestic,PDMM,False,1.5-3,Non Residente,True
99999E30601176,domestic,PDMM,False,1.5-3,Non Residente,True
99999E30601180,domestic,PDMM,False,1.5-3,Non Residente,True
99999E30601184,domestic,PDMM,False,4.5-6,Residente,True
99999E30601190,other,PAUM,False,,,False
99999E30601193,other,PAUM,False,,,False
99999E30601198,domestic,PDMM,False,1.5-3,Residente,True
99999E30601216,domestic,PDMM,False,4.5-6,Residente,True
99999E30601218,domestic,PDMM,False,1.5-3,Residente,True
99999E30601228,domestic,PDMM,False,1.5-3,Non Residente,True
99999E30601232,domestic,PDMM,False,1.5-3,Non Residente,True
99999E30601234,domestic,PDMM,False,1.5-3,Non Residente,True
99999E30601250,domestic,PDMM,False,1.5-3,Non Residente,True
99999E30601255,domestic,PDMM,False,>6,Residente,True
99999E30601263,other,PAUM,False,,,False
99999E30601264,other,PAUM,False,,,False
99999E30601272,other,PAUM,False,,,False
99999E30601284,other,PAUM,False,,,False
99999E30601296,domestic,PDMM,False,1.5-3,Non Residente,True
99999E30601319,domestic,PDMM,False,1.5-3,Residente,True
99999E30601321,domestic,PDMM,False,1.5-3,Non Residente,True
99999E30601337,other,PAUM,False,,,False
99999E30601373,domestic,PDMM,False,1.5-3,Non Residente,True
99999E30601376,other,PAUM,False,,,False
99999E30601392,other,PAUM,False,,,False
99999E30601397,domestic,PDMM,False,1.5-3,Non Residente,True
99999E30601398,other,PAUM,False,,,False
99999E30601403,domestic,PDMM,False,1.5-3,Residente,True
99999E30601410,other,PAUM,False,,,False
99999E30601430,domestic,PDMM,False,1.5-3,Non Residente,True
99999E30601450,other,PAUM,False,,,False
99999E30601462,other,PAUM,False,,,False
99999E30601464,domestic,PDMM,False,3-4.5,Non Residente,True
99999E30601468,domestic,PDMM,False,1.5-3,Non Residente,True
99999E30639941,other,PAUM,False,,,False
99999E30639942,domestic,PDMM,False,4.5-6,Non Residente,True
99999E30639956,other,PAUM,False,,,False
99999E30639958,other,PAUM,False,,,False
99999E30656656,domestic,PDMM,False,1.5-3,Non Residente,True
99999E30656667,domestic,PDMM,False,1.5-3,Non Residente,True
99999E30656686,domestic,PDMM,False,1.5-3,Non Residente,True
99999E30656702,domestic,PDMM,False,1.5-3,Non Residente,True
99999E30663055,domestic,PDMM,False,1.5-3,Non Residente,True
99999E30663058,domestic,PDMM,False,1.5-3,Non Residente,True
99999E30663059,domestic,PDMM,False,0-1.5,Non Residente,True
99999E30663062,domestic,PDMM,False,1.5-3,Residente,True
99999E30663063,domestic,PDMM,False,1.5-3,Residente,True
99999E30663064,domestic,PDMM,False,1.5-3,Residente,True
99999E30663065,domestic,PDMM,False,1.5-3,Residente,True
99999E30663121,domestic,PDMM,False,3-4.5,Residente,True
99999E30663126,domestic,PDMM,False,1.5-3,Non Residente,True
99999E30663127,domestic,PDMM,False,1.5-3,Non Residente,True
99999E30663138,domestic,PDMM,False,3-4.5,Non Residente,True
99999E30663149,domestic,PDMM,False,1.5-3,Non Residente,True
99999E30663185,domestic,PDMM,False,3-4.5,Residente,True
99999E30663204,domestic,PDMM,False,1.5-3,Residente,True
99999E30663217,domestic,PDMM,False,1.5-3,Non Residente,True
99999E30663225,domestic,PDMM,False,1.5-3,Residente,True
99999E30663227,domestic,PDMM,False,1.5-3,Non Residente,True
99999E30663229,domestic,PDMM,False,1.5-3,Non Residente,True
99999E30663238,domestic,PDMM,False,1.5-3,Residente,True
99999E30663276,domestic,PDMM,False,3-4.5,Non Residente,True
99999E30663294,domestic,PDMM,False,1.5-3,Residente,True
99999E30663296,domestic,PDMM,False,1.5-3,Residente,True
99999E30663328,domestic,PDMM,False,3-4.5,Non Residente,True
99999E30663337,domestic,PDMM,False,1.5-3,Residente,True
99999E30663356,domestic,PDMM,False,1.5-3,Non Residente,True
99999E30663359,domestic,PDMM,False,1.5-3,Residente,True
99999E30663365,domestic,PDMM,False,1.5-3,Non Residente,True
99999E30663371,domestic,PDMM,False,1.5-3,Residente,True
99999E30663376,domestic,PDMM,False,1.5-3,Non Residente,True
99999E30663382,domestic,PDMM,False,1.5-3,Non Residente,True
99999E30663387,domestic,PDMM,False,1.5-3,Residente,True
99999E30663388,domestic,PDMM,False,1.5-3,Non Residente,True
99999E30663424,domestic,PDMM,False,1.5-3,Residente,True
99999E30663462,domestic,PDMM,False,1.5-3,Residente,True
99999E30664710,domestic,PDMM,False,1.5-3,Non Residente,True
99999E30683630,domestic,PDMM,False,1.5-3,Non Residente,True
99999E30684619,domestic,PDMM,False,1.5-3,Non Residente,True
99999E30685496,domestic,PDMM,False,1.5-3,Non Residente,True
99999E30685810,domestic,PDMM,False,1.5-3,Non Residente,True
99999E30685840,domestic,PDMM,False,1.5-3,Non Residente,True
99999E30685902,domestic,PDMM,False,1.5-3,Non Residente,True
99999E30685903,domestic,PDMM,False,1.5-3,Residente,True
99999E30687517,domestic,PDMM,False,1.5-3,Non Residente,True
99999E30688135,domestic,PDMM,False,1.5-3,Non Residente,True
99999E30689151,domestic,PDMM,False,1.5-3,Non Residente,True
99999E30689449,domestic,PDMM,False,1.5-3,Non Residente,True
99999E30689631,domestic,PDMM,False,1.5-3,Non Residente,True
99999E30689635,domestic,PDMM,False,1.5-3,Non Residente,True
99999E30691221,domestic,PDMM,False,3-4.5,Residente,True
99999E30691487,domestic,PDMM,False,1.5-3,Non Residente,True
99999E30691544,domestic,PDMM,False,1.5-3,Non Residente,True
99999E30691545,domestic,PDMM,False,1.5-3,Non Residente,True
99999E30691548,domestic,PDMM,False,1.5-3,Non Residente,True
99999E30691549,domestic,PDMM,False,1.5-3,Non Residente,True
99999E30691550,other,PAUM,False,,,False
99999E30692655,domestic,PDMM,False,1.5-3,Residente,True
99999E30694263,domestic,PDMM,False,1.5-3,Residente,True
99999E30695663,domestic,PDMM,False,1.5-3,Non Residente,True
99999E30695665,domestic,PDMM,False,1.5-3,Non Residente,True
99999E30695668,domestic,PDMM,False,1.5-3,Non Residente,True
99999E30695836,domestic,PDMM,False,1.5-3,Residente,True
99999E30696587,domestic,PDMM,False,1.5-3,Non Residente,True
99999E30696766,domestic,PDMM,False,1.5-3,Non Residente,True
99999E30702102,domestic,PDMM,False,1.5-3,Residente,True
99999E30704497,domestic,PDMM,False,1.5-3,Residente,True
99999E30705993,domestic,PDMM,False,1.5-3,Non Residente,True
99999E30706007,domestic,PDMM,False,1.5-3,Non Residente,True
99999E30706010,domestic,PDMM,False,1.5-3,Non Residente,True
99999E30706327,domestic,PDMM,False,1.5-3,Non Residente,True
99999E30707582,domestic,PDMM,False,1.5-3,Non Residente,True
99999E30707780,domestic,PDMM,False,1.5-3,Non Residente,True
99999E30707923,domestic,PDMM,False,1.5-3,Non Residente,True
99999E30708004,domestic,PDMM,False,1.5-3,Non Residente,True
99999E30708456,domestic,PDMM,False,1.5-3,Non Residente,True
99999E30710511,domestic,PDMM,False,1.5-3,Residente,True
99999E30710857,domestic,PDMM,False,1.5-3,Non Residente,True
99999E30711352,domestic,PDMM,False,1.5-3,Non Residente,True
99999E30711374,domestic,PDMM,False,1.5-3,Non Residente,True
99999E30711379,domestic,PDMM,False,1.5-3,Non Residente,True
99999E30711457,domestic,PDMM,False,1.5-3,Non Residente,True
99999E30713278,domestic,PDMM,False,1.5-3,Non Residente,True
99999E30713594,domestic,PDMM,False,1.5-3,Non Residente,True
99999E30713690,domestic,PDMM,False,1.5-3,Non Residente,True
99999E30714576,domestic,PDMM,False,3-4.5,Residente,True
99999E30720688,domestic,PDMM,False,1.5-3,Non Residente,True
99999E30721527,domestic,PDMM,False,1.5-3,Non Residente,True
99999E30722932,domestic,PDMM,False,1.5-3,Non Residente,True
99999E30724000,domestic,PDMM,False,1.5-3,Non Residente,True
99999E30724570,domestic,PDMM,False,1.5-3,Residente,True
99999E30724571,domestic,PDMM,False,1.5-3,Residente,True
99999E30728139,domestic,PDMM,False,1.5-3,Residente,True
99999E30729979,domestic,PDMM,False,1.5-3,Residente,True
99999E30730275,domestic,PDMM,False,1.5-3,Non Residente,True
99999E30730712,domestic,PDMM,False,1.5-3,Non Residente,True
99999E30730775,domestic,PDMM,False,1.5-3,Non Residente,True
99999E30731228,domestic,PDMM,False,1.5-3,Residente,True
99999E30734218,domestic,PDMM,False,1.5-3,Non Residente,True
99999E30734223,domestic,PDMM,False,1.5-3,Non Residente,True
99999E30734226,domestic,PDMM,False,1.5-3,Non Residente,True
99999E30734227,domestic,PDMM,False,1.5-3,Non Residente,True
99999E30740305,domestic,PDMM,False,1.5-3,Non Residente,True
99999E30740306,domestic,PDMM,False,1.5-3,Non Residente,True
99999E30740981,domestic,PDMM,False,1.5-3,Residente,True
99999E30747669,domestic,PDMM,False,1.5-3,Non Residente,True
99999E30747869,domestic,PDMM,False,1.5-3,Residente,True
99999E30748447,domestic,PDMM,False,1.5-3,Residente,True
99999E30748526,domestic,PDMM,False,4.5-6,Non Residente,True
99999E30748532,domestic,PDMM,False,1.5-3,Non Residente,True
99999E30748590,domestic,PDMM,False,1.5-3,Non Residente,True
99999E30752864,domestic,PDMM,False,1.5-3,Residente,True
99999E30752867,domestic,PDMM,False,1.5-3,Non Residente,True
99999E30752868,domestic,PDMM,False,3-4.5,Non Residente,True
99999E30752917,domestic,PDMM,False,1.5-3,Residente,True
99999E30753876,domestic,PDMM,False,1.5-3,Residente,True
99999E30754156,domestic,PDMM,False,1.5-3,Non Residente,True
99999E30755146,domestic,PDMM,False,1.5-3,Non Residente,True
99999E30755294,domestic,PDMM,False,1.5-3,Non Residente,True
99999E30755333,domestic,PDMM,False,4.5-6,Non Residente,True
99999E30756123,domestic,PDMM,False,4.5-6,Residente,True
99999E30757290,domestic,PDMM,False,1.5-3,Residente,True
99999E30757415,domestic,PDMM,False,1.5-3,Non Residente,True
99999E30759218,domestic,PDMM,False,1.5-3,Non Residente,True
99999E30760437,domestic,PDMM,False,1.5-3,Residente,True
99999E30763404,domestic,PDMM,False,1.5-3,Non Residente,True
99999E30763971,domestic,PDMM,False,1.5-3,Non Residente,True
99999E30769765,domestic,PDMM,False,1.5-3,Non Residente,True
99999E30790130,domestic,PDMM,False,1.5-3,Non Residente,True
99999E30791377,domestic,PDMM,False,1.5-3,Non Residente,True
99999E30791738,domestic,PDMM,False,1.5-3,Non Residente,True
99999E30795220,domestic,PDMM,False,3-4.5,Non Residente,True
99999E30795221,domestic,PDMM,False,3-4.5,Non Residente,True
99999E30798243,domestic,PDMM,False,1.5-3,Non Residente,True
99999E30798244,domestic,PDMM,False,1.5-3,Non Residente,True
99999E30798245,domestic,PDMM,False,1.5-3,Non Residente,True
99999E30798246,domestic,PDMM,False,1.5-3,Residente,True
99999E30798249,domestic,PDMM,False,1.5-3,Residente,True
99999E30798252,domestic,PDMM,False,1.5-3,Non Residente,True
99999E30798253,domestic,PDMM,False,1.5-3,Residente,True
99999E30798254,domestic,PDMM,False,1.5-3,Residente,True
99999E30799316,domestic,PDMM,False,1.5-3,Non Residente,True
99999E30800823,domestic,PDMM,False,1.5-3,Residente,True
99999E30800832,other,PAUM,False,,,False
99999E30803267,domestic,PDMM,False,1.5-3,Residente,True
99999E30803268,domestic,PDMM,False,3-4.5,Non Residente,True
99999E30803271,domestic,PDMM,False,1.5-3,Residente,True
99999E30803444,domestic,PDMM,False,1.5-3,Non Residente,True
99999E30804297,domestic,PDMM,False,1.5-3,Non Residente,True
99999E30809668,domestic,PDMM,False,1.5-3,Non Residente,True
99999E30809929,domestic,PDMM,False,1.5-3,Residente,True
99999E30811431,domestic,PDMM,False,1.5-3,Non Residente,True
99999E30820934,domestic,PDMM,False,4.5-6,Non Residente,True
99999E30821256,domestic,PDMM,False,1.5-3,Non Residente,True
99999E30821726,domestic,PDMM,False,1.5-3,Residente,True
99999E30827443,other,PAUM,False,,,False
99999E30827449,domestic,PDMM,False,1.5-3,Non Residente,True
99999E30827611,domestic,PDMM,False,1.5-3,Non Residente,True
99999E30827612,domestic,PDMM,False,4.5-6,Non Residente,True
99999E30827614,domestic,PDMM,False,3-4.5,Residente,True
99999E30827619,domestic,PDMM,False,1.5-3,Non Residente,True
99999E30827768,domestic,PDMM,False,1.5-3,Non Residente,True
99999E30827769,domestic,PDMM,False,1.5-3,Non Residente,True
99999E30828530,domestic,PDMM,False,1.5-3,Residente,True
99999E30830345,domestic,PDMM,False,1.5-3,Non Residente,True
99999E30831149,domestic,PDMM,False,1.5-3,Non Residente,True
99999E30832033,other,PAUM,False,,,False
99999E30832298,domestic,PDMM,False,1.5-3,Non Residente,True
99999E30832432,domestic,PDMM,False,1.5-3,Non Residente,True
99999E30832929,other,PAUM,False,,,False
99999E30832985,domestic,PDMM,False,1.5-3,Residente,True
99999E30833610,domestic,PDMM,False,3-4.5,Residente,True
99999E30834731,domestic,PDMM,False,1.5-3,Non Residente,True
99999E30835265,domestic,PDMM,False,1.5-3,Non Residente,True
99999E30835269,domestic,PDMM,False,1.5-3,Residente,True
99999E30836446,domestic,PDMM,False,1.5-3,Non Residente,True
99999E30837078,domestic,PDMM,False,1.5-3,Non Residente,True
99999E30838101,domestic,PDMM,False,1.5-3,Non Residente,True
99999E30838208,domestic,PDMM,False,3-4.5,Non Residente,True
99999E30839266,domestic,PDMM,False,4.5-6,Non Residente,True
99999E30884771,domestic,PDMM,False,1.5-3,Residente,True
99999E30887709,domestic,PDMM,False,1.5-3,Non Residente,True
99999E30891248,domestic,PDMM,False,1.5-3,Non Residente,True
99999E30904265,domestic,PDMM,False,3-4.5,Residente,True
99999E30907953,domestic,PDMM,False,1.5-3,Non Residente,True
99999E30908018,domestic,PDMM,False,1.5-3,Non Residente,True
99999E30910464,domestic,PDMM,False,1.5-3,Residente,True
99999E30914250,domestic,PDMM,False,1.5-3,Non Residente,True
99999E30917120,domestic,PDMM,False,1.5-3,Non Residente,True
99999E30918930,domestic,PDMM,False,1.5-3,Non Residente,True
99999E30919076,domestic,PDMM,False,1.5-3,Non Residente,True
99999E30924862,domestic,PDMM,False,1.5-3,Non Residente,True
99999E30925507,domestic,PDMM,False,1.5-3,Non Residente,True
99999E30926937,domestic,PDMM,False,1.5-3,Residente,True
99999E30927020,domestic,PDMM,False,1.5-3,Residente,True
99999E30927186,domestic,PDMM,False,1.5-3,Non Residente,True
99999E30930541,domestic,PDMM,False,1.5-3,Non Residente,True
99999E30932148,domestic,PDMM,False,1.5-3,Non Residente,True
99999E30933483,domestic,PDMM,False,1.5-3,Residente,True
99999E30938369,other,PAUM,False,,,False
99999E30938371,domestic,PDMM,False,1.5-3,Non Residente,True
99999E30938372,domestic,PDMM,False,3-4.5,Non Residente,True
99999E30938373,domestic,PDMM,False,3-4.5,Non Residente,True
99999E30938374,domestic,PDMM,False,1.5-3,Residente,True
99999E30938380,domestic,PDMM,False,1.5-3,Non Residente,True
99999E30938381,domestic,PDMM,False,1.5-3,Non Residente,True
99999E30938382,domestic,PDMM,False,1.5-3,Non Residente,True
99999E30938383,domestic,PDMM,False,1.5-3,Non Residente,True
99999E31000271,domestic,PDMM,False,1.5-3,Non Residente,True
99999E31000314,domestic,PDMM,False,1.5-3,Residente,True
99999E31000625,domestic,PDMM,False,1.5-3,Residente,True
99999E31000883,domestic,PDMM,False,1.5-3,Non Residente,True
99999E31001182,domestic,PDMM,False,1.5-3,Residente,True
99999E31001791,domestic,PDMM,False,1.5-3,Residente,True
99999E31003134,domestic,PDMM,False,3-4.5,Residente,True
99999E31003206,domestic,PDMM,False,1.5-3,Non Residente,True
99999E31003333,domestic,PDMM,False,1.5-3,Non Residente,True
99999E31004899,domestic,PDMM,False,1.5-3,Non Residente,True
99999E31005073,domestic,PDMM,False,1.5-3,Non Residente,True
99999E31005684,domestic,PDMM,False,1.5-3,Residente,True
99999E31006031,domestic,PDMM,False,3-4.5,Non Residente,True
99999E31006997,domestic,PDMM,False,1.5-3,Non Residente,True
99999E31007960,domestic,PDMM,False,3-4.5,Residente,True
99999E31008172,domestic,PDMM,False,3-4.5,Non Residente,True
99999E31008320,domestic,PDMM,False,1.5-3,Non Residente,True
99999E31008697,domestic,PDMM,False,1.5-3,Non Residente,True
99999E31008706,domestic,PDMM,False,4.5-6,Non Residente,True
99999E31008710,domestic,PDMM,False,1.5-3,Non Residente,True
99999E31009418,domestic,PDMM,False,1.5-3,Residente,True
99999E31009493,domestic,PDMM,False,1.5-3,Residente,True
99999E31010435,other,PAUM,False,,,False
99999E31010815,domestic,PDMM,False,4.5-6,Non Residente,True
99999E31011774,domestic,PDMM,False,1.5-3,Non Residente,True
99999E31011884,domestic,PDMM,False,1.5-3,Non Residente,True
99999E31011917,domestic,PDMM,False,1.5-3,Non Residente,True
99999E31012096,domestic,PDMM,False,1.5-3,Residente,True
99999E31012470,domestic,PDMM,False,3-4.5,Non Residente,True
99999E31012909,domestic,PDMM,False,3-4.5,Non Residente,True
99999E31013125,domestic,PDMM,False,1.5-3,Non Residente,True
99999E31013532,domestic,PDMM,False,1.5-3,Non Residente,True
99999E31013534,domestic,PDMM,False,3-4.5,Residente,True
99999E31013541,domestic,PDMM,False,4.5-6,Non Residente,True
99999E31013545,domestic,PDMM,False,1.5-3,Non Residente,True
99999E31014037,domestic,PDMM,False,1.5-3,Non Residente,True
99999E31014038,domestic,PDMM,False,1.5-3,Residente,True
99999E31014488,domestic,PDMM,False,1.5-3,Residente,True
99999E31014832,domestic,PDMM,False,1.5-3,Residente,True
99999E31014887,domestic,PDMM,False,1.5-3,Non Residente,True
99999E31014964,domestic,PDMM,False,1.5-3,Non Residente,True
99999E31014982,domestic,PDMM,False,1.5-3,Non Residente,True
99999E31021421,domestic,PDMM,False,1.5-3,Non Residente,True
99999E31023047,domestic,PDMM,False,1.5-3,Non Residente,True
99999E31023451,domestic,PDMM,False,3-4.5,Residente,True
99999E31023495,domestic,PDMM,False,1.5-3,Non Residente,True
99999E31023496,domestic,PDMM,False,1.5-3,Residente,True
99999E31023557,domestic,PDMM,False,1.5-3,Residente,True
99999E31023709,other,PAUM,False,,,False
99999E31023793,domestic,PDMM,False,1.5-3,Residente,True
99999E31024183,domestic,PDMM,False,1.5-3,Non Residente,True
99999E31024186,domestic,PDMM,False,1.5-3,Non Residente,True
99999E31025661,domestic,PDMM,False,1.5-3,Residente,True
99999E31025790,domestic,PDMM,False,3-4.5,Residente,True
99999E31027580,domestic,PDMM,False,1.5-3,Residente,True
99999E31028212,domestic,PDMM,False,1.5-3,Non Residente,True
99999E31028218,domestic,PDMM,False,1.5-3,Non Residente,True
99999E31028219,domestic,PDMM,False,4.5-6,Non Residente,True
99999E31028220,domestic,PDMM,False,1.5-3,Residente,True
99999E31028221,domestic,PDMM,False,1.5-3,Non Residente,True
99999E31028222,domestic,PDMM,False,3-4.5,Non Residente,True
99999E31028223,domestic,PDMM,False,1.5-3,Non Residente,True
99999E31028436,domestic,PDMM,False,1.5-3,Residente,True
99999E31028517,domestic,PDMM,False,1.5-3,Non Residente,True
99999E31028700,domestic,PDMM,False,1.5-3,Non Residente,True
99999E31029000,domestic,PDMM,False,3-4.5,Residente,True
99999E31029189,domestic,PDMM,False,1.5-3,Residente,True
99999E31029198,domestic,PDMM,False,1.5-3,Residente,True
99999E31029382,domestic,PDMM,False,1.5-3,Residente,True
99999E31029436,domestic,PDMM,False,1.5-3,Non Residente,True
99999E31029449,other,PAUM,False,,,False
99999E31029489,domestic,PDMM,False,3-4.5,Residente,True
99999E31029820,domestic,PDMM,False,4.5-6,Non Residente,True
99999E31030383,domestic,PDMM,False,1.5-3,Residente,True
99999E31030833,domestic,PDMM,False,4.5-6,Residente,True
99999E40000010,domestic,PDMM,False,1.5-3,Residente,True
99999E40000011,domestic,PDMM,False,3-4.5,Residente,True
99999E40000015,domestic,PDMM,False,1.5-3,Non Residente,True
99999E40000019,domestic,PDMM,False,1.5-3,Non Residente,True
99999E40000025,domestic,PDMM,False,1.5-3,Non Residente,True
99999E40000026,domestic,PDMM,False,1.5-3,Residente,True
99999E40000028,domestic,PDMM,False,1.5-3,Non Residente,True
99999E40000066,domestic,PDMM,False,1.5-3,Non Residente,True
99999E40000068,domestic,PDMM,False,3-4.5,Non Residente,True
99999E40000084,domestic,PDMM,False,3-4.5,Residente,True
99999E40000085,domestic,PDMM,False,4.5-6,Non Residente,True
99999E40000087,domestic,PDMM,False,1.5-3,Residente,True
99999E40000089,domestic,PDMM,False,3-4.5,Non Residente,True
99999E40000090,domestic,PDMM,False,1.5-3,Residente,True
99999E40000096,domestic,PDMM,False,3-4.5,Non Residente,True
99999E40000103,domestic,PDMM,False,1.5-3,Non Residente,True
99999E40000104,domestic,PDMM,False,4.5-6,Non Residente,True
99999E40000106,domestic,PDMM,False,1.5-3,Non Residente,True
99999E40000107,domestic,PDMM,False,1.5-3,Non Residente,True
99999E40000112,domestic,PDMM,False,1.5-3,Residente,True
99999E40000122,domestic,PDMM,False,3-4.5,Residente,True
99999E40000123,domestic,PDMM,False,3-4.5,Residente,True
99999E40000124,domestic,PDMM,False,3-4.5,Residente,True
99999E40000125,other,PAUM,False,,,False
99999E40000130,domestic,PDMM,False,3-4.5,Non Residente,True
99999E40000150,domestic,PDMM,False,1.5-3,Residente,True
99999E40000151,domestic,PDMM,False,1.5-3,Non Residente,True
99999E40000152,domestic,PDMM,False,3-4.5,Non Residente,True
99999E40000153,domestic,PDMM,False,1.5-3,Non Residente,True
99999E40000156,domestic,PDMM,False,3-4.5,Non Residente,True
99999E40000158,domestic,PDMM,False,3-4.5,Non Residente,True
99999E40000161,domestic,PDMM,False,1.5-3,Residente,True
99999E40000165,domestic,PDMM,False,3-4.5,Non Residente,True
99999E40000172,domestic,PDMM,False,1.5-3,Residente,True
99999E40000174,domestic,PDMM,False,1.5-3,Non Residente,True
99999E40000178,domestic,PDMM,False,1.5-3,Non Residente,True
99999E40000181,domestic,PDMM,False,1.5-3,Non Residente,True
99999E40000186,domestic,PDMM,False,1.5-3,Non Residente,True
99999E40000187,domestic,PDMM,False,1.5-3,Non Residente,True
99999E40000188,domestic,PDMM,False,1.5-3,Non Residente,True
99999E40000191,domestic,PDMM,False,1.5-3,Non Residente,True
99999E40000192,domestic,PDMM,False,1.5-3,Non Residente,True
99999E40000193,domestic,PDMM,False,1.5-3,Non Residente,True
99999E40000199,domestic,PDMM,False,3-4.5,Non Residente,True
99999E40000206,domestic,PDMM,False,1.5-3,Non Residente,True
99999E40000208,domestic,PDMM,False,3-4.5,Non Residente,True
99999E40000211,domestic,PDMM,False,4.5-6,Residente,True
99999E40000216,domestic,PDMM,False,4.5-6,Non Residente,True
99999E40000254,domestic,PDMM,False,1.5-3,Non Residente,True
99999E40000260,domestic,PDMM,False,1.5-3,Non Residente,True
99999E40000269,domestic,PDMM,False,1.5-3,Residente,True
99999E40000271,domestic,PDMM,False,1.5-3,Non Residente,True
99999E40000273,domestic,PDMM,False,3-4.5,Residente,True
99999E40000279,domestic,PDMM,False,4.5-6,Non Residente,True
99999E40000282,domestic,PDMM,False,1.5-3,Non Residente,True
99999E40000283,domestic,PDMM,False,1.5-3,Non Residente,True
99999E40000287,domestic,PDMM,False,1.5-3,Non Residente,True
99999E40000288,domestic,PDMM,False,3-4.5,Non Residente,True
99999E40000292,domestic,PDMM,False,3-4.5,Residente,True
99999E40000295,domestic,PDMM,False,3-4.5,Non Residente,True
99999E40000298,domestic,PDMM,False,>6,Non Residente,True
99999E40000300,other,PAUM,False,,,False
99999E40000315,domestic,PDMM,False,3-4.5,Residente,True
99999E40000316,domestic,PDMM,False,1.5-3,Non Residente,True
99999E40000317,domestic,PDMM,False,3-4.5,Residente,True
99999E40000318,domestic,PDMM,False,1.5-3,Residente,True
99999E40000319,domestic,PDMM,False,1.5-3,Non Residente,True
99999E40000320,domestic,PDMM,False,1.5-3,Residente,True
99999E40000321,domestic,PDMM,False,1.5-3,Non Residente,True
99999E40000323,domestic,PDMM,False,3-4.5,Residente,True
99999E40000324,domestic,PDMM,False,1.5-3,Non Residente,True
99999E40000325,domestic,PDMM,False,1.5-3,Residente,True
99999E40000326,domestic,PDMM,False,>6,Residente,True
99999E40000338,domestic,PDMM,False,1.5-3,Non Residente,True
99999E40000361,domestic,PDMM,False,1.5-3,Non Residente,True
99999E40000365,domestic,PDMM,False,1.5-3,Non Residente,True
99999E40000366,domestic,PDMM,False,1.5-3,Non Residente,True
99999E40000367,domestic,PDMM,False,1.5-3,Non Residente,True
99999E40000368,domestic,PDMM,False,1.5-3,Non Residente,True
99999E40000371,domestic,PDMM,False,4.5-6,Residente,True
99999E40000383,other,PAUM,False,,,False
99999E40000387,domestic,PDMM,False,3-4.5,Residente,True
99999E40000393,domestic,PDMM,False,3-4.5,Residente,True
99999E40000401,domestic,PDMM,False,3-4.5,Residente,True
99999E40000405,domestic,PDMM,False,1.5-3,Non Residente,True
99999E40000407,domestic,PDMM,False,3-4.5,Non Residente,True
99999E40000412,domestic,PDMM,False,1.5-3,Non Residente,True
99999E40000416,domestic,PDMM,False,1.5-3,Residente,True
99999E40000422,domestic,PDMM,False,1.5-3,Non Residente,True
99999E40000428,domestic,PDMM,False,1.5-3,Non Residente,True
99999E40000429,domestic,PDMM,False,1.5-3,Residente,True
99999E40000435,domestic,PDMM,False,1.5-3,Non Residente,True
99999E40000437,domestic,PDMM,False,3-4.5,Non Residente,True
99999E40000439,domestic,PDMM,False,1.5-3,Residente,True
99999E40000440,domestic,PDMM,False,1.5-3,Non Residente,True
99999E40000443,other,PAUM,False,,,False
99999E40000444,domestic,PDMM,False,4.5-6,Residente,True
99999E40000446,domestic,PDMM,False,1.5-3,Non Residente,True
99999E40000447,domestic,PDMM,False,0-1.5,Non Residente,True
99999E40000454,domestic,PDMM,False,1.5-3,Residente,True
99999E40000456,domestic,PDMM,False,3-4.5,Non Residente,True
99999E40000473,domestic,PDMM,False,3-4.5,Residente,True
99999E40000489,domestic,PDMM,False,3-4.5,Residente,True
99999E40000491,domestic,PDMM,False,1.5-3,Non Residente,True
99999E40000493,domestic,PDMM,False,1.5-3,Non Residente,True
99999E40000494,other,PAUM,False,,,False
99999E40000498,domestic,PDMM,False,1.5-3,Non Residente,True
99999E40000503,domestic,PDMM,False,1.5-3,Residente,True
99999E40000504,domestic,PDMM,False,3-4.5,Non Residente,True
99999E40000505,domestic,PDMM,False,4.5-6,Residente,True
99999E40000512,domestic,PDMM,False,1.5-3,Non Residente,True
99999E40000518,domestic,PDMM,False,>6,Residente,True
99999E40000524,other,PAUM,False,,,False
99999E40000525,domestic,PDMM,False,1.5-3,Residente,True
99999E40000526,other,PAUM,False,,,False
99999E40000527,domestic,PDMM,False,1.5-3,Residente,True
99999E40000531,domestic,PDMM,False,3-4.5,Residente,True
99999E40000537,domestic,PDMM,False,1.5-3,Residente,True
99999E40000538,domestic,PDMM,False,3-4.5,Residente,True
99999E40000539,domestic,PDMM,False,3-4.5,Residente,True
99999E40000540,domestic,PDMM,False,1.5-3,Residente,True
99999E40000543,domestic,PDMM,False,1.5-3,Non Residente,True
99999E40000544,domestic,PDMM,False,1.5-3,Non Residente,True
99999E40000551,domestic,PDMM,False,3-4.5,Non Residente,True
99999E40000553,domestic,PDMM,False,1.5-3,Non Residente,True
99999E40000557,domestic,PDMM,False,1.5-3,Non Residente,True
99999E40000559,domestic,PDMM,False,1.5-3,Residente,True
99999E40000561,domestic,PDMM,False,1.5-3,Non Residente,True
99999E40000563,domestic,PDMM,False,4.5-6,Residente,True
99999E40000564,domestic,PDMM,False,>6,Residente,True
99999E40000568,domestic,PDMM,False,3-4.5,Non Residente,True
99999E40000573,domestic,PDMM,False,3-4.5,Residente,True
99999E40000574,domestic,PDMM,False,4.5-6,Residente,True
99999E40000575,domestic,PDMM,False,1.5-3,Residente,True
99999E40000576,domestic,PDMM,False,1.5-3,Non Residente,True
99999E40000582,domestic,PDMM,False,1.5-3,Residente,True
99999E40000584,domestic,PDMM,False,1.5-3,Non Residente,True
99999E40000588,domestic,PDMM,False,4.5-6,Non Residente,True
99999E40000592,domestic,PDMM,False,4.5-6,Non Residente,True
99999E40000614,domestic,PDMM,False,1.5-3,Non Residente,True
99999E40000621,domestic,PDMM,False,3-4.5,Residente,True
99999E40000628,domestic,PDMM,False,3-4.5,Non Residente,True
99999E40000630,domestic,PDMM,False,1.5-3,Non Residente,True
99999E40000633,domestic,PDMM,False,3-4.5,Residente,True
99999E40000636,domestic,PDMM,False,1.5-3,Non Residente,True
99999E40000639,domestic,PDMM,False,3-4.5,Non Residente,True
99999E40000643,domestic,PDMM,False,1.5-3,Non Residente,True
99999E40000646,domestic,PDMM,False,1.5-3,Residente,True
99999E40000660,domestic,PDMM,False,1.5-3,Non Residente,True
99999E40000661,domestic,PDMM,False,1.5-3,Residente,True
99999E40000666,domestic,PDMM,False,1.5-3,Residente,True
99999E40000667,domestic,PDMM,False,1.5-3,Residente,True
99999E40000681,domestic,PDMM,False,1.5-3,Residente,True
99999E40000683,other,PAUM,False,,,False
99999E40000684,domestic,PDMM,False,1.5-3,Residente,True
99999E40000685,domestic,PDMM,False,1.5-3,Non Residente,True
99999E40000686,domestic,PDMM,False,1.5-3,Non Residente,True
99999E40000688,domestic,PDMM,False,1.5-3,Residente,True
99999E40000690,domestic,PDMM,False,1.5-3,Non Residente,True
99999E40000692,domestic,PDMM,False,3-4.5,Residente,True
99999E40000699,domestic,PDMM,False,1.5-3,Non Residente,True
99999E40000715,domestic,PDMM,False,3-4.5,Residente,True
99999E40000718,domestic,PDMM,False,>6,Residente,True
99999E40000722,domestic,PDMM,False,1.5-3,Non Residente,True
99999E40000723,domestic,PDMM,False,1.5-3,Non Residente,True
99999E40000724,domestic,PDMM,False,1.5-3,Non Residente,True
99999E40000728,domestic,PDMM,False,1.5-3,Non Residente,True
99999E40000733,domestic,PDMM,False,1.5-3,Non Residente,True
99999E40000734,domestic,PDMM,False,1.5-3,Non Residente,True
99999E40000735,domestic,PDMM,False,>6,Non Residente,True
99999E40000744,domestic,PDMM,False,3-4.5,Non Residente,True
99999E40000745,domestic,PDMM,False,3-4.5,Non Residente,True
99999E40000746,domestic,PDMM,False,3-4.5,Non Residente,True
99999E40000747,domestic,PDMM,False,3-4.5,Non Residente,True
99999E40000748,other,PAUM,False,,,False
99999E40000751,domestic,PDMM,False,1.5-3,Non Residente,True
99999E40000754,domestic,PDMM,False,4.5-6,Non Residente,True
99999E40000768,domestic,PDMM,False,1.5-3,Non Residente,True
99999E40000770,domestic,PDMM,False,3-4.5,Non Residente,True
99999E40000771,domestic,PDMM,False,1.5-3,Non Residente,True
99999E40000776,domestic,PDMM,False,4.5-6,Non Residente,True
99999E40000791,domestic,PDMM,False,1.5-3,Residente,True
99999E40000792,domestic,PDMM,False,3-4.5,Residente,True
99999E40000795,domestic,PDMM,False,1.5-3,Non Residente,True
99999E40000797,domestic,PDMM,False,1.5-3,Residente,True
99999E40000799,domestic,PDMM,False,1.5-3,Residente,True
99999E40000804,domestic,PDMM,False,3-4.5,Non Residente,True
99999E40000806,domestic,PDMM,False,4.5-6,Residente,True
99999E40000812,domestic,PDMM,False,1.5-3,Non Residente,True
99999E40000814,domestic,PDMM,False,1.5-3,Non Residente,True
99999E40000815,domestic,PDMM,False,3-4.5,Non Residente,True
99999E40000816,domestic,PDMM,False,4.5-6,Non Residente,True
99999E40000818,domestic,PDMM,False,4.5-6,Residente,True
99999E40000825,domestic,PDMM,False,3-4.5,Non Residente,True
99999E40000830,domestic,PDMM,False,1.5-3,Non Residente,True
99999E40000831,domestic,PDMM,False,1.5-3,Non Residente,True
99999E40000862,domestic,PDMM,False,1.5-3,Residente,True
99999E40000863,domestic,PDMM,False,1.5-3,Non Residente,True
99999E40000866,domestic,PDMM,False,1.5-3,Non Residente,True
99999E40000867,other,PAUM,False,,,False
99999E40000878,domestic,PDMM,False,1.5-3,Non Residente,True
99999E40000883,domestic,PDMM,False,1.5-3,Non Residente,True
99999E40000886,domestic,PDMM,False,3-4.5,Non Residente,True
99999E40000887,domestic,PDMM,False,1.5-3,Non Residente,True
99999E40000893,domestic,PDMM,False,3-4.5,Non Residente,True
99999E40000897,domestic,PDMM,False,1.5-3,Non Residente,True
99999E40000912,domestic,PDMM,False,1.5-3,Non Residente,True
99999E40000921,domestic,PDMM,False,1.5-3,Non Residente,True
99999E40000924,domestic,PDMM,False,1.5-3,Residente,True
99999E40000928,domestic,PDMM,False,1.5-3,Residente,True
99999E40000933,domestic,PDMM,False,>6,Non Residente,True
99999E40000936,domestic,PDMM,False,1.5-3,Non Residente,True
99999E40000946,domestic,PDMM,False,1.5-3,Residente,True
99999E40000948,domestic,PDMM,False,1.5-3,Non Residente,True
99999E40000960,domestic,PDMM,False,1.5-3,Residente,True
99999E40000961,domestic,PDMM,False,1.5-3,Non Residente,True
99999E40000962,domestic,PDMM,False,1.5-3,Residente,True
99999E40000963,domestic,PDMM,False,1.5-3,Non Residente,True
99999E40000966,domestic,PDMM,False,3-4.5,Non Residente,True
99999E40000968,domestic,PDMM,False,4.5-6,Non Residente,True
99999E40000970,domestic,PDMM,False,3-4.5,Non Residente,True
99999E40000973,domestic,PDMM,False,3-4.5,Residente,True
99999E40000976,domestic,PDMM,False,1.5-3,Non Residente,True
99999E40000978,domestic,PDMM,False,1.5-3,Non Residente,True
99999E40000987,domestic,PDMM,False,3-4.5,Non Residente,True
99999E40000988,domestic,PDMM,False,3-4.5,Non Residente,True
99999E40000990,domestic,PDMM,False,1.5-3,Non Residente,True
99999E40000992,domestic,PDMM,False,1.5-3,Residente,True
99999E40000993,domestic,PDMM,False,3-4.5,Non Residente,True
99999E40001001,domestic,PDMM,False,3-4.5,Non Residente,True
99999E40001002,domestic,PDMM,False,4.5-6,Residente,True
99999E40001003,domestic,PDMM,False,1.5-3,Non Residente,True
99999E40001004,domestic,PDMM,False,1.5-3,Non Residente,True
99999E40001005,domestic,PDMM,False,1.5-3,Non Residente,True
99999E40001028,domestic,PDMM,False,3-4.5,Non Residente,True
99999E40001029,domestic,PDMM,False,3-4.5,Residente,True
99999E40001030,domestic,PDMM,False,1.5-3,Non Residente,True
99999E40001036,domestic,PDMM,False,3-4.5,Non Residente,True
99999E40001037,domestic,PDMM,False,3-4.5,Non Residente,True
99999E40001038,domestic,PDMM,False,3-4.5,Non Residente,True
99999E40001039,domestic,PDMM,False,3-4.5,Non Residente,True
99999E40001040,other,PAUM,False,,,False
99999E40001041,domestic,PDMM,False,3-4.5,Non Residente,True
99999E40001043,domestic,PDMM,False,4.5-6,Non Residente,True
99999E40001046,other,PAUM,False,,,False
99999E40001047,domestic,PDMM,False,4.5-6,Non Residente,True
99999E40001048,domestic,PDMM,False,4.5-6,Non Residente,True
99999E40001049,domestic,PDMM,False,4.5-6,Non Residente,True
99999E40001050,domestic,PDMM,False,4.5-6,Non Residente,True
99999E40001051,domestic,PDMM,False,4.5-6,Non Residente,True
99999E40001052,domestic,PDMM,False,4.5-6,Non Residente,True
99999E40001053,domestic,PDMM,False,4.5-6,Residente,True
99999E40001054,domestic,PDMM,False,4.5-6,Non Residente,True
99999E40001063,domestic,PDMM,False,3-4.5,Residente,True
99999E40001074,domestic,PDMM,False,3-4.5,Non Residente,True
99999E40001076,domestic,PDMM,False,1.5-3,Non Residente,True
99999E40001083,domestic,PDMM,False,3-4.5,Non Residente,True
99999E40001090,domestic,PDMM,False,4.5-6,Non Residente,True
99999E40001091,domestic,PDMM,False,3-4.5,Residente,True
99999E40001094,domestic,PDMM,False,1.5-3,Residente,True
99999E40001099,domestic,PDMM,False,3-4.5,Residente,True
99999E40001100,domestic,PDMM,False,1.5-3,Non Residente,True
99999E40001108,domestic,PDMM,False,1.5-3,Non Residente,True
99999E40001121,domestic,PDMM,False,3-4.5,Non Residente,True
99999E40001123,domestic,PDMM,False,3-4.5,Residente,True
99999E40001124,domestic,PDMM,False,3-4.5,Non Residente,True
99999E40001126,domestic,PDMM,False,1.5-3,Non Residente,True
