pod,group,below_n_min,ateco_l1,ateco_l2,prosumer,f_1,f_2,f_3,f_4,f_5,f_6,f_7,f_8,f_9,f_10,f_11,f_12,f_13,f_14,f_15,f_16,f_17,f_18
99999E00000053,4,False,25,25.11,False,0.0,0.0,0.0,0.0,0.0,0.04765028,0.0050255433,0.00013987691,0.0,0.008456107,0.0,0.0028863335,0.0,0.00018809384,0.8709194,0.027965354,0.03348309,0.0032859137
99999E00003519,6,False,DO,DO.01,False,0.0,0.001809703,0.043462258,0.0962709,0.09923349,0.08583213,0.1164369,0.02244873,0.006035224,0.16198312,0.068398826,0.002586936,0.033578895,0.07860023,0.0056791604,0.11931306,0.02823736,0.030093154
99999E00003633,6,False,DO,DO.01,False,0.0,0.0,0.36355436,0.1633347,0.13719697,0.039946403,0.022257281,0.007323229,0.0,0.010430496,0.004720295,0.0,0.010970256,0.040396553,0.031501975,0.04771561,0.058990132,0.06166184
99999E00010036,3,False,DO,DO.01,False,0.0,0.0,0.04669015,0.25856075,0.09316752,0.13524485,0.034382023,0.12307857,0.0,0.010273142,0.15132563,0.0,0.011705271,0.0767294,0.0,0.028287968,0.0071360962,0.023418728
99999E00010057,6,False,DO,DO.01,False,0.0,0.0,0.0,0.36603785,0.048838705,0.067426614,0.080382116,0.0093671065,0.0051875757,0.058527045,0.23518431,0.002149822,0.023788758,0.040754437,0.008089155,0.019559994,0.015476833,0.019229682
99999E00010069,3,False,DO,DO.01,False,0.032928362,0.021520667,0.13065994,0.09779898,0.024312293,0.32034832,0.07168118,0.028072292,0.016756823,0.057992656,0.030023234,0.0,0.0,0.039405495,0.0,0.067977935,0.021903763,0.03861802
99999E00010076,6,False,DO,DO.01,False,0.0,0.006794508,0.17008275,0.111179486,0.20798516,0.33906713,0.01194735,0.019012548,0.0,0.025279306,0.02557726,0.0,0.01116644,0.04539993,0.0,0.010660113,0.0028179,0.01303011
99999E00010113,6,False,DO,DO.02,False,0.0,0.008336816,0.026163721,0.03304217,0.009982822,0.60735047,0.19442555,0.0026741885,0.0023706155,0.012541073,0.011886638,0.0038488177,0.009407712,0.009267367,0.020618556,0.032047547,0.009133123,0.006902854
99999E00010122,6,False,84,84.11,False,0.0,0.0,0.041479487,0.0,0.0,0.29144964,0.35689336,0.072650954,0.0,0.016511591,0.01026618,0.0,0.1265929,0.0,0.058707166,0.011922168,0.005766056,0.0077604316
99999E00010123,6,False,56,56.2,False,0.0,0.0,0.0,0.0,0.0,0.39112094,0.03640151,0.030408457,0.0,0.0064499048,0.0018877527,0.0,0.0,0.0097058695,0.022062462,0.0,0.24995299,0.25201014
99999E00010132,5,False,68,68.32,False,0.0,0.0035311794,0.017333722,0.008287267,0.0,0.82042664,0.1303251,0.0,0.0,0.0061979056,0.0,0.0,0.0,0.0030814088,0.0025933594,0.00822347,0.0,0.0
99999E00010138,5,False,DO,DO.02,False,0.0,0.0,0.004467357,0.00331296,0.0,0.9677718,0.01928475,0.0,0.0,0.0,0.0,0.0,0.0,0.0,0.0,0.0030915688,0.0,0.0020715885
99999E00010153,3,False,DO,DO.01,False,0.0,0.0,0.14257199,0.31682253,0.14560306,0.07951059,0.17025839,0.050345615,0.0,0.0,0.0,0.0,0.0,0.03925628,0.05563153,0.0,0.0,0.0
99999E00010169,6,False,DO,DO.01,False,0.0,0.0,0.0147564085,0.08001167,0.010032313,0.0021596737,0.26067254,0.02564779,0.0023886217,0.03521914,0.022898369,0.058827348,0.016774012,0.028369099,0.039062705,0.08604966,0.10243221,0.21469846
99999E00010178,3,False,DO,DO.01,False,0.0,0.0068516172,0.0,0.15439361,0.013099043,0.26599237,0.14308083,0.0113127725,0.0052149566,0.098122396,0.06336123,0.0,0.014526908,0.0808943,0.011584864,0.07771058,0.044468515,0.009385934
99999E00010182,5,False,DO,DO.01,False,0.0,0.0,0.011647668,0.0114311045,0.0027815267,0.80943644,0.09658897,0.005171195,0.0023711955,0.0024604152,0.008185007,0.0,0.0112184705,0.013375066,0.0031152156,0.014417403,0.0,0.0078002233
99999E00010227,3,False,DO,DO.01,False,0.014875451,0.0,0.013982539,0.33567744,0.08736552,0.042546105,0.05959351,0.012409081,0.0,0.04823662,0.08339326,0.024002472,0.039973557,0.090425566,0.0,0.011492034,0.09738063,0.038646247
99999E00010294,5,False,DO,DO.02,False,0.0,0.0,0.014344379,0.0071812375,0.0,0.67055124,0.27497047,0.0,0.0,0.0,0.0021246653,0.0,0.009611006,0.0,0.0,0.021216996,0.0,0.0
99999E00010356,3,False,DO,DO.01,False,0.0,0.0,0.04236006,0.08789209,0.05052861,0.22281136,0.0942789,0.042116288,0.0,0.034779508,0.025052298,0.008613251,0.02856999,0.03747577,0.007169829,0.046944436,0.15823708,0.11317044
99999E00010368,5,False,47,47.78,False,0.0,0.0,0.015028251,0.0017114397,0.0,0.08972139,0.28198138,0.0,0.0,0.0,0.0026362843,0.6064131,0.0,0.0,0.0,0.0025082044,0.0,0.0
99999E00010429,6,False,47,47.71,False,0.0,0.0,0.0,0.0,0.0,0.027098967,0.004766463,5.5034903e-05,0.00011601358,0.00043807784,0.0,0.841503,0.052337755,0.0036959238,0.011524749,0.02883961,0.010378262,0.019246146
99999E00010430,6,False,DO,DO.01,False,0.0006925851,0.0,0.0004042841,0.061746106,0.04031574,0.5978169,0.007860344,0.047039445,0.009805546,0.0053584212,0.054435857,0.0,0.0023064076,0.07341732,0.0056964294,0.051635694,0.010206516,0.031262424
99999E00010443,3,False,DO,DO.01,False,0.0030204272,0.0,0.02420379,0.39427403,0.09588297,0.0,0.15501803,0.041750155,0.0119092185,0.005736243,0.07489045,0.0,0.055171426,0.01910613,0.0,0.04506419,0.046223916,0.02774903
99999E00010445,6,False,DO,DO.02,False,0.0,0.0722644,0.032498322,0.045865696,0.027259896,0.53789383,0.15350439,0.025768813,0.008921765,0.02175962,0.049374465,0.0,0.005472637,0.005842134,0.0,0.01283931,0.00073463086,0.0
99999E00010457,6,False,16,16.2,False,0.0,0.0008861393,0.0070025497,0.00895913,0.001992883,0.27852333,0.07687074,0.023642797,0.000873108,0.014539389,0.016361931,0.045655727,0.10746582,0.029762931,0.019435495,0.21676348,0.07320145,0.078063115
99999E00010505,6,False,DO,DO.01,False,0.0,0.0,0.0358548,0.021678805,0.044306815,0.20085871,0.38202783,0.026364416,0.0,0.02321561,0.020748917,0.0077534663,0.014110659,0.04084736,0.031483125,0.09894186,0.031315476,0.020492097
99999E00010508,6,False,DO,DO.01,False,0.0,0.0,0.10664594,0.10407529,0.081948206,0.040644187,0.018749762,0.05306457,0.0,0.009470232,0.02211564,0.047524694,0.17812845,0.05833365,0.0099946605,0.122001216,0.064089015,0.08321446
99999E00010536,6,False,DO,DO.01,False,0.0,0.0,0.0076839183,0.40124556,0.016632887,0.0042140116,0.026934192,0.06912359,0.22844645,0.045872606,0.0061443187,0.003590991,0.0,0.0,0.009019365,0.0028926453,0.111792386,0.066406935
99999E00010544,6,False,DO,DO.01,False,0.0,0.0,0.0096751135,0.037974495,0.0071992055,0.17302291,0.21655442,0.016850859,0.010006595,0.13655986,0.1728739,0.0101517,0.015236024,0.033274658,0.0071409894,0.0305446,0.04892949,0.074005276
99999E00010611,6,False,DO,DO.01,False,0.0,0.0011073217,0.021405678,0.14654587,0.18015446,0.06720766,0.1350561,0.056031134,0.0,0.009194673,0.074529976,0.010960865,0.01687499,0.1025791,0.010641427,0.01909011,0.035943203,0.11267734
99999E00010622,6,False,DO,DO.01,False,0.0032034204,0.0,0.10121222,0.20943597,0.102872774,0.14346819,0.021797074,0.03948241,0.01172967,0.05045046,0.082033485,0.004842657,0.018322438,0.116856605,0.0024852946,0.02724016,0.03397877,0.030588571
99999E00010642,6,False,DO,DO.01,False,0.0,0.0,0.00618614,0.019238815,0.012368802,0.40591776,0.21650736,0.016700376,0.013465315,0.049662404,0.025959302,0.007929433,0.043183014,0.0695167,0.0035735187,0.0686439,0.019665366,0.021481682
99999E00010661,6,False,DO,DO.01,False,0.0,0.0015962962,0.13848352,0.14100787,0.053586077,0.02537708,0.21773964,0.25937304,0.0016091282,0.009400103,0.027867567,0.0,0.0048469286,0.04860155,0.0045028343,0.028680423,0.010052559,0.027275223
99999E00010679,6,False,DO,DO.01,False,0.0,0.0,0.0966315,0.10776244,0.10114933,0.050992593,0.047338836,0.05467174,0.021310356,0.08767404,0.22891916,0.011712897,0.040730156,0.024947587,0.020520037,0.060972515,0.037141282,0.0075255455
99999E00010739,6,False,23,23.3,False,0.0,0.0,0.0018889472,0.01178179,0.00470952,0.73249596,0.17702706,0.0063136206,0.0,0.0020641165,0.0061741746,0.0,0.0044021118,0.013374924,0.003867516,0.008982212,0.0050708265,0.021847297
99999E00010743,6,False,DO,DO.01,False,0.0,0.0,0.22543985,0.08189322,0.12841356,0.26212168,0.08715968,0.012847361,0.0,0.027915908,0.010898952,0.0,0.015370071,0.03447917,0.0048729386,0.08281887,0.014734442,0.0110343825
99999E00010823,6,False,DO,DO.01,False,0.0,0.0,0.02393164,0.06726496,0.037937842,0.16184166,0.23179255,0.06496201,0.005043992,0.010995179,0.05443779,0.02123089,0.05151244,0.09764838,0.027049635,0.081607826,0.027698426,0.03504491
99999E00010848,6,False,DO,DO.01,False,0.0,0.009941991,0.015617877,0.20109244,0.058416616,0.062842965,0.1776708,0.06375882,0.004913185,0.022177411,0.10592138,0.027804106,0.07341454,0.06140834,0.027851267,0.05077997,0.007418587,0.02896971
99999E00010852,6,False,DO,DO.01,False,0.015193961,0.10533043,0.04886207,0.15300578,0.009408837,0.32214788,0.031141263,0.009024221,0.0033470322,0.010782934,0.017982697,0.0029366661,0.040319987,0.06830872,0.056947213,0.037623845,0.027792038,0.039844424
99999E00010920,6,False,DO,DO.01,False,0.0,0.0,0.02109887,0.05022472,0.06059871,0.088125624,0.18379493,0.021959962,0.0049916347,0.034345135,0.026318157,0.0,0.017789055,0.17231068,0.033667028,0.060864035,0.098349996,0.12556154
99999E00011006,6,False,DO,DO.01,False,0.0,0.0,0.1051134,0.0978111,0.08488933,0.19216402,0.2317613,0.038682584,0.0013747459,0.0029687888,0.032481663,0.0017634686,0.0066227373,0.06968486,0.008608533,0.099493004,0.014819009,0.011761429
99999E00011041,6,False,DO,DO.01,False,0.0,0.0055851326,0.09329651,0.029903065,0.11923894,0.18333381,0.13384487,0.028643131,0.00097557553,0.030044515,0.068975665,0.0,0.039543618,0.06832091,0.007709816,0.16304068,0.0073612924,0.020182308
99999E00011136,6,False,DO,DO.01,False,0.0,0.0067236465,0.11513384,0.01965861,0.06707946,0.05484138,0.22357433,0.02540442,0.0130919665,0.062664054,0.01886257,0.0,0.033791766,0.23084886,0.0,0.06724749,0.03906932,0.022008168
99999E00011202,3,False,DO,DO.01,False,0.0024459779,0.016637929,0.3534152,0.15364127,0.07035046,0.030095205,0.070845366,0.027451258,0.0,0.0,0.0019488636,0.0,0.0010646161,0.079877004,0.03736055,0.1164215,0.006392096,0.032052863
99999E00011213,6,False,DO,DO.01,False,0.0,0.0,0.011574999,0.01740659,0.028955508,0.24834669,0.3750708,0.1382497,0.010987046,0.051212024,0.014113357,0.0049592243,0.0,0.031718418,0.010030474,0.027875978,0.005922503,0.023576742
99999E00011214,5,False,94,94.99,False,0.0,0.0054582646,0.0012511301,0.008501013,0.0,0.8414167,0.043913003,0.0,0.0,0.0,0.0,0.0,0.005528327,0.0016648371,0.01710545,0.04433338,0.0026457235,0.028182123
99999E00011246,3,False,DO,DO.01,False,0.014092862,0.011946002,0.29740816,0.3552729,0.02057367,0.2545866,0.0,0.0,0.0,0.0,0.0113326125,0.0,0.0021921115,0.015948115,0.0037306116,0.0,0.0058070845,0.007109279
99999E00011255,3,False,DO,DO.01,False,0.0,0.014449452,0.0,0.14778362,0.0,0.08148687,0.30336317,0.0,0.0,0.22748785,0.020048458,0.0,0.021228518,0.03916793,0.0,0.1206297,0.014185822,0.010168598
99999E00011258,6,False,DO,DO.01,False,0.0,0.0,0.0,0.073217206,0.1937226,0.0072773118,0.0,0.117554374,0.0,0.08121078,0.0,0.0,0.005529611,0.12506089,0.13877031,0.055568296,0.09585136,0.10623729
99999E00011310,6,False,DO,DO.01,False,0.0,0.0,0.0,0.025684878,0.017393563,0.5823673,0.029495241,0.030285388,0.020351406,0.046587303,0.0018038155,0.0,0.0,0.08615169,0.0,0.050148156,0.063455835,0.046275407
99999E00011481,6,False,DO,DO.01,False,0.0,0.0,0.18474744,0.048706993,0.114405446,0.08149347,0.03612899,0.1279038,0.026667599,0.063839644,0.03780234,0.008220325,0.011373192,0.1272484,0.0163277,0.029029807,0.016163154,0.06994179
99999E00011525,3,False,DO,DO.01,False,0.0,0.0,0.11114373,0.19141257,0.0,0.007515179,0.07671601,0.033352003,0.0008289889,0.018141534,0.16551405,0.03439564,0.049652983,0.0013742467,0.14951901,0.10129702,0.03798546,0.021151554
99999E00011548,6,False,DO,DO.01,False,0.0,0.009588571,0.06971983,0.17719305,0.012959409,0.067562,0.3278651,0.0,0.0,0.011978577,0.055337593,0.028333653,0.02828275,0.0,0.118218906,0.085123874,0.0006245049,0.0072122244
99999E00011552,6,False,DO,DO.01,False,0.0,0.0,0.04705334,0.02966249,0.0,0.8512288,0.02150743,0.0,0.0,0.005611483,0.0,0.0,0.0,0.0,0.0,0.027835688,0.010688871,0.0064119278
99999E00011553,3,False,DO,DO.01,False,0.0,0.012723999,0.12462743,0.14269316,0.1190707,0.011896867,0.111848764,0.010206163,0.043047342,0.02182246,0.05531952,0.003855095,0.016706627,0.11485123,0.0153657235,0.0770108,0.050640933,0.06831317
99999E00011559,6,False,94,94.9,False,0.0335385,0.10909184,0.0020170847,0.03980483,0.007995372,0.21159959,0.0695882,0.0003581521,0.0,0.0018261832,0.018475749,0.0034327237,0.0063666655,0.0014116091,0.43794206,0.029103436,0.018951729,0.008496275
99999E00011600,3,False,DO,DO.01,False,0.001042284,0.00039904585,0.12783165,0.24042214,0.08771563,0.025214337,0.0536121,0.02486294,0.0,0.013213182,0.07143814,0.0,0.013397816,0.18549974,0.0,0.050970662,0.020729538,0.08365073
99999E00011603,6,False,DO,DO.01,False,0.0,0.0,0.011730173,0.08687364,0.028564572,0.40534124,0.0979328,0.10104661,0.044819687,0.06817699,0.08499757,0.0,0.032069173,0.002188962,0.0,0.018271927,0.010224789,0.0077618933
99999E00011615,3,False,DO,DO.01,False,0.0057902513,0.030673645,0.31981236,0.24552713,0.03029089,0.072513886,0.017660044,0.068526134,0.0,0.0,0.0,0.0,0.09082372,0.026476715,0.012902336,0.027949868,0.023882004,0.027171012
99999E00011644,1,False,96,96.0,False,0.39686176,0.5974634,0.0,0.0,0.0,0.0026951756,0.0,0.0,0.0,0.0,0.0,0.0,0.0,0.0,0.0,0.0,0.0,0.0029796343
99999E00011650,6,False,84,84.1,False,0.0,0.0015050299,0.006814357,0.006456799,0.0,0.5734877,0.26357695,0.010657566,0.0044044065,0.019739628,0.017008437,0.0,0.012340725,0.018254485,0.0044420213,0.032382138,0.012853932,0.016075846
99999E00011653,1,False,IL,IL.01,False,0.38481236,0.61518764,0.0,0.0,0.0,0.0,0.0,0.0,0.0,0.0,0.0,0.0,0.0,0.0,0.0,0.0,0.0,0.0
99999E00011655,6,False,94,94.99,False,0.0,0.0,0.00037950574,0.0041556684,0.0,0.93762,0.051687755,0.0,0.0,0.0020165264,0.0,0.0,0.0,0.0018971267,0.0,0.0,0.0012991239,0.0009441412
99999E00011728,5,False,DO,DO.02,False,0.0,0.0,0.0,0.0,0.0,0.19814125,0.7829608,0.0,0.0,0.00060357165,0.0,0.0,0.0,0.0,0.014844297,0.0034501823,0.0,0.0
99999E00011752,6,False,DO,DO.02,False,0.0,0.0,0.049767803,0.03423766,0.00967744,0.60098886,0.1526228,0.019668654,0.0,0.00303865,0.010229021,0.0,0.0016679546,0.011107587,0.012088543,0.050857753,0.02661461,0.017432604
99999E00011783,6,False,DO,DO.01,False,0.0,0.0,0.0,0.03269132,0.010363928,0.7572013,0.031223977,0.033841398,0.0,0.0025777628,0.0064642355,0.0,0.01312676,0.0111835245,0.0,0.07667192,0.0066493056,0.01800468
99999E00011804,6,False,DO,DO.01,False,0.42971507,0.06034073,0.057463784,0.0,0.012483426,0.24736696,0.0,0.019438121,0.018887749,0.0,0.0,0.0,0.0,0.029419854,0.0,0.08505741,0.0,0.03982688
99999E00011810,6,False,DO,DO.01,False,0.0010730561,0.011426835,0.14837891,0.2972531,0.09484166,0.042768817,0.022388516,0.033191912,0.026715701,0.044746928,0.08121822,0.013057297,0.05931719,0.017544713,0.009156423,0.061123416,0.022028241,0.013769108
99999E00011818,3,False,DO,DO.01,False,0.0003940611,0.0022710362,0.04204917,0.13983594,0.26203117,0.039590176,0.119847715,0.07593842,0.0182344,0.037509687,0.0973616,0.0,0.020148965,0.07067045,0.004536887,0.007996589,0.04813119,0.013452519
99999E00011872,3,False,DO,DO.01,False,0.0,0.00551255,0.004503871,0.0,0.0,0.6436547,0.01574009,0.122683555,0.0,0.0,0.07977949,0.0,0.0,0.018484633,0.030283839,0.06849636,0.0,0.010860896
99999E00011893,6,False,DO,DO.01,False,0.0,0.0,0.0059392457,0.17381409,0.0034418365,0.114507414,0.21592039,0.03853233,0.0,0.024794092,0.057547644,0.0024606432,0.0,0.19675685,0.055816196,0.03030938,0.047804646,0.032355256
99999E00011903,6,False,DO,DO.01,False,0.0,0.021298382,0.018917985,0.11896777,0.011955653,0.5429843,0.09240329,0.023793554,0.002347607,0.008779304,0.02668819,0.0,0.009379993,0.03197664,0.003271744,0.014310714,0.050529443,0.022395425
99999E00011906,6,False,DO,DO.01,False,0.017299617,0.015410969,0.29209623,0.09013254,0.08197539,0.10833348,0.067664415,0.05076013,0.06540961,0.040753566,0.039627418,0.0013258264,0.014116327,0.03131686,0.014631869,0.018391564,0.028623965,0.022130132
99999E00011966,6,False,DO,DO.01,False,0.0,0.0,0.023392763,0.100538924,0.030352209,0.67640257,0.06545295,0.028782014,0.0,0.01749346,0.005001444,0.0,0.0,0.0,0.00941907,0.0,0.016039185,0.027125403
99999E00012052,6,False,DO,DO.01,False,0.0,0.0,0.19685602,0.23021942,0.10989177,0.061354935,0.06459871,0.018044293,0.00824271,0.04093359,0.06287972,0.0,0.030654738,0.03926005,0.0059565688,0.04968353,0.055569846,0.025854154
99999E00012054,6,False,DO,DO.01,False,0.0,0.0015786934,0.018383434,0.090726465,0.33905557,0.029219953,0.12165808,0.10492454,0.06639176,0.0849835,0.05736371,0.0044000754,0.006414972,0.015841177,0.008336827,0.007996679,0.013176119,0.029548425
99999E00012063,6,False,DO,DO.01,False,0.0,0.0,0.0,0.058488023,0.014186205,0.016866453,0.26869276,0.223937,0.0,0.08275362,0.19206609,0.021477915,0.026945468,0.0,0.0057119336,0.031239916,0.022408908,0.03522567
99999E00012087,3,False,DO,DO.01,False,0.0,0.0,0.074413784,0.059593208,0.041979056,0.017597662,0.15761578,0.097433716,0.0,0.0087317,0.019745845,0.0,0.0,0.060116123,0.049570717,0.27564567,0.0,0.13755667
99999E00012156,3,False,DO,DO.01,False,0.26270252,0.12997113,0.05978582,0.007910587,0.0028473425,0.38972917,0.007736397,0.0,0.0,0.0030868545,0.0028942397,0.0,0.0,0.042953003,0.070513606,0.010878523,0.0021539307,0.0068369727
99999E00012167,6,False,DO,DO.01,False,0.0032232048,0.0,0.049813166,0.04146348,0.0,0.78991103,0.031393316,0.027696982,0.0,0.02008656,0.0,0.0,0.007906127,0.0,0.0,0.009027125,0.012414312,0.007064706
99999E00012265,6,False,DO,DO.01,False,0.0,0.0,0.060895316,0.0330042,0.061408933,0.32059345,0.37677824,0.0006737612,0.0,0.012094518,0.0,0.0,0.017741414,0.023304636,0.0,0.049884297,0.013626711,0.029994633
99999E00012294,6,False,DO,DO.01,False,0.0,0.00018624053,0.06547359,0.11344485,0.0064969296,0.41768312,0.0,0.017787406,0.0,0.0055170176,0.01369871,0.026321521,0.0012334855,0.11733298,0.06493635,0.09959859,0.017787404,0.032501843
99999E00012309,3,False,DO,DO.01,False,0.051869173,0.0,0.16413821,0.11459808,0.050773155,0.011608684,0.0,0.0,0.0,0.00012786906,0.0,0.0,0.0,0.2364847,0.19952141,0.17087874,0.0,0.0
99999E00012347,6,False,DO,DO.01,False,0.0,0.0,0.05636871,0.108873986,0.06951315,0.11535632,0.47464547,0.017623387,0.0,0.0048086117,0.045869377,0.004789774,0.013271801,0.035673086,0.009241692,0.0393293,0.00078505446,0.0038503294
99999E00012401,6,False,DO,DO.01,False,0.0,0.0,0.0,0.0,0.0,0.96564233,0.014871284,0.0051402617,0.0,0.0,0.0,0.0,0.0,0.0,0.0,0.0,0.01434613,0.0
99999E00012435,6,False,DO,DO.01,False,0.0,0.0,0.021484466,0.06152529,0.0041789785,0.23770986,0.4797495,0.00796773,0.0,0.006556478,0.0,0.0,0.0,0.0019212004,0.0,0.1647517,0.011941148,0.002213729
99999E00012449,3,False,01,01.50,False,0.000100226636,0.026290556,0.04000602,0.031816386,0.005504669,0.02633399,0.005286398,0.0018619881,0.04336138,0.031131502,0.09965311,0.12850946,0.20222726,0.0038598385,0.18019187,0.0822159,0.06339,0.028259454
99999E00012471,6,False,DO,DO.01,False,0.0,0.0,0.0041213497,0.021553151,0.004924066,0.0044001588,0.22291125,0.4123082,0.0,0.06496976,0.06716763,0.018726926,0.0060777115,0.0314676,0.028481107,0.023387657,0.028866025,0.060637303
99999E00012485,3,False,DO,DO.01,False,0.0,0.0,0.113187484,0.19877933,0.14210436,0.0,0.006511123,0.027543522,0.0,0.04787086,0.061138347,0.0,0.08163428,0.09380126,0.0058489754,0.08577271,0.06294393,0.072863884
99999E00012503,5,False,85,85.3,False,0.0,0.0,0.0,0.0,0.0,0.43072808,0.45420325,0.0,0.0,0.0,0.0,0.0,0.0,0.0,0.095891066,0.01917759,0.0,0.0
99999E00012517,6,False,DO,DO.01,False,0.0,0.0,0.035984304,0.0667569,0.18167967,0.13742885,0.35392708,0.029259585,0.0015114981,0.01092342,0.019063788,0.0019816507,0.0016532146,0.087017596,0.031174164,0.024740666,0.006077581,0.0108199995
99999E00012527,6,False,DO,DO.01,False,0.0,0.0,0.09447789,0.040256057,0.1743182,0.16434684,0.16992864,0.009301241,0.0,0.05469874,0.0574818,0.0,0.011607405,0.072504066,0.0072317836,0.10633942,0.036379963,0.0011278449
99999E00012530,6,False,DO,DO.02,False,0.0,0.015582276,0.015800778,0.005904222,0.0,0.61432314,0.26695415,0.0017027507,0.0015139029,0.012247007,0.0032431858,0.0,0.0,0.005126981,0.010505239,0.020798218,0.021650374,0.004647838
99999E00012534,6,False,DO,DO.01,False,0.0,0.0,0.016572367,0.048707932,0.017516969,0.1640192,0.3515799,0.10060599,0.0,0.021157866,0.07007146,0.0042214096,0.03222823,0.048579395,0.016456384,0.052582588,0.04139445,0.014305922
99999E00012615,3,False,DO,DO.01,False,0.0,0.0,0.110391214,0.089406066,0.050983507,0.12778753,0.02669717,0.09421402,0.0,0.007739302,0.04723029,0.0,0.013766369,0.030669553,0.1641006,0.08435154,0.07076324,0.08189961
99999E00012663,3,False,DO,DO.01,False,0.0,0.012463299,0.04761691,0.14747444,0.03389133,0.16146871,0.0373871,0.08912392,0.005303829,0.0020599568,0.06774067,0.0063729915,0.044121146,0.10145288,0.0,0.16075781,0.007909562,0.074855365
99999E00012671,3,False,DO,DO.01,False,0.015102938,0.0,0.2855314,0.106310196,0.015114154,0.19198646,0.19834423,0.0035698435,0.0057361037,0.050029084,0.015509913,0.0,0.0,0.08784731,0.016479282,0.008439124,0.0,0.0
99999E00012689,6,False,DO,DO.01,False,0.10372802,0.0,0.070243835,0.021612389,0.052307416,0.4461678,0.027296547,0.0021369231,0.006239128,0.017267026,0.009099803,0.0,0.024132641,0.09296903,0.011079389,0.07225776,0.013802748,0.029659461
99999E00012707,6,False,DO,DO.01,False,0.00102863,0.006403904,0.046144973,0.09354956,0.041577585,0.41740295,0.14422551,0.031403933,0.0025078543,0.020066246,0.05294713,0.009398764,0.0103841545,0.03842342,0.002040192,0.0376474,0.021692256,0.02315555
99999E00012763,6,False,DO,DO.01,False,0.0,0.010216462,0.014927025,0.005440733,0.0146452505,0.82160884,0.0869973,0.0110169845,0.0024856161,0.008246262,0.011417986,0.0,0.0,0.0019850123,0.004593557,0.006418984,0.0,0.0
99999E00012764,6,False,DO,DO.01,False,0.0,0.20513733,0.012895662,0.045909394,0.036132973,0.60561466,0.0057988614,0.021164794,0.013335286,0.0009839223,0.0021771898,0.0,0.01565902,0.002030648,0.0,0.017250042,0.0010676605,0.014842572
99999E00012772,3,False,DO,DO.01,False,0.0,0.0,0.0,0.038257997,0.0,0.05129579,0.20075575,0.4580995,0.013545397,0.14702538,0.0,0.0,0.009324798,0.0,0.0,0.081695385,0.0,0.0
99999E00012797,3,False,DO,DO.01,False,0.0,0.0,0.10808179,0.16423677,0.046511967,0.0,0.3206748,0.0,0.0,0.015711254,0.03062788,0.0,0.034792818,0.07318991,0.033334244,0.09895097,0.026049823,0.047837753
99999E00012834,3,False,DO,DO.01,False,0.0,0.0,0.22148818,0.12412089,0.17297636,0.0050107394,0.0,0.019125497,0.0,0.0027002147,0.024544338,0.07108007,0.07781221,0.09938324,0.056867134,0.06805155,0.0024271247,0.054412395
99999E00012957,3,False,DO,DO.01,False,0.004435954,0.009160952,0.39949772,0.12014568,0.030386884,0.118827984,0.042262286,0.040635142,0.021268437,0.028315976,0.01362581,0.0,0.025221521,0.031875454,0.0,0.083932884,0.013858745,0.01654854
99999E00012962,3,False,68,68.31,False,0.0,0.0,0.010923551,0.04393316,0.053516865,0.08815647,0.31341204,0.026370136,0.0,0.0013825119,0.027496628,0.0,0.0477308,0.18673299,0.060130738,0.05241598,0.043753944,0.0440441
99999E00012964,6,False,DO,DO.01,False,0.0,0.0,0.0070877736,0.18721826,0.01337061,0.28204155,0.013203139,0.051337738,0.0028253854,0.0029361318,0.0,0.03005551,0.00707967,0.38696975,0.0041165273,0.006439502,0.005318531,0.0
99999E00012969,3,False,DO,DO.01,False,0.0,0.0112125315,0.21746437,0.044789176,0.023193045,0.08779005,0.03386799,0.053089473,0.0,0.01698946,0.02650512,0.0,0.0,0.022401903,0.26950306,0.07404806,0.062134594,0.057011057
99999E00012971,6,False,DO,DO.01,False,0.0,0.0068073734,0.10583612,0.05605239,0.112073295,0.3139525,0.03992598,0.0022912796,0.001666862,0.008951731,0.027225997,0.013668968,0.039824538,0.064470656,0.05785568,0.12093583,0.012565306,0.015895532
99999E00013038,3,False,DO,DO.01,False,0.0,0.0049810912,0.048916742,0.17981942,0.06727303,0.023346469,0.16920353,0.01999004,0.00013538869,0.036520593,0.037114687,0.0561075,0.049022835,0.030689787,0.08101902,0.077005856,0.07165901,0.047195084
99999E00013040,3,False,DO,DO.01,False,0.0,0.0,0.0,0.025577089,0.035710808,0.057799205,0.5027315,0.0681797,0.0,0.057305653,0.020591827,0.0,0.043625534,0.0006388301,0.03449882,0.077907436,0.007514713,0.06791899
99999E00013076,3,False,DO,DO.01,False,0.02394756,0.04591091,0.08825747,0.1383749,0.072665215,0.19151193,0.056499355,0.054875914,0.022104051,0.021166062,0.07579305,0.024001673,0.03035113,0.022132915,0.0,0.054868698,0.039359424,0.038179725
99999E00013080,3,False,DO,DO.01,False,0.0,0.0,0.25229478,0.08180885,0.052417703,0.09865105,0.041093286,0.029247953,0.00010122108,0.034960773,0.024293058,0.0326475,0.0009628346,0.017691467,0.15483615,0.062273182,0.05458285,0.062137395
99999E00013140,6,False,DO,DO.01,False,0.0,0.0,0.037015405,0.05264964,0.024643105,0.109027766,0.282077,0.08834514,0.012501285,0.09985517,0.0361036,0.022903014,0.015110591,0.06300213,0.053273875,0.08299996,0.009789729,0.010702592
99999E00013147,6,False,DO,DO.01,False,0.002969165,0.0078001968,0.1524027,0.10685754,0.090697534,0.036156703,0.024172792,0.0103989905,0.1207324,0.07318333,0.036055174,0.0,0.044141367,0.0734107,0.060311858,0.12153892,0.031777553,0.0073931217
99999E00013148,6,False,DO,DO.01,False,0.0,0.0,0.05101811,0.044107072,0.018946374,0.40999427,0.1344788,0.06679873,0.0,0.0,0.0,0.0,0.008471446,0.039701983,0.06728676,0.13745673,0.0,0.021739688
99999E00013156,6,False,DO,DO.01,False,0.0,0.015822731,0.008808445,0.005194593,0.0039862166,0.18531887,0.19444987,0.048073974,0.027669245,0.036496416,0.0283678,0.013404275,0.004730308,0.049732804,0.07907216,0.22689837,0.022196976,0.049776852
99999E00013163,3,False,DO,DO.02,False,0.0,0.0,0.0,0.0,0.0,0.0,0.0,0.0,0.0,0.0,0.0,0.07506234,0.0,0.0,0.13029926,0.44588527,0.07581048,0.2729426
99999E00013173,3,False,DO,DO.01,False,0.0,0.0,0.07454368,0.0,0.5749809,0.0,0.0,0.0,0.0,0.0,0.0,0.0,0.0,0.0,0.0,0.0,0.0,0.35047546
99999E00013175,3,False,DO,DO.01,False,0.0,0.0,0.030462978,0.36969605,0.034493633,0.08523328,0.022415377,0.07536228,0.0,0.010638734,0.036097668,0.0,0.10104057,0.13850921,0.027337166,0.04215736,0.013010516,0.013545195
99999E00013178,6,False,DO,DO.01,False,0.0011035088,0.005547462,0.22117011,0.08472106,0.038847197,0.19007567,0.033426885,0.031653676,0.0105673345,0.017965678,0.029046219,0.027567584,0.020295244,0.07123616,0.044403862,0.07651033,0.063428745,0.032433268
99999E00013193,6,False,DO,DO.01,False,0.016832348,0.0,0.0550059,0.22253737,0.024220848,0.3796802,0.0492294,0.056008823,0.0,0.0,0.068779975,0.0,0.0,0.07396247,0.0,0.038145576,0.0,0.015596987
99999E00013195,3,False,DO,DO.01,False,0.06994689,0.09629359,0.1486347,0.10593469,0.033326373,0.23122984,0.03537462,0.009445407,0.0,0.0102803605,0.0,0.01849291,0.0,0.051819276,0.0,0.11089221,0.033952586,0.044376455
99999E00013325,5,False,55,55.10,False,0.0,0.0,0.00033368764,0.0,0.0,0.11748965,0.8298928,0.00023358135,0.0,0.0015872623,0.0036044682,0.0028154894,0.0,0.0,0.010667416,0.0333755,0.0,0.0
99999E00013332,5,False,84,84.11,False,0.0,0.0,0.0,0.0,0.0,0.97131747,0.028682534,0.0,0.0,0.0,0.0,0.0,0.0,0.0,0.0,0.0,0.0,0.0
99999E00013376,6,False,DO,DO.01,False,0.0,0.0,0.010107637,0.004344499,0.0012684294,0.8603855,0.039416317,0.0075746295,0.0,0.020040672,0.014304495,0.0,0.0012003862,0.008708256,0.0,0.014427743,0.007064947,0.011156531
99999E00013437,6,False,DO,DO.01,False,0.0,0.005083204,0.0016448994,0.01577133,0.0185465,0.15200062,0.10811431,0.030021453,0.045542203,0.42193747,0.012886287,0.0018852014,0.007809817,0.037400287,0.053207766,0.032354653,0.04009323,0.015700798
99999E00013578,6,False,DO,DO.01,False,0.0,0.0,0.015825989,0.08976737,0.03702465,0.07521296,0.12294043,0.05278969,0.05303157,0.09291682,0.2479517,0.017473403,0.051728237,0.009914971,0.004544838,0.03792295,0.043309588,0.04764493
99999E00013594,6,False,DO,DO.01,False,0.0,0.0,0.098813534,0.22336406,0.07220895,0.29516447,0.09280466,0.027222762,0.005277461,0.013688653,0.031283762,0.0038085242,0.016565321,0.04633883,0.006149642,0.031978447,0.023675893,0.011655094
99999E00013601,3,False,96,96.0,False,0.0,0.0,0.0,0.0,0.0,0.0016591158,0.0,0.019994471,0.008529557,0.01544254,0.0,0.0,0.0,0.022738393,0.5105609,0.038585078,0.28258145,0.09990854
99999E00013602,6,False,DO,DO.01,False,0.0,0.0,0.01311167,0.10001008,0.021965515,0.6350423,0.062440857,0.00465564,0.0066533918,0.028969029,0.04946902,0.0,0.010785475,0.023610977,0.0,0.03695028,0.0028421627,0.0034936264
99999E00013664,6,False,DO,DO.01,False,0.0015041915,0.0026489466,0.15277982,0.026528182,0.015958557,0.3226216,0.07917175,0.03056517,0.017797595,0.048114244,0.051391553,0.0,0.02630687,0.057939887,0.05017826,0.053941615,0.0126174195,0.049934447
99999E00013667,6,False,DO,DO.01,False,0.0,0.0,0.017422326,0.04604058,0.030735975,0.29117608,0.20250182,0.0022768003,0.034515727,0.14732836,0.046906393,0.005423557,0.012564656,0.0111926105,0.03454224,0.02976825,0.053524688,0.03407992
99999E00013753,5,False,DO,DO.02,False,0.0,0.0,0.0,0.002317495,0.0,0.90624845,0.084258646,0.0,0.0,0.0,0.0,0.0,0.0,0.0,0.0,0.0049470277,0.0,0.0022284414
99999E00013809,3,False,16,16.10,False,0.0,0.0,0.36828193,0.0,0.0,0.0,0.0,0.0,0.0,0.0,0.0,0.0,0.6317181,0.0,0.0,0.0,0.0,0.0
99999E00013827,6,False,DO,DO.01,False,0.012900552,0.0108432565,0.14543486,0.16718008,0.049871907,0.09652814,0.070866555,0.027405782,0.0044182306,0.021197913,0.101477906,0.0060936105,0.08624735,0.051251225,0.0,0.089319095,0.028126689,0.030836714
99999E00013841,5,False,68,68.32,False,0.0,0.0,0.0054983795,0.0,0.0,0.9169328,0.06825791,0.002523811,0.0,0.002860986,0.0,0.0,0.0,0.0,0.003926087,0.0,0.0,0.0
99999E00013854,6,False,DO,DO.01,False,0.0,0.0,0.10631612,0.117541745,0.018572882,0.2755029,0.29307345,0.01159942,0.0064830096,0.032591227,0.004187886,0.0,0.038093336,0.0382957,0.0058473274,0.013904068,0.018863345,0.019127615
99999E00013918,6,False,DO,DO.01,False,0.0,0.0,0.0,0.0022391006,0.0,0.47943702,0.39327902,0.033719193,0.0029789512,0.0022254763,0.02073952,0.0,0.017874893,0.0047246204,0.0068191867,0.016393414,0.009602069,0.009967551
99999E00013928,6,False,DO,DO.01,False,0.0,0.0,0.014564487,0.0691406,0.015503116,0.024897903,0.35584113,0.3038053,0.0,0.009009386,0.070030496,0.011574775,0.002887082,0.018789737,0.047186505,0.03161951,0.0021525451,0.02299752
99999E00013965,6,False,DO,DO.01,True,0.0012548477,0.0037739784,0.020242285,0.06206969,0.003874978,0.116286986,0.7338765,0.0041518086,0.0061450265,0.0074891606,0.00017318182,0.0017324688,0.0009574733,0.0057436307,0.0066537885,0.024453636,0.0007619814,0.0003585412
99999E00013978,3,False,DO,DO.01,False,0.0,0.0,0.059146997,0.3360381,0.15350054,0.0,0.0,0.2414163,0.0,0.0,0.0,0.0,0.0059348173,0.18314108,0.0,0.0,0.020822158,0.0
99999E00013988,6,False,DO,DO.01,False,0.0,0.0,0.017182222,0.062207878,0.06485674,0.45617568,0.28857407,0.0046324497,0.00029729554,0.0040865955,0.01941925,0.014014318,0.002531886,0.042254955,0.00025099545,0.0046690027,0.0165657,0.0022808905
99999E00013993,6,False,DO,DO.01,False,0.0,0.0,0.0,0.094653666,0.08287985,0.026175229,0.024590425,0.09728124,0.0020101655,0.19616883,0.03747164,0.0,0.028512044,0.081271715,0.12895033,0.054428823,0.09663691,0.048969068
99999E00014085,6,False,DO,DO.01,False,0.0,0.0,0.012600884,0.27117923,0.0,0.2822274,0.091179386,0.013095706,0.0,0.010907401,0.13325627,0.0,0.04441876,0.008586859,0.019025033,0.023337657,0.09018548,0.0
99999E00014098,3,False,DO,DO.01,False,0.0,0.0016733159,0.009155363,0.13009231,0.010833237,0.06932862,0.09052775,0.17985637,0.013425281,0.06972757,0.25844294,0.018782627,0.021821495,0.048635583,0.0003351191,0.035322007,0.0,0.042040348
99999E00014141,3,False,DO,DO.01,False,0.011191346,0.009050248,0.019029489,0.121917315,0.0149275875,0.045024604,0.16330995,0.10667041,0.013936325,0.079697065,0.0705773,0.04977311,0.017705148,0.077823155,0.05049067,0.040124767,0.04473642,0.06401499
99999E00014143,3,False,DO,DO.01,False,0.0,0.0,0.08287537,0.42146254,0.13564204,0.015372131,0.09162429,0.0,0.0,0.020556577,0.04096711,0.0,0.016145607,0.14147824,0.0,0.0,0.03322966,0.0006463651
99999E00014153,3,False,DO,DO.01,False,0.0,0.0,0.09890499,0.06629085,0.1383371,0.0,0.0,0.0,0.0,0.14426965,0.10569346,0.0,0.0,0.25456744,0.0,0.14285295,0.04908356,0.0
99999E00014163,6,False,DO,DO.01,False,0.0,0.0,0.0,0.0634525,0.013814017,0.12430301,0.43459177,0.040158622,0.0,0.02665699,0.040345803,0.0016941604,0.021489803,0.029666398,0.005946502,0.033029925,0.06608671,0.09876376
99999E00014222,6,False,DO,DO.01,False,0.0,0.0021337024,0.03316103,0.11146169,0.028827144,0.05638483,0.036582127,0.3620852,0.0068991827,0.056780018,0.17881472,0.0065847198,0.04806107,0.03294629,0.0,0.010453771,0.01581599,0.013008514
99999E00014229,3,False,DO,DO.01,False,0.0,0.0,0.22326629,0.25842053,0.050565097,0.07048553,0.06872455,0.005045329,0.0,0.048957862,0.18786514,0.0,0.06338107,0.010915241,0.0,0.0043977755,0.0,0.007975626
99999E00014232,3,False,DO,DO.01,False,0.0,0.0,0.030736553,0.06641947,0.032212537,0.053877164,0.0,0.03315933,0.0,0.030434156,0.0,0.018151054,0.0,0.14681762,0.047901213,0.14105047,0.23420332,0.16503708
99999E00014289,6,False,DO,DO.02,False,0.17841448,0.25001773,0.041225288,0.0,0.0,0.5117238,0.013118327,0.0016232432,0.0,0.0024231845,0.0,0.0,0.0,0.0,0.0014540523,0.0,0.0,0.0
99999E00014336,6,False,DO,DO.01,False,0.0,0.0,0.006161916,0.004996326,0.0,0.008034135,0.040289868,0.059827045,0.025833376,0.518876,0.0099288,0.006983092,0.0027978807,0.014896102,0.042136934,0.018732643,0.19466205,0.045843832
99999E00014392,3,False,DO,DO.01,False,0.0,0.0,0.09324052,0.009934718,0.054470055,0.0739977,0.053319357,0.10644504,0.0,0.04071867,0.06443895,0.0,0.06446174,0.054071292,0.0,0.26800954,0.006653527,0.11023892
99999E00014393,3,False,DO,DO.01,False,0.0,0.0,0.23218694,0.0,0.0,0.3872182,0.2622182,0.00074049697,0.0,0.0,0.0,0.0,0.017545665,0.0,0.0,0.0,0.037580222,0.06251029
99999E00014419,6,False,DO,DO.01,False,0.0,0.0016313037,0.1928743,0.07338702,0.06354259,0.054271754,0.046563126,0.059357975,0.0034803087,0.04738648,0.018057562,0.0047740294,0.009149703,0.24821083,0.013934972,0.085793085,0.04525775,0.0323272
99999E00014430,6,False,DO,DO.01,False,0.00030250422,0.0013905027,0.014128727,0.036325928,0.0,0.21769626,0.07090037,0.078231655,0.0024937536,0.094188124,0.02136849,0.0231886,0.0023412302,0.01757575,0.06390211,0.052640818,0.12663487,0.17669041
99999E00014457,6,False,DO,DO.01,False,0.014454157,0.03829606,0.1426519,0.115169294,0.032263357,0.14821772,0.07866983,0.069477946,0.0017829373,0.0043701488,0.049213625,0.0117703155,0.044917654,0.08718108,0.0033485384,0.10628357,0.015669676,0.036262278
99999E00014471,6,False,84,84.11,True,0.00083278335,0.04979399,0.08105915,0.006662388,0.0,0.635205,0.10468697,0.0,0.0,0.0,0.0013996592,0.044888373,0.018761843,0.0024573856,0.011542098,0.040225293,0.0,0.0024852175
99999E00014530,5,False,70,70.2,False,0.0,0.0,0.0,0.0,0.0,0.9720974,0.0,0.0,0.0,0.0,0.0,0.0,0.02143385,0.0,0.0,0.0,0.0064687445,0.0
99999E00014536,6,False,DO,DO.01,False,0.0,0.008208866,0.0048085754,0.031740326,0.01511208,0.43087652,0.26356483,0.034044895,0.0019535199,0.044464447,0.0018188145,0.0,0.0056961146,0.034495663,0.0075452523,0.023396173,0.08157491,0.0106988745
99999E00014567,6,False,DO,DO.01,False,0.0,0.0077093136,0.059593245,0.11511759,0.027196843,0.3996024,0.11644628,0.0040148925,0.00958173,0.028997246,0.016091976,0.050584044,0.00850149,0.00818822,0.08672168,0.013729852,0.005599245,0.042323805
99999E00014634,6,False,DO,DO.01,False,0.0045210086,0.0036318824,0.0050378097,0.015759,0.0,0.19701964,0.42278054,0.003427161,0.021072628,0.06154756,0.008000992,0.012472889,0.0033203745,0.00400021,0.090484984,0.04027735,0.06709903,0.039546974
99999E00014642,6,False,DO,DO.01,False,0.0,0.0,0.051033173,0.09064939,0.011314235,0.08413556,0.32104212,0.07858372,0.0,0.0034837704,0.022814281,0.0726724,0.017672911,0.0467885,0.05487062,0.08975609,0.018128183,0.03705514
99999E00014649,6,False,DO,DO.01,False,0.0,0.0,0.011283207,0.09143019,0.020621356,0.25890186,0.0,0.013680967,0.0,0.035622966,0.037336987,0.0,0.014186745,0.07411824,0.19777146,0.072098255,0.109784916,0.063162856
99999E00014657,6,False,DO,DO.01,False,0.0,0.0020466864,0.057472236,0.047720112,0.04605847,0.46061218,0.020384356,0.0075610504,0.0,0.0,0.039201036,0.002798437,0.06738022,0.09114287,0.00911039,0.11187789,0.0,0.036634084
99999E00014662,6,False,DO,DO.01,False,0.0007945698,0.0,0.014345137,0.19051513,0.08150016,0.28166616,0.015888873,0.050017536,0.00167238,0.014781519,0.06477635,0.03236548,0.013828035,0.12199041,0.009151425,0.036688946,0.050564904,0.019453086
99999E00014697,6,False,DO,DO.01,False,0.0,0.0,0.10003979,0.015379993,0.06173472,0.4352891,0.08211578,0.011233956,0.0,0.010585766,0.00881247,0.0,0.029381927,0.09514411,0.0,0.110209234,0.016916148,0.023156941
99999E00014748,3,False,DO,DO.01,False,0.012234438,0.0,0.18454678,0.12417928,0.029758336,0.034535248,0.008374978,0.059270646,0.025945004,0.031516362,0.07458036,0.055795595,0.15075985,0.034473747,0.0,0.07175623,0.04695933,0.055313803
99999E00014765,5,False,55,55.10,False,0.0,0.0,0.03469712,0.2567337,0.00091298914,0.18924236,0.49226823,0.0032855768,0.0,0.0047255107,0.008774585,0.0,0.0,0.0,0.0013872393,0.007972713,0.0,0.0
99999E00014817,3,False,DO,DO.01,False,0.0,0.0,0.019240236,0.10195587,0.031919044,0.00025236263,0.1835876,0.22418211,0.00011583857,0.015078321,0.031688742,0.025063882,0.011243237,0.11846425,0.114459544,0.07795798,0.021744555,0.023046361
99999E00014833,6,False,DO,DO.01,False,0.0,0.016349737,0.15914257,0.13122398,0.03319724,0.26033044,0.103989705,0.027921265,0.0017907151,0.06654809,0.038727,0.00840995,0.016193017,0.035351265,0.0018993511,0.044114728,0.027850028,0.026960904
99999E00014850,6,False,DO,DO.01,False,0.0,0.0069899494,0.613077,0.007092458,0.0053401357,0.16409265,0.03030203,0.046749882,0.02849265,0.01073346,0.0,0.0,0.0030501247,0.028422054,0.0,0.0074966913,0.02596474,0.022196088
99999E00014875,6,False,DO,DO.01,False,0.0,0.0,0.0665206,0.010479363,0.05843996,0.0105287,0.16805375,0.22287948,0.040239964,0.0656687,0.05468086,0.02728773,0.011452366,0.024525406,0.056015227,0.046711598,0.057840727,0.07867566
99999E00014892,3,False,DO,DO.01,False,0.0,0.0,0.07029982,0.06385502,0.04743369,0.21221417,0.0,0.02882112,0.0,0.18622877,0.14188859,0.0,0.01317316,0.120569214,0.044262845,0.0,0.06047795,0.0107756965
99999E00014909,6,False,DO,DO.01,False,0.0,0.0,0.07622411,0.18346997,0.10695721,0.14849582,0.09088737,0.023083838,0.0,0.013127728,0.068165526,0.0,0.06040388,0.032740653,0.03782991,0.108764835,0.019271037,0.03057813
99999E00014912,6,False,DO,DO.01,False,0.00058273785,0.001494624,0.1561809,0.1134296,0.036410905,0.23995247,0.15452965,0.023564728,0.0,0.05153161,0.011214381,0.0165255,0.011187465,0.060710136,0.022326937,0.049771395,0.021082012,0.029504959
99999E00015000,6,False,DO,DO.01,False,0.0,0.0,0.14760521,0.24231818,0.0,0.21649939,0.0,0.002135059,0.0,0.0,0.0012326115,0.11665786,0.0,0.0,0.0,0.11300405,0.0,0.16054763
99999E00015028,6,False,DO,DO.01,False,0.0020268667,0.0,0.116251454,0.12524116,0.14109169,0.03258155,0.11459335,0.038652558,0.0,0.051094465,0.011770644,0.0,0.033210967,0.12151085,0.032404583,0.10540402,0.060914956,0.01325091
99999E00015052,3,False,DO,DO.01,False,0.0,0.0,0.04835315,0.017349383,0.043809853,0.055767633,0.23690435,0.0,0.0,0.094177715,0.020155305,0.0,0.040335078,0.18519062,0.0,0.031117963,0.15846914,0.06836979
99999E00015081,3,False,DO,DO.01,False,0.015950685,0.0016630288,0.23036146,0.30522975,0.024049954,0.06902369,0.052233495,0.017629704,0.0,0.021571403,0.0,0.0,0.017533759,0.030398246,0.0,0.10656976,0.051186107,0.056598946
99999E00015108,6,False,DO,DO.01,False,0.0,0.0,0.019723237,0.01580343,0.042782784,0.29746613,0.2567612,0.0485378,0.012517187,0.11315152,0.020104527,0.0,0.008450064,0.040110845,0.0,0.032520615,0.037401356,0.054669295
99999E00015111,6,False,DO,DO.01,False,0.0,0.004492533,0.021048382,0.09412337,0.004027854,0.654158,0.05208831,0.011728788,0.0061767497,0.003611379,0.0,0.0,0.0,0.12660168,0.0062210965,0.006633716,0.0056195217,0.0034686977
99999E00015125,3,False,DO,DO.01,False,0.0,0.14548753,0.048064865,0.28732863,0.039490312,0.16479157,0.092925556,0.005063497,0.0,0.02529041,0.10666063,0.012333813,0.026619464,0.0,0.020362299,0.015774915,0.0010673058,0.008739271
99999E00015131,3,False,01,01.4,False,0.0,0.00722539,0.008367735,0.0043859077,0.0,0.9268091,0.039553985,0.0,0.0,0.0,0.0,0.0,0.0,0.0025708233,0.008682262,0.0024048227,0.0,0.0
99999E00015197,3,False,DO,DO.01,False,0.0,0.0,0.05751983,0.119488,0.03617668,0.012638518,0.06578545,0.03169747,0.0,0.06543905,0.022204006,0.081922285,0.019364197,0.24615099,0.02276305,0.06812452,0.11147275,0.03925314
99999E00015204,6,False,DO,DO.01,False,0.0,0.0014620377,0.012284181,0.0689337,0.003825936,0.040246114,0.38153437,0.027493361,0.008634629,0.031875413,0.02283261,0.08095359,0.018573197,0.0048166346,0.08667615,0.17151405,0.023011578,0.015332371
99999E00015265,6,False,DO,DO.01,False,0.0,0.0,0.0,0.0033859783,0.0023626497,0.0017896098,0.28216892,0.02107486,0.037184387,0.15656383,0.005949162,0.014153414,0.011384228,0.0020381499,0.094687074,0.022762988,0.119473025,0.22502172
99999E00015289,3,False,DO,DO.01,False,0.0,0.0019265414,0.00093660963,0.017918456,0.0,0.57722974,0.08546099,0.1765231,0.0020980982,0.004717823,0.08730872,0.0,0.0,0.019902954,0.0,0.020876657,0.00058654015,0.0045138095
99999E00015308,3,False,DO,DO.01,False,0.0,0.00021480882,0.22813347,0.03740277,0.08697805,0.17774454,0.048208307,0.0,0.010486577,0.0002668837,0.016579336,0.0,0.04300733,0.019033361,0.014268509,0.11850288,0.038177386,0.16099596
99999E00015402,6,False,DO,DO.02,False,0.0,0.05394522,0.008774546,0.06893039,0.021982163,0.6194117,0.11422982,0.009159954,0.0,0.012585433,0.03316422,0.0,0.013122068,0.004326782,0.005094145,0.01697357,0.0077626295,0.010537405
99999E00015429,2,False,DO,DO.01,False,0.0,0.0,0.0,0.0,0.0,0.8052105,0.1932106,0.0015789324,0.0,0.0,0.0,0.0,0.0,0.0,0.0,0.0,0.0,0.0
99999E00015638,6,False,DO,DO.01,False,4.349181e-05,0.0,0.023572559,0.029334778,0.03926955,0.2275589,0.2504001,0.0002653888,0.0042275814,0.056967165,0.0057790847,0.040093236,0.020910686,0.019136395,0.1460384,0.0649235,0.031769436,0.039709795
99999E00015655,6,False,DO,DO.01,False,0.0,0.0,0.014070545,0.10496156,0.07054557,0.14110003,0.06377172,0.11722443,0.0,0.010978967,0.035445735,0.0,0.019648025,0.26612526,0.0042729788,0.101497866,0.017423306,0.032934092
99999E00015660,6,False,DO,DO.01,False,0.0,0.0,0.0,0.0043804264,0.0045229564,0.029804345,0.5780815,0.021744914,0.03417268,0.1309662,0.08913489,0.004141148,0.015013174,0.007940224,0.0045082713,0.014608907,0.04469486,0.01628558
99999E00015699,4,False,DO,DO.01,False,0.0,0.0,0.0,0.0,0.0,0.04715334,0.018361501,0.0075774007,0.0,0.0,0.0,0.024580905,0.006595989,0.04985792,0.37099588,0.19224228,0.20383663,0.07879811
99999E00015722,6,False,DO,DO.01,True,0.003303173,0.27538973,0.024344716,0.0436556,0.0474677,0.2473926,0.1423593,0.018454278,0.008754454,0.05737838,0.033798024,0.004383041,0.016329812,0.001148087,0.0,0.033298012,0.03353329,0.0090098865
99999E00015776,6,False,DO,DO.01,False,0.1606904,0.0062181735,0.14855915,0.23581643,0.017245445,0.16949004,0.021988492,0.018443787,0.0,0.010297571,0.006586168,0.0015671243,0.023058666,0.021493115,0.06996389,0.060120802,0.01687745,0.011583196
99999E00015815,6,False,DO,DO.01,False,0.0,0.0014716261,0.011299843,0.00012831615,0.00046113622,0.23818287,0.038567025,0.006500016,0.06553748,0.13054967,0.0024420172,0.0020971673,0.021777658,0.04070429,0.20043387,0.08796875,0.07934751,0.07253071
99999E00015911,3,False,DO,DO.01,False,0.0,0.0,0.0,0.07113779,0.0,0.0,0.6132242,0.0,0.0,0.0,0.1261154,0.0,0.0,0.0,0.0,0.096508905,0.032197047,0.060816642
99999E00015919,3,False,DO,DO.01,False,0.0,0.0,0.072484545,0.1972745,0.16234191,0.18803693,0.088658355,0.00030942325,0.0,0.08627106,0.00668698,0.0035777062,0.0049615162,0.13798343,0.013958427,0.01781977,0.015486203,0.00414928
99999E00015959,6,False,84,84.24,False,0.0,0.016693577,0.061780415,0.16293314,0.054419186,0.18067248,0.28081334,0.043327816,0.013685898,0.011027667,0.04324975,0.0,0.045454327,0.053168684,0.0058467104,0.020306623,0.0014416092,0.0051787463
99999E00015969,6,False,DO,DO.01,False,0.00030552477,0.0,0.1329052,0.09009596,0.056350943,0.4645407,0.052071664,0.021264909,0.0,0.006344472,0.008125411,0.0075211297,0.043632027,0.040906478,0.013721541,0.03213134,0.012657039,0.017425546
99999E00015992,6,False,DO,DO.01,False,0.0,0.0,0.015706435,0.060385507,0.0077927853,0.19098972,0.49567488,0.06610476,0.0,0.032624163,0.039885633,0.0023445075,0.0018247948,0.012007048,0.005190598,0.013497052,0.022918593,0.03305347
99999E00016076,3,False,DO,DO.01,False,0.0,0.00056368427,0.011533049,0.060942452,0.030780155,0.038193353,0.08838662,0.025742734,0.019966412,0.18931031,0.053301018,0.07891349,0.03207467,0.025896046,0.06419891,0.061978757,0.17967926,0.03853917
99999E00016089,6,False,DO,DO.01,False,0.009025224,0.010522646,0.27941975,0.08577273,0.13612348,0.13802856,0.04312131,0.010218694,0.0,0.013682631,0.009258972,0.0047292076,0.0053331233,0.117275245,0.0066757775,0.060283832,0.044914708,0.025614148
99999E00016127,6,False,DO,DO.01,False,0.0067117745,0.0,0.10878716,0.16168039,0.10591198,0.050032288,0.058646183,0.026084954,0.0,0.0054889815,0.0345811,0.017437415,0.03686106,0.059509255,0.022461865,0.17034864,0.056856636,0.07860035
99999E00016141,6,False,DO,DO.01,False,0.0,0.011614615,0.011610211,0.07175328,0.06960023,0.011753663,0.00070845376,0.032786436,0.4026339,0.18138681,0.085893415,0.005115842,0.0,0.05579671,0.00761053,0.008232787,0.024283731,0.019219482
99999E00016238,6,False,DO,DO.02,False,0.0,0.004341445,0.020559961,0.01637761,0.003122479,0.43065226,0.3582269,0.0,0.011547683,0.13010554,0.009974679,0.0,0.0,0.0016648739,0.0041599446,0.002942099,0.0038507213,0.0024737832
99999E00016258,3,False,DO,DO.01,False,0.0,0.0,0.16888443,0.046574954,0.032774374,0.22492218,0.40176725,0.0,0.0,0.07930113,0.009049101,0.0,0.014290591,0.0,0.0,0.0,0.012812532,0.009623457
99999E00016300,6,False,68,68.20,False,0.0,0.0,0.02890552,0.10109551,0.03116247,0.5744803,0.026838675,0.0034036236,0.0,0.0073087914,0.005614058,0.0,0.016433658,0.19466382,0.0,0.007986281,0.0,0.0021072943
99999E00016301,6,False,68,68.20,False,0.0,0.0,0.10141179,0.14368261,0.07507948,0.07052921,0.0613684,0.045569263,0.012576026,0.043204978,0.07138427,0.012004732,0.043749906,0.1511898,0.0263298,0.049491737,0.06313627,0.029291745
99999E00016302,6,False,DO,DO.01,False,0.0,0.0,0.011635236,0.07623167,0.049811296,0.01922821,0.12815973,0.11039355,0.009962015,0.04336215,0.012637868,0.0,0.0,0.24469236,0.049010903,0.08085623,0.1225948,0.041424032
99999E00016303,6,False,68,68.20,False,0.0,0.004445523,0.15599473,0.16029313,0.13935259,0.10213561,0.011326657,0.035172775,0.007985371,0.016512148,0.113483705,0.00086282013,0.042093907,0.10916817,5.8568916e-05,0.053446274,0.017080694,0.030587258
99999E00016312,6,False,DO,DO.01,False,0.00531279,0.0065553975,0.05299264,0.060098063,0.12639007,0.050492834,0.009356033,0.06185253,0.020517044,0.0859206,0.022528565,0.008988415,0.012893029,0.20818605,0.018905137,0.1069366,0.10216205,0.039912153
99999E00016384,3,False,DO,DO.01,False,0.0,0.0020324206,0.1014711,0.3079386,0.11577651,0.011276642,0.088180244,0.015293371,0.009811299,0.0290177,0.06348057,0.044276506,0.007475721,0.10387675,0.013911641,0.047362737,0.02155459,0.017263666
99999E00016413,3,False,DO,DO.01,False,0.0,0.0,0.042416573,0.1251591,0.030000925,0.03424614,0.012607642,0.041421045,0.024753073,0.054412674,0.03672073,0.042501904,0.06400529,0.026665905,0.20218448,0.17868292,0.056446396,0.027775211
99999E00016420,6,False,81,81.22,False,0.0019549148,0.011729487,0.0108638415,0.037749328,0.012458071,0.20577818,0.040274125,0.0473147,0.002748422,0.045165017,0.010488729,0.011073041,0.08082237,0.035029758,0.08693959,0.18001805,0.06118666,0.118405774
99999E00016452,6,False,DO,DO.01,False,0.0021594586,0.0,0.0,0.0013829782,0.0,0.8568726,0.08633823,0.0016556302,0.0,0.0027244806,0.0,0.0,0.011033908,0.006130251,0.0015284833,0.026800131,0.0016155143,0.0017582997
99999E00016737,3,False,DO,DO.01,False,0.0,0.0,0.119352594,0.062310066,0.0,0.0,0.07228238,0.14524007,0.041374967,0.0,0.15557256,0.0,0.090493664,0.0,0.0,0.09853004,0.10177161,0.11307207
99999E00016739,3,False,DO,DO.01,False,0.022511104,0.022750007,0.07594272,0.15680525,0.0,0.1303586,0.33767608,0.038438015,0.0014413858,0.019641072,0.041112144,0.0,0.013119001,0.056092996,0.0068453876,0.03129639,0.03904324,0.0069266153
99999E00016750,3,False,DO,DO.01,False,0.0,0.0,0.07638452,0.24658962,0.025519406,0.14371035,0.24846014,0.0,0.0,0.023608793,0.03484535,0.0,0.0,0.025666377,0.08824905,0.0,0.05765248,0.029313918
99999E00016779,3,False,DO,DO.01,False,0.12784809,0.04680398,0.045176934,0.18369347,0.010394066,0.043230984,0.11833974,0.044525873,0.036233008,0.103892505,0.039531626,0.00073770544,0.023606576,0.07125777,0.047598246,0.049515318,0.005326402,0.0022877292
99999E00016794,6,False,DO,DO.02,False,0.0,0.0060425103,0.026415396,0.014805691,0.0010697908,0.60880333,0.25473607,0.015979916,0.0,0.0039538075,0.0010336401,0.0,0.0020498743,0.005090544,0.02819615,0.0287277,0.0,0.003095565
99999E00016797,6,False,DO,DO.02,False,0.0012498839,0.020395922,0.03749406,0.022635585,0.007913801,0.7924008,0.089528956,0.0016771652,0.001095984,0.004440481,0.003773253,0.0,0.0,0.00064165954,0.0,0.01557143,0.0011810468,0.0
99999E00016802,6,False,DO,DO.02,False,0.0,0.0,0.01959685,0.026490152,0.0051604193,0.7264341,0.10827961,0.013506282,0.0,0.0012614358,0.03281007,0.0,0.01055019,0.018666701,0.0016182055,0.012104686,0.009747457,0.013773859
99999E00016814,3,False,DO,DO.01,False,0.0,0.14671034,0.039185055,0.22457454,0.06781001,0.0060157254,0.083374016,0.04632307,0.0021473684,0.011777389,0.15533736,0.0,0.0674477,0.09012541,0.006309552,0.02683327,0.02602911,0.0
99999E00016820,6,False,DO,DO.01,False,0.0,0.000851696,0.01111157,0.13011192,0.029859768,0.03357241,0.14948155,0.025283977,0.046386223,0.22185567,0.07688806,0.031088913,0.019501379,0.05298558,0.049520373,0.024895072,0.06339667,0.033209275
99999E00016879,6,False,74,74.90,False,0.10787922,0.29608008,0.11999136,0.163202,0.003880375,0.124472715,0.0720152,0.0,0.0,0.0009161865,0.0,0.0074010994,0.027673326,0.014166001,0.014095565,0.04608902,0.0021378414,0.0
99999E00017124,3,False,DO,DO.01,False,0.0,0.0,0.0,0.0,0.0,0.0,0.0,0.0,0.0,0.0,0.0,0.0,0.0,0.0,0.0,0.0,0.88634574,0.11365429
99999E00017149,6,False,DO,DO.01,False,0.0,0.0,0.0,0.12280518,0.008780686,0.030094707,0.10715548,0.17642817,0.017318172,0.102565765,0.028530868,0.055760894,0.051060893,0.0084045725,0.030176718,0.13632828,0.03923171,0.08535789
99999E00017174,6,False,74,74.20,False,0.0,0.0,0.011286121,0.013551854,0.0,0.41185352,0.01963233,0.0072771483,0.0,0.0016003789,0.044536922,0.4373545,0.026105277,0.006314032,0.0,0.012253251,0.0,0.008234648
99999E00017204,6,False,DO,DO.01,False,0.0,0.0,0.019620376,0.014851401,0.054661214,0.7519857,0.07756345,0.01946087,0.0,0.0068803243,0.010789407,0.0,0.014405265,0.009953503,0.0,0.014328511,0.0054999418,0.0
99999E00017231,6,False,DO,DO.01,False,0.0,0.0,0.1601839,0.1625999,0.02427038,0.083283015,0.3955882,0.073926255,0.0,0.01321676,0.029750602,0.0026875508,0.003268702,0.027454467,0.006697474,0.006275,0.002070961,0.008726825
99999E00017232,6,False,DO,DO.01,False,0.0,0.0,0.0011087401,0.013798103,0.0014265871,0.081336886,0.21212508,0.1746933,0.019032337,0.121331,0.028523054,0.022799011,0.034760803,0.023827361,0.06117843,0.17244695,0.008634639,0.0229778
99999E00017247,6,False,DO,DO.01,False,0.0,0.0,0.05054982,0.046309743,0.056717906,0.011938751,0.46170482,0.08098616,0.0012793198,0.059889372,0.037449468,0.0052431584,0.0086836945,0.0790908,0.0018451583,0.06099632,0.022568505,0.014746923
99999E00017253,6,False,DO,DO.01,False,0.0,0.0,0.0032844748,0.06553675,0.012947622,0.38477498,0.23996305,0.004031185,0.036170248,0.106822245,0.07709788,0.0,0.012432214,0.004834192,0.0,0.025642559,0.015172477,0.01129011
99999E00017256,6,False,DO,DO.01,False,0.0014716999,8.8862525e-06,0.014624037,0.07627754,0.031792276,0.09442736,0.17079513,0.19931659,0.0,0.08007812,0.10342368,0.011718232,0.013920656,0.058306117,0.06681095,0.03085922,0.005242205,0.040927343
99999E00020015,6,False,DO,DO.01,False,0.0,0.0,0.0,0.053406242,0.009273945,0.41108745,0.31867027,0.0040166955,0.0,0.0072801975,0.018480424,0.0,0.0,0.01178224,0.011059254,0.12959155,0.0022384343,0.023113368
99999E00020060,6,False,DO,DO.01,False,0.0,0.0018340435,0.016571071,0.14993437,0.09718571,0.014787152,0.027986849,0.14924069,0.007830561,0.07423975,0.09119081,0.012132499,0.026809294,0.1284736,0.016233528,0.07932309,0.04540076,0.060826212
99999E00020298,3,False,DO,DO.01,False,0.0,0.0,0.008211377,0.024796119,0.009156289,0.0,0.022520026,0.08078467,0.030509194,0.6945073,0.012055399,0.0,0.008836472,0.0,0.0,0.012155082,0.062465865,0.03400225
99999E00020334,6,False,DO,DO.01,False,0.009289031,0.0058310977,0.041000947,0.057452045,0.07277765,0.32676548,0.041839518,0.030268025,0.0154774,0.024305496,0.08842166,0.036384195,0.023474334,0.08029329,0.03896839,0.011978741,0.025738278,0.06973438
99999E00020341,4,False,53,53.10,False,0.00013531467,0.0,0.0,0.0,0.0,0.396786,0.0,0.0,0.0,0.0020378528,0.0,0.0,0.0,0.0028775262,0.58992994,0.0018566799,0.006376732,0.0
99999E00020380,6,False,47,47.71,False,0.0,0.0,0.0,0.0017813779,0.0002959076,0.042400897,0.0071508107,0.0035511535,0.0,0.0023295747,0.014986431,0.70005953,0.15936515,0.0,0.004391507,0.03152629,0.0167665,0.015394874
99999E00020425,6,False,74,74.10,False,0.0,0.0,0.0,0.0,0.0,0.0,0.06066289,0.010897571,0.0,0.0,0.0,0.016861264,0.07323583,0.17225924,0.12702048,0.4389942,0.055198733,0.044869866
99999E00020431,5,False,DO,DO.02,False,0.0,0.0,0.0039889026,0.004834289,0.0,0.86836463,0.108848706,0.0036008686,0.0,0.0,0.0011237585,0.0,0.0,0.0011417299,0.0,0.008097003,0.0,0.0
99999E00020434,5,False,16,16.23,False,0.0,0.0,0.0,0.0,0.0,0.101888426,0.53640604,0.0,0.0,0.0060709803,0.0,0.0,0.0,0.0,0.34925345,0.0027860634,0.0035951342,0.0
99999E00020458,6,False,91,91.04,False,0.0,0.0038242475,0.0,0.0,0.0,0.35067895,0.33694795,0.00040361384,0.0,0.0024769644,0.0,0.1353958,0.0,0.0006472158,0.14797124,0.019617915,0.0018529545,0.00018321785
99999E00020529,2,False,64,64.19,False,0.0,0.0,0.0,0.0,0.0,0.22332054,0.77667946,0.0,0.0,0.0,0.0,0.0,0.0,0.0,0.0,0.0,0.0,0.0
99999E00020538,6,False,DO,DO.01,False,0.0,0.0,0.016447222,0.053984594,0.016606314,0.03803822,0.39896077,0.059251294,0.0008872448,0.11788705,0.11350668,0.006675854,0.013643106,0.042649787,0.032624107,0.050657656,0.019725863,0.018454282
99999E00020543,6,False,DO,DO.01,False,0.0,0.0025862658,0.23562993,0.10178448,0.17587847,0.02918943,0.10124151,0.017528268,0.042571403,0.029170137,0.048161503,0.0058266777,0.028489346,0.014338844,0.017981667,0.11432029,0.0113377655,0.023964072
99999E00020571,4,False,96,96.02,False,0.0,0.0,0.0011057147,0.0,0.0,0.33920008,0.0077335914,0.0012831137,0.0,0.0,0.0,0.0,0.0022185538,0.080393724,0.4185237,0.084181085,0.027332954,0.038027465
99999E00020573,3,False,DO,DO.01,False,0.0,0.002512409,0.105796926,0.110265136,0.050294135,0.34176934,0.07327349,0.035674166,0.0,0.021095043,0.037303142,0.0,0.03527075,0.06624181,0.0,0.06888698,0.0222338,0.029382927
99999E00020649,6,False,DO,DO.01,False,0.0,0.0,0.025683962,0.021666208,0.009616691,0.113997996,0.38857856,0.07490985,0.008966735,0.053574234,0.13849871,0.0061097867,0.06918984,0.015106111,0.002896061,0.040155083,0.0086208405,0.022429422
99999E00020653,3,False,DO,DO.01,False,0.0,0.01490955,0.02558433,0.2826465,0.053861454,0.047398757,0.025981165,0.23257764,0.0037188833,0.03843602,0.01939942,0.0,0.01665561,0.072954744,0.00426878,0.03720584,0.029087791,0.09531339
99999E00020697,6,False,DO,DO.01,False,0.00056964875,0.023974327,0.047645424,0.07035776,0.011622588,0.11560715,0.3302175,0.01519823,0.092763364,0.11546693,0.019552099,0.0,0.01131936,0.024079492,0.0032864353,0.03931628,0.023771007,0.055252425
99999E00020774,6,False,01,01.41,False,0.0,0.0,0.0,0.0044487347,0.002539266,0.0,0.0,0.028644728,0.07224234,0.06829134,0.7571708,0.001723378,0.0027656367,0.024157157,0.0,0.005679844,0.0089316005,0.023405202
99999E00020813,3,False,DO,DO.01,False,0.0,0.0,0.0,0.02522519,0.0,0.55309343,0.15251406,0.0,0.021080898,0.06484967,0.0,0.0,0.044783693,0.028777437,0.07779,0.0,0.031885657,0.0
99999E00020828,6,False,DO,DO.01,False,0.0,0.0023130674,0.11689514,0.057140075,0.24114339,0.08548124,0.0,0.032757908,0.0,0.03690682,0.049041905,0.0,0.040466513,0.09619927,0.0,0.20268317,0.02505904,0.013912493
99999E00020859,5,False,55,55.10,False,0.0,0.0,0.0,0.0,0.0,0.055130437,0.91768396,0.0,0.0,0.0,0.0,0.0,0.0,0.0039590066,0.012568018,0.010658636,0.0,0.0
99999E00020964,6,False,77,77.21,False,0.0075375945,0.0029551785,0.03810838,0.017654216,0.008442896,0.06479243,0.033882927,0.014363258,0.00796906,0.61748457,0.0066258195,0.0,0.0016053462,0.029035933,0.115160994,0.016676651,0.011587679,0.006117146
99999E00021043,6,False,DO,DO.01,False,0.0,0.0,0.0152226845,0.021350749,0.011779544,0.877237,0.037036434,0.0063673533,0.0,0.0,0.0041510244,0.0,0.0,0.0182216,0.0,0.006036182,0.0,0.0025974358
99999E00021135,4,False,25,25.62,False,0.0,0.0,0.0,0.00044012358,0.0,0.034926444,0.00519934,0.003930689,0.0,0.006933467,0.0006875663,0.005031505,0.0018512569,0.0,0.8077933,0.09355719,0.0327887,0.006860451
99999E00021204,3,False,DO,DO.01,False,0.0,0.0,0.12434402,0.14383547,0.053010017,0.02221036,0.27740216,0.04455975,0.0,0.014395684,0.054146573,0.017984124,0.014525891,0.09731377,0.0108712455,0.08369932,0.01281995,0.028881852
99999E00021245,6,False,DO,DO.01,False,0.0,0.0,0.009651068,0.19100927,0.05246062,0.010063706,0.21488452,0.06614621,0.0,0.036969278,0.017759373,0.0,0.019485861,0.26941425,0.0039637717,0.03798717,0.04592953,0.024275279
99999E00021279,6,False,DO,DO.01,False,0.0,0.05871218,0.015328805,0.31825745,0.12570643,0.07304276,0.027238619,0.019460293,0.0057067345,0.049607392,0.12233485,0.0,0.06201047,0.0778658,0.008872627,0.017975567,0.013673502,0.0042066155
99999E00021302,6,False,DO,DO.01,False,0.0,0.0,0.0,0.055393316,0.022293353,0.16646652,0.50090426,0.03657322,0.006508058,0.067742765,0.0088297995,0.0,0.0012211028,0.017708981,0.020341985,0.026343495,0.0343697,0.035303485
99999E00021333,6,False,DO,DO.01,False,0.0,0.0,0.0,0.0034169718,0.0,0.33530992,0.40084636,0.09923505,0.014843348,0.0319915,0.009523035,0.0,0.0,0.012118993,0.0,0.024741625,0.02699263,0.040980607
99999E00021401,3,False,DO,DO.01,False,0.0,0.0,0.07057297,0.14741844,0.063738324,0.12765522,0.26912302,0.027010106,0.0008501971,0.021788413,0.02178768,0.021144701,0.031408057,0.07577556,0.036043357,0.0612186,0.012523689,0.011941705
99999E00021424,6,False,DO,DO.01,True,0.0024842161,0.08439529,0.008309676,0.030390006,0.0056678457,0.18792906,0.038049523,0.110464334,0.16266331,0.06813146,0.09480052,0.03524918,0.01926387,0.012580486,0.011084046,0.030278958,0.03976716,0.05849102
99999E00021529,6,False,DO,DO.01,False,0.008224091,0.007955034,0.073449545,0.026705988,0.008044251,0.102848195,0.50828594,0.038829617,0.0,0.060381062,0.021984529,0.0,0.0028152424,0.03160869,0.021788184,0.045953956,0.031570405,0.009555316
99999E00021541,5,False,53,53.10,False,0.0,0.0,0.0017988901,0.0017716261,0.0,0.49274006,0.2810039,0.004240218,0.0,0.0016661497,0.0,0.0,0.0,0.0,0.21360116,0.0,0.0022280593,0.00094992004
99999E00021609,6,False,41,41.20,False,0.0,0.0,0.0,0.03266527,0.0028237163,0.10730671,0.3754517,0.006073416,0.04464596,0.08249035,0.02425328,0.0,0.0,0.023902575,0.18880852,0.06921461,0.02534047,0.01702342
99999E00021618,6,False,47,47.78,False,0.0,0.002567868,2.7676959e-05,0.27124467,6.531762e-05,0.010844939,0.0,0.0,2.7123418e-05,0.0,0.0046967794,0.5797481,0.093319505,0.0037070517,0.011601626,0.014938913,0.0038780947,0.0033323057
99999E00021646,6,False,47,47.74,False,0.006021535,0.0,0.0016138379,0.2820353,0.017885784,0.15848619,0.040307317,0.0152586065,0.0,0.0,0.07865197,0.003840316,0.00765414,0.022594834,0.08551575,0.01440091,0.16898826,0.09674528
99999E00021662,6,False,DO,DO.01,False,0.0,0.0019145,0.0074620917,0.078764044,0.020455562,0.07273614,0.17076273,0.13777375,0.006578476,0.040157214,0.22045867,0.0066804844,0.042810764,0.050593738,0.02036639,0.051448982,0.029003933,0.042032532
99999E00021801,3,False,01,01.4,False,0.0,0.0,0.0,0.06912789,0.0,0.08292013,0.0012500524,0.0,0.0,0.0,0.0026251096,0.0,0.0,0.043293472,0.050231267,0.10492105,0.48702034,0.15861079
99999E00021815,6,False,DO,DO.01,False,0.0,0.0,0.07746327,0.11062685,0.059965685,0.5283835,0.040504266,0.0064901174,0.0,0.0007094099,0.019741967,0.0,0.030381327,0.043851182,0.0,0.04056681,0.026916476,0.014399055
99999E00021816,6,False,DO,DO.01,False,0.009011899,0.0034398697,0.1839932,0.21809913,0.05588927,0.0730897,0.0033031793,0.06789438,0.002583131,0.0064083175,0.0150801055,0.0069981334,0.020927668,0.16990115,0.027300468,0.037057173,0.022658365,0.07636489
99999E00021851,6,False,DO,DO.01,False,0.0,0.0,0.040683635,0.057603415,0.011055181,0.60486233,0.13641918,0.018261716,0.0,0.0022134797,0.006864434,0.009546267,0.006589531,0.012050941,0.0019955933,0.07556579,0.0065284413,0.009760081
99999E00021856,6,False,DO,DO.02,False,0.0,0.017038023,0.031997815,0.017870272,0.0012380296,0.78185225,0.11173296,0.0028929792,0.0,0.009415708,0.0013032727,0.0,0.0016565409,0.0019541134,0.009162691,0.009001971,0.0028834313,0.0
99999E00021881,5,False,55,55.10,False,0.0,0.0,0.00027292248,0.0029850379,0.0,0.073469006,0.92004406,0.0,0.0,0.0,0.0,0.0,0.0,0.0,0.0019526994,0.0012762342,0.0,0.0
99999E00021886,6,False,56,56.30,True,0.0,0.009170896,0.006117345,0.0022545357,0.0038723855,0.05720703,0.7571864,0.0011946339,0.0667498,0.07278775,0.008547511,0.00023521598,0.0,0.0,0.012359978,0.0,0.0,0.002316515
99999E00021975,3,False,DO,DO.01,False,0.0,0.0,0.0,0.35124665,0.116108425,0.0,0.0,0.0,0.0,0.0,0.29118827,0.0,0.0,0.0,0.2414566,0.0,0.0,0.0
99999E00021985,6,False,DO,DO.01,False,0.0003649926,0.025386255,0.0036475898,0.12118425,0.009521634,0.5467192,0.16069631,0.008868151,0.007022165,0.008436585,0.026110403,0.0,0.012728314,0.026569707,0.0,0.024114622,0.004878053,0.013751753
99999E00022017,6,False,DO,DO.02,False,0.0,0.0037591376,0.04861564,0.010139962,0.0019662646,0.7322724,0.17490393,0.0018622294,0.0,0.0064224377,0.005378619,0.0,0.0,0.0042515704,0.0057739518,0.0046538403,0.0,0.0
99999E00022043,3,False,94,94.99,False,0.0,0.0,0.005884283,0.016012583,0.0,0.05854061,0.04051579,0.06298869,0.00014723623,0.0,0.0018081641,0.35615668,0.027373021,0.013256427,0.22578804,0.11242131,0.0039598797,0.07514731
99999E00022065,6,False,56,56.30,True,0.0,0.22771868,0.0025053162,0.0026625132,0.0,0.5476807,0.203228,0.0,0.0,0.0017290739,0.0031369182,0.0,0.0,0.0,0.0,0.011338804,0.0,0.0
99999E00022079,6,False,DO,DO.01,False,0.0,0.0,0.06563579,0.030395327,0.03224852,0.7163137,0.035086792,0.0076386826,0.0,0.0044793114,0.0052098087,0.0,0.0059804427,0.033579927,0.0,0.046137135,0.00911229,0.008182255
99999E00022087,6,False,DO,DO.01,False,0.018018452,0.01862465,0.08603404,0.036461815,0.040715266,0.2095126,0.13361663,0.026188204,0.0013717426,0.009069005,0.021755317,0.017405689,0.02551351,0.07965951,0.035652388,0.12853755,0.035669614,0.07619395
99999E00022097,5,False,84,84.1,False,0.0,0.0,0.003404656,0.0,0.0,0.25669435,0.61884826,0.0,0.0,0.0,0.0,0.0,0.0,0.0,0.11443387,0.006618832,0.0,0.0
99999E00022126,5,False,47,47.11,False,0.0,0.0,0.0029438904,0.003982473,0.0,0.079956,0.8341381,0.0,0.0,0.028602751,0.008667043,0.009073347,0.0,0.0054746615,0.009041536,0.016378954,0.0,0.0017412992
99999E00022149,6,False,43,43.22,False,0.0,0.0,0.0,0.0,0.0,0.07600808,0.14724047,0.00044952633,0.10142442,0.059526462,0.04037614,0.02027317,0.021967942,0.01132381,0.4233867,0.042988755,0.03135909,0.023675423
99999E00022151,6,False,DO,DO.01,True,0.0014323696,0.019068828,0.050256792,0.03619104,0.03139399,0.15305547,0.18922932,0.08495169,0.004214944,0.07603291,0.047165178,0.020216277,0.030875657,0.04513313,0.050526585,0.08544223,0.03337658,0.04143693
99999E00022223,6,False,DO,DO.01,False,0.0,0.0,0.05909328,0.1372707,0.14944519,0.1860086,0.025213132,0.0,0.0,0.07586815,0.013539714,0.0,0.019004254,0.12574615,0.03920308,0.08867078,0.07780706,0.0031298557
99999E00022276,6,False,DO,DO.01,False,0.0,0.0014717914,0.018558355,0.10551579,0.020377124,0.20681341,0.19920088,0.26868314,0.0,0.009550032,0.022557577,0.009507273,0.0018914865,0.07677964,0.016989334,0.025456492,0.003055792,0.013591738
99999E00022340,6,False,DO,DO.01,False,0.0,0.0,0.020929478,0.10975959,0.25376222,0.0023314382,0.13786107,0.086235665,0.0013377281,0.04198317,0.21839613,0.0054748557,0.009450506,0.031686928,0.007179285,0.027726399,0.03204661,0.0138390325
99999E00022347,6,False,96,96.02,False,0.0,0.0,0.0,0.0,0.0,0.026925603,0.0047279894,0.0030846489,0.0,0.0,0.005864324,0.34344816,0.02846613,0.025257232,0.38392174,0.15114626,0.0041500027,0.023007924
99999E00022354,5,False,47,47.11,False,0.0,0.0,0.0,0.0,0.0,0.030810991,0.004551579,0.00046299328,0.0,0.0037972326,0.0011998062,0.87107635,0.0014061775,0.010894142,0.026783813,0.0097296545,0.037772503,0.0015146481
99999E00022387,6,False,DO,DO.01,False,0.0,0.0,0.00522978,0.14285909,0.046997953,0.10746644,0.08329824,0.02940251,0.0040645795,0.00960123,0.0824477,0.0,0.16867128,0.23167129,0.0,0.059433684,0.0071787024,0.021677539
99999E00022435,5,False,84,84.1,False,0.0,0.0,0.0059597134,0.0008456489,0.007392475,0.031757154,0.20259008,0.0,0.0,0.0,0.013691066,0.028772661,0.040878523,0.0065282853,0.14053017,0.49548948,0.02374409,0.0018205656
99999E00022494,5,False,53,53.10,False,0.0,0.0,0.0,0.0,0.0,0.46839187,0.2162247,0.014457667,0.0,0.0,0.0,0.0,0.0,0.0,0.29666507,0.001932147,0.0023286075,0.0
99999E00022502,3,False,DO,DO.01,False,0.0,0.05496135,0.12757666,0.22618818,0.034096126,0.048376188,0.0,0.056055155,0.005035333,0.0077523086,0.025795322,0.023709754,0.067940325,0.01633374,0.03624866,0.020536762,0.10614699,0.1432471
99999E00022541,6,False,DO,DO.01,False,0.0,0.0,0.0021116186,0.017890573,0.003612459,0.3078503,0.13226707,0.026805665,0.055789623,0.24608059,0.042292126,0.00696639,0.07314176,0.009518952,0.0070286635,0.013890008,0.02153574,0.033218518
99999E00022565,6,False,45,45.20,True,0.003538361,0.009720736,0.0029465284,0.0118547585,0.0030436697,0.0009045941,0.014655154,0.012089189,0.0,0.06682668,0.0672064,0.2081302,0.18441267,0.0,0.10032389,0.29932532,0.01201128,0.0030105407
99999E00022591,6,False,DO,DO.01,False,0.0,0.0,0.09506974,0.05443317,0.049519606,0.083296835,0.11141542,0.11814443,0.024824047,0.10296881,0.18161903,0.0055427104,0.024930751,0.048929963,0.036879037,0.012066066,0.015051937,0.03530838
99999E00022604,6,False,47,47.64,False,0.0,0.0,0.0,0.0,0.0,5.4612945e-05,0.0006260983,0.0044294996,0.0,0.0011112757,3.5108318e-05,0.7498981,0.0028564516,0.0,0.13158792,0.08027517,0.016753495,0.012372268
99999E00022610,3,False,DO,DO.01,False,0.0,0.0,0.024804162,0.1329583,0.02891519,0.061676294,0.2880442,0.05898161,0.0072160857,0.0357899,0.095410675,0.009249809,0.013506102,0.056613777,0.020812977,0.048006766,0.08927682,0.028737238
99999E00022763,3,False,01,01.1,False,0.0,0.0,0.0,0.1745383,0.0,0.32535222,0.0,0.0,0.0,0.0,0.0,0.0,0.2441784,0.045404777,0.08642967,0.0,0.0446748,0.07942186
99999E00022813,6,False,DO,DO.01,True,0.076767325,0.51870036,0.077034354,0.10149815,0.010537848,0.05894241,0.060971014,0.006280562,0.0,0.026743833,0.033673715,0.0,0.0142021105,0.0,0.0,0.00621057,0.0,0.008437734
99999E00022827,2,False,60,60.10,False,0.0,0.0,0.0,0.0,0.0,1.0,0.0,0.0,0.0,0.0,0.0,0.0,0.0,0.0,0.0,0.0,0.0,0.0
99999E00022916,6,False,DO,DO.01,False,0.0,0.0022815906,0.013219427,0.16887425,0.14013827,0.025417302,0.20961073,0.026838612,0.040837456,0.06156137,0.077477224,0.010109082,0.02908,0.046653364,0.009903949,0.09944793,0.025262881,0.013286587
99999E00023020,5,False,55,55.10,False,0.0,0.0,0.01748872,0.2754264,0.0063515995,0.07241738,0.54361326,0.007308618,0.0,0.006063069,0.029053211,0.0025078957,0.0035441169,0.010893665,0.010178825,0.008992279,0.0034551339,0.0027059547
99999E00023144,6,False,DO,DO.01,False,0.0,0.0,0.026092568,0.068843484,0.024795309,0.20692523,0.2513777,0.012514019,0.0,0.013674226,0.15878618,0.0,0.12567376,0.007871472,0.0,0.054754656,0.043697357,0.00499423
99999E00023200,3,False,DO,DO.01,False,0.0,0.0,0.008226048,0.086555034,0.011454013,0.08118449,0.060027763,0.15830392,0.0,0.049237777,0.027881656,0.017234633,0.0008013483,0.11911686,0.055573322,0.20983288,0.0673189,0.047251333
99999E00023227,3,False,DO,DO.01,False,0.020500401,0.0,0.01661943,0.110543385,0.049077664,0.10284798,0.0707091,0.0,0.0050031273,0.05805047,0.03372232,0.0,0.012028796,0.19541913,0.06848696,0.08263144,0.13060468,0.04375519
99999E00023291,3,False,01,01.4,False,0.03445243,0.0013040972,0.117186785,0.14936464,0.031268008,0.08315894,0.0077639283,0.0320262,0.0,0.068086006,0.033906527,0.05355897,0.14633185,0.004427865,0.06286962,0.07615321,0.019591786,0.078549124
99999E00023303,6,False,DO,DO.01,False,0.0019903416,0.0011507676,0.24418719,0.07236221,0.1940348,0.11666513,0.07721083,0.03308781,0.030892435,0.048681516,0.038721707,0.0072887344,0.031517252,0.028236756,0.0,0.019421227,0.015662596,0.038888652
99999E00023502,6,False,DO,DO.01,False,0.0,0.0,0.0024337023,0.0,0.0011961262,0.9701828,0.012538601,0.005077615,0.001370808,0.0021790813,0.0023330383,0.0,0.0,0.0,0.0,0.0,0.0019303819,0.00075794134
99999E00023521,5,False,47,47.30,False,0.0,0.015746845,0.0014846283,0.0024311165,0.0,0.49238142,0.41723648,0.006138694,0.0,0.0,0.014863256,0.026288005,0.0045537255,0.0,0.0,0.007702695,0.0042931424,0.006880009
99999E00023543,3,False,DO,DO.01,False,0.0,0.00026428828,0.1030367,0.07684121,0.024181183,0.012721552,0.0429528,0.045314718,0.009971524,0.029521713,0.010059621,0.014076326,0.036731306,0.1173297,0.10123193,0.06350776,0.12176069,0.19049707
99999E00023574,6,False,47,47.78,False,0.0,0.0,0.0063767605,0.013464895,0.0035949927,0.051295105,0.05587878,0.008261987,0.0,0.005778537,0.0,0.15080999,0.007949372,0.011511709,0.40087098,0.21051872,0.036089905,0.037598263
99999E00023647,6,False,DO,DO.01,False,0.02018231,0.05105781,0.109906204,0.14933853,0.19600658,0.086496696,0.1557099,0.06725046,0.0,0.0,0.0,0.0,0.0,0.0,0.029048637,0.019072603,0.08158983,0.0343405
99999E00023698,3,False,DO,DO.01,False,0.00013432282,0.0,0.026245225,0.057503965,0.038832366,0.00091339526,0.21624087,0.06171662,0.0,0.090397805,0.02690958,0.012221198,0.039384175,0.09982291,0.11824764,0.0952269,0.08590925,0.030293789
99999E00023700,6,False,DO,DO.01,False,0.0,0.0,0.02852776,0.05433702,0.02070286,0.2165119,0.42696252,0.04605084,0.022708273,0.01090925,0.0486531,0.001728399,0.0056658112,0.031098459,0.012167557,0.05976228,0.00868066,0.0055331774
99999E00023721,3,False,DO,DO.01,False,0.0,0.0,0.032575447,0.1678793,0.046969827,0.0,0.04255478,0.05506408,0.01279041,0.1324101,0.08697809,0.0315585,0.07318728,0.010400992,0.026316661,0.029747836,0.20176108,0.04980571
99999E00023753,6,False,DO,DO.01,False,0.0,0.0,0.0032328411,0.017044885,0.003994377,0.076950096,0.37630543,0.4014226,0.0,0.018168764,0.0267821,0.0,0.0,0.022753332,0.0017220529,0.031773843,0.006641941,0.013207728
99999E00023777,6,False,DO,DO.01,True,0.0058861687,0.14514478,0.012662508,0.105673626,0.2742154,0.06933327,0.039908636,0.0,0.08830564,0.054773107,0.038880456,0.005067763,0.07640633,0.006362996,0.006148389,0.05612562,0.011612244,0.003493058
99999E00023804,6,False,DO,DO.01,False,0.009538788,0.0,0.09846364,0.12960254,0.03623305,0.057130776,0.14942403,0.13345242,0.007040804,0.015633645,0.027019016,0.0,0.026720693,0.080492504,0.047656182,0.03819481,0.062141847,0.0812553
99999E00023819,5,False,DO,DO.01,False,0.0,0.0,0.0,0.0040022624,0.0,0.25847304,0.69676477,0.016392194,0.0,0.0,0.0038599088,0.0,0.0027652986,0.0,0.0,0.01190714,0.0018236432,0.004011652
99999E00023911,6,False,47,47.59,False,0.0,0.0,0.0,0.0,0.0,0.19913357,0.14262694,0.0,0.007986967,0.03391192,0.0,0.0,0.14533013,0.004412683,0.0,0.46659777,0.0,0.0
99999E00023916,6,False,DO,DO.01,False,0.0,0.0,0.016662264,0.0052128057,0.030858492,0.13855496,0.03410067,0.17660238,0.019342978,0.07354625,0.008576084,0.00015412732,0.02794108,0.26720724,0.058887642,0.14063017,0.00013210913,0.001590814
99999E00023923,6,False,DO,DO.01,False,0.008858381,0.022459544,0.13807915,0.08980141,0.14240022,0.16807784,0.07039342,0.03234304,0.027156906,0.030446358,0.0076494366,0.0,0.016873315,0.14415632,0.0,0.056736026,0.013590349,0.030978383
99999E00023948,3,False,DO,DO.01,False,0.0,0.0,0.028535983,0.14078957,0.16772638,0.011726906,0.02787387,0.07078196,0.0013608318,0.050605375,0.12735857,0.0,0.042899147,0.12129461,0.03346361,0.049583733,0.09722016,0.028779192
99999E00023956,5,False,77,77.21,False,0.0,0.0,0.0,0.23572853,0.0033335837,0.054966748,0.14667796,0.004458476,0.0,0.0039955033,0.12861876,0.18198644,0.062387254,0.005466426,0.05757813,0.10837604,0.0041844035,0.0022416383
99999E00023980,6,False,DO,DO.01,False,0.0,0.0,0.0017086035,0.00568377,0.002139503,0.12459349,0.27628,0.28636667,0.013433252,0.04632446,0.04755876,0.009043366,0.011211674,0.023031028,0.0025810567,0.018004261,0.062243674,0.06979625
99999E00023981,6,False,DO,DO.01,False,0.0,0.0141684385,0.07950171,0.114688635,0.025534466,0.39111957,0.21814297,0.017606363,0.001881114,0.028988952,0.032994986,0.005823981,0.0024707916,0.018342786,0.004391962,0.034528684,0.0036181784,0.006196429
99999E00023984,5,False,84,84.11,False,0.0,0.0,0.01145897,0.0,0.014279659,0.7115341,0.20231824,0.0,0.0,0.0014555799,0.006872264,0.0,0.0,0.0029519945,0.03376492,0.010810875,0.0045534363,0.0
99999E00024001,6,False,DO,DO.01,False,0.0030013802,0.0,0.0,0.2794485,0.048442278,0.17542069,0.018288411,0.14190526,0.0062428713,0.030193888,0.079216436,0.0,0.00040018404,0.063349135,0.0,0.014866837,0.09026151,0.048962522
99999E00024080,6,False,DO,DO.01,False,0.0,0.0,0.013041174,0.025752243,0.010811601,0.2609588,0.54277384,0.054310013,0.0,0.008391288,0.009883868,0.004921034,0.0,0.018358206,0.0112902075,0.017390653,0.008403168,0.01371393
99999E00024130,6,False,DO,DO.01,False,0.0,0.0,0.0,0.026880303,0.0,0.021245973,0.2809397,0.04678125,0.0,0.009991492,0.071457654,0.01116434,0.042702615,0.0855369,0.021145705,0.22286548,0.069676094,0.08961249
99999E00024304,5,False,64,64.19,False,0.0,0.0,0.0026875203,0.0031531318,0.0,0.96410275,0.027819615,0.0,0.0,0.002236905,0.0,0.0,0.0,0.0,0.0,0.0,0.0,0.0
99999E00024305,3,False,DO,DO.01,False,0.0,0.04774664,0.14330287,0.18734172,0.113997295,0.027486674,0.0079123,0.023548013,0.0,0.0,0.07244897,0.025192037,0.03942858,0.11826476,0.03246072,0.11121293,0.02993522,0.019721285
99999E00024441,2,False,55,55.10,False,0.0,0.0,0.0,0.0,0.0,0.13401216,0.8659879,0.0,0.0,0.0,0.0,0.0,0.0,0.0,0.0,0.0,0.0,0.0
99999E00024469,5,False,47,47.11,False,0.0,0.0,0.027019622,0.0138250105,0.0,0.11767052,0.79302454,0.004591134,0.0,0.022183087,0.0014209722,0.0,0.0,0.0,0.016197475,0.0,0.0,0.00406763
99999E00024491,6,False,46,46.71,False,0.053346466,0.052806906,0.0,0.0,0.0,0.89384663,0.0,0.0,0.0,0.0,0.0,0.0,0.0,0.0,0.0,0.0,0.0,0.0
99999E00024552,6,False,DO,DO.01,False,0.0026182625,0.0,0.03864751,0.39412355,0.16836779,0.07013793,0.016696116,0.06938021,0.0,0.00053265516,0.0017817691,0.0,0.03581168,0.045977145,0.0,0.07238109,0.063438475,0.020105857
99999E00024592,6,False,52,52.10,False,0.0,0.0,0.0,0.0,0.0019792898,0.8521084,0.017902113,0.011175746,0.0019551523,0.0037654783,0.0019068768,0.0,0.0,0.0068631466,0.0064528063,0.033004254,0.021048056,0.041838646
99999E00024598,6,False,DO,DO.01,False,0.0,0.0,0.03724307,0.062903196,0.028436849,0.16938551,0.24383989,0.08541251,0.0049339836,0.05248095,0.06741829,0.0020950793,0.011369992,0.09573948,0.012626974,0.0780565,0.011317506,0.036740277
99999E00024617,6,False,DO,DO.01,False,0.003793094,0.014910378,0.30029708,0.10904985,0.08372841,0.15870835,0.16276127,0.0050955554,8.517751e-05,0.014780993,0.008296721,0.0,0.010582497,0.036585357,0.024065342,0.031739943,0.013123805,0.022396293
99999E00024625,6,False,DO,DO.01,False,0.0014667251,0.0015517778,0.0,0.0,0.0033302475,0.11625109,0.010036219,0.14541894,0.020604277,0.02019776,0.0023880715,0.014752999,0.002815418,0.099352665,0.10820127,0.029465728,0.1538218,0.27034503
99999E00024644,6,False,94,94.9,False,0.0,0.0,0.019117061,0.020820294,0.04366315,0.09739202,0.08254829,0.01827645,0.0,0.11618473,0.058864824,0.011901777,0.061393995,0.093332216,0.043447305,0.09163362,0.09598804,0.14543624
99999E00024649,3,False,DO,DO.01,False,0.017504677,0.04453053,0.12507707,0.11980886,0.13431315,0.030412564,0.09604651,0.022915196,0.02081641,0.048595347,0.02225858,0.016168524,0.057169084,0.05581478,0.043691494,0.058449365,0.05447385,0.031954058
99999E00024670,6,False,DO,DO.01,False,0.0,0.0,0.07580403,0.06837354,0.04216856,0.28773952,0.15237129,0.026834043,0.0,0.037661273,0.012765101,0.0041495273,0.0043567307,0.11239351,0.022064893,0.04017156,0.08372197,0.029424328
99999E00024695,3,False,DO,DO.01,False,0.0,0.0,0.01852028,0.22078031,0.02596051,0.027935056,0.09179851,0.10661354,0.0018199121,0.012055431,0.060241472,0.0,0.053800408,0.17027478,0.11108006,0.06398835,0.017580587,0.01755085
99999E00024726,6,False,01,01.50,False,0.0,0.07973421,0.051495012,0.0,0.0,0.0,0.0,0.0,0.033388704,0.0,0.0423588,0.0,0.14850497,0.0,0.25930232,0.38521594,0.0,0.0
99999E00024797,6,False,01,01.4,False,0.012327096,0.02454669,0.027449293,0.106249556,0.03268115,0.20737477,0.0030817748,0.0,0.0,0.006593565,0.056152802,0.0,0.3047015,0.0065218955,0.0,0.10338278,0.05314269,0.05579445
99999E00024824,6,False,DO,DO.01,False,0.0,0.0,0.10058348,0.09063641,0.08133493,0.45896545,0.020193193,0.021869432,0.0,0.013628127,0.01317377,0.009473461,0.0034397608,0.041268144,0.023867832,0.05407997,0.027853077,0.039632976
99999E00024894,6,False,45,45.20,True,0.018260099,0.053342197,0.012368737,0.0142942825,0.0,0.41342223,0.1214373,0.0,0.0012016484,0.05263392,0.0044885417,0.007744195,0.013074322,0.0,0.19830456,0.06394294,0.021524101,0.003960969
99999E00024900,6,False,DO,DO.01,False,0.0,0.00595263,0.09708987,0.10272161,0.02962751,0.10283273,0.37431407,0.0060711387,0.0043714433,0.03435186,0.09436708,0.0027193679,0.017065044,0.0213334,0.03028228,0.07320314,0.0003976417,0.0032991907
99999E00024935,6,False,DO,DO.01,False,0.0011585123,0.0020922325,0.12937038,0.15424941,0.1558948,0.06998792,0.14362308,0.022378733,0.009686293,0.062011275,0.05806277,0.0067877998,0.03238547,0.036406446,0.033582956,0.01782074,0.04451856,0.019982705
99999E00024986,3,False,DO,DO.01,False,0.0,0.0,0.008064649,0.011420812,0.0,0.8548089,0.03203412,0.018335715,0.0,0.0,0.016019797,0.0,0.019381437,0.004856309,0.0,0.014437528,0.0060170055,0.014623676
99999E00025005,6,False,56,56.30,False,0.0,0.0,0.035581335,0.051069684,0.0,0.7330985,0.17423622,0.0006031108,0.0,0.00069528975,0.0007107141,0.0,0.0011575614,0.0,0.0,0.0,0.0017287219,0.001118817
99999E00025010,6,False,DO,DO.01,False,0.0008801106,0.0,0.0594999,0.09317242,0.028824016,0.08538653,0.10410824,0.0895872,0.0012988346,0.005970373,0.06510053,0.08253446,0.012866679,0.09396405,0.08473395,0.015284219,0.060734738,0.11605372
99999E00025021,5,False,85,85.3,False,0.0,0.0,0.0035438421,0.002755148,0.0,0.38712063,0.31613156,0.0,0.0,0.10999981,0.0,0.001577424,0.0,0.0,0.17152621,0.0065173395,0.0,0.0008280229
99999E00025030,6,False,DO,DO.01,False,0.0,0.0,0.0057869363,0.051331062,0.011775001,0.011143571,0.2867986,0.06022606,0.00088533,0.036535826,0.12757905,0.062198587,0.06822171,0.02599527,0.09378963,0.095323734,0.022612635,0.039797045
99999E00025124,6,False,84,84.1,False,0.004698346,0.0057110223,0.060880844,0.10439396,0.188113,0.31504744,0.09369861,0.0,0.0,0.02401489,0.027693832,0.010089754,0.027582807,0.04731233,0.012415376,0.05074483,0.0028134563,0.024789538
99999E00025146,4,False,96,96.02,False,0.0,0.0,0.005313395,0.008273952,0.009167484,0.09428813,0.036004666,0.00772476,0.098378286,0.4425969,0.021509154,0.048957955,0.04762253,0.0036785041,0.11147691,0.033529893,0.017917467,0.0135600325
99999E00025196,3,False,DO,DO.01,False,0.0,0.0,0.012312927,0.15614413,0.060434096,0.0,0.30931452,0.0,0.0,0.0313388,0.0,0.0,0.053039286,0.0,0.12961788,0.14454384,0.08357307,0.01968133
99999E00025221,6,False,DO,DO.01,False,0.011792418,0.0,0.14322612,0.09857419,0.13710478,0.19067958,0.019711943,0.010784742,0.026610762,0.019409351,0.053382233,0.044617184,0.098540895,0.080614105,0.0,0.048867956,0.00620966,0.009874069
99999E00025235,6,False,DO,DO.01,False,0.0,0.0076388735,0.1981009,0.071198896,0.036818814,0.11260379,0.11832139,0.031744305,0.05464871,0.075527966,0.11034455,0.0040930584,0.028597182,0.029824946,0.0048297173,0.02211924,0.066902295,0.026685458
99999E00025265,4,False,47,47.30,False,0.0,0.0,0.0021153865,0.004760249,0.0,0.07702506,0.03727236,0.0,0.0,0.016500475,0.0005838152,0.005142285,0.0,0.0,0.79736894,0.031131083,0.02297116,0.0051291687
99999E00025286,6,False,DO,DO.01,False,0.0,0.0,0.11369343,0.13723895,0.09457361,0.07926593,0.19003727,0.07076682,0.0011172198,0.048766375,0.024168158,0.0017462384,0.0,0.14279266,0.02809658,0.042399887,0.011107677,0.014229219
99999E00025379,6,False,DO,DO.01,False,0.0,0.0,0.0,0.05088407,0.012338644,0.01533996,0.5669527,0.0074517964,0.0152893495,0.032250904,0.063007325,0.0,0.003744877,0.1303701,0.027184565,0.043066528,0.017536806,0.014582275
99999E00025387,6,False,DO,DO.01,False,0.0,0.0,0.03646554,0.12743287,0.006344087,0.2266454,0.5005511,0.020517306,0.0013122167,0.0060630804,0.003414323,0.0,0.0,0.023046365,0.0,0.02787468,0.015073208,0.005259748
99999E00025481,6,False,DO,DO.01,False,0.00013287515,0.0,0.07210575,0.22287008,0.07096757,0.15131682,0.13976629,0.06737469,0.007032767,0.04040016,0.055139687,0.0082426295,0.01934295,0.04751685,0.0,0.036189243,0.026869627,0.034731988
99999E00025495,5,False,56,56.10,False,0.0,0.0,0.0,0.3797058,0.0,0.097302236,0.45142704,0.051801816,0.0,0.0,0.00961035,0.0,0.0016572365,0.005705489,0.0,0.0027900287,0.0,0.0
99999E00025501,6,False,DO,DO.01,False,0.0,0.0,0.0,0.0016816586,0.0022728797,0.0,0.8188967,0.006355204,0.0017038081,0.07325068,0.0050114673,0.0,0.0044952133,0.014659565,0.022377815,0.028012307,0.019505762,0.0017770719
99999E00025552,3,False,DO,DO.01,False,0.0,0.0,0.0,0.015380946,0.002767865,0.03978131,0.271674,0.14141217,0.012216781,0.20996557,0.014353888,0.01158395,0.010419952,0.025385926,0.044574242,0.022894017,0.07962486,0.09796456
99999E00025555,6,False,DO,DO.01,False,0.0,0.0,0.007242898,0.12737988,0.15199275,0.542599,0.0070958785,0.0534634,0.0043414147,0.0,0.0051586735,0.0,0.0015307378,0.04369954,0.014213378,0.008630941,0.0138588,0.018792618
99999E00025613,6,False,DO,DO.01,False,0.0,0.0,0.017010467,0.07031101,0.04352661,0.3281828,0.10727795,0.06097425,0.0,0.010131877,0.019380553,0.0,0.015580695,0.19540419,0.01792866,0.05879762,0.022480603,0.033012655
99999E00025621,6,False,DO,DO.01,False,0.0,0.0,0.15677275,0.0972647,0.085244514,0.084554285,0.073174186,0.064522594,0.0,0.02044464,0.055466898,0.010899287,0.0035455867,0.16084337,0.03650892,0.027473873,0.043629594,0.07965476
99999E00025698,6,False,77,77.39,False,0.0012707128,0.0,0.0021808385,0.0017798486,0.0046211057,0.0036429332,0.00034387928,0.0088959,0.0039834706,0.005161834,0.0027847537,0.7530312,0.017240744,0.0049728826,0.10520094,0.047487542,0.012931015,0.024470411
99999E00025707,3,False,DO,DO.01,False,0.0,0.0,0.5090989,0.0,0.047356952,0.062149752,0.0,0.03736182,0.002312208,0.0059837545,0.0,0.0,0.07490355,0.051401652,0.0,0.15535106,0.021169698,0.03291065
99999E00025712,6,False,DO,DO.01,False,0.0,0.0074426765,0.033641994,0.058739226,0.13649122,0.23636049,0.34736288,0.017187659,0.02537557,0.041106228,0.014414595,0.0024638383,0.009748201,0.007722943,0.015040128,0.019689789,0.014254672,0.012957916
99999E00025764,6,False,DO,DO.01,False,0.0,0.0,0.050329052,0.077089295,0.034098763,0.35387695,0.16152625,0.07920911,0.0,0.024795031,0.019778756,0.0029422229,0.009279828,0.07468466,0.009649068,0.045164265,0.031780586,0.025795946
99999E00025804,5,False,56,56.30,False,0.0,0.0005832455,0.0,0.013979349,0.0,0.07019484,0.9140894,0.0,0.0,0.0,0.0,0.0,0.0,0.0,0.0011531505,0.0,0.0,0.0
99999E00025817,5,False,56,56.10,False,0.0001699733,0.0003899388,0.0,0.0,0.0,0.018795513,0.89122325,0.015022874,0.0,0.0,0.0,0.00018550934,0.0,0.022687979,0.041408118,0.0027228035,0.0,0.0073940707
99999E00025831,6,False,DO,DO.01,False,0.0040621446,0.016714437,0.101133965,0.20044264,0.044960905,0.15605253,0.047874905,0.00781396,0.0047275517,0.08786616,0.059324037,0.027168019,0.04453099,0.024384603,0.009818256,0.09473666,0.027578123,0.04080999
99999E00025910,6,False,DO,DO.01,False,0.0,0.0,0.005976375,0.053627595,0.016460948,0.51499677,0.23310275,0.034927394,0.0,0.003658967,0.004665427,0.0026852062,0.0017889006,0.061419077,0.012786674,0.041390996,0.004878314,0.007634482
99999E00025913,6,False,DO,DO.01,False,0.0,0.0,0.14537391,0.11409416,0.052208226,0.057650592,0.17987506,0.031850718,0.006158418,0.02795299,0.041967273,0.021030528,0.01054519,0.07737618,0.059548844,0.1209325,0.015114563,0.038320825
99999E00025915,5,False,64,64.19,False,0.0,0.0,0.0,0.0,0.0,0.22964233,0.74640286,0.0,0.0,0.0,0.0,0.0,0.0,0.0,0.023954798,0.0,0.0,0.0
99999E00025922,3,False,DO,DO.01,False,0.0,0.0,0.093720384,0.10799469,0.042624254,0.04226005,0.03778614,0.039185014,0.0018624057,0.21963142,0.06924838,0.0,0.0,0.11079243,0.06369841,0.02637994,0.057420034,0.08739649
99999E00025944,6,False,DO,DO.01,True,0.05245917,0.14793886,0.2409058,0.02380923,0.059178635,0.18377757,0.017048785,0.0,0.12897034,0.10326147,0.019644259,0.0,0.0,0.0093559185,0.0068710055,0.0,0.006448092,0.00033090927
99999E00025950,5,False,55,55.10,False,0.0,0.0,0.0,0.0,0.0,0.0131068425,0.84866166,0.0,0.0,0.001230051,0.0,0.0008366392,0.0,0.0,0.0025315108,0.13200745,0.0,0.0016259251
99999E00025989,5,False,68,68.10,False,0.0,0.0,0.0017165084,0.0,0.0,0.9814097,0.014338357,0.0,0.0,0.0,0.0,0.0,0.0,0.0,0.0,0.0025353932,0.0,0.0
99999E00025995,3,False,DO,DO.01,False,0.0,0.0,0.0,0.2743382,0.0,0.52088284,0.053256728,0.00343124,0.0,0.0,0.0,0.0,0.017558932,0.00038661872,0.074714065,0.0,0.05543146,0.0
99999E00026011,6,False,14,14.21,False,0.0,0.0,0.0069376044,0.0009814797,0.008682173,0.005188553,0.012557816,0.007866567,0.017983653,0.043276045,0.017728437,0.673939,0.07264615,0.0,0.018121347,0.021956965,0.055952344,0.036181856
99999E00026039,6,False,47,47.76,False,0.0,0.00042827873,0.0053640264,0.0017341984,0.0,0.053837247,0.037760906,0.0031162705,0.0,0.0,0.0025605469,0.7251757,0.006941829,0.021807915,0.035379414,0.035594966,0.033607453,0.03669131
99999E00026049,3,False,01,01.4,False,0.0,0.0,0.0007488121,0.0,0.0,0.0,0.0023374131,0.0,0.0,0.048371855,0.010217435,0.06849181,0.036026955,0.007901017,0.20213726,0.16956043,0.42182612,0.03238087
99999E00026050,6,False,01,01.4,False,0.0,0.0,0.0025502585,0.0,0.0003206039,0.25968188,0.007854796,0.003883679,0.015228685,0.070430845,0.0002768852,0.0,0.003606794,0.024030719,0.3692847,0.0773384,0.11069578,0.054815978
99999E00026068,5,False,55,55.10,False,0.0,0.0,0.008404731,0.3088871,0.0024837414,0.09125797,0.4206881,0.0050867354,0.0,0.003775986,0.11122043,0.0030794898,0.025960034,0.005077997,0.004046874,0.00857153,0.0,0.0014593009
99999E00026100,6,False,DO,DO.01,False,0.0,0.003518018,0.036610223,0.089576535,0.010651041,0.1565389,0.25643322,0.12649457,0.0013131091,0.026214033,0.08113659,0.02353485,0.008149669,0.071788,0.028339151,0.03276066,0.02287245,0.024068967
99999E00026107,1,False,IL,IL.01,False,0.36578536,0.62007314,0.00056950527,0.0,0.0,0.013571975,0.0,0.0,0.0,0.0,0.0,0.0,0.0,0.0,0.0,0.0,0.0,0.0
99999E00026112,1,False,IL,IL.01,False,0.39643276,0.60356724,0.0,0.0,0.0,0.0,0.0,0.0,0.0,0.0,0.0,0.0,0.0,0.0,0.0,0.0,0.0,0.0
99999E00026147,1,False,IL,IL.01,False,0.2640817,0.7359183,0.0,0.0,0.0,0.0,0.0,0.0,0.0,0.0,0.0,0.0,0.0,0.0,0.0,0.0,0.0,0.0
99999E00026156,1,False,IL,IL.01,False,0.2623367,0.7351671,0.0,0.0024962318,0.0,0.0,0.0,0.0,0.0,0.0,0.0,0.0,0.0,0.0,0.0,0.0,0.0,0.0
99999E00026158,1,False,IL,IL.01,False,0.337073,0.66292703,0.0,0.0,0.0,0.0,0.0,0.0,0.0,0.0,0.0,0.0,0.0,0.0,0.0,0.0,0.0,0.0
99999E00026159,1,False,IL,IL.01,False,0.33329776,0.6667023,0.0,0.0,0.0,0.0,0.0,0.0,0.0,0.0,0.0,0.0,0.0,0.0,0.0,0.0,0.0,0.0
99999E00026160,1,False,IL,IL.01,False,0.36098656,0.63338304,0.0,0.0,0.0,0.0056304215,0.0,0.0,0.0,0.0,0.0,0.0,0.0,0.0,0.0,0.0,0.0,0.0
99999E00026161,1,False,IL,IL.01,False,0.36548647,0.633925,0.0005130573,0.0,0.0,7.540681e-05,0.0,0.0,0.0,0.0,0.0,0.0,0.0,0.0,0.0,0.0,0.0,0.0
99999E00026178,3,False,01,01.1,False,0.0,0.0,0.0,0.0,0.23419611,0.027750125,0.0,0.030985562,0.0,0.0,0.16276754,0.0,0.42185166,0.07242409,0.0,0.0,0.0018666004,0.048158288
99999E00026193,6,False,84,84.24,False,0.0,0.02280318,0.0047583883,0.003819337,0.0,0.77749664,0.1254913,0.0022980482,0.0049279206,0.0052659265,0.0021136815,0.0,0.0,0.01642761,0.00248215,0.029769197,0.0,0.002346524
99999E00026195,6,False,55,55.10,True,0.00037786562,0.0,0.0060481383,0.008788859,0.0,0.041522376,0.87546915,0.011519627,0.0,0.004787658,0.0026711577,0.0016211051,0.007444261,0.0033752145,0.02365581,0.005924116,0.0044352934,0.0023592717
99999E00026234,6,False,DO,DO.01,False,0.0,0.005001508,0.009440347,0.117623754,0.022899432,0.33826703,0.23682173,0.018003445,0.0,0.019811198,0.044387724,0.0054421173,0.010814107,0.094555624,0.022963936,0.03814113,0.012786593,0.0030402686
99999E00026251,3,False,DO,DO.01,False,0.0,0.0,0.24333902,0.056243863,0.07654888,0.07581901,0.0,0.13409556,0.0,0.004667525,0.0019670026,0.0,0.014539032,0.03452655,0.01602432,0.2352338,0.020578714,0.08641673
99999E00026345,6,False,DO,DO.01,False,0.0,0.0,0.015749931,0.027344808,0.032261748,0.07827772,0.21932024,0.08584074,0.011553813,0.04425456,0.11666855,0.016081367,0.026963968,0.12009132,0.054340668,0.10801346,0.017804006,0.025433103
99999E00026383,3,False,DO,DO.01,False,0.00018855809,0.013983358,0.12271306,0.11063714,0.04609835,0.20088269,0.12034378,0.08053342,0.0,0.0,0.14219466,0.0,0.07925725,0.014939812,0.0,0.02805963,0.006050255,0.034118082
99999E00026401,6,False,DO,DO.01,False,0.0,0.0,0.04138372,0.40826863,0.129332,0.011719169,0.0875434,0.024555119,0.0032186669,0.021389598,0.13440473,0.0151551645,0.02552196,0.04186605,0.009066838,0.029125795,0.006017468,0.011431528
99999E00026409,6,False,DO,DO.01,False,0.039934866,0.025854884,0.1497296,0.11061077,0.052463423,0.2579168,0.10601763,0.011217858,0.0017852032,0.07288897,0.012676644,0.0,0.0050354954,0.004960508,0.006055071,0.04526338,0.07378,0.023808802
99999E00026419,6,False,DO,DO.01,False,0.015318654,0.0,0.023104947,0.118493244,0.09333797,0.12067759,0.024355834,0.026582504,0.0031965785,0.04625575,0.10072219,0.041559044,0.102045976,0.103641324,0.0,0.07235036,0.050555076,0.057802927
99999E00026423,2,False,DO,DO.02,False,0.0,0.0,0.0,0.0,0.0,0.9736823,0.026317663,0.0,0.0,0.0,0.0,0.0,0.0,0.0,0.0,0.0,0.0,0.0
99999E00026455,6,False,DO,DO.01,False,0.0,0.0,0.15803096,0.26109508,0.19138312,0.034844037,0.0763184,0.021896487,0.0018692825,0.059262298,0.07291731,0.00820945,0.0121882185,0.0226312,0.009045262,0.017060637,0.028316246,0.024932131
99999E00026465,6,False,62,62.09,True,0.01463746,0.0472453,0.02029316,0.01882406,3.4311906e-05,0.67178243,0.12652612,0.0030458,0.0029837636,0.008720989,0.0013494187,0.0,0.0045514056,0.0072175786,0.037495505,0.019034049,0.008815141,0.0074434876
99999E00026471,2,False,60,60.10,False,0.0,0.0,0.0,0.0,0.0,0.99634284,0.0036571552,0.0,0.0,0.0,0.0,0.0,0.0,0.0,0.0,0.0,0.0,0.0
99999E00026481,6,False,47,47.78,False,0.0,0.0023797136,0.18049182,0.3034009,0.049985018,0.048684936,0.29508722,0.03142629,0.004295072,0.006168769,0.007606254,0.0038847958,0.005094656,0.008359484,0.008928133,0.013731705,0.009237703,0.021237528
99999E00026502,6,False,DO,DO.01,False,0.0,0.0,0.009854794,0.0793765,0.057670146,0.108486176,0.1083444,0.02553595,0.006140992,0.026928572,0.0108966,0.007589813,0.017073354,0.3139744,0.071426496,0.09427384,0.04439532,0.018032566
99999E00026518,6,False,DO,DO.01,False,0.0014087389,0.007501181,0.15387486,0.051501207,0.03540213,0.34533307,0.13614328,0.029910717,0.0012845565,0.08746879,0.028609417,0.0,0.0065368484,0.02756032,0.011639145,0.06223131,0.0064892336,0.0071052625
99999E00026556,6,False,DO,DO.01,False,0.0,0.0,0.01874371,0.032973867,0.016663529,0.43925467,0.18361175,0.036096737,0.008081805,0.03576173,0.027090408,0.0048329816,0.014935237,0.039142996,0.02007726,0.045164097,0.03427885,0.043290377
99999E00026574,3,False,DO,DO.01,False,0.0,0.0,0.0,0.08784242,0.04968617,0.0009291409,0.12753674,0.14915857,0.0,0.12312404,0.07708296,0.013451102,0.017270586,0.0844003,0.047500547,0.030011253,0.15910468,0.032901596
99999E00026577,5,False,47,47.26,False,0.0,0.0,0.00093054073,0.0014108546,0.004358418,0.038354922,0.74619824,0.0017897598,0.0,0.0015134048,0.0018563806,0.17872126,0.0015769361,0.0008549881,0.011349025,0.0053163595,0.0031839593,0.0025849775
99999E00026590,6,False,45,45.20,False,0.0,0.0,0.00069540786,0.0012776263,0.002864675,0.06148785,0.43831038,0.028392619,0.0018466029,0.025194433,0.020695377,0.03570155,0.044553723,0.0,0.073828265,0.15000315,0.049057566,0.06609066
99999E00026591,6,False,69,69.20,False,0.0,0.0,0.0,0.006352592,0.0,0.10682367,0.7608162,0.0056417203,0.0,0.03668797,0.014043431,0.0,0.0,0.0,0.034990054,0.01257235,0.020786345,0.0012856991
99999E00026594,1,False,IL,IL.01,False,0.38195488,0.61804515,0.0,0.0,0.0,0.0,0.0,0.0,0.0,0.0,0.0,0.0,0.0,0.0,0.0,0.0,0.0,0.0
99999E00026603,6,False,DO,DO.01,False,0.0,0.0,0.0109739555,0.004524557,0.0,0.2818187,0.57064945,0.0045106993,0.0039776373,0.06906798,0.0,0.0,0.0057708314,0.011555058,0.0055292444,0.011598017,0.0064886627,0.013535331
99999E00026613,3,False,DO,DO.01,False,0.0,0.025239294,0.14855655,0.10457983,0.032832325,0.034191184,0.16698119,0.06873154,0.0,0.029876001,0.031666964,0.06743524,0.012202095,0.04950236,0.055096384,0.08606064,0.07795695,0.009091559
99999E00026638,3,False,DO,DO.01,False,0.0,0.0,0.0,0.33423838,0.0,0.32944158,0.0,0.0,0.0,0.0,0.0,0.0,0.0,0.0,0.0,0.24825779,0.0,0.08806228
99999E00026642,6,False,DO,DO.01,False,0.0,0.0,0.022348864,0.3071691,0.061347686,0.13192286,0.16163146,0.12720622,0.0,0.010261015,0.11133504,0.0,0.0042717895,0.035054073,0.00215808,0.010863075,0.0051354803,0.009295197
99999E00026644,2,False,55,55.10,False,0.0,0.0,0.0,0.0,0.0,0.7068174,0.29318258,0.0,0.0,0.0,0.0,0.0,0.0,0.0,0.0,0.0,0.0,0.0
99999E00026650,6,False,41,41.20,True,0.0,0.15202172,0.0,0.03683115,0.0,0.37463397,0.16865683,0.0,0.002205838,0.120691784,0.03314644,0.0,0.01694504,0.0,0.026317172,0.06518142,0.0033686724,0.0
99999E00026658,5,False,55,55.10,False,0.0,0.0,0.0,0.0,0.0,0.022136075,0.94552964,0.0,0.0,0.0,0.0,0.0,0.0,0.0,0.032334216,0.0,0.0,0.0
99999E00026686,3,False,DO,DO.01,False,0.0,0.0,0.064630575,0.12085238,0.0084705185,0.31237882,0.17317231,0.09667559,0.00080946006,0.0046523367,0.021434227,0.016115114,0.02725685,0.012941755,0.051931664,0.05879835,0.013017216,0.016862836
99999E00026692,6,False,DO,DO.01,False,0.0,0.008207328,0.07253311,0.15761013,0.09405752,0.22944446,0.20971711,0.02957323,0.010305259,0.06582846,0.015843669,0.0,0.0027918501,0.021320613,0.0,0.034710493,0.02487755,0.02317915
99999E00026701,5,False,55,55.10,False,0.0,0.0,0.0,0.0,0.0,0.08947028,0.89591014,0.0,0.0,0.0037361705,0.0,0.0,0.0,0.0,0.010883421,0.0,0.0,0.0
99999E00026708,6,False,DO,DO.01,False,0.0,0.0,0.15363812,0.070638455,0.055684924,0.14157432,0.11934006,0.026286732,0.0,0.026445456,0.028624348,0.0042473143,0.009963483,0.121423244,0.018120624,0.17692597,0.022126425,0.024960516
99999E00026709,6,False,94,94.91,False,0.0,0.0012114488,0.0,0.26319408,0.1079476,0.4038649,0.046188757,0.0014142573,0.0,0.0013946148,0.0050652996,0.0,0.0,0.007195525,0.11734816,0.026069967,0.014780953,0.004324451
99999E00026719,5,False,55,55.10,False,0.0,0.0,0.0006119025,0.011695948,0.0,0.16543667,0.81713337,0.00051451643,0.0,0.00086686196,0.0,0.0,0.0,0.00052412966,0.00080834655,0.0019502302,0.0,0.000458091
99999E00026723,6,False,96,96.02,False,0.0,0.0,0.07290732,0.048149906,0.00091547926,0.0,0.0017395302,0.0042988393,0.0,0.0,0.0016930471,0.8465753,0.006400665,0.0020098847,0.006956583,0.005139467,0.0022968156,0.00091718824
99999E00026728,5,False,55,55.10,False,0.0,0.0,0.0,0.0003380265,0.0,0.030584298,0.90315396,0.0,0.0,0.0017442988,0.0,0.0,0.0,0.0,0.060660243,0.0020505367,0.0006879301,0.00078070763
99999E00026745,5,False,56,56.10,False,0.0,0.0,0.0,0.0,0.0,0.06669829,0.22711869,0.0007960012,0.0,0.0,0.00039010824,0.00045237277,0.0,0.007864061,0.68858165,0.0070128823,0.0007925037,0.00029346705
99999E00026773,5,False,94,94.91,False,0.0,0.0,0.0,0.0045896927,0.0,0.07530433,0.5212945,0.0,0.0,0.004342499,0.0,0.0,0.0,0.0,0.3932645,0.0012044888,0.0,0.0
99999E00026774,6,False,DO,DO.01,True,0.0,0.011708002,0.2102183,0.04060297,0.1204452,0.06602113,0.3594831,0.07197805,0.0008728672,0.011804988,0.029058242,0.0037259078,0.0022885725,0.014340906,0.006547899,0.01769527,0.017794697,0.015414023
99999E00026778,2,False,55,55.10,False,0.0,0.0,0.0,0.0,0.0,0.07899081,0.92100924,0.0,0.0,0.0,0.0,0.0,0.0,0.0,0.0,0.0,0.0,0.0
99999E00026798,6,False,DO,DO.01,False,0.0,0.037521746,0.15984793,0.13173804,0.021165503,0.23953633,0.1702057,0.06551321,0.0,0.02317188,0.019036569,0.0041740136,0.020447945,0.0380494,0.0057985173,0.036290724,0.011582328,0.015920185
99999E00026834,6,False,DO,DO.01,False,0.0,0.0012450909,0.057357125,0.1809776,0.06303179,0.1438201,0.25225252,0.05633384,0.0044733803,0.016439673,0.09221315,0.0018969929,0.019839443,0.033512607,0.005524625,0.04161129,0.0033508418,0.026119882
99999E00026835,5,False,36,36.00,False,0.0,0.0053902357,0.017168388,0.0007943714,0.0017963588,0.94559795,0.00076357665,0.0,0.0,0.0,0.0088301385,0.0,0.016240407,0.0,0.0,0.0,0.0014935442,0.0019250013
99999E00026850,4,False,16,16.23,False,0.0,1.0417742e-05,6.466184e-06,0.0,0.0,0.00055285875,2.2990878e-05,0.00035276625,0.0016316338,0.019513866,0.0,0.007768042,0.00037396097,0.00019434476,0.88971746,0.054803424,0.013042293,0.0120095
99999E00026858,5,False,55,55.10,False,0.0,0.0,0.0005394619,0.00057122414,0.0,0.015019737,0.9714861,0.0012461719,0.0,0.0,0.0,0.0,0.0,0.0006282969,0.007173636,0.002663893,0.00067147374,0.0
99999E00026886,6,False,14,14.13,False,0.0,0.0,0.0,0.0,0.0,0.456505,0.4095999,0.029844584,0.0,0.019240877,0.00282604,0.0,0.0,0.0020286818,0.06268795,0.012931529,0.0021635056,0.0021719325
99999E00026888,5,False,55,55.30,False,0.0,0.0,0.0,0.0,0.0,0.9930738,0.0016768737,0.0,0.0,0.0,0.0,0.0,0.0,0.0,0.0,0.0052493443,0.0,0.0
99999E00026907,6,False,52,52.10,False,0.0,0.0,0.016997686,0.008608446,0.015664173,0.5178859,0.06690841,0.09651507,0.0,0.0,0.040466547,0.0,0.014038389,0.12803066,0.0,0.07992382,0.0009864321,0.013974452
99999E00026914,6,False,55,55.10,True,0.0,0.020455655,0.03343885,0.10274601,0.0,0.09336255,0.70877165,0.00090478506,0.0,0.003971975,0.0067054275,0.0,0.0018718719,0.007936437,0.010034348,0.004624109,0.0042615687,0.00091480336
99999E00026917,6,False,DO,DO.01,False,6.936215e-05,0.0054125986,0.13840687,0.17074022,0.14572869,0.13598625,0.10051516,0.014978697,0.00022336964,0.01799889,0.024004007,0.0,0.02202072,0.06606216,0.03620704,0.046589028,0.03951291,0.035543986
99999E00026956,4,False,23,23.70,False,0.0,0.0,0.0,0.0,0.0,0.057434328,0.082161166,0.0009845303,0.0,0.004136759,0.0015071005,0.06977279,0.00088011805,0.0010894517,0.53871936,0.19159785,0.030429268,0.021287346
99999E00026958,3,False,DO,DO.01,False,0.0,0.0,0.01807836,0.10530867,0.019499635,0.034411475,0.24712612,0.09643097,0.0005526619,0.026587952,0.07348898,0.024282018,0.034600046,0.037839785,0.05687101,0.14910236,0.04214172,0.03367827
99999E00026965,5,False,10,10.51,False,0.0,0.0,0.0,0.0,0.0,0.07980979,0.0077908295,0.0,0.0,0.0,0.0,0.0,0.0,0.0,0.9112239,0.0,0.0011755114,0.0
99999E00026989,6,False,DO,DO.01,False,0.0,0.0,0.030790105,0.10322615,0.008184603,0.6890072,0.08230748,0.014140615,0.0,0.014070544,0.017466411,0.0,0.0,0.0050194575,0.004879316,0.0,0.021084454,0.009823575
99999E00026993,5,False,41,41.20,True,0.0,0.0007450074,0.0,0.0024689366,0.0,0.33965516,0.6038293,0.0,0.0,0.009243297,0.0,0.0,0.0,0.0,0.015947107,0.028111193,0.0,0.0
99999E00026996,5,False,56,56.10,False,0.0,0.0,0.0,0.0,0.00024895015,0.025676819,0.79841673,0.0,0.0,0.0,0.0,0.0,0.0,0.0038111247,0.17184642,0.0,0.0,0.0
99999E00027016,6,False,DO,DO.01,False,0.0,0.004962581,0.062001027,0.091692224,0.019314695,0.32934085,0.2979264,0.022984657,0.0,0.045156043,0.036485527,0.0,0.0,0.026674008,0.029913098,0.022500733,0.0040617874,0.0069863386
99999E00027055,5,False,55,55.10,False,0.0,0.0,0.0,0.0,0.0,0.40741873,0.5181185,0.0057728724,0.0006839791,0.0025416226,0.0010333316,0.0,0.0,0.006698483,0.057373926,0.0,0.0,0.00035866545
99999E00027064,6,False,33,33.20,False,0.0,0.0,0.003952304,0.003987281,0.0025458443,0.11879739,0.453147,0.00731693,0.0,0.011880701,0.013615127,0.077882476,0.010092182,0.0,0.13447207,0.11584257,0.023420408,0.023047695
99999E00027094,6,False,47,47.72,False,0.0,0.0,0.0,0.0021437646,0.0,0.015081488,0.016982352,0.0041394467,0.0,0.0,0.0,0.9117551,0.0064020837,0.000337404,0.0040457235,0.00431221,0.0015990762,0.03320133
99999E00027127,6,False,DO,DO.01,False,0.026863473,0.015698094,0.0779453,0.05199262,0.07037444,0.06302403,0.06820924,0.044290096,0.0072631524,0.0426411,0.05481958,0.037911095,0.081447154,0.056032296,0.06794167,0.12621407,0.05107874,0.05625391
99999E00027159,3,False,55,55.10,False,0.0,0.0,0.0038809564,0.0032740145,0.0026993973,0.055011258,0.46819466,0.06356103,0.01147883,0.0035610816,0.024346199,0.27349067,0.010863204,0.017971858,0.012973511,0.03989174,0.0017513515,0.007050276
99999E00027180,6,False,DO,DO.01,False,0.0,0.0,0.00089425617,0.053358767,0.0023578622,0.046707477,0.5349442,0.03833565,0.015757278,0.046023536,0.041974273,0.0,0.011110641,0.08055853,0.045301586,0.05760919,0.007342723,0.01772392
99999E00027199,3,False,DO,DO.01,False,0.0,0.0,0.043989606,0.016625572,0.1477852,0.0046952204,0.0,0.007895815,0.0055025094,0.03386613,0.0106242215,0.0,0.0,0.03441067,0.13746372,0.029260399,0.4917967,0.036084272
99999E00027228,6,False,DO,DO.01,False,0.0,0.0,0.035924416,0.17722434,0.08679387,0.24221393,0.044485763,0.038477585,0.009363155,0.013573805,0.03560892,0.009004573,0.0028994386,0.13453612,0.017525906,0.068827815,0.043896332,0.03964413
99999E00027229,6,False,DO,DO.01,False,0.0,0.0,0.031894244,0.006835663,0.014777895,0.71822935,0.05003913,0.013958608,0.0,0.011072782,0.0030808954,0.010794957,0.0,0.02978987,0.032357678,0.054241966,0.013340301,0.009586716
99999E00027247,6,False,49,49.41,False,0.0,0.010564274,0.009278605,0.0077606835,0.0062769772,0.3881337,0.06800163,0.08820532,0.0,0.0127551,0.015634382,0.0175069,0.038816895,0.03707191,0.016441038,0.14859973,0.042426106,0.09252684
99999E00027270,3,False,01,01.1,False,0.0,0.0,0.0,0.0,0.0050321496,0.0044730217,0.0,0.2773274,0.0,0.0,0.0,0.0,0.10483646,0.0,0.0,0.60833097,0.0,0.0
99999E00027295,6,False,DO,DO.01,False,0.0,0.0,0.009215294,0.026724514,0.011722138,0.13188751,0.41200247,0.0912796,0.006534364,0.019677885,0.08942107,0.007350958,0.007758772,0.05294708,0.012799216,0.029025035,0.0316647,0.05998952
99999E00027340,6,False,DO,DO.01,False,0.0,0.0,0.2579648,0.049051426,0.18100134,0.043755405,0.2734979,0.016517645,0.008407321,0.066495314,0.012792109,0.0,0.0017226456,0.04345562,0.02738539,0.008606598,0.0053303945,0.0040162494
99999E00027368,6,False,DO,DO.01,False,0.0,0.0028240466,0.26262936,0.030960433,0.12553641,0.13163847,0.12286611,0.01858423,0.016544098,0.09006168,0.005462396,0.0,0.0,0.08905949,0.026969375,0.023384826,0.034755353,0.018723741
99999E00027379,6,False,96,96.02,False,0.0,0.0,0.0,0.008489437,0.0005093348,0.101883486,0.0075593307,0.032056205,0.00044793118,0.0019105958,0.015650826,0.366464,0.13157919,0.004697767,0.04058461,0.16820918,0.028068123,0.091890045
99999E00027464,2,False,36,36.00,False,0.0,0.0028571864,0.0016755785,0.0031810468,0.0,0.97289526,0.018597238,0.0,0.0,0.0,0.0,0.0,0.00040832435,0.0,0.0,0.0003853604,0.0,0.0
99999E00027466,5,False,55,55.10,False,0.0,0.0,0.0,0.0014316903,0.0,0.07808007,0.90312123,0.0016818967,0.0,0.0032712715,0.0,0.0,0.0,0.0,0.011126459,0.0012873725,0.0,0.0
99999E00027470,6,False,DO,DO.01,False,0.0,0.0,0.009458968,0.037269853,0.011297381,0.33121347,0.118047275,0.13731495,0.0067439144,0.085190535,0.08305991,0.024083437,0.014539337,0.0,0.049388655,0.029405404,0.0041024913,0.058884434
99999E00027494,1,False,IL,IL.01,False,0.33662623,0.6554644,0.0,0.0017891283,0.0,0.0061202403,0.0,0.0,0.0,0.0,0.0,0.0,0.0,0.0,0.0,0.0,0.0,0.0
99999E00027518,5,False,55,55.20,False,0.0,0.0,0.0029890328,0.0292695,0.0,0.21291547,0.65979165,0.005882889,0.0,0.0,0.04087584,0.0,0.041188147,0.0008997571,0.001102805,0.0050849714,0.0,0.0
99999E00027520,6,False,47,47.64,False,0.0,0.0,0.0023110285,0.031302713,0.014506442,0.024445767,0.40282327,0.05662712,0.0,0.012107808,0.094901204,0.07217941,0.029577661,0.01938504,0.09851116,0.11850294,0.011713697,0.0111047905
99999E00027529,5,False,56,56.30,False,0.0,0.0,0.0,0.0,0.0,0.022030653,0.97198576,0.00040571936,0.0,0.0,0.0,0.0,0.0,0.00043572672,0.0042265607,0.0008729001,0.0,4.268265e-05
99999E00027541,6,False,84,84.11,False,0.0,0.0,0.0,0.0,0.0,0.39929402,0.066999435,0.009782035,0.03183494,0.15433788,0.0,0.0,0.003205134,0.027151436,0.17139891,0.10273492,0.022356398,0.010904921
99999E00027550,6,False,95,95.24,False,0.0,0.0,0.0,0.022191754,0.006673602,0.061306085,0.0013079696,0.00029709042,0.0,0.0001376133,0.0075815925,0.53054434,0.036831494,0.0,0.0023342818,0.0008796963,0.30235958,0.027554814
99999E00027572,6,False,47,47.4,False,0.0,0.0,0.0,0.012027719,0.0,0.02204536,0.09656628,0.013570644,0.0,0.0,0.0016244826,0.73339903,0.037122868,0.0,0.06672585,0.0070471917,0.0,0.009870619
99999E00027590,3,False,DO,DO.01,False,0.0,0.011277919,0.08066387,0.18161018,0.13026053,0.08644769,0.12636,0.027489526,0.0022243392,0.06380466,0.029491343,0.008757485,0.0031589433,0.04380468,0.039555825,0.07271337,0.062019918,0.030359643
99999E00027595,1,False,IL,IL.01,False,0.36851922,0.6314808,0.0,0.0,0.0,0.0,0.0,0.0,0.0,0.0,0.0,0.0,0.0,0.0,0.0,0.0,0.0,0.0
99999E00027675,5,False,56,56.30,False,0.0,0.0,0.014705962,0.004903516,0.0,0.29977226,0.65595806,0.00062691764,0.0,0.0,0.0,0.0,1.3953462e-05,0.001539901,0.009798652,0.012680813,0.0,0.0
99999E00027678,6,False,DO,DO.01,False,0.0002762253,0.0055326684,0.056323096,0.042346466,0.034601625,0.72572386,0.044632103,0.0,0.00088450016,0.009652612,0.008655409,0.0,0.003959843,0.0060395645,0.015685856,0.028548632,0.011892432,0.0052451203
99999E00027703,6,False,DO,DO.01,True,0.58683276,0.017029677,0.023088787,0.0069846353,0.0038872089,0.0023323253,0.002394027,0.06479915,0.08211266,0.009218238,0.0072931447,0.0,0.023767505,0.08140927,0.0029863636,0.0027272163,0.08251988,0.0006170173
99999E00027759,3,False,DO,DO.01,False,0.003576235,0.0074504893,0.0,0.27866694,0.0,0.009522658,0.059156884,0.06479598,0.063776195,0.019529596,0.055901952,0.0,0.13045809,0.17340083,0.0,0.03184153,0.1019227,0.0
99999E00027770,5,False,DO,DO.01,False,0.0,0.0052344105,0.0,0.0,0.0,0.25932255,0.6863782,0.005287187,0.0,0.00439999,0.0,0.011633977,0.0,0.0029132986,0.011757124,0.009705853,0.0017091676,0.0016582848
99999E00027801,6,False,47,47.59,False,0.0,0.0,0.0,0.27498752,0.090089336,0.010386335,0.0029557638,0.0054615657,0.0,0.004507512,0.0004961984,0.0,0.0063885543,0.5921181,0.002583615,0.009512348,0.00051311427,0.0
99999E00027836,4,False,10,10.51,False,0.0,0.0,0.0015798986,0.0017681066,0.0004408964,0.07743288,0.04552107,0.0,0.0,0.012163553,0.0,0.0,0.00076211075,0.0,0.8340516,0.017564476,0.008715378,0.0
99999E00027846,4,False,08,08.11,False,0.0,0.0,0.0,0.0022795787,0.0005798585,0.036774516,0.08626958,0.0041590394,0.0,0.015967991,0.0010870394,0.005866183,0.0,0.0,0.791871,0.033929147,0.018048681,0.0031673405
99999E00027851,2,False,47,47.11,False,0.0,0.0,0.0,0.0,0.0,0.06824677,0.9317532,0.0,0.0,0.0,0.0,0.0,0.0,0.0,0.0,0.0,0.0,0.0
99999E00027861,6,False,DO,DO.01,False,0.0,0.0,0.01290313,0.054230623,0.026671562,0.77388704,0.013815274,0.010603051,0.0032935769,0.00449662,0.035788067,0.0,0.02437888,0.006668507,0.0,0.0150602255,0.014138222,0.004065201
99999E00027914,6,False,DO,DO.01,False,0.0,0.0,0.0023138134,0.0110103,0.0021149963,0.046165295,0.7870347,0.02125548,0.0052355127,0.033450365,0.0077546407,0.0,0.003744256,0.0039373552,0.0050161644,0.026388077,0.019072132,0.025507046
99999E00027920,6,False,DO,DO.01,False,0.0,0.0,0.0019864354,0.043434832,0.019008096,0.584857,0.21863255,0.019713731,0.0,0.003522712,0.026100654,0.0,0.0039424733,0.045540124,0.002795901,0.024426391,0.004290851,0.0017483771
99999E00027922,6,False,DO,DO.01,False,0.0,0.013130305,0.115626246,0.16105533,0.05316851,0.39708894,0.14284316,0.026708366,0.0,0.01014305,0.03451972,0.0020357384,0.007830448,0.021792298,0.0020968392,0.004895383,0.0014727837,0.00559295
99999E00027927,6,False,DO,DO.01,False,0.0,0.0,0.05396476,0.18491288,0.012673006,0.039659746,0.46536213,0.037101317,0.0,0.024710642,0.02171879,0.0020010264,0.0076932013,0.016977247,0.0076258867,0.07695429,0.033820834,0.014824158
99999E00027928,4,False,18,18.12,False,0.0,0.0,0.0,0.0,0.0,0.01260652,0.0010461891,0.0,0.0,0.021480387,0.0,0.0040927464,8.973826e-05,0.0,0.86606276,0.026347835,0.055909205,0.012364569
99999E00027933,6,False,DO,DO.01,False,0.0022504514,0.0,0.41262263,0.1139959,0.16601804,0.076065935,0.04229217,0.028962834,0.0019261418,0.01826673,0.008801917,0.0,0.0,0.054046188,0.0042513814,0.046738,0.013070296,0.010691344
99999E00027937,6,False,DO,DO.01,False,0.0,0.0,0.042271208,0.0461588,0.04794132,0.29903346,0.0673227,0.0057493374,0.01081396,0.03252676,0.12713619,0.0,0.18002895,0.05230991,0.00399511,0.0024219651,0.042469267,0.03982095
99999E00027966,6,False,DO,DO.01,False,0.0,0.0049710576,0.0969246,0.072161935,0.023674116,0.05864563,0.14722031,0.040400214,0.008157961,0.042148665,0.17500396,0.023895899,0.1858519,0.008044759,0.024185311,0.06513957,0.0068742954,0.016699847
99999E00028000,6,False,DO,DO.01,False,0.0,0.0,0.010210813,0.05181957,0.037487645,0.11469443,0.31905887,0.10349932,0.02436344,0.07329935,0.07917212,0.0052740225,0.012360555,0.013617514,0.016163481,0.06429022,0.01827885,0.05640984
99999E00028017,5,False,DO,DO.01,False,0.00040100914,0.0005988637,0.0009221443,0.0017276957,0.0,0.29881713,0.6099083,0.06266871,0.006310152,0.006817154,0.00022081999,0.0,0.0,0.005121257,0.0005405673,0.005946241,0.0,0.0
99999E00028018,6,False,DO,DO.01,False,0.0,0.003518308,0.16861393,0.15985994,0.08285693,0.14311185,0.18965259,0.029881185,0.0011986184,0.030464737,0.02607358,0.0019025634,0.007912298,0.06442052,0.012595586,0.052396093,0.009403046,0.016138326
99999E00028031,6,False,DO,DO.01,True,0.04128963,0.6024187,0.028353613,0.05600616,0.007617195,0.20625298,0.024967732,0.0,0.0,0.001533552,0.013474885,0.0,0.005197173,0.0029745242,0.0,0.00991386,0.0,0.0
99999E00028039,6,False,45,45.20,True,0.00095756166,0.021005899,0.008033473,0.0070466427,0.0048194765,0.021072434,0.017253384,0.0021467167,0.022084536,0.24778087,0.008260909,0.03148054,0.02899539,0.011241233,0.34696358,0.11172907,0.072442815,0.03668547
99999E00028069,3,False,DO,DO.01,False,0.0,0.0,0.10740132,0.01933427,0.2731597,0.02103012,0.13824967,0.0,0.0,0.008474047,0.010607538,0.0,0.016614655,0.10884449,0.032166474,0.09682243,0.03519869,0.13209666
99999E00028083,5,False,52,52.10,False,0.0,0.0,0.0,0.0,0.0,0.15146647,0.84844935,0.0,0.0,0.0,0.0,0.0,0.0,0.0,0.0,0.0,8.418266e-05,0.0
99999E00028124,6,False,84,84.11,False,0.0,0.0,0.0006563237,0.0032976929,0.00015807038,0.6503541,0.1813929,0.004630605,0.002156749,0.0018719274,0.0035187702,0.016111758,0.005076399,0.007888873,0.024717934,0.09449855,0.001968879,0.0017005925
99999E00028200,3,False,DO,DO.01,False,0.0021945864,0.009714153,0.14454459,0.1292929,0.09384826,0.13183531,0.047913764,0.02792508,0.042323776,0.10250791,0.062097143,0.0,0.034431547,0.03308167,0.0,0.015088819,0.05722764,0.065972865
99999E00028220,3,False,DO,DO.01,False,0.0,0.0,0.13167542,0.071350016,0.2028596,0.08344826,0.008798728,0.0,0.0045914007,0.010055691,0.00815279,0.010527052,0.041802693,0.11531747,0.0,0.14853093,0.15557514,0.007314816
99999E00028235,3,False,DO,DO.01,False,0.0011665649,0.00876548,0.12169486,0.09048113,0.011402803,0.19442648,0.2954451,0.0040608267,0.003809794,0.058027,0.014908403,0.0,0.026104474,0.11235939,0.009214385,0.041128058,0.0,0.007005296
99999E00028243,6,False,DO,DO.01,False,0.0040764753,0.007143782,0.07269362,0.3288645,0.12326361,0.101016656,0.03320965,0.03304731,0.002264188,0.03271014,0.07740463,0.0051753987,0.023624511,0.06738086,0.0047531556,0.022557588,0.04018641,0.020627446
99999E00028257,4,False,16,16.23,False,0.0005194139,0.0,0.0,0.002795231,9.162881e-05,0.0034471203,0.068049856,0.0002649508,0.00039853016,0.029673938,0.0,0.029092152,0.0016029523,0.0015582419,0.7483856,0.09339792,0.014031905,0.00669056
99999E00028363,6,False,DO,DO.01,False,0.0,0.0,0.012816956,0.12270064,0.0037124318,0.17171536,0.2784143,0.17025378,0.0,0.020198317,0.07278141,0.0,0.028627137,0.08608028,0.0,0.017980238,0.009227124,0.005492094
99999E00028387,2,False,56,56.30,False,0.0,0.0,0.0,0.0,0.0,0.13832997,0.8616701,0.0,0.0,0.0,0.0,0.0,0.0,0.0,0.0,0.0,0.0,0.0
99999E00028388,6,False,DO,DO.01,False,0.0,0.0,0.15156099,0.3817748,0.087381564,0.007828348,0.044841517,0.03132013,0.0,0.0073287617,0.020018253,0.02631865,0.03186462,0.08806527,0.031420045,0.034671284,0.02848652,0.027119113
99999E00028414,6,False,DO,DO.01,False,0.0,0.009133817,0.07246286,0.03257604,0.082334824,0.33084548,0.31595924,0.013391294,0.0,0.004574365,0.03611772,0.0,0.03995765,0.012623307,0.0,0.001685096,0.0306337,0.017704692
99999E00028428,2,False,47,47.11,True,0.0,0.0,0.0,0.0,0.0,0.069065616,0.9297072,0.0,0.0,0.0,0.0,0.0,0.0,0.0,0.0,0.0012271286,0.0,0.0
99999E00028457,3,False,DO,DO.01,False,0.028495196,0.0047488366,0.1539585,0.13706116,0.09980174,0.022370892,0.13139607,0.023437316,0.0,0.02396182,0.05728202,0.0,0.007549823,0.042278137,0.0,0.113589026,0.10171694,0.052352544
99999E00028510,6,False,55,55.10,True,0.0,0.29473466,0.007177145,0.19016568,0.0018237773,0.22182941,0.27651304,0.0,0.0,0.0,0.0077563184,0.0,0.0,0.0,0.0,0.0,0.0,0.0
99999E00028514,6,False,DO,DO.01,False,0.0,0.0,0.0053520007,0.07295293,0.068063155,0.20521273,0.03961545,0.030085238,0.03645442,0.12694123,0.11229774,0.06409477,0.041113097,0.048431043,0.029569803,0.029452726,0.059612468,0.030751197
99999E00028531,5,False,47,47.78,False,0.0,0.0,0.00021983885,0.036543705,0.0,0.42217708,0.5343468,0.0,0.0,0.0,0.0013168709,0.0,0.0008087187,0.0004569765,0.0023807466,0.0014552611,0.0002940795,0.0
99999E00028547,6,False,85,85.59,False,0.0,0.0,0.0,0.0,0.0,0.21152765,0.23883583,0.0038338401,0.0,0.0039031492,0.0,0.0,0.0,0.0011963756,0.2964639,0.24188648,0.0023527655,0.0
99999E00028556,6,False,DO,DO.01,False,0.0,0.0,0.08076935,0.10362233,0.056443267,0.48708043,0.13342346,0.0047597797,0.0,0.0,0.029368674,0.0,0.023192083,0.021863135,0.009271068,0.030510914,0.009968491,0.009726863
99999E00028557,5,False,47,47.30,False,0.0,0.0,0.0,0.0,0.0,0.8728019,0.1271981,0.0,0.0,0.0,0.0,0.0,0.0,0.0,0.0,0.0,0.0,0.0
99999E00028584,3,False,DO,DO.01,False,0.0,0.0,0.2868225,0.23660265,0.14045535,0.14641067,0.0,0.0,0.0,0.01658613,0.0,0.0,0.0,0.06509077,0.0,0.009716597,0.063384265,0.034930997
99999E00028593,6,False,DO,DO.01,False,0.0015582825,0.008064697,0.121160984,0.14114705,0.034783073,0.064721785,0.16311182,0.075379506,0.0,0.016642926,0.06623268,0.031481646,0.027677702,0.06596574,0.026255228,0.11219535,0.014035222,0.029586349
99999E00028596,6,False,DO,DO.01,False,0.0,0.0040036323,0.03028305,0.14960754,0.08857366,0.20843738,0.04125284,0.017334998,0.007066857,0.039492216,0.025507929,0.037388887,0.03785828,0.0927657,0.026115377,0.07060361,0.07528128,0.048426896
99999E00028610,6,False,DO,DO.01,False,0.0,0.0,0.23781106,0.17856072,0.0591557,0.047346644,0.0800082,0.06318319,0.0,9.46407e-05,0.04316668,0.01731925,0.047672626,0.0632305,0.0,0.09139663,0.010999353,0.060054783
99999E00028622,5,False,56,56.10,False,0.0,0.0,0.0020535728,0.002986667,0.0,0.08948401,0.4393218,0.013731276,0.0,0.0012555984,0.0006564804,0.0,0.0,0.01686071,0.41239718,0.01983527,0.0,0.0014174879
99999E00028624,5,False,55,55.10,True,0.0,0.004517998,0.0,0.0,0.0,0.026997974,0.95194066,0.004832776,0.0,0.001347878,0.0,0.0,0.00024005146,0.0,0.009084227,0.00024542393,0.0007929269,0.0
99999E00028642,5,False,55,55.10,False,0.0,0.0,0.0011688654,0.0,0.0,0.027277855,0.8184572,0.029347293,0.0,0.0,0.0,0.0,0.0,0.0,0.09881227,0.0033968226,0.0,0.02153969
99999E00028648,3,False,DO,DO.01,False,0.007104101,0.0,0.16445254,0.06521754,0.07699255,0.4863276,0.089016944,0.0059919786,0.0,0.0,0.07535469,0.0,0.0,0.009314864,0.0,0.0,0.014484547,0.005742594
99999E00028653,6,False,47,47.78,False,0.0,0.0,0.0,0.014766675,0.0,0.019151388,0.010756898,0.00038808482,0.0,7.5579286e-05,0.0,0.9194088,0.0064929654,0.0,0.0039553163,0.0013882138,0.0,0.023616122
99999E00028698,5,False,82,82.99,False,0.0,0.0,0.0,0.031601977,0.0,0.09616892,0.16309015,0.0,0.0,0.0,0.0,0.044680744,0.0,0.0,0.047129855,0.6143179,0.0,0.0030104946
99999E00028704,6,False,DO,DO.01,False,0.0,0.00052426424,0.030497609,0.13996907,0.069130026,0.021062437,0.018049898,0.23780532,0.0072383317,0.011901273,0.12898168,0.00838823,0.052241113,0.18919605,0.004105417,0.0401767,0.0070245084,0.033708137
99999E00028728,6,False,49,49.39,False,0.0,0.0,0.024019392,0.027460124,0.018002588,0.03319156,0.41858134,0.04272979,0.0,0.03316858,0.01565644,0.0058332393,0.0020126826,0.10159952,0.1276463,0.12639993,0.015818898,0.007879589
99999E00028768,6,False,DO,DO.01,True,0.046254635,0.10786455,0.07629249,0.11333762,0.010942662,0.085619636,0.07896208,0.077266976,0.045055628,0.106528446,0.080392875,0.0,0.012057144,0.07764486,0.021624496,0.01422279,0.025924996,0.020008104
99999E00028773,2,False,61,61.10,False,0.0,0.0,0.0,0.0,0.0,1.0,0.0,0.0,0.0,0.0,0.0,0.0,0.0,0.0,0.0,0.0,0.0,0.0
99999E00028811,6,False,DO,DO.01,False,0.0,0.0,0.0,0.0,0.0031022273,0.8482898,0.019876298,0.034876134,0.0,0.004132898,0.009818522,0.0045312946,0.0030645921,0.008692688,0.026675928,0.0078044934,0.007730299,0.02140483
99999E00028850,3,False,DO,DO.01,False,0.0,0.001959556,0.19096555,0.11571063,0.28367987,0.021270294,0.036388498,0.02025064,0.017072061,0.0008487611,0.025673598,0.0,0.0,0.111518085,0.0,0.037744235,0.026693251,0.110225014
99999E00028862,6,False,DO,DO.01,False,0.0,0.0,0.18687801,0.19816582,0.03742374,0.27472705,0.099400654,0.010475877,0.022321591,0.09520994,0.039138205,0.0,0.006975858,0.019957572,0.0,0.0058387755,0.0018642225,0.0016228043
99999E00028864,5,False,84,84.1,False,0.0,0.0,0.009693035,0.0,0.0012178762,0.22047982,0.5015936,0.0021388298,0.0,0.009672023,0.0,0.0,0.0,0.0,0.24173705,0.0070164073,0.0064513497,0.0
99999E00028875,6,False,47,47.79,False,0.0,0.0,0.0,0.00546814,0.0,0.033057343,0.00904488,0.009947301,0.0,0.0005941688,0.0025603985,0.89755225,0.019510962,0.0015367976,0.016807605,0.0,0.0001736715,0.0037465023
99999E00028884,5,False,55,55.10,False,0.0,0.0071702497,0.0,0.008825341,0.0,0.29883382,0.6851706,0.0,0.0,0.0,0.0,0.0,0.0,0.0,0.0,0.0,0.0,0.0
99999E00028886,5,False,64,64.19,False,0.0,0.0,0.0,0.0,0.0,0.2308606,0.4268567,0.0,0.0,0.0,0.0,0.0,0.0,0.0,0.33891773,0.0033649595,0.0,0.0
99999E00028952,5,False,47,47.78,False,0.0,0.0,0.0,0.0,0.0,0.0,0.13337156,0.0,0.0,0.0,0.0,0.7763413,0.0,0.0,0.055578347,0.0,0.033838164,0.00087059266
99999E00028955,6,False,96,96.0,False,0.0,0.0,0.00039582758,0.0055247424,0.002212544,0.08091967,0.044451796,0.061121073,0.0,0.111210704,0.024294669,0.0058074766,0.03213783,0.1036948,0.071834885,0.19505396,0.16018143,0.101158604
99999E00028961,5,False,55,55.10,False,0.0,0.0,0.00085037027,0.0015807758,0.0,0.22520483,0.76504403,0.0,0.0,0.00731998,0.0,0.0,0.0,0.0,0.0,0.0,0.0,0.0
99999E00028974,3,False,DO,DO.01,False,0.0015207716,0.0,0.052030787,0.19402818,0.047041915,0.024851631,0.20484051,0.07811573,0.0,0.02694733,0.15805823,0.0,0.071049705,0.021550445,0.0,0.050120547,0.069844216,0.0
99999E00029002,3,False,DO,DO.01,False,0.0,0.0,0.13237835,0.113615416,0.060038578,0.058215883,0.14327237,0.026485305,0.0,0.034566995,0.040456638,0.0,0.027864374,0.08875408,0.010898039,0.06418381,0.1345704,0.0646997
99999E00029007,6,False,DO,DO.01,False,0.0,0.0,0.051250316,0.050567407,0.0335151,0.66113967,0.068413526,0.003939863,0.010169224,0.016548881,0.017778996,0.0,0.016614547,0.0245862,0.0,0.011713066,0.019284898,0.014478266
99999E00029016,3,False,DO,DO.01,False,0.0,0.0,0.018258166,0.20778652,0.16412866,0.0,0.0,0.06934011,0.004199183,0.0,0.045499276,0.0,0.06622239,0.3027894,0.039283313,0.007745594,0.018453024,0.05629439
99999E00029023,4,False,16,16.23,False,0.0,0.0,0.0014643819,0.00026416074,0.00029139602,0.027012523,0.005745569,0.0042073852,0.016561788,0.04005097,0.0014614356,0.009825186,0.0036416966,0.009492326,0.64215696,0.13303448,0.07627179,0.02851794
99999E00029083,6,False,DO,DO.01,False,0.0,0.0,0.025182597,0.070123285,0.021718174,0.4497941,0.057806242,0.08938935,0.002682003,0.07533404,0.08798987,0.0,0.0,0.0133858165,0.0,0.01738664,0.050457954,0.038749903
99999E00029096,6,False,DO,DO.01,False,0.0,0.0013165711,0.033346985,0.17461745,0.20808893,0.027903927,0.047439598,0.021160442,0.004634515,0.10538333,0.07834098,0.0,0.019009965,0.051631413,0.0037414292,0.016879471,0.1610836,0.04542132
99999E00029111,6,False,47,47.64,False,0.0,0.0067166924,0.0,0.007978513,0.0,0.043593965,0.008051541,0.0025287373,0.0,0.0028743367,0.0,0.8490655,0.0042006923,0.0,0.01998959,0.034390997,0.008684997,0.011924464
99999E00029139,3,False,01,01.1,False,0.0015741276,0.0072853384,0.0014614302,0.018544167,0.0029374019,0.3394408,0.024244474,0.007038131,0.0023702797,0.0018758657,0.005274963,0.008052408,0.0328022,0.049132414,0.052600577,0.23441777,0.050266653,0.16068096
99999E00029144,6,False,96,96.02,False,0.0,0.0,0.00028829376,0.00034225037,0.0014387119,0.19921492,0.03443456,0.0044374396,0.0019030538,0.01489242,0.001877454,0.0,0.0023626697,0.0006998606,0.3152618,0.27970243,0.12992595,0.01321819
99999E00029153,4,False,85,85.10,False,0.0,0.0,0.0,0.005772066,0.0,0.1275264,0.0071864035,0.005344175,0.0,0.006852818,0.0,0.0048369933,0.0,0.030941134,0.6986097,0.008507844,0.0813778,0.023044629
99999E00029156,6,False,16,16.23,False,0.0,0.0,0.0,0.0,0.0,0.24138454,0.16748576,0.0,0.0,0.0056270547,0.0,0.0057100616,0.008645145,0.02081149,0.22365528,0.13906996,0.07417931,0.11343137
99999E00029159,6,False,52,52.10,False,0.0,0.0,0.045906547,0.09485762,0.01770315,0.08695368,0.3262275,0.037402663,0.0,0.043757368,0.07726352,0.032880943,0.034625262,0.011052631,0.03560816,0.08717516,0.04407356,0.024512138
99999E00029182,5,False,25,25.11,False,0.0,0.0012563363,0.01653002,0.023058442,0.008749802,0.045051955,0.28063527,0.023404788,0.0012757038,0.06697438,0.0057342118,0.0047954177,0.0,0.018445775,0.32960996,0.11968141,0.021776142,0.033020385
99999E00029189,6,False,DO,DO.01,False,0.0,0.0,0.078931965,0.030708272,0.012097198,0.5174329,0.13347442,0.026745914,0.004982965,0.013042762,0.0,0.0,0.046527684,0.0,0.0,0.09244,0.043615952,0.0
99999E00029199,6,False,DO,DO.01,False,0.0,0.0,0.008578187,0.09144839,0.0127312215,0.04396126,0.07995725,0.40520266,0.0,0.0041128644,0.09637502,0.031894784,0.03235868,0.09376916,0.0059477156,0.061821252,0.0,0.031841658
99999E00029211,6,False,DO,DO.01,False,0.0,0.0020247132,0.027188232,0.08757868,0.07059577,0.11774343,0.086799644,0.021557603,0.029635629,0.1941989,0.014682833,0.0,0.008499167,0.10301663,0.056540016,0.06894283,0.0747015,0.03629443
99999E00029213,4,False,85,85.3,False,0.0,0.00081676664,0.0,0.0,0.0,0.11576532,0.04111618,0.00093381864,0.00054743147,0.057526764,0.00042496645,0.0035272967,0.0011835671,0.0,0.7316306,0.02212041,0.023288053,0.0011187362
99999E00029221,6,False,41,41.20,False,0.0012558236,0.0,0.006564438,0.022348661,0.032957558,0.14842668,0.027817637,0.1034961,0.0047296444,0.022088332,0.061112583,0.038370308,0.26812354,0.06309941,0.04602395,0.1066013,0.02341913,0.023564914
99999E00029241,6,False,55,55.10,True,0.0,0.11609281,0.0,0.21553959,0.0,0.19701013,0.46829152,0.0,0.0,0.0,0.0030659693,0.0,0.0,0.0,0.0,0.0,0.0,0.0
99999E00029246,6,False,DO,DO.01,False,0.0,0.0,0.14863442,0.1996099,0.17455928,0.017258054,0.07789233,0.04648082,0.0006628657,0.040322274,0.021512605,0.013747413,0.016749611,0.14518511,0.035822947,0.034152232,0.011536765,0.015873456
99999E00029270,6,False,DO,DO.01,False,0.0,0.0,0.0,0.0011473021,0.0,0.01832967,0.66256833,0.008989024,0.001989009,0.00813298,0.0018573393,0.0013197181,0.0,0.022301275,0.18259384,0.08761978,0.0017622652,0.0013895147
99999E00029288,6,False,01,01.50,False,0.0,0.0,0.0,0.0038086302,0.0,0.43892226,0.49503857,0.004841337,0.0016947938,0.004646249,0.03562047,0.0015918956,0.00061413,0.0033965716,0.0,0.0042989096,0.003875211,0.0016510271
99999E00029297,5,False,55,55.10,True,0.0,0.05268649,0.0,0.00096252974,0.0,0.09897063,0.84447086,0.0,0.0,0.0,0.0,0.0,0.0,0.0,0.0024906467,0.00041886972,0.0,0.0
99999E00029339,3,False,DO,DO.01,True,0.055746228,0.21990389,0.045703616,0.14099626,0.0077367085,0.06828974,0.06652984,0.021969423,0.03090296,0.11902441,0.057194117,0.0,0.011407624,0.022656808,0.0,0.051938813,0.06930618,0.010693428
99999E00029392,6,False,DO,DO.01,False,0.0,0.0,0.055821504,0.088742375,0.07185375,0.015542898,0.27261722,0.15391356,0.0040317615,0.01930637,0.027237723,0.003291412,0.005155948,0.17095509,0.01172511,0.050497506,0.018671526,0.030636286
99999E00029399,6,False,45,45.20,True,0.0,0.24689065,0.007322208,0.25413582,0.0,0.10967633,0.31823188,0.0014246308,0.0023945733,0.010565063,0.014996674,0.0,0.012119153,0.0,0.0,0.022243012,0.0,0.0
99999E00029411,5,False,10,10.71,False,0.0,0.0,0.0,0.0,0.0,0.070461504,0.91136426,0.0,0.0,0.0,0.0,0.0,0.0,0.0,0.018174289,0.0,0.0,0.0
99999E00029412,6,False,47,47.51,False,0.0,0.0,0.0,0.0,0.0,0.06442937,0.00074627507,0.0,0.0,0.0,0.0,0.9103192,0.0071905935,0.0,0.0,0.009854053,0.0036421907,0.0038182586
99999E00029416,6,False,DO,DO.01,False,0.0,0.0,0.0,0.037923157,0.004169427,0.1580311,0.20922258,0.13430093,0.0018676053,0.014683427,0.103930846,0.013689675,0.019095365,0.067612454,0.019646095,0.028333137,0.08080289,0.10669127
99999E00029443,3,False,DO,DO.01,False,0.0,0.0,0.11728343,0.34684452,0.16288918,0.027978802,0.041640993,0.04062212,0.004758108,0.045277536,0.039488472,0.0,0.006246149,0.026961941,0.0,0.031031402,0.050730333,0.058247052
99999E00029447,5,False,01,01.41,False,0.0,0.00051458343,0.0005218431,0.0,0.0,0.006899486,0.9662982,0.0020666884,0.0012528776,0.00018372186,0.0,0.0040272805,0.0,0.0,0.015914876,0.001244604,0.0,0.0010758678
99999E00029465,6,False,93,93.1,False,0.005015534,0.0312653,0.0086356085,0.10531099,0.22897449,0.16471732,0.12942019,0.0042788847,0.049780812,0.004575575,0.027948689,0.002216717,0.14480636,0.0073123467,0.010472156,0.0733976,0.00065317005,0.0012183485
99999E00029474,6,False,DO,DO.01,False,0.021081612,0.00029377462,0.2599028,0.016074294,0.038879093,0.17642263,0.0017494935,0.077986196,0.0,0.027071109,0.010286495,0.0037927618,0.08462901,0.06960265,0.048117645,0.11606289,0.021230698,0.026816797
99999E00029503,3,False,DO,DO.01,False,0.0,0.0,0.1094224,0.4840441,0.025335113,0.012139221,0.19328055,0.022615789,0.008927941,0.010669874,0.036010414,0.0,0.0,0.0165288,0.021573234,0.05022714,0.0,0.009225504
99999E00029574,6,False,45,45.20,False,0.0,0.0,0.0017261682,0.06783029,0.03572284,0.008999465,0.33338636,0.16064699,0.0011605582,0.00843166,0.023485387,0.024971858,0.005036204,0.12921613,0.04405311,0.1397276,0.01000974,0.005595627
99999E00029583,5,False,56,56.10,False,0.0,0.0,0.0,0.0,0.0,0.0190964,0.97671586,0.0,0.0,0.0,0.0,0.0,0.0,0.0,0.0041877856,0.0,0.0,0.0
99999E00029604,6,False,16,16.29,False,0.0,0.0,0.00031354892,0.0,0.00031254938,0.016223583,0.0029112971,0.0029569753,0.0,0.002928689,0.0056336853,0.39299843,0.10013235,0.0042310613,0.09833562,0.11509364,0.079929985,0.17799853
99999E00029636,6,False,49,49.4,False,0.0,0.0,0.01686517,0.018439814,0.0015763846,0.70416945,0.2464981,0.0,0.0,0.0023331577,0.0020105527,0.0,0.0,0.0,0.0,0.006859294,0.0,0.001248076
99999E00029650,6,False,47,47.59,False,0.0,0.0,0.0,0.0029987264,0.0,0.15832055,0.30789673,0.0033923686,0.0,0.037001483,0.002921373,0.026202114,0.0041977013,0.006502827,0.25774866,0.17024669,0.009523041,0.01304777
99999E00029660,6,False,DO,DO.01,False,0.0,0.0,0.09544064,0.10571748,0.05512349,0.272893,0.11145397,0.011463211,0.012448779,0.061223596,0.03735177,0.00075654365,0.02357008,0.05195838,0.0,0.052989535,0.06974856,0.037860833
99999E00029713,6,False,DO,DO.01,False,0.0,0.013356794,0.0336097,0.2959359,0.037371214,0.21587977,0.09453773,0.017517442,0.003963094,0.029295852,0.072974555,0.0,0.051768165,0.04186245,0.04138067,0.0134313805,0.024332915,0.012782288
99999E00029718,6,False,DO,DO.01,False,0.0,0.010311519,0.0073170406,0.20471916,0.03264429,0.18291833,0.14795828,0.08874044,0.009082693,0.031330884,0.089919634,0.00041869574,0.005765979,0.12307559,0.0048537953,0.03380671,0.011669658,0.015467278
99999E00029721,5,False,56,56.30,False,0.0,0.0,0.072801225,0.041271087,0.0,0.09768168,0.7500697,0.0020728968,0.0,0.0,0.0019127615,0.0037185508,0.0,0.019578205,0.0066171526,0.0027575456,0.0,0.0015192145
99999E00029722,6,False,94,94.99,False,0.0,0.0067225695,0.0,0.00054900354,0.0,0.7868387,0.11526695,0.0,0.0033942359,0.02992069,0.00024944803,0.0,0.0,0.00078483537,0.022988433,0.001144302,0.027718686,0.004422165
99999E00029733,5,False,55,55.10,False,0.0,0.0,0.0006710753,0.0,0.00071446603,0.05240981,0.92847896,0.0,0.0,0.0015435475,0.00050714286,0.0,0.0,0.0,0.005368179,0.010306896,0.0,0.0
99999E00029737,6,False,47,47.71,False,0.0,0.0,0.000495521,0.0,0.0,0.025515817,0.003578704,0.0021422238,0.0,0.0,0.00020157271,0.8936783,0.02822785,0.0012800202,0.005195061,0.02224774,0.002447402,0.014989785
99999E00029753,6,False,DO,DO.01,False,0.0,0.0,0.0476223,0.09029337,0.09060332,0.012143174,0.08544453,0.07841187,0.0024477262,0.024973134,0.0344033,0.007699196,0.0061896583,0.1848842,0.07197053,0.24851732,0.007658405,0.006737976
99999E00029782,6,False,25,25.73,False,0.06513309,0.25606945,0.09106207,0.032690365,0.0038596343,0.27333945,0.01687847,0.013563021,0.014496951,0.024177104,0.01953735,0.009355697,0.010369954,0.040926713,0.04226507,0.06266493,0.0093773985,0.01423319
99999E00029807,6,False,DO,DO.01,False,0.0,0.0,0.18749696,0.11968611,0.011890371,0.14476447,0.45899937,0.022161968,0.0,0.0,0.005966027,0.0,0.0035108747,0.024951262,0.0,0.0033865115,0.0027291619,0.0144569045
99999E00029813,6,False,DO,DO.01,False,0.0,0.0,0.027475417,0.1386484,0.0109400395,0.04710939,0.24975379,0.16425467,0.0022255837,0.024082327,0.026304694,0.016192207,0.018298706,0.04320054,0.03691564,0.08645218,0.05602219,0.0521242
99999E00029816,6,False,DO,DO.01,False,0.0,0.014530233,0.16137221,0.4278939,0.038559467,0.13270888,0.10486574,0.042434864,0.013060613,0.011615444,0.015697928,0.0020467986,0.0,0.016176933,0.0020427236,0.006653855,0.003939115,0.006401201
99999E00029818,6,False,DO,DO.01,False,0.0,0.0,0.042447068,0.037549432,0.07687603,0.21647681,0.38113704,0.060113586,0.0,0.0016693728,0.0041053905,0.0048477827,0.0023282291,0.03264237,0.095235094,0.019261787,0.012013015,0.013297046
99999E00029822,6,False,DO,DO.01,False,0.0,0.0,0.24389333,0.09184403,0.0676133,0.31125894,0.061919607,0.018510303,0.004569213,0.0025750827,0.027231725,0.010004509,0.015855027,0.01971854,0.0016840508,0.01991457,0.039333723,0.06407412
99999E00029825,6,False,47,47.64,False,0.0,0.002647214,0.0,0.009570955,0.0,0.022385478,0.038114026,0.00015055246,0.0,0.0030056126,0.0073988177,0.71900344,0.04555592,0.0,0.07782768,0.06561035,0.0053776503,0.0033523014
99999E00029838,6,False,43,43.22,True,0.0021655192,0.18712282,0.0043480597,0.11423788,0.0045388923,0.16777158,0.44046974,0.0012543965,0.004566186,0.02393236,0.040113542,0.0,0.0,0.0,0.0,0.007888249,0.0,0.0015907718
99999E00029842,3,False,49,49.39,False,0.0,0.0,0.0,0.0,0.0,0.03021022,0.00560239,0.0011275922,0.0,0.0,0.0,0.0,0.0,0.0035641869,0.9543805,0.0013303452,0.0,0.003784726
99999E00029876,6,False,DO,DO.01,False,0.0,0.0,0.058635227,0.09203473,0.19650584,0.36960822,0.029044874,0.041069064,0.0,0.0053184507,0.019600445,0.0,0.00488063,0.10815722,0.0,0.043622166,0.014691105,0.01683202
99999E00029879,5,False,56,56.10,False,0.007538529,0.019211687,0.011972461,0.00056125724,0.0,0.8234481,0.07879983,0.0027985382,0.02318529,0.00071523053,0.014715073,0.0034936029,0.00318059,0.0014759576,0.004732939,0.004170787,0.0,0.0
99999E00029894,3,False,DO,DO.01,False,0.0,0.0,0.5464846,0.10573254,0.0,0.18956417,0.044942174,0.0,0.0062427805,0.012792585,0.0,0.0,0.0,0.047676135,0.0,0.0,0.0,0.046565004
99999E00029934,4,False,85,85.3,False,0.0,0.0,0.004674422,0.0075249416,0.0,0.18435997,0.029092489,0.0009810749,0.0011271358,0.15936263,0.0,0.0,0.0,0.007119821,0.49233103,0.0008777463,0.11254879,0.0
99999E00029958,6,False,DO,DO.01,True,0.0008806825,0.29435003,0.005433398,0.061765175,0.018072603,0.19884978,0.06772829,0.019528,0.024586711,0.07023658,0.081685856,0.0,0.030206224,0.020836955,0.012713244,0.053627554,0.022424066,0.017074933
99999E00029963,6,False,68,68.31,False,0.0,0.08971277,0.0015970838,0.0,0.0,0.89821017,0.010479996,0.0,0.0,0.0,0.0,0.0,0.0,0.0,0.0,0.0,0.0,0.0
99999E00029971,6,False,DO,DO.01,True,0.041194092,0.28206897,0.12698258,0.20091866,0.031672288,0.10184673,0.07180152,0.0,0.0,0.0050721797,0.05286386,0.0066276295,0.01846209,0.0069822264,0.0065879324,0.039718036,0.0072010993,0.0
99999E00029973,6,False,47,47.78,False,0.029104583,0.07520125,0.045310356,0.07489874,0.011944829,0.093330696,0.0006822123,0.00070072606,0.0,0.0,0.0036353217,0.49096757,0.033540186,0.008558569,0.0055953288,0.114341654,0.005613493,0.0065744584
99999E00029976,4,False,71,71.12,False,0.0,0.0,0.0,0.0,0.0,0.06521152,0.08460494,0.0017154859,0.0,0.014021451,0.045955714,0.34477377,0.011475239,0.0,0.39472386,0.034289546,0.0016751385,0.001553376
99999E00029979,5,False,55,55.10,False,0.0,0.0,0.002368512,0.003385982,0.0,0.11401678,0.871867,0.0,0.0,0.001362297,0.0015461774,0.0,0.0,0.0020526405,0.0020996458,0.0013008195,0.0,0.0
99999E00030002,6,False,49,49.4,False,0.0,0.0,0.0,0.0021429101,0.0,0.95487654,0.0021540325,0.0009132703,0.0,0.006425023,0.0,0.0,0.0,0.004158531,0.0065968023,0.008329419,0.0023876023,0.012015868
99999E00030045,3,False,DO,DO.01,False,0.0,0.029058147,0.0,0.0,0.0,0.0,0.030675562,0.0,0.09981858,0.64608717,0.0,0.0,0.0,0.079493254,0.0,0.0988838,0.015983518,0.0
99999E00030047,6,False,DO,DO.01,False,0.0,0.0,0.028598355,0.32388514,0.09898943,0.14860359,0.04279489,0.003131561,0.0,0.03912025,0.10422238,0.03261825,0.0010115054,0.054516777,0.006696091,0.058025327,0.035354167,0.022432277
99999E00030054,6,False,DO,DO.01,False,0.00027108853,0.0054188557,0.026927155,0.099615805,0.028676113,0.465802,0.08969532,0.062103566,0.0009920481,0.010587998,0.015517146,0.01110297,0.015493827,0.06154001,0.0,0.06947251,0.013797337,0.022986168
99999E00030069,2,False,61,61.20,False,0.0,0.0,0.0,0.0,0.0,1.0,0.0,0.0,0.0,0.0,0.0,0.0,0.0,0.0,0.0,0.0,0.0,0.0
99999E00030080,6,False,94,94.91,False,0.0,0.0,0.006050431,0.0033809594,0.010582672,0.08600496,0.17291586,0.005609086,0.0,0.008633992,0.038926467,0.19686295,0.31294328,0.008203812,0.118910454,0.0121880155,0.010750463,0.0080366405
99999E00030098,6,False,DO,DO.01,False,0.0,0.0,0.015278203,0.09832123,0.008454611,0.33256644,0.2608151,0.033053357,0.002101612,0.0075410195,0.07301659,0.001957625,0.014680179,0.038082372,0.002810009,0.027188009,0.028174846,0.05595887
99999E00030100,6,False,DO,DO.01,False,0.0,0.0,0.01206047,0.03854125,0.0113562,0.17516363,0.22156863,0.07608171,0.0026282442,0.015559649,0.18072613,0.007727568,0.031907495,0.028003331,0.026054017,0.08471901,0.052343193,0.035559483
99999E00030103,5,False,56,56.10,False,0.0,0.0,0.0,0.0,0.0,0.084839605,0.7545583,0.0,0.0,0.0,0.0,0.0,0.0,0.0017968699,0.15832955,0.00047571168,0.0,0.0
99999E00030114,6,False,49,49.39,False,0.0,0.028068908,0.030087894,0.03616903,0.0,0.24257274,0.028459232,0.0096251555,0.0,0.0,0.0,0.0,0.0,0.17545888,0.44364026,0.002934927,0.00020264697,0.002780351
99999E00030124,6,False,43,43.21,True,0.014472353,0.18943313,0.0059878584,0.006241092,0.007261033,0.23936385,0.12526758,0.0031662546,0.12675495,0.16732973,0.015227384,0.0,0.024182647,0.0049265455,0.009635892,0.03644029,0.02230825,0.0020011798
99999E00030125,6,False,47,47.64,False,0.0,0.0,0.057473443,0.08782325,0.13451295,0.0,0.0,0.02254329,0.0,0.0015832083,0.0814705,0.092702314,0.21990663,0.0,0.01887901,0.07192146,0.09322009,0.117963955
99999E00030126,6,False,47,47.64,False,0.0,0.0,0.0022138471,0.009937819,0.009354466,0.0011680244,0.004837227,0.0010094786,0.0,0.0016536695,0.00748115,0.8945007,0.016046047,0.0,0.014188533,0.0,0.036501616,0.0011074503
99999E00030131,6,False,55,55.10,False,0.0010600459,0.0,0.03273819,0.046663254,0.009478321,0.13468654,0.71277356,0.0,0.0,0.01061707,0.0,0.0,0.0012298437,0.008570508,0.03081295,0.006421821,0.002621724,0.0023262457
99999E00030151,2,False,61,61.20,False,0.0,0.0,0.0,0.0,0.0,0.991314,0.008686025,0.0,0.0,0.0,0.0,0.0,0.0,0.0,0.0,0.0,0.0,0.0
99999E00030183,2,False,10,10.51,True,0.0,0.00010181207,0.0,0.0,0.0,0.5557252,0.44292957,0.0,0.0,0.0012434034,0.0,0.0,0.0,0.0,0.0,0.0,0.0,0.0
99999E00030233,6,False,16,16.23,False,0.0,0.0,0.0,0.0,0.0,0.011369988,0.020776907,0.010153914,0.0,0.011895879,0.003867024,0.121466175,0.07900338,0.0036413132,0.3704451,0.23891485,0.06022562,0.06823989
99999E00030315,6,False,DO,DO.01,False,0.0,0.0,0.07845645,0.35323167,0.2646577,0.059024006,0.06325064,0.007339514,0.0038607325,0.012497858,0.07946878,0.0,0.0052980646,0.015220398,0.009762549,0.012882727,0.01354193,0.021507084
99999E00030348,6,False,DO,DO.02,False,0.0,0.30881312,0.0071272766,0.026493546,0.010278283,0.56686777,0.060529836,0.0016915065,0.0,0.004015358,0.008644777,0.0,0.0,0.0,0.0,0.0025249661,0.0030135673,0.0
99999E00030389,6,False,DO,DO.01,False,0.0,0.0,0.29066122,0.118947916,0.050453145,0.07896707,0.27488562,0.096948646,0.0,0.00085447286,0.05204624,0.015907183,0.0029240542,0.005025401,0.0,0.0065461546,0.00079281,0.005040082
99999E00030429,6,False,DO,DO.01,False,0.0,0.0,0.053245194,0.14065057,0.011558,0.4100812,0.05782708,0.025960475,0.0,0.12232305,0.02983786,0.0,0.0069337403,0.05018354,0.041099228,0.02972662,0.004957969,0.015615483
99999E00030435,3,False,DO,DO.01,False,0.0,0.0,0.06746566,0.12467456,0.127884,0.06975491,0.046570607,0.0,0.0,0.014925038,0.045672856,0.0,0.12130801,0.0,0.0,0.0,0.16152707,0.22021724
99999E00030442,6,False,DO,DO.01,False,0.0,0.0,0.11394156,0.017718496,0.03527481,0.31651747,0.36767557,0.013641985,0.0,0.018591892,0.0152246,0.0,0.0071214302,0.012797836,0.0027976574,0.05592058,0.015981011,0.0067950706
99999E00030454,6,False,10,10.85,False,0.0,0.0,9.966351e-05,0.00034696874,0.00021793372,0.008063904,0.723476,0.00063658465,0.0,0.00045589995,0.0004517295,0.2239034,0.0007965595,9.923576e-05,0.025178831,0.0053637577,0.0070830598,0.0038264228
99999E00030480,3,False,DO,DO.01,False,0.00876391,0.0,0.11481293,0.13201892,0.061379556,0.0742131,0.07590854,0.06896734,0.0058996575,0.08191499,0.05349628,0.0,0.043655716,0.10222075,0.0031787644,0.07125376,0.06682866,0.03548718
99999E00030486,6,False,DO,DO.01,False,0.0,0.0,0.0013734456,0.0,0.0,0.9492987,0.024447072,0.0024861428,0.0,0.0037330864,0.0,0.0,0.0051336396,0.00039886715,0.0038634608,0.0025029238,0.0017219702,0.0050406996
99999E00030487,6,False,DO,DO.01,False,0.0,0.00038695987,0.0010804441,0.0064370125,0.0,0.9807672,0.009610953,0.0,0.0,0.0,0.0,0.0,0.00046956932,0.0,0.0,0.001247837,0.0,0.0
99999E00030512,5,False,49,49.12,True,0.0014607243,0.012768032,0.000323701,0.0022605853,0.0,0.025013259,0.7341813,0.005470985,0.0,0.0025216746,0.006816191,0.0010568806,0.0011554937,0.011183964,0.17830166,0.014494542,0.0006652462,0.0023257008
99999E00030518,3,False,DO,DO.01,False,0.0,0.0,0.0,0.355419,0.0,0.22638676,0.103055134,0.0,0.0,0.14855777,0.0,0.0,0.052841783,0.0,0.07031917,0.0,0.0,0.043420378
99999E00030549,6,False,43,43.22,False,0.0,0.0,0.15012437,0.06518005,0.032816276,0.034587104,0.20366491,0.046954863,0.0011798949,0.091767,0.036845706,0.016039737,0.013379224,0.053729568,0.05289486,0.15966319,0.013522685,0.02765054
99999E00030551,6,False,DO,DO.01,False,0.0,0.0,0.24116637,0.10697037,0.23447067,0.015937824,0.068754055,0.04808172,0.008931766,0.014413847,0.032701824,0.0060295486,0.018093495,0.029075777,0.03498511,0.1192995,0.012516979,0.0085711265
99999E00030588,6,False,47,47.78,False,0.0,0.0,0.0,0.17466839,0.08992085,0.00225613,0.0,0.0,0.0,0.0,0.006397441,0.0,0.6190546,0.0030474877,0.0,0.09947327,0.0024463597,0.0027355098
99999E00030599,2,False,61,61.10,False,0.0,0.0,0.0,0.0,0.0,1.0,0.0,0.0,0.0,0.0,0.0,0.0,0.0,0.0,0.0,0.0,0.0,0.0
99999E00030602,5,False,47,47.59,False,0.0,0.0,0.0,0.02584074,0.0,0.24141535,0.14945878,0.0026487282,0.0,0.0,0.014240941,0.0,0.073982365,0.0049087736,0.0,0.48750436,0.0,0.0
99999E00030618,3,False,DO,DO.01,False,0.0,0.0,0.14188299,0.13695528,0.11381002,0.10144098,0.23274684,0.0,0.0,0.051118687,0.0,0.03653468,0.09516936,0.0,0.0,0.017222071,0.0,0.07311913
99999E00030631,6,False,16,16.2,False,0.0,0.0,0.0022004317,0.0,0.0,0.5151031,0.025814397,0.011162383,0.002231655,0.03781488,0.018939486,0.0,0.023853892,0.013132747,0.06728571,0.09853134,0.0671033,0.11682664
99999E00030670,6,False,DO,DO.02,False,0.012581543,0.022254061,0.028206658,0.056464225,0.0111270305,0.51865053,0.13931333,0.017101446,0.0034326524,0.0049198926,0.026726691,0.0067343987,0.011494296,0.017315987,0.033937443,0.05458063,0.024410376,0.010748857
99999E00030676,3,False,DO,DO.01,False,0.0,0.0,0.076580435,0.16647044,0.028373437,0.02894595,0.45089862,0.012259366,0.0,0.0054399506,0.05177581,0.017262768,0.021771561,0.024756849,0.017318625,0.078633085,0.004217763,0.015295361
99999E00030715,5,False,47,47.11,False,0.0,0.0,0.0,0.00085126975,0.0,0.06303188,0.82425827,0.0,0.0,0.0,0.0,0.10494417,0.0,0.0010062811,0.0034125894,0.0020261058,0.0,0.00046946655
99999E00030726,6,False,DO,DO.01,False,0.0,0.0017322586,0.023232762,0.104026176,0.006095422,0.44803423,0.23116292,0.019257829,0.0073231775,0.036785368,0.022716435,0.0,0.01865676,0.030443609,0.012659876,0.021916324,0.004751395,0.011205487
99999E00030754,3,False,DO,DO.01,False,0.0,0.0,0.066003755,0.032809913,0.23408225,0.0,0.015921384,0.0,0.0,0.04753087,0.0,0.0,0.017598087,0.38265756,0.049581796,0.029621746,0.12419263,0.0
99999E00030769,6,False,DO,DO.01,False,0.0,0.0030152015,0.047729753,0.13491936,0.05319317,0.259191,0.21374217,0.04243759,0.013030008,0.009030395,0.07560368,0.0019696688,0.023181705,0.034999717,0.0135809425,0.062132306,0.0037345686,0.008508756
99999E00030790,3,False,DO,DO.01,False,0.022955148,0.0,0.0047141397,0.19806972,0.02440732,0.08566295,0.0012050857,0.048695434,0.006630139,0.06265145,0.03248313,0.044468965,0.030402405,0.059727598,0.23411824,0.071459845,0.03649719,0.0358513
99999E00030794,2,False,61,61.10,False,0.0,0.0,0.0,0.0,0.0,1.0,0.0,0.0,0.0,0.0,0.0,0.0,0.0,0.0,0.0,0.0,0.0,0.0
99999E00030814,6,False,DO,DO.01,False,0.0,0.0010750163,0.032808512,0.25200486,0.1375126,0.077432886,0.030476203,0.012825608,0.0032157255,0.02309374,0.12861878,0.0024278776,0.15777102,0.047859207,0.002976574,0.048329122,0.01547772,0.026094556
99999E00030835,5,False,55,55.10,False,0.0,0.0031731573,0.072515145,0.038313143,0.0023513336,0.44679326,0.38689655,0.0026231273,0.0026640575,0.011460431,0.0,0.0019518861,0.001115914,0.0014720943,0.012141779,0.014109898,0.0,0.0024182242
99999E00030838,5,False,47,47.25,False,0.0,0.0010090009,0.0006774321,0.0020034276,0.0006182935,0.014462066,0.26327693,0.01110938,0.004990351,0.0042050118,0.013560972,0.57864493,0.00358868,0.0022610032,0.033184078,0.0060486803,0.011288758,0.049071077
99999E00030843,6,False,DO,DO.01,False,0.0,0.0,0.21167693,0.2937766,0.0106239375,0.35262096,0.028387489,0.0101788165,0.002496802,0.0,0.0010494234,0.0,0.010022582,0.02913918,0.012369045,0.009839817,0.005583167,0.022235392
99999E00030863,5,False,56,56.30,False,0.0,0.0,0.0,0.0022053528,0.00078308414,0.1568777,0.83149517,0.0018362496,4.202171e-05,0.0,9.604962e-05,0.0005732087,5.7350015e-05,0.00011423377,0.0018391053,0.003466004,0.0,0.0006144728
99999E00030903,5,False,DO,DO.01,False,0.0,0.0,0.011450883,0.009569045,0.0,0.75654274,0.13356498,0.012118969,0.0,0.0027050579,0.008706706,0.0,0.0,0.005323443,0.027763855,0.027489001,0.0,0.0047653
99999E00030919,5,False,10,10.71,False,0.002226229,0.083367035,0.0,0.0,0.0,0.9117278,0.0022309762,0.0004479287,0.0,0.0,0.0,0.0,0.0,0.0,0.0,0.0,0.0,0.0
99999E00030920,6,False,DO,DO.01,False,0.0,0.0,0.010360872,0.01846274,0.0,0.5783441,0.07762662,0.026223626,0.0,0.01225048,0.0008773176,0.0,0.00038715635,0.055885483,0.1176316,0.060556225,0.028741919,0.012651842
99999E00030926,6,False,DO,DO.01,False,0.0012773655,0.0012405828,0.2511428,0.18213494,0.03710045,0.13175592,0.031014571,0.037525125,0.0011803928,0.026058929,0.048272386,0.0,0.00493558,0.16504434,0.0057280823,0.02340388,0.043651126,0.008533604
99999E00030944,6,False,DO,DO.01,False,0.0,0.0,0.09188306,0.26162234,0.17983891,0.03135266,0.3009527,0.017487954,0.0011628957,0.00861123,0.044331044,0.013557515,0.0061075697,0.0045440155,0.013172368,0.02395227,0.0,0.0014235553
99999E00030958,6,False,94,94.9,False,0.04101129,0.049293526,0.013516395,0.09968897,0.029405493,0.25732693,0.11440505,0.058384433,0.0003732338,0.0,0.0005509642,0.016679997,0.23747444,0.003661246,0.026028616,0.03375989,0.0012174532,0.017222075
99999E00031012,5,False,56,56.30,False,0.0,0.0,0.0,0.0,0.0,0.081731245,0.037505172,0.06500385,0.0,0.0,0.0,0.0,0.0,0.21069455,0.6040661,0.0,0.0,0.0009991218
99999E00031042,3,False,49,49.4,False,0.0,0.0,0.0,0.0,0.0,0.0,0.0,0.0,0.0,0.0,0.0,1.0,0.0,0.0,0.0,0.0,0.0,0.0
99999E00031082,6,False,DO,DO.01,False,0.0,0.0020084828,0.03187446,0.012275424,0.0,0.8772906,0.01763546,0.015978053,0.0,0.0012083557,0.0162434,0.0014247164,0.0,0.003425035,0.0,0.006972538,0.0056580435,0.0080053555
99999E00031089,5,False,56,56.30,False,0.0,0.0,0.0,0.0,0.0,0.12832202,0.8627204,0.0,0.0,0.001754187,0.0,0.0,6.425357e-05,0.0,0.006779251,0.0,0.0003599493,0.0
99999E00031117,5,False,55,55.10,False,0.0,0.0,0.0,0.0030932508,0.0,0.05814979,0.93152523,0.0,0.0,0.0,0.004268451,0.0,0.002963252,0.0,0.0,0.0,0.0,0.0
99999E00031136,6,False,47,47.71,False,0.0,0.0,0.00077507604,0.022395102,0.0,0.04659074,0.032303896,0.0008397789,0.0,0.0,0.006182122,0.83761877,0.042195834,0.0,0.0,0.0031911056,0.004283987,0.0036236364
99999E00031143,6,False,84,84.11,False,0.0,0.0036287801,0.003903033,0.033378936,0.0136551,0.122253194,0.639576,0.023095056,0.0,0.056934256,0.01266332,0.0,0.0040517855,0.0038824638,0.010659486,0.047519043,0.003034367,0.021765228
99999E00031144,5,False,47,47.11,False,0.0,0.0,0.024942981,0.0013090839,0.0,0.9541638,0.015002666,0.0,0.0,0.0,0.0,0.0,0.0,0.0024481504,0.0021333953,0.0,0.0,0.0
99999E00031169,6,False,DO,DO.01,False,0.0,0.0,0.05203987,0.062502846,0.0035469353,0.44181952,0.09887099,0.021453926,0.0,0.0044774376,0.056054812,0.0,0.07950622,0.01800211,0.03546453,0.10272465,0.019074598,0.004461584
99999E00031188,5,False,55,55.10,True,0.00034635537,0.03916857,0.0005397813,0.003445954,0.0,0.0631527,0.8113637,0.0,0.0,0.00069971645,0.0,0.0,0.0014698318,0.0,0.0027626413,0.07705083,0.0,0.0
99999E00031218,2,False,47,47.11,True,0.0,0.0,0.0,0.0,0.0,0.045718785,0.9511864,0.0,0.0,0.0030948035,0.0,0.0,0.0,0.0,0.0,0.0,0.0,0.0
99999E00031219,3,False,DO,DO.01,False,0.0,0.0,0.2916712,0.39570472,0.0,0.0,0.0,0.048381116,0.0,0.025738578,0.062193386,0.009320833,0.041687556,0.0067589656,0.044761796,0.018739777,0.025455136,0.02958683
99999E00031226,5,False,DO,DO.01,False,0.0,0.0,0.024214175,0.1165497,0.0,0.104432434,0.5788384,0.03791233,0.0,0.0,0.02804639,0.006605892,0.009513416,0.0043441015,0.0008487955,0.08674037,0.0,0.001954097
99999E00031235,6,False,DO,DO.01,False,0.0025069404,0.00334093,0.1979659,0.07731095,0.086355545,0.11364631,0.16506453,0.03367143,0.005879838,0.06882543,0.04350526,0.008432954,0.0077467235,0.058366463,0.030698478,0.044289522,0.036421325,0.015971536
99999E00031282,5,False,93,93.1,True,0.0,0.0,0.03443569,0.01308189,0.005528138,0.45435318,0.4083254,0.0017938114,0.0,0.0,0.007467104,0.0,0.0025559217,0.0,0.029687861,0.03986979,0.0,0.0029012852
99999E00031296,5,False,16,16.10,False,0.0,0.0,0.001572513,0.0,0.0,0.5978825,0.39485514,0.0,0.0,0.0,0.0019405638,0.0,0.0,0.0,0.0,0.0037493992,0.0,0.0
99999E00031300,3,False,49,49.4,False,0.021521425,0.0,0.0,0.060065098,0.0,0.20051418,0.097592816,0.0,0.0,0.0,0.0,0.0,0.0,0.0,0.1402832,0.2915552,0.08652111,0.10194687
99999E00031304,6,False,55,55.10,False,0.0,0.0,0.08286596,0.032995943,0.027801262,0.15646768,0.3179469,0.05918265,0.0,0.003330611,0.030247414,0.012254319,0.015428321,0.040891305,0.009640989,0.18275231,0.001965755,0.02622864
99999E00031329,3,False,DO,DO.01,False,0.0,0.0,0.01532832,0.031598814,0.0,0.01371088,0.0,0.064001,0.050516993,0.22374062,0.087421864,0.0,0.023378156,0.044527665,0.11168347,0.057624653,0.20247367,0.07399391
99999E00031343,6,False,DO,DO.01,False,0.0,0.0033692953,0.14353177,0.15987395,0.07696966,0.34834984,0.055253524,0.004648312,0.0020370297,0.010277029,0.07790726,0.004458287,0.039118074,0.0,0.0,0.052138984,0.016248211,0.005818743
99999E00031369,6,False,36,36.00,False,0.00050724065,0.0,0.0041254903,0.0113858245,0.004103231,0.47454804,0.21335502,0.07337624,0.022982914,0.04174592,0.020653604,0.07737486,0.0068595344,0.009911856,0.0096456185,0.00807951,0.0072051873,0.01413994
99999E00031370,5,False,36,36.00,False,0.0,0.019269712,0.0055708787,0.0,0.0,0.80652916,0.09394861,0.0,0.0007778401,0.0077847317,0.006664365,0.0,0.0,0.0031947813,0.036437,0.018925017,0.0008979414,0.0
99999E00031372,1,False,IL,IL.01,False,0.26316112,0.7334158,0.0,0.0,0.0,0.0034230994,0.0,0.0,0.0,0.0,0.0,0.0,0.0,0.0,0.0,0.0,0.0,0.0
99999E00031374,1,False,IL,IL.01,False,0.30976385,0.69023615,0.0,0.0,0.0,0.0,0.0,0.0,0.0,0.0,0.0,0.0,0.0,0.0,0.0,0.0,0.0,0.0
99999E00031376,6,False,75,75.00,False,0.0,0.0010285346,0.0016915296,0.00070331676,0.001547429,0.17833377,0.05334895,0.0028337585,0.0,0.0027313016,0.0007132319,0.07554111,0.011922012,0.033360615,0.32123,0.12705906,0.031617526,0.15633792
99999E00031377,5,False,84,84.1,False,0.0,0.0,0.0,0.0,0.0,0.12110515,0.86055744,0.0,0.0,0.0,0.0,0.01833744,0.0,0.0,0.0,0.0,0.0,0.0
99999E00031378,1,False,IL,IL.01,False,0.34669635,0.6533036,0.0,0.0,0.0,0.0,0.0,0.0,0.0,0.0,0.0,0.0,0.0,0.0,0.0,0.0,0.0,0.0
99999E00031379,1,False,IL,IL.01,False,0.41297546,0.58702457,0.0,0.0,0.0,0.0,0.0,0.0,0.0,0.0,0.0,0.0,0.0,0.0,0.0,0.0,0.0,0.0
99999E00031381,5,False,IL,IL.01,False,0.0,0.0,0.0,0.055268046,0.009149423,0.93309426,0.0,0.0,0.0,0.0024882283,0.0,0.0,0.0,0.0,0.0,0.0,0.0,0.0
99999E00031382,5,False,36,36.00,False,0.0,0.0,0.0,0.0,0.0,0.97417647,0.009007592,0.0,0.0,0.0,0.0,0.0,0.0,0.00924785,0.0,0.0046104626,0.0,0.002957655
99999E00031385,1,False,96,96.0,False,0.32509482,0.672133,0.0016017039,0.0,0.0,0.001170476,0.0,0.0,0.0,0.0,0.0,0.0,0.0,0.0,0.0,0.0,0.0,0.0
99999E00031386,5,False,36,36.00,False,0.0,0.0,0.0,0.0,0.0,0.9517719,0.0022463535,0.0053593847,0.0,0.0,0.0,0.0,0.0,0.017104149,0.0,0.007475099,0.00422187,0.0118212355
99999E00031387,1,False,IL,IL.01,False,0.3767649,0.60485065,0.0,0.0015377202,0.0,0.013873907,0.0029728366,0.0,0.0,0.0,0.0,0.0,0.0,0.0,0.0,0.0,0.0,0.0
99999E00031388,1,False,IL,IL.01,False,0.32269618,0.643892,0.0,0.0,0.0,0.033411864,0.0,0.0,0.0,0.0,0.0,0.0,0.0,0.0,0.0,0.0,0.0,0.0
99999E00031389,1,False,IL,IL.01,False,0.43130332,0.5675815,0.0,0.0,0.0,0.0011152127,0.0,0.0,0.0,0.0,0.0,0.0,0.0,0.0,0.0,0.0,0.0,0.0
99999E00031393,6,False,36,36.00,False,0.0016283754,0.07204316,0.030470422,0.019238403,0.0,0.17643791,0.654773,0.0033994024,0.00013218675,0.014692005,0.020391457,0.0,0.00027043204,0.0001481593,0.0013339847,0.0007545659,0.0,0.0042864303
99999E00031394,5,False,85,85.3,False,0.0,0.0,0.0,0.0,0.0,0.3772965,0.58758867,0.0044124164,0.0,0.0,0.0,0.0,0.0,0.0,0.020537812,0.008051116,0.0021135216,0.0
99999E00031425,6,False,68,68.31,False,0.0036284204,0.0052139615,0.081509985,0.05691859,0.07406847,0.29113567,0.12983903,0.039235633,0.0,0.014170677,0.040830553,0.030522015,0.06840799,0.02096585,0.0,0.03679781,0.0047905254,0.10196474
99999E00031434,6,False,DO,DO.01,False,0.0,0.0,0.04207383,0.039842416,0.013167868,0.69566876,0.08223299,0.006027656,0.0,0.0030303746,0.010057124,0.008898869,0.02131978,0.0,0.0,0.05961155,0.011817357,0.0062514283
99999E00031583,6,False,DO,DO.01,False,0.0,0.0,0.060828492,0.06647021,0.31861404,0.057791088,0.05117216,0.019334681,0.0,0.0,0.0044170865,0.0,0.009105036,0.37696695,0.0,0.029380562,0.0,0.005919757
99999E00031610,1,False,IL,IL.01,False,0.33430907,0.6645827,0.0,0.0011081912,0.0,0.0,0.0,0.0,0.0,0.0,0.0,0.0,0.0,0.0,0.0,0.0,0.0,0.0
99999E00031613,3,False,DO,DO.01,False,0.0,0.0,0.1312849,0.0,0.009705376,0.4909178,0.2805061,0.018486295,0.0,0.022679666,0.0,0.0,0.0,0.0,0.0,0.040234935,0.0061849365,0.0
99999E00031652,2,False,60,60.10,False,0.0,0.0,0.0,0.0,0.0,1.0,0.0,0.0,0.0,0.0,0.0,0.0,0.0,0.0,0.0,0.0,0.0,0.0
99999E00031656,2,False,60,60.10,False,0.0,0.0,0.0,0.0,0.0,1.0,0.0,0.0,0.0,0.0,0.0,0.0,0.0,0.0,0.0,0.0,0.0,0.0
99999E00031672,6,False,36,36.00,False,0.0,0.0,0.017019155,0.025700517,0.008957101,0.12363971,0.5261331,0.026477957,0.001106038,0.019707385,0.0143503025,0.005074736,0.003487257,0.043154422,0.06617067,0.09775772,0.007745349,0.013518682
99999E00031717,6,False,DO,DO.01,False,0.0,0.0,0.105915524,0.09579311,0.055287953,0.1966979,0.082269676,0.069445886,0.006472515,0.022892803,0.07903048,0.017658286,0.055877045,0.04679074,0.0046934946,0.059733637,0.03391194,0.06752907
99999E00031719,6,False,DO,DO.01,False,0.0,0.0,0.0030374345,0.002102433,0.0,0.93609506,0.02568349,0.0061303354,0.0,0.01003674,0.0018700031,0.0,0.0,0.008261822,0.0,0.0042127897,0.0025699337,0.0
99999E00031798,5,False,DO,DO.02,False,0.0,0.0,0.0,0.0042625624,0.0,0.837603,0.1401176,0.0,0.0,0.0,0.008803324,0.0,0.0,0.0,0.0,0.0043851584,0.0048283893,0.0
99999E00031808,6,False,DO,DO.01,False,0.0,0.0,0.004039501,0.012574879,0.0056697135,0.42378104,0.33340505,0.02356132,0.032868464,0.047652118,0.010554084,0.0,0.013272497,0.0037961702,0.013578488,0.041387133,0.019215828,0.014643714
99999E00031823,6,False,52,52.10,False,0.005121532,0.111121915,0.010126471,0.0,0.0,0.32753763,0.044411108,0.0,0.027459428,0.040497396,0.0089427745,0.0,0.030503154,0.005585339,0.24846809,0.10070396,0.027374215,0.012147097
99999E00031834,6,False,93,93.11,False,0.0,0.015256772,0.013511988,0.07592246,0.002100196,0.12525052,0.062628716,0.004281533,0.0020575689,0.011167932,0.09908563,0.2547966,0.17154102,0.00836308,0.06038886,0.08919757,0.0021056803,0.0023438686
99999E00031843,6,False,DO,DO.01,False,0.0,0.0018427628,0.032482557,0.1943902,0.036645047,0.14208876,0.31561157,0.019927986,0.010884192,0.03679943,0.08913596,0.0032374726,0.0064531243,0.015626933,0.013085361,0.018118864,0.03105657,0.0326133
99999E00031857,5,False,41,41.20,False,0.0,0.0,0.0,0.0,0.0,0.28072825,0.3498294,0.0,0.0,0.0,0.0,0.0,0.0,0.0,0.3659769,0.003465442,0.0,0.0
99999E00031885,5,False,56,56.10,False,0.00016949349,0.0002439679,0.24901852,0.280979,0.00019272658,0.14387326,0.31383297,0.0,0.00014136492,0.0016005976,0.0,0.00046289692,0.0,0.0014102788,0.005421584,0.00067255687,0.0007605938,0.0012201202
99999E00031886,5,False,55,55.10,False,0.0,0.0,0.0,0.0047901203,0.0,0.05331239,0.9139381,0.0018954057,0.0,0.0018720034,0.0027080942,0.0,0.0,0.0,0.018004555,0.0025512772,0.00092810084,0.0
99999E00031910,6,False,DO,DO.01,False,0.0,0.0,0.051281616,0.046037287,0.05655085,0.46210715,0.09835615,0.0,0.023109918,0.06419329,0.0,0.0,0.008895452,0.02372397,0.046991557,0.011285276,0.068582945,0.038884412
99999E00031930,5,False,93,93.1,False,0.0,0.0,0.008191844,0.003573852,0.0038682558,0.1911291,0.56051016,0.0016627891,0.0,0.0,0.009544221,0.03789561,0.0,0.0027048935,0.07885504,0.10206423,0.0,0.0
99999E00031942,6,False,DO,DO.01,False,0.0,0.0,0.060022675,0.16044164,0.088182256,0.5527608,0.0052439524,0.02441638,0.0,0.06435625,0.0132736,0.0,0.0,0.017493071,0.004016064,0.0,0.009793342,0.0
99999E00031946,6,False,DO,DO.01,False,0.0,0.0,0.0073380563,0.047781203,0.022113528,0.13520654,0.13990745,0.074943915,0.10622277,0.17725183,0.07394929,0.0044307783,0.032367144,0.03994635,0.020577608,0.030148132,0.04439369,0.043421835
99999E00031957,6,False,DO,DO.02,False,0.0,0.0,0.0046893316,0.0,0.0,0.72329265,0.06466681,0.012642806,0.0,0.018458497,0.004413489,0.0,0.0,0.0012872677,0.100917175,0.035583753,0.0044088913,0.029639333
99999E00031966,6,False,01,01.42,False,0.02123652,0.022371376,0.0,0.020947618,0.006689878,0.2298466,0.4806847,0.0013958751,0.00019517334,0.005976813,0.028892184,0.00091713684,0.05207807,0.008268469,0.0049564536,0.1092781,0.0047482294,0.0015168944
99999E00032033,6,False,47,47.78,False,0.0,0.0,0.0,0.0014197065,0.0,0.021605274,0.013951723,0.006639472,0.00077854877,0.0,0.001232157,0.89358526,0.0289088,0.0,0.0038414947,0.004204599,0.0024501383,0.02138283
99999E00032034,5,False,55,55.10,False,0.0,0.0,0.0021468636,0.0,0.0,0.09335272,0.8905136,0.0007882903,0.0,0.0,0.0,0.0,0.0,0.0008520561,0.009938569,0.0015977556,0.00081018714,0.0
99999E00032087,6,False,43,43.22,False,0.0,0.023139618,0.012687899,0.018705232,0.0,0.20628014,0.06801364,0.0,0.0,0.0,0.012001244,0.011079124,0.54971325,0.013123893,0.0060279677,0.07922797,0.0,0.0
99999E00032096,6,False,82,82.30,False,0.0006797407,0.0026143072,0.05705573,0.003441187,0.049907055,0.8151002,0.03302752,0.0,0.00030567605,0.0,0.0007678168,0.0,0.0150693115,0.0006787044,0.0005647235,0.013516062,0.0010082128,0.0062637683
99999E00032099,3,False,DO,DO.01,False,0.0,0.0,0.038617224,0.051997263,0.0,0.7164348,0.096588835,0.0,0.0,0.0,0.0,0.014860415,0.043375548,0.017300185,0.0,0.0,0.013122143,0.0077035856
99999E00032100,6,False,DO,DO.01,False,0.0,0.04837384,0.12687963,0.07435081,0.30008328,0.034259915,0.000819118,0.008890196,0.2585039,0.0019580561,0.0635255,0.0,0.020602098,0.0070643863,0.0,0.031412568,0.016188039,0.0070886766
99999E00032109,6,False,46,46.34,False,0.09939028,0.010605751,0.042868502,0.3287913,0.0006970023,0.046119653,0.03399232,0.009662517,0.00024668797,0.00044161032,0.008877101,0.009880345,0.07145384,0.15859677,0.026818898,0.09953893,0.014459991,0.03755864
99999E00032121,6,False,DO,DO.01,False,0.0,0.006319207,0.04148057,0.074599855,0.06751562,0.24106124,0.4352952,0.0045896973,0.0013030681,0.0015106939,0.037791092,0.0,0.0063724364,0.02874719,0.003231736,0.05018241,0.0,0.0
99999E00032122,2,False,55,55.10,False,0.0,0.0,0.0,0.0,0.0,0.122377016,0.877623,0.0,0.0,0.0,0.0,0.0,0.0,0.0,0.0,0.0,0.0,0.0
99999E00032136,5,False,55,55.20,False,0.0,0.0,0.0,0.00029900653,0.0,0.121416375,0.7995985,0.0,0.0,0.0,0.0,0.0,0.0,0.0014233956,0.07676024,0.00050249713,0.0,0.0
99999E00032152,6,False,DO,DO.01,False,0.0,0.0042492035,0.09245445,0.2089016,0.008428818,0.34668756,0.20169377,0.0066078804,0.0032180073,0.005890893,0.09595714,0.0,0.0048902743,0.010598757,0.0,0.008707177,0.0017144429,0.0
99999E00032179,6,False,DO,DO.01,False,0.0,0.0,0.023306223,0.25770772,0.04374575,0.062333174,0.15724967,0.058735963,0.00051283283,0.041943453,0.14002366,0.00976965,0.02927021,0.13057868,0.0071187834,0.013543952,0.016951155,0.0072091753
99999E00032181,6,False,55,55.10,False,0.0,0.0,0.008863033,0.02491055,0.0050226445,0.7696287,0.055186734,0.01986712,0.0,0.0047446196,0.012508542,0.0016785454,0.010868972,0.01106385,0.0022657765,0.04530774,0.009338533,0.018744623
99999E00032192,6,False,36,36.00,False,0.063494414,0.009387551,0.029610485,0.13627517,0.024519727,0.55925995,0.04487499,0.010897655,0.013692125,0.027228571,0.014486098,0.0,0.013513092,0.017498521,0.002732198,0.025017904,0.0028256061,0.004685992
99999E00032234,4,False,43,43.33,False,0.0,0.0,0.0,0.0,0.0,0.06952801,0.15049562,0.0066793025,0.0,0.026996968,0.001350316,0.014543618,0.0015987811,0.0010783823,0.60255647,0.08861271,0.022889728,0.013670164
99999E00032237,6,False,DO,DO.01,False,0.0014930993,0.035311706,0.122278795,0.09619433,0.106898226,0.10737704,0.085161485,0.014662344,0.011897278,0.043537457,0.06304826,0.0022899061,0.022129668,0.08140406,0.014819511,0.06913762,0.067821786,0.05453741
99999E00032238,6,False,47,47.71,False,0.0,0.00027558306,0.0,0.0,0.00015444767,0.027497584,0.051001504,0.00036767707,0.0,0.00025741276,0.0,0.8274424,0.0034639293,0.001041221,0.029895056,0.03708421,0.0060347957,0.015484135
99999E00032289,6,False,43,43.22,False,0.0,0.0,0.0,0.0,0.0,0.5033313,0.22420393,0.009519302,0.0,0.04252507,0.022065695,0.0034190645,0.0045058555,0.0,0.09970615,0.08246352,0.0039727166,0.00428749
99999E00032291,6,False,DO,DO.01,False,0.0,0.0,0.12837864,0.14772472,0.10614197,0.044098254,0.17242718,0.054295115,0.040907297,0.030233031,0.12504311,0.005127029,0.006819655,0.024573695,0.020377913,0.04141546,0.04214925,0.010287686
99999E00032294,6,False,DO,DO.01,False,0.0,0.17168468,0.05509154,0.1772209,0.08818198,0.028698677,0.0,0.0,0.0,0.065932825,0.022965146,0.0,0.10711899,0.0073261824,0.0,0.15529872,0.040535018,0.07994532
99999E00032300,5,False,47,47.11,True,0.0,0.0039695464,0.040638342,0.0,0.0,0.9553921,0.0,0.0,0.0,0.0,0.0,0.0,0.0,0.0,0.0,0.0,0.0,0.0
99999E00032303,3,False,DO,DO.01,False,0.0,0.0019736825,0.2198752,0.06464627,0.3863239,0.04002202,0.06364093,0.04680696,0.00040474636,0.019312495,0.0,0.0094005605,0.023786467,0.0,0.0,0.041695405,0.034211952,0.047899347
99999E00032330,4,False,16,16.10,True,0.0074479207,0.027565824,0.00017597942,0.0,0.0,0.019097384,0.002289072,0.0011281968,0.0013124798,0.10202736,0.0007845414,0.004684749,0.0,0.00033776267,0.61680144,0.09480871,0.114675105,0.0068634655
99999E00032367,6,False,74,74.90,False,0.0,0.0036615615,0.06925777,0.049526673,0.016550813,0.49451795,0.13495502,0.004617827,0.0,0.007126085,0.002866281,0.017957333,0.0041805697,0.0072459853,0.09352327,0.040056247,0.017432036,0.036524646
99999E00032370,3,False,27,27.5,False,0.0035524801,0.0,0.0,0.015778547,0.0,0.009227221,0.0,0.0030680506,0.0,0.012202999,0.0,0.014440602,0.011211073,0.024452133,0.16198383,0.24537487,0.19919261,0.29951558
99999E00032389,6,False,DO,DO.01,False,0.0,0.0,0.02112616,0.19582327,0.038272187,0.0922438,0.255147,0.030453108,0.0047740326,0.0014359396,0.16502382,0.007464754,0.021158129,0.017018147,0.00739016,0.07135207,0.035152547,0.036164895
99999E00032390,3,False,DO,DO.01,False,0.0,0.03304301,0.15182987,0.09023754,0.20754634,0.006275956,0.026244609,0.0205936,0.010240589,0.027054729,0.0,0.0,0.031260744,0.07993083,0.07573473,0.2103206,0.006527259,0.023159536
99999E00032392,5,False,55,55.10,False,0.0,0.0,0.0,0.0,0.0,0.028818348,0.9703811,0.0,0.0,0.0,0.0,0.0,0.0,0.0,0.0008005517,0.0,0.0,0.0
99999E00032393,5,False,55,55.10,False,0.0,0.0,0.0,0.0,0.0,0.04295989,0.89332014,0.00065841945,0.0,0.004273016,0.0002514468,0.0,0.0,0.0019119031,0.01885969,0.03640748,0.0013580888,0.0
99999E00032405,5,False,55,55.10,False,0.0,0.0,0.0,0.0,0.0,0.105751276,0.82548577,0.0065020095,0.0,0.002674654,0.0,0.0,0.00096242316,0.002840527,0.05185365,0.0016245372,0.0,0.0023051274
99999E00032422,6,False,16,16.23,False,0.0,0.0,0.007415116,0.024767715,0.00931803,0.03514679,0.19380356,0.029315343,0.003387411,0.033680443,0.022743892,0.10420884,0.04985863,0.054443806,0.10826798,0.21482061,0.07269325,0.03612861
99999E00032424,3,False,DO,DO.01,False,0.0,0.0,0.025735272,0.04215458,0.081981674,0.77897716,0.0069794147,0.027669797,0.016313514,0.0,0.0,0.0,0.0,0.020188615,0.0,0.0,0.0,0.0
99999E00032429,2,False,61,61.90,False,0.0,0.0,0.0,0.0,0.0,0.97789377,0.022106279,0.0,0.0,0.0,0.0,0.0,0.0,0.0,0.0,0.0,0.0,0.0
99999E00032445,6,False,55,55.10,False,0.0,0.0,0.01688789,0.00032326655,0.0003682838,0.05223533,0.019868031,0.0018153518,0.0,0.0017882558,0.00096002454,0.0,0.12297823,0.0,0.0028974803,0.77856654,0.00045300194,0.0008583285
99999E00032454,2,False,61,61.90,False,0.0,0.0,0.0,0.0,0.0,0.9412928,0.058707196,0.0,0.0,0.0,0.0,0.0,0.0,0.0,0.0,0.0,0.0,0.0
99999E00032455,6,False,47,47.78,False,0.011380874,0.025568785,0.008533163,0.015433407,0.0,0.15242092,0.028440062,0.00021209351,0.038971752,0.6098368,0.00036264627,0.0034305288,0.0003472948,0.0045886273,0.042378042,0.00447349,0.050292026,0.003329532
99999E00032462,6,False,47,47.71,False,0.0,0.0,0.0,0.0,0.0,0.029261412,0.114165574,0.002316065,0.0,0.0,0.0,0.8103242,0.001205499,0.0008281394,0.012109884,0.0100453915,0.0065702996,0.013173596
99999E00032463,6,False,55,55.10,True,0.0,0.026856028,0.0016109603,0.010471665,0.0022054615,0.044807002,0.8716298,0.008432199,0.0,0.0015687223,0.0066277883,0.00059513457,0.0008468735,0.0029344908,0.010865324,0.0063627446,0.0013794957,0.0028062982
99999E00032466,6,False,47,47.64,False,0.0,0.0,0.0,0.20256867,0.071553595,0.017362483,0.0042654267,0.002604962,0.00246401,0.008900043,0.1589882,0.1697681,0.14585811,0.002502049,0.09757136,0.059756953,0.03504255,0.020793695
99999E00032468,5,False,56,56.10,False,0.0,0.0,0.0001018202,8.6130574e-05,0.00010335204,0.13797855,0.21199006,0.00019890568,0.00017323594,4.458551e-05,0.00021689307,0.0,0.00017502309,0.005894269,0.6420955,0.00034487044,0.0002167538,0.00038000965
99999E00032481,2,False,61,61.20,False,0.0,0.0,0.0,0.0,0.0,1.0,0.0,0.0,0.0,0.0,0.0,0.0,0.0,0.0,0.0,0.0,0.0,0.0
99999E00032482,5,False,56,56.30,False,0.0,0.0,0.0,0.076518305,0.0002247966,0.040928163,0.7258596,0.062720425,0.0,0.0,0.0,0.0016234508,0.0016075487,0.070675045,0.0069925473,0.0009635172,0.0015396037,0.010347148
99999E00032499,6,False,41,41.20,False,0.011963728,0.02070319,0.0045235194,0.03987909,0.0005674286,0.10609854,0.040112425,0.030200988,0.20427959,0.03689346,0.012722067,0.0074189957,0.07387178,0.051291298,0.01176221,0.107896276,0.093572676,0.14624278
99999E00032517,6,False,DO,DO.01,False,0.0,0.0,0.1750192,0.008457901,0.0044510146,0.15132801,0.46043524,0.016714808,0.0018024502,0.012892705,0.0015074449,0.0024378463,0.0,0.036003616,0.08905271,0.018705282,0.012270276,0.00892148
99999E00032523,2,False,61,61.10,False,0.0,0.0,0.0,0.0,0.0,0.9895711,0.010428885,0.0,0.0,0.0,0.0,0.0,0.0,0.0,0.0,0.0,0.0,0.0
99999E00032525,3,False,DO,DO.01,False,0.047336176,0.008385285,0.0,0.07465381,0.06985968,0.02695321,0.0,0.017467575,0.005377905,0.22719878,0.09781771,0.0,0.09258486,0.04886817,0.0,0.0930696,0.10128859,0.089138776
99999E00032531,3,False,47,47.75,False,0.0,0.00923995,0.0039618737,0.0045453794,0.0,0.090738505,0.2994845,0.045635033,0.0,0.0,0.0,0.19231609,0.105786994,0.03889046,0.007571212,0.16880234,0.009661003,0.023366766
99999E00032582,5,False,DO,DO.01,False,0.0,0.0,0.035483167,0.0013702767,0.018917343,0.8604667,0.03149291,0.0,0.0,0.015106469,0.027467834,0.0,0.0,0.009695189,0.0,0.0,0.0,0.0
99999E00032587,6,False,DO,DO.01,False,0.006638777,0.0,0.06972801,0.18468125,0.31364867,0.070844516,0.03158631,0.049672697,0.0020940176,0.011674613,0.021732382,0.03526474,0.020879954,0.044451546,0.037789606,0.029677603,0.020333283,0.04930207
99999E00032606,6,False,47,47.72,False,0.0,0.0,0.092442825,0.0980068,0.12190639,0.028028345,0.093300566,0.054681316,0.0,0.05203551,0.021321123,0.014553849,0.024020512,0.14873649,0.03662231,0.14979038,0.028412325,0.03614127
99999E00032607,3,False,01,01.50,False,0.0007789276,0.0009106303,0.0,0.0002031985,0.0,0.0,0.0,0.0,0.0058137346,0.030773282,0.002430856,0.0,0.008662276,0.06898589,0.40231043,0.13608655,0.19140546,0.15163875
99999E00032608,2,False,61,61.10,False,0.0,0.0,0.0,0.0,0.0,0.7284122,0.27158776,0.0,0.0,0.0,0.0,0.0,0.0,0.0,0.0,0.0,0.0,0.0
99999E00032632,6,False,52,52.10,False,0.001630096,0.009592238,0.053570192,0.038306173,0.04768626,0.14862232,0.05703604,0.15178077,0.0021063525,0.0045569083,0.02071499,0.0,0.013469399,0.2621467,0.023150392,0.1326699,0.006864588,0.02609669
99999E00032676,6,False,DO,DO.01,False,0.0002187943,0.00011347045,0.13909383,0.17101277,0.036690526,0.090667546,0.32451677,0.032211646,0.0,0.009874838,0.012663303,0.011306894,0.0059982226,0.07562777,0.029168308,0.018168077,0.018697603,0.023969615
99999E00032682,2,False,71,71.12,False,0.0,0.0,0.0,0.0,0.0,0.5246039,0.4753961,0.0,0.0,0.0,0.0,0.0,0.0,0.0,0.0,0.0,0.0,0.0
99999E00032686,6,False,DO,DO.02,False,0.0,0.013301047,0.010823224,0.0058343746,0.0018621974,0.2612875,0.6329351,0.0018340986,0.0,0.010856433,0.016478786,0.0,0.0058471467,0.0019388311,0.00550485,0.02461217,0.0037550484,0.003129207
99999E00032700,6,False,DO,DO.01,False,0.0,0.0020638083,0.1857063,0.1371097,0.116726555,0.22429954,0.0150657995,0.0,0.0,0.017068908,0.10005827,0.047613263,0.057058223,0.0036784343,0.0,0.035801,0.057750203,0.0
99999E00032712,3,False,DO,DO.01,False,0.0,0.0,0.32127157,0.13086133,0.15983668,0.0012852083,0.04650293,0.0,0.0,0.008503425,0.0,0.0,0.015652396,0.1283214,0.0021161619,0.0341605,0.07912063,0.07236775
99999E00032724,3,False,DO,DO.01,False,0.0,0.0,0.17385137,0.069509424,0.0,0.00490319,0.09429344,0.051137593,0.0,0.006230597,0.036341548,0.03548111,0.014160448,0.0,0.02597307,0.0,0.3309005,0.15721771
99999E00032733,6,False,DO,DO.01,False,0.0,0.0,0.10041179,0.065196104,0.049691144,0.40913332,0.056153774,0.030749567,0.0051415404,0.044621017,0.024371736,0.012295958,0.033623833,0.023498446,0.0023342238,0.044876903,0.048950262,0.048950262
99999E00032777,6,False,DO,DO.01,False,0.0052357917,0.027635882,0.0774533,0.03647754,0.016954862,0.7155644,0.033463545,0.010690123,0.0,0.0064741713,0.048651896,0.0,0.0,0.0019213081,0.007339215,0.0026406609,0.0,0.009497272
99999E00032786,5,False,77,77.21,False,0.0,0.0,0.0,0.0010176573,0.0,0.1267679,0.06756646,0.022038022,0.0,0.0,0.0015863985,0.0,0.00068638497,0.054365743,0.66892713,0.023737233,0.0,0.033307046
99999E00032798,6,False,DO,DO.01,False,0.0,0.0,0.06687093,0.039313078,0.033389777,0.37995115,0.041979097,0.026660219,0.0,0.00558467,0.069751956,0.027536353,0.014480369,0.15756404,0.0,0.08674784,0.0,0.050170664
99999E00032811,5,False,56,56.11,False,0.0,0.0,0.0,0.0,0.0,0.089741625,0.7613864,0.0,0.0,0.00018881148,0.0,0.0,0.0,0.012640616,0.13493466,0.0,0.00018256975,0.0009253322
99999E00032819,6,False,DO,DO.01,False,0.0038149853,0.0,0.020812811,0.034999352,0.007323284,0.67926246,0.13955596,0.0057248003,0.00372205,0.008266575,0.0011477482,0.007430159,0.0026904703,0.0054088216,0.024641735,0.051504623,0.0018354678,0.0018587016
99999E00032825,6,False,DO,DO.01,False,0.0,0.0,0.11755548,0.01765458,0.12851651,0.21494795,0.022570439,0.023495153,0.025591701,0.10231099,0.022822874,0.0,0.011372907,0.034238297,0.036066465,0.07669006,0.102988586,0.06317809
99999E00032845,6,False,15,15.20,False,0.0077867075,0.0,0.13655448,0.024858698,0.10118194,0.02488967,0.10934508,0.04480236,0.017229233,0.052948028,0.0144068,0.26569787,0.013526081,0.03932347,0.007863742,0.04407412,0.028454643,0.06705701
99999E00032908,3,False,52,52.10,False,0.008205483,0.0,0.14394072,0.10587831,0.04695053,0.33988625,0.054321673,0.044130325,0.010377523,0.021265302,0.034111362,0.046729874,0.009074299,0.059182905,0.03647647,0.006295467,0.009301845,0.02387175
99999E00032915,6,False,DO,DO.01,False,0.0,0.0,0.020086037,0.08358872,0.014900783,0.03368023,0.6927877,0.002822746,0.0,0.0,0.018937128,0.0020484955,0.04444831,0.0,0.0,0.07501806,0.005663011,0.006018803
99999E00032925,2,False,62,62.02,False,0.0,0.0,0.0,0.0,0.0,0.95512795,0.022813851,0.0,0.0,0.022058131,0.0,0.0,0.0,0.0,0.0,0.0,0.0,0.0
99999E00032931,6,False,DO,DO.01,False,0.0,0.0,0.043195873,0.046642683,0.018961376,0.12601757,0.2761454,0.04367417,0.03342995,0.14307384,0.04091248,0.0047003804,0.025588071,0.050347332,0.00876236,0.055348225,0.055864904,0.02733534
99999E00032967,3,False,DO,DO.01,False,0.0,0.0,0.15323819,0.08767105,0.06287047,0.05673885,0.06827507,0.07871386,0.0,0.0,0.0067810817,0.0,0.030979747,0.09221972,0.0074530584,0.19753483,0.017193591,0.1403305
99999E00032975,5,False,35,35.11,False,0.0,0.0,0.0,0.0040091877,0.0,0.8390424,0.15694839,0.0,0.0,0.0,0.0,0.0,0.0,0.0,0.0,0.0,0.0,0.0
99999E00032983,2,False,60,60.10,False,0.0,0.0,0.0,0.0,0.0,1.0,0.0,0.0,0.0,0.0,0.0,0.0,0.0,0.0,0.0,0.0,0.0,0.0
99999E00032996,6,False,55,55.30,True,0.0036272814,0.39124537,0.047146644,0.20734373,0.0008570432,0.19189991,0.13427603,0.0,0.0,0.003514829,0.010588065,0.0,0.0007142861,0.0010100687,0.0014408445,0.004618817,0.00049038295,0.0012267088
99999E00032999,6,False,DO,DO.01,False,0.0,0.0,0.047795963,0.19549906,0.075823426,0.032451063,0.17792733,0.065919966,0.0,0.048486672,0.07751424,0.0,0.0030968648,0.12460471,0.017987039,0.060091782,0.034954764,0.037847172
99999E00033006,6,False,DO,DO.01,False,0.0,0.008661005,0.13109578,0.040489815,0.18266568,0.01970648,0.024202356,0.0497854,0.0,0.0034882468,0.011453141,0.00586887,0.02521768,0.24789628,0.022064028,0.062907666,0.03865916,0.12583841
99999E00033009,6,False,DO,DO.01,False,0.0,0.0,0.0,0.009454029,0.00075407146,0.91652316,0.0030613053,0.008925054,0.0009116386,0.008699958,0.0029375022,0.0,0.002003354,0.0061676293,0.0,0.019842207,0.0029937762,0.017726308
99999E00033015,6,False,38,38.11,False,0.0,0.0,0.0007590693,0.0,0.0,0.28191105,0.13045506,0.10584337,0.03416332,0.13999976,0.00044019084,0.0,0.0,0.0,0.006335976,0.00059963,0.04216994,0.25732276
99999E00033046,5,False,DO,DO.01,False,0.00013281242,0.0,0.021472724,0.08500686,0.0,0.57407475,0.22462592,0.014708975,0.0,0.0,0.0,0.0054356246,0.0,0.035600647,0.0035347475,0.032503072,0.0029038882,0.0
99999E00033064,6,False,DO,DO.01,False,0.0003567099,0.0,0.09514875,0.08368868,0.057811745,0.16893204,0.10978416,0.17998591,0.0,0.02241499,0.10297163,0.011332239,0.016963309,0.045656804,0.0061403587,0.06611711,0.00010103344,0.032594625
99999E00033085,2,False,61,61.10,False,0.0,0.0,0.0,0.0,0.0,1.0,0.0,0.0,0.0,0.0,0.0,0.0,0.0,0.0,0.0,0.0,0.0,0.0
99999E00033092,3,False,01,01.41,True,0.0,0.0,0.017545428,0.019016324,0.005360822,0.0,0.0,0.058702197,0.17598926,0.01701287,0.26917085,0.020625796,0.03251748,0.06829457,0.1317822,0.07598454,0.048984446,0.059013262
99999E00033098,2,False,61,61.10,False,0.0,0.0,0.0,0.0,0.0,1.0,0.0,0.0,0.0,0.0,0.0,0.0,0.0,0.0,0.0,0.0,0.0,0.0
99999E00033108,6,False,DO,DO.01,False,0.0,0.021941675,0.039694156,0.14754908,0.06642037,0.315204,0.0151750725,0.027214732,0.008526709,0.058919437,0.080725245,0.0033708555,0.017867606,0.077722594,0.021333884,0.070515186,0.018061562,0.009757848
99999E00033118,6,False,DO,DO.01,False,0.0,0.0,0.13706812,0.083899364,0.068218976,0.2628623,0.017525407,0.0068784873,0.0,0.09918471,0.0,0.0,0.0068455683,0.1114619,0.01024719,0.16217272,0.028509354,0.0051259464
99999E00033126,4,False,25,25.11,False,0.0,0.0,0.0012618959,0.0,0.0,0.061218716,0.053691756,0.0,0.0,0.00949324,0.0,0.017488744,0.0,0.0015555028,0.74556077,0.090183735,0.017434519,0.0021111076
99999E00033129,5,False,56,56.30,True,0.0,0.0,0.0,0.0,0.0,0.05091063,0.009180048,0.04633114,0.0,0.0,0.0,0.0,0.0,0.09854618,0.75153685,0.0,0.0,0.043495163
99999E00033130,6,False,DO,DO.01,False,0.006107275,0.0,0.17491224,0.07256334,0.12076474,0.062939726,0.02950887,0.0644239,0.047294777,0.020590395,0.04895625,0.028717758,0.043340567,0.048009332,0.010578602,0.05551482,0.07160702,0.0941705
99999E00033134,6,False,DO,DO.01,False,0.0048515624,0.0735213,0.026082925,0.0117374845,0.010732317,0.273835,0.21193226,0.020475285,0.104657434,0.15017003,0.021016037,0.0,0.001912097,0.010941563,0.014575673,0.01750054,0.013871295,0.03218722
99999E00033158,6,False,68,68.31,False,0.0,0.0,0.21440075,0.18555711,0.004230231,0.33390397,0.08414762,0.0,0.00025821177,0.003210711,0.014178882,0.06072531,0.017939335,0.014140567,0.02477556,0.02715,0.010732726,0.004648923
99999E00033160,6,False,71,71.11,False,0.0011514566,0.00053466356,0.028179483,0.023584332,0.0143595375,0.21273124,0.52909935,0.0069514485,0.001293541,0.011085852,0.012129718,0.0114932135,0.0038633756,0.034811445,0.04138592,0.0098498,0.04074695,0.016748685
99999E00033163,2,False,38,38.1,False,0.0,0.0,0.0,0.0,0.0,0.89730424,0.10124094,0.0,0.0,0.0014548093,0.0,0.0,0.0,0.0,0.0,0.0,0.0,0.0
99999E00033178,2,False,60,60.10,False,0.0,0.0,0.0,0.0,0.0,1.0,0.0,0.0,0.0,0.0,0.0,0.0,0.0,0.0,0.0,0.0,0.0,0.0
99999E00033180,3,False,DO,DO.01,False,0.0,0.0,0.0,0.0,0.0,0.0,0.0,0.0,0.0,0.0,0.0,0.0,0.5828985,0.0,0.0,0.41710144,0.0,0.0
99999E00033183,2,False,60,60.10,False,0.0,0.0,0.0,0.0,0.0,1.0,0.0,0.0,0.0,0.0,0.0,0.0,0.0,0.0,0.0,0.0,0.0,0.0
99999E00033188,3,False,DO,DO.01,False,0.0,0.0,0.033323154,0.26910847,0.10078462,0.041851975,0.09469261,0.009511027,0.0,0.031620853,0.075212575,0.027781298,0.08713448,0.10077886,0.0062878774,0.022322973,0.07424189,0.025347378
99999E00033200,6,False,96,96.02,False,0.0,0.0,0.0041405754,0.02756991,0.004840857,0.0027067855,0.043039873,0.014167178,0.0,0.00078488,0.015833378,0.5772637,0.0721805,0.01265891,0.023365933,0.16968703,0.009673502,0.022087017
99999E00033201,6,False,DO,DO.01,False,0.00088647025,0.00095136237,0.014443093,0.13398796,0.06363003,0.09400873,0.021451425,0.099595234,0.0108311605,0.08395744,0.0995848,0.023194237,0.079446286,0.0707021,0.026243,0.053670276,0.05345474,0.06996163
99999E00033207,6,False,DO,DO.01,False,0.0091403965,0.0,0.07770055,0.15436263,0.120942764,0.26902676,0.1166908,0.000110067616,0.0036370165,0.028045705,0.02125501,0.0,0.008408207,0.053543106,0.0,0.082203746,0.043469522,0.01146378
99999E00033222,3,False,DO,DO.01,False,0.0,0.0,0.02333427,0.23390265,0.19088754,0.013512213,0.01755119,0.03865943,0.0,0.10168123,0.012484109,0.0,0.045984667,0.11134265,0.0074766963,0.06802922,0.09924408,0.035910174
99999E00033226,6,False,85,85.51,False,0.0,0.0,0.0,0.0016116212,0.0,0.2996978,0.31642336,0.0058035986,0.0,0.00081662915,0.0,0.0020582215,0.0,0.0048558526,0.32529184,0.024633486,0.016511764,0.002295838
99999E00033238,5,False,49,49.39,False,0.0,0.0,0.0,0.0,0.0,0.2923011,0.6883901,0.0,0.0,0.0,0.0,0.0,0.0,0.0,0.016131688,0.0031771483,0.0,0.0
99999E00033248,6,False,DO,DO.02,False,0.0065682693,0.05672773,0.029919641,0.0403991,0.0012318203,0.22879641,0.59395164,0.0055866963,0.0,0.0042247195,0.0,0.0,0.0,0.0,0.015513169,0.012574921,0.0028555505,0.0016503368
99999E00033266,6,False,52,52.10,False,0.00093853957,0.019622065,0.002036929,0.0071793874,0.0,0.74393046,0.1061456,0.0029653988,0.038480964,0.0148219615,0.003369009,0.0016119218,0.012159479,0.004308807,0.01255134,0.021523898,0.0048693297,0.0034848053
99999E00033268,6,False,DO,DO.02,False,0.0012462877,0.0021652277,0.0,0.025276765,0.05019858,0.21156129,0.0017116738,0.010337089,0.048518453,0.09542383,0.04041758,0.020031314,0.034292635,0.09093562,0.021514237,0.097703435,0.17868453,0.069981426
99999E00033270,2,False,61,61.10,False,0.0,0.0,0.0,0.0,0.0,0.996287,0.0037130397,0.0,0.0,0.0,0.0,0.0,0.0,0.0,0.0,0.0,0.0,0.0
99999E00033273,2,False,61,61.90,False,0.0,0.0,0.0,0.0,0.0,0.8141009,0.1858991,0.0,0.0,0.0,0.0,0.0,0.0,0.0,0.0,0.0,0.0,0.0
99999E00033301,6,False,38,38.11,False,4.6856832e-05,0.0014040895,0.003252511,0.0,0.0,0.7870983,0.15655774,0.0,0.0,0.005496792,0.0005664022,0.0,0.0,0.0,0.030416552,0.0,0.012090842,0.0030699305
99999E00033359,6,False,01,01.19,False,0.0,0.010227726,0.024915267,0.021486232,0.006862976,0.32206303,0.21109714,0.017379995,0.0007284115,0.0033069989,0.10111953,0.0203296,0.118508786,0.0057515632,0.009464446,0.082719654,0.01030182,0.03373684
99999E00033373,5,False,85,85.31,False,0.0,0.0,0.0,0.0,0.0,0.13313864,0.50249183,0.0,0.0,0.002628456,0.0,0.0,0.0,0.0,0.36174107,0.0,0.0,0.0
99999E00033401,6,False,DO,DO.01,False,0.0,0.03158317,0.08677492,0.14967676,0.0814453,0.076847464,0.058123264,0.00045625764,0.014188071,0.021920206,0.17791845,0.04557948,0.031166585,0.12805632,0.0077034803,0.026595194,0.048464704,0.0135003785
99999E00033409,5,False,55,55.10,False,0.005108512,0.006754536,0.0039247754,0.0040794555,0.0,0.25010347,0.65776414,0.00017394156,0.0011101908,0.005189062,0.013965524,0.0037274861,0.00090472965,0.0012993084,0.03140112,0.0067597893,0.0032593613,0.004474618
99999E00033486,6,False,DO,DO.01,False,0.0,0.0,0.03764041,0.09023534,0.017509243,0.5778478,0.014344848,0.048438452,0.0,0.008305619,0.03481934,0.0,0.010498704,0.116041645,0.0026915679,0.034157135,0.0028784997,0.0045914263
99999E00033488,2,False,47,47.11,False,0.0,0.0,0.0,0.0,0.0,0.4640389,0.5359611,0.0,0.0,0.0,0.0,0.0,0.0,0.0,0.0,0.0,0.0,0.0
99999E00033497,4,False,47,47.78,False,0.0,0.0011379919,0.0,0.0,0.0,0.010083115,0.0,0.0,0.0,0.0,0.0,0.019986693,0.0,0.0,0.9463237,0.0026654783,0.0075273947,0.0122756455
99999E00033498,5,False,49,49.31,False,0.0,0.0,0.0,0.0,0.0,0.7262581,0.2715921,0.0,0.0,0.0,0.0,0.0,0.0,0.0,0.0,0.002149864,0.0,0.0
99999E00033506,6,False,DO,DO.01,False,0.0,0.017625256,0.13645542,0.08505901,0.026908368,0.28741089,0.12324438,0.023924336,0.0014657289,0.0007613417,0.09035092,0.0,0.037869934,0.058073726,0.0019929241,0.08957887,0.001308982,0.017969904
99999E00033513,5,False,56,56.30,False,0.0,0.0,0.0,0.0,0.0,0.053443823,0.93900824,0.0013641838,0.0,0.0,0.0,0.0,0.0,0.0,0.0,0.00085256447,0.0011758746,0.0041553173
99999E00033514,6,False,47,47.71,False,0.0,0.0,0.01173497,0.14065082,0.2759113,0.0,0.0,0.0,0.0,0.0,0.025807556,0.022217898,0.4616005,0.0,0.0,0.015256633,0.032302234,0.014518071
99999E00033515,5,False,47,47.71,False,0.0,0.0070522535,0.0,0.0032982652,0.004415355,0.054027025,0.14631706,0.0,0.0,0.0006099558,0.0061077285,0.7621473,0.00042902151,0.0,0.0065206094,0.0,0.0022086739,0.006866736
99999E00033523,6,False,DO,DO.01,False,0.0042944374,0.009525374,0.17498495,0.1971877,0.040895157,0.033426914,0.10000751,0.016464977,0.0024194566,0.002512513,0.023040278,0.019595224,0.020246616,0.066788495,0.038972657,0.07923622,0.029904643,0.14049679
99999E00033541,5,False,DO,DO.01,False,0.0,0.0,0.0020911382,0.0020505737,0.0035733748,0.7760742,0.17577223,0.01610003,0.0018019264,0.006286351,0.0042107804,0.0,0.0,0.0019115593,0.0,0.003983621,0.0,0.006144266
99999E00033549,2,False,61,61.10,False,0.0,0.0,0.0,0.0,0.0,1.0,0.0,0.0,0.0,0.0,0.0,0.0,0.0,0.0,0.0,0.0,0.0,0.0
99999E00033552,6,False,DO,DO.01,False,0.0,0.0,0.0,0.0042888415,0.0,0.021217588,0.6503439,0.06688186,0.0033061453,0.04910021,0.025693081,0.0,0.0134186465,0.06918594,0.0027779199,0.051542737,0.02975448,0.012488691
99999E00033558,5,False,68,68.32,False,0.0,0.0,0.0,0.0,0.0,0.15026852,0.84026283,0.0029254917,0.0,0.0009872627,0.0,0.0,0.0,0.0,0.0026912147,0.0017439881,0.0,0.0011205697
99999E00033563,6,False,47,47.78,False,0.0,0.0,0.1535982,0.10691546,0.008248296,0.0010858538,0.022632204,0.0052740467,0.0,0.0,0.013811645,0.6281924,0.052383505,0.0,0.0,0.00403896,0.0,0.0038194286
99999E00033595,6,False,DO,DO.01,False,0.0,0.0,0.024043396,0.054288927,0.017169874,0.2401426,0.34604248,0.00023055312,0.0068228515,0.10683477,0.0,0.0,0.0008766086,0.022386454,0.026602283,0.012682955,0.1186031,0.023273196
99999E00033602,2,False,61,61.10,False,0.0,0.0,0.0,0.0,0.0,0.15774788,0.84225214,0.0,0.0,0.0,0.0,0.0,0.0,0.0,0.0,0.0,0.0,0.0
99999E00033633,5,False,35,35.11,False,0.00035560995,0.0008532652,0.00044401575,0.0,0.0,0.41539612,0.5590685,0.0005205017,0.0,0.0007747926,0.0,0.0,0.0,0.0005254684,0.013384046,0.007341657,0.00065360713,0.0006824135
99999E00033650,6,False,DO,DO.01,False,0.0,0.02000454,0.024595134,0.16692233,0.09934685,0.19127496,0.19292401,0.02421238,0.006810335,0.042074837,0.13112397,0.0,0.0058504576,0.033061624,0.004404207,0.028179253,0.023832735,0.005382502
99999E00033667,2,False,60,60.10,False,0.0,0.0,0.0,0.0,0.0,1.0,0.0,0.0,0.0,0.0,0.0,0.0,0.0,0.0,0.0,0.0,0.0,0.0
99999E00033700,6,False,55,55.30,False,0.053340595,0.1297888,0.068091854,0.0,0.0,0.7417,0.0070788492,0.0,0.0,0.0,0.0,0.0,0.0,0.0,0.0,0.0,0.0,0.0
99999E00033724,2,False,56,56.30,False,0.0,0.0,0.0,0.0,0.0,0.08087397,0.91912603,0.0,0.0,0.0,0.0,0.0,0.0,0.0,0.0,0.0,0.0,0.0
99999E00033725,2,False,61,61.10,False,0.0,0.0,0.0,0.0,0.0,1.0,0.0,0.0,0.0,0.0,0.0,0.0,0.0,0.0,0.0,0.0,0.0,0.0
99999E00033727,6,False,DO,DO.01,False,0.0,0.074534655,0.025889676,0.046721354,0.09467609,0.33184725,0.004944837,0.10999717,0.0,0.0052050916,0.03889109,0.011790663,0.0,0.077793494,0.15576804,0.0010523339,0.0,0.02088826
99999E00033729,6,False,85,85.51,False,0.0,0.0,0.2194346,0.04764592,0.0,0.14993398,0.0007773565,0.0,0.0,0.0,0.0052604675,0.248463,0.29662362,0.0,0.0,0.0035886185,0.027218126,0.0010542233
99999E00033731,3,False,DO,DO.01,False,0.0,0.0,0.004710641,0.5012593,0.06189154,0.12316127,0.06931865,0.015953371,0.0,0.034120746,0.0188143,0.0,0.007119349,0.0701069,0.0,0.031159319,0.06238459,0.0
99999E00033738,5,False,84,84.1,False,0.0,0.0,0.0,0.005625071,0.0,0.493539,0.3902233,0.0,0.0,0.0,0.00213265,0.0072328253,0.0,0.0031080479,0.0,0.07559748,0.016507372,0.006034242
99999E00033771,6,False,DO,DO.01,False,0.0,0.0,0.0033146082,0.006710437,0.003366421,0.7212417,0.15955351,0.0018939618,0.028090851,0.014971051,0.016273368,0.0,0.003944762,0.011220237,0.0061005885,0.010432544,0.0048675872,0.008018355
99999E00033772,5,False,55,55.10,False,0.0,0.0,0.0,0.27596948,0.0,0.09519662,0.538345,0.0,0.0,0.0,0.066721484,0.0,0.017426053,0.0,0.0009375166,0.0054038707,0.0,0.0
99999E00033774,6,False,85,85.51,False,0.0,0.0,0.004434339,0.0065995413,0.003084934,0.547698,0.34649217,0.009747765,0.003583703,0.0076307557,0.009658347,0.048378248,0.0008668937,0.0010068277,0.0003861248,0.0013418563,0.0019329466,0.007157535
99999E00033779,6,False,DO,DO.02,False,0.0,0.0,0.019310914,0.0113374395,0.017273264,0.76048553,0.005112546,0.019938646,0.009764566,0.040424258,0.004455057,0.0,0.030625682,0.009998372,0.0,0.02626273,0.01813055,0.026880542
99999E00033788,6,False,14,14.20,False,0.0,0.0,0.006258751,0.2067066,0.0037624738,0.054877732,0.0,0.01844908,0.0,0.0,0.00069683307,0.65263516,0.040273976,0.0013363047,0.0,0.0026025015,0.0,0.012400654
99999E00033799,3,False,DO,DO.01,False,0.0,0.0,0.010394401,0.18844016,0.09049753,0.029203085,0.080250874,0.031481903,0.018226536,0.08047731,0.099744484,0.0037835776,0.038597792,0.15652144,0.03361137,0.046757538,0.06417549,0.027836435
99999E00033800,3,False,DO,DO.01,False,0.0,0.06914783,0.046894956,0.09596564,0.07564529,0.5348301,0.04229104,0.028163705,0.0,0.019193498,0.011873645,0.0,0.008714022,0.008275908,0.045077525,0.009343348,0.0045834947,0.0
99999E00033802,5,False,DO,DO.02,False,0.0,0.0,0.0,0.0,0.0,0.92408574,0.07034055,0.0,0.0,0.0,0.0,0.0,0.0033642312,0.0,0.002209559,0.0,0.0,0.0
99999E00033814,6,False,DO,DO.01,False,0.0,0.0,0.026165668,0.15508884,0.047891244,0.41540858,0.08418178,0.049676847,0.0,0.03344416,0.03818944,0.015110995,0.011341075,0.002663029,0.011691818,0.015976466,0.044304103,0.048866037
99999E00033818,3,False,84,84.1,False,0.0043134433,0.7340043,0.0,0.008365466,0.0,0.0,0.13665771,0.0,0.0,0.0,0.0,0.0,0.0,0.0,0.0,0.11665904,0.0,0.0
99999E00033824,6,False,56,56.30,False,0.0,0.12793174,0.12070831,0.06417024,0.00012301937,0.5998765,0.07982666,0.0027731732,0.0,0.0,0.0,0.0,0.0,7.3628136e-05,0.00065057294,0.0012825668,0.0,0.0025836362
99999E00033825,5,False,55,55.10,False,0.0,0.0,0.0,0.0005094057,0.0,0.078385405,0.86541706,0.009276872,0.0,0.0,0.0,0.0,0.0,0.012450048,0.023985071,0.0017438141,0.0016986305,0.0065337415
99999E00033827,5,False,15,15.12,False,0.0,0.0,0.0,0.030873079,0.0,0.0057960544,0.8841165,0.0004016065,0.0,0.007755875,0.0034192,0.0061721085,0.0049610217,0.0031217313,0.0031299272,0.050252885,0.0,0.0
99999E00033829,6,False,10,10.71,False,0.00025087444,0.0018864311,0.0,0.0011324156,0.0,0.04025602,0.5181017,0.024056103,0.0,0.0,0.0,0.2953065,0.0009233071,0.0013264883,0.04136644,0.049423937,0.013430832,0.012538989
99999E00033838,4,False,10,10.85,False,0.0,0.0,0.0,0.0,0.0,0.0,0.0,0.0040468555,0.0021971397,0.13467036,0.0,0.0,0.0,0.012818376,0.80692506,0.0,0.02566379,0.013678416
99999E00033857,5,False,84,84.1,False,0.0,0.0,0.0,0.0,0.0,0.6899437,0.27195168,0.0027441778,0.0,0.0015490483,0.0038381875,0.0252093,0.0,0.0,0.0,0.0,0.0,0.0047639557
99999E00033859,5,False,79,79.90,False,0.0,0.0,0.002959683,0.023612324,0.0,0.06484151,0.28963,0.0,0.0,0.0,0.0,0.05385443,0.0,0.0,0.41371903,0.1420621,0.0034754637,0.0058454582
99999E00033872,6,False,DO,DO.01,False,0.0,0.0,0.2241636,0.08117558,0.039977875,0.09161527,0.4246247,0.032890335,0.0,0.0,0.005115619,0.005467292,0.004677363,0.011394892,0.002419462,0.062393006,0.0029227135,0.011162301
99999E00033878,6,False,DO,DO.01,False,0.0,0.0,0.0,0.0,0.053753883,0.4797913,0.0,0.0015887128,0.0,0.0,0.0,0.0,0.045737438,0.0,0.0,0.33039397,0.05268987,0.03604483
99999E00033883,5,False,71,71.11,False,0.0,0.00049903,0.0040286114,0.00990251,0.0,0.76614106,0.17263283,0.0015767851,0.0,0.0,0.0,0.0033996087,0.0,0.020151079,0.01876096,0.0029075318,0.0,0.0
99999E00033887,6,False,86,86.23,False,0.0,0.0,0.0073439926,0.0,0.0035246683,0.07277998,0.00054699567,0.0093287965,0.0,0.0061171413,0.0022125633,0.5278135,0.016267989,0.0036799305,0.21773228,0.083838135,0.033004563,0.015809357
99999E00033903,6,False,DO,DO.01,False,0.0010992499,0.016499609,0.0494035,0.119072534,0.15549861,0.1046942,0.047857795,0.06287686,0.0046021286,0.0135976365,0.10346101,0.007864886,0.02673675,0.16455808,0.008715568,0.06409194,0.028487585,0.020882128
99999E00033923,6,False,43,43.12,False,0.0,0.004790939,0.0,0.017164227,0.0014107254,0.13495499,0.050626297,0.011180059,0.0,0.032131854,0.028555773,0.009121649,0.061411016,0.16209042,0.035718746,0.32432383,0.083115034,0.043404438
99999E00033930,3,False,85,85.51,False,0.0,0.0,0.0,0.0,0.0,1.0,0.0,0.0,0.0,0.0,0.0,0.0,0.0,0.0,0.0,0.0,0.0,0.0
99999E00033936,6,False,02,02.20,False,0.0,0.0014487078,0.010476311,0.009296212,0.0010120146,0.7740417,0.10999558,0.03233961,0.0060553327,0.012284694,0.012385761,0.0,0.0044917776,0.0009941793,0.0037264836,0.002860394,0.0039713127,0.01461976
99999E00033982,6,False,93,93.1,False,0.0,0.0,0.0,0.0,0.0,0.80367714,0.028833807,0.0072128386,0.0,0.001091259,0.054255035,0.0,0.03239476,0.0,0.010327076,0.031269997,0.01482453,0.016113618
99999E00033987,6,False,79,79.90,False,0.002256971,0.0,0.16457522,0.07148036,0.01670272,0.36361766,0.045141857,0.0011948466,0.0,0.00683102,0.0025742997,0.031507146,0.04037683,0.016829306,0.12877591,0.0707058,0.011398122,0.026031837
99999E00034000,6,False,DO,DO.01,False,0.0,0.0,0.13560289,0.49178982,0.08066623,0.043081455,0.035351105,0.013558218,0.0056792093,0.04547696,0.06937744,0.003840711,0.009288462,0.025264768,0.0,0.003477528,0.03497851,0.0025667467
99999E00034001,5,False,47,47.76,False,0.0,0.0,0.0,0.0025884237,0.0017552152,0.043701123,0.59706277,0.0052283,0.0,0.0037353302,0.010734199,0.27345547,0.006659029,0.0038859553,0.021383334,0.0137238735,0.01019809,0.005888892
99999E00034032,6,False,02,02.20,False,0.0,0.0,0.0,0.0026178986,0.0,0.71174127,0.004345446,0.016945783,0.0,0.033447973,0.010970874,0.0035943107,0.008148581,0.03126228,0.027550265,0.09954342,0.02770973,0.022122098
99999E00034035,6,False,47,47.78,False,0.0,0.0,0.0038302322,0.002866609,0.00068270834,0.03785243,0.025800757,0.0,0.0,0.0,0.0,0.88430434,0.017740203,1.574826e-05,0.011185521,0.00418095,0.0052628983,0.006277597
99999E00034043,6,False,DO,DO.01,False,0.0,0.0,0.08072337,0.1794697,0.048931073,0.33238897,0.16054896,0.026422506,0.0059414324,0.015964555,0.05420433,0.0022102317,0.017692164,0.042158872,0.0059245643,0.016740503,0.006242722,0.0044359267
99999E00034059,6,False,47,47.73,False,0.0,0.012696853,0.03577247,0.039964575,0.023923172,0.41261032,0.05192045,0.030372467,0.005024437,0.046906166,0.014903292,0.017517013,0.032950666,0.05598695,0.008873967,0.12577079,0.053358,0.03144841
99999E00034062,6,False,01,01.41,False,0.0,0.0016796383,0.0,0.03795314,0.0,0.0,0.022849504,0.0100255925,0.012864312,0.024199259,0.6023133,0.075048015,0.08458875,0.007919462,0.020893684,0.06311406,0.009016592,0.02753471
99999E00034076,3,False,DO,DO.01,False,0.0,0.0,0.0,0.0,0.0,0.27551022,0.24836536,0.0,0.0,0.0,0.0,0.0,0.20695463,0.021398852,0.20735091,0.0,0.0,0.04042005
99999E00034079,6,False,01,01.50,False,0.0,0.0,0.0,0.003076561,0.0,0.62777054,0.20275284,0.011554787,0.0025260674,0.0049193758,0.015741153,0.003236277,0.0085819,0.0061266716,0.022563642,0.08290125,0.0013044828,0.006944507
99999E00034087,3,False,DO,DO.01,False,0.0,0.0,0.1531086,0.16528355,0.16580814,0.0026229704,0.0,0.029522987,0.0,0.0,0.029748851,0.015468239,0.008262355,0.06393489,0.052874707,0.2387267,0.06182195,0.012816124
99999E00034152,6,False,DO,DO.01,False,0.14984708,0.053960066,0.16774794,0.11101006,0.04086911,0.31474698,0.059521273,0.019852685,0.0012919293,0.027851721,0.013536834,0.0,0.014505503,0.008530746,0.003131173,0.004747478,0.0062746075,0.0025749411
99999E00034153,6,False,DO,DO.01,False,0.0,0.0030474162,0.04657841,0.12941001,0.022136036,0.04761466,0.1339585,0.06781289,0.012230932,0.06280417,0.10378066,0.044928323,0.022549847,0.034712,0.0946642,0.101912774,0.029359968,0.042499334
99999E00034164,6,False,DO,DO.01,False,0.0060149343,0.0,0.02833936,0.05242119,0.0,0.48655185,0.0427011,0.0,0.0,0.020687701,0.015906686,0.12495221,0.07057306,0.0025800138,0.06717043,0.05299396,0.017152501,0.011955085
99999E00034182,6,False,DO,DO.01,False,0.010812457,0.0,0.23476528,0.16185386,0.15495808,0.13697278,0.010876598,0.040925756,0.0,0.00065914635,0.048269164,0.0,0.02990723,0.02496295,0.010343003,0.063451365,0.0419984,0.02924399
99999E00034193,6,False,DO,DO.01,False,0.0004491332,0.0,0.0014721588,0.115222625,0.0,0.8029353,0.029193658,0.010005688,0.0,0.008014532,0.0016318505,0.0,0.001462178,0.004950445,0.0,0.007914724,0.004835667,0.01191201
99999E00034195,6,False,DO,DO.01,False,0.031609956,0.0,0.18924089,0.015944598,0.10537118,0.4748475,0.011595437,0.009019449,0.005438197,0.045250826,0.0033997456,0.0,0.0,0.08539854,0.0,0.012726358,0.0049146228,0.0052427286
99999E00034198,6,False,DO,DO.01,False,0.0,0.0,0.12694483,0.055075295,0.0345831,0.14700636,0.19516036,0.08053399,0.015778385,0.01732451,0.0458359,0.01622003,0.02225292,0.043002192,0.038607713,0.11928086,0.021187257,0.0212063
99999E00034294,2,False,64,64.92,False,0.0,0.0,0.0,0.0,0.0,0.9968492,0.0031508154,0.0,0.0,0.0,0.0,0.0,0.0,0.0,0.0,0.0,0.0,0.0
99999E00034295,6,False,DO,DO.01,False,0.0,0.016390435,0.049502365,0.032010406,0.08022766,0.38677034,0.07385928,0.060917877,0.003018657,0.024374977,0.047678526,0.00096609053,0.00080658036,0.062404633,0.05318013,0.052328404,0.02143156,0.03413219
99999E00034297,6,False,DO,DO.01,False,0.012903862,0.0,0.22072992,0.116991326,0.076145545,0.22794338,0.06533738,0.0,0.00016842633,0.017020682,0.021611502,0.011036736,0.009590676,0.029400017,0.037424326,0.056213487,0.05440892,0.043073826
99999E00034330,3,False,DO,DO.01,False,0.0,0.0,0.09684476,0.27344042,0.16794331,0.02552661,0.01733104,0.045791544,0.0,0.06660109,0.051202547,0.04164544,0.0033818805,0.060065713,0.020080464,0.022917729,0.054584432,0.05264314
99999E00034337,6,False,DO,DO.01,False,0.0,0.0,0.10370037,0.02007216,0.012592933,0.5114003,0.045521412,0.03356956,0.028833544,0.06910707,0.019455932,0.0,0.029424926,0.008592416,0.011285931,0.03966227,0.0419284,0.024852905
99999E00034339,6,False,68,68.32,False,0.0,0.0068060905,0.011982366,0.0048539997,0.0015579865,0.72913104,0.20167302,0.0037246132,0.0,0.019101283,0.0049858405,0.0,0.0,0.0,0.009725012,0.0048322626,0.0,0.0016265057
99999E00034344,6,False,45,45.20,False,0.0,0.0,0.0012067463,0.0068772407,0.00011755167,0.053424593,0.09953629,0.07248861,0.0008284644,0.054518875,0.10320042,0.25415027,0.0117623275,0.0,0.14541881,0.09106147,0.06551437,0.03989401
99999E00034357,6,False,DO,DO.02,False,0.017401407,0.420524,0.012777554,0.05064734,0.0,0.4874295,0.0025628002,0.00290965,0.0,0.0,0.0,0.0,0.0,0.0,0.004634179,0.0011134422,0.0,0.0
99999E00034369,5,False,55,55.10,False,0.0,0.0,0.006036745,0.09561766,0.0,0.13917065,0.749213,0.0,0.0,0.0009703179,0.0,0.0,0.0,0.0,0.004792352,0.0033057476,0.0,0.00089357235
99999E00034370,5,False,47,47.22,False,0.0,0.0,0.0,0.0,0.0,0.096441224,0.8321073,0.0038242415,0.0,0.039687663,0.0,0.0030819206,0.0,0.0,0.016864384,0.0,0.007993303,0.0
99999E00034372,3,False,DO,DO.01,False,0.0,0.0422497,0.09951416,0.09231361,0.0634187,0.064171426,0.123797804,0.03872227,0.0,0.04358518,0.05471932,0.0,0.1073703,0.038735516,0.020820228,0.08653683,0.056794282,0.06725075
99999E00034389,5,False,55,55.10,False,0.0,0.0,0.0,0.0,0.0,0.028411305,0.9458581,0.0,0.0,0.0028525253,0.00066106545,0.0,0.0,0.0,0.022216963,0.0,0.0,0.0
99999E00034452,3,False,DO,DO.01,False,0.0,0.0004692394,0.025367828,0.07740579,0.11477662,0.1239948,0.016017042,0.09039828,0.0056971777,0.018285032,0.042064928,0.002793334,0.015658313,0.12554872,0.03327009,0.096576594,0.09646439,0.11521185
99999E00034454,5,False,DO,DO.02,False,0.0,0.0,0.023647198,0.014213871,0.0,0.30918494,0.60340476,0.0035877097,0.0,0.0054704905,0.014213873,0.0,0.0,0.0,0.0,0.026277162,0.0,0.0
99999E00034471,5,False,56,56.10,False,0.0,0.0008695349,0.00080628716,0.004725444,0.0,0.15077257,0.47476107,0.04495451,0.0,0.0,0.002517488,0.0,0.0003545947,0.1546761,0.15015265,0.010076633,0.00095273857,0.0043804515
99999E00034472,4,False,81,81.22,False,0.0,0.0,0.0,0.0,0.0,0.055963702,0.040203027,0.0022179394,0.0,0.018702421,0.0,0.0,0.0,0.0017322336,0.25625154,0.0034264512,0.5878505,0.033652257
99999E00034512,2,False,55,55.20,False,0.0,0.0,0.0,0.0,0.0,0.08919207,0.9098156,0.0,0.0,0.0,0.0009922822,0.0,0.0,0.0,0.0,0.0,0.0,0.0
99999E00034513,2,False,61,61.10,False,0.0,0.0,0.0,0.0,0.0,0.9965553,0.0034447168,0.0,0.0,0.0,0.0,0.0,0.0,0.0,0.0,0.0,0.0,0.0
99999E00034517,2,False,61,61.10,False,0.0,0.0,0.0,0.0,0.0,0.98852086,0.011479161,0.0,0.0,0.0,0.0,0.0,0.0,0.0,0.0,0.0,0.0,0.0
99999E00034530,6,False,47,47.72,False,0.0,0.0,0.004685705,0.036158156,0.0,0.030410148,0.00129195,0.02383584,0.0,0.00033041253,0.016047016,0.70174783,0.080313034,0.0045600105,0.0033444322,0.03039901,0.0011545874,0.065721855
99999E00034544,6,False,DO,DO.01,False,0.000868253,0.016902853,0.19049154,0.043700628,0.032257833,0.32169712,0.09392683,0.030636517,0.0068495516,0.035049777,0.051722255,0.008099375,0.0013146186,0.044426333,0.027304616,0.032349985,0.054511312,0.007890591
99999E00034545,1,False,85,85.3,True,0.25942343,0.6987456,0.0,0.0,0.0,0.041830953,0.0,0.0,0.0,0.0,0.0,0.0,0.0,0.0,0.0,0.0,0.0,0.0
99999E00034581,6,False,43,43.22,False,0.0,0.0,0.0019967288,0.011318698,0.0,0.29078272,0.17910011,0.021218855,0.07483091,0.223089,0.0023923295,0.0,0.024909563,0.008487853,0.049964257,0.06439236,0.029334513,0.018182015
99999E00034594,3,False,94,94.9,False,0.0,0.0,0.0,0.003659665,0.0,0.98941994,0.0,0.0,0.0,0.0,0.0,0.0,6.0945e-05,0.001423807,0.0044091237,0.0,0.0005027139,0.0005237975
99999E00034597,5,False,47,47.62,False,0.0,0.0,0.0,0.0,0.0,0.048598945,0.7738939,0.0,0.0,0.0,0.0,0.15978488,0.0,0.0,0.014883314,0.0011837435,0.0,0.0016552117
99999E00034601,6,False,DO,DO.01,False,0.00017606151,0.0,0.019539159,0.11357679,0.03478315,0.4266545,0.0263322,0.058231123,0.0,0.009039047,0.037836105,0.0074654967,0.024589922,0.083348006,0.026344426,0.020483043,0.056020573,0.055580415
99999E00034609,6,False,DO,DO.01,False,0.0,0.0,0.0920626,0.037125036,0.31460837,0.0677186,0.0,0.03020834,0.0,0.0032474452,0.0,0.0,0.0,0.25225914,0.0,0.18363237,0.003989903,0.015148288
99999E00034621,6,False,96,96.02,False,0.0,0.0,0.0,0.0,0.0,0.028427856,0.004917304,0.0032141062,0.0008029918,0.015630342,0.0036016032,0.59179276,0.020021133,0.0051154275,0.19286892,0.11417066,0.008163103,0.011273772
99999E00034623,4,False,94,94.91,False,0.0,0.0,0.0023261765,0.0040243194,0.0,0.12828024,0.039149415,0.0009389387,0.0,0.0076234248,0.0,0.0,0.0,0.0,0.79936916,0.00739353,0.003511924,0.0073829456
99999E00034640,6,False,84,84.11,False,0.0,0.17536023,0.0040385523,0.0,0.0,0.8155681,0.0,0.0,0.0031359836,0.0018971639,0.0,0.0,0.0,0.0,0.0,0.0,0.0,0.0
99999E00034641,5,False,DO,DO.01,False,0.0,0.0,0.115219,0.010078898,0.001933837,0.8043464,0.02660938,0.0075960467,0.0,0.005918962,0.0,0.0,0.0,0.024958244,0.0022575092,0.0005490131,0.0005326246,0.0
99999E00034665,6,False,DO,DO.01,False,0.0,0.0,0.019681072,0.0064868326,0.041320145,0.04442122,0.17702316,0.059350714,0.011807773,0.22915578,0.028800666,0.0,0.027365306,0.04084966,0.038750403,0.06343296,0.15906104,0.05249336
99999E00034669,6,False,DO,DO.01,False,0.0,0.13473654,0.1305083,0.29061916,0.039437473,0.14817892,0.07810262,0.00087497605,0.0,0.024597092,0.00082609477,0.0,0.0032848266,0.0018232742,0.00838804,0.09412591,0.010812554,0.033684134
99999E00034679,5,False,DO,DO.02,False,0.0,0.0,0.0053831665,0.0,0.0,0.88916457,0.098672144,0.0,0.0,0.006780116,0.0,0.0,0.0,0.0,0.0,0.0,0.0,0.0
99999E00034685,2,False,61,61.10,False,0.0,0.0,0.0,0.0,0.0,1.0,0.0,0.0,0.0,0.0,0.0,0.0,0.0,0.0,0.0,0.0,0.0,0.0
99999E00034688,2,False,61,61.10,False,0.0,0.0,0.0,0.0,0.0,0.9628399,0.03716012,0.0,0.0,0.0,0.0,0.0,0.0,0.0,0.0,0.0,0.0,0.0
99999E00034690,6,False,01,01.50,False,0.0003084063,0.006968514,0.0,0.012784175,0.0,0.0,0.0,0.006057981,0.5833285,0.0064838757,0.19697617,0.0,0.10743554,0.0119397305,0.0,0.033704404,0.023519652,0.0104931565
99999E00034692,3,False,DO,DO.01,False,0.0,0.0,0.008108145,0.16772567,0.020582743,0.043887652,0.35615596,0.04872439,0.019525457,0.0904271,0.03891704,0.020309841,0.0214272,0.018358324,0.033639193,0.0053979927,0.05142768,0.055385634
99999E00034746,6,False,71,71.12,True,0.066868,0.10774675,0.3449795,0.06927,0.011032122,0.18453448,0.11912408,0.0041267504,0.0,0.007629182,0.016417235,0.0,0.003668108,0.0029127114,0.0077442513,0.04623468,0.0077122357,0.0
99999E00034752,2,False,55,55.10,False,0.0,0.0,0.0,0.0013133823,0.0,0.034014754,0.9642014,0.0,0.0004704817,0.0,0.0,0.0,0.0,0.0,0.0,0.0,0.0,0.0
99999E00034760,6,False,47,47.61,False,0.0009352173,0.0013887652,0.024929633,0.04090152,0.029165152,0.037956342,0.26676083,0.01990095,0.0,0.05519621,0.03150392,0.34218174,0.030318853,0.0043227663,0.016875014,0.045734435,0.031577826,0.020350892
99999E00034762,6,False,DO,DO.01,False,0.0,0.0,0.011535054,0.05502931,0.041138783,0.057246316,0.19448395,0.06018953,0.019173415,0.07674709,0.025040278,0.010578565,0.026488932,0.09010858,0.09811719,0.191397,0.027399516,0.01532639
99999E00034791,6,False,55,55.20,False,0.0,0.0,0.0017624829,0.0067698206,0.0025278367,0.13192756,0.7284852,0.0011576978,0.0,0.006325604,0.0,0.009559849,0.006478392,0.0010938004,0.06258972,0.024981044,0.008296756,0.008044232
99999E00034803,6,False,DO,DO.01,False,0.0,0.0014099246,0.12430331,0.055022985,0.032957166,0.57051927,0.058778472,0.023336334,0.0006453171,0.019277591,0.010087931,0.0,0.0,0.031415015,0.018967152,0.033033337,0.0044511072,0.01579518
99999E00034810,5,False,55,55.10,False,0.0,0.0,0.0,0.0,0.0,0.035801426,0.94481826,0.0030768577,0.0,0.001256248,0.0,0.0,0.0,0.0013958311,0.00964914,0.0033890926,0.0,0.0006131426
99999E00034815,6,False,01,01.4,False,0.0,0.010404217,0.00039195298,0.021343973,0.0,0.018677916,0.002421571,0.004866426,0.031612363,0.0663293,0.068921626,0.035244722,0.36299887,0.022682821,0.08143307,0.055168346,0.15397154,0.0635313
99999E00034823,6,False,DO,DO.01,False,0.0,0.00218056,0.0021833845,0.04194471,0.0,0.052015677,0.4013487,0.10240441,0.0,0.027162377,0.028905129,0.004250962,0.026235921,0.15066484,0.0,0.03501465,0.049542774,0.07614589
99999E00034833,2,False,38,38.1,False,0.0,0.0,0.0,0.0,0.0,1.0,0.0,0.0,0.0,0.0,0.0,0.0,0.0,0.0,0.0,0.0,0.0,0.0
99999E00034853,6,False,DO,DO.01,False,0.0366994,0.0059831333,0.2381031,0.1070666,0.13347566,0.15881191,0.063257895,0.0257152,0.01478971,0.03447374,0.018680613,0.0,0.030219896,0.08200789,0.0036987613,0.013845003,0.004371264,0.028800169
99999E00034899,6,False,DO,DO.01,False,0.0,0.0,0.085570686,0.09179268,0.079529524,0.046875987,0.22469288,0.0825778,0.004424876,0.0061263824,0.029481152,0.0020607698,0.010399458,0.1135538,0.02903001,0.12751713,0.022191226,0.044175524
99999E00040016,2,False,55,55.10,False,0.0,0.0,0.0,0.0,0.0,0.991448,0.008552018,0.0,0.0,0.0,0.0,0.0,0.0,0.0,0.0,0.0,0.0,0.0
99999E00040067,6,False,84,84.11,False,0.0,0.14288987,0.014703624,0.0018050679,0.0,0.8233627,0.017238775,0.0,0.0,0.0,0.0,0.0,0.0,0.0,0.0,0.0,0.0,0.0
99999E00040070,6,False,47,47.71,False,0.0,0.0,0.0,0.054562338,0.009615213,0.12045621,0.24254341,0.013300639,0.0,0.008905926,0.03382989,0.24695247,0.044338893,0.0007642862,0.09829164,0.10949476,0.007330482,0.009613859
99999E00040072,3,False,46,46.41,False,0.0,0.0,0.0,0.0,0.0,0.0,0.0,0.0,0.0,0.0,0.0,0.0,0.0,0.0,0.0,1.0,0.0,0.0
99999E00040080,6,False,84,84.11,False,0.0025161332,0.24913706,0.012449349,0.0,0.0,0.7345093,0.0,0.0,0.0013882115,0.0,0.0,0.0,0.0,0.0,0.0,0.0,0.0,0.0
99999E00040109,6,False,DO,DO.01,False,0.0056466036,0.0,0.0028812038,0.032943923,0.007714091,0.8133209,0.003117444,0.0023932827,0.004729436,0.012360147,0.019254345,0.0,0.0,0.03326354,0.008649788,0.011378129,0.032491516,0.009855693
99999E00040134,5,False,56,56.10,False,0.0,0.0,0.0,0.0,0.0,0.1394963,0.7355074,0.0044783405,0.0016602254,0.0007644797,0.0,0.0,0.0,0.007106262,0.09989039,0.009300064,0.0,0.0017965987
99999E00040150,6,False,DO,DO.01,False,0.0,0.007302089,0.09449157,0.07383821,0.037340004,0.17198735,0.14162399,0.05672333,0.03701454,0.12705691,0.07985232,0.0026004312,0.0654072,0.015688233,0.006031238,0.01689383,0.047425237,0.01872343
99999E00040157,6,False,DO,DO.01,False,0.0,0.0,0.02435232,0.18970895,0.088562295,0.03261493,0.053327,0.03840384,0.041943777,0.042513557,0.23213871,0.022156049,0.024807192,0.07774313,0.040308077,0.047618724,0.026691118,0.017110238
99999E00040177,6,False,DO,DO.01,False,0.00024967518,0.0,0.021339582,0.10621894,0.03288069,0.30378336,0.172123,0.0,0.0,0.017212301,0.0,0.0,0.0,0.10298846,0.11947721,0.048498124,0.010654505,0.06457415
99999E00040182,6,False,DO,DO.01,False,0.0,0.0,0.0,0.17258659,0.0029544123,0.0124886725,0.1628351,0.027851557,0.02689868,0.14828633,0.13228272,0.004689671,0.006778906,0.14387995,0.062376723,0.03193396,0.042939227,0.021217475
99999E00040194,6,False,DO,DO.01,False,0.00092349097,0.0,0.012549827,0.015945034,0.02283021,0.09385562,0.16856258,0.06577736,0.007265943,0.008771095,0.03135872,0.03435386,0.06781317,0.03135148,0.065922774,0.3090066,0.03381148,0.029900772
99999E00040264,6,False,84,84.11,False,0.0,0.1913194,0.026089331,0.0065127653,0.0,0.7440535,0.032025043,0.0,0.0,0.0,0.0,0.0,0.0,0.0,0.0,0.0,0.0,0.0
99999E00040270,2,False,62,62.02,False,0.0,0.0,0.0,0.0,0.0,1.0,0.0,0.0,0.0,0.0,0.0,0.0,0.0,0.0,0.0,0.0,0.0,0.0
99999E00040295,6,False,01,01.30,False,0.0,0.021910137,0.0023980297,0.0033723696,0.0,0.32450047,0.2649837,0.0009420168,0.0,0.020023057,0.016790843,0.12257346,0.04295112,0.0032682458,0.029322011,0.13692136,0.0037668748,0.006276314
99999E00040314,3,False,DO,DO.01,False,0.0,0.08605073,0.11013398,0.17724684,0.0709848,0.19001158,0.096042946,0.031981617,0.0026598654,0.0033500283,0.023660196,0.026666863,0.0127716465,0.0551559,0.015250253,0.032832347,0.0071016606,0.058098577
99999E00040318,6,False,52,52.10,False,0.0,7.660578e-05,0.0020526422,0.00046749169,0.0,0.13157633,0.055064823,0.0015625615,0.0,0.033697706,0.0,0.0030033395,0.004009036,0.08062562,0.23940681,0.15582794,0.2175064,0.07512277
99999E00040344,6,False,68,68.20,False,0.0,0.0,0.025202459,0.027877804,0.07909979,0.46292302,0.018053144,0.026538324,0.0,0.048812363,0.06575922,0.0138575565,0.032642808,0.08546818,0.020822488,0.028402025,0.040097613,0.02444324
99999E00040345,3,False,68,68.32,False,0.0,0.0,0.09698004,0.16693917,0.13672037,0.0,0.043178648,0.2465256,0.0084731905,0.03490743,0.07807165,0.0,0.0,0.16286127,0.00313056,0.0023371002,0.009358019,0.010516952
99999E00040346,6,False,68,68.20,False,0.0,0.0,0.0318098,0.072727084,0.027430106,0.012524766,0.4160118,0.08989057,0.0,0.009564429,0.12939788,0.0035299174,0.019711617,0.080650076,0.023689091,0.03499781,0.010125222,0.037939772
99999E00040347,3,False,68,68.20,False,0.0,0.0,0.066470526,0.28936645,0.021410912,0.018660994,0.07531898,0.100619994,0.012505228,0.05969992,0.09561173,0.0045254785,0.0072372435,0.09901318,0.010968854,0.063017726,0.031220516,0.044352327
99999E00040348,6,False,68,68.32,False,0.00088089553,0.0,0.012389281,0.115989074,0.0044909455,0.19535074,0.054039966,0.09797935,0.0035938376,0.06110064,0.13713057,0.018431252,0.048895102,0.13296658,0.046382118,0.038756702,0.02996666,0.0016564076
99999E00040349,3,False,68,68.32,False,0.00082799414,0.04590667,0.118480906,0.23060904,0.06405746,0.048529863,0.025525002,0.08240712,0.0074067516,0.046362255,0.01015468,0.0,0.0,0.30962464,0.0,0.0065968363,0.00351084,0.0
99999E00040351,5,False,62,62.02,False,0.0,0.0,0.0,0.0,0.00340309,0.9278518,0.028114272,0.0,0.0,0.0,0.0,0.0,0.0,0.0029419225,0.0,0.037688956,0.0,0.0
99999E00040352,2,False,62,62.02,False,0.0,0.0,0.0,0.0,0.0,1.0,0.0,0.0,0.0,0.0,0.0,0.0,0.0,0.0,0.0,0.0,0.0,0.0
99999E00040357,2,False,60,60.10,False,0.0,0.0,0.0,0.0,0.0,1.0,0.0,0.0,0.0,0.0,0.0,0.0,0.0,0.0,0.0,0.0,0.0,0.0
99999E00040358,2,False,60,60.10,False,0.0,0.0,0.0,0.0,0.0,1.0,0.0,0.0,0.0,0.0,0.0,0.0,0.0,0.0,0.0,0.0,0.0,0.0
99999E00040359,6,False,01,01.1,False,0.0,0.0011623525,0.0,0.0005921101,0.0,0.680533,0.0,0.0,0.0,0.0066898353,0.0,0.007080089,0.003909272,0.0,0.0518601,0.06730542,0.081283934,0.09958384
99999E00040364,2,False,60,60.10,False,0.0,0.0,0.0,0.0,0.0,1.0,0.0,0.0,0.0,0.0,0.0,0.0,0.0,0.0,0.0,0.0,0.0,0.0
99999E00040370,5,False,DO,DO.02,False,0.0,0.0,0.0011055722,0.0,0.0,0.66783017,0.32855657,0.0,0.0,0.0,0.0010855304,0.0,0.0,0.0,0.0,0.001422151,0.0,0.0
99999E00040379,6,False,DO,DO.01,False,0.0,0.02127618,0.01356939,0.08020839,0.018876513,0.6510565,0.13999197,0.0,0.0013569932,0.0,0.012175547,0.009002004,0.016004827,0.0036688675,0.0064516794,0.020108322,0.0047700694,0.0014827212
99999E00040390,6,False,55,55.10,False,0.0,0.0,0.0,0.061663374,0.0,0.41740847,0.38095462,0.011791373,0.0071442975,0.07494213,0.0048674354,0.0,0.0014399325,0.0016048547,0.02131901,0.002703357,0.008236347,0.0059247985
99999E00040398,2,False,84,84.11,False,0.0,0.0,0.0,0.0,0.0,0.9946098,0.005390172,0.0,0.0,0.0,0.0,0.0,0.0,0.0,0.0,0.0,0.0,0.0
99999E00040400,5,False,85,85.51,False,0.0,0.0,0.033230674,0.44934288,0.018378112,0.09239733,0.17914274,0.00042661093,0.0,0.0,0.0661661,0.045556523,0.083988465,0.008519749,0.002747588,0.008016544,0.0005245801,0.011562136
99999E00040401,5,False,56,56.30,False,0.0,0.0,0.0,0.0,0.0,0.12733321,0.85778236,0.00024032775,0.0,0.0,0.00017342424,0.0,0.0,0.0016176819,0.008319281,0.0017587376,0.00085170753,0.0019232886
99999E00040405,6,False,DO,DO.01,False,0.0,0.0,0.065569475,0.04055265,0.0356047,0.58822376,0.017328812,0.030779904,0.008278834,0.01532471,0.011507095,0.0107916575,0.011581863,0.054376118,0.015713217,0.036540046,0.035072524,0.022754695
99999E00040411,3,False,52,52.10,False,0.0,0.0,0.007101153,0.0,0.0,0.6414708,0.008521384,0.009626007,0.0,0.0,0.0,0.0,0.15606754,0.0,0.0,0.17721322,0.0,0.0
99999E00040428,6,False,DO,DO.01,False,0.0,0.0,0.06617424,0.060831975,0.04871748,0.008461702,0.35249916,0.10160428,0.0010243391,0.010147438,0.023437055,0.0024536785,0.0022611476,0.05836895,0.05503486,0.16846454,0.040519033,0.0
99999E00040433,6,False,43,43.22,False,0.0,0.0,0.0061736424,0.0019165816,0.031192917,0.0,0.033753593,0.026593866,0.08308236,0.19586974,0.002967816,0.0,0.0054069567,0.02241233,0.31904262,0.047099456,0.12322367,0.10126449
99999E00040440,6,False,96,96.0,False,0.045898408,0.0,0.084816895,0.05135009,0.031226251,0.31605926,0.042968582,0.047647092,0.023088211,0.031714827,0.045942824,0.0,0.04279585,0.060695592,0.0,0.11204239,0.012505635,0.051248096
99999E00040507,6,False,DO,DO.01,False,0.00017841635,0.011657517,0.049098406,0.27709237,0.16123824,0.29154262,0.037008855,0.0069420175,0.0012887263,0.017468581,0.03306453,0.0,0.0019257168,0.06929484,0.012891685,0.02519799,0.0019050736,0.0022044003
99999E00040511,6,False,DO,DO.02,False,0.0,0.0,0.005107139,0.021093313,0.002688548,0.7756996,0.08141901,0.003924163,0.0,0.010319914,0.0,0.010277587,0.0,0.006043987,0.009508974,0.05223729,0.0118855955,0.0097949365
99999E00040515,5,False,94,94.99,False,0.013437586,0.0,0.020172294,0.0193674,0.0,0.04266013,0.6777181,0.015423891,0.0,0.002934896,0.014749056,0.059808392,0.018934488,0.0049966895,0.021252755,0.07740048,0.0,0.0111438725
99999E00040613,6,False,49,49.4,False,0.0,0.0,0.013460766,0.10582382,0.010224073,0.17140315,0.0097287,0.0043838746,0.015155465,0.023506055,0.19134846,0.009274296,0.096143536,0.019688325,0.10975701,0.114788964,0.04328005,0.06203349
99999E00040651,4,False,10,10.85,False,0.0,0.0,0.0,0.0,0.0,0.033031046,0.0010218212,0.19705687,0.0,0.001811716,0.0,0.0,0.0,0.079984404,0.13779125,0.00012772765,0.001838606,0.5473365
99999E00040660,6,False,47,47.78,False,0.0,0.00012542243,0.0,0.014354596,0.0,0.014246196,0.005381517,0.0027153953,0.0,0.003322798,0.00036551678,0.8132551,0.057197995,0.005692385,0.0020354264,0.014303531,0.0034912226,0.06351302
99999E00040704,6,False,43,43.34,False,0.0,0.0,0.0020458996,0.014084166,0.001626557,0.11112941,0.046579376,0.012233822,0.20056129,0.17609622,0.026003351,0.02273176,0.06603184,0.011761099,0.10593715,0.09296832,0.06641269,0.04379693
99999E00040705,6,False,52,52.21,False,0.0,0.0,0.0061891484,0.0050679916,0.0020645685,0.72410446,0.062906295,0.016366148,0.0,0.0017546552,0.0062316847,0.0,0.013383994,0.0049662064,0.004852268,0.07419533,0.008756566,0.06916077
99999E00040706,6,False,49,49.39,False,0.0,0.0,0.015311904,0.025598569,0.012052985,0.0702844,0.041859716,0.06101918,0.018133527,0.07264955,0.04250832,0.023410864,0.08406658,0.056822028,0.066048086,0.14266758,0.13754933,0.13001738
99999E00040709,6,False,43,43.21,False,0.0,0.0,0.0019447876,0.0027385151,0.0,0.70103735,0.14319621,0.011972008,0.0,0.0064183855,0.0,0.0,0.0,0.0103508895,0.018793743,0.0749489,0.0131854545,0.01541376
99999E00040710,4,False,45,45.20,False,0.0,0.0,0.0,0.0008634828,0.0,0.04610092,0.0038659635,0.00094207993,0.0007369078,0.0,0.0,0.006512346,0.0,0.00519476,0.8208918,0.033136018,0.07472689,0.0070288926
99999E00040711,6,False,16,16.23,False,0.0,0.0,0.00456499,0.012872812,0.013193741,0.06363395,0.07784619,0.017910281,0.010158289,0.08648208,0.013714359,0.056491274,0.014302951,0.010826668,0.16918744,0.13100983,0.22967784,0.088127285
99999E00040712,6,False,43,43.99,False,0.0,0.022225667,0.0,0.00274278,0.002311917,0.12835142,0.012786717,0.020302035,0.07513857,0.049315386,0.032334425,0.017276462,0.22803901,0.026102163,0.08629589,0.16965389,0.06325044,0.06387322
99999E00040713,6,False,41,41.20,False,0.0,0.004785697,0.038954742,0.20015067,0.03541128,0.06439086,0.16323105,0.07591473,0.0027113755,0.027023558,0.24183425,0.011760235,0.01905448,0.024647003,0.016020562,0.052812204,0.00901958,0.012277812
99999E00040714,5,False,47,47.64,False,0.0,0.0,0.0,0.017270518,0.0,0.08414231,0.6217341,0.0,0.0,0.0,0.0017498926,0.19401297,0.0,0.0,0.040892214,0.03397487,0.0039593144,0.0022638112
99999E00040715,6,False,43,43.34,False,0.025019195,0.0,0.0,0.051271066,0.011354217,0.32513487,0.08549634,0.043042075,0.039014783,0.09623087,0.02996356,0.005049385,0.047679942,0.0019019251,0.0693636,0.09480798,0.042732902,0.031937286
99999E00040717,6,False,25,25.99,False,0.0,0.0,0.0011650719,0.014227751,0.0035190505,0.16528991,0.104692645,0.02059776,0.004905397,0.14187765,0.07733285,0.11389475,0.055870086,0.004213291,0.08125105,0.061609533,0.09088237,0.058670886
99999E00040718,6,False,43,43.33,False,0.004697543,0.0,0.012987769,0.0076220026,0.0030852586,0.18590564,0.19160613,0.02968579,0.013554609,0.12544663,0.023708684,0.02351426,0.044195585,0.013395581,0.122435205,0.13737455,0.031607028,0.029177606
99999E00040742,6,False,DO,DO.01,False,0.0,0.0,0.010509384,0.19697699,0.010115398,0.042929985,0.18893722,0.146809,0.006388566,0.022075955,0.2584736,0.0045172377,0.024256669,0.0270734,0.022590447,0.032778274,0.0,0.0055679325
99999E00040748,5,False,68,68.31,False,0.0,0.010052862,0.009905221,0.0,0.0022109896,0.18902828,0.76682204,0.0,0.0,0.0,0.0,0.015360383,0.0,0.0,0.0,0.0042532035,0.0,0.0023670841
99999E00040779,6,False,DO,DO.01,False,0.0,0.0,0.16416143,0.15915434,0.17998229,0.012578592,0.059877463,0.034858756,0.0071086376,0.01986437,0.06553114,0.010427684,0.024643863,0.098087355,0.028458405,0.105136484,0.012340303,0.017788868
99999E00040839,6,False,56,56.10,False,0.0,0.0,0.0,0.31196132,0.031140227,0.027023228,0.0058196816,0.0,0.0,0.0,0.100622155,0.0,0.18087073,0.0056929486,0.0,0.33336815,0.0,0.003501481
99999E00040993,1,False,IL,IL.01,False,0.4139936,0.5847336,0.0012728377,0.0,0.0,0.0,0.0,0.0,0.0,0.0,0.0,0.0,0.0,0.0,0.0,0.0,0.0,0.0
99999E00041045,6,False,68,68.20,False,0.0,0.0052542696,0.25878274,0.1009663,0.022386702,0.2718165,0.14359997,0.014216473,0.0009462291,0.017700756,0.022541832,0.0062661073,0.0079439515,0.02055023,0.019889183,0.03865543,0.034536637,0.0139467465
99999E00041046,6,False,68,68.20,False,0.0056251367,0.00047058542,0.17930469,0.25189877,0.046023466,0.093568824,0.084546864,0.035480656,0.0026699456,0.017470263,0.028846214,0.021653987,0.020569842,0.028931648,0.021321436,0.055657227,0.07120031,0.03476013
99999E00041058,6,False,93,93.11,False,0.0,0.02166447,0.0,0.06592761,0.0,0.778684,0.04602405,0.0008026628,0.0,0.0,0.029430497,0.018943904,0.010046014,0.0048835143,0.0017863667,0.019166315,0.0010176491,0.0016230053
99999E00041059,4,False,84,84.1,False,0.0,0.0007411844,0.0,0.0,0.00039608774,0.014251909,0.0007032431,0.0003661214,0.02170242,0.013812564,0.0,0.0,0.0,0.003786396,0.8885515,0.00060029415,0.041342717,0.013745622
99999E00041145,2,False,62,62.02,False,0.0,0.0,0.0,0.0012913278,0.0,0.9954446,0.0032640835,0.0,0.0,0.0,0.0,0.0,0.0,0.0,0.0,0.0,0.0,0.0
99999E00041169,1,False,IL,IL.01,False,0.33363584,0.63884836,0.0005943781,0.0,0.0,0.026921444,0.0,0.0,0.0,0.0,0.0,0.0,0.0,0.0,0.0,0.0,0.0,0.0
99999E00041170,1,False,IL,IL.01,False,0.37794185,0.62205815,0.0,0.0,0.0,0.0,0.0,0.0,0.0,0.0,0.0,0.0,0.0,0.0,0.0,0.0,0.0,0.0
99999E00041182,6,False,49,49.32,False,0.0,0.005452745,0.00854302,0.032427665,0.0031722963,0.807294,0.053196616,0.0011540874,0.0041669603,0.012035319,0.01302074,0.0,0.031511556,0.0,0.0047180112,0.01589383,0.0013585656,0.0060546272
99999E00041183,6,False,DO,DO.01,False,0.0,0.0,0.026129259,0.0,0.0023851877,0.93045235,0.0019270161,0.0,0.0,0.0018461623,0.015523933,0.0,0.0057945233,0.0,0.0,0.002492993,0.00805843,0.0053902543
99999E00041195,5,False,35,35.30,False,0.0,0.0,0.003794618,0.022413341,0.0,0.35341558,0.5730039,0.0034913928,0.0,0.019722136,0.0034066222,0.0,0.0,0.0,0.016652584,0.0040997653,0.0,0.0
99999E00041202,5,False,55,55.10,False,0.0,0.0,0.06181795,0.12097314,0.009284934,0.2101153,0.5460243,0.0,0.0,0.012947273,0.0,0.0,0.0,0.0039224643,0.018643262,0.01115308,0.0036337785,0.0014844888
99999E00041204,6,False,DO,DO.01,False,0.0,0.0,0.0052224393,0.07359627,0.0045939353,0.098136574,0.40412685,0.11882434,0.004472405,0.043394163,0.123109505,0.015712392,0.011277267,0.010635072,0.026221933,0.019306071,0.027127407,0.014243496
99999E00041205,2,False,61,61.90,False,0.0,0.0,0.0,0.0,0.0,1.0,0.0,0.0,0.0,0.0,0.0,0.0,0.0,0.0,0.0,0.0,0.0,0.0
99999E00041224,6,False,96,96.0,False,0.0022350298,0.0,0.019933742,0.022304917,0.022100702,0.44145814,0.029894944,0.040525515,0.0,0.0025753898,0.030745842,0.0,0.10871094,0.03353679,0.0,0.17425291,0.035170518,0.03655465
99999E00639916,6,False,49,49.4,False,0.00892931,0.032279886,0.01480495,0.04324221,0.0,0.77717924,0.052445993,0.0048387856,0.0025167663,0.0019238045,0.0046477756,0.0,0.0,0.006012668,0.03617857,0.0065923417,0.0027920704,0.0056156986
99999E00639917,5,False,55,55.20,False,0.0,0.00020356356,8.659884e-05,0.00070759875,0.0,0.0076720575,0.8915897,0.0115035875,0.0,0.0,0.0,0.0,0.0,0.043055464,0.041707184,0.0014483749,0.00033646086,0.0016894272
99999E00656629,6,False,49,49.4,False,0.0,0.10741689,0.0066393754,0.0030264494,0.0,0.865971,0.016946258,0.0,0.0,0.0,0.0,0.0,0.0,0.0,0.0,0.0,0.0,0.0
99999E10004622,6,False,01,01.41,False,0.0,0.0,0.0,0.04847909,0.0,0.0,0.14266597,0.0,0.03253125,0.0072346516,0.76873255,0.0,0.0,0.0,0.0,0.0,0.00035653124,0.0
99999E10004633,6,False,DO,DO.01,True,0.00036160552,0.02237201,0.01639356,0.08332237,0.012317333,0.03986788,0.1608681,0.07295683,0.037456498,0.15095688,0.19282584,0.022231158,0.012895027,0.031708136,0.049957257,0.030720137,0.022172542,0.04061676
99999E10004671,3,False,DO,DO.01,False,0.0040256567,0.02669169,0.12555443,0.11112475,0.061544213,0.16389823,0.10887967,0.03055685,0.003615916,0.03231666,0.020987418,0.003487518,0.029880872,0.08945757,0.0044278447,0.09242394,0.049014065,0.042112675
99999E10004711,6,False,84,84.1,False,0.007542448,0.00303926,0.024983216,0.022597415,0.0051058144,0.6220842,0.20192516,0.007898988,0.0021214248,0.0061471676,0.0020254608,0.0,0.009520877,0.025849031,0.0033102874,0.053295486,0.0,0.002553739
99999E10004722,5,False,55,55.10,False,0.0,0.0,0.0009850453,0.0007262524,0.0,0.05508123,0.031117525,0.0,0.0,0.0,0.0,0.0,0.0,0.00043860747,0.0,0.9116513,0.0,0.0
99999E10004762,6,False,DO,DO.01,False,0.0,0.0,0.40861723,0.17723389,0.09050029,0.00679271,0.07578623,0.07906768,0.007306058,0.0057361694,0.035499915,0.016989334,0.010376459,0.038333893,0.0028062658,0.028858554,0.0012255249,0.014869858
99999E10004800,6,False,93,93.1,False,0.0,0.06168714,0.034660853,0.29020855,0.24342337,0.19437084,0.018466504,0.0,0.0,0.0,0.15079501,0.0,0.0018955116,0.0,0.0,0.004492264,0.0,0.0
99999E10004824,3,False,DO,DO.01,False,0.0034187213,0.007960966,0.07507544,0.38592225,0.16746117,0.08850154,0.20012361,0.0,0.0011796997,0.0128884185,0.031386428,0.0,0.0,0.010135787,0.0,0.015946008,0.0,0.0
99999E10004846,6,False,43,43.31,False,0.0,0.0,0.0010498565,0.0,0.0,0.047855254,0.102695815,0.008440279,0.009239174,0.10343191,0.028606247,0.0062206453,0.029542616,0.022271022,0.3778485,0.14338195,0.08135461,0.03806215
99999E10004863,5,False,43,43.32,False,0.0,0.0,0.005618536,0.0023251628,0.0,0.1690064,0.4576875,0.0,0.0022854274,0.002994698,0.0,0.048039675,0.0022569508,0.011811243,0.21219575,0.042860873,0.031025127,0.0118927
99999E10004896,6,False,47,47.73,False,0.0,0.0,0.0,0.0041915565,0.0,0.07070298,0.40485108,0.010771275,0.0,0.00013862479,0.012951882,0.45157707,0.013715717,0.0,0.014913231,0.013070158,0.0,0.0031163876
99999E10004916,6,False,DO,DO.01,True,0.009990421,0.092547454,0.047658015,0.3591878,0.033609062,0.070625976,0.12566318,0.025304772,0.0011319179,0.07111648,0.059678767,0.0,0.014024748,0.022815265,0.005665996,0.05607336,0.001709979,0.0031967782
99999E10004933,6,False,79,79.11,False,0.00015251696,0.0,0.0026388725,0.0062005273,0.010232901,0.05303201,0.016554125,0.023167217,0.013450021,0.0155336885,0.009423135,0.276048,0.08394248,0.02521138,0.10659399,0.2195092,0.04569474,0.092615105
99999E10004943,3,False,DO,DO.01,False,0.0,0.0,0.0,0.047433063,0.0020722426,0.63969976,0.040785264,0.015435352,0.0009608143,0.0068815076,0.027126124,0.025895245,0.073993094,0.00016619492,0.014874444,0.035357967,0.03642265,0.032896202
99999E10004948,6,False,DO,DO.01,False,0.0026353057,0.0,0.04073222,0.031777754,0.0037188246,0.40154073,0.45214263,0.011565731,0.0027964949,0.006744262,0.00078408956,0.0,0.009670256,0.0034139315,0.0052891895,0.016118366,0.007432185,0.0036379567
99999E10004955,6,False,38,38.11,False,0.0,0.0,0.0,0.0,0.0,0.47274843,0.19826528,0.0123186,0.0,0.096768975,0.0,0.0,0.0,0.0,0.09425339,0.0,0.06415996,0.061485432
99999E10004968,3,False,52,52.10,False,0.0,0.10360062,0.0,0.042432275,0.0,0.043376107,0.0014257887,0.015904572,0.0,0.057654075,0.015482861,0.03648814,0.062353153,0.12687512,0.05877864,0.13103199,0.26047754,0.044119123
99999E10004971,5,False,84,84.1,False,0.0,0.0,0.0,0.0,0.0,0.46823883,0.5133235,0.0,0.0,0.0035986977,0.0,0.0,0.0,0.0076125693,0.0021697455,0.0050567165,0.0,0.0
99999E10004982,6,False,DO,DO.02,True,0.027401173,0.47967216,0.0038674828,0.0,0.0,0.46498397,0.024075236,0.0,0.0,0.0,0.0,0.0,0.0,0.0,0.0,0.0,0.0,0.0
99999E10004985,2,False,47,47.73,True,0.0,0.0,0.0,0.00054243667,0.0,0.055621184,0.94278693,0.0,0.0,0.0,0.0,0.0,0.0,0.0,0.0,0.0,0.0010495079,0.0
99999E10005015,6,False,01,01.4,True,0.1377392,0.20013349,0.0,0.0,0.0,0.64473337,0.017393967,0.0,0.0,0.0,0.0,0.0,0.0,0.0,0.0,0.0,0.0,0.0
99999E10005020,6,False,DO,DO.01,False,0.016830439,0.0,0.10013329,0.03665884,0.005892458,0.654431,0.038506694,0.019445835,0.0,0.011662208,0.03822759,0.0,0.0,0.009737353,0.0026972012,0.006643151,0.044704724,0.014429184
99999E10005025,6,False,DO,DO.01,False,0.02813331,0.048837435,0.060697295,0.15064289,0.004611218,0.6233391,0.026591357,0.011137677,0.0,0.00030009515,0.0,0.0,0.005096738,0.0073950277,0.00567253,0.023729475,0.0,0.0038158437
99999E10005026,6,False,DO,DO.01,False,0.0,0.0,0.044568077,0.019097198,0.005137756,0.5143953,0.16275008,0.05689324,0.0,0.0,0.07414507,0.015702672,0.026454845,0.017350566,0.018096205,0.024960166,0.0053897067,0.015059174
99999E10005038,6,False,84,84.11,False,0.0,0.33686236,0.0,0.027730895,0.0,0.62614083,0.0071717585,0.001949218,0.0,0.0,0.0,0.0,0.0,0.0,0.0,6.53528e-05,7.955992e-05,0.0
99999E10005054,3,False,DO,DO.01,False,0.0,0.0,0.026611404,0.10568668,0.05208171,0.2851791,0.020615228,0.15558845,0.0,0.033350382,0.009597114,0.0,0.006706678,0.11788358,0.06548968,0.07284764,0.011992357,0.036369998
99999E10005064,6,False,DO,DO.01,False,0.0,0.0,0.0053658616,0.12454944,0.16185242,0.26583546,0.01484009,0.13730872,0.014131469,0.042926893,0.061703313,0.0,0.0002949176,0.080266744,0.034243207,0.010674379,0.023314875,0.022692272
99999E10005075,3,False,94,94.99,False,0.0674264,0.0,0.30531815,0.5512821,0.0,0.021367522,0.040835705,0.0,0.0,0.0,0.0,0.0,0.0,0.0,0.006647674,0.0,0.0071225073,0.0
99999E10005118,6,False,55,55.10,True,0.0,0.16048749,0.0053576445,0.040755097,0.0,0.32545614,0.39829367,0.0,0.0,0.0,0.027062574,0.0,0.011153375,0.0,0.0,0.031434055,0.0,0.0
99999E20000010,2,False,49,49.39,False,0.0,0.0,0.0,0.0,0.0,0.9955394,0.004460558,0.0,0.0,0.0,0.0,0.0,0.0,0.0,0.0,0.0,0.0,0.0
99999E20000023,5,False,56,56.10,True,0.0010837419,0.017322762,0.0,0.056396294,0.0,0.08855388,0.8089736,0.004351549,0.0,0.0010726873,0.0,0.0,0.0013178617,0.004809919,0.016117683,0.0,0.0,0.0
99999E20000033,6,False,93,93.1,False,0.0,0.029933874,0.09785213,0.0072696037,0.0013878979,0.77782273,0.0037661374,0.0,0.0,0.013300394,0.049653735,0.0073707676,0.0066359984,0.0,0.005006727,0.0,0.0,0.0
99999E20000037,1,False,IL,IL.01,False,0.36227655,0.6377235,0.0,0.0,0.0,0.0,0.0,0.0,0.0,0.0,0.0,0.0,0.0,0.0,0.0,0.0,0.0,0.0
99999E20000137,2,False,47,47.11,False,0.0,0.0,0.0,0.0,0.0,0.021259163,0.9787408,0.0,0.0,0.0,0.0,0.0,0.0,0.0,0.0,0.0,0.0,0.0
99999E20000149,6,False,01,01.11,False,0.0,0.41058928,0.0,0.021736318,0.010973026,0.05926951,0.00034360433,0.0056092283,0.0023204444,0.0,0.0376983,0.0,0.012021689,0.0077288663,0.0,0.010276892,0.33828512,0.08314778
99999E20000152,6,False,38,38.11,False,0.0,0.0,0.0,0.0,0.15624323,0.81786907,0.002797322,0.0,0.0,0.0,0.0,0.0,0.0,0.0,0.0,0.023090445,0.0,0.0
99999E20000165,1,False,IL,IL.01,False,0.20089558,0.79411644,0.0,0.0,0.0,0.004987984,0.0,0.0,0.0,0.0,0.0,0.0,0.0,0.0,0.0,0.0,0.0,0.0
99999E20000168,6,False,CO,CO.02,False,0.0023909693,0.0,0.031009756,0.07737227,0.05340174,0.008201281,0.022255722,0.09490433,0.011494648,0.011171566,0.050631985,0.08237617,0.09270875,0.114719376,0.027714673,0.19652653,0.029591456,0.093528874
99999E20000207,2,False,61,61.20,False,0.0,0.0,0.0,0.0,0.0,1.0,0.0,0.0,0.0,0.0,0.0,0.0,0.0,0.0,0.0,0.0,0.0,0.0
99999E20000209,3,False,DO,DO.01,False,0.033639234,0.049834363,0.008243278,0.086138085,0.0,0.5350399,0.18922664,0.0,0.0,0.0,0.0,0.024652515,0.003972951,0.0,0.0,0.06925304,0.0,0.0
99999E20000221,6,False,DO,DO.01,False,0.020705113,0.0017748273,0.18229994,0.17319807,0.037641276,0.24132831,0.066861466,0.01799528,0.011193581,0.027398368,0.026873028,0.0,0.03608936,0.055911276,0.016005978,0.057139073,0.015948143,0.011636987
99999E20000229,6,False,DO,DO.01,False,0.0,0.0,0.0074752034,0.04116598,0.021136878,0.011258507,0.27422228,0.13132304,0.009319395,0.061344963,0.09574274,0.03039947,0.017013675,0.050044637,0.13662526,0.06808189,0.013192254,0.031653784
99999E20000235,5,False,75,75.00,False,0.0,0.0,0.06029431,0.01797369,0.0,0.44756538,0.37743285,0.0030128588,0.0,0.0,0.0062099546,0.0,0.008743892,0.009013821,0.02642131,0.030759376,0.0064292625,0.0061433064
99999E20000237,6,False,47,47.71,False,0.0,0.0,0.0,0.0,0.0,0.032949682,0.0101864785,0.0070509743,0.0,0.0,0.0005541503,0.91212153,0.008742195,0.0011732597,0.00424586,0.009762817,0.00076980534,0.012443265
99999E20000251,5,False,52,52.21,False,0.0,0.0,0.0031125704,0.02685634,0.003348792,0.23105276,0.68840605,0.0,0.0,0.0,0.0038976609,0.0,0.0,0.0,0.0,0.04332586,0.0,0.0
99999E20000252,5,False,11,11.05,False,0.0,0.0,0.0032430664,0.005749698,0.0,0.19639544,0.2132087,0.02601788,0.0,0.009327746,0.0013251908,0.034542393,0.0017066703,0.034887526,0.34506568,0.043443143,0.04273716,0.042349786
99999E20000256,4,False,88,88.10,False,0.00980647,0.009542665,0.01508723,0.050145976,0.0,0.10319105,0.020204773,0.002378611,0.0,0.0005957619,0.0006458027,0.0019161699,0.0,0.0,0.65778136,0.08506799,0.012019757,0.031616405
99999E20000264,1,False,58,58.2,False,0.0,0.99849534,0.0015046758,0.0,0.0,0.0,0.0,0.0,0.0,0.0,0.0,0.0,0.0,0.0,0.0,0.0,0.0,0.0
99999E20000269,6,False,DO,DO.01,False,0.0014927948,0.0,0.14888616,0.27041525,0.093471035,0.08456186,0.13582893,0.008940137,0.0022355649,0.03227636,0.062210813,0.011703143,0.03248089,0.01568682,0.014603274,0.06394884,0.015659394,0.0055987327
99999E20000304,6,False,DO,DO.01,True,0.02287901,0.08043369,0.036881793,0.15653645,0.027830586,0.080354676,0.2570994,0.035041153,0.08528872,0.038087722,0.09696844,0.0,0.006129343,0.01977756,0.004984042,0.020314582,0.01350168,0.017891234
99999E20000305,5,False,43,43.21,False,0.0,0.0,0.0041225627,0.006843377,0.0012619435,0.30830696,0.60826015,0.0015312288,0.0,0.01864283,0.005797504,0.0015731199,0.0024357955,0.0,0.0050936737,0.03613075,0.0,0.0
99999E20000321,6,False,DO,DO.01,False,0.0,0.0031969189,0.06881108,0.08036029,0.029949872,0.08516524,0.36424723,0.04372242,0.0,0.06627215,0.1120579,0.0077961264,0.012791695,0.055822637,0.032928802,0.015355317,0.011749214,0.009773148
99999E20000333,5,False,01,01.41,False,0.0,0.0,0.0,0.0,0.0,0.021636078,0.97074234,0.00028846788,0.0,0.0,0.0,0.0,0.0,0.0015293087,0.0014772497,0.0022557862,4.4777516e-05,0.0020259444
99999E20000342,6,False,55,55.30,False,0.003252206,0.07927833,0.03276262,0.040707402,0.00107728,0.7229301,0.109962635,0.00015584065,0.0,0.008004652,0.0012972328,0.0,0.00017685835,0.0,0.0,0.0,0.00039485606,0.0
99999E20000352,1,False,IL,IL.01,False,0.39573273,0.6042673,0.0,0.0,0.0,0.0,0.0,0.0,0.0,0.0,0.0,0.0,0.0,0.0,0.0,0.0,0.0,0.0
99999E20000353,1,False,IL,IL.01,False,0.35806602,0.6380122,0.0039218105,0.0,0.0,0.0,0.0,0.0,0.0,0.0,0.0,0.0,0.0,0.0,0.0,0.0,0.0,0.0
99999E20000388,2,False,36,36.00,False,0.0,0.0,0.0,0.0,0.0,1.0,0.0,0.0,0.0,0.0,0.0,0.0,0.0,0.0,0.0,0.0,0.0,0.0
99999E20000392,6,False,84,84.11,False,0.020094624,0.77678514,0.00049958326,0.025723593,0.0,0.004402268,0.13749668,8.1615086e-05,0.0,0.00081367756,0.0,0.010820181,0.013842413,0.0,0.0,0.0,0.008478076,0.00096206873
99999E20000409,2,False,36,36.00,False,0.0,0.002412208,0.0,0.0,0.0,0.9975878,0.0,0.0,0.0,0.0,0.0,0.0,0.0,0.0,0.0,0.0,0.0,0.0
99999E20000448,5,False,DO,DO.02,False,0.0,0.0,0.0,0.0058972794,0.002776266,0.91023356,0.07824634,0.0,0.0,0.0,0.002846518,0.0,0.0,0.0,0.0,0.0,0.0,0.0
99999E20000467,6,False,DO,DO.01,False,0.0,0.0022671698,0.06213957,0.11614286,0.055755224,0.116103925,0.3111865,0.04941129,0.0,0.05312584,0.028817523,0.004805631,0.0028900807,0.10191939,0.0144508965,0.049025174,0.021377826,0.010581111
99999E20000472,6,False,DO,DO.01,False,0.23574302,0.35963148,0.28769413,0.01426563,0.0008212144,0.037758432,0.008307307,0.0065058004,0.0,0.0,0.003693528,0.0010447241,0.0051294914,0.004701194,0.0035161148,0.025813377,0.0007123648,0.0046620704
99999E20000483,6,False,84,84.1,False,0.0,0.0,0.0,0.0,0.9826451,0.0,0.0,0.0,0.0,0.0,0.017354876,0.0,0.0,0.0,0.0,0.0,0.0,0.0
99999E20000484,6,False,DO,DO.01,False,0.0,0.0,0.018106822,0.10748936,0.018306537,0.054976452,0.3035378,0.036095757,0.0058907634,0.05178405,0.28802595,0.015283519,0.010928871,0.010811751,0.038108557,0.027106248,0.0071857697,0.006361918
99999E20000505,6,False,52,52.21,False,0.0,0.011756741,0.0278764,0.04846401,0.011415412,0.28296912,0.586499,0.0,0.0,0.0,0.02895035,0.0,0.0,0.0,0.0,0.0020690835,0.0,0.0
99999E20000519,6,False,55,55.10,False,0.065764554,0.24249642,0.068788014,0.13780998,0.047019415,0.25274295,0.034792773,0.0053066346,0.002951132,0.0054970896,0.053839613,0.005255816,0.020515997,0.019936392,0.0,0.033475157,0.0007457949,0.0030623833
99999E20000564,6,False,45,45.20,False,0.0,0.0,0.0006555417,0.014564735,0.0,0.6251705,0.10151804,0.009194191,0.0,0.009682006,0.00086395326,0.0009320399,0.005507547,0.03618848,0.047997776,0.0802746,0.028900297,0.038550336
99999E20000615,5,False,68,68.20,False,0.0,0.00047792445,0.03124153,0.008076529,0.00068715075,0.06491854,0.2789617,0.0030402297,0.0006429051,0.07530534,0.005343869,0.0502564,0.013256133,0.004582199,0.37633,0.05489843,0.016944105,0.015036885
99999E20000624,3,False,01,01.41,False,0.0,0.0,0.0018444404,0.0,0.0,0.9113973,0.06994954,0.0037236814,0.0,0.0,0.0,0.0,0.0,0.0,0.0036192795,0.009465808,0.0,0.0
99999E20000661,4,False,16,16.23,False,0.0,0.00063866936,0.0,0.0,0.0,0.06342984,0.012637502,0.015450364,0.06990939,0.117379285,0.0155658685,0.0029261026,0.04793418,0.031870056,0.42473555,0.08339619,0.07807394,0.036053114
99999E20000662,3,False,01,01.11,False,0.0,0.0,0.041159138,0.025243266,0.024829697,0.23104416,0.07742829,0.10816498,0.00047339252,0.0001482603,0.010880224,0.14347954,0.03578795,0.10463794,0.035647497,0.027079612,0.047516126,0.08647996
99999E20000663,3,False,96,96.0,False,0.0,0.0,0.0,0.0,0.0,0.0,0.0,0.0,0.0,0.0,0.0,0.0,0.0,0.0,0.0,0.0,1.0,0.0
99999E20000684,6,False,DO,DO.01,False,0.0,0.0,0.018083138,0.34480065,0.021398237,0.025611745,0.15527232,0.07666558,6.0265313e-05,0.006241258,0.18825415,0.008868117,0.017280953,0.038130723,0.0006695021,0.04860676,0.017356917,0.032699756
99999E20000702,1,False,IL,IL.01,False,0.36931965,0.6306803,0.0,0.0,0.0,0.0,0.0,0.0,0.0,0.0,0.0,0.0,0.0,0.0,0.0,0.0,0.0,0.0
99999E20000727,6,False,47,47.78,False,0.0037785554,0.0040298305,0.0010635585,0.016864192,0.00075476826,0.03664185,0.033774585,0.0022053753,0.0,0.0016500243,0.003844085,0.62988496,0.094886295,0.0036380677,0.03650938,0.058081325,0.009476797,0.06291637
99999E20000735,6,False,45,45.20,False,0.0,0.0,0.015399996,0.0044427104,0.016913738,0.020716513,0.0497993,0.04519382,0.0030767436,0.026920972,0.0430153,0.15148133,0.21218053,0.011186018,0.034456704,0.2329146,0.06293468,0.069367014
99999E20000737,2,False,IL,IL.01,False,0.0,0.0,0.0,0.0,0.0,1.0,0.0,0.0,0.0,0.0,0.0,0.0,0.0,0.0,0.0,0.0,0.0,0.0
99999E20000752,6,False,16,16.29,False,0.062297024,0.028310457,0.12649375,0.123388425,0.052889492,0.050090145,0.012127898,0.06116149,0.021219505,0.04126791,0.07860825,0.0055165794,0.08083121,0.08306357,0.005317822,0.090462595,0.028918238,0.048035614
99999E20000756,6,False,DO,DO.01,False,0.0,0.0,0.0058861263,0.07255333,0.027564947,0.036280695,0.0069992044,0.17175892,0.039003793,0.08212879,0.12495955,0.052261684,0.04110384,0.077253826,0.035031725,0.068609476,0.06583398,0.09277012
99999E20000790,5,False,55,55.10,True,0.0,0.007609968,0.009688993,0.015296137,0.0,0.6663023,0.29854476,0.0,0.0,0.0,0.0,0.0,0.0,0.0,0.002557823,0.0,0.0,0.0
99999E20000811,3,False,DO,DO.01,False,0.004909845,0.013931384,0.060756315,0.023896193,0.0093601495,0.5336373,0.097616434,0.005321015,0.0053452016,0.024706442,0.008320132,0.0,0.017849585,0.031950276,0.13226348,0.025311101,0.004825193,0.0
99999E20000833,6,False,CO,CO.02,False,0.013459102,0.0,0.07224341,0.07287462,0.05968022,0.027060734,0.0,0.07484971,0.0,0.00086537335,0.092890196,0.09408136,0.1838053,0.11131756,0.012471558,0.12854359,0.021115111,0.034742195
99999E20000834,6,False,CO,CO.02,False,0.055389374,0.010802077,0.06734061,0.11726329,0.14494976,0.16230205,0.0,0.023927094,0.0,0.016974693,0.060577,0.0,0.071034335,0.102907024,0.0,0.11908552,0.011819903,0.035627156
99999E20000835,6,False,CO,CO.02,False,0.05207975,0.0,0.10146319,0.06437432,0.087439455,0.101624385,0.0,0.0626012,0.0177458,0.017042415,0.009568958,0.043551214,0.08762996,0.16432083,0.0,0.05978767,0.024852911,0.10591796
99999E20000855,6,False,01,01.4,False,0.0,0.0,0.0,0.0,0.0,0.0008256765,0.0,0.017653748,0.6352869,0.009031024,0.01859133,0.007040933,0.24932705,0.0,0.0,0.053935118,0.0044852677,0.003822912
99999E20000872,6,False,DO,DO.01,False,0.0,0.0016630776,0.07174531,0.09308635,0.030011863,0.37774265,0.23757698,0.015643923,0.0,0.0058518345,0.026402554,0.0,0.016902579,0.046372626,0.03497242,0.033090107,0.0,0.008937848
99999E20000893,6,False,DO,DO.01,False,0.0,0.0,0.009952305,0.06455931,0.0074708955,0.57748175,0.12750524,0.065460674,0.0,0.0055575036,0.00620419,0.0,0.0,0.055401698,0.020155285,0.027647518,0.013783089,0.018820576
99999E20000894,6,False,47,47.72,False,0.0,0.0,0.0,0.0128877675,0.0008101198,0.04212327,0.0006046317,0.0,0.0,0.0,0.0006608353,0.8638131,0.028548047,0.0012526487,0.016066916,0.01134286,0.010586972,0.011302828
99999E20000895,6,False,47,47.77,False,0.0,0.00011410134,0.0,0.0,0.0,0.015022632,0.0020287058,0.005120933,0.0,0.00030970364,0.00021003198,0.93182534,0.006166817,0.0,0.0,0.0027747736,0.004286416,0.03214051
99999E20000903,5,False,56,56.30,False,0.0020900485,0.0055477163,0.0,0.002216718,0.0,0.067030326,0.8968997,0.0016880926,0.0,0.0,0.0,0.0,0.0,0.00554036,0.0042306595,0.013680801,0.0,0.0010756003
99999E20000906,6,False,DO,DO.01,False,0.0,0.0,0.08911433,0.03403412,0.06526235,0.3207449,0.15788686,0.0005431974,0.0,0.03871686,0.047887526,0.0,0.0,0.04584585,0.0,0.058110874,0.07991369,0.061939478
99999E30430511,6,False,DO,DO.01,False,0.003107434,0.076923646,0.23016296,0.076830044,0.07029771,0.06950791,0.049228925,0.014145208,0.11020994,0.07461896,0.014044272,0.011954821,0.008295692,0.039086204,0.012153241,0.05871816,0.041268393,0.03944638
99999E30431901,6,False,DO,DO.01,False,0.0,0.0,0.025350137,0.052823234,0.039649554,0.2032853,0.48451987,0.051286273,0.0,0.0,0.004024892,0.0,0.009080938,0.009818064,0.0039477865,0.030660115,0.051902086,0.0336518
99999E30461097,6,False,56,56.10,False,0.0,0.0,0.008565303,0.039276253,0.0024829858,0.21209909,0.4519083,0.020404784,0.0,0.0050748773,0.00048675807,0.0,0.0,0.17862482,0.0659403,0.009019515,0.00056943874,0.0055476776
99999E30461111,6,False,DO,DO.01,False,0.0,0.0,0.15747556,0.090125516,0.03917312,0.26341173,0.26231655,0.0087215565,0.0,0.0060974937,0.017208328,0.010218655,0.007999249,0.05475177,0.007937101,0.049590647,0.005574063,0.01939873
99999E30461114,6,False,DO,DO.01,False,0.0,0.0,0.04140552,0.1672832,0.025125602,0.1021788,0.06833491,0.189963,0.0,0.0,0.1079876,0.0,0.0,0.26253733,0.0,0.0074597206,0.02174223,0.005982043
99999E30478561,6,False,DO,DO.01,False,0.0,0.01193967,0.0213147,0.007889611,0.0061581065,0.7666532,0.08188769,0.011732127,0.0033799915,0.0,0.012248021,0.0,0.0,0.014854172,0.014987592,0.025047513,0.015906712,0.0060009663
99999E30478621,6,False,DO,DO.01,False,0.0,0.0,0.038503733,0.015445644,0.009382889,0.7137818,0.12281148,0.02838502,0.0,0.026770663,0.0,0.0,0.0,0.009177749,0.0,0.020959873,0.01478117,0.0
99999E30478632,6,False,DO,DO.01,True,0.0,0.16595632,0.06619442,0.08558164,0.022195907,0.30726287,0.058136005,0.049303815,0.0018040589,0.02354254,0.07192295,0.0,0.074240014,0.016617008,0.0,0.03411467,0.023127863,0.0
99999E30478644,6,False,DO,DO.01,False,0.025659129,0.027124438,0.05123779,0.034434114,0.03504541,0.3303642,0.26595294,0.013512251,0.0052681034,0.023168493,0.011648492,0.0022699959,0.021452695,0.019486403,0.08801848,0.021638291,0.0127815455,0.010937253
99999E30478652,6,False,DO,DO.01,False,0.0,0.0,0.015456289,0.01169534,0.008715697,0.40540606,0.054075174,0.01959576,0.0,0.053502537,0.060000487,0.0042025577,0.038958583,0.011918571,0.0,0.1018368,0.09614442,0.11849175
99999E30478660,6,False,DO,DO.01,False,0.0,0.009223531,0.048191518,0.11135505,0.032711916,0.27012464,0.3648724,0.0,0.0,0.006437582,0.028365439,0.0,0.023637045,0.0,0.026690748,0.052604523,0.019657701,0.0061279405
99999E30478684,6,False,DO,DO.01,False,0.0,0.0045391317,0.089077085,0.086155035,0.06355522,0.26440996,0.093916036,0.03405209,0.033206686,0.037910476,0.06418435,0.0,0.037826918,0.05154016,0.0,0.095356174,0.03253577,0.011734897
99999E30478750,6,False,DO,DO.01,False,0.0,0.0,0.016382419,0.056487165,0.00866906,0.15831657,0.60559577,0.023958415,0.0,0.0,0.008649129,0.003409491,0.0,0.021754207,0.02129184,0.06733315,0.00815273,0.0
99999E30478779,6,False,DO,DO.01,False,0.0043948987,0.017047992,0.030600155,0.26549083,0.109518476,0.12040283,0.08609739,0.018189589,0.018759161,0.03125547,0.18705145,0.0,0.025271893,0.051551864,0.0,0.01400292,0.012951966,0.0074130227
99999E30478782,6,False,DO,DO.01,False,0.0,0.0,0.043346666,0.10759763,0.035839193,0.14734209,0.09156491,0.045494657,0.0,0.12084959,0.10263457,0.009649746,0.044762775,0.05821105,0.07921064,0.06836587,0.018022519,0.027108107
99999E30478853,6,False,DO,DO.01,False,0.0,0.0,0.0,0.042090297,0.03092846,0.36040083,0.30254722,0.0,0.0,0.0,0.08086683,0.0,0.0,0.06662313,0.0,0.028743697,0.05143962,0.03635986
99999E30478890,6,False,DO,DO.01,False,0.0,0.0025647935,0.014237589,0.036856927,0.003368808,0.2187684,0.6514339,0.01791745,0.0,0.0043491786,0.0,0.0,0.0,0.014208429,0.0,0.030985815,0.0,0.0053087194
99999E30478900,5,False,DO,DO.01,False,0.0,0.0,0.0,0.0,0.0,0.8568797,0.12641507,0.0,0.0,0.0,0.0,0.0,0.0,0.0,0.0060400013,0.0071832975,0.0,0.0034819802
99999E30478943,3,False,DO,DO.01,False,0.0,0.0,0.0,0.0,0.0,0.0,0.33744484,0.18231533,0.0,0.0056999563,0.0,0.0,0.0,0.24472801,0.0932165,0.055380262,0.03591158,0.04530355
99999E30478951,6,False,DO,DO.01,False,0.0,0.0,0.0,0.0,0.0,0.46488434,0.20572042,0.002984111,0.0,0.0569337,0.0,0.0,0.0,0.0,0.0,0.0,0.0,0.26947743
99999E30478980,3,False,DO,DO.01,False,0.0,0.10092388,0.032573517,0.100424066,0.0,0.3109327,0.0745046,0.05418149,0.029594846,0.11564053,0.048855226,0.0,0.009579704,0.03445664,0.008145903,0.010566704,0.042127978,0.027492108
99999E30479004,3,False,DO,DO.01,False,0.0,0.0,0.0,0.09462603,0.0,0.56456345,0.0,0.0,0.0,0.053505637,0.12960646,0.0,0.14823695,0.0,0.0,0.0,0.0,0.009461434
99999E30479031,6,False,DO,DO.01,False,0.0,0.0,0.008072515,0.118924595,0.082069546,0.2716061,0.15107366,0.020945007,0.059069,0.046677615,0.07069975,0.0256683,0.025174823,0.020394636,0.0,0.040637147,0.021214627,0.037772745
99999E30479068,6,False,DO,DO.01,False,0.0,0.0,0.009576915,0.010386403,0.02157985,0.61001474,0.018138912,0.0,0.0,0.076250926,0.0,0.055849846,0.031200783,0.02551235,0.0,0.024697972,0.1167914,0.0
99999E30479080,6,False,DO,DO.01,True,0.03695772,0.06857785,0.046484295,0.030286467,0.06636585,0.08338914,7.050196e-05,0.0030815236,0.104395784,0.08392672,0.01046073,9.400263e-05,0.039266657,0.18052618,0.003337093,0.09635563,0.10237766,0.044046104
99999E30479161,3,False,DO,DO.01,False,0.0,0.002628324,0.026465958,0.0,0.002944566,0.0056431666,0.40174705,0.11325687,0.0,0.006128071,0.021342834,0.02071035,0.022263449,0.04440743,0.11615927,0.00815202,0.15857086,0.049579747
99999E30479204,3,False,DO,DO.01,False,0.0,0.01753017,0.12554877,0.1561764,0.14321272,0.13243397,0.051153477,0.0069723423,0.0,0.05459911,0.08197366,0.015085796,0.03927009,0.05967433,0.018549673,0.01815241,0.028649434,0.05101768
99999E30479211,6,False,DO,DO.01,False,0.00097031443,0.0,0.09279164,0.1316688,0.01430152,0.03892814,0.30274326,0.015626993,0.014267532,0.0056808433,0.03106026,0.011800113,0.037616257,0.04436768,0.10627408,0.04227071,0.06501957,0.044612378
99999E30479239,3,False,DO,DO.01,False,0.0,0.0208228,0.0447193,0.10562356,0.0,0.47467583,0.3541585,0.0,0.0,0.0,0.0,0.0,0.0,0.0,0.0,0.0,0.0,0.0
99999E30479273,6,False,DO,DO.01,False,0.019805953,0.0,0.11195005,0.20734347,0.008640866,0.28949675,0.1819935,0.0048172385,0.002086669,0.035337467,0.014701156,0.0056691435,0.04814753,0.022772703,0.009878115,0.014185704,0.018593563,0.00458023
99999E30479281,6,False,DO,DO.01,False,0.0,0.0,0.0834344,0.22562201,0.070016794,0.16322936,0.1902087,0.062087473,0.0,0.0,0.104005374,0.0,0.0,0.055653907,0.0,0.037846904,0.0,0.007895043
99999E30479290,3,False,DO,DO.01,False,0.0,0.0,0.07260045,0.026102122,0.07764543,0.01726734,0.1406794,0.17260064,0.009087435,0.049168363,0.0,0.0,0.0,0.16624187,0.046401307,0.18075831,0.0,0.041447278
99999E30479360,6,False,DO,DO.01,False,0.0,0.010241583,0.027536592,0.05926504,0.0056716907,0.4955055,0.15138905,0.0486861,0.0,0.11254615,0.013597223,0.0,0.0,0.010867251,0.0,0.007216123,0.034496706,0.022981053
99999E30479367,3,False,74,74.90,False,0.0,0.0,0.033573374,0.07915732,0.0,0.63563573,0.15823638,0.0,0.0,0.028792916,0.0,0.0,0.008041839,0.0,0.0,0.0,0.05656248,0.0
99999E30479433,6,False,DO,DO.01,False,0.0011489663,0.0062567233,0.053831577,0.12606576,0.046031203,0.02600363,0.06595353,0.06115195,0.06370105,0.072132915,0.099516734,0.032419827,0.094377086,0.053625066,0.023484837,0.10194703,0.042231087,0.030121094
99999E30479442,6,False,DO,DO.01,False,0.0,0.0,0.002920331,0.06026271,0.0052097957,0.119098954,0.30249667,0.054957442,0.008888289,0.09016148,0.17071207,0.0,0.031986047,0.040979173,0.005113387,0.044748455,0.019117871,0.04334726
99999E30479472,3,False,DO,DO.01,False,0.0,0.014754303,0.076198734,0.085310474,0.02509658,0.2506491,0.18264343,0.07478689,0.009005371,0.01805184,0.027625335,0.005347619,0.006072884,0.014969464,0.054053985,0.05688735,0.055942092,0.04260447
99999E30479532,3,False,DO,DO.01,False,0.014244493,0.00331026,0.058694698,0.05012239,0.05322029,0.20452121,0.21559809,0.0,0.0,0.02869324,0.008283754,0.054168623,0.02481236,0.07110899,0.037839416,0.09756836,0.021847392,0.05596641
99999E30479560,6,False,DO,DO.01,False,0.0,0.0,0.101732224,0.17046022,0.0,0.12887241,0.13182996,0.08140302,0.0,0.033392258,0.028947946,0.0,0.039186005,0.13744006,0.008620345,0.11060328,0.024355112,0.0031571735
99999E30479611,6,False,DO,DO.01,False,0.0012867821,0.0,0.08547008,0.21762387,0.0,0.24138519,0.0,0.016021699,0.005576056,0.008332545,0.0154224625,0.0,0.0028700286,0.35449585,0.0,0.020966977,0.017428327,0.013120132
99999E30479624,6,False,DO,DO.01,False,0.0,0.012960963,0.034559496,0.024708796,0.0684313,0.6004761,0.089347675,0.0013495625,0.03729734,0.044758648,0.027642068,0.0,0.009699521,0.0030881385,0.006508137,0.036098957,0.0030733892,0.0
99999E30479695,3,False,DO,DO.01,False,0.0,0.0,0.084170595,0.0,0.0,0.7334769,0.18235254,0.0,0.0,0.0,0.0,0.0,0.0,0.0,0.0,0.0,0.0,0.0
99999E30479711,6,False,DO,DO.01,False,0.0,0.003519326,0.011403137,0.04136942,0.022515884,0.4453161,0.12471937,0.004416494,0.0,0.0,0.0,0.0,0.000953512,0.13788216,0.15109263,0.014255003,0.001967702,0.040589273
99999E30479802,3,False,DO,DO.01,False,0.0,0.0,0.12111995,0.034885943,0.1533792,0.035165463,0.13985904,0.05206536,0.0,0.024043515,0.029259881,0.0,0.009406556,0.019497227,0.110514924,0.124139756,0.116083555,0.030579608
99999E30479841,3,False,DO,DO.01,False,0.0,0.004113496,0.04686643,0.028849317,0.048996303,0.40261984,0.11540641,0.047286917,0.06343011,0.06832974,0.030138215,0.0,0.015091959,0.09340378,0.0059142928,0.0,0.0,0.029553182
99999E30479850,6,False,DO,DO.01,False,0.0,0.0,0.071987025,0.15069413,0.04708319,0.30222622,0.19590262,0.05826755,0.002563526,0.034819454,0.00094682403,0.012498076,0.0,0.02351674,0.01628064,0.021353249,0.020858532,0.04100221
99999E30479889,6,False,DO,DO.01,False,0.0,0.0,0.002527154,0.10484902,0.043703906,0.30308405,0.13788988,0.029355822,0.1294614,0.0627671,0.08223339,0.0,0.03540898,0.03365727,0.0,0.028264245,0.0067978515,0.0
99999E30479950,6,False,DO,DO.01,False,0.0,0.0,0.019618638,0.10036149,0.06355322,0.64418805,0.07435354,0.0,0.0,0.0072999587,0.06740639,0.0,0.0,0.007072758,0.0,0.016145984,0.0,0.0
99999E30480043,6,False,DO,DO.01,False,0.0,0.0046191937,0.11985102,0.009521829,0.0,0.6358278,0.10468254,0.0,0.0,0.0,0.012471381,0.025974661,0.0050532115,0.08199844,0.0,0.0,0.0,0.0
99999E30480065,6,False,DO,DO.01,False,0.0,0.0,0.020789644,0.24850225,0.018951809,0.06650778,0.1826514,0.082962446,0.002251541,0.01985493,0.18360221,0.0,0.036710188,0.017376864,0.005261345,0.070668094,0.017660616,0.0262489
99999E30480074,6,False,DO,DO.01,False,0.0429302,0.018840838,0.071998924,0.12174771,0.008164364,0.17118248,0.015610983,0.012964292,0.033106048,0.05131886,0.2110174,0.0018840841,0.022294994,0.08321371,0.002153239,0.03826485,0.060380407,0.03292661
99999E30480089,3,False,DO,DO.01,False,0.0,0.0,0.11146275,0.05172696,0.09150914,0.020331725,0.19007142,0.059446998,0.005043483,0.0688224,0.087201044,0.0,0.013287522,0.14209582,0.045855798,0.06983467,0.03309227,0.010217965
99999E30480097,3,False,DO,DO.01,False,0.0,0.0,0.022365611,0.104645126,0.055976696,0.0,0.028684167,0.08250858,0.0,0.025252612,0.09090162,0.03760016,0.017369544,0.30036908,0.0076280776,0.0,0.20400031,0.022698395
99999E30480117,3,False,DO,DO.01,False,0.0,0.0,0.006222578,0.06401554,0.052536987,0.19453108,0.117285036,0.107158236,0.0,0.028983321,0.020200724,0.021605337,0.0,0.12081921,0.016190786,0.044985313,0.09558907,0.109876834
99999E30480189,6,False,DO,DO.01,False,0.0,0.0,0.056608323,0.1752971,0.12411036,0.14916228,0.15003207,0.043176267,0.022075519,0.08438406,0.016195344,0.0,0.01018099,0.113328725,0.003651233,0.027152989,0.010230715,0.014413926
99999E30480193,3,False,DO,DO.01,False,0.0,0.0,0.0,0.011258556,0.0,0.30662176,0.13879792,0.043589797,0.13306452,0.18620704,0.080311924,0.0,0.049487136,0.0,0.0,0.017993309,0.03266798,0.0
99999E30480207,3,False,DO,DO.01,False,0.0,0.0,0.09293539,0.03062296,0.02149973,0.5834732,0.10402216,0.019594066,0.0,0.01000372,0.0,0.0,0.014654211,0.03063123,0.04873713,0.033194166,0.00023149105,0.010400562
99999E30480273,6,False,DO,DO.01,False,0.0,0.0,0.026264371,0.117005534,0.076534376,0.067956224,0.25593752,0.030893277,0.0022343746,0.09153769,0.052333575,0.019449115,0.013601417,0.07155157,0.06961267,0.073916525,0.019786222,0.011385494
99999E30480357,3,False,DO,DO.01,False,0.007682244,0.0,0.06647821,0.018877944,0.055564724,0.040523123,0.077284046,0.1010172,0.0,0.037064675,0.01525447,0.0,0.0,0.38392088,0.013066035,0.043402765,0.110084265,0.029779458
99999E30480365,6,False,DO,DO.01,False,0.0,0.0,0.07558985,0.0056450525,0.027278595,0.01773255,0.013627486,0.0035438647,0.0,0.011469612,0.009125616,0.0,0.0,0.769133,0.014338906,0.011037849,0.027110424,0.014367249
99999E30480368,6,False,DO,DO.01,False,0.0,0.015485484,0.100554556,0.14995709,0.20762019,0.17872056,0.040956277,0.03877354,0.0022735146,0.01277047,0.030731652,0.0,0.010199871,0.046530724,0.004225189,0.08584891,0.039726682,0.03562528
99999E30480417,6,False,DO,DO.01,True,0.0,0.18309939,0.056342717,0.349717,0.064516686,0.027756648,0.11360672,0.005077302,0.005738736,0.027177105,0.08403427,0.025109334,0.024008516,0.010475347,0.0,0.016987856,0.0,0.006352401
99999E30480476,3,False,DO,DO.01,False,0.0,0.0,0.064712785,0.113921,0.0,0.052369338,0.23140956,0.029368376,0.013969172,0.015203517,0.060181845,0.0,0.0,0.4188644,0.0,0.0,0.0,0.0
99999E30480492,6,False,DO,DO.01,False,0.0,0.0,0.010444771,0.047663685,0.021686671,0.010851019,0.092418425,0.07625882,0.0028145043,0.10918402,0.05891383,0.047867183,0.022873936,0.13120987,0.06885229,0.035031393,0.16891597,0.095013686
99999E30480496,6,False,DO,DO.01,False,0.0,0.032699246,0.042375684,0.023264648,0.0,0.26961067,0.19734743,0.06749322,0.0055078384,0.06501539,0.026733935,0.0,0.002962055,0.06421923,0.0065699187,0.074981295,0.029970473,0.09124905
99999E30480505,3,False,DO,DO.01,False,0.0054924367,0.0,0.21235137,0.13866568,0.034299605,0.07427261,0.0284159,0.0,0.0,0.066496134,0.0,0.03235793,0.052214824,0.07396937,0.06990017,0.13032188,0.055511266,0.025730817
99999E30480579,6,False,DO,DO.01,False,0.0,0.0,0.10677307,0.0058397814,0.03182323,0.6918888,0.07761894,0.0,0.0,0.032432284,0.0,0.0,0.0,0.02161257,0.0,0.008061049,0.021110993,0.0028392805
99999E30480702,3,False,DO,DO.01,False,0.0,0.0,0.0,0.00787729,0.0,0.020259677,0.13276303,0.054784868,0.007386617,0.17151766,0.01886628,0.066094026,0.008366068,0.0201318,0.2254661,0.12534136,0.08415989,0.05698532
99999E30480706,3,False,DO,DO.01,False,0.0,0.0,0.080309086,0.038573653,0.0,0.26389253,0.35455063,0.0,0.0,0.015068556,0.0,0.0,0.0,0.04133442,0.0,0.038943812,0.15363142,0.013695884
99999E30480713,3,False,DO,DO.01,False,0.0,0.0,0.14917468,0.08569204,0.0394029,0.043453634,0.008228057,0.12593357,0.0012057268,0.04335553,0.041270036,0.028282363,0.0076615866,0.12325313,0.091613084,0.07439429,0.035855338,0.10122409
99999E30480716,3,False,DO,DO.01,False,0.0,0.0,0.010280414,0.16472411,0.05673289,0.048883524,0.14325711,0.0032934824,0.28377694,0.09586721,0.03038503,0.0,0.024623,0.056276675,0.024110539,0.02240443,0.03538462,0.0
99999E30480743,6,False,DO,DO.01,False,0.0,0.0,0.00037187143,0.0,0.0,0.08982582,0.18062711,0.05229374,0.05126975,0.009081209,0.0,0.0,0.012169357,0.064560115,0.13074245,0.31955075,0.017957618,0.07155021
99999E30480751,6,False,DO,DO.01,False,0.0,0.0,0.058106843,0.0022497294,0.0029866134,0.058342237,0.7080805,0.031818133,0.0,0.0065258895,0.0141673405,0.0,0.009715333,0.017356783,0.018399773,0.04745366,0.012294427,0.012502838
99999E30480800,3,False,DO,DO.01,False,0.0,0.0,0.0,0.24409997,0.0,0.27826622,0.0,0.022906685,0.0070780213,0.07745028,0.0,0.0,0.0,0.0,0.0,0.13700154,0.0,0.23319736
99999E30480817,6,False,DO,DO.01,False,0.0,0.0,0.01749741,0.008998824,0.01614869,0.82824016,0.037150554,0.0,0.0,0.016079597,0.028859256,0.0,0.0106626125,0.009341532,0.0,0.0,0.013780141,0.013241207
99999E30480849,3,False,DO,DO.01,False,0.0,0.0,0.0,0.092581116,0.0,0.057401977,0.31199303,0.049459215,0.0,0.045769487,0.083469465,0.0,0.11001577,0.025785826,0.008914489,0.170516,0.04409362,0.0
99999E30480869,6,False,DO,DO.01,False,0.0,0.0043157293,0.02070676,0.049410045,0.033313476,0.25323164,0.14962883,0.017509071,0.0033265166,0.07114282,0.03361484,0.005047287,0.01499003,0.064301156,0.15448287,0.09290091,0.0078124823,0.024265628
99999E30480925,3,False,DO,DO.01,False,0.002580964,0.0,0.071043834,0.16161323,0.11511098,0.009908657,0.0,0.05435734,0.027279666,0.015609219,0.12334762,0.0,0.0061157616,0.023666315,0.0,0.0,0.36659783,0.022768587
99999E30480936,3,False,DO,DO.01,False,0.0,0.0,0.0,0.0,0.0,0.29772294,0.32006812,0.0,0.0,0.0,0.0,0.23494364,0.0,0.013832731,0.0,0.0,0.017663334,0.11576932
99999E30480951,6,False,DO,DO.01,False,0.0,0.0,0.0018799928,0.047343597,0.021926906,0.012457171,0.5258677,0.056181587,0.00049980916,0.008453624,0.18624106,0.0008232897,0.008844337,0.034971416,2.283392e-05,0.03571098,0.02576681,0.03300897
99999E30480983,6,False,DO,DO.01,False,0.0,0.013651529,0.7045675,0.038917243,0.072050065,0.083885096,0.030779561,0.0,0.0,0.0,0.01249757,0.0,0.043651547,0.0,0.0,0.0,0.0,0.0
99999E30480989,6,False,DO,DO.01,False,0.0008520387,0.0,0.09212811,0.110451676,0.08202483,0.0041409084,0.044855107,0.096180975,0.0,0.01608176,0.043179434,0.028246978,0.02893997,0.300427,0.03919852,0.06082042,0.023650704,0.028821632
99999E30481050,6,False,DO,DO.01,False,0.0,0.00038015467,0.0,0.120801836,0.009787108,0.091302656,0.0,0.008574299,0.0059500695,0.0,0.56673497,0.017220942,0.12776475,0.0058852322,0.0,0.0040527093,0.0087756375,0.032769747
99999E30481070,6,False,DO,DO.01,False,0.0,0.0,0.0,0.031425014,0.0,0.0,0.11870213,0.124714,0.022459034,0.05124421,0.04702651,0.037311185,0.0027516684,0.2347089,0.07605004,0.08675061,0.018694367,0.14816236
99999E30481077,6,False,DO,DO.01,False,0.0,0.21974416,0.0,0.049555507,0.007577421,0.114059016,0.36314368,0.048521303,0.0,0.003851083,0.1140025,0.0134649305,0.0138157075,0.008994391,0.0,0.021332357,0.01374534,0.008192614
99999E30481129,6,False,DO,DO.01,False,0.0,0.0,0.0,0.043971498,0.029095424,0.024293335,0.2790229,0.11986992,0.004127682,0.06598945,0.07013229,0.014869339,0.037797447,0.020455286,0.11321847,0.060937725,0.05553322,0.06068598
99999E30481258,6,False,DO,DO.01,False,0.0,0.0,0.005270572,0.0077681253,0.006695122,0.81455916,0.10690158,0.0044022,0.0,0.011047476,0.0,0.0,0.0,0.0136447195,0.009389436,0.0,0.012107361,0.008214117
99999E30481270,6,False,DO,DO.01,False,0.0,0.0,0.028027942,0.0072074514,0.023139711,0.1990817,0.5344259,0.09690982,0.0,0.004583827,0.061046995,0.0,0.0029944961,0.007627858,0.00795851,0.014661305,0.004741744,0.007592717
99999E30481321,6,False,DO,DO.01,False,0.0,0.0,0.07604739,0.06493108,0.050209805,0.62570244,0.020803617,0.009440483,0.0029372408,0.012520623,0.0155708855,0.0113488445,0.021737663,0.03817374,0.0,0.017879367,0.014560194,0.018136585
99999E30481398,3,False,DO,DO.01,False,0.0,0.0,0.06551191,0.07858417,0.0,0.09510484,0.12591067,0.017670143,0.0,0.04204685,0.06226169,0.041864526,0.04943518,0.07473939,0.04161085,0.016821912,0.07786278,0.21057515
99999E30481445,3,False,DO,DO.01,False,0.0,0.0,0.04065586,0.16004024,0.053293224,0.2124598,0.06376297,0.08133533,0.00023140169,0.014346905,0.0,0.0,0.0,0.09301403,0.0,0.023012662,0.16913573,0.08871186
99999E30481468,5,False,DO,DO.01,False,0.0,0.0,0.0043926057,0.0,0.0,0.96670717,0.028900236,0.0,0.0,0.0,0.0,0.0,0.0,0.0,0.0,0.0,0.0,0.0
99999E30481479,6,False,DO,DO.01,False,0.0,0.0026914843,0.02220837,0.050802372,0.022431854,0.5411478,0.08534349,0.026216604,0.031444944,0.0071237357,0.018471941,0.020236868,0.02578413,0.02389236,0.015181277,0.0720721,0.019304272,0.015646366
99999E30481486,6,False,DO,DO.01,False,0.0,0.00037509284,0.026876219,0.0951338,0.03828743,0.5089684,0.046031583,0.02655238,0.0021550367,0.016306056,0.018726686,0.0,0.0029588067,0.080405,0.015677018,0.08904612,0.0027770854,0.0297232
99999E30481563,4,False,DO,DO.01,False,0.0,0.0,0.0,0.0,0.011912227,0.09874608,0.0,0.0,0.0,0.0,0.0,0.0,0.7774295,0.0,0.0,0.07899687,0.032915365,0.0
99999E30481567,3,False,DO,DO.01,False,0.0,0.0,0.35117278,0.08384645,0.2390601,0.002548829,0.005033221,0.027349792,0.005427001,0.06415746,0.0,0.0,0.06673493,0.041153565,0.0,0.08543588,0.028080076,0.0
99999E30481570,6,False,DO,DO.01,False,0.0,0.0,0.0,0.0026131193,0.0,0.06487034,0.70105535,0.052573998,0.0,0.0028377017,0.052115984,0.0,0.007996087,0.008086804,0.009155874,0.093550116,0.0,0.00514474
99999E30481598,3,False,DO,DO.01,False,0.0,0.0023559444,0.099882215,0.14276367,0.0,0.12847258,0.1441625,0.0,0.009440138,0.0684778,0.040214658,0.0,0.07236348,0.09977587,0.008311248,0.0307418,0.12367889,0.02935932
99999E30481671,6,False,DO,DO.01,False,0.0,0.0,0.0,0.0926343,0.21826652,0.1977308,0.0735695,0.05485055,0.004755627,0.049317166,0.032214124,0.030232739,0.04858321,0.05219712,0.0,0.023497239,0.109261625,0.012889577
99999E30481679,6,False,DO,DO.01,False,0.001371275,0.0027520075,0.068599224,0.2318377,0.010355492,0.11340445,0.16737358,0.05692683,0.0,0.011128606,0.06243321,0.0,0.0,0.16286492,0.013020021,0.017214231,0.034206223,0.04651223
99999E30481698,6,False,DO,DO.01,False,0.0,0.0,0.07288547,0.06149386,0.012303986,0.634892,0.01923801,0.016524067,0.0,0.011232311,0.004657441,0.0,0.0,0.009870994,0.036153093,0.061010156,0.014490781,0.045247845
99999E30481703,5,False,DO,DO.01,False,0.0,0.0,0.0,0.0,0.0,0.7581992,0.20427595,0.0,0.0034673684,0.02928935,0.0,0.0,0.0,0.0,0.0,0.0,0.0,0.004768126
99999E30481723,6,False,DO,DO.01,False,0.0,0.018459113,0.10038354,0.050322715,0.015365326,0.24535373,0.33450946,0.045108527,0.0025450592,0.007850064,0.0075769788,0.0,0.0,0.058360163,0.0028050332,0.08985283,0.0,0.021507492
99999E30481762,3,False,DO,DO.01,False,0.0,0.0,0.016342986,0.124031246,0.078076005,0.023522297,0.22411321,0.049187705,0.0,0.04300195,0.1485334,0.07722341,0.006143331,0.07678548,0.02081534,0.020592272,0.034398004,0.057233293
99999E30481771,3,False,DO,DO.01,False,0.0,0.0,0.09600478,0.09168616,0.055238772,0.019496981,0.1091307,0.00236731,0.08515421,0.14860502,0.027899785,0.0,0.06805903,0.010698864,0.07113653,0.097995155,0.1020012,0.014525631
99999E30481775,3,False,DO,DO.01,False,0.0,0.0,0.12751846,0.31974617,0.05165986,0.114612475,0.16254392,0.0,0.0,0.058435507,0.0,0.06123181,0.05886571,0.0,0.0,0.0,0.0,0.04538611
99999E30481783,3,False,DO,DO.01,False,0.0,0.0,0.1264627,0.23866536,0.03416603,0.098274924,0.11731627,0.0,0.0,0.06546715,0.0,0.0,0.035737213,0.0016808785,0.010436932,0.1484948,0.10064944,0.022648301
99999E30481803,6,False,DO,DO.01,False,0.0,0.009392696,0.16092809,0.044458974,0.043371033,0.3346164,0.020838449,0.023063792,0.012511365,0.08123055,0.056965552,0.0,0.021819515,0.064577974,0.0,0.03210394,0.06345015,0.030671425
99999E30481806,6,False,DO,DO.01,False,0.0,0.0,0.0,0.08697239,0.0,0.59445816,0.112204,0.003874697,0.024461098,0.043583892,0.0020387322,0.0,0.0,0.0053383084,0.0031410484,0.048380256,0.021017743,0.054529637
99999E30481810,6,False,DO,DO.01,False,0.0,0.0,0.11665452,0.09388141,0.07753589,0.23078422,0.12294587,0.074316114,0.024480557,0.03651834,0.09423855,0.005390215,0.03162241,0.037934925,0.0038981491,0.01916214,0.008555676,0.022080919
99999E30481826,6,False,DO,DO.01,False,0.00063656707,0.0,0.066181615,0.18048173,0.04816976,0.01559803,0.02574038,0.040099457,0.0024181006,0.033750873,0.012120407,0.0,0.05514636,0.14190319,0.028402,0.2534135,0.027991863,0.06794606
99999E30481838,3,False,DO,DO.01,False,0.0,0.0,0.049092285,0.08597818,0.021039871,0.049909346,0.4435806,0.041097242,0.010015182,0.0,0.0,0.049112543,0.0,0.042671718,0.0,0.12569228,0.03254512,0.049265604
99999E30481866,6,False,DO,DO.01,False,0.00685881,0.01931414,0.0056124795,0.0028575717,0.0029006584,0.6502417,0.029858217,0.04840796,0.06469325,0.07884014,0.0028889556,0.0,0.0,0.018396014,0.0,0.014802242,0.038950104,0.015377799
99999E30481889,6,False,DO,DO.01,False,0.0,0.0,0.02687082,0.07511765,0.018892976,0.5389924,0.22831653,0.017501015,0.0,0.018080877,0.02662982,0.0,0.0,0.022914032,0.0,0.026683863,0.0,0.0
99999E30481909,6,False,DO,DO.01,False,0.0,0.0145668555,0.11354547,0.09932159,0.047843434,0.20479065,0.32250896,0.029807437,0.008720955,0.019881742,0.05600105,0.0,0.0023156535,0.013439779,0.010424777,0.027441716,0.021143248,0.008246707
99999E30481918,6,False,DO,DO.01,False,0.0,0.0,0.016134406,0.04222747,0.24601027,0.04227948,0.13385549,0.06940888,0.0,0.012109336,0.08018935,0.0,0.0,0.2758765,0.014189045,0.04260831,0.013617519,0.011493929
99999E30481938,6,False,DO,DO.01,False,0.0,0.0,0.005225607,0.06733722,0.057475694,0.18348894,0.22142118,0.087319955,0.018618518,0.062502995,0.040885158,0.0,0.051203918,0.009793431,0.002521133,0.08104743,0.029684862,0.08147398
99999E30481973,6,False,DO,DO.01,False,0.0,0.0,0.0235203,0.056353174,0.023950152,0.037781693,0.37933534,0.010834681,0.0,0.19987835,0.0,0.0,0.0,0.024168497,0.061973866,0.0042769443,0.1713882,0.006538795
99999E30481983,6,False,DO,DO.01,False,0.0037861783,0.015457965,0.1309948,0.05905801,0.017292062,0.45963895,0.071230054,0.024413122,0.026942156,0.012059962,0.05251095,0.004343073,0.039877575,0.031324755,0.0031295847,0.0456884,0.0022523573,0.0
99999E30482008,6,False,DO,DO.01,False,0.0,0.0,0.0,0.0064173588,0.01684777,0.006273019,0.0,0.048040066,0.057243925,0.65925926,0.016441856,0.0,0.009182855,0.122179195,0.0,0.005947069,0.05216764,0.0
99999E30482032,3,False,DO,DO.01,False,0.0,0.0,0.0,0.10508015,0.1995677,0.016311789,0.0,0.119472116,0.0,0.017224714,0.0,0.0,0.0,0.39258385,0.081021935,0.0,0.0,0.06873775
99999E30482091,3,False,DO,DO.01,False,0.0,0.0,0.10839438,0.14378268,0.14368819,0.023972146,0.07705755,0.022613782,0.0,0.01855346,0.018724732,0.023992816,0.07061713,0.0872748,0.044247184,0.12971772,0.0496954,0.037667986
99999E30482114,3,False,DO,DO.01,False,0.0,0.07272243,0.0,0.10149175,0.0,0.8257858,0.0,0.0,0.0,0.0,0.0,0.0,0.0,0.0,0.0,0.0,0.0,0.0
99999E30482117,6,False,DO,DO.01,False,0.0,0.0,0.064370275,0.16197345,0.024007536,0.44399947,0.1432578,0.022031479,0.0,0.029808829,0.0,0.0,0.0,0.02147542,0.0,0.03425543,0.017711762,0.037108496
99999E30482126,3,False,DO,DO.01,False,0.0,0.03802234,0.0,0.014203748,0.07995305,0.7995617,0.0,0.020484615,0.0,0.03817218,0.0,0.0,0.0,0.0,0.0,0.009602357,0.0,0.0
99999E30482133,6,False,DO,DO.01,False,0.039222546,0.0020363533,0.0,0.0031245076,0.0,0.6229352,0.32615244,0.0,0.0,0.0,0.0,0.0,0.0,0.0,0.0,0.006528926,0.0,0.0
99999E30482140,6,False,DO,DO.01,False,0.0,0.0,0.00680002,0.15331274,0.15477398,0.032115545,0.30448505,0.19955184,0.0,0.01380693,0.072232544,0.0,0.0033119628,0.04498302,0.0035925864,0.0034329733,0.007600686,0.0
99999E30482196,3,False,DO,DO.01,False,0.0,0.0,0.0,0.0,0.0,0.0,0.0,0.02633975,0.0,0.023552475,0.0,0.0,0.010285045,0.04083359,0.03686636,0.0,0.68881005,0.17331278
99999E30482205,6,False,DO,DO.01,False,0.0,0.0073646586,0.10311743,0.0107015455,0.0,0.6998267,0.04492542,0.0,0.0,0.006107089,0.011746193,0.0,0.02071442,0.007830427,0.0,0.07728734,0.0,0.010378836
99999E30482220,3,False,DO,DO.01,False,0.036461648,0.013758276,0.15998992,0.0,0.054499947,0.36186188,0.0,0.0041911644,0.010514936,0.0006220102,0.0,0.0,0.037335426,0.08395658,0.044918027,0.0,0.0,0.19189018
99999E30482224,6,False,DO,DO.01,False,0.0,0.0,0.0,0.0043487097,0.0,0.2138049,0.64109176,0.006921079,0.0,0.0134792905,0.0,0.0,0.0,0.0,0.0723664,0.026572913,0.014269618,0.0071452586
99999E30482228,6,False,DO,DO.01,False,0.0,0.0,0.008639634,0.0,0.010056587,0.0077792406,0.006929349,0.09542941,0.1970706,0.15859234,0.02617583,0.016209554,0.037701875,0.114040226,0.0050685476,0.11541168,0.09212576,0.10876936
99999E30482262,3,False,DO,DO.01,False,0.00040999896,0.0014299965,0.0072599817,0.10650348,0.13439967,0.038532402,0.12397968,0.071689814,0.008166229,0.30841672,0.018302456,0.010719973,0.0200387,0.032807417,0.007388732,0.0,0.07077482,0.0391799
99999E30482292,6,False,DO,DO.01,True,0.018976681,0.116558045,0.21099108,0.19558983,0.07096538,0.0,0.054208815,0.0,0.0,0.009261043,0.0030130101,0.020691453,0.044778623,0.08036809,0.014804982,0.016365403,0.034394834,0.109032914
99999E30482318,6,False,DO,DO.01,False,0.0,0.0041994266,0.1505851,0.086029895,0.036311023,0.10424706,0.30887377,0.06713609,0.0,0.025999513,0.025848545,0.0048303627,0.015359002,0.039333984,0.022018418,0.04911921,0.013033739,0.047074836
99999E30482329,6,False,DO,DO.01,True,0.056969896,0.010316787,0.1309018,0.104624346,0.082306705,0.063903384,0.0017447505,0.11583626,0.02036048,0.011181575,0.07915099,0.014140066,0.1375622,0.04087268,0.013351135,0.08828438,0.018812962,0.009679573
99999E30482356,6,False,DO,DO.01,True,0.027035367,0.13217577,0.053170413,0.026169345,0.0,0.20054875,0.019566987,0.073774904,0.061839223,0.077822074,0.03922829,0.0,0.013989281,0.03687031,0.0,0.045093246,0.04701393,0.14570202
99999E30482393,3,False,DO,DO.01,False,0.0,0.0,0.020621594,0.07429667,0.06504245,0.20348501,0.016281206,0.08889875,0.0,0.008436827,0.014598912,0.0019104044,0.016179828,0.30033585,0.026381321,0.10195793,0.015311748,0.046261564
99999E30482430,6,False,96,96.04,False,0.0,0.0033110222,0.0014961442,0.011234165,0.0008515417,0.009471617,0.002868601,0.025006305,0.035165336,0.1931691,0.00020218168,0.008667646,0.045302965,0.19378518,0.015748762,0.12061919,0.23941162,0.09368861
99999E30482477,6,False,DO,DO.01,False,0.0,0.0,0.041574355,0.055376664,0.0167694,0.30592602,0.18248275,0.053755533,0.010817042,0.07883046,0.027124377,0.006215841,0.004660907,0.020743696,0.010227777,0.0036744715,0.13271968,0.049101118
99999E30482512,6,False,DO,DO.01,False,0.0,0.017478462,0.049808674,0.21401876,0.0788946,0.14264947,0.08243612,0.026781669,0.007755686,0.009628183,0.01745576,0.009513832,0.0085342815,0.10833409,0.03978699,0.0366869,0.04174567,0.1084909
99999E30482525,6,False,DO,DO.01,False,0.0,0.01422695,0.09611541,0.06616049,0.048273414,0.28664243,0.002314166,0.072993636,0.01229649,0.030288931,0.013069866,0.01568424,0.05196534,0.049583584,0.012867077,0.0801588,0.053514086,0.09384498
99999E30482534,3,False,DO,DO.01,False,0.003418039,0.04360675,0.112861395,0.19090977,0.085624084,0.045765847,0.124525525,0.03446051,0.0036415025,0.040859103,0.05027917,0.0,0.012315643,0.080582015,0.046653405,0.121478885,0.003018324,0.0
99999E30482539,3,False,DO,DO.01,False,0.0,0.0,0.0,0.04944834,0.0,0.21291375,0.2243731,0.05759779,0.0,0.04358074,0.0,0.0,0.06832998,0.2564443,0.0,0.08731193,0.0,0.0
99999E30482542,3,False,DO,DO.01,False,0.0017780301,0.0,0.05612379,0.04932146,0.10420089,0.0,0.04862639,0.115132004,0.05252868,0.23454116,0.07577844,0.0,0.0,0.06306149,0.036609717,0.046582825,0.08839647,0.027318662
99999E30482569,6,False,DO,DO.01,False,0.00031926355,0.0,0.13155884,0.03454728,0.043902446,0.4087612,0.2566656,0.000118795724,0.0037791892,0.030857187,0.011092551,0.0,0.0032594576,0.0097709475,0.0,0.050555002,0.003927684,0.010884658
99999E30482582,6,False,DO,DO.01,False,0.0,0.0,0.0,0.0053241216,0.0,0.8881647,0.059409406,0.007852637,0.0,0.004163528,0.0,0.0,0.0,0.0,0.0,0.0065621864,0.016353818,0.012169631
99999E30482635,3,False,DO,DO.01,False,0.0,0.0,0.061190702,0.32944947,0.029195433,0.0,0.06386418,0.06745541,0.0,0.012210208,0.10657994,0.0,0.06441617,0.078169264,0.0,0.0,0.13202453,0.055444717
99999E30482658,6,False,DO,DO.01,False,0.0,0.0,0.0,0.0,0.0,0.056753352,0.0,0.037526857,0.0,0.24375787,0.0,0.0,0.0,0.04923316,0.30143735,0.010557902,0.29184264,0.008890864
99999E30482699,6,False,DO,DO.01,True,0.021192785,0.08590463,0.26342818,0.10247447,0.046444893,0.03202337,0.04118495,0.014786862,0.03249175,0.06889919,0.10615597,0.010012475,0.0332802,0.0032630707,0.009234958,0.025690826,0.05974386,0.0437876
99999E30482748,6,False,DO,DO.01,False,0.0,0.053242944,0.12606929,0.09331365,0.053312197,0.2440399,0.046970278,0.037406377,0.01423651,0.0933428,0.014400526,0.0,0.066761434,0.03387823,0.04605544,0.04300111,0.0075155357,0.02645381
99999E30482765,6,False,DO,DO.01,False,0.0,0.0,0.005573124,0.032281097,0.11421342,0.08802982,0.016415507,0.1258652,0.106131375,0.13911164,0.09099184,0.014553316,0.02781184,0.015721723,0.008676326,0.016847104,0.11292803,0.084848635
99999E30482810,3,False,DO,DO.01,False,0.0,0.15216061,0.41649407,0.031373564,0.21125966,0.016051592,0.0,0.0,0.0,0.0,0.047613446,0.0,0.0,0.0,0.0,0.10758332,0.0,0.017463755
99999E30482820,6,False,DO,DO.01,False,0.0,0.0029312996,0.020490004,0.050428316,0.025652757,0.03883384,0.13762403,0.12903339,0.017742831,0.103894345,0.06389955,0.07396998,0.03242723,0.061236463,0.061269544,0.069552906,0.047895562,0.063117996
99999E30482855,6,False,DO,DO.01,False,0.0,0.01391001,0.40472496,0.07500998,0.11252036,0.24542986,0.035377644,0.007536049,0.0,0.033554967,0.00067945773,0.0,0.002248682,0.0266822,0.0,0.011221838,0.028669344,0.0024347238
99999E30482884,6,False,DO,DO.01,False,0.0,0.022652308,0.10238837,0.15793645,0.04417845,0.14068496,0.20404465,0.013933301,0.0,0.019430887,0.054332156,0.00817626,0.036624875,0.04550937,0.0,0.10507125,0.022039438,0.022997309
99999E30482957,6,False,74,74.90,False,0.0,0.0,0.0550279,0.03202932,0.071853206,0.08000385,0.1173314,0.17289594,0.006660674,0.048325557,0.032184627,0.041937623,0.011890723,0.1126443,0.05918719,0.08200016,0.037937433,0.038090218
99999E30482972,3,False,DO,DO.01,False,0.0,0.06367116,0.3372288,0.0,0.0,0.07005171,0.0,0.16421518,0.0,0.0,0.0,0.1055813,0.0,0.0,0.03546242,0.041842967,0.14198402,0.03996239
99999E30482983,6,False,DO,DO.01,False,0.0,0.0,0.089831024,0.03152844,0.06504854,0.19241004,0.18213387,0.06278298,0.0057687163,0.0114427535,0.03849756,0.0,0.028610267,0.06826766,0.03294526,0.12289801,0.030791285,0.03704355
99999E30483005,6,False,DO,DO.01,False,0.0,0.0,0.121432625,0.41722274,0.036068365,0.08431397,0.122780114,0.0007955714,0.0,0.045000546,0.050028708,0.0,0.023918826,0.014779909,0.019697314,0.044048082,0.018982962,0.0009303203
99999E30483033,6,False,DO,DO.01,False,0.012880808,0.07573776,0.08595074,0.067153215,0.015960464,0.22516792,0.095903695,0.09340729,0.028242048,0.046264574,0.031374,0.011143417,0.020400545,0.05776244,0.0019465755,0.04116789,0.02904392,0.06049273
99999E30483083,6,False,84,84.11,False,0.0,0.0,0.007947618,0.0,0.01351778,0.49989325,0.031427667,0.038329545,0.12172405,0.17132197,0.01036349,0.0,0.0086476235,0.0,0.010188489,0.0055146744,0.028401423,0.05272233
99999E30483152,6,False,DO,DO.01,False,0.0,0.0,0.02788125,0.0004902409,0.029140495,0.68651026,0.041088913,0.02273372,0.0018456129,0.022474179,0.022603951,0.0,0.0,0.023618076,0.031524412,0.042444285,0.016105853,0.03153883
99999E30483162,3,False,DO,DO.01,False,0.0,0.0,0.16914195,0.020348944,0.0,0.10793471,0.18374929,0.15641199,0.0018300196,0.021796191,0.0,0.0,0.028048147,0.12143019,0.053369492,0.0,0.015999911,0.1199392
99999E30483231,6,False,DO,DO.01,False,0.0,0.0,0.072465844,0.042626027,0.016703289,0.46733913,0.0539314,0.06354628,0.00572434,0.02269036,0.017844442,0.0,0.0,0.06651327,0.0,0.05306094,0.042750757,0.074803874
99999E30483274,5,False,DO,DO.01,False,0.0,0.0,0.046875123,0.11859336,0.0,0.75845104,0.034382705,0.0,0.0,0.0,0.020307567,0.0,0.0,0.0,0.0,0.010425444,0.010964826,0.0
99999E30483292,6,False,DO,DO.01,False,0.0,0.0,0.02269827,0.12180037,0.04633546,0.107096635,0.006330902,0.109051965,0.013906106,0.182165,0.051927984,0.011946217,0.06938013,0.1455834,0.0,0.09856883,0.0,0.013208752
99999E30483298,6,False,DO,DO.01,False,0.0,0.0,0.042475343,0.043909453,0.038018577,0.62593675,0.058761664,0.014480814,0.0025409453,0.009652651,0.015234641,0.0,0.0,0.0914961,0.0,0.029700747,0.0017724106,0.02601987
99999E30483305,3,False,DO,DO.01,False,0.031636134,0.0,0.14605625,0.0,0.20936167,0.0,0.0,0.047205754,0.0,0.0,0.0,0.0,0.0,0.1449962,0.0086792335,0.16951007,0.10461457,0.13794018
99999E30483319,6,False,DO,DO.01,False,0.008875205,0.0,0.08479766,0.030459799,0.009263722,0.7829096,0.016057927,0.0063219136,0.00069690385,0.0066424413,0.0011230593,0.008235364,0.00018940248,0.032724127,0.0,0.011702887,0.0,0.0
99999E30483345,3,False,DO,DO.01,False,0.0,0.0,0.0,0.0,0.0,0.022878619,0.53623533,0.11497812,0.0014050377,0.08060346,0.023639483,0.0,0.027718727,0.012252122,0.011115623,0.03009722,0.061839245,0.07723712
99999E30483350,3,False,DO,DO.01,False,0.0,0.0,0.21416596,0.11016467,0.047769997,0.023905713,0.2517872,0.02402126,0.0,0.0035493388,0.0,0.0,0.020027164,0.09555744,0.05198647,0.0860344,0.0016743809,0.069355994
99999E30483377,6,False,DO,DO.01,False,0.0,0.0,0.0,0.002552232,0.0,0.0,0.11526912,0.0,0.0026144816,0.12072499,0.020047372,0.08030897,0.20327996,0.048905063,0.06111401,0.22003011,0.07614125,0.049012493
99999E30483380,6,False,DO,DO.01,False,0.0,0.0,0.012763368,0.1586975,0.032439183,0.034910854,0.27660865,0.08425562,0.0023957558,0.017176155,0.26646113,0.0,0.004107858,0.03716793,0.017253768,0.031246183,0.01368664,0.01082946
99999E30483507,3,False,DO,DO.01,False,0.023836395,0.0,0.08916443,0.2456615,0.17975855,0.0062085357,0.0,0.0,0.1289678,0.18155631,0.073474266,0.0,0.031623684,0.006509684,0.0,0.0,0.028484432,0.0047545033
99999E30483553,6,False,DO,DO.01,False,0.0,0.0,0.012267215,0.060969062,0.0018979064,0.016366825,0.20766823,0.048296236,0.011590242,0.02621845,0.0953506,0.04623083,0.02644096,0.047230896,0.13043539,0.23545821,0.0230992,0.0104797445
99999E30483558,5,False,DO,DO.01,False,0.0,0.0,0.0,0.0,0.0,0.6167298,0.3655599,0.0031480219,0.0,0.0074133044,0.0,0.0,0.0,0.0,0.0,0.0,0.0,0.0071489485
99999E30483562,6,False,DO,DO.01,False,0.0,0.0,0.09089919,0.25010628,0.09320954,0.40360287,0.023583006,0.09742701,0.0,0.0,0.0,0.0,0.0,0.016532078,0.0,0.0,0.0,0.024640096
99999E30483690,3,False,DO,DO.01,False,0.0,0.0,0.0,0.22808617,0.0,0.14644639,0.31745476,0.0,0.0,0.021635547,0.07181,0.0,0.0,0.0,0.03969435,0.07150985,0.016257927,0.08710496
99999E30483694,6,False,DO,DO.01,False,0.0,0.0,0.0028715807,0.05989331,0.016458783,0.046237297,0.29055682,0.13072424,0.0022863743,0.072201796,0.0995617,0.020881342,0.035381656,0.090233095,0.021235576,0.042147435,0.044047263,0.025281759
99999E30483701,3,False,DO,DO.01,False,0.0,0.0,0.18006462,0.30581862,0.13922343,0.0,0.012382679,0.0,0.0020885423,0.032720495,0.06759745,0.0,0.0,0.002733783,0.0,0.033055853,0.21468262,0.009631917
99999E30483831,3,False,DO,DO.01,False,0.006288072,0.0,0.009864414,0.021379448,0.00610467,0.0,0.0,0.035409704,0.004755355,0.101709574,0.09052205,0.010624222,0.13651668,0.06632606,0.0046767537,0.14643349,0.19297832,0.16641122
99999E30483876,4,False,DO,DO.01,False,0.0,0.0,0.0,0.00389219,0.0,0.09653498,0.0,0.0036211459,0.0,0.104308516,0.0,0.0,0.0,0.0054534026,0.49161935,0.06248103,0.15042934,0.08166009
99999E30483884,3,False,DO,DO.01,False,0.0,0.0,0.13901089,0.02907197,0.03997136,0.019184254,0.08999697,0.012115056,0.020999432,0.020291679,0.017369077,0.06655371,0.0406125,0.08100851,0.06596252,0.14539734,0.10453503,0.10791975
99999E30483899,3,False,DO,DO.01,False,0.0,0.0017557136,0.027908044,0.041629925,0.0087668635,0.18912159,0.50924283,0.040615514,0.0,0.051762342,0.0,0.0,0.016203286,0.01138483,0.0038157513,0.028567415,0.032508016,0.03671783
99999E30483916,6,False,DO,DO.01,False,0.013289383,0.0018846095,0.022399971,0.055873957,0.025710352,0.13428019,0.13172421,0.03526148,0.009790398,0.022782803,0.05024828,0.039437458,0.13157925,0.20806004,0.017106455,0.027510513,0.014492773,0.058567867
99999E30484007,6,False,DO,DO.01,False,0.0055394503,0.004173559,0.07434789,0.03081062,0.027415406,0.37825888,0.037319206,0.03577553,0.0,0.014318018,0.008975862,0.011568889,0.012102237,0.13008279,0.010432814,0.104809456,0.037141424,0.0769279
99999E30484129,3,False,DO,DO.01,False,0.0,0.0,0.0,0.016071906,0.0049129752,0.0,0.14883651,0.064468525,0.0,0.11589291,0.055356666,0.0,0.123671785,0.11614998,0.05915565,0.04900598,0.24647713,0.0
99999E30484135,3,False,DO,DO.01,False,0.0,0.0,0.031936835,0.1103287,0.11793868,0.05080169,0.0907861,0.09157058,0.0050484156,0.021397064,0.06287039,0.0,0.045553148,0.10932808,0.00073378143,0.17030933,0.033775292,0.057621848
99999E30484207,3,False,DO,DO.01,False,0.0,0.0,0.0,0.0,0.0,0.19353501,0.29623628,0.03987994,0.057404958,0.2686004,0.06707426,0.0,0.0,0.017381446,0.0,0.012533927,0.018844234,0.028509472
99999E30484252,4,False,DO,DO.01,False,0.0,0.0,0.0,0.0,0.0,0.024928091,0.0,0.0,0.0,0.0,0.0,0.0,0.5155002,0.0,0.0,0.0,0.0,0.45957175
99999E30484379,6,False,DO,DO.01,False,0.0,0.0,0.01404485,0.014187656,0.0064373617,0.55444944,0.20024566,0.015649486,0.0,0.040679365,0.04957377,0.0,0.0075875623,0.0020435716,0.004651727,0.050746113,0.009985936,0.029717583
99999E30484385,3,False,DO,DO.01,False,0.0,0.0,0.09027272,0.089129016,0.0,0.58176404,0.11608463,0.0,0.0,0.04206022,0.0,0.0,0.0,0.0,0.0,0.0,0.0,0.08068938
99999E30484493,6,False,DO,DO.01,False,0.0,0.0,0.028541254,0.016924232,0.02800035,0.12626562,0.08801068,0.09895479,0.013356671,0.06387891,0.08729325,0.02269691,0.00887251,0.060013358,0.030246202,0.0634738,0.17495616,0.08851538
99999E30484513,3,False,DO,DO.01,False,0.0,0.0,0.0,0.11513258,0.106778525,0.0,0.0,0.014604842,0.021795824,0.043079287,0.03840656,0.016218778,0.03238888,0.098009475,0.105441265,0.065958746,0.20573588,0.13644934
99999E30484556,6,False,DO,DO.01,False,0.0,0.0,0.03997859,0.24457118,0.22322863,0.016502636,0.04225467,0.019463167,0.011009584,0.021385284,0.111046955,0.014625065,0.04432247,0.121965036,0.010107217,0.05420093,0.0076451255,0.01769335
99999E30484559,3,False,DO,DO.01,False,0.0,0.0,0.09184404,0.03447257,0.03160928,0.055773992,0.32261488,0.05634558,0.0022319832,0.0,0.0050003678,0.04038045,0.0141981,0.07169006,0.084772706,0.10402343,0.011500098,0.07354241
99999E30484610,3,False,DO,DO.01,False,0.0,0.0,0.0,0.0,0.0,0.0,0.0,0.0,0.0,0.0,0.092910066,0.13460319,0.0,0.22010583,0.15597884,0.08084656,0.21164022,0.10391535
99999E30484625,3,False,DO,DO.01,False,0.0114537915,0.0,0.07450648,0.19973177,0.057821024,0.060980804,0.1190324,0.0063942485,0.0,0.042759307,0.03642676,0.0,0.041629188,0.18758953,0.0,0.1233775,0.0382973,0.0
99999E30484669,6,False,DO,DO.01,False,0.0,0.0,0.0020413357,0.06969527,0.011388288,0.09072777,0.59790856,0.04107634,0.0,0.0023541872,0.08535181,0.0,0.012358867,0.027500551,0.0040366873,0.04223167,0.006436037,0.006892587
99999E30484765,3,False,DO,DO.01,False,0.0,0.001070367,0.10563491,0.13357313,0.017044373,0.05481692,0.18799883,0.07213297,0.019625207,0.0,0.064960964,0.034805946,0.081581526,0.06087509,0.0,0.08810153,0.077778205,0.0
99999E30484817,6,False,DO,DO.01,False,0.0,0.023422815,0.015941048,0.0057523125,0.01522671,0.6667043,0.06553125,0.030115044,0.0,0.0059402967,0.015565081,0.0,0.016617792,0.025265059,0.0,0.06737349,0.017745696,0.02879916
99999E30484869,3,False,DO,DO.01,False,0.0,0.042255078,0.0,0.09571945,0.0,0.53977805,0.09510894,0.066385105,0.0,0.010418649,0.06397311,0.0,0.020807272,0.0124703515,0.0,0.0,0.02737272,0.02571134
99999E30484927,6,False,DO,DO.01,False,0.0,0.0,0.061236102,0.106582314,0.1230875,0.25239688,0.023647714,0.032936905,0.0052461196,0.03169712,0.046928085,0.015476626,0.028664244,0.16862428,0.027176503,0.03642437,0.02188906,0.01798604
99999E30484945,3,False,DO,DO.01,False,0.0,0.0,0.0,0.16633067,0.0,0.07283755,0.0,0.14411964,0.0,0.080979854,0.0,0.0,0.11918003,0.31929648,0.0,0.0,0.063834965,0.033420812
99999E30484978,3,False,DO,DO.01,False,0.0,0.035675123,0.047241215,0.10458325,0.010991746,0.32909885,0.015061925,0.0033488527,0.01157966,0.072526075,0.07199695,0.0,0.076146275,0.057179235,0.021899825,0.069753826,0.07291726,0.0
99999E30485005,3,False,DO,DO.01,False,0.0,0.023510842,0.0,0.00925933,0.0,0.04166698,0.039756205,0.3731147,0.036735214,0.04792043,0.058357943,0.052134704,0.0,0.014191093,0.023057694,0.1711541,0.0074014217,0.10173933
99999E30485020,3,False,DO,DO.01,False,0.0,0.0,0.043569747,0.0,0.20493516,0.0,0.11267751,0.09209425,0.0,0.36029252,0.018217744,0.0,0.0,0.0,0.078886576,0.029977452,0.0,0.05934907
99999E30485092,6,False,DO,DO.01,False,0.09751637,0.013121845,0.14294265,0.042762406,0.011539443,0.45362967,0.12028584,0.0,0.0,0.0,0.0038850335,0.0,0.029350666,0.0020172435,0.0,0.03942036,0.015416967,0.028111482
99999E30485202,3,False,DO,DO.01,False,0.0,0.11941007,0.0,0.08948883,0.14678468,0.123451516,0.0,0.02333543,0.07403638,0.06281166,0.0,0.0,0.010808993,0.09478882,0.0,0.20467572,0.0,0.050407894
99999E30485232,6,False,DO,DO.01,False,0.006030958,0.006522547,0.008626788,0.0054044817,0.03685319,0.03274163,0.06834986,0.17838287,0.1053809,0.25604993,0.0945,0.008553849,0.019441746,0.01900811,0.009925703,0.032301996,0.07753518,0.03439025
99999E30485271,6,False,DO,DO.01,False,0.018666591,0.02190122,0.0006999972,0.08188442,0.021782266,0.6126714,0.088774584,0.0022616468,0.0,0.0,0.07898226,0.028108165,0.017214747,0.0,0.007744195,0.015875753,0.0034328836,0.0
99999E30485274,3,False,DO,DO.01,False,0.0068013514,0.0,0.0,0.029467357,0.0,0.0,0.048600998,0.0,0.0,0.18355899,0.0,0.0,0.0,0.06784308,0.0,0.0,0.66372824,0.0
99999E30485280,3,False,DO,DO.01,False,0.0,0.0,0.025979409,0.09741733,0.0,0.027062794,0.0,0.0,0.05202426,0.18512782,0.11694006,0.0,0.12265509,0.05885176,0.0,0.03848559,0.09860978,0.17684612
99999E30485328,3,False,DO,DO.01,False,0.0,0.0,0.0,0.1316975,0.0,0.44690263,0.0,0.0,0.0,0.09115045,0.16934836,0.0,0.0,0.111423984,0.04947707,0.0,0.0,0.0
99999E30485481,6,False,DO,DO.01,False,0.0,0.0,0.11126294,0.0015341045,0.047619343,0.6432183,0.065923005,0.001596214,0.010993381,0.012229359,0.01977566,0.0,0.0,0.018999292,0.0,0.03411053,0.0046147346,0.028123176
99999E30485575,6,False,DO,DO.01,False,0.010104965,0.010849856,0.13817757,0.09232663,0.07642488,0.11967837,0.042197403,0.03491142,0.025491565,0.034861017,0.067654975,0.006930241,0.03556547,0.1198958,0.019098748,0.13249332,0.011101279,0.02223655
99999E30485639,6,False,DO,DO.01,False,0.0,0.0,0.00452058,0.0,0.0,0.92464316,0.038435787,0.0077381902,0.0,0.002225906,0.0,0.0,0.0,0.0,0.0,0.016792018,0.005644391,0.0
99999E30485648,6,False,DO,DO.01,False,0.0,0.0,0.018894162,0.10390301,0.06700412,0.11728789,0.30040905,0.04011827,0.0028505279,0.04530572,0.16484715,0.008044962,0.0060184756,0.02352209,0.017023813,0.07019044,0.005919649,0.008660696
99999E30594380,6,False,DO,DO.01,False,0.0,0.0,0.07574832,0.06886925,0.05415705,0.47041848,0.014020502,0.028456302,0.0,0.0,0.02395397,0.010886128,0.008621634,0.061267614,0.027848788,0.12181267,0.009810002,0.02412935
99999E30594394,6,False,82,82.11,False,0.0016292849,0.0,0.024298532,0.05366871,0.013077329,0.6290381,0.17321418,0.003198962,0.0,0.0012385214,0.019062966,0.0,0.0,0.022462275,0.0035781346,0.030588832,0.009924729,0.0150195565
99999E30594408,3,False,DO,DO.01,False,0.009024632,0.0012633682,0.07652631,0.1724095,0.03658135,0.08495547,0.3635201,0.009821279,0.010340306,0.025935259,0.012094537,0.0,0.06968641,0.031644553,0.04011797,0.015997298,0.0,0.04008176
99999E30594413,6,False,DO,DO.01,False,0.0,0.0,0.07239779,0.046985522,0.0031441862,0.38662884,0.15718636,0.026224237,0.018854829,0.071816914,0.012772217,0.0,0.028469406,0.024912907,0.011637366,0.033645086,0.044626392,0.060697906
99999E30594419,3,False,DO,DO.01,False,0.0,0.024801254,0.15549888,0.113038294,0.021570375,0.15121369,0.032495853,0.0,0.0,0.012574926,0.11043659,0.0,0.0,0.0,0.0,0.13972707,0.13713385,0.10150916
99999E30594425,6,False,DO,DO.01,False,0.0,0.0035573724,0.10033664,0.07052104,0.007520056,0.4338922,0.3327918,0.016359892,0.0,0.0035640711,0.005453297,0.0,0.0,0.0,0.0,0.011941648,0.0,0.014062003
99999E30594427,6,False,DO,DO.01,False,0.0,0.0,0.042339396,0.053931363,0.010350826,0.77169275,0.026989605,0.0028665897,0.0062057106,0.033056248,0.000994409,0.0,0.0053832666,0.0048120427,0.0,0.019475464,0.014116121,0.007786297
99999E30594429,6,False,DO,DO.01,False,0.020629596,0.009482777,0.14969465,0.042950884,0.019630417,0.3770601,0.095388316,0.0665378,0.0,0.016111296,0.035430018,0.0,0.010424143,0.035403624,0.04016198,0.02066353,0.015247853,0.04518301
99999E30594434,6,False,DO,DO.01,False,0.0,0.0042458945,0.03773471,0.016860679,0.009215926,0.29375613,0.49949688,0.0,0.0053071124,0.0493357,0.022815436,0.0,0.015508274,0.0,0.0,0.039107513,0.0,0.00661566
99999E30594435,6,False,DO,DO.01,False,0.0,0.012507116,0.09260494,0.079744376,0.0,0.17801929,0.26545998,0.09562005,0.015215381,0.011993421,0.06641671,0.0268008,0.024633506,0.06477675,0.02635643,0.037273597,0.0025775682,0.0
99999E30594440,3,False,DO,DO.01,False,0.0,0.0,0.116699,0.06688777,0.03193971,0.49312878,0.097958945,0.008146027,0.0,0.022508387,0.07000119,0.0,0.024889857,0.004657874,0.0,0.048921686,0.0033655767,0.010895223
99999E30594447,3,False,DO,DO.01,False,0.0,0.0,0.0829382,0.18270901,0.08538802,0.0,0.0,0.0,0.0,0.16546153,0.08910225,0.0,0.0,0.0,0.09544412,0.070432276,0.22852457,0.0
99999E30594453,3,False,DO,DO.01,False,0.0,0.0,0.15523925,0.08383367,0.0,0.39806473,0.18668024,0.010828776,0.0,0.028036881,0.0,0.0,0.023024553,0.03840999,0.014795754,0.0,0.031137196,0.029948894
99999E30594461,6,False,DO,DO.01,False,0.0,0.0020973184,0.034863528,0.054124217,0.023499444,0.1007726,0.14283171,0.05628036,0.017953439,0.07777971,0.061893366,0.01639046,0.03628843,0.033044,0.037348118,0.14191745,0.07774621,0.085169755
99999E30594467,6,False,DO,DO.01,False,0.0,0.11639011,0.17217918,0.053048767,0.052274395,0.39343527,0.06539871,0.029549006,0.0036746948,0.0,0.008172338,0.0,0.00079151674,0.005343452,0.0,0.023525478,0.06427002,0.011947045
99999E30594468,6,False,DO,DO.01,False,0.0,0.0,0.053299367,0.1849102,0.124888524,0.109173656,0.23645528,0.072680056,0.0,0.01155274,0.044638496,0.0,0.017628863,0.029668089,0.030680364,0.02382538,0.014565005,0.04603406
99999E30594471,3,False,DO,DO.01,False,0.012959553,0.0,0.0843394,0.0755844,0.10901614,0.11736677,0.1366161,0.09151588,0.0,0.0099486485,0.05133152,0.0,0.04330244,0.141873,0.0,0.10949847,0.014625781,0.002021885
99999E30594475,6,False,DO,DO.01,False,0.0,0.0,0.08391536,0.06016496,0.07733291,0.11668059,0.06765501,0.073382266,0.046443265,0.06313958,0.054570165,0.025334874,0.019764097,0.053929675,0.07493181,0.07013544,0.07112237,0.041497692
99999E30594477,3,False,DO,DO.01,False,0.0,0.00185371,0.08716859,0.19381984,0.033206917,0.059495587,0.08775021,0.0,0.0,0.0015475928,0.029754598,0.044968624,0.040577542,0.04599922,0.041866634,0.22454041,0.05009779,0.05735277
99999E30594492,6,False,DO,DO.01,False,0.0019311343,0.0025192318,0.088194266,0.12705551,0.051908106,0.26143694,0.20120338,0.027459402,0.0,0.012283616,0.006967334,0.010600856,0.0045424695,0.04959271,0.048029985,0.033652168,0.04176399,0.030858897
99999E30594501,6,False,DO,DO.01,False,0.0,0.0,0.05725731,0.044037618,0.007273062,0.6741254,0.04159225,0.033105697,0.015378758,0.048132494,0.017424881,0.0,0.005405548,0.0119011365,0.008546964,0.01395514,0.021863839,0.0
99999E30594516,6,False,DO,DO.01,False,0.0,0.0,0.08697452,0.07274146,0.112113506,0.024246937,0.09533408,0.015839206,0.0,0.16553523,0.040527552,0.0062498255,0.02717475,0.17680827,0.04531985,0.017433558,0.086778685,0.026922474
99999E30594526,6,False,DO,DO.01,True,0.008381235,0.09055126,0.23071015,0.1978452,0.18530624,0.03181834,0.060870618,0.016097035,0.012115787,0.021440301,0.06151875,0.0,0.012320955,0.021122415,0.0,0.03510004,0.008119708,0.006682049
99999E30601128,3,False,01,01.1,False,0.0,0.0,0.21557598,0.15179862,0.043760687,0.12577529,0.07675507,0.093142234,0.021152267,0.03363009,0.013023884,0.0053057256,0.017452115,0.04076416,0.02491762,0.019090286,0.061563253,0.056292847
99999E30601131,3,False,01,01.1,False,0.0030725116,0.0,0.0,0.069407724,0.13436496,0.0,0.05784391,0.10984694,0.01095552,0.0025759442,0.028025027,0.11622783,0.02872643,0.07084777,0.04405795,0.07850112,0.20521894,0.040327493
99999E30601133,2,False,DO,DO.02,False,0.0,0.0,0.0,0.0,0.0,0.04672143,0.95327854,0.0,0.0,0.0,0.0,0.0,0.0,0.0,0.0,0.0,0.0,0.0
99999E30601135,5,False,DO,DO.02,False,0.0,0.0,0.0,0.0,0.0,0.7374315,0.2576909,0.0,0.0,0.0,0.0,0.0,0.0,0.0,0.0,0.0,0.0,0.0048775165
99999E30601137,3,False,01,01.4,False,0.0,0.0,0.0,0.0,0.0,0.0,0.0,0.0,0.0,0.0,0.0,0.0,0.0,0.0,0.0,1.0,0.0,0.0
99999E30601138,6,False,49,49.41,False,0.0,0.0,0.0,0.01491184,0.0,0.023055645,0.6380772,0.040994167,0.0,0.012793712,0.018869247,0.0,0.0,0.028198615,0.074549966,0.054943897,0.0,0.09360573
99999E30601142,6,False,29,29.10,False,0.0,0.0,0.0,0.00731971,0.0062387404,0.9105266,0.0067123077,0.0,0.0,0.0,0.013527564,0.0,0.015648324,0.010469964,0.0,0.029556805,0.0,0.0
99999E30601147,4,False,70,70.22,False,0.0,0.0,0.0,0.0,0.0,0.25778252,0.005474304,0.027910776,0.055870578,0.07415639,0.0,0.0,0.007451589,0.034512624,0.06680283,0.38276005,0.039104503,0.04817387
99999E30601154,3,False,01,01.4,False,0.0,0.012845747,0.0,0.0,0.0,0.97710556,0.010048688,0.0,0.0,0.0,0.0,0.0,0.0,0.0,0.0,0.0,0.0,0.0
99999E30601155,5,False,49,49.4,False,0.0,0.0,0.008431019,0.0,0.0,0.9146651,0.029574534,0.0,0.0,0.0,0.0,0.0,0.0,0.0,0.0049530743,0.012728481,0.0,0.029647822
99999E30601156,3,False,55,55.20,False,0.0,0.0,0.25496778,0.10064695,0.06030012,0.16901344,0.19557057,0.12552513,0.0,0.0074843485,0.03844403,0.0,0.0,0.0045443345,0.022453044,0.0,0.0,0.021050196
99999E30601157,3,False,DO,DO.01,False,0.017467247,0.0,0.2104194,0.08601605,0.0,0.4536407,0.14649132,0.0,0.0,0.0029958363,0.0,0.0,0.0,0.026302427,0.0,0.056667004,0.0,0.0
99999E30601158,3,False,01,01.4,False,0.0,0.0,0.0,0.0,0.0,0.0,0.0,0.0,0.0,0.0,0.0,0.0,0.0,1.0,0.0,0.0,0.0,0.0
99999E30601161,6,False,84,84.11,True,0.14715737,0.35603026,0.0,0.004031376,0.0,0.3037173,0.027575852,0.0,0.0,0.11896446,0.0,0.0,0.0,0.007792317,0.017225983,0.011501805,0.006003387,0.0
99999E30601165,5,False,56,56.10,False,0.0,0.0,0.0,0.19127612,0.0,0.16412511,0.15803403,0.25473642,0.0,0.0,0.0056723603,0.0,0.0,0.104422994,0.019046756,0.07160788,0.0036633136,0.027415033
99999E30601166,6,False,84,84.11,False,0.0,0.009762693,0.13833174,0.039649375,0.023793694,0.6629095,0.063682646,0.0,0.0,0.0,0.024505189,0.0,0.0061336816,0.0,0.0,0.015916066,0.0031170521,0.012198445
99999E30601167,6,False,94,94.91,False,0.0050205267,0.24153309,0.034437977,0.1169512,0.0359654,0.3390209,0.005697234,0.0,0.0027777238,0.0,0.0067574093,0.0,0.001930228,0.0,0.0,0.056907892,0.07937781,0.07362258
99999E30601174,5,False,55,55.10,False,0.0,0.0,0.0,0.0,0.0,0.08644329,0.875933,0.030840768,0.0,0.0,0.0,0.0,0.0,0.002913044,0.0038699086,0.0,0.0,0.0
99999E30601175,6,False,41,41.20,False,0.00016386947,0.0,0.0015183006,0.0024730915,0.0,0.3829897,0.11826359,0.0026319444,0.13516556,0.0845767,0.0076550446,0.0,0.0,0.0327856,0.061870757,0.0856937,0.06199617,0.022216016
99999E30601179,6,False,01,01.1,False,0.0,0.45282876,0.0060263383,0.006870488,0.010675888,0.31118017,0.041756406,0.007334603,0.027758991,0.069633104,0.0273613,0.0036574218,0.009273876,0.0027624045,0.0,0.011283777,0.003308075,0.008288475
99999E30601183,2,False,49,49.3,False,0.0,0.0,0.0,0.0,0.0,1.0,0.0,0.0,0.0,0.0,0.0,0.0,0.0,0.0,0.0,0.0,0.0,0.0
99999E30601187,5,False,56,56.10,False,0.0,0.003125923,0.0,0.0,0.0,0.2942031,0.68412465,0.0,0.0,0.016078796,0.0024676002,0.0,0.0,0.0,0.0,0.0,0.0,0.0
99999E30601188,3,False,16,16.23,False,0.0,0.00018563989,0.0,0.0,0.0,0.0012493428,0.0,0.006948623,0.0015623561,0.061265226,0.0,0.024561375,0.06769622,0.08540112,0.07838475,0.29327983,0.22297382,0.15649171
99999E30601191,6,False,96,96.21,False,0.0,0.0,0.0,0.0,0.0,0.0291495,0.0027098164,0.005201405,0.0003681403,0.0033739866,0.0056037023,0.276684,0.07412334,0.0032563335,0.14191428,0.32828057,0.09627816,0.03305672
99999E30601192,5,False,84,84.11,False,0.0,0.0,0.0,0.0,0.0,0.4257031,0.0033122376,0.008353632,0.0,0.0,0.0,0.0,0.0,0.007371071,0.55525994,0.0,0.0,0.0
99999E30601194,6,False,94,94.91,False,0.0,0.0048455484,0.0047543687,0.0,0.0,0.14375126,0.10145041,0.0,0.0069491933,0.06211289,0.08514879,0.0,0.27017838,0.0513602,0.0,0.027855389,0.12617312,0.11542043
99999E30601195,6,False,84,84.11,False,0.19037876,0.0,0.060683504,0.3553287,0.14185894,0.0,0.0,0.0,0.0,0.0,0.02818894,0.10491511,0.10350022,0.0075141485,0.0,0.0076316935,0.0,0.0
99999E30601202,2,False,36,36.00,False,0.0,0.0,0.0,0.0,0.0,1.0,0.0,0.0,0.0,0.0,0.0,0.0,0.0,0.0,0.0,0.0,0.0,0.0
99999E30601204,3,False,49,49.4,False,0.0048812013,0.002498298,0.14572635,0.08430746,0.0,0.29534727,0.30001497,0.0649269,0.0,0.0,0.0,0.0,0.012739588,0.0,0.0,0.027706299,0.036043573,0.025808053
99999E30601206,6,False,84,84.11,False,0.0,0.0,0.0,0.0,0.0,0.8528894,0.033598814,0.0,0.059344973,0.00419903,0.0,0.0,0.0,0.0022999384,0.027986962,0.0022079407,0.015232162,0.002240797
99999E30601208,1,False,IL,IL.01,False,0.21665086,0.78334916,0.0,0.0,0.0,0.0,0.0,0.0,0.0,0.0,0.0,0.0,0.0,0.0,0.0,0.0,0.0,0.0
99999E30601209,6,False,43,43.99,False,0.0,0.0,0.0053207446,0.0,0.0039251246,0.20815416,0.079730086,0.009744111,0.0,0.018037194,0.003563381,0.04488283,0.040083755,0.028809328,0.23780364,0.18957637,0.0795589,0.050810385
99999E30601210,5,False,56,56.30,False,0.0,0.0,0.0,0.0,0.0,0.07668275,0.85733306,0.0,0.0,0.002642822,0.0,0.0,0.0,0.0,0.06334137,0.0,0.0,0.0
99999E30601211,2,False,47,47.11,False,0.0,0.0,0.0,0.0,0.0,0.2341452,0.7658548,0.0,0.0,0.0,0.0,0.0,0.0,0.0,0.0,0.0,0.0,0.0
99999E30601212,1,False,74,74.90,False,0.20956323,0.69076896,0.0,0.0,0.0,0.07811459,0.0,0.0063265143,0.0,0.0061041764,0.0,0.0,0.0,0.0,0.0,0.005423689,0.0,0.0036988882
99999E30601214,6,False,94,94.91,False,0.0,0.0,0.0,0.0,0.0,0.9081634,0.004857856,0.0,0.0,0.0,0.0,0.0,0.0,0.0,0.0,0.027065197,0.053168565,0.006744993
99999E30601215,1,False,IL,IL.01,False,0.23985122,0.76014876,0.0,0.0,0.0,0.0,0.0,0.0,0.0,0.0,0.0,0.0,0.0,0.0,0.0,0.0,0.0,0.0
99999E30601217,1,False,IL,IL.01,False,0.23503599,0.7622182,0.0027458747,0.0,0.0,0.0,0.0,0.0,0.0,0.0,0.0,0.0,0.0,0.0,0.0,0.0,0.0,0.0
99999E30601219,6,False,01,01.41,False,0.0,0.0,0.0,0.0,0.0,0.015406767,0.0021027096,0.020510986,0.3072647,0.005290694,0.022597171,0.044451572,0.29219556,0.0,0.024216123,0.10691047,0.02083088,0.13822237
99999E30601220,3,False,01,01.1,False,0.0,0.0,0.05662494,0.0,0.0006730381,0.1832159,0.0,0.07551487,0.0,0.0,0.00031408443,0.00581804,0.07407907,0.03122897,0.014403016,0.35666534,0.028013345,0.1734494
99999E30601221,6,False,16,16.23,False,0.0,0.0,0.0,0.0045433356,0.0,0.2851713,0.08337464,0.012693497,0.0,0.0400421,0.013727033,0.05627493,0.015724499,0.016110491,0.16842824,0.10835244,0.09921936,0.09633812
99999E30601223,6,False,81,81.30,False,0.0,0.015910864,0.0,0.022573017,0.0061472068,0.02705278,0.010631201,0.027964294,0.06512572,0.072956435,0.08415754,0.15378587,0.072993636,0.0,0.20403907,0.06263471,0.107065395,0.06696227
99999E30601224,4,False,27,27.52,False,0.0,0.0,0.0,0.00709965,0.0,0.1193057,0.051932096,0.0013653901,0.0,0.0,0.0,0.0117319,0.0,0.0,0.7503767,0.047820527,0.008551212,0.0018167832
99999E30601225,6,False,81,81.30,True,0.008393762,0.031486597,0.000978998,0.0436941,0.005390953,0.014904745,0.014278326,0.031289153,0.09960864,0.04921786,0.12665625,0.059573144,0.080356576,0.017811183,0.15630591,0.075803585,0.11357669,0.07067354
99999E30601226,6,False,81,81.30,False,0.0037255273,0.010369567,0.0,0.005394829,0.0012049926,0.18279406,0.0036702526,0.009352511,0.02896404,0.13523553,0.009308292,0.0,0.0416441,0.067269534,0.32839918,0.031904668,0.1333009,0.00746211
99999E30601227,6,False,01,01.1,False,0.00651409,0.031436786,0.0125568155,0.032674868,0.0,0.68788314,0.1023728,0.006221724,0.0,0.0053580515,0.0021375522,0.001922753,0.0033040324,0.05072846,0.0037008147,0.035113733,0.0075985286,0.010475945
99999E30601229,3,False,49,49.4,False,0.0,0.0,0.0,0.0410371,0.013526112,0.6677963,0.09782014,0.017566185,0.0012431002,0.0020422358,0.027940154,0.013422521,0.019460436,0.006171104,0.013230137,0.06031995,0.0,0.018424518
99999E30601230,5,False,94,94.91,False,0.0,0.0,0.0,0.046405345,0.0033172735,0.20070903,0.70103586,0.0,0.0,0.0040969257,0.0,0.001320136,0.0,0.0020063904,0.03558519,0.0055239014,0.0,0.0
99999E30601231,6,False,56,56.10,False,0.0,0.0,0.09193781,0.23689032,0.019465344,0.10529014,0.5192487,0.009983284,0.0,0.0,0.0,0.0,0.0,0.008768514,0.0,0.0,0.0034510598,0.0049648844
99999E30601235,6,False,01,01.1,False,0.0,0.0033911583,0.06161634,0.13953917,0.07693606,0.28659582,0.018864544,0.055224206,0.011788456,0.05934151,0.076393716,0.0,0.0055258856,0.051118966,0.009397621,0.05007947,0.06990517,0.02428196
99999E30601236,3,False,01,01.4,False,0.0,0.0,0.13026561,0.0,0.09707657,0.09545188,0.25192666,0.13319437,0.0,0.0,0.0,0.0,0.02341938,0.059098925,0.0,0.19054033,0.0,0.01902624
99999E30601237,6,False,01,01.4,False,0.028770722,0.010814558,0.18442483,0.069649935,0.025319474,0.11102401,0.10354871,0.0045976248,0.023255235,0.056876313,0.029943582,0.00701902,0.102561995,0.016463222,0.049991224,0.1409048,0.012082764,0.02275204
99999E30601239,2,False,61,61.10,False,0.0,0.0,0.0,0.0,0.0,1.0,0.0,0.0,0.0,0.0,0.0,0.0,0.0,0.0,0.0,0.0,0.0,0.0
99999E30601240,2,False,43,43.21,False,0.0,0.0,0.0,0.0,0.0,1.0,0.0,0.0,0.0,0.0,0.0,0.0,0.0,0.0,0.0,0.0,0.0,0.0
99999E30601243,2,False,60,60.10,False,0.0,0.0,0.0,0.0,0.0,1.0,0.0,0.0,0.0,0.0,0.0,0.0,0.0,0.0,0.0,0.0,0.0,0.0
99999E30601244,2,False,60,60.10,False,0.0,0.0,0.0,0.0,0.0,0.99790746,0.0020925873,0.0,0.0,0.0,0.0,0.0,0.0,0.0,0.0,0.0,0.0,0.0
99999E30601245,2,False,60,60.10,False,0.0,0.0,0.0,0.0,0.0,1.0,0.0,0.0,0.0,0.0,0.0,0.0,0.0,0.0,0.0,0.0,0.0,0.0
99999E30601246,2,False,60,60.10,False,0.0,0.0,0.0,0.0019175003,0.0,0.9980825,0.0,0.0,0.0,0.0,0.0,0.0,0.0,0.0,0.0,0.0,0.0,0.0
99999E30601247,2,False,61,61.10,False,0.0,0.0,0.004063369,0.0,0.0,0.96701366,0.028922956,0.0,0.0,0.0,0.0,0.0,0.0,0.0,0.0,0.0,0.0,0.0
99999E30601248,2,False,61,61.10,False,0.0,0.0,0.0,0.0,0.0,0.9951421,0.0048579136,0.0,0.0,0.0,0.0,0.0,0.0,0.0,0.0,0.0,0.0,0.0
99999E30601249,2,False,61,61.10,False,0.0,0.0,0.0,0.0,0.0,1.0,0.0,0.0,0.0,0.0,0.0,0.0,0.0,0.0,0.0,0.0,0.0,0.0
99999E30601252,6,False,96,96.0,False,0.0,0.0060335225,0.1114546,0.033937108,0.0685968,0.06952146,0.091868654,0.043400522,0.016880743,0.06184281,0.0745277,0.0046148035,0.031774648,0.03309815,0.12237904,0.12228383,0.059877127,0.047908474
99999E30601254,6,False,94,94.91,False,0.0,0.19041798,0.029174978,0.048086982,0.0159061,0.51385957,0.0073097325,0.0027726574,0.0,0.0,0.020273881,0.0,0.11674881,0.02760995,0.0,0.0,0.0,0.027839439
99999E30601255,6,False,DO,DO.01,False,0.0,0.0069670724,0.026385082,0.0233496,0.039417673,0.08578666,0.12769088,0.06009047,0.14372079,0.09014843,0.10310346,0.019385898,0.021473173,0.062234696,0.040123526,0.102932,0.024999423,0.022191146
99999E30601256,6,False,43,43.91,False,0.0060111033,0.07669815,0.0,0.0,0.0,0.20722792,0.009352702,0.023700653,0.06606128,0.025955243,0.003367315,0.0050312565,0.08332734,0.042531215,0.13418855,0.17447802,0.06755462,0.07451472
99999E30601262,6,False,96,96.02,False,0.0,0.0,0.0,0.012185568,0.0,0.15243377,0.0025074994,0.03678923,0.0021576649,0.013687555,0.017009938,0.028755592,0.38453564,0.0025787232,0.0,0.3210521,0.018057346,0.0082494
99999E30601267,2,False,55,55.10,False,0.0,0.0,0.0,0.0,0.0,0.11206672,0.8851114,0.0,0.0,0.0,0.0,0.0,0.0,0.0,0.002821839,0.0,0.0,0.0
99999E30601269,2,False,47,47.30,False,0.0,0.0,0.0,0.0,0.0,0.22162676,0.77837324,0.0,0.0,0.0,0.0,0.0,0.0,0.0,0.0,0.0,0.0,0.0
99999E30601270,4,False,28,28.29,False,0.010791724,0.012169842,0.14840862,0.05158896,0.002242353,0.15479809,0.22479965,0.0045925197,0.0,0.0028460235,0.001504217,0.0,0.006951312,0.00665573,0.3049345,0.055223573,0.0072277463,0.005265105
99999E30601271,6,False,47,47.79,False,0.0022786225,0.0,0.0,0.00048806224,0.00038865322,0.034498516,0.046915654,0.003399069,0.0016438414,0.0075083724,0.0016354577,0.0031822855,0.012300965,0.0062418063,0.6593416,0.05950227,0.12158858,0.039086297
99999E30601273,1,False,IL,IL.01,False,0.28743526,0.71256477,0.0,0.0,0.0,0.0,0.0,0.0,0.0,0.0,0.0,0.0,0.0,0.0,0.0,0.0,0.0,0.0
99999E30601275,6,False,49,49.41,False,0.083242,0.28513166,0.0,0.010859864,0.0,0.060485825,0.0053951163,0.14134158,0.0,0.057875305,0.002856238,0.013756941,0.018043978,0.040065665,0.033128608,0.017581329,0.053184535,0.17705126
99999E30601278,6,False,84,84.11,True,0.03934407,0.12263712,0.04667837,0.14809349,0.1731292,0.036676884,0.0,0.0,0.0058476618,0.057160933,0.04380265,0.0,0.14014924,0.008160861,0.009416138,0.050064705,0.094185986,0.02465264
99999E30601281,2,False,47,47.11,True,0.0,0.0,0.0,0.0,0.0,0.22980517,0.7701948,0.0,0.0,0.0,0.0,0.0,0.0,0.0,0.0,0.0,0.0,0.0
99999E30601287,4,False,16,16.23,False,0.0,0.0,0.0012268733,0.0,0.0022230707,0.033306472,0.023211716,0.0030606173,0.0012120762,0.069225535,0.0,0.0,0.00094288937,0.0073961252,0.7253323,0.07888471,0.033768702,0.020208914
99999E30601288,6,False,86,86.90,False,0.0,0.0034400977,0.0072141304,0.020582901,0.010883351,0.8519117,0.038709633,0.0,0.0,0.014418512,0.00572808,0.0,0.007185693,0.021899952,0.0,0.012200403,0.0,0.005825579
99999E30601289,5,False,56,56.10,False,0.0,0.0,0.0,0.016184345,0.0,0.07571834,0.8542133,0.0056043277,0.0,0.0,0.0,0.0,0.0,0.0,0.047024,0.0,0.0012557181,0.0
99999E30601291,6,False,94,94.91,False,0.0,0.47252452,0.0,0.01627099,0.0,0.51120454,0.0,0.0,0.0,0.0,0.0,0.0,0.0,0.0,0.0,0.0,0.0,0.0
99999E30601292,6,False,52,52.10,False,0.0,0.0,0.019865105,0.30912328,0.058989745,0.06546793,0.085052386,0.056320008,0.012177789,0.06613487,0.058840867,0.0,0.019142848,0.06394898,0.0,0.03344516,0.10563774,0.045853306
99999E30601293,3,False,01,01.1,False,0.0,0.0,0.0,0.07315611,0.039352946,0.3083909,0.07706618,0.08930092,0.02500552,0.039825942,0.10134645,0.007757071,0.028505659,0.061552044,0.0,0.07366064,0.028127268,0.046952356
99999E30601295,3,False,01,01.4,False,0.0,0.009073962,0.0,0.0,0.0,0.46560332,0.16129145,0.13582808,0.0321985,0.014173671,0.02915626,0.0,0.011606231,0.011694157,0.0,0.08391657,0.04545774,0.0
99999E30601298,3,False,IL,IL.01,False,0.106230736,0.8937692,0.0,0.0,0.0,0.0,0.0,0.0,0.0,0.0,0.0,0.0,0.0,0.0,0.0,0.0,0.0,0.0
99999E30601299,6,False,84,84.11,False,0.0,0.0,0.0,0.07378768,0.12085693,0.11450317,0.004091707,0.0,0.0,0.0,0.34373572,0.025064208,0.0697129,0.0,0.0,0.14760768,0.017431688,0.08320831
99999E30601300,2,False,47,47.11,False,0.0,0.0,0.0,0.0,0.0,0.5392763,0.4583728,0.0,0.0,0.0,0.0,0.0,0.0,0.0,0.0023509304,0.0,0.0,0.0
99999E30601302,3,False,55,55.10,False,0.011308641,0.0,0.05860367,0.39144185,0.046336673,0.35622218,0.0,0.0,0.08074176,0.015429584,0.0,0.0,0.00258757,0.0076189567,0.0,0.014279554,0.015429586,0.0
99999E30601303,5,False,56,56.10,False,0.0,0.0,0.0,0.0,0.0,0.6073183,0.05793832,0.004332446,0.0,0.0,0.32568437,0.0,0.0047266143,0.0,0.0,0.0,0.0,0.0
99999E30601305,1,False,IL,IL.01,False,0.0870157,0.9058639,0.0,0.0,0.0,0.0071204193,0.0,0.0,0.0,0.0,0.0,0.0,0.0,0.0,0.0,0.0,0.0,0.0
99999E30601306,1,False,IL,IL.01,False,0.30997232,0.69002765,0.0,0.0,0.0,0.0,0.0,0.0,0.0,0.0,0.0,0.0,0.0,0.0,0.0,0.0,0.0,0.0
99999E30601308,6,False,74,74.90,False,0.0,0.0,0.0,0.012693765,0.011268208,0.09552191,0.0030262636,0.2241819,0.0,0.0,0.029104674,0.03235961,0.010188096,0.17471075,0.020254558,0.0018001889,0.07560793,0.30928218
99999E30601310,6,False,01,01.4,False,0.0015363091,8.357175e-05,0.0012845086,0.028958695,0.0017707443,0.0055705453,0.008601922,0.0048520453,0.0015032061,0.00819383,0.87673545,0.0,0.0059601846,0.012637786,0.0,0.01945865,0.014446516,0.008406015
99999E30601311,3,False,52,52.10,False,0.0042492696,0.012525146,0.026239898,0.024209468,0.0037914878,0.23907396,0.1554588,0.04279788,0.0045061875,0.033228073,0.03185784,0.0,0.11590587,0.028363757,0.010444889,0.11449516,0.09380936,0.05904289
99999E30601313,6,False,01,01.4,False,0.0,0.0,0.0,0.006806953,0.0,0.9903873,0.0,0.0,0.0,0.0,0.0,0.0,0.0,0.0,0.0,0.0028057336,0.0,0.0
99999E30601314,5,False,55,55.10,False,0.0,0.0,0.0,0.010808308,0.0,0.09722914,0.7206337,0.00014374572,0.0,0.034289055,0.048015628,0.015182284,0.017603144,0.00017797088,0.040048007,0.01586907,0.0,0.0
99999E30601317,5,False,64,64.19,False,0.0,0.014939256,0.0,0.0,0.01393236,0.95350766,0.0,0.0,0.005920981,0.011699683,0.0,0.0,0.0,0.0,0.0,0.0,0.0,0.0
99999E30601320,6,False,84,84.11,False,0.0,0.0,0.025066152,0.021383863,0.0052010915,0.8155334,0.03706841,0.008711944,0.0,0.002130894,0.0079318015,0.0031578206,0.013667098,0.010835642,0.0041855937,0.036783528,0.002026762,0.006316064
99999E30601325,6,False,70,70.2,False,0.0,0.0,0.006077617,0.10083943,0.0,0.7928561,0.025453964,0.0,0.0,0.053751826,0.0,0.0,0.0,0.0,0.0,0.0032151598,0.017805893,0.0
99999E30601329,4,False,16,16.23,True,0.0014878521,0.035365928,0.0,0.012937844,0.0020285877,0.025652593,0.037120003,0.0031664544,0.0009280416,0.060848504,0.003509805,0.0035421497,0.0,0.008555564,0.58671385,0.14759842,0.0573047,0.013239728
99999E30601337,5,False,DO,DO.02,False,0.0,0.0,0.028120935,0.20195705,0.0,0.5482493,0.1899005,0.0,0.0,0.0,0.0,0.0052227424,0.0050180587,0.0,0.0,0.003360779,0.004139899,0.014030755
99999E30601338,2,False,47,47.11,False,0.0,0.0,0.0,0.0,0.0,0.30847633,0.6915237,0.0,0.0,0.0,0.0,0.0,0.0,0.0,0.0,0.0,0.0,0.0
99999E30601339,4,False,94,94.99,False,0.0,0.0,0.0032741525,0.015136836,0.0,0.23667412,0.014846365,0.08479085,0.0,0.0042499336,0.0,0.0,0.012390981,0.10605945,0.19112737,0.2875454,0.009662214,0.034242373
99999E30601342,2,False,56,56.30,False,0.0,0.0,0.0,0.0,0.0,0.56051624,0.43948373,0.0,0.0,0.0,0.0,0.0,0.0,0.0,0.0,0.0,0.0,0.0
99999E30601343,5,False,84,84.11,False,0.0,0.0,0.0032618502,0.106440865,0.002978371,0.051464334,0.63694435,0.008327657,0.0016014726,0.07164289,0.082223654,0.00423746,0.0,0.0052314773,0.020668201,0.0,0.0032728948,0.0017045558
99999E30601344,6,False,84,84.11,False,0.0,0.0,0.0,0.0,0.0,0.21748878,0.15325525,0.008991227,0.0,0.0,0.0,0.007564281,0.022097759,0.0,0.16393536,0.10821741,0.18429606,0.13415389
99999E30601345,6,False,84,84.11,False,0.0,0.0071675703,0.12784764,0.079972945,0.0060343575,0.35712844,0.4138705,0.0,0.0,0.0047205393,0.0032579864,0.0,0.0,0.0,0.0,0.0,0.0,0.0
99999E30601346,3,False,84,84.11,False,0.0,0.3992733,0.0,0.0926524,0.0,0.5080743,0.0,0.0,0.0,0.0,0.0,0.0,0.0,0.0,0.0,0.0,0.0,0.0
99999E30601347,6,False,43,43.22,False,0.0,0.0,0.023401005,0.03139824,0.02924444,0.0027929745,0.0125047695,0.12733176,0.0,0.0132742,0.062678345,0.117719926,0.09301937,0.13274504,0.061118275,0.13563494,0.038317062,0.11881955
99999E30601348,2,False,64,64.19,False,0.0,0.0,0.0,0.0,0.0,0.3189873,0.68101275,0.0,0.0,0.0,0.0,0.0,0.0,0.0,0.0,0.0,0.0,0.0
99999E30601349,6,False,94,94.91,False,0.0,0.0,0.0,0.1418057,0.15164103,0.01691093,0.020881362,0.0,0.008854147,0.032056183,0.006931572,0.0,0.48929876,0.055891655,0.0,0.02969804,0.006638854,0.039391708
99999E30601350,6,False,94,94.91,True,0.029027136,0.4259952,0.08554806,0.07901391,0.026215607,0.2660651,0.021746347,0.0,0.0030704904,0.0077299085,0.010687742,0.0,0.030970294,0.0,0.0,0.013930244,0.0,0.0
99999E30601351,1,False,IL,IL.01,False,0.27813327,0.71647793,0.0023185571,0.003070234,0.0,0.0,0.0,0.0,0.0,0.0,0.0,0.0,0.0,0.0,0.0,0.0,0.0,0.0
99999E30601352,2,False,56,56.30,False,0.0,0.0,0.0014779764,0.0,0.0,0.25721356,0.74130845,0.0,0.0,0.0,0.0,0.0,0.0,0.0,0.0,0.0,0.0,0.0
99999E30601355,6,False,84,84.24,False,0.0,0.01032153,0.068753295,0.008549204,0.0,0.6595561,0.21495232,0.0065563032,0.0,0.0,0.0,0.0,0.0,0.0031597712,0.0,0.025451316,0.0,0.0027001747
99999E30601356,2,False,84,84.11,False,0.0,0.0,0.0060214247,0.0,0.0,0.3755667,0.6184119,0.0,0.0,0.0,0.0,0.0,0.0,0.0,0.0,0.0,0.0,0.0
99999E30601357,3,False,84,84.11,False,0.011895722,0.9773475,0.0,0.01075677,0.0,0.0,0.0,0.0,0.0,0.0,0.0,0.0,0.0,0.0,0.0,0.0,0.0,0.0
99999E30601359,6,False,43,43.22,False,0.0,0.0132794725,0.006895398,0.043709952,0.036835294,0.093890816,0.08838941,0.044498,0.05411397,0.04997219,0.037952553,0.026847336,0.04275471,0.09625237,0.032573625,0.08913793,0.103885904,0.13901097
99999E30601360,6,False,84,84.11,False,0.0,0.0,0.0,0.0,0.0,0.92274404,0.06081865,0.0,0.0,0.0030013064,0.0,0.0,0.0,0.005487413,0.0064518764,0.0014966249,0.0,0.0
99999E30601363,6,False,90,90.01,False,0.010774452,0.0,0.1958424,0.0,0.11344625,0.6089087,0.0,0.0,0.0,0.0,0.0,0.0,0.05810291,0.0,0.0,0.0,0.0031907393,0.009734545
99999E30601366,6,False,16,16.23,False,0.0,0.015571429,0.0,0.19915235,0.0,0.54450685,0.0,0.002626754,0.0,0.0021951278,0.0012743252,0.0,0.21771228,0.0,0.0,0.010095945,0.0024746573,0.0043902555
99999E30601367,4,False,46,46.73,False,0.0,0.0013113354,0.00018268061,0.0005600789,0.0,0.012726041,0.000242158,0.00022941285,0.0,0.0058549843,0.0,0.0,0.0,0.0,0.87049437,0.0,0.10337881,0.005020176
99999E30601368,1,False,46,46.73,False,0.27738214,0.7167502,0.0,0.0,0.0,0.005867699,0.0,0.0,0.0,0.0,0.0,0.0,0.0,0.0,0.0,0.0,0.0,0.0
99999E30601369,6,False,51,51.10,False,0.0,0.0,0.0048911767,0.0048911767,0.0058428533,0.46560463,0.17132398,0.0066396063,0.036938343,0.046875622,0.070158504,0.0121504795,0.02255253,0.0070379823,0.061124213,0.058924295,0.015151582,0.009893013
99999E30601372,3,False,01,01.1,False,0.0,0.0,0.0,0.0,0.0,0.0,0.0,0.0,0.0,0.0,0.0,0.2865854,0.0,0.16707316,0.5463414,0.0,0.0,0.0
99999E30601374,5,False,56,56.10,False,0.0,0.0,0.03411017,0.0074701984,0.0,0.13255748,0.5379824,0.014321862,0.0,0.0,0.008423594,0.0,0.009508809,0.029273778,0.04065863,0.18320282,0.0,0.0024902667
99999E30601381,6,False,47,47.73,True,0.05833056,0.40099117,0.011455712,0.01563029,0.00017930978,0.31937966,0.12045116,0.00019294547,0.0204212,0.044466093,0.0040648095,0.0,0.0010438147,0.00042952527,0.001326415,0.00032214395,0.0012892575,2.5907875e-05
99999E30601382,5,False,71,71.12,False,0.0,0.0,0.006011327,0.0072728563,0.0,0.24650542,0.7090676,0.0,0.0,0.0026328822,0.00407386,0.0,0.0,0.0,0.0097441105,0.00798775,0.0,0.006704256
99999E30601383,6,False,96,96.02,False,0.0,0.0,0.0,5.0400304e-05,0.0,0.0098708235,0.0005834218,0.0018052473,0.0003589113,0.0,0.0,0.15415773,0.005157631,0.00022756502,0.57539576,0.18606876,0.048020795,0.018302945
99999E30601384,5,False,84,84.12,False,0.0,0.0,0.0,0.0,0.0,0.29583552,0.07095803,0.0021678477,0.0,0.0,0.0,0.15415706,0.0,0.0,0.39677763,0.04523321,0.0,0.034870714
99999E30601385,5,False,91,91.04,False,0.0,0.0,0.013648227,0.045014482,0.0051123975,0.44125134,0.4800882,0.0,0.0,0.0,0.0,0.0,0.007204243,0.0,0.0,0.0076811034,0.0,0.0
99999E30601386,3,False,43,43.12,False,0.0,0.0,0.5125743,0.0,0.0,0.0,0.0,0.0,0.0,0.0,0.0,0.0,0.0,0.0,0.0,0.48742574,0.0,0.0
99999E30601391,4,False,16,16.23,False,0.0,0.0008796574,0.03516349,0.001013812,0.00080672785,0.016479395,0.012033389,0.0011722762,0.002788733,0.10001443,0.0023616597,0.008742852,0.03669351,0.023958433,0.43451625,0.17454432,0.09778483,0.05104624
99999E30601393,3,False,49,49.4,False,0.0,0.0,0.02926213,0.0,0.0,0.4614829,0.0,0.17467076,0.0,0.0,0.021612842,0.0,0.0,0.21363881,0.0,0.04889049,0.0,0.05044199
99999E30601394,3,False,01,01.1,False,0.0,0.0,0.45571068,0.0,0.2642747,0.0,0.03811575,0.016550735,0.036396123,0.0,0.07329833,0.0,0.0,0.033814106,0.0076221176,0.027612101,0.007172846,0.039432578
99999E30601402,6,False,94,94.91,False,0.0,0.0,0.0,0.0023554454,0.0,0.5739973,0.015736595,0.0098958975,0.0,0.028895818,0.0,0.0,0.0065871775,0.10718034,0.0,0.06025805,0.0611054,0.13398802
99999E30601404,6,False,82,82.99,False,0.0,0.0,0.1270099,0.10704546,0.08391972,0.25370342,0.14286162,0.0631257,0.0041736453,0.012563899,0.008034834,0.003487802,0.024407584,0.00975491,0.0033667248,0.03223463,0.055493936,0.06881633
99999E30601405,6,False,84,84.11,False,0.0,0.0,0.0,0.0,0.0,0.44644699,0.44334137,0.003527198,0.0,0.0,0.0043137283,0.004277827,0.03328425,0.0,0.0035351028,0.054678984,0.0,0.006594599
99999E30601406,5,False,55,55.10,False,0.0,0.0,0.0,0.0,0.0,0.023985201,0.93498766,0.0,0.0,0.0,0.0,0.0,0.0,0.0,0.0351912,0.005835937,0.0,0.0
99999E30601408,4,False,16,16.10,False,0.00499236,0.016044265,0.0,0.0,0.0,0.0021660517,0.0,0.00029515772,0.0,0.007147814,0.0,0.009370868,0.0,0.0013502963,0.62775165,0.10981038,0.15752845,0.0635428
99999E30601409,5,False,47,47.11,True,0.0,0.2280684,0.0,0.0,0.0,0.4914137,0.22875325,0.0,0.0,0.0057784985,0.045986127,0.0,0.0,0.0,0.0,0.0,0.0,0.0
99999E30601411,6,False,96,96.0,False,0.0,0.0,0.0569223,0.07717902,0.07345061,0.5181813,0.022875996,0.007960207,0.0,0.015525816,0.023025302,0.0150416335,0.022180652,0.0076914537,0.028890945,0.09510655,0.022867465,0.01310064
99999E30601419,6,False,43,43.12,False,0.06550163,0.08559469,0.009496471,0.010824207,0.0024531498,0.76721627,0.007081257,0.0032371457,0.0013403808,0.0006196101,0.0006322551,0.0,0.010217241,0.01194962,0.0,0.023836019,0.0,0.0
99999E30601421,2,False,47,47.11,False,0.0,0.0,0.0,0.0,0.0,0.22780676,0.77219325,0.0,0.0,0.0,0.0,0.0,0.0,0.0,0.0,0.0,0.0,0.0
99999E30601422,6,False,84,84.11,False,0.0,0.14031069,0.0,0.0,0.0,0.20231715,0.015059301,0.00043051847,0.0,0.0013888645,0.0,0.2571817,0.0012473242,0.0015746361,0.055669576,0.2365345,0.0,0.088285774
99999E30601425,6,False,91,91.04,False,0.0,0.0,0.0,0.0038613686,0.0,0.6396002,0.02533639,0.006145311,0.0,0.0018287225,0.0,0.26594126,0.017395612,0.0,0.0,0.010199309,0.010969826,0.018722055
99999E30601426,5,False,91,91.04,False,0.0,0.0,0.0,0.0,0.0,0.99364734,0.0,0.0,0.0,0.003905335,0.0,0.0,0.0,0.0,0.0,0.0,0.0024473432,0.0
99999E30601427,5,False,64,64.19,False,0.0,0.0,0.0,0.0,0.0,0.7577115,0.006093938,0.0,0.0,0.0,0.0,0.0,0.0,0.0024004525,0.008026673,0.22576743,0.0,0.0
99999E30601428,6,False,96,96.02,False,0.0,0.0,0.0007597148,0.006311585,0.016997201,0.026119448,0.0027185318,0.069683984,0.0004889955,0.009558799,0.029199408,0.46292847,0.13245825,0.007761563,0.0052159517,0.11382114,0.039522175,0.0764548
99999E30601432,4,False,43,43.32,False,0.0,0.0,0.0,0.0,0.0,0.008187888,0.0,0.0032342765,0.005528465,0.14458145,0.0,0.0,0.0062891287,0.06363221,0.36471725,0.12774232,0.15003094,0.12605608
99999E30601437,5,False,47,47.11,True,0.0,0.17002335,0.0,0.005418019,0.0,0.50015396,0.32440463,0.0,0.0,0.0,0.0,0.0,0.0,0.0,0.0,0.0,0.0,0.0
99999E30601439,1,False,IL,IL.01,False,0.2866262,0.71056503,0.0028087832,0.0,0.0,0.0,0.0,0.0,0.0,0.0,0.0,0.0,0.0,0.0,0.0,0.0,0.0,0.0
99999E30601441,6,False,94,94.99,False,0.0,0.0029385532,0.045569118,0.050308723,0.009220681,0.33700296,0.16985011,0.007445484,0.0,0.009729111,0.004868864,0.0010340951,0.02257774,0.007540276,0.24639899,0.045375228,0.02784301,0.012297113
99999E30601444,6,False,94,94.91,False,0.0,0.034067903,0.02177188,0.014875431,0.004274298,0.7751013,0.005970061,0.0,0.0,0.0010842761,0.0002817548,0.0,0.024871184,0.008509343,0.0056063095,0.03644232,0.06043771,0.0067062867
99999E30601447,6,False,84,84.11,False,0.0,0.004786027,0.0,0.0145483315,0.010112336,0.6613289,0.0062971907,0.00368583,0.0,0.0013534118,0.014586924,0.0,0.23815513,0.00205483,0.0052017323,0.032339707,0.0014651243,0.004084609
99999E30601449,3,False,84,84.11,False,0.0,0.0,0.0,0.95923275,0.0,0.0,0.0,0.0,0.0,0.0,0.0,0.0,0.0,0.0,0.0,0.040767215,0.0,0.0
99999E30601452,6,False,94,94.91,False,0.0,0.0,0.035713773,0.04450843,0.012251274,0.69698894,0.118155584,0.0038945794,0.0,0.017878696,0.0020243865,0.0,0.005282755,0.004522152,0.026578765,0.023543265,0.0060420614,0.0026152467
99999E30601454,4,False,84,84.11,False,0.0,0.0,0.0,0.0,0.0,0.31520396,0.0040173056,0.0,0.0,0.02564895,0.0,0.0,0.0,0.09023485,0.43325093,0.07941903,0.05222497,0.0
99999E30601455,6,False,01,01.1,False,0.005588216,0.01053495,0.005106307,0.015060415,0.0014457232,0.5387728,0.07838926,0.0021127346,0.0011372172,0.012013651,0.0021999672,0.006272247,0.014522124,0.0393441,0.10271124,0.08299451,0.05778425,0.02401028
99999E30601456,1,False,84,84.11,False,0.18515015,0.7854405,0.0,0.0,0.0,0.011478684,0.0,0.0,0.0,0.0,0.0,0.0,0.0,0.0043876083,0.0,0.0,0.006461633,0.0070814285
99999E30601458,2,False,36,36.00,False,0.0,0.0,0.0,0.0,0.0,1.0,0.0,0.0,0.0,0.0,0.0,0.0,0.0,0.0,0.0,0.0,0.0,0.0
99999E30601464,3,False,DO,DO.01,False,0.0,0.009706642,0.21892072,0.07974406,0.11844233,0.16486856,0.022685284,0.015391815,0.043018635,0.031175861,0.078479886,0.009432518,0.036805626,0.01596777,0.041560523,0.026766537,0.06652046,0.0205127
99999E30601468,3,False,DO,DO.01,False,0.0158667,0.0014515489,0.18301891,0.04208823,0.106364414,0.00985983,0.0068965293,0.14779375,0.0,0.03328863,0.040492862,0.014207787,0.044857543,0.18505575,0.0066958545,0.13782357,0.009635743,0.014602448
99999E30601474,2,False,84,84.11,False,0.0,0.0,0.0,0.0,0.0,1.0,0.0,0.0,0.0,0.0,0.0,0.0,0.0,0.0,0.0,0.0,0.0,0.0
99999E30601478,2,False,61,61.10,False,0.0,0.0,0.0,0.0,0.0,0.9999916,0.0,0.0,0.0,0.0,0.0,8.433087e-06,0.0,0.0,0.0,0.0,0.0,0.0
99999E30601480,2,False,61,61.10,False,0.0,0.0,0.0,0.0,0.0,1.0,0.0,0.0,0.0,0.0,0.0,0.0,0.0,0.0,0.0,0.0,0.0,0.0
99999E30601482,2,False,61,61.20,False,0.0,0.0,0.0,0.0,0.0,1.0,0.0,0.0,0.0,0.0,0.0,0.0,0.0,0.0,0.0,0.0,0.0,0.0
99999E30601494,5,False,55,55.10,False,0.0,0.0,2.9715387e-05,0.017732954,0.0,0.024376025,0.9328624,0.0,0.0,0.0,0.0049670106,0.0,0.0,0.0,0.020031903,0.0,0.0,0.0
99999E30601498,6,False,49,49.31,False,0.0,0.010085074,0.0,0.0,0.0,0.9593003,0.0,0.0024987818,0.0027579963,0.0,0.0035280488,0.0,0.004110617,0.006697449,0.0,0.0062541654,0.0,0.004767572
99999E30601502,6,False,36,36.00,False,0.0,0.0,0.018533127,0.003929268,0.011964693,0.8417502,0.010106191,0.0,0.0,0.010926951,0.013338522,0.0,0.007925754,0.03321246,0.0,0.0033997842,0.030057961,0.01485504
99999E30604264,5,False,94,94.91,False,0.0,0.0,0.0036340817,0.026626717,0.0,0.8237227,0.08883505,0.0051802536,0.0,0.0,0.0,0.0,0.0022019818,0.0,0.017045919,0.016954063,0.0030316766,0.012767564
99999E30604268,1,False,IL,IL.01,False,0.22845243,0.7674954,0.0,0.0,0.0,0.0040521948,0.0,0.0,0.0,0.0,0.0,0.0,0.0,0.0,0.0,0.0,0.0,0.0
99999E30617066,5,False,IL,IL.01,False,0.0,0.0,0.0,0.0,0.0,0.011168064,0.36789775,0.0,0.0,0.0,0.0,0.0,0.0,0.001507801,0.5496558,0.06977065,0.0,0.0
99999E30617068,3,False,61,61.10,False,0.0,0.0,0.0,0.0,0.0,1.0,0.0,0.0,0.0,0.0,0.0,0.0,0.0,0.0,0.0,0.0,0.0,0.0
99999E30617070,1,False,IL,IL.01,False,0.3525384,0.6202701,0.0010637112,0.0,0.0,0.026127812,0.0,0.0,0.0,0.0,0.0,0.0,0.0,0.0,0.0,0.0,0.0,0.0
99999E30617072,2,False,61,61.90,False,0.0,0.0,0.0012420497,0.0,0.0,0.99875796,0.0,0.0,0.0,0.0,0.0,0.0,0.0,0.0,0.0,0.0,0.0,0.0
99999E30617074,2,False,55,55.10,False,0.0,0.0,0.0,0.0,0.0,0.034731112,0.9652689,0.0,0.0,0.0,0.0,0.0,0.0,0.0,0.0,0.0,0.0,0.0
99999E30617076,2,False,61,61.10,False,0.0,0.0,0.0,0.0,0.0,1.0,0.0,0.0,0.0,0.0,0.0,0.0,0.0,0.0,0.0,0.0,0.0,0.0
99999E30617084,1,False,IL,IL.01,False,0.27840823,0.71597683,0.0,0.0,0.0,0.0056149387,0.0,0.0,0.0,0.0,0.0,0.0,0.0,0.0,0.0,0.0,0.0,0.0
99999E30617089,2,False,35,35.13,False,0.0,0.0,0.0,0.0,0.0,1.0,0.0,0.0,0.0,0.0,0.0,0.0,0.0,0.0,0.0,0.0,0.0,0.0
99999E30629011,6,False,36,36.00,False,0.0015531749,0.00037446406,0.0013106244,0.02256146,0.03221242,0.5726897,0.0032510292,0.11344134,0.0003914852,0.018612565,0.018782778,0.01735726,0.011306263,0.07535664,0.0,0.008902033,0.020361483,0.081535295
99999E30639921,1,False,84,84.11,False,0.2668869,0.7305383,0.0,0.0,0.0,0.0025748035,0.0,0.0,0.0,0.0,0.0,0.0,0.0,0.0,0.0,0.0,0.0,0.0
99999E30639923,6,False,94,94.91,False,0.0,0.0,0.0,0.0,0.0,0.58132297,0.0,0.0,0.0,0.0,0.0,0.0,0.005440288,0.0,0.1444115,0.072337076,0.09668704,0.09980114
99999E30639924,1,False,IL,IL.01,False,0.28332546,0.71667457,0.0,0.0,0.0,0.0,0.0,0.0,0.0,0.0,0.0,0.0,0.0,0.0,0.0,0.0,0.0,0.0
99999E30639925,1,False,IL,IL.01,False,0.3369888,0.66152406,0.0014871826,0.0,0.0,0.0,0.0,0.0,0.0,0.0,0.0,0.0,0.0,0.0,0.0,0.0,0.0,0.0
99999E30639926,2,False,84,84.11,False,0.0,0.0,0.0001973228,0.0,0.0,0.9979581,0.0015356861,0.0,0.0,0.0,0.0,0.0,0.0,0.0,0.0,0.0,0.0,0.00030885302
99999E30639927,6,False,84,84.11,False,0.0,0.0019052197,0.004521031,0.0040667187,0.0,0.9068557,0.04610186,0.00045431234,0.004049044,0.002006446,0.0,0.0,0.0,0.0031436326,0.014482562,0.0023201664,0.008925771,0.0011675146
99999E30639928,6,False,49,49.4,False,0.022578234,0.0,0.049517766,0.050451767,0.02802788,0.4461744,0.032769114,0.06932963,0.0,0.009379564,0.0214701,0.00767383,0.03660009,0.022226006,0.0041555036,0.07116201,0.0021292006,0.126355
99999E30639929,1,False,IL,IL.01,False,0.28662324,0.71337676,0.0,0.0,0.0,0.0,0.0,0.0,0.0,0.0,0.0,0.0,0.0,0.0,0.0,0.0,0.0,0.0
99999E30639931,2,False,47,47.11,False,0.0,0.0,0.0,0.0,0.0,0.15031092,0.8496891,0.0,0.0,0.0,0.0,0.0,0.0,0.0,0.0,0.0,0.0,0.0
99999E30639932,6,False,84,84.11,True,0.013933916,0.7698988,0.0032674097,0.0,0.0,0.21023864,0.0026612876,0.0,0.0,0.0,0.0,0.0,0.0,0.0,0.0,0.0,0.0,0.0
99999E30639934,6,False,94,94.91,False,0.0,0.47169223,0.0,0.009352224,0.001139062,0.3181756,0.004825765,0.0032427092,0.00030923478,0.035814494,0.0018837787,0.0,0.004317939,0.0034200228,0.0038611796,0.01630717,0.10386459,0.021793958
99999E30639935,6,False,84,84.11,False,0.0,0.0,0.012293959,0.055641763,0.054277077,0.51299584,0.0233252,0.0,0.0,0.0074308384,0.0043321685,0.0,0.006733886,0.0,0.005463706,0.031614635,0.26926097,0.016629858
99999E30639936,1,False,IL,IL.01,False,0.63395214,0.3654501,0.0005977999,0.0,0.0,0.0,0.0,0.0,0.0,0.0,0.0,0.0,0.0,0.0,0.0,0.0,0.0,0.0
99999E30639937,2,False,84,84.11,False,0.0,0.0,0.0,0.0,0.0,0.9960747,0.003925346,0.0,0.0,0.0,0.0,0.0,0.0,0.0,0.0,0.0,0.0,0.0
99999E30639938,2,False,61,61.90,False,0.0,0.0,0.0013591122,0.0,0.0,0.9973168,0.0013241397,0.0,0.0,0.0,0.0,0.0,0.0,0.0,0.0,0.0,0.0,0.0
99999E30639939,2,False,61,61.10,False,0.0,0.0,0.0,0.0,0.0,0.9602757,0.03972429,0.0,0.0,0.0,0.0,0.0,0.0,0.0,0.0,0.0,0.0,0.0
99999E30639940,1,False,IL,IL.01,False,0.32130283,0.6778424,0.00084751647,0.0,0.0,7.2792827e-06,0.0,0.0,0.0,0.0,0.0,0.0,0.0,0.0,0.0,0.0,0.0,0.0
99999E30639941,6,False,DO,DO.02,False,0.0,0.0029879687,0.0,0.0007651693,0.023398252,0.4978759,0.01839176,0.0,0.031219596,0.03852506,0.013364494,0.0,0.038338095,0.07632996,0.035145853,0.17581235,0.030326322,0.01751926
99999E30639943,6,False,01,01.4,False,0.0,0.0,0.0134085715,0.032037,0.007009376,0.22090729,0.17937319,0.0318225,0.010634561,0.11485737,0.012723187,0.006734197,0.018666886,0.015431396,0.058461886,0.03312917,0.1597842,0.08501923
99999E30639944,5,False,43,43.22,False,0.0,0.0,0.012712997,0.025663614,0.00225776,0.13410999,0.6318796,0.03840598,0.0,0.06860899,0.048169967,0.0,0.0,0.023224324,0.0076947636,0.005143486,0.0,0.0021285284
99999E30639945,5,False,56,56.10,False,0.0,0.0,0.030483313,0.008899748,0.0,0.046299156,0.82446355,0.0786863,0.0,0.0,0.0,0.0,0.0,0.008277661,0.0028902742,0.0,0.0,0.0
99999E30639947,6,False,96,96.0,False,0.0,0.0,0.0,0.0,0.0,0.0,0.0,0.0,0.0,0.0,0.0,0.0,0.2326012,0.1776484,0.0,0.2923172,0.0,0.29743317
99999E30639948,6,False,43,43.12,False,0.010616869,0.0106255645,0.046855666,0.013037038,0.0090894075,0.44396946,0.025155284,0.02190327,0.017729562,0.04163853,0.006576488,0.0,0.017358566,0.13682805,0.011868982,0.10452528,0.04572818,0.036493856
99999E30639950,6,False,94,94.91,False,0.0,0.0,0.016407171,0.0012894362,0.020938275,0.5414608,0.019844666,0.0,0.0,0.109231524,0.011189174,0.0,0.016657226,0.01349389,0.0,0.087886535,0.12651539,0.03508592
99999E30639951,5,False,84,84.11,False,0.0,0.0,0.0035533437,0.0041958345,0.0,0.6759931,0.30777898,0.0,0.0,0.0,0.0027805634,0.0,0.0,0.0,0.0030962103,0.0026019244,0.0,0.0
99999E30639953,3,False,52,52.10,False,0.0,0.0,0.0,0.0,0.0,0.0,0.0,0.0,0.0,0.0,0.0,0.0,0.0,0.0,0.0,1.0,0.0,0.0
99999E30639954,6,False,84,84.11,False,0.0,0.0,0.0,0.0,0.0023065303,0.9184801,0.05724566,0.0014225027,0.0,0.008008751,0.0018559692,0.0,0.0041771517,0.0014237236,0.0,0.0036582132,0.0,0.0014212816
99999E30639955,1,False,IL,IL.01,False,0.2598642,0.7401358,0.0,0.0,0.0,0.0,0.0,0.0,0.0,0.0,0.0,0.0,0.0,0.0,0.0,0.0,0.0,0.0
99999E30639960,3,False,01,01.4,False,0.0,4.8291953e-05,0.0,0.0,0.0,0.0003937652,0.0,0.005289826,0.0,0.002578047,0.0065454165,0.20749564,0.3508856,0.0020914131,0.0824195,0.25456545,0.032418758,0.055268276
99999E30656667,6,False,DO,DO.01,False,0.0,0.0032889564,0.06224927,0.10123875,0.08295676,0.11087232,0.22975022,0.029349562,0.021427665,0.112656265,0.035477366,0.0,0.007495879,0.09651832,0.025611766,0.058934957,0.009675415,0.012496513
99999E30656670,2,False,61,61.10,False,0.0,0.0,0.0,0.0,0.0,1.0,0.0,0.0,0.0,0.0,0.0,0.0,0.0,0.0,0.0,0.0,0.0,0.0
99999E30663115,3,False,52,52.10,False,0.0,0.0,0.0,0.13819964,0.0,0.24490936,0.0,0.05307667,0.0,0.0,0.0,0.42555916,0.035940807,0.0,0.0,0.102314465,0.0,0.0
99999E30663121,6,False,DO,DO.01,False,0.0,0.0,0.114761725,0.072974786,0.070571415,0.102858044,0.32741466,0.07693773,0.0053927302,0.026119838,0.04803091,0.00276411,0.031428527,0.03928466,0.004612948,0.044984955,0.010462456,0.021400554
99999E30663144,5,False,87,87.30,True,0.0,0.0,0.0,0.0,0.0,0.0,0.9427399,0.0,0.0,0.037362553,0.0,0.0,0.0,0.0,0.019897548,0.0,0.0,0.0
99999E30663276,3,False,DO,DO.01,False,0.0,0.022683714,0.029361136,0.008807257,0.011892386,0.7749687,0.03428457,0.0,0.0,0.040654805,0.012535674,0.0,0.0,0.016926652,0.028427524,0.012156207,0.002911659,0.004389774
99999E30663278,6,False,53,53.10,False,0.0,0.0,0.0,0.017384063,0.0,0.68456876,0.16309167,0.0,0.0,0.007470654,0.0,0.0,0.0,0.007125046,0.10932342,0.006222872,0.0048136227,0.0
99999E30663298,2,False,61,61.10,False,0.0,0.0,0.0,0.0,0.0,0.9961337,0.003866329,0.0,0.0,0.0,0.0,0.0,0.0,0.0,0.0,0.0,0.0,0.0
99999E30663371,6,False,DO,DO.01,False,0.0,0.0039075105,0.013321667,0.020672135,0.009276677,0.40046102,0.36424917,0.04651739,0.0,0.034360584,0.03432584,0.0,0.006420368,0.0,0.0,0.022773048,0.012263021,0.031451665
99999E30663378,2,False,61,61.10,False,0.0,0.0,0.0,0.0,0.0,0.9903304,0.006580562,0.0,0.0,0.0,0.0,0.0,0.0,0.0,0.0,0.003088986,0.0,0.0
99999E30663387,6,False,DO,DO.01,False,0.0,0.0031546757,0.077249445,0.08053762,0.011784693,0.06091242,0.3675329,0.03491921,0.004199717,0.033249166,0.07557671,0.0073240534,0.058421172,0.027602572,0.008907123,0.09916834,0.012058427,0.037401687
99999E30664710,3,False,DO,DO.01,False,0.0032370945,0.0,0.031230953,0.39242607,0.09004121,0.01380185,0.12852058,0.0,0.0047367658,0.0072423127,0.034468044,0.038906097,0.034882586,0.05037309,0.08109196,0.035077665,0.019111661,0.034852106
99999E30685539,4,False,52,52.10,False,0.0,0.007846658,0.0,0.0,0.0,0.1763384,0.0132086435,0.006923966,0.0,0.016345192,0.0019083066,0.0,0.004612454,0.001997908,0.57324505,0.10256129,0.06167842,0.033333704
99999E30691544,6,False,DO,DO.01,False,0.0,0.0,0.021642804,0.056576535,0.021697076,0.73677367,0.06527577,0.0,0.0,0.0,0.0,0.0,0.0,0.0,0.028529247,0.038808983,0.023813814,0.006882103
99999E30694263,6,False,DO,DO.01,True,0.021659086,0.19525574,0.0,0.07491491,0.014747747,0.14055832,0.041983265,0.053534254,0.0,0.033086475,0.16428483,0.016912743,0.02029295,0.0058613676,0.0,0.107216835,0.041030873,0.06866062
99999E30702102,6,False,DO,DO.01,False,0.0,0.0,0.045858875,0.14257278,0.028944876,0.12836246,0.43631542,0.023239715,0.0,0.019317307,0.05217155,0.0096573485,0.0050604846,0.016431034,0.047344938,0.031018019,0.009220898,0.0044842735
99999E30708004,6,False,DO,DO.01,False,0.0,0.0,0.08036008,0.04833783,0.01557135,0.5238408,0.045463234,0.019259524,0.0,0.0,0.010190049,0.0,0.0,0.1046643,0.01685261,0.13546026,0.0,0.0
99999E30708610,3,False,94,94.91,False,0.0010644171,0.007905364,0.08606045,0.041381005,0.008743682,0.25277612,0.56300825,0.005512223,0.0,0.02702981,0.0,0.0,0.0,0.004487362,0.0,0.0,0.0014105323,0.0006207601
99999E30711352,3,False,DO,DO.01,False,0.0,0.00085307873,0.0064377678,0.080688685,0.01382781,0.0137021635,0.15545209,0.015018151,0.012491982,0.007631417,0.103374615,0.07658199,0.027923448,0.029034434,0.22216417,0.12050893,0.036017776,0.07829146
99999E30711382,2,False,62,62.02,False,0.0,0.0,0.0,0.0,0.0,1.0,0.0,0.0,0.0,0.0,0.0,0.0,0.0,0.0,0.0,0.0,0.0,0.0
99999E30713153,2,False,64,64.19,False,0.0,0.0,0.0,0.0,0.0,1.0,0.0,0.0,0.0,0.0,0.0,0.0,0.0,0.0,0.0,0.0,0.0,0.0
99999E30715817,5,False,36,36.00,False,0.0,0.0061233393,0.0036559494,0.0,0.0,0.9860382,0.0,0.0,0.0,0.0,0.0,0.0,0.0,0.0041825264,0.0,0.0,0.0,0.0
99999E30715855,6,False,01,01.41,True,0.0,0.01345036,0.0,0.044246707,0.0,0.0,0.0,0.0,0.021020237,0.0,0.8841768,0.0,0.03710592,0.0,0.0,0.0,0.0,0.0
99999E30720688,6,False,DO,DO.01,False,0.0,0.0,0.007561258,0.027003802,0.022951664,0.6723704,0.08461224,0.036865056,0.0,0.0067986157,0.0048292615,0.0,0.015054939,0.043398194,0.0,0.050146125,0.012682543,0.015725872
99999E30730075,5,False,55,55.20,False,0.0,0.0,0.0,0.0045281146,0.0,0.15897071,0.6038346,0.0030771724,0.0,0.006009386,0.014862148,0.052785814,0.0,0.0,0.04245616,0.10683359,0.006642318,0.0
99999E30730494,6,False,96,96.0,False,0.008032465,0.122754104,0.024451112,0.0,0.0,0.7436881,0.029166423,0.001562487,0.021025337,0.002164086,0.0,0.013728161,0.0037098622,0.008182865,0.008026894,0.007241473,0.0,0.006266659
99999E30734218,6,False,DO,DO.01,False,0.0,0.0,0.02795544,0.16595836,0.019053288,0.46164897,0.23281671,0.013302933,0.0,0.026024684,0.016242376,0.0,0.0,0.01377235,0.010545111,0.011685124,0.0009947163,0.0
99999E30734315,3,False,94,94.99,False,0.0,0.0,0.0,0.14485823,0.0,0.1732565,0.0,0.035551067,0.0,0.0,0.00086571486,0.0,0.14974028,0.32285485,0.0,0.0012630922,0.0,0.17161022
99999E30737010,6,False,84,84.11,False,0.0,0.036058024,0.0025812867,0.0,0.0,0.9613607,0.0,0.0,0.0,0.0,0.0,0.0,0.0,0.0,0.0,0.0,0.0,0.0
99999E30737012,6,False,84,84.11,False,0.0,0.11143251,0.011538723,0.0,0.0,0.87702876,0.0,0.0,0.0,0.0,0.0,0.0,0.0,0.0,0.0,0.0,0.0,0.0
99999E30740297,6,False,96,96.0,False,0.0,0.0,0.02485935,0.06925013,0.054573946,0.56766,0.019400414,0.125946,0.0,0.0,0.0,0.0,0.0,0.09905721,0.011259537,0.023520948,0.0,0.004472474
99999E30742899,6,False,84,84.11,False,0.0,0.0,0.024792511,0.053426765,0.0050870026,0.7690712,0.08467739,0.0016691725,0.00029144282,0.0,0.0003643036,0.0,0.0,0.0027554596,0.00028481917,0.053810947,0.0,0.0037688857
99999E30748590,6,False,DO,DO.01,False,0.0,0.008975869,0.049661025,0.15030982,0.08265133,0.1470494,0.16281651,0.03474988,0.0,0.012466809,0.017997455,0.0057679773,0.022997988,0.10209808,0.030250274,0.11752571,0.032752,0.021929989
99999E30748871,6,False,96,96.09,False,0.0097319335,0.0,0.07133442,0.09218404,0.11929488,0.01981453,0.0017068379,0.07733159,0.05413084,0.13721879,0.049232136,0.01229219,0.09025117,0.08995332,0.010608588,0.03727371,0.03465008,0.09299098
99999E30753062,2,False,62,62.02,False,0.0,0.0,0.0,0.0,0.0,1.0,0.0,0.0,0.0,0.0,0.0,0.0,0.0,0.0,0.0,0.0,0.0,0.0
99999E30757290,6,False,DO,DO.01,False,0.0,0.0,0.057471294,0.055876296,0.021143505,0.5806526,0.021348998,0.074664004,0.0017417768,0.0039263368,0.0927912,0.0,0.008510733,0.011037777,0.0,0.048388124,0.007972543,0.01447485
99999E30757415,6,False,DO,DO.01,False,0.0,0.0,0.014065248,0.13913928,0.025041647,0.62717026,0.028799165,0.018250808,0.0,0.013630263,0.0,0.0,0.0,0.052343823,0.009618232,0.015571495,0.030411845,0.025957892
99999E30758135,2,False,74,74.90,False,0.0,0.0,0.0,0.0,0.0,1.0,0.0,0.0,0.0,0.0,0.0,0.0,0.0,0.0,0.0,0.0,0.0,0.0
99999E30760437,6,False,DO,DO.01,False,0.0,0.0,0.015747646,0.038292415,0.012045179,0.5812094,0.03343162,0.025328562,0.014601478,0.0669466,0.026341014,0.0,0.040114123,0.03734075,0.021603521,0.047446124,0.026420895,0.013130564
99999E30780137,6,False,84,84.11,False,0.0,0.0025274525,0.0010522052,0.0,0.0,0.92863643,0.045465175,0.0,0.000539446,0.0035361494,0.0,0.0,0.0007340412,0.0,0.010148542,0.0029808157,0.0037685419,0.00061119907
99999E30795274,2,False,62,62.02,False,0.0,0.0,0.0,0.0,0.0,1.0,0.0,0.0,0.0,0.0,0.0,0.0,0.0,0.0,0.0,0.0,0.0,0.0
99999E30798243,6,False,DO,DO.01,False,0.004979784,0.0,0.053723324,0.11870618,0.11666923,0.33692616,0.051834792,0.04904038,0.009145811,0.02295921,0.005936844,0.0,0.006034086,0.025477251,0.008884795,0.07459952,0.06716311,0.047919545
99999E30799316,3,False,DO,DO.01,False,0.0,0.0,0.26867333,0.15224431,0.07065363,0.026631886,0.032391056,0.06515335,0.0,0.059907094,0.054646175,0.0,0.07351612,0.08800441,0.0048701377,0.07661797,0.014410138,0.012280366
99999E30800039,6,False,36,36.00,True,0.0,0.12534937,0.05902324,0.050991017,0.0,0.6033641,0.0985535,0.012180852,0.0016875322,0.010000561,0.005991951,0.0,0.0020148836,0.017751977,0.0008435738,0.009521652,0.0013828763,0.0013428711
99999E30800382,6,False,84,84.11,False,0.0,0.0,0.0,0.007776064,0.0066208616,0.74203074,0.01568719,0.018805087,0.0022012065,0.0,0.0066725872,0.0,0.0054455437,0.009454268,0.0,0.17919143,0.0061151017,0.0
99999E30800864,6,False,56,56.30,False,0.0,0.0,0.0027820861,0.0,0.0006148779,0.42280614,0.5694466,0.0014763378,0.00014851666,0.00094360113,0.00030570469,0.0,0.0,0.00024926206,0.0,0.0003173716,0.00090938865,0.0
99999E30804807,6,False,70,70.2,False,0.0,0.0,0.0,0.0,0.0,0.10890456,0.75271904,0.0046748808,0.0,0.0,0.0,0.004297733,0.01977308,0.0,0.005844916,0.060392797,0.009219953,0.034173116
99999E30827443,5,False,DO,DO.02,False,0.0,0.0,0.0,0.0,0.0,0.99439055,0.0,0.0,0.0,0.0,0.0,0.0,0.0,0.0,0.0,0.0056094793,0.0,0.0
99999E30827614,6,False,DO,DO.01,False,0.0,0.0,0.0042917468,0.03311105,0.024000432,0.6306894,0.036572814,0.028901726,0.0,0.017301165,0.06390275,0.0,0.009110617,0.049576484,0.0036342798,0.074767254,0.015066159,0.009074199
99999E30827769,6,False,DO,DO.01,False,0.0,0.0,0.027854381,0.13499048,0.002460558,0.34372824,0.10090924,0.040126022,0.0060735294,0.011617571,0.038959235,0.026170084,0.034665838,0.030221501,0.06852187,0.09359705,0.031117553,0.008986907
99999E30832020,4,False,70,70.22,False,0.0,0.0,0.0,0.0,0.0,0.058083057,0.0,0.0026904398,0.0,0.13865785,0.0012690981,0.005408561,0.0,0.0,0.6418941,0.15199693,0.0,0.0
99999E30832026,4,False,84,84.11,False,0.0,0.0,0.0,0.0,0.0,0.05440659,0.0,0.0,0.0,0.039495893,0.0,0.028778464,0.0,0.0,0.7888359,0.010231416,0.07825177,0.0
99999E30832030,4,False,10,10.85,False,0.0,0.0,0.0,0.0006636113,0.0,0.14514229,0.001467773,0.0028786138,0.0,0.01463859,0.0,0.0,0.0,0.0,0.55964494,0.0,0.12684049,0.14872365
99999E30832031,4,False,84,84.11,False,0.0,0.0,0.0,0.0,0.0,0.080296025,0.0057668365,0.0,0.0,0.0020599405,0.0,0.0,0.0,0.0027666432,0.6935406,0.005247401,0.20885752,0.0014650286
99999E30832032,4,False,84,84.11,False,0.0,0.0,0.0,0.0,0.0,0.10597098,0.01055766,0.0,0.0013499609,0.012990001,0.0,0.0,0.0,0.0,0.6803712,0.01115068,0.17198649,0.00562307
99999E30832648,6,False,01,01.4,False,0.0,0.0,0.015440993,0.012284501,0.02636428,0.12667838,0.21725087,0.006886138,0.00505346,0.014201686,0.42176193,0.0020667915,0.1012182,0.0075967684,0.0038309337,0.016891366,0.016286673,0.0061870315
99999E30834731,3,False,DO,DO.01,False,0.0051630693,0.0,0.054340634,0.08605566,0.014036249,0.00047981407,0.053570226,0.00848122,0.0,0.13416548,0.025180101,0.0,0.02124022,0.20506306,0.0,0.05280658,0.33941776,0.0
99999E30893170,2,False,61,61.20,False,0.0,0.0,0.0,0.0,0.0,1.0,0.0,0.0,0.0,0.0,0.0,0.0,0.0,0.0,0.0,0.0,0.0,0.0
99999E30906519,4,False,16,16.11,False,0.0020484347,0.0,0.0,0.009577008,0.0,0.1518765,0.032597736,0.007296111,0.018965285,0.057170894,0.002154309,0.051383488,0.026206156,0.02464336,0.42682594,0.0715203,0.095687225,0.022047143
99999E30909838,3,False,47,47.78,False,0.013870995,0.0,0.0115134735,0.16985114,0.012637408,0.016530057,0.0,0.017653992,0.014501494,0.019381013,0.21949615,0.01691384,0.25650373,0.028317662,0.05287974,0.0750843,0.021711122,0.053153865
99999E30910464,3,False,DO,DO.01,False,0.10604819,0.06325285,0.08278804,0.008934332,0.0,0.00076003175,0.0,0.0,0.06581005,0.32017922,0.0,0.0,0.033275142,0.037182182,0.085202724,0.115833595,0.046009637,0.034723956
99999E30913189,5,False,96,96.0,False,0.0,0.0,0.024669215,0.0144137265,0.0,0.14575686,0.084862776,0.077342086,0.0,0.0031887288,0.004365589,0.010115388,0.0066632656,0.2689236,0.2609938,0.08950857,0.0,0.009196316
99999E30914250,6,False,DO,DO.01,False,0.0,0.022867488,0.05122283,0.03239028,0.008491691,0.58191943,0.19189602,0.0041670213,0.0018342565,0.026154663,0.014262889,0.0,0.0,0.0041670213,0.017929269,0.0101810815,0.024927564,0.0075884103
99999E30919076,6,False,DO,DO.01,False,0.026558153,0.0,0.08085043,0.0035070085,0.013352191,0.68341446,0.037080407,0.014057525,0.0,0.003863362,0.0,0.0,0.0,0.03410793,0.031293966,0.058171615,0.0084025655,0.005340385
99999E30924862,6,False,DO,DO.01,False,0.0,0.0,0.013350717,0.20303434,0.041379265,0.25509372,0.19091712,0.021371914,0.0020105657,0.0024599587,0.16199447,0.0,0.016856918,0.04322365,0.0,0.0437456,0.0,0.004561807
99999E30925507,6,False,DO,DO.01,True,0.034870043,0.0,0.17752342,0.05113354,0.040136285,0.25789857,0.025683763,0.03102373,0.0,0.040254883,0.04131262,0.0,0.028693505,0.04173892,0.030844232,0.06599634,0.06760217,0.06528798
99999E30925891,6,False,IL,IL.01,False,0.0,0.0,0.02543281,0.08592182,0.051474635,0.63448143,0.04294847,0.006704813,0.0,0.0,0.04490342,0.0,0.021409921,0.008430229,0.023496337,0.049304362,0.0054917648,0.0
99999E30927186,6,False,DO,DO.01,False,0.0,0.027280413,0.092982195,0.014547895,0.025440166,0.77177215,0.0,0.0,0.005844026,0.0,0.014423556,0.0,0.0,0.0,0.0,0.042748433,0.004961205,0.0
99999E30928389,6,False,01,01.45,True,0.030741537,0.38756973,0.038069803,0.22210632,0.041681513,0.10368362,0.024298167,0.0018181237,0.018749356,0.03006783,0.043565817,0.0,0.039903544,0.013250368,0.0,0.0044943723,0.0,0.0
99999E30938371,6,False,DO,DO.01,False,0.0,0.0,0.03273923,0.023764335,0.0,0.7919135,0.017082987,0.004179005,0.0,0.01333422,0.02328664,0.0,0.022511581,0.03726622,0.0,0.024906363,0.005121732,0.0038942886
99999E30938373,6,False,DO,DO.01,False,0.0,0.0,0.040805764,0.08369485,0.08675093,0.2653636,0.033283915,0.115389615,0.017683625,0.017017791,0.08774708,0.0,0.022669578,0.13914376,0.017798064,0.05131346,0.0,0.02133791
99999E30938382,6,False,DO,DO.01,False,0.0,0.0,0.09215041,0.070861146,0.050580166,0.42467198,0.07069387,0.035040643,0.0088045765,0.052542508,0.062158093,0.007422516,0.0043134578,0.005454407,0.01959341,0.06373511,0.023131624,0.008846107
99999E30938383,6,False,DO,DO.01,False,0.0,0.0,0.01773732,0.19225514,0.0092269415,0.32879105,0.05210652,0.020727307,0.0034318895,0.025338057,0.048041012,0.009209265,0.042458072,0.10177374,0.009663407,0.059344217,0.050623085,0.029273037
99999E30939797,5,False,52,52.10,False,0.0,0.0,0.0,0.0,0.0,0.9809965,0.0071867877,0.0,0.0,0.0,0.0050445716,0.0,0.006772165,0.0,0.0,0.0,0.0,0.0
99999E31001182,6,False,DO,DO.01,False,0.0,0.0,0.0,0.02057203,0.021709248,0.0390439,0.26342556,0.087546535,0.004659584,0.19821438,0.020413749,0.013014632,0.023754053,0.14714687,0.053123623,0.02681678,0.057139553,0.023419555
99999E31001646,6,False,49,49.3,False,0.0,0.001374433,0.013795736,0.0070942766,0.0059464523,0.060861234,0.08415206,0.041144747,0.016083887,0.038039904,0.02440374,0.06468318,0.061752465,0.0165461,0.3558381,0.106140204,0.03852932,0.063614175
99999E31003248,5,False,55,55.10,False,0.0,0.00086016563,0.0015393918,0.0117018595,0.0009604994,0.10282135,0.88036484,0.0017518968,0.0,0.0,0.0,0.0,0.0,0.0,0.0,0.0,0.0,0.0
99999E31005224,1,False,01,01.45,True,0.19789402,0.7987411,0.0012473529,0.0021175994,0.0,0.0,0.0,0.0,0.0,0.0,0.0,0.0,0.0,0.0,0.0,0.0,0.0,0.0
99999E31005308,2,False,56,56.10,False,0.0,0.0,0.0,0.0,0.0,0.3453383,0.65466166,0.0,0.0,0.0,0.0,0.0,0.0,0.0,0.0,0.0,0.0,0.0
99999E31006031,3,False,DO,DO.01,False,0.0,0.07665429,0.055567924,0.20599958,0.0,0.16216563,0.08126553,0.039146148,0.001667003,0.09806432,0.0,0.009565836,0.031734537,0.060755704,0.007010229,0.0037423465,0.14017558,0.026485277
99999E31007089,6,False,55,55.20,False,0.0011206977,0.0,0.065579005,0.009966724,0.044970907,0.026475888,0.24400647,0.0056383065,0.0,0.01582882,0.0,0.0,0.0,0.47946647,0.049633693,0.037829578,0.019483458,0.0
99999E31007663,5,False,10,10.71,False,0.0023300846,0.0025514637,0.0,0.0,0.0,0.98318744,0.0,0.0,0.0,0.011931037,0.0,0.0,0.0,0.0,0.0,0.0,0.0,0.0
99999E31007960,6,False,DO,DO.01,False,0.0,0.0,0.05592085,0.12568556,0.06898855,0.060934257,0.23066062,0.05637866,0.008220349,0.028372591,0.12687871,0.012689706,0.012717228,0.093534455,0.034327753,0.053261623,0.01728888,0.014140194
99999E31008172,6,False,DO,DO.01,False,0.0,0.0,0.022431228,0.05517844,0.013432682,0.35960832,0.20028059,0.025903959,0.0,0.018874263,0.008448212,0.01728166,0.022167291,0.026446434,0.06910193,0.09275063,0.012442077,0.055652402
99999E31011204,6,False,77,77.21,False,0.0058626663,0.0,0.036163148,0.12389849,0.023607165,0.44951126,0.0019020562,0.0035633456,0.0,0.0,0.041712813,0.0,0.2032672,0.08625464,0.0,0.022066258,0.0021909762,0.0
99999E31011774,3,False,DO,DO.01,False,0.0,0.0,0.022931604,0.030349292,0.014449841,0.24743617,0.0,0.1965456,0.0,0.028267404,0.027033692,0.0,0.078232706,0.10236717,0.015837764,0.1082273,0.116678216,0.011643148
99999E31012625,2,False,62,62.02,False,0.0,0.0,0.0020964283,0.0,0.0,0.9979036,0.0,0.0,0.0,0.0,0.0,0.0,0.0,0.0,0.0,0.0,0.0,0.0
99999E31012626,2,False,62,62.02,False,0.0,0.0,0.0,0.0,0.0,1.0,0.0,0.0,0.0,0.0,0.0,0.0,0.0,0.0,0.0,0.0,0.0,0.0
99999E31013541,6,False,DO,DO.01,False,0.0,0.0007238984,0.052194245,0.07102803,0.007232136,0.25722897,0.49773598,0.006877035,0.0,0.034484603,0.01228167,0.004928039,0.004300271,0.0097931735,0.0067017684,0.030833913,0.0034733939,0.00018287693
99999E31014037,6,False,DO,DO.01,False,0.0,0.0066318735,0.06912316,0.19874159,0.04920965,0.18297389,0.07856183,0.06062048,0.005307168,0.012971621,0.045602776,0.0,0.0037559157,0.124635585,0.025171787,0.085036315,0.02962404,0.02203232
99999E31014923,6,False,84,84.11,False,0.0,0.00858744,0.04493536,0.020192258,0.0059542065,0.09150333,0.629157,0.024461195,0.017785173,0.041865323,0.001864949,0.0,0.0,0.025213988,0.01060109,0.07032903,0.007549637,0.0
99999E31014981,2,False,61,61.90,False,0.0,0.0,0.0,0.0,0.0,0.99714077,0.0,0.0028592532,0.0,0.0,0.0,0.0,0.0,0.0,0.0,0.0,0.0,0.0
99999E31022481,6,False,84,84.11,False,0.0,0.0,0.0029201205,0.0071955686,0.0029456331,0.88357204,0.051262487,0.012018065,0.0033677055,0.023517553,0.0020397399,0.0,0.004061546,0.0,0.0,0.0045126444,0.0008761286,0.0017106599
99999E31023497,3,False,96,96.0,False,0.0,0.0,0.02808282,0.0,0.17160648,0.0,0.0,0.033182606,0.009187459,0.032366637,0.0071710837,0.07250326,0.14294569,0.055043686,0.13747452,0.20760836,0.06464436,0.03818301
99999E31023793,3,False,DO,DO.01,False,0.0,0.005912947,0.05275509,0.038140815,0.33015603,0.0,0.0,0.0,0.035925932,0.3013032,0.13765894,0.0,0.0,0.0,0.0,0.0,0.098147005,0.0
99999E31023930,3,False,84,84.11,False,0.0,0.0,0.07510658,0.007246514,0.0,0.71992385,0.14515376,0.0014346079,0.0,0.009044825,0.0,0.0,0.0,0.010613526,0.0,0.0,0.03147626,0.0
99999E31025941,6,False,43,43.91,False,0.00021348623,0.0025110047,0.04804965,0.08112477,0.008412374,0.32712698,0.25294048,0.0,0.0032988703,0.004066404,0.008615694,0.03334451,0.011401181,0.05471347,0.0828784,0.032881957,0.014791545,0.03362916
99999E31026107,5,False,56,56.30,False,0.0,0.0013133938,0.0013730936,0.00092534564,0.0,0.7460375,0.004656578,0.23106773,0.0,0.0,0.0065072686,0.008119161,0.0,0.0,0.0,0.0,0.0,0.0
99999E31026643,2,False,61,61.10,False,0.0,0.0,0.0,0.0,0.0,1.0,0.0,0.0,0.0,0.0,0.0,0.0,0.0,0.0,0.0,0.0,0.0,0.0
99999E31027580,6,False,DO,DO.01,False,0.0,0.003358545,0.049840994,0.099950105,0.0,0.5428109,0.23060824,0.0074130883,0.0,0.0026429272,0.0,0.0,0.0,0.028556505,0.0,0.021166774,0.006977739,0.006674115
99999E31027863,6,False,84,84.11,True,0.0,0.0,0.0,0.0,0.0,0.7783402,0.0072103916,0.015423551,0.0,0.0036768222,0.0,0.0,0.0,0.015996564,0.0,0.0052048517,0.17042306,0.0037245732
99999E31028222,5,False,DO,DO.01,False,0.0,0.0,0.0,0.081429936,0.005564683,0.14260381,0.6846369,0.032123566,0.0,0.009146263,0.016892258,0.0,0.0,0.0068329764,0.0076913,0.008185822,0.0,0.0048925253
99999E31028517,6,False,DO,DO.01,False,0.018458085,0.0,0.21708593,0.15121068,0.020727873,0.012753638,0.015169035,0.3004,0.0,0.0,0.052710466,0.0,0.0,0.07086021,0.014834992,0.03729304,0.020188263,0.068307765
99999E31029211,3,False,96,96.0,False,0.0,0.0,0.0,0.0252443,0.0,0.16505674,0.0,0.0,0.0,0.003257329,0.0,0.01665169,0.0,0.0,0.010923284,0.11164775,0.53333145,0.13388744
99999E31029428,2,False,61,61.10,False,0.0,0.0,0.0,0.0,0.0,1.0,0.0,0.0,0.0,0.0,0.0,0.0,0.0,0.0,0.0,0.0,0.0,0.0
99999E31030586,5,False,87,87.30,False,0.0,0.0,0.0,0.0,0.0,0.21600428,0.72860503,0.0,0.0,0.0,0.0,0.0,0.0,0.003575164,0.047761697,0.0040539023,0.0,0.0
99999E40000015,6,False,DO,DO.01,False,0.0,0.012205586,0.0631271,0.05078289,0.030299423,0.481213,0.06414369,0.0,0.0,0.032761663,0.0,0.01804763,0.0,0.044881437,0.03420732,0.0859606,0.02949408,0.052875463
99999E40000026,6,False,DO,DO.01,False,0.0,0.012852698,0.03862033,0.064039424,0.0057261414,0.5742718,0.07819087,0.0116722,0.013244813,0.0106514525,0.006074689,0.0,0.017265562,0.013823651,0.023103734,0.029713694,0.07294398,0.02780498
99999E40000066,6,False,DO,DO.01,False,0.0,0.0,0.0,0.0,0.0,0.0,0.005338672,0.0,0.0,0.0,0.0,0.0,0.115782455,0.0,0.0,0.12012012,0.14397733,0.61478144
99999E40000074,6,False,01,01.41,True,0.0,0.0,0.0,0.008017784,0.0,0.0044470667,0.012034063,0.02550641,0.18342355,0.0034526475,0.30196407,0.097269006,0.06884717,0.05147391,0.038295485,0.17380151,0.009815246,0.021652086
99999E40000089,6,False,DO,DO.01,False,0.0,0.0071103675,0.0029123838,0.10554051,0.08961592,0.31472036,0.20783772,0.15765409,0.0,0.0015682065,0.007423803,0.0,0.005694255,0.035622746,0.013507539,0.0,0.020662097,0.030129913
99999E40000094,2,False,61,61.90,False,0.0,0.0,0.0,0.0,0.0,1.0,0.0,0.0,0.0,0.0,0.0,0.0,0.0,0.0,0.0,0.0,0.0,0.0
99999E40000097,2,False,62,62.02,False,0.0,0.0,0.0,0.0,0.0,0.99869573,0.0,0.0,0.0,0.0,0.0,0.0,0.0,0.0,0.0,0.0013043154,0.0,0.0
99999E40000103,3,False,DO,DO.01,False,0.0,0.017699894,0.010919155,0.09085453,0.008982207,0.5560378,0.24775872,0.0053586056,0.0,0.013063735,0.025968188,0.0,0.0,0.018971283,0.0,0.0,0.0043858653,0.0
99999E40000116,3,False,01,01.4,False,0.0,0.0079559125,0.0,0.016901463,0.0,0.0,0.0,0.0,0.07047774,0.0025808203,0.0,0.0,0.856095,0.0,0.021636205,0.0030465324,0.015581945,0.0057243765
99999E40000128,6,False,43,43.91,False,0.0038312515,0.00910695,0.011950324,0.049569827,0.0242621,0.010300691,0.030048722,0.056150693,0.1394191,0.17542294,0.09195479,0.03028584,0.03230236,0.02777674,0.0964376,0.06641606,0.07580225,0.068961844
99999E40000129,3,False,98,98.10,False,0.11258694,0.0,0.07916421,0.05043291,0.11073426,0.011698702,0.0,0.05453418,0.0,0.07308327,0.016801007,0.0,0.10546014,0.12828232,0.011736054,0.15134354,0.055453043,0.038689382
99999E40000149,2,False,35,35.30,False,0.0,0.0,0.0,0.0,0.0,0.99133474,0.008665279,0.0,0.0,0.0,0.0,0.0,0.0,0.0,0.0,0.0,0.0,0.0
99999E40000155,3,False,93,93.11,False,0.0,0.0,0.0,0.0,0.0,0.19213326,0.42410293,0.013394027,0.0,0.0,0.0,0.0,0.0,0.165897,0.16035523,0.04411755,0.0,0.0
99999E40000158,6,False,DO,DO.01,False,0.0,0.0,0.024227161,0.032656487,0.044427965,0.81042784,0.018258609,0.0092811305,0.0,0.0,0.0,0.0,0.008626502,0.025358956,0.014100141,0.00941521,0.0032199032,0.0
99999E40000163,4,False,52,52.10,False,0.0,0.008215905,0.0,0.011064501,0.0,0.010278798,0.00020952118,0.07567392,0.062272366,0.15788534,0.00016048431,0.0,0.0,0.13377592,0.27584133,0.03281124,0.13460064,0.09721002
99999E40000164,5,False,94,94.99,False,0.0,0.0,0.009216947,0.00919738,0.0,0.7193527,0.25040796,0.008596731,0.0,0.0,0.0017548827,0.0,0.0,0.0014733752,0.0,0.0,0.0,0.0
99999E40000167,3,False,16,16.23,False,0.0,0.0,0.0,0.0,0.010382432,0.0032795137,0.0,0.0,0.004059616,0.05837715,0.0,0.042953018,0.019953918,0.0057488345,0.48306382,0.1659993,0.13573703,0.07044542
99999E40000223,6,False,56,56.30,False,0.0,0.0006513204,0.015157166,0.0045597395,0.0,0.14041628,0.5198145,0.010984296,0.0,0.0,0.018083267,0.010559435,0.0020346623,0.099603094,0.053007744,0.11459588,0.007923363,0.0026092543
99999E40000225,2,False,61,61.10,False,0.0,0.0,0.0,0.0,0.0,1.0,0.0,0.0,0.0,0.0,0.0,0.0,0.0,0.0,0.0,0.0,0.0,0.0
99999E40000228,3,False,91,91.04,False,0.0,0.024659865,0.0,0.031262506,0.0,0.9297469,0.0016756703,0.0,0.0,0.0,0.0,0.0,0.0,0.0,0.0,0.008203281,0.0,0.0044517806
99999E40000234,6,False,CO,CO.02,False,0.004964298,0.0,0.061441693,0.1696362,0.037878275,0.12114928,0.0,0.01247875,0.0,0.0,0.07055424,0.0,0.062461752,0.123563424,0.0,0.14245157,0.11181571,0.081604905
99999E40000235,6,False,CO,CO.02,False,0.014606743,0.0,0.092422925,0.0551138,0.11161048,0.2096514,0.0,0.03843273,0.0,0.0,0.020714492,0.02028234,0.14958225,0.045375973,0.0531259,0.08671852,0.011207146,0.09115529
99999E40000240,6,False,56,56.30,False,0.025169086,0.19275922,0.46639156,0.065856956,0.0,0.2456036,0.0014284919,0.0,0.0,0.0,0.0,0.0,0.00069951074,0.0014536643,0.00063790963,0.0,0.0,0.0
99999E40000241,6,False,01,01.41,True,0.00020474596,0.0019450865,0.0,0.014583811,0.0053233947,0.0,0.0,0.0001960703,0.008833573,0.0055611082,0.884591,0.012222292,0.050079472,0.0,0.0,0.0012787946,0.015073119,0.00010757838
99999E40000243,1,False,IL,IL.01,False,0.2539157,0.74608433,0.0,0.0,0.0,0.0,0.0,0.0,0.0,0.0,0.0,0.0,0.0,0.0,0.0,0.0,0.0,0.0
99999E40000245,5,False,56,56.10,False,0.0,0.0,0.0,0.0,0.0006468782,0.09078949,0.40617058,0.007527124,0.0,0.0,0.0,0.0,0.0,0.010382805,0.47284955,0.0070863185,0.0025677243,0.0019795292
99999E40000247,6,False,56,56.10,False,0.0,0.0,0.0,3.4849083e-05,0.0,0.021328278,0.041145857,0.0019252511,0.3151789,0.17708656,0.26048404,0.0,0.114174135,0.008424711,0.04294176,0.0030119866,0.008193169,0.006070581
99999E40000262,1,False,IL,IL.01,False,0.3416839,0.6570519,0.0012642427,0.0,0.0,0.0,0.0,0.0,0.0,0.0,0.0,0.0,0.0,0.0,0.0,0.0,0.0,0.0
99999E40000268,2,False,61,61.10,False,0.0,0.0,0.0,0.0,0.0,1.0,0.0,0.0,0.0,0.0,0.0,0.0,0.0,0.0,0.0,0.0,0.0,0.0
99999E40000278,5,False,56,56.10,False,0.0,0.0,0.0,0.0,0.0,0.028343773,0.06464503,0.0037383388,0.0,0.00020830413,0.0,0.0,0.0,0.009818462,0.8678779,0.0008928256,0.014341543,0.010133865
99999E40000314,3,False,55,55.20,False,0.00095150946,0.0,0.0,0.0,0.0,0.04260378,0.88470066,0.0030260924,0.0,0.0,0.00050252356,0.0,0.0,0.00032609276,0.06607515,0.0017728255,0.0,4.136998e-05
99999E40000315,6,False,DO,DO.01,True,0.13187462,0.20660579,0.12111929,0.11547274,0.086840115,0.023742167,0.021981787,0.008025133,0.03454576,0.038581308,0.05474418,0.0,0.039314415,0.029866729,0.010670302,0.047247626,0.019672146,0.009695887
99999E40000321,6,False,DO,DO.01,False,0.0,0.0,0.0,0.0782616,0.03329977,0.6051515,0.021813909,0.06910814,0.0,0.0,0.030648543,0.0,0.016242974,0.14547361,0.0,0.0,0.0,0.0
99999E40000325,6,False,DO,DO.01,False,0.0,0.0,0.010772399,0.30742234,0.12320265,0.0050236546,0.117299,0.0847396,0.029154452,0.0060217245,0.1647124,0.019371042,0.007472408,0.099405386,0.0,0.021273835,0.0,0.004129024
99999E40000326,6,False,DO,DO.01,False,0.004525405,0.018032027,0.11529017,0.063091844,0.046119653,0.07031752,0.1817226,0.015302538,0.0015756174,0.026209896,0.09448828,0.05624636,0.07223273,0.054142047,0.02609387,0.06887609,0.039211214,0.0465222
99999E40000336,3,False,47,47.12,False,0.0,0.0,0.0058616567,0.06649233,0.004131958,0.027167175,0.003979916,0.002184035,0.0005509277,6.260543e-05,0.025108352,0.21350238,0.4250944,0.008235296,0.0024881184,0.1667218,0.007970565,0.04044847
99999E40000346,1,False,IL,IL.01,False,0.2975993,0.69913787,0.0,0.0,0.0,0.0032628903,0.0,0.0,0.0,0.0,0.0,0.0,0.0,0.0,0.0,0.0,0.0,0.0
99999E40000353,2,False,80,80.20,False,0.0,0.0,0.0,0.0,0.0,1.0,0.0,0.0,0.0,0.0,0.0,0.0,0.0,0.0,0.0,0.0,0.0,0.0
99999E40000383,5,False,DO,DO.02,False,0.0,0.0,0.008360467,0.0,0.0,0.9277431,0.030267982,0.0,0.0,0.0,0.0,0.0,0.0041438043,0.0039024616,0.0,0.013228297,0.0,0.0123540005
99999E40000385,2,False,61,61.10,False,0.0,0.0,0.0,0.0,0.0,1.0,0.0,0.0,0.0,0.0,0.0,0.0,0.0,0.0,0.0,0.0,0.0,0.0
99999E40000387,6,False,DO,DO.01,True,0.021391237,0.03230034,0.05293151,0.09176298,0.048228912,0.026367659,0.2986294,0.004909025,0.009990246,0.29613924,0.06887525,0.0,0.009940846,0.012882309,0.009127145,0.0102030225,0.0,0.0063208276
99999E40000407,6,False,DO,DO.01,False,0.0,0.0,0.017054927,0.009418362,0.004817128,0.89121246,0.016557021,0.00527995,0.0,0.0072425585,0.013705876,0.0,0.0,0.00436645,0.0,0.008202611,0.0022108865,0.019931708
99999E40000428,6,False,DO,DO.01,False,0.0,0.0,0.04346569,0.07080282,0.04325922,0.4608673,0.0,0.0,0.0,0.0,0.04991947,0.0,0.039070748,0.10919516,0.0,0.12276344,0.0,0.06065611
99999E40000434,6,False,68,68.20,False,0.0,0.0,0.25716406,0.08697129,0.17975529,0.11168313,0.018841416,0.004928846,0.008884785,0.01762116,0.01332223,0.008304339,0.022177333,0.096924625,0.008165823,0.07561961,0.070870504,0.018765563
99999E40000445,6,False,56,56.30,False,6.141375e-05,0.0057178317,0.2571584,0.4435364,0.10362617,0.0018148822,0.009445011,0.0042883735,0.0,0.0,0.0050634574,0.02705805,0.10508104,0.0,0.0008915582,0.03531714,0.0004997808,0.00044048482
99999E40000447,3,False,DO,DO.01,False,0.0,0.0,1.0,0.0,0.0,0.0,0.0,0.0,0.0,0.0,0.0,0.0,0.0,0.0,0.0,0.0,0.0,0.0
99999E40000459,6,False,CO,CO.02,False,0.0006666616,0.0,0.032684367,0.073578924,0.061332863,0.061604656,0.0,0.05192268,0.0060973885,0.023999814,0.039674055,0.017789608,0.14610915,0.15405266,0.013605024,0.18030117,0.031497195,0.10508381
99999E40000461,6,False,46,46.71,False,0.0,0.26830995,0.0,0.0,0.0,0.7241568,0.0075332397,0.0,0.0,0.0,0.0,0.0,0.0,0.0,0.0,0.0,0.0,0.0
99999E40000471,5,False,16,16.10,False,0.0,0.0,0.0,0.0,0.0,0.17860936,0.24679632,0.0,0.0,0.0,0.0,0.0,0.0,0.0,0.57308406,0.0015103258,0.0,0.0
99999E40000478,1,False,IL,IL.01,False,0.2608104,0.73918957,0.0,0.0,0.0,0.0,0.0,0.0,0.0,0.0,0.0,0.0,0.0,0.0,0.0,0.0,0.0,0.0
99999E40000485,6,False,CO,CO.02,False,0.13011733,0.022825163,0.059848893,0.065900795,0.0053667207,0.06641694,0.0,0.03604879,0.0,0.0,0.027974559,0.0,0.30071443,0.1143854,0.016148457,0.07791706,0.02761839,0.048717026
99999E40000493,3,False,DO,DO.01,False,0.02903279,0.0,0.0,0.049909275,0.0,0.0,0.0,0.013984862,0.0,0.0,0.0,0.033926576,0.0,0.09439322,0.37315568,0.09127734,0.2288715,0.08544879
99999E40000504,3,False,DO,DO.01,False,0.0,0.03801265,0.020467902,0.05739246,0.0,0.5690076,0.061503682,0.030564614,0.011500449,0.012770871,0.025567228,0.0,0.0027074874,0.04529797,0.10114554,0.024061546,0.0,0.0
99999E40000520,5,False,52,52.10,False,0.0,0.0,0.0,0.0,0.0,1.0,0.0,0.0,0.0,0.0,0.0,0.0,0.0,0.0,0.0,0.0,0.0,0.0
99999E40000521,5,False,52,52.10,False,0.0,0.0,0.0,0.0,0.0,1.0,0.0,0.0,0.0,0.0,0.0,0.0,0.0,0.0,0.0,0.0,0.0,0.0
99999E40000522,6,False,52,52.10,False,0.0019869537,0.012968593,0.03531693,0.030966992,0.00035347015,0.75608164,0.03118058,0.016387478,0.0012363933,0.0027149515,0.0054133576,0.0,0.014611102,0.0071250554,0.017905142,0.034949925,0.0066106436,0.024190893
99999E40000523,6,False,52,52.10,False,0.0,0.0,0.0,0.009472998,0.0,0.8924322,0.0,0.017839547,0.0,0.0,0.00666899,0.0,0.015262893,0.048031885,0.0,0.010291465,0.0,0.0
99999E40000535,6,False,68,68.32,False,0.0,0.0,0.0,0.019619396,0.0,0.26547503,0.23249641,0.008485621,0.0,0.01852107,0.036177564,0.0,0.09035105,0.006087233,0.10885291,0.1406788,0.035431474,0.037823454
99999E40000541,5,False,52,52.10,False,0.0,0.0,0.0,0.0,0.0,0.9976492,0.002350818,0.0,0.0,0.0,0.0,0.0,0.0,0.0,0.0,0.0,0.0,0.0
99999E40000544,3,False,DO,DO.01,False,0.0,0.0,0.09734929,0.031076191,0.009127497,0.53167933,0.10806742,0.03025952,0.0,0.011385351,0.01211128,0.0013184162,0.01517513,0.011817707,0.024067767,0.024206547,0.022039436,0.07031909
99999E40000547,2,False,61,61.90,False,0.0,0.0,0.0,0.0,0.0,0.99557066,0.0044293515,0.0,0.0,0.0,0.0,0.0,0.0,0.0,0.0,0.0,0.0,0.0
99999E40000551,6,False,DO,DO.01,True,0.03195088,0.1457711,0.16610369,0.35186625,0.042093944,0.011722835,0.0016657298,0.0,0.025894314,0.0358794,0.05091743,0.0,0.04456582,0.04208465,0.038962275,0.0,0.0105217425,0.0
99999E40000554,6,False,46,46.73,True,0.011762535,0.029798653,0.0035898043,0.013096717,0.0011808011,0.29522222,0.056827974,0.0076328143,0.00085823884,0.088977054,0.0013002685,0.0056666113,0.014828994,0.007968095,0.22129844,0.13024959,0.077903956,0.03183731
99999E40000573,6,False,DO,DO.01,False,0.010535233,0.04583644,0.019093469,0.20216763,0.044461228,0.07094875,0.13755476,0.04676234,0.01386826,0.07592153,0.14678748,0.0035561712,0.012542522,0.027107475,0.0,0.0073536616,0.037757814,0.09774523
99999E40000579,1,False,IL,IL.01,False,0.28618228,0.70905507,0.0,0.0,0.0,0.0047626346,0.0,0.0,0.0,0.0,0.0,0.0,0.0,0.0,0.0,0.0,0.0,0.0
99999E40000580,1,False,IL,IL.01,False,0.28964004,0.71036,0.0,0.0,0.0,0.0,0.0,0.0,0.0,0.0,0.0,0.0,0.0,0.0,0.0,0.0,0.0,0.0
99999E40000599,1,False,IL,IL.01,False,0.28623328,0.7137667,0.0,0.0,0.0,0.0,0.0,0.0,0.0,0.0,0.0,0.0,0.0,0.0,0.0,0.0,0.0,0.0
99999E40000600,3,False,IL,IL.01,False,0.0,0.73109245,0.26890758,0.0,0.0,0.0,0.0,0.0,0.0,0.0,0.0,0.0,0.0,0.0,0.0,0.0,0.0,0.0
99999E40000605,5,False,CO,CO.02,False,0.0,0.0,0.0,0.0023411508,0.0,0.9860455,0.0,0.0,0.0,0.0,0.0,0.0,0.0,0.0,0.0,0.0,0.0,0.01161334
99999E40000614,6,False,DO,DO.01,False,0.0,0.0,0.0061889654,0.092376865,0.0336239,0.60691404,0.079465784,0.012831108,0.0,0.005175983,0.031900056,0.0,0.024991335,0.058261283,0.0,0.027495654,0.02077502,0.0
99999E40000615,6,False,CO,CO.02,False,0.009510702,0.012329472,0.036801104,0.1998577,0.01803952,0.013725262,0.01517241,0.0379703,0.0,0.0069880104,0.045290645,0.10924922,0.17925319,0.06255674,0.020136226,0.1706292,0.038918957,0.023571316
99999E40000625,1,False,IL,IL.01,False,0.28607914,0.7139209,0.0,0.0,0.0,0.0,0.0,0.0,0.0,0.0,0.0,0.0,0.0,0.0,0.0,0.0,0.0,0.0
99999E40000636,3,False,DO,DO.01,False,0.037898585,0.028880004,0.01596451,0.20655368,0.002106904,0.041016113,0.15017259,0.031946145,0.030986909,0.051439296,0.06531403,0.0,0.023612747,0.086117566,0.060346533,0.004984627,0.0,0.16265984
99999E40000648,1,False,IL,IL.01,False,0.28672153,0.71327853,0.0,0.0,0.0,0.0,0.0,0.0,0.0,0.0,0.0,0.0,0.0,0.0,0.0,0.0,0.0,0.0
99999E40000649,1,False,IL,IL.01,False,0.25211284,0.7478872,0.0,0.0,0.0,0.0,0.0,0.0,0.0,0.0,0.0,0.0,0.0,0.0,0.0,0.0,0.0,0.0
99999E40000650,1,False,IL,IL.01,False,0.28617972,0.7138203,0.0,0.0,0.0,0.0,0.0,0.0,0.0,0.0,0.0,0.0,0.0,0.0,0.0,0.0,0.0,0.0
99999E40000652,1,False,IL,IL.01,False,0.25550342,0.7444966,0.0,0.0,0.0,0.0,0.0,0.0,0.0,0.0,0.0,0.0,0.0,0.0,0.0,0.0,0.0,0.0
99999E40000687,4,False,70,70.22,False,0.0,0.0,0.0,0.0,0.0,0.021983339,0.09054776,0.0016953447,0.0,0.0,0.0036196825,0.013146327,0.0,0.0,0.83309454,0.009612847,0.0019075391,0.024392627
99999E40000692,6,False,DO,DO.01,False,0.0,0.0,0.017479302,0.18542357,0.015718047,0.14561567,0.48957133,0.024716841,0.0013536783,0.031582355,0.053436905,0.0,0.009354052,0.012770189,0.0,0.012978025,0.0,0.0
99999E40000704,6,False,74,74.90,False,0.0,0.061338317,0.07830853,0.062519364,0.012105708,0.6180781,0.051281895,0.0028064428,0.0,0.00416289,0.0,0.007741105,0.008927996,0.0,0.069985665,0.006051392,0.016692488,0.0
99999E40000705,5,False,52,52.21,False,0.0,0.0,0.0,0.0,0.0,0.99653006,0.0,0.0,0.0,0.0,0.0,0.0,0.0,0.0,0.0,0.0,0.0,0.003469984
99999E40000715,6,False,DO,DO.01,False,0.0,0.0,0.012634046,0.260195,0.13719891,0.018627694,0.11579897,0.04374143,0.0,0.044702556,0.15539286,0.01696528,0.01740468,0.04224263,0.039391164,0.044349078,0.015251412,0.036104407
99999E40000716,6,False,55,55.30,False,0.0,0.05905907,0.13354442,0.027365206,0.0031093406,0.57588696,0.19292127,0.0009617379,0.0,0.002769805,0.001804722,0.0,0.0,0.0,0.0,0.0015187096,0.0010587479,0.0
99999E40000718,6,False,DO,DO.01,True,0.043987732,0.15383427,0.043886296,0.15882917,0.064748555,0.089420386,0.05376629,0.0004948186,0.0802928,0.12546267,0.07869293,0.00014417233,0.00032748285,0.0009708668,0.0,0.0637006,0.032854117,0.00858684
99999E40000726,1,False,IL,IL.01,False,0.29241666,0.7075833,0.0,0.0,0.0,0.0,0.0,0.0,0.0,0.0,0.0,0.0,0.0,0.0,0.0,0.0,0.0,0.0
99999E40000734,6,False,DO,DO.01,False,0.007864121,0.0067770174,0.06074724,0.1590513,0.030174349,0.12800014,0.10236586,0.06293841,0.01086256,0.049287707,0.03420901,0.0,0.016096264,0.12411642,0.04861272,0.10708909,0.03386982,0.017938064
99999E40000735,6,False,DO,DO.01,True,0.21968636,0.090828806,0.0413276,0.052144222,0.013645184,0.25057998,0.122607,0.00064301153,0.074983954,0.048349425,0.029541336,0.0,0.011173181,0.037449438,0.000268064,0.005081672,0.0013565663,0.00033433185
99999E40000757,5,False,CO,CO.02,False,0.0,0.0,0.0,0.0,0.0,0.9973953,0.0,0.0026047565,0.0,0.0,0.0,0.0,0.0,0.0,0.0,0.0,0.0,0.0
99999E40000758,5,False,CO,CO.02,False,0.0,0.0,0.0,0.002868349,0.0,0.98152953,0.0,0.0,0.0,0.002781429,0.0,0.0,0.004715392,0.008105259,0.0,0.0,0.0,0.0
99999E40000761,6,False,CO,CO.02,False,0.0036969755,0.0,0.024483923,0.05424506,0.033028908,0.03349713,0.00032677746,0.08158707,0.0080084875,0.009808201,0.036550302,0.027395658,0.057069,0.32246596,0.03601868,0.09291454,0.039549828,0.13935351
99999E40000764,5,False,52,52.10,False,0.0,0.0,0.0,0.0,0.0,0.99338186,0.004364308,0.0,0.0,0.0,0.0,0.0,0.0,0.0,0.0,0.0022538411,0.0,0.0
99999E40000765,6,False,CO,CO.02,False,0.0,0.021061659,0.0055841967,0.008925922,0.0,0.9095426,0.0033197394,0.0,0.0,0.0,0.049587227,0.0,0.0019786526,0.0,0.0,0.0,0.0,0.0
99999E40000767,5,False,CO,CO.02,False,0.0,0.0,0.0,0.0,0.0,0.99241906,0.0,0.0,0.0,0.0,0.0,0.0,0.0,0.0075809527,0.0,0.0,0.0,0.0
99999E40000768,3,False,DO,DO.01,False,0.0,0.19730021,0.025131045,0.06425431,0.0,0.47841987,0.09874874,0.0746745,0.0,0.0015288582,0.007179293,0.0,0.0060379333,0.021094015,0.0036213507,0.0022897644,0.017120393,0.0025997635
99999E40000773,6,False,52,52.10,False,0.0,0.0011087938,0.024543064,0.16726947,0.06594683,0.021797478,0.020723885,0.052069306,0.008667951,0.014123922,0.026171053,0.03794539,0.29253674,0.03794539,0.0026399854,0.142172,0.020855885,0.06348284
99999E40000777,6,False,41,41.20,False,0.0,0.0,0.021626942,0.09602456,0.02066334,0.40789637,0.025567712,0.02923571,0.005667854,0.044424463,0.0592116,0.028224131,0.052980386,0.12922981,0.0328434,0.013553506,0.015109251,0.017741
99999E40000797,6,False,DO,DO.01,False,0.0,0.0,0.059271846,0.32053572,0.0047987816,0.03547143,0.3643988,0.0040853643,0.0,0.0,0.1258019,0.0,0.0,0.05257029,0.0061316844,0.021049283,0.0,0.0058849487
99999E40000807,2,False,CO,CO.02,False,0.0,0.0,0.0,0.0,0.0,1.0,0.0,0.0,0.0,0.0,0.0,0.0,0.0,0.0,0.0,0.0,0.0,0.0
99999E40000813,2,False,47,47.29,False,0.0,0.0,0.0,0.0,0.0,0.23192692,0.76629937,0.0,0.0,0.0,0.0,0.0017737404,0.0,0.0,0.0,0.0,0.0,0.0
99999E40000819,2,False,61,,False,0.0,0.0,0.0,0.0,0.0,1.0,0.0,0.0,0.0,0.0,0.0,0.0,0.0,0.0,0.0,0.0,0.0,0.0
99999E40000821,6,False,61,,False,0.0,0.0,0.0,0.0018942961,0.0,0.9856895,0.012416203,0.0,0.0,0.0,0.0,0.0,0.0,0.0,0.0,0.0,0.0,0.0
99999E40000823,6,False,43,43.33,False,0.26370236,0.36855182,0.024574196,0.012262668,0.0,0.30070412,0.0,0.0,0.0,0.0,0.0,0.0,0.0,0.001380161,0.020195542,0.0024610835,0.006167976,0.0
99999E40000835,6,False,52,52.10,False,0.0027377293,0.0015127794,0.105481036,0.08005757,0.02532976,0.2544757,0.031884395,0.021135777,0.025561808,0.07757718,0.013891689,0.033720706,0.030518875,0.03912848,0.09619537,0.070387386,0.051186092,0.03921773
99999E40000840,6,False,52,52.10,False,0.0,0.00017490775,0.0033611143,0.026616633,0.0033412792,0.6119085,0.09369105,0.042920925,0.0111706555,0.019674418,0.07207281,0.0,0.00091781496,0.028385548,0.05744007,0.015377457,0.0019275917,0.011019189
99999E40000850,6,False,84,84.11,False,0.0011207233,0.2582418,0.0106338095,0.0,0.0,0.6657031,0.0,0.0007171061,0.0011181107,0.06211785,0.0,0.0,0.0,0.00034745035,0.0,0.0,0.0,0.0
99999E40000875,5,False,52,52.10,False,0.0,0.0,0.0,0.0,0.0,0.9859365,0.0140635,0.0,0.0,0.0,0.0,0.0,0.0,0.0,0.0,0.0,0.0,0.0
99999E40000877,5,False,56,56.10,False,0.0,0.0,0.00081330334,0.022560263,0.0,0.07183631,0.6479684,0.0023241753,0.0,0.0008366958,0.0043898537,0.12269488,0.02611074,0.0013492602,0.07600618,0.009524968,0.010204709,0.003380191
99999E40000878,6,False,DO,DO.01,False,0.0,0.0,0.033568993,0.14051506,0.0,0.32229626,0.0,0.13173287,0.0,0.06983368,0.15058574,0.0,0.0016954038,0.0034755776,0.038027905,0.047335673,0.060932808,0.0
99999E40000883,3,False,DO,DO.01,False,0.0,0.0,0.0,0.0,0.0041762125,0.0,0.0,0.014151394,0.0,0.058204472,0.0,0.08904877,0.049613405,0.036881924,0.3714204,0.13921106,0.22056368,0.016728716
99999E40000884,6,False,41,41.20,False,0.0,0.00076655037,0.030777639,0.13055031,0.0012902272,0.25050166,0.2443081,0.0103646405,0.0,0.025795978,0.0035140184,0.019250017,0.012155298,0.0074954308,0.20696735,0.011894682,0.032270975,0.01209718
99999E40000887,3,False,DO,DO.01,False,0.0,0.0,0.0,0.0,0.0,0.0,0.0,0.0,0.0,0.08069853,0.0,0.043014705,0.0,0.0,0.0,0.05128676,0.61746323,0.20753673
99999E40000898,6,False,41,41.20,False,0.0,0.0,0.0,0.0,0.0,0.18120342,0.047535297,0.0,0.0,0.027960572,0.0,0.0033892826,0.0042603365,0.009178634,0.6345634,0.04959401,0.031352382,0.010962654
99999E40000918,3,False,41,41.20,False,0.0,0.014099151,0.009154307,0.0,0.0020793714,0.19784458,0.118574865,0.015595284,0.06996324,0.23172309,0.0021300877,0.0,0.0,0.03986307,0.27343732,0.006364905,0.019170789,0.0
99999E40000929,4,False,41,41.20,False,0.0,0.0,0.0,0.010732836,0.0,0.011247872,0.0,0.012570381,0.0,0.033342063,0.007769194,0.015534023,0.0037623849,0.008153289,0.6570817,0.11337785,0.09209986,0.034328487
99999E40000935,4,False,41,41.20,False,0.004402258,0.02722267,0.0,0.0,0.0,0.43068808,0.016689636,0.0015379889,0.009409167,0.030626621,0.0,0.0,0.0,0.011372806,0.4301914,0.018592417,0.010949748,0.008317294
99999E40000937,6,False,52,52.10,False,0.00809621,0.027115637,0.075719185,0.022755314,0.0017977301,0.5508951,0.121713825,0.012858684,0.0014639981,0.008072008,0.01281626,0.021072611,0.008279658,0.02444907,0.050519593,0.04052377,0.005206157,0.0066450583
99999E40000954,6,False,98,98.1,True,0.18325971,0.09053282,0.0680679,0.031652365,0.04388055,0.16229247,0.0004041123,0.035056457,0.08581972,0.052178245,0.005855553,0.0,0.068735205,0.02738065,0.002242998,0.047532696,0.044051744,0.051056743
99999E40000979,3,False,41,41.20,False,0.0,0.0,0.0,0.0,0.0,0.0,0.0,0.0,0.0,0.045418806,0.0,0.0,0.0009772874,0.007906005,0.73845345,0.035022598,0.1527732,0.019448645
99999E40000982,6,False,41,41.20,False,0.0,0.0,0.0,0.0,0.0,0.0,0.0,0.0,0.0,0.028722603,0.0,0.0,0.0,0.0,0.26530614,0.26455024,0.44142106,0.0
99999E40000985,4,False,41,41.20,False,0.0,0.0,0.0,0.0,0.0,0.031670637,0.009968595,0.0018027921,0.0,0.050142832,0.0049224915,0.03280274,0.007965085,0.004383979,0.7469789,0.03638996,0.044018477,0.028953597
99999E40000991,2,False,46,46.51,False,0.0,0.0,0.0,0.0,0.0,0.9982823,0.0017177252,0.0,0.0,0.0,0.0,0.0,0.0,0.0,0.0,0.0,0.0,0.0
99999E40001001,3,False,DO,DO.01,False,0.0,0.0,0.0014001857,0.0,0.0,0.6972329,0.11408122,0.007558125,0.0,0.017369706,0.004105978,0.0021609329,0.0027571942,0.009151582,0.05800799,0.051268183,0.019709516,0.015196436
99999E40001004,5,False,DO,DO.01,False,0.0,0.0,0.12225297,0.34936664,0.0,0.25758186,0.052817624,0.024039377,0.0,0.021610089,0.0,0.0,0.0,0.12857616,0.03197505,0.0,0.0,0.011780279
99999E40001010,1,False,IL,IL.01,False,0.2059518,0.7940482,0.0,0.0,0.0,0.0,0.0,0.0,0.0,0.0,0.0,0.0,0.0,0.0,0.0,0.0,0.0,0.0
99999E40001016,4,False,85,85.59,False,0.0,0.0,0.0,0.0,0.0,0.12115205,0.001928663,0.008894377,0.0,0.014376048,0.0,0.0064440267,0.0,0.0,0.52363,0.016431183,0.16014029,0.14700325
99999E40001029,6,False,DO,DO.01,False,0.0,0.0,0.0067740814,0.49031,0.1342264,0.011841674,0.039299354,0.09238892,0.003082743,0.0645941,0.031634856,0.0,0.018332206,0.048322815,0.0,0.012982792,0.04204495,0.0041650743
99999E40001039,6,False,DO,DO.01,False,0.0,0.0,0.0,0.27108988,0.0,0.32838145,0.20553185,0.023362767,6.186991e-05,0.0017186088,0.00023373081,0.0,0.01617211,0.008403996,0.028855443,0.08102209,0.006489467,0.028676705
99999E40001050,6,False,DO,DO.01,False,0.0,0.0,0.006596643,0.34690696,0.065088764,0.46995842,0.021205517,0.001970499,0.0,0.0065485127,0.024501005,0.0,0.0,0.01467399,0.02170097,0.020848788,0.0,0.0
99999E40001065,2,False,61,61.90,False,0.0,0.0,0.0,0.0,0.0,0.994622,0.005378041,0.0,0.0,0.0,0.0,0.0,0.0,0.0,0.0,0.0,0.0,0.0
99999E40001081,1,False,IL,IL.01,False,0.22878456,0.77121544,0.0,0.0,0.0,0.0,0.0,0.0,0.0,0.0,0.0,0.0,0.0,0.0,0.0,0.0,0.0,0.0
99999E40001082,1,False,IL,IL.01,False,0.2235757,0.7764243,0.0,0.0,0.0,0.0,0.0,0.0,0.0,0.0,0.0,0.0,0.0,0.0,0.0,0.0,0.0,0.0
99999E40001083,6,False,DO,DO.01,False,0.0033977036,0.0,0.030944685,0.15765803,0.015057076,0.43760425,0.07085609,0.0161975,0.007659912,0.03234855,0.0341968,0.0079628695,0.008734476,0.034882445,0.04727945,0.06544999,0.019947384,0.009822907
99999E40001084,6,False,41,41.20,False,0.0,0.0,0.001858487,0.0,0.0,0.34332356,0.017276514,0.0031524226,0.0022808705,0.06489252,0.0,0.008882415,0.00046977279,0.03067328,0.42938885,0.03863057,0.034095615,0.025075154
99999E40001098,4,False,69,69.10,False,0.0,0.0,0.0,0.0,0.0,0.13619897,0.013397671,0.0028200552,0.0,0.0,0.0,0.0126223415,0.003201838,0.0,0.81360686,0.0041718003,0.013980503,0.0
99999E40001099,6,False,DO,DO.01,True,0.020622564,0.14623035,0.15756236,0.14002228,0.015221662,0.42620152,0.057946257,0.0002357257,0.0,0.0,0.013538593,0.0,0.0102796685,0.00036956707,0.0034047933,0.008364655,0.0,0.0
99999E40001109,6,False,41,41.20,False,0.0,0.0,0.0,0.0019481529,0.0,0.1793526,0.061545115,0.0,0.0021326425,0.008116157,0.0020169923,0.039260447,0.029895544,0.025105704,0.50538254,0.10102861,0.017253889,0.026961613
99999E40001128,3,False,52,52.10,False,0.0,0.0,0.0,0.0,0.0,0.20781153,0.001432817,0.005731268,0.0,0.14068139,0.032371048,0.0,0.0,0.11701337,0.433772,0.0,0.06118659,0.0
