D_49DES;FDESC;TATE3DES;N_Utenti;Percentuale [%];Cumulativa [%]
DOMESTICI;USI DOMESTICI NON RESID. ;Abitazioni private                                                                                                                                                                                                                                             ;6024;47.67;47.67
DOMESTICI;USI DOMESTICI RESIDENTI  ;Abitazioni private                                                                                                                                                                                                                                             ;4387;34.71;82.38
BASSA TENSIONE POTENZA IMPEGNATA FINO 1,5 KW;BT CLIENTI LIBERI F3     ;Servizi generali degli edifici per abitazioni private                                                                                                                                                                                                          ;172;1.36;83.74
BASSA TENSIONE POTENZA IMPEGNATA DA 1,6 A 3 KW;BT CLIENTI LIBERI F3     ;Servizi generali degli edifici per abitazioni private                                                                                                                                                                                                          ;155;1.23;84.97
BASSA TENSIONE ILLUMINAZIONE PUBBLICA;BT I.P. liberi F3        ;Servizi per la rete stradale (escluse ootostrodeJ                                                                                                                                                                                                              ;107;0.85;85.82
BASSA TENSIONE POTENZA DISPONIBILE OLTRE 16,5 KW;BT CLIENTI LIBERI F3     ;Servizi di alloggio di alberghi e simili                                                                                                                                                                                                                       ;79;0.63;86.45
BASSA TENSIONE POTENZA IMPEGNATA DA 3,1 A 6 KW;BT CLIENTI LIBERI F3     ;Servizi generali degli edifici per abitazioni private                                                                                                                                                                                                          ;74;0.59;87.04
BASSA TENSIONE POTENZA IMPEGNATA DA 6,1 A 10 KW;BT CLIENTI LIBERI F3     ;Servizi generali degli edifici per abitazioni private                                                                                                                                                                                                          ;48;0.38;87.42
BT Utenze Ricarica Pubblica Veicoli Elettrici;BT Ric.Pubbl.Veicoli F3  ;Colonnine pubbliche di ricarica veicoli elettrici                                                                                                                                                                                                              ;32;0.25;87.67
BASSA TENSIONE POTENZA IMPEGNATA DA 1,6 A 3 KW;BT CLIENTI LIBERI F3     ;Magazzinaggio e deposito non refrigerato                                                                                                                                                                                                                       ;32;0.25;87.92
BASSA TENSIONE POTENZA IMPEGNATA DA 1,6 A 3 KW;BT CLIENTI LIBERI F3     ;Attività degli organi legislativi ed esecutivi e delle amministrazioni centrali e locali                                                                                                                                                                       ;26;0.21;88.13
BASSA TENSIONE POTENZA DISPONIBILE OLTRE 16,5 KW;BT CLIENTI LIBERI F3     ;2022Ristorazione con somministrazione                                                                                                                                                                                                                          ;24;0.19;88.32
BASSA TENSIONE POTENZA IMPEGNATA DA 3,1 A 6 KW;BT CLIENTI LIBERI F3     ;Attività degli organi legislativi ed esecutivi e delle amministrazioni centrali e locali                                                                                                                                                                       ;20;0.16;88.48
BASSA TENSIONE POTENZA IMPEGNATA FINO 1,5 KW;BT CLIENTI LIBERI F3     ;Attività degli organi legislativi ed esecutivi e delle amministrazioni centrali e locali                                                                                                                                                                       ;17;0.13;88.61
BASSA TENSIONE POTENZA IMPEGNATA DA 10,1 A 15 KW;BT CLIENTI LIBERI F3     ;Servizi generali degli edifici per abitazioni private                                                                                                                                                                                                          ;16;0.13;88.74
BASSA TENSIONE POTENZA IMPEGNATA FINO 1,5 KW;BT CLIENTI LIBERI F3     ;2022Telecomunicazioni fisse                                                                                                                                                                                                                                    ;15;0.12;88.86
BASSA TENSIONE POTENZA IMPEGNATA DA 1,6 A 3 KW;BT CLIENTI LIBERI F3     ;Coltivazione di colture agricole non permanenti                                                                                                                                                                                                                ;15;0.12;88.98
BASSA TENSIONE POTENZA IMPEGNATA DA 6,1 A 10 KW;BT CLIENTI LIBERI F3     ;2022Bar e altri esercizi simili senza cucina                                                                                                                                                                                                                   ;15;0.12;89.1
BASSA TENSIONE POTENZA IMPEGNATA DA 3,1 A 6 KW;BT CLIENTI LIBERI F3     ;2022Costruzione di edifici residenziali e non residenziali                                                                                                                                                                                                     ;15;0.12;89.22
BASSA TENSIONE POTENZA IMPEGNATA FINO 1,5 KW;BT CLIENTI LIBERI F3     ;Magazzinaggio e deposito non refrigerato                                                                                                                                                                                                                       ;15;0.12;89.34
BASSA TENSIONE POTENZA IMPEGNATA DA 1,6 A 3 KW;BT CLIENTI LIBERI F3     ;2022ALTRE ATTIVITÀ DI SERVIZI PER LA PERSONA                                                                                                                                                                                                                   ;14;0.11;89.45
BASSA TENSIONE POTENZA DISPONIBILE OLTRE 16,5 KW;BT CLIENTI LIBERI F3     ;Attività degli organi legislativi ed esecutivi e delle amministrazioni centrali e locali                                                                                                                                                                       ;14;0.11;89.56
BASSA TENSIONE POTENZA IMPEGNATA DA 3,1 A 6 KW;BT CLIENTI LIBERI F3     ;Magazzinaggio e deposito non refrigerato                                                                                                                                                                                                                       ;13;0.1;89.66
BASSA TENSIONE POTENZA IMPEGNATA FINO 1,5 KW;BT CLIENTI LIBERI F3     ;Attività di trasmissione radiofonica e distribuzione di audio                                                                                                                                                                                                  ;13;0.1;89.76
BASSA TENSIONE POTENZA IMPEGNATA DA 1,6 A 3 KW;BT CLIENTI LIBERI F3     ;Allevamento di animali                                                                                                                                                                                                                                         ;12;0.09;89.85
BASSA TENSIONE POTENZA IMPEGNATA DA 6,1 A 10 KW;BT CLIENTI LIBERI F3     ;Attività delle organizzazioni religiose                                                                                                                                                                                                                        ;12;0.09;89.94
BASSA TENSIONE POTENZA IMPEGNATA DA 1,6 A 3 KW;BT CLIENTI LIBERI F3     ;Raccolta, trattamento e fornitura di acqua                                                                                                                                                                                                                     ;12;0.09;90.03
BASSA TENSIONE POTENZA DISPONIBILE OLTRE 16,5 KW;BT CLIENTI LIBERI F3     ;Allevamento di bovini da latte                                                                                                                                                                                                                                 ;12;0.09;90.12
BASSA TENSIONE POTENZA IMPEGNATA FINO 1,5 KW;BT CLIENTI LIBERI F3     ;Allevamento di animali                                                                                                                                                                                                                                         ;11;0.09;90.21
BASSA TENSIONE POTENZA DISPONIBILE OLTRE 16,5 KW;BT CLIENTI LIBERI F3     ;Servizi generali degli edifici per abitazioni private                                                                                                                                                                                                          ;11;0.09;90.3
BASSA TENSIONE POTENZA IMPEGNATA DA 1,6 A 3 KW;BT CLIENTI LIBERI F3     ;Amministrazione dello Stato e delle politiche economiche, sociali e ambientali della comunità                                                                                                                                                                  ;10;0.08;90.38
BASSA TENSIONE POTENZA IMPEGNATA DA 6,1 A 10 KW;BT CLIENTI LIBERI F3     ;Attività degli organi legislativi ed esecutivi e delle amministrazioni centrali e locali                                                                                                                                                                       ;10;0.08;90.46
BASSA TENSIONE POTENZA IMPEGNATA DA 1,6 A 3 KW;BT CLIENTI LIBERI F3     ;Attività di servizi di intermediazione per attività immobiliari                                                                                                                                                                                                ;10;0.08;90.54
BASSA TENSIONE POTENZA IMPEGNATA DA 3,1 A 6 KW;BT CLIENTI LIBERI F3     ;2022Servizi dei saloni di barbiere e parrucchiere                                                                                                                                                                                                              ;10;0.08;90.62
BASSA TENSIONE POTENZA IMPEGNATA FINO 1,5 KW;BT CLIENTI LIBERI F3     ;Raccolta, trattamento e fornitura di acqua                                                                                                                                                                                                                     ;10;0.08;90.7
BASSA TENSIONE POTENZA IMPEGNATA DA 10,1 A 15 KW;BT CLIENTI LIBERI F3     ;2022Costruzione di edifici residenziali e non residenziali                                                                                                                                                                                                     ;9;0.07;90.77
BASSA TENSIONE POTENZA DISPONIBILE OLTRE 16,5 KW;BT CLIENTI LIBERI F3     ;2022Fabbricazione di porte e finestre in legno (escluse porte blindate)                                                                                                                                                                                        ;9;0.07;90.84
BASSA TENSIONE POTENZA IMPEGNATA DA 3,1 A 6 KW;BT CLIENTI LIBERI F3     ;Attività di organizzazioni associative culturali e ricreative                                                                                                                                                                                                  ;9;0.07;90.91
BASSA TENSIONE POTENZA IMPEGNATA DA 1,6 A 3 KW;BT CLIENTI LIBERI F3     ;Trasporto di merci su strada e servizi di trasloco                                                                                                                                                                                                             ;9;0.07;90.98
BASSA TENSIONE POTENZA IMPEGNATA DA 3,1 A 6 KW;BT CLIENTI LIBERI F3     ;Trasporto di merci su strada e servizi di trasloco                                                                                                                                                                                                             ;8;0.06;91.04
BASSA TENSIONE POTENZA IMPEGNATA DA 1,6 A 3 KW;BT CLIENTI LIBERI F3     ;Commercio al dettaglio di altri prodotti vari non di seconda mano n.c.a.                                                                                                                                                                                       ;8;0.06;91.1
BASSA TENSIONE POTENZA IMPEGNATA DA 10,1 A 15 KW;BT CLIENTI LIBERI F3     ;Attività degli organi legislativi ed esecutivi e delle amministrazioni centrali e locali                                                                                                                                                                       ;8;0.06;91.16
BASSA TENSIONE POTENZA DISPONIBILE OLTRE 16,5 KW;BT CLIENTI LIBERI F3     ;2022Bar e altri esercizi simili senza cucina                                                                                                                                                                                                                   ;8;0.06;91.22
BASSA TENSIONE POTENZA IMPEGNATA DA 1,6 A 3 KW;BT CLIENTI LIBERI F3     ;Consulenza imprenditoriale e altre attività di consulenza gestionale                                                                                                                                                                                           ;7;0.06;91.28
BASSA TENSIONE POTENZA IMPEGNATA DA 3,1 A 6 KW;BT CLIENTI LIBERI F3     ;Attività delle organizzazioni religiose                                                                                                                                                                                                                        ;7;0.06;91.34
BASSA TENSIONE POTENZA IMPEGNATA DA 6,1 A 10 KW;BT CLIENTI LIBERI F3     ;2022Costruzione di edifici residenziali e non residenziali                                                                                                                                                                                                     ;7;0.06;91.4
BASSA TENSIONE POTENZA IMPEGNATA DA 1,6 A 3 KW;BT CLIENTI LIBERI F3     ;Commercio al dettaglio di articoli di abbigliamento per adulti                                                                                                                                                                                                 ;7;0.06;91.46
BASSA TENSIONE POTENZA IMPEGNATA FINO 1,5 KW;BT FASCE ORARIE F3       ;Servizi generali degli edifici per abitazioni private                                                                                                                                                                                                          ;7;0.06;91.52
BASSA TENSIONE POTENZA DISPONIBILE OLTRE 16,5 KW;BT CLIENTI LIBERI F3     ;2022Minimercati ed altri esercizi non specializzati di alimentari vari                                                                                                                                                                                         ;7;0.06;91.58
BASSA TENSIONE POTENZA IMPEGNATA FINO 1,5 KW;BT CLIENTI LIBERI F3     ;Trasporto di merci su strada e servizi di trasloco                                                                                                                                                                                                             ;7;0.06;91.64
BASSA TENSIONE POTENZA IMPEGNATA DA 3,1 A 6 KW;BT CLIENTI LIBERI F3     ;Costruzione di edifici residenziali e non residenziali                                                                                                                                                                                                         ;7;0.06;91.7
BASSA TENSIONE POTENZA IMPEGNATA DA 3,1 A 6 KW;BT CLIENTI LIBERI F3     ;Commercio al dettaglio di articoli di abbigliamento per adulti                                                                                                                                                                                                 ;7;0.06;91.76
BASSA TENSIONE POTENZA IMPEGNATA DA 1,6 A 3 KW;BT CLIENTI LIBERI F3     ;Allevamento di bovini da latte                                                                                                                                                                                                                                 ;7;0.06;91.82
BASSA TENSIONE POTENZA IMPEGNATA DA 1,6 A 3 KW;BT CLIENTI LIBERI F3     ;2022Telecomunicazioni fisse                                                                                                                                                                                                                                    ;7;0.06;91.88
BASSA TENSIONE POTENZA DISPONIBILE OLTRE 16,5 KW;BT CLIENTI LIBERI F3     ;Raccolta, trattamento e fornitura di acqua                                                                                                                                                                                                                     ;7;0.06;91.94
BASSA TENSIONE POTENZA IMPEGNATA DA 3,1 A 6 KW;BT CLIENTI LIBERI F3     ;Allevamento di bovini da latte                                                                                                                                                                                                                                 ;6;0.05;91.99
BASSA TENSIONE POTENZA IMPEGNATA DA 3,1 A 6 KW;BT CLIENTI LIBERI F3     ;Amministrazione dello Stato e delle politiche economiche, sociali e ambientali della comunità                                                                                                                                                                  ;6;0.05;92.04
BASSA TENSIONE POTENZA IMPEGNATA DA 3,1 A 6 KW;BT CLIENTI LIBERI F3     ;Commercio al dettaglio di altri prodotti vari non di seconda mano n.c.a.                                                                                                                                                                                       ;6;0.05;92.09
BASSA TENSIONE POTENZA IMPEGNATA DA 1,6 A 3 KW;BT CLIENTI LIBERI F3     ;2022Attività degli studi di architettura                                                                                                                                                                                                                       ;6;0.05;92.14
BASSA TENSIONE POTENZA IMPEGNATA DA 1,6 A 3 KW;BT CLIENTI LIBERI F3     ;2022Costruzione di edifici residenziali e non residenziali                                                                                                                                                                                                     ;6;0.05;92.19
BASSA TENSIONE POTENZA DISPONIBILE OLTRE 16,5 KW;BT CLIENTI LIBERI F3     ;2022Costruzione di edifici residenziali e non residenziali                                                                                                                                                                                                     ;6;0.05;92.24
BASSA TENSIONE POTENZA IMPEGNATA DA 6,1 A 10 KW;BT CLIENTI LIBERI F3     ;Amministrazione dello Stato e delle politiche economiche, sociali e ambientali della comunità                                                                                                                                                                  ;6;0.05;92.29
BASSA TENSIONE POTENZA IMPEGNATA DA 1,6 A 3 KW;BT CLIENTI LIBERI F3     ;2022Commercio al dettaglio di articoli sportivi, biciclette e articoli per il tempo libero                                                                                                                                                                     ;6;0.05;92.34
BASSA TENSIONE POTENZA IMPEGNATA FINO 1,5 KW;BT CLIENTI LIBERI F3     ;Coltivazione di colture agricole non permanenti                                                                                                                                                                                                                ;6;0.05;92.39
BASSA TENSIONE POTENZA IMPEGNATA DA 3,1 A 6 KW;BT CLIENTI LIBERI F3     ;2022ALTRE ATTIVITÀ DI SERVIZI PER LA PERSONA                                                                                                                                                                                                                   ;6;0.05;92.44
BASSA TENSIONE POTENZA DISPONIBILE OLTRE 16,5 KW;BT CLIENTI LIBERI F3     ;Attività di organizzazioni associative culturali e ricreative                                                                                                                                                                                                  ;6;0.05;92.49
BASSA TENSIONE POTENZA IMPEGNATA DA 10,1 A 15 KW;BT CLIENTI LIBERI F3     ;Allevamento di bovini da latte                                                                                                                                                                                                                                 ;6;0.05;92.54
BASSA TENSIONE POTENZA IMPEGNATA DA 10,1 A 15 KW;BT CLIENTI LIBERI F3     ;Attività di rivendita di telecomunicazioni e attività di servizi di intermediazione per telecomunicazioni                                                                                                                                                      ;6;0.05;92.59
BASSA TENSIONE POTENZA IMPEGNATA DA 10,1 A 15 KW;BT CLIENTI LIBERI F3     ;Servizi di alloggio di alberghi e simili                                                                                                                                                                                                                       ;6;0.05;92.64
BASSA TENSIONE POTENZA IMPEGNATA DA 10,1 A 15 KW;BT CLIENTI LIBERI F3     ;2022Bar e altri esercizi simili senza cucina                                                                                                                                                                                                                   ;6;0.05;92.69
BASSA TENSIONE POTENZA IMPEGNATA DA 10,1 A 15 KW;BT CLIENTI LIBERI F3     ;2022Consulenza nel settore delle tecnologie dell'informatica                                                                                                                                                                                                   ;6;0.05;92.74
BASSA TENSIONE POTENZA DISPONIBILE OLTRE 16,5 KW;BT CLIENTI LIBERI F3     ;Attività sportive                                                                                                                                                                                                                                              ;6;0.05;92.79
BASSA TENSIONE POTENZA IMPEGNATA DA 6,1 A 10 KW;BT CLIENTI LIBERI F3     ;Attività di organizzazioni associative culturali e ricreative                                                                                                                                                                                                  ;6;0.05;92.84
BASSA TENSIONE POTENZA IMPEGNATA FINO 1,5 KW;BT CLIENTI LIBERI F3     ;2022ALTRE ATTIVITÀ DI SERVIZI PER LA PERSONA                                                                                                                                                                                                                   ;5;0.04;92.88
BASSA TENSIONE POTENZA DISPONIBILE OLTRE 16,5 KW;BT CLIENTI LIBERI F3     ;2022Aree di campeggio e aree attrezzate per camper e roulotte                                                                                                                                                                                                  ;5;0.04;92.92
BASSA TENSIONE POTENZA IMPEGNATA DA 3,1 A 6 KW;BT CLIENTI LIBERI F3     ;2022Bar e altri esercizi simili senza cucina                                                                                                                                                                                                                   ;5;0.04;92.96
BASSA TENSIONE POTENZA IMPEGNATA DA 3,1 A 6 KW;BT CLIENTI LIBERI F3     ;2022Commercio al dettaglio di articoli sportivi, biciclette e articoli per il tempo libero                                                                                                                                                                     ;5;0.04;93.0
BASSA TENSIONE POTENZA IMPEGNATA DA 10,1 A 15 KW;BT CLIENTI LIBERI F3     ;Costruzione di edifici residenziali e non residenziali                                                                                                                                                                                                         ;5;0.04;93.04
BASSA TENSIONE POTENZA IMPEGNATA DA 3,1 A 6 KW;BT CLIENTI LIBERI F3     ;2022Riparazioni meccaniche di autoveicoli                                                                                                                                                                                                                      ;5;0.04;93.08
BASSA TENSIONE POTENZA DISPONIBILE OLTRE 16,5 KW;BT CLIENTI LIBERI F3     ;2022Altre attività di intrattenimento e di divertimento n.c.a.                                                                                                                                                                                                 ;5;0.04;93.12
BASSA TENSIONE POTENZA IMPEGNATA DA 6,1 A 10 KW;BT CLIENTI LIBERI F3     ;2022Ristorazione con somministrazione                                                                                                                                                                                                                          ;5;0.04;93.16
BASSA TENSIONE POTENZA IMPEGNATA DA 1,6 A 3 KW;BT CLIENTI LIBERI F3     ;2022Amministrazione di condomini e gestione di beni immobili per conto terzi                                                                                                                                                                                   ;5;0.04;93.2
BASSA TENSIONE POTENZA IMPEGNATA DA 6,1 A 10 KW;BT CLIENTI LIBERI F3     ;Altre attività di telecomunicazioni n.c.a.                                                                                                                                                                                                                     ;5;0.04;93.24
BASSA TENSIONE POTENZA DISPONIBILE OLTRE 16,5 KW;BT CLIENTI LIBERI F3     ;Produzione di energia elettrica da fonti non rinnovabili                                                                                                                                                                                                       ;5;0.04;93.28
BASSA TENSIONE POTENZA IMPEGNATA DA 1,6 A 3 KW;BT CLIENTI LIBERI F3     ;2022Servizi dei saloni di barbiere e parrucchiere                                                                                                                                                                                                              ;5;0.04;93.32
BASSA TENSIONE POTENZA IMPEGNATA DA 1,6 A 3 KW;BT CLIENTI LIBERI F3     ;2022Altre attività professionali n.c.a.                                                                                                                                                                                                                        ;5;0.04;93.36
BASSA TENSIONE POTENZA IMPEGNATA DA 3,1 A 6 KW;BT CLIENTI LIBERI F3     ;Installazione di impianti geotermici                                                                                                                                                                                                                           ;5;0.04;93.4
BASSA TENSIONE POTENZA IMPEGNATA DA 1,6 A 3 KW;BT CLIENTI LIBERI F3     ;Attività delle organizzazioni religiose                                                                                                                                                                                                                        ;5;0.04;93.44
BASSA TENSIONE POTENZA DISPONIBILE OLTRE 16,5 KW;BT CLIENTI LIBERI F3     ;Istruzione secondaria e post-secondaria non terziaria                                                                                                                                                                                                          ;5;0.04;93.48
BASSA TENSIONE POTENZA IMPEGNATA FINO 1,5 KW;BT CLIENTI LIBERI F3     ;Attività delle organizzazioni religiose                                                                                                                                                                                                                        ;4;0.03;93.51
BASSA TENSIONE POTENZA IMPEGNATA DA 10,1 A 15 KW;BT CLIENTI LIBERI F3     ;2022Fabbricazione di porte e finestre in legno (escluse porte blindate)                                                                                                                                                                                        ;4;0.03;93.54
BASSA TENSIONE POTENZA IMPEGNATA FINO 1,5 KW;BT CLIENTI LIBERI F3     ;2022Altre attività connesse alle telecomunicazioni n.c.a.                                                                                                                                                                                                      ;4;0.03;93.57
BASSA TENSIONE POTENZA DISPONIBILE OLTRE 16,5 KW;BT CLIENTI LIBERI F3     ;Commercio al dettaglio di carburanti per autotrazione                                                                                                                                                                                                          ;4;0.03;93.6
BASSA TENSIONE POTENZA DISPONIBILE OLTRE 16,5 KW;BT CLIENTI LIBERI F3     ;2022Rifugi di montagna                                                                                                                                                                                                                                         ;4;0.03;93.63
BASSA TENSIONE POTENZA IMPEGNATA DA 1,6 A 3 KW;BT CLIENTI LIBERI F3     ;Coltivazioni agricole associate all'allevamento di animali: attività mista                                                                                                                                                                                     ;4;0.03;93.66
BASSA TENSIONE POTENZA DISPONIBILE OLTRE 16,5 KW;BT CLIENTI LIBERI F3     ;Attività di telecomunicazioni fisse, mobili e satellitari                                                                                                                                                                                                      ;4;0.03;93.69
BASSA TENSIONE POTENZA IMPEGNATA DA 3,1 A 6 KW;BT CLIENTI LIBERI F3     ;2022Aree di campeggio e aree attrezzate per camper e roulotte                                                                                                                                                                                                  ;4;0.03;93.72
BASSA TENSIONE POTENZA IMPEGNATA DA 6,1 A 10 KW;BT CLIENTI LIBERI F3     ;Servizi di alloggio di alberghi e simili                                                                                                                                                                                                                       ;4;0.03;93.75
BASSA TENSIONE POTENZA IMPEGNATA DA 10,1 A 15 KW;BT CLIENTI LIBERI F3     ;2022Ristorazione con somministrazione                                                                                                                                                                                                                          ;4;0.03;93.78
BASSA TENSIONE POTENZA IMPEGNATA DA 6,1 A 10 KW;BT CLIENTI LIBERI F3     ;Istruzione prescolastica                                                                                                                                                                                                                                       ;4;0.03;93.81
BASSA TENSIONE POTENZA IMPEGNATA DA 3,1 A 6 KW;BT CLIENTI LIBERI F3     ;Attività odontoiatriche                                                                                                                                                                                                                                        ;4;0.03;93.84
BASSA TENSIONE POTENZA IMPEGNATA DA 3,1 A 6 KW;BT CLIENTI LIBERI F3     ;Attività di altre organizzazioni associative varie n.c.a.                                                                                                                                                                                                      ;4;0.03;93.87
BASSA TENSIONE POTENZA IMPEGNATA DA 3,1 A 6 KW;BT CLIENTI LIBERI F3     ;Altre intermediazioni monetarie fornite da istituti monetari diversi dalla banca centrale                                                                                                                                                                      ;4;0.03;93.9
BASSA TENSIONE POTENZA IMPEGNATA DA 1,6 A 3 KW;BT CLIENTI LIBERI F3     ;2022Commercio al dettaglio di calzature e accessori                                                                                                                                                                                                            ;4;0.03;93.93
BASSA TENSIONE POTENZA DISPONIBILE OLTRE 16,5 KW;BT CLIENTI LIBERI F3     ;2022Attività degli orti botanici, dei giardini zoologici e delle riserve naturali                                                                                                                                                                              ;4;0.03;93.96
BASSA TENSIONE POTENZA DISPONIBILE OLTRE 16,5 KW;BT CLIENTI LIBERI F3     ;2022Consulenza nel settore delle tecnologie dell'informatica                                                                                                                                                                                                   ;4;0.03;93.99
BASSA TENSIONE POTENZA IMPEGNATA DA 6,1 A 10 KW;BT CLIENTI LIBERI F3     ;2022Attività degli orti botanici, dei giardini zoologici e delle riserve naturali                                                                                                                                                                              ;4;0.03;94.02
BASSA TENSIONE POTENZA IMPEGNATA DA 1,6 A 3 KW;BT CLIENTI LIBERI F3     ;2022Attività degli orti botanici, dei giardini zoologici e delle riserve naturali                                                                                                                                                                              ;4;0.03;94.05
BASSA TENSIONE POTENZA IMPEGNATA DA 3,1 A 6 KW;BT CLIENTI LIBERI F3     ;Servizi di alloggio di alberghi e simili                                                                                                                                                                                                                       ;4;0.03;94.08
BASSA TENSIONE POTENZA DISPONIBILE OLTRE 16,5 KW;BT CLIENTI LIBERI F3     ;Produzione di pasti e piatti preparati                                                                                                                                                                                                                         ;4;0.03;94.11
DOMESTICI;USI DOMESTICI NON RESID. ;Affitto e gestione di terreni per telecomunicazioni propri o in locazione                                                                                                                                                                                      ;4;0.03;94.14
DOMESTICI SPERIMENTAZIONE RICARICA VEICOLI ELETTRI;USI DOMESTICI RESIDENTI  ;Abitazioni private                                                                                                                                                                                                                                             ;3;0.02;94.16
BASSA TENSIONE POTENZA DISPONIBILE OLTRE 16,5 KW;BT CLIENTI LIBERI F3     ;2022Taglio e piallatura del legno                                                                                                                                                                                                                              ;3;0.02;94.18
BASSA TENSIONE POTENZA IMPEGNATA DA 6,1 A 10 KW;BT CLIENTI LIBERI F3     ;2022Riparazioni meccaniche di autoveicoli                                                                                                                                                                                                                      ;3;0.02;94.2
BASSA TENSIONE POTENZA DISPONIBILE OLTRE 16,5 KW;BT CLIENTI LIBERI F3     ;Produzione di pane e prodotti di panetteria simili                                                                                                                                                                                                             ;3;0.02;94.22
BASSA TENSIONE POTENZA IMPEGNATA DA 6,1 A 10 KW;BT CLIENTI LIBERI F3     ;2022Supermercati                                                                                                                                                                                                                                               ;3;0.02;94.24
BASSA TENSIONE POTENZA IMPEGNATA DA 1,6 A 3 KW;BT CLIENTI LIBERI F3     ;2022Corsi sportivi e ricreativi                                                                                                                                                                                                                                ;3;0.02;94.26
BASSA TENSIONE POTENZA IMPEGNATA DA 6,1 A 10 KW;BT CLIENTI LIBERI F3     ;2022Fabbricazione di mobili per arredo domestico                                                                                                                                                                                                               ;3;0.02;94.28
BASSA TENSIONE POTENZA IMPEGNATA DA 6,1 A 10 KW;BT CLIENTI LIBERI F3     ;2022Fabbricazione di porte e finestre in legno (escluse porte blindate)                                                                                                                                                                                        ;3;0.02;94.3
BASSA TENSIONE POTENZA IMPEGNATA DA 1,6 A 3 KW;BT CLIENTI LIBERI F3     ;2022Commercio al dettaglio di articoli di profumeria, prodotti per toletta e per l'igiene personale                                                                                                                                                            ;3;0.02;94.32
BASSA TENSIONE POTENZA IMPEGNATA DA 3,1 A 6 KW;BT CLIENTI LIBERI F3     ;2022Amministrazione di condomini e gestione di beni immobili per conto terzi                                                                                                                                                                                   ;3;0.02;94.34
BASSA TENSIONE POTENZA IMPEGNATA DA 6,1 A 10 KW;BT CLIENTI LIBERI F3     ;Magazzinaggio e deposito non refrigerato                                                                                                                                                                                                                       ;3;0.02;94.36
BASSA TENSIONE POTENZA DISPONIBILE OLTRE 16,5 KW;BT CLIENTI LIBERI F3     ;2022Riparazione di carrozzerie di autoveicoli                                                                                                                                                                                                                  ;3;0.02;94.38
BASSA TENSIONE POTENZA DISPONIBILE OLTRE 16,5 KW;BT CLIENTI LIBERI F3     ;Attività di organizzazioni ed enti sportivi e promozione di eventi sportivi                                                                                                                                                                                    ;3;0.02;94.4
BASSA TENSIONE POTENZA IMPEGNATA DA 3,1 A 6 KW;BT CLIENTI LIBERI F3     ;2022Servizi di pompe funebri e attività connesse                                                                                                                                                                                                               ;3;0.02;94.42
BASSA TENSIONE POTENZA IMPEGNATA DA 1,6 A 3 KW;BT CLIENTI LIBERI F3     ;Altre intermediazioni monetarie fornite da istituti monetari diversi dalla banca centrale                                                                                                                                                                      ;3;0.02;94.44
BASSA TENSIONE POTENZA IMPEGNATA DA 3,1 A 6 KW;BT CLIENTI LIBERI F3     ;2022Altre attività connesse alle telecomunicazioni n.c.a.                                                                                                                                                                                                      ;3;0.02;94.46
BASSA TENSIONE POTENZA IMPEGNATA DA 3,1 A 6 KW;BT CLIENTI LIBERI F3     ;2022Consulenza nel settore delle tecnologie dell'informatica                                                                                                                                                                                                   ;3;0.02;94.48
BASSA TENSIONE POTENZA DISPONIBILE OLTRE 16,5 KW;BT CLIENTI LIBERI F3     ;Servizi di alloggio in aziende agricole                                                                                                                                                                                                                        ;3;0.02;94.5
BASSA TENSIONE POTENZA IMPEGNATA DA 3,1 A 6 KW;BT CLIENTI LIBERI F3     ;Attività di servizi per la cura del paesaggio                                                                                                                                                                                                                  ;3;0.02;94.52
BASSA TENSIONE POTENZA IMPEGNATA DA 3,1 A 6 KW;BT CLIENTI LIBERI F3     ;Attività di somministrazione di bevande                                                                                                                                                                                                                        ;3;0.02;94.54
BASSA TENSIONE POTENZA IMPEGNATA DA 3,1 A 6 KW;BT CLIENTI LIBERI F3     ;2022Telecomunicazioni fisse                                                                                                                                                                                                                                    ;3;0.02;94.56
BASSA TENSIONE POTENZA IMPEGNATA DA 1,6 A 3 KW;BT CLIENTI LIBERI F3     ;Attività di altre organizzazioni associative                                                                                                                                                                                                                   ;3;0.02;94.58
BASSA TENSIONE POTENZA DISPONIBILE OLTRE 16,5 KW;BT CLIENTI LIBERI F3     ;Coltivazioni agricole associate all'allevamento di animali: attività mista                                                                                                                                                                                     ;3;0.02;94.6
BASSA TENSIONE POTENZA IMPEGNATA DA 3,1 A 6 KW;BT CLIENTI LIBERI F3     ;2022Ordine pubblico e sicurezza nazionale                                                                                                                                                                                                                      ;3;0.02;94.62
BASSA TENSIONE POTENZA DISPONIBILE OLTRE 16,5 KW;BT CLIENTI LIBERI F3     ;Fabbricazione di strutture metalliche e di parti di strutture metalliche                                                                                                                                                                                       ;3;0.02;94.64
BASSA TENSIONE POTENZA IMPEGNATA DA 3,1 A 6 KW;BT CLIENTI LIBERI F3     ;Commercio al dettaglio di articoli di abbigliamento                                                                                                                                                                                                            ;3;0.02;94.66
BASSA TENSIONE POTENZA DISPONIBILE OLTRE 16,5 KW;BT F3 UPSA               ;Produzione di energia elettrica da fonti non rinnovabili                                                                                                                                                                                                       ;3;0.02;94.68
BASSA TENSIONE POTENZA IMPEGNATA DA 1,6 A 3 KW;BT CLIENTI LIBERI F3     ;2022Agenti di assicurazioni                                                                                                                                                                                                                                    ;3;0.02;94.7
BASSA TENSIONE POTENZA DISPONIBILE OLTRE 16,5 KW;BT CLIENTI LIBERI F3     ;Produzione di derivati del latte                                                                                                                                                                                                                               ;3;0.02;94.72
BASSA TENSIONE POTENZA IMPEGNATA DA 3,1 A 6 KW;BT CLIENTI LIBERI F3     ;Coltivazione di colture agricole non permanenti                                                                                                                                                                                                                ;3;0.02;94.74
BASSA TENSIONE POTENZA IMPEGNATA DA 1,6 A 3 KW;BT CLIENTI LIBERI F3     ;Affitto e gestione di terreni per telecomunicazioni propri o in locazione                                                                                                                                                                                      ;3;0.02;94.76
BASSA TENSIONE POTENZA IMPEGNATA DA 6,1 A 10 KW;BT CLIENTI LIBERI F3     ;Attività di telecomunicazioni fisse, mobili e satellitari                                                                                                                                                                                                      ;3;0.02;94.78
BASSA TENSIONE POTENZA IMPEGNATA DA 6,1 A 10 KW;BT CLIENTI LIBERI F3     ;Attività sportive                                                                                                                                                                                                                                              ;3;0.02;94.8
BASSA TENSIONE POTENZA IMPEGNATA DA 3,1 A 6 KW;BT CLIENTI LIBERI F3     ;Fabbricazione di prodotti in legno, sughero, paglia e materiali da intreccio                                                                                                                                                                                   ;3;0.02;94.82
BASSA TENSIONE POTENZA DISPONIBILE OLTRE 16,5 KW;BT CLIENTI LIBERI F3     ;Costruzione di strade e autostrade                                                                                                                                                                                                                             ;3;0.02;94.84
BASSA TENSIONE POTENZA IMPEGNATA DA 10,1 A 15 KW;BT CLIENTI LIBERI F3     ;2022Ristoranti e attività di ristorazione mobile                                                                                                                                                                                                               ;3;0.02;94.86
BASSA TENSIONE POTENZA IMPEGNATA DA 1,6 A 3 KW;BT CLIENTI LIBERI F3     ;Installazione di impianti di illuminazione e fotovoltaici in edifici                                                                                                                                                                                           ;3;0.02;94.88
BASSA TENSIONE POTENZA IMPEGNATA FINO 1,5 KW;BT CLIENTI LIBERI F3     ;Attività di telecomunicazioni fisse, mobili e satellitari                                                                                                                                                                                                      ;3;0.02;94.9
BASSA TENSIONE POTENZA IMPEGNATA DA 6,1 A 10 KW;BT F3 UPSA               ;Produzione di energia elettrica da fonti non rinnovabili                                                                                                                                                                                                       ;3;0.02;94.92
BASSA TENSIONE POTENZA IMPEGNATA DA 6,1 A 10 KW;BT CLIENTI LIBERI F3     ;Commercio al dettaglio di articoli di abbigliamento per adulti                                                                                                                                                                                                 ;3;0.02;94.94
BASSA TENSIONE POTENZA IMPEGNATA DA 1,6 A 3 KW;BT CLIENTI LIBERI F3     ;Commercio al dettaglio di ferramenta, vernici, vetro e materiale elettrico e termoidraulico                                                                                                                                                                    ;3;0.02;94.96
BASSA TENSIONE POTENZA IMPEGNATA DA 3,1 A 6 KW;BT CLIENTI LIBERI F3     ;2022Altre attività di trasporti terrestri di passeggeri n.c.a.                                                                                                                                                                                                 ;3;0.02;94.98
BASSA TENSIONE POTENZA IMPEGNATA DA 6,1 A 10 KW;BT CLIENTI LIBERI F3     ;Raccolta di rifiuti non pericolosi                                                                                                                                                                                                                             ;3;0.02;95.0
BASSA TENSIONE POTENZA IMPEGNATA DA 10,1 A 15 KW;BT CLIENTI LIBERI F3     ;Istruzione secondaria e post-secondaria non terziaria                                                                                                                                                                                                          ;3;0.02;95.02
BASSA TENSIONE POTENZA IMPEGNATA DA 1,6 A 3 KW;BT CLIENTI LIBERI F3     ;Elaborazione e supervisione di progetti da parte di geometri                                                                                                                                                                                                   ;3;0.02;95.04
BASSA TENSIONE POTENZA IMPEGNATA DA 1,6 A 3 KW;BT CLIENTI LIBERI F3     ;Commercio al dettaglio di articoli di abbigliamento                                                                                                                                                                                                            ;3;0.02;95.06
BASSA TENSIONE POTENZA IMPEGNATA DA 6,1 A 10 KW;BT CLIENTI LIBERI F3     ;2022Minimercati ed altri esercizi non specializzati di alimentari vari                                                                                                                                                                                         ;2;0.02;95.08
BASSA TENSIONE POTENZA IMPEGNATA DA 3,1 A 6 KW;BT CLIENTI LIBERI F3     ;Rivestimento di pavimenti e di pareti                                                                                                                                                                                                                          ;2;0.02;95.1
BASSA TENSIONE POTENZA IMPEGNATA DA 6,1 A 10 KW;BT CLIENTI LIBERI F3     ;2022Colonie marine e montane                                                                                                                                                                                                                                   ;2;0.02;95.12
BASSA TENSIONE POTENZA IMPEGNATA DA 6,1 A 10 KW;BT CLIENTI LIBERI F3     ;2022Altre attività connesse alle telecomunicazioni n.c.a.                                                                                                                                                                                                      ;2;0.02;95.14
BASSA TENSIONE POTENZA DISPONIBILE OLTRE 16,5 KW;BT CLIENTI LIBERI F3     ;Altre intermediazioni monetarie fornite da istituti monetari diversi dalla banca centrale                                                                                                                                                                      ;2;0.02;95.16
BASSA TENSIONE POTENZA DISPONIBILE OLTRE 16,5 KW;BT CLIENTI LIBERI F3     ;2022Supermercati                                                                                                                                                                                                                                               ;2;0.02;95.18
BASSA TENSIONE POTENZA IMPEGNATA FINO 1,5 KW;BT CLIENTI LIBERI F3     ;Commercio al dettaglio di articoli di abbigliamento per adulti                                                                                                                                                                                                 ;2;0.02;95.2
BASSA TENSIONE POTENZA DISPONIBILE OLTRE 16,5 KW;BT CLIENTI LIBERI F3     ;Amministrazione dello Stato e delle politiche economiche, sociali e ambientali della comunità                                                                                                                                                                  ;2;0.02;95.22
BASSA TENSIONE POTENZA IMPEGNATA FINO 1,5 KW;BT CLIENTI LIBERI F3     ;Allevamento di bovini da latte                                                                                                                                                                                                                                 ;2;0.02;95.24
BASSA TENSIONE POTENZA DISPONIBILE OLTRE 16,5 KW;BT CLIENTI LIBERI F3     ;2022Gestione di impianti sportivi polivalenti                                                                                                                                                                                                                  ;2;0.02;95.26
BASSA TENSIONE POTENZA IMPEGNATA DA 1,6 A 3 KW;BT CLIENTI LIBERI F3     ;Produzione di energia elettrica da fonti non rinnovabili                                                                                                                                                                                                       ;2;0.02;95.28
BASSA TENSIONE POTENZA DISPONIBILE OLTRE 16,5 KW;BT CLIENTI LIBERI F3     ;2022Fabbricazione di stand, strutture simili per convegni e fiere e altri elementi in legno e di falegnameria per l'edilizia                                                                                                                                   ;2;0.02;95.3
DOMESTICI;USI DOMESTICI NON RESID. ;Affitto e gestione di beni immobili propri o in locazione n.c.a.                                                                                                                                                                                               ;2;0.02;95.32
BASSA TENSIONE POTENZA IMPEGNATA DA 6,1 A 10 KW;BT CLIENTI LIBERI F3     ;2022Ristoranti e attività di ristorazione mobile                                                                                                                                                                                                               ;2;0.02;95.34
BASSA TENSIONE POTENZA DISPONIBILE OLTRE 16,5 KW;BT CLIENTI LIBERI F3     ;Trasmissione di energia elettrica                                                                                                                                                                                                                              ;2;0.02;95.36
BASSA TENSIONE POTENZA DISPONIBILE OLTRE 16,5 KW;BT CLIENTI LIBERI F3     ;2022Gelaterie e pasticcerie                                                                                                                                                                                                                                    ;2;0.02;95.38
BASSA TENSIONE POTENZA IMPEGNATA DA 6,1 A 10 KW;BT CLIENTI LIBERI F3     ;2022Servizi forniti da esperti contabili                                                                                                                                                                                                                       ;2;0.02;95.4
BASSA TENSIONE POTENZA IMPEGNATA DA 6,1 A 10 KW;BT CLIENTI LIBERI F3     ;2022Tinteggiatura e posa in opera di vetri                                                                                                                                                                                                                     ;2;0.02;95.42
BASSA TENSIONE POTENZA IMPEGNATA DA 6,1 A 10 KW;BT CLIENTI LIBERI F3     ;Allevamento di bovini da latte                                                                                                                                                                                                                                 ;2;0.02;95.44
BASSA TENSIONE POTENZA IMPEGNATA DA 1,6 A 3 KW;BT CLIENTI LIBERI F3     ;2022Attività di consulenza per la gestione della logistica aziendale                                                                                                                                                                                           ;2;0.02;95.46
BASSA TENSIONE POTENZA IMPEGNATA DA 3,1 A 6 KW;BT CLIENTI LIBERI F3     ;Trasporto di linea di passeggeri su strada                                                                                                                                                                                                                     ;2;0.02;95.48
BASSA TENSIONE POTENZA IMPEGNATA DA 3,1 A 6 KW;BT CLIENTI LIBERI F3     ;Tinteggiatura e posa in opera di vetri                                                                                                                                                                                                                         ;2;0.02;95.5
BASSA TENSIONE POTENZA IMPEGNATA DA 3,1 A 6 KW;BT CLIENTI LIBERI F3     ;Telecomunicazioni                                                                                                                                                                                                                                              ;2;0.02;95.52
BASSA TENSIONE POTENZA IMPEGNATA DA 1,6 A 3 KW;BT CLIENTI LIBERI F3     ;2022Commercio all'ingrosso di altri materiali da costruzione                                                                                                                                                                                                   ;2;0.02;95.54
BASSA TENSIONE POTENZA IMPEGNATA DA 3,1 A 6 KW;BT CLIENTI LIBERI F3     ;Raccolta, trattamento e fornitura di acqua                                                                                                                                                                                                                     ;2;0.02;95.56
BASSA TENSIONE POTENZA IMPEGNATA DA 1,6 A 3 KW;BT CLIENTI LIBERI F3     ;2022Altre attività di pulizia specializzata di edifici e di impianti e macchinari industriali                                                                                                                                                                  ;2;0.02;95.58
BASSA TENSIONE POTENZA IMPEGNATA DA 3,1 A 6 KW;BT CLIENTI LIBERI F3     ;Commercio al dettaglio di medicinali soggetti a prescrizione medica                                                                                                                                                                                            ;2;0.02;95.6
BASSA TENSIONE POTENZA IMPEGNATA DA 3,1 A 6 KW;BT CLIENTI LIBERI F3     ;Commercio al dettaglio di prodotti per la pulizia                                                                                                                                                                                                              ;2;0.02;95.62
BASSA TENSIONE POTENZA IMPEGNATA DA 6,1 A 10 KW;BT CLIENTI LIBERI F3     ;2022Servizi dei saloni di barbiere e parrucchiere                                                                                                                                                                                                              ;2;0.02;95.64
BASSA TENSIONE POTENZA IMPEGNATA DA 1,6 A 3 KW;BT CLIENTI LIBERI F3     ;2022Altre attività di consulenza imprenditoriale e altra consulenza amministrativo-gestionale e pianificazione aziendale                                                                                                                                       ;2;0.02;95.66
BASSA TENSIONE POTENZA IMPEGNATA DA 3,1 A 6 KW;BT CLIENTI LIBERI F3     ;Noleggio e leasing operativo di altre attrezzature e articoli sportivi e ricreativi                                                                                                                                                                            ;2;0.02;95.68
BASSA TENSIONE POTENZA IMPEGNATA DA 3,1 A 6 KW;BT CLIENTI LIBERI F3     ;Commercio al dettaglio di frutta e verdura fresca                                                                                                                                                                                                              ;2;0.02;95.7
BASSA TENSIONE POTENZA IMPEGNATA DA 1,6 A 3 KW;BT CLIENTI LIBERI F3     ;Attività di altre organizzazioni associative varie n.c.a.                                                                                                                                                                                                      ;2;0.02;95.72
BASSA TENSIONE POTENZA IMPEGNATA DA 3,1 A 6 KW;BT CLIENTI LIBERI F3     ;Commercio al dettaglio di calzature e articoli in pelle                                                                                                                                                                                                        ;2;0.02;95.74
BASSA TENSIONE POTENZA IMPEGNATA DA 1,6 A 3 KW;BT CLIENTI LIBERI F3     ;Attività di agenzie di viaggio                                                                                                                                                                                                                                 ;2;0.02;95.76
BASSA TENSIONE POTENZA IMPEGNATA DA 1,6 A 3 KW;BT CLIENTI LIBERI F3     ;Attività di agenti e intermediari delle assicurazioni                                                                                                                                                                                                          ;2;0.02;95.78
BASSA TENSIONE POTENZA IMPEGNATA DA 3,1 A 6 KW;BT CLIENTI LIBERI F3     ;Commercio al dettaglio di bevande                                                                                                                                                                                                                              ;2;0.02;95.8
BASSA TENSIONE POTENZA IMPEGNATA DA 1,6 A 3 KW;BT CLIENTI LIBERI F3     ;2022Fabbricazione di porte e finestre in legno (escluse porte blindate)                                                                                                                                                                                        ;2;0.02;95.82
BASSA TENSIONE POTENZA IMPEGNATA DA 3,1 A 6 KW;BT CLIENTI LIBERI F3     ;Attività postali con obbligo di servizio universale                                                                                                                                                                                                            ;2;0.02;95.84
BASSA TENSIONE POTENZA IMPEGNATA DA 3,1 A 6 KW;BT CLIENTI LIBERI F3     ;Coltivazioni agricole associate all'allevamento di animali: attività mista                                                                                                                                                                                     ;2;0.02;95.86
BASSA TENSIONE POTENZA IMPEGNATA DA 3,1 A 6 KW;BT CLIENTI LIBERI F3     ;Consulenza imprenditoriale e altre attività di consulenza gestionale                                                                                                                                                                                           ;2;0.02;95.88
BASSA TENSIONE POTENZA IMPEGNATA DA 6,1 A 10 KW;BT CLIENTI LIBERI F3     ;Coltivazioni agricole associate all'allevamento di animali: attività mista                                                                                                                                                                                     ;2;0.02;95.9
BASSA TENSIONE POTENZA DISPONIBILE OLTRE 16,5 KW;BT CLIENTI LIBERI F3     ;Fornitura di vapore e aria condizionata                                                                                                                                                                                                                        ;2;0.02;95.92
BASSA TENSIONE POTENZA IMPEGNATA DA 6,1 A 10 KW;BT CLIENTI LIBERI F3     ;Attività di somministrazione di bevande in bar e caffetterie                                                                                                                                                                                                   ;2;0.02;95.94
BASSA TENSIONE POTENZA IMPEGNATA DA 6,1 A 10 KW;BT CLIENTI LIBERI F3     ;2022Servizi degli istituti di bellezza                                                                                                                                                                                                                         ;2;0.02;95.96
BASSA TENSIONE POTENZA IMPEGNATA DA 1,6 A 3 KW;BT CLIENTI LIBERI F3     ;2022Commercio al dettaglio di mobili per la casa                                                                                                                                                                                                               ;2;0.02;95.98
BASSA TENSIONE POTENZA IMPEGNATA DA 3,1 A 6 KW;BT CLIENTI LIBERI F3     ;Magazzinaggio e deposito                                                                                                                                                                                                                                       ;2;0.02;96.0
BASSA TENSIONE POTENZA IMPEGNATA DA 3,1 A 6 KW;BT CLIENTI LIBERI F3     ;Trasporto di merci su strada                                                                                                                                                                                                                                   ;2;0.02;96.02
BASSA TENSIONE POTENZA IMPEGNATA DA 1,6 A 3 KW;BT CLIENTI LIBERI F3     ;2022Fisioterapia                                                                                                                                                                                                                                               ;2;0.02;96.04
BASSA TENSIONE POTENZA IMPEGNATA DA 1,6 A 3 KW;BT CLIENTI LIBERI F3     ;2022Servizi degli istituti di bellezza                                                                                                                                                                                                                         ;2;0.02;96.06
BASSA TENSIONE POTENZA IMPEGNATA DA 3,1 A 6 KW;BT CLIENTI LIBERI F3     ;Utilizzo di aree forestali                                                                                                                                                                                                                                     ;2;0.02;96.08
BASSA TENSIONE POTENZA IMPEGNATA DA 3,1 A 6 KW;BT CLIENTI LIBERI F3     ;Installazione di impianti di illuminazione e fotovoltaici in edifici                                                                                                                                                                                           ;2;0.02;96.1
BASSA TENSIONE POTENZA IMPEGNATA DA 1,6 A 3 KW;BT CLIENTI LIBERI F3     ;Altri servizi di supporto alle imprese n.c.a.                                                                                                                                                                                                                  ;2;0.02;96.12
BASSA TENSIONE POTENZA IMPEGNATA DA 1,6 A 3 KW;BT CLIENTI LIBERI F3     ;Attività di telecomunicazioni fisse, mobili e satellitari                                                                                                                                                                                                      ;2;0.02;96.14
BASSA TENSIONE POTENZA IMPEGNATA DA 1,6 A 3 KW;BT CLIENTI LIBERI F3     ;Attività di trasmissione radiofonica e distribuzione di audio                                                                                                                                                                                                  ;2;0.02;96.16
BASSA TENSIONE POTENZA IMPEGNATA DA 1,6 A 3 KW;BT CLIENTI LIBERI F3     ;Attività postali con obbligo di servizio universale                                                                                                                                                                                                            ;2;0.02;96.18
BASSA TENSIONE POTENZA IMPEGNATA DA 3,1 A 6 KW;BT CLIENTI LIBERI F3     ;Altri servizi di supporto al trasporto terrestre                                                                                                                                                                                                               ;2;0.02;96.2
BASSA TENSIONE POTENZA IMPEGNATA DA 3,1 A 6 KW;BT CLIENTI LIBERI F3     ;Attività dei club sportivi                                                                                                                                                                                                                                     ;2;0.02;96.22
BASSA TENSIONE POTENZA IMPEGNATA DA 3,1 A 6 KW;BT CLIENTI LIBERI F3     ;2022Intonacatura e stuccatura                                                                                                                                                                                                                                  ;2;0.02;96.24
BASSA TENSIONE POTENZA IMPEGNATA DA 3,1 A 6 KW;BT CLIENTI LIBERI F3     ;2022Minimercati ed altri esercizi non specializzati di alimentari vari                                                                                                                                                                                         ;2;0.02;96.26
BASSA TENSIONE POTENZA DISPONIBILE OLTRE 16,5 KW;BT CLIENTI LIBERI F3     ;Servizi di alloggio per vacanze e altri soggiorni di breve durata                                                                                                                                                                                              ;2;0.02;96.28
BASSA TENSIONE POTENZA IMPEGNATA DA 1,6 A 3 KW;BT CLIENTI LIBERI F3     ;2022Servizi forniti da commercialisti                                                                                                                                                                                                                          ;2;0.02;96.3
BASSA TENSIONE POTENZA IMPEGNATA DA 3,1 A 6 KW;BT CLIENTI LIBERI F3     ;Allevamento di animali                                                                                                                                                                                                                                         ;2;0.02;96.32
BASSA TENSIONE POTENZA DISPONIBILE OLTRE 16,5 KW;BT CLIENTI LIBERI F3     ;Commercio al dettaglio di altri prodotti vari non di seconda mano n.c.a.                                                                                                                                                                                       ;2;0.02;96.34
BASSA TENSIONE POTENZA DISPONIBILE OLTRE 16,5 KW;BT CLIENTI LIBERI F3     ;Commercio al dettaglio di articoli di abbigliamento per adulti                                                                                                                                                                                                 ;2;0.02;96.36
BASSA TENSIONE POTENZA IMPEGNATA DA 6,1 A 10 KW;BT CLIENTI LIBERI F3     ;Fabbricazione di prodotti in legno, sughero, paglia e materiali da intreccio                                                                                                                                                                                   ;2;0.02;96.38
BASSA TENSIONE POTENZA IMPEGNATA DA 6,1 A 10 KW;BT CLIENTI LIBERI F3     ;Installazione di impianti geotermici                                                                                                                                                                                                                           ;2;0.02;96.4
BASSA TENSIONE POTENZA DISPONIBILE OLTRE 16,5 KW;BT CLIENTI LIBERI F3     ;Raccolta di rifiuti non pericolosi                                                                                                                                                                                                                             ;2;0.02;96.42
BASSA TENSIONE POTENZA IMPEGNATA DA 6,1 A 10 KW;BT CLIENTI LIBERI F3     ;Commercio al dettaglio di medicinali soggetti a prescrizione medica                                                                                                                                                                                            ;2;0.02;96.44
BASSA TENSIONE POTENZA IMPEGNATA DA 6,1 A 10 KW;BT CLIENTI LIBERI F3     ;Commercio al dettaglio di frutta e verdura fresca                                                                                                                                                                                                              ;2;0.02;96.46
BASSA TENSIONE POTENZA IMPEGNATA DA 6,1 A 10 KW;BT CLIENTI LIBERI F3     ;Commercio al dettaglio di carne e di prodotti a base di carne                                                                                                                                                                                                  ;2;0.02;96.48
BASSA TENSIONE POTENZA IMPEGNATA DA 6,1 A 10 KW;BT CLIENTI LIBERI F3     ;Trasporto di merci su strada e servizi di trasloco                                                                                                                                                                                                             ;2;0.02;96.5
BASSA TENSIONE POTENZA IMPEGNATA DA 6,1 A 10 KW;BT CLIENTI LIBERI F3     ;Raccolta, trattamento e fornitura di acqua                                                                                                                                                                                                                     ;2;0.02;96.52
BASSA TENSIONE POTENZA IMPEGNATA DA 6,1 A 10 KW;BT CLIENTI LIBERI F3     ;Servizi di alloggio in aziende agricole                                                                                                                                                                                                                        ;2;0.02;96.54
BASSA TENSIONE POTENZA IMPEGNATA DA 3,1 A 6 KW;BT CLIENTI LIBERI F3     ;2022Apicoltura                                                                                                                                                                                                                                                 ;2;0.02;96.56
BASSA TENSIONE POTENZA DISPONIBILE OLTRE 16,5 KW;BT CLIENTI LIBERI F3     ;Istruzione secondaria di formazione generale di primo grado                                                                                                                                                                                                    ;2;0.02;96.58
BASSA TENSIONE POTENZA IMPEGNATA DA 1,6 A 3 KW;BT CLIENTI LIBERI F3     ;Commercio al dettaglio non specializzato con prevalenza di prodotti alimentari, bevande o tabacchi                                                                                                                                                             ;2;0.02;96.6
BASSA TENSIONE POTENZA IMPEGNATA DA 3,1 A 6 KW;BT CLIENTI LIBERI F3     ;2022Attività degli studi di architettura                                                                                                                                                                                                                       ;2;0.02;96.62
BASSA TENSIONE POTENZA DISPONIBILE OLTRE 16,5 KW;BT CLIENTI LIBERI F3     ;Attività delle organizzazioni religiose                                                                                                                                                                                                                        ;2;0.02;96.64
BASSA TENSIONE POTENZA IMPEGNATA DA 1,6 A 3 KW;BT CLIENTI LIBERI F3     ;Attività di ingegneria                                                                                                                                                                                                                                         ;2;0.02;96.66
BASSA TENSIONE POTENZA IMPEGNATA DA 1,6 A 3 KW;BT CLIENTI LIBERI F3     ;Commercio al dettaglio di fiori, piante e fertilizzanti                                                                                                                                                                                                        ;2;0.02;96.68
BASSA TENSIONE POTENZA IMPEGNATA DA 1,6 A 3 KW;BT CLIENTI LIBERI F3     ;Commercio al dettaglio di giornali e altre pubblicazioni periodiche                                                                                                                                                                                            ;2;0.02;96.7
BASSA TENSIONE POTENZA IMPEGNATA DA 3,1 A 6 KW;BT CLIENTI LIBERI F3     ;2022Altre attività di intrattenimento e di divertimento n.c.a.                                                                                                                                                                                                 ;2;0.02;96.72
BASSA TENSIONE POTENZA IMPEGNATA DA 3,1 A 6 KW;BT CLIENTI LIBERI F3     ;2022Altre attività professionali n.c.a.                                                                                                                                                                                                                        ;2;0.02;96.74
BASSA TENSIONE POTENZA DISPONIBILE OLTRE 16,5 KW;BT CLIENTI LIBERI F3     ;Commercio al dettaglio di carne e di prodotti a base di carne                                                                                                                                                                                                  ;2;0.02;96.76
BASSA TENSIONE POTENZA IMPEGNATA FINO 1,5 KW;BT CLIENTI LIBERI F3     ;2022Servizi connessi ai sistemi di vigilanza                                                                                                                                                                                                                   ;2;0.02;96.78
BASSA TENSIONE POTENZA IMPEGNATA FINO 1,5 KW;BT CLIENTI LIBERI F3     ;2022Commercio al dettaglio di articoli sportivi, biciclette e articoli per il tempo libero                                                                                                                                                                     ;2;0.02;96.8
BASSA TENSIONE POTENZA IMPEGNATA FINO 1,5 KW;BT CLIENTI LIBERI F3     ;2022Amministrazione di condomini e gestione di beni immobili per conto terzi                                                                                                                                                                                   ;2;0.02;96.82
BASSA TENSIONE POTENZA DISPONIBILE OLTRE 16,5 KW;BT CLIENTI LIBERI F3     ;Attività di somministrazione di bevande                                                                                                                                                                                                                        ;2;0.02;96.84
BASSA TENSIONE POTENZA IMPEGNATA DA 1,6 A 3 KW;BT CLIENTI LIBERI F3     ;Attività di medicina generale                                                                                                                                                                                                                                  ;2;0.02;96.86
BASSA TENSIONE POTENZA IMPEGNATA DA 10,1 A 15 KW;BT CLIENTI LIBERI F3     ;Attività delle organizzazioni religiose                                                                                                                                                                                                                        ;2;0.02;96.88
BASSA TENSIONE POTENZA DISPONIBILE OLTRE 16,5 KW;BT CLIENTI LIBERI F3     ;Costruzione di edifici residenziali e non residenziali                                                                                                                                                                                                         ;2;0.02;96.9
BASSA TENSIONE POTENZA IMPEGNATA DA 10,1 A 15 KW;BT CLIENTI LIBERI F3     ;2022Minimercati ed altri esercizi non specializzati di alimentari vari                                                                                                                                                                                         ;2;0.02;96.92
BASSA TENSIONE POTENZA IMPEGNATA DA 1,6 A 3 KW;BT CLIENTI LIBERI F3     ;Installazione di impianti geotermici                                                                                                                                                                                                                           ;2;0.02;96.94
BASSA TENSIONE POTENZA IMPEGNATA DA 1,6 A 3 KW;BT CLIENTI LIBERI F3     ;Magazzinaggio e deposito                                                                                                                                                                                                                                       ;2;0.02;96.96
BASSA TENSIONE POTENZA IMPEGNATA DA 1,6 A 3 KW;BT CLIENTI LIBERI F3     ;Posa in opera di infissi                                                                                                                                                                                                                                       ;2;0.02;96.98
BASSA TENSIONE POTENZA IMPEGNATA DA 1,6 A 3 KW;BT CLIENTI LIBERI F3     ;Preparazione del cantiere edile                                                                                                                                                                                                                                ;2;0.02;97.0
BASSA TENSIONE POTENZA IMPEGNATA DA 10,1 A 15 KW;BT CLIENTI LIBERI F3     ;Attività di organizzazioni associative culturali e ricreative                                                                                                                                                                                                  ;2;0.02;97.02
BASSA TENSIONE POTENZA IMPEGNATA DA 10,1 A 15 KW;BT CLIENTI LIBERI F3     ;Attività di telecomunicazioni fisse, mobili e satellitari                                                                                                                                                                                                      ;2;0.02;97.04
BASSA TENSIONE POTENZA DISPONIBILE OLTRE 16,5 KW;BT CLIENTI LIBERI F3     ;Commercio al dettaglio di pane                                                                                                                                                                                                                                 ;2;0.02;97.06
BASSA TENSIONE POTENZA IMPEGNATA FINO 1,5 KW;BT CLIENTI LIBERI F3     ;Attività di organizzazioni associative culturali e ricreative                                                                                                                                                                                                  ;2;0.02;97.08
BASSA TENSIONE POTENZA IMPEGNATA FINO 1,5 KW;BT CLIENTI LIBERI F3     ;Attività di altre organizzazioni associative                                                                                                                                                                                                                   ;2;0.02;97.1
BASSA TENSIONE POTENZA IMPEGNATA DA 1,6 A 3 KW;BT CLIENTI LIBERI F3     ;Commercio al dettaglio di libri                                                                                                                                                                                                                                ;2;0.02;97.12
BASSA TENSIONE POTENZA IMPEGNATA FINO 1,5 KW;BT CLIENTI LIBERI F3     ;Attività di programmazione e trasmissione televisive e di distribuzione di video                                                                                                                                                                               ;2;0.02;97.14
BASSA TENSIONE POTENZA IMPEGNATA FINO 1,5 KW;BT CLIENTI LIBERI F3     ;2022Altre attività professionali n.c.a.                                                                                                                                                                                                                        ;2;0.02;97.16
BASSA TENSIONE POTENZA DISPONIBILE OLTRE 16,5 KW;BT CLIENTI LIBERI F3     ;Attività di assistenza sociale non residenziale per anziani o persone con disabilità                                                                                                                                                                           ;2;0.02;97.18
BASSA TENSIONE POTENZA DISPONIBILE OLTRE 16,5 KW;BT CLIENTI LIBERI F3     ;Attività di ristoranti con servizio al tavolo, escluse gelaterie e pasticcerie                                                                                                                                                                                 ;2;0.02;97.2
BASSA TENSIONE POTENZA DISPONIBILE OLTRE 16,5 KW;BT CLIENTI LIBERI F3     ;Attività di rivendita di telecomunicazioni e attività di servizi di intermediazione per telecomunicazioni                                                                                                                                                      ;2;0.02;97.22
BASSA TENSIONE POTENZA IMPEGNATA DA 1,6 A 3 KW;BT CLIENTI LIBERI F3     ;Commercio al dettaglio di orologi e articoli di gioielleria                                                                                                                                                                                                    ;2;0.02;97.24
BASSA TENSIONE POTENZA IMPEGNATA DA 1,6 A 3 KW;BT CLIENTI LIBERI F3     ;Commercio al dettaglio di prodotti alimentari, bevande e tabacchi                                                                                                                                                                                              ;2;0.02;97.26
BASSA TENSIONE POTENZA IMPEGNATA DA 10,1 A 15 KW;BT CLIENTI LIBERI F3     ;2022Supermercati                                                                                                                                                                                                                                               ;2;0.02;97.28
BASSA TENSIONE POTENZA IMPEGNATA DA 10,1 A 15 KW;BT CLIENTI LIBERI F3     ;Amministrazione dello Stato e delle politiche economiche, sociali e ambientali della comunità                                                                                                                                                                  ;2;0.02;97.3
BASSA TENSIONE POTENZA IMPEGNATA DA 1,6 A 3 KW;BT CLIENTI LIBERI F3     ;Servizi di alloggio di alberghi e simili                                                                                                                                                                                                                       ;2;0.02;97.32
BASSA TENSIONE POTENZA IMPEGNATA DA 1,6 A 3 KW;BT CLIENTI LIBERI F3     ;Servizi veterinari                                                                                                                                                                                                                                             ;2;0.02;97.34
BASSA TENSIONE POTENZA IMPEGNATA DA 10,1 A 15 KW;BT CLIENTI LIBERI F3     ;2022Attività di ristorazione connesse alle aziende agricole                                                                                                                                                                                                    ;2;0.02;97.36
BASSA TENSIONE POTENZA IMPEGNATA DA 10,1 A 15 KW;BT CLIENTI LIBERI F3     ;2022Gelaterie e pasticcerie                                                                                                                                                                                                                                    ;2;0.02;97.38
BASSA TENSIONE POTENZA DISPONIBILE OLTRE 16,5 KW;BT CLIENTI LIBERI F3     ;2022Commercio all'ingrosso di prodotti petroliferi e lubrificanti per autotrazione, di combustibili per riscaldamento                                                                                                                                          ;1;0.01;97.39
BASSA TENSIONE POTENZA DISPONIBILE OLTRE 16,5 KW;BT CLIENTI LIBERI F3     ;2022Attività di lavanderie, tintorie tradizionali                                                                                                                                                                                                              ;1;0.01;97.4
BASSA TENSIONE POTENZA DISPONIBILE OLTRE 16,5 KW;BT CLIENTI LIBERI F3     ;2022Attività di ristorazione connesse alle aziende agricole                                                                                                                                                                                                    ;1;0.01;97.41
BASSA TENSIONE POTENZA DISPONIBILE OLTRE 16,5 KW;BT CLIENTI LIBERI F3     ;2022Commercio al dettaglio di articoli sportivi, biciclette e articoli per il tempo libero                                                                                                                                                                     ;1;0.01;97.42
BASSA TENSIONE POTENZA IMPEGNATA FINO 1,5 KW;BT FASCE ORARIE F3       ;2022Fabbricazione di stand, strutture simili per convegni e fiere e altri elementi in legno e di falegnameria per l'edilizia                                                                                                                                   ;1;0.01;97.43
BASSA TENSIONE POTENZA IMPEGNATA FINO 1,5 KW;BT F3 UPSA               ;Produzione di energia elettrica da fonti non rinnovabili                                                                                                                                                                                                       ;1;0.01;97.44
BASSA TENSIONE POTENZA IMPEGNATA FINO 1,5 KW;BT CLIENTI LIBERI F3     ;Raccolta dei rifiuti                                                                                                                                                                                                                                           ;1;0.01;97.45
BASSA TENSIONE POTENZA IMPEGNATA FINO 1,5 KW;BT CLIENTI LIBERI F3     ;Produzione di pane e prodotti di panetteria simili                                                                                                                                                                                                             ;1;0.01;97.46
BASSA TENSIONE POTENZA IMPEGNATA FINO 1,5 KW;BT CLIENTI LIBERI F3     ;Produzione di energia elettrica da fonti non rinnovabili                                                                                                                                                                                                       ;1;0.01;97.47
BASSA TENSIONE POTENZA IMPEGNATA FINO 1,5 KW;BT CLIENTI LIBERI F3     ;Preparazione del cantiere edile                                                                                                                                                                                                                                ;1;0.01;97.48
BASSA TENSIONE POTENZA DISPONIBILE OLTRE 16,5 KW;BT CLIENTI LIBERI F3     ;Allevamento di animali                                                                                                                                                                                                                                         ;1;0.01;97.49
BASSA TENSIONE POTENZA DISPONIBILE OLTRE 16,5 KW;BT CLIENTI LIBERI F3     ;Altra stampa                                                                                                                                                                                                                                                   ;1;0.01;97.5
BASSA TENSIONE POTENZA DISPONIBILE OLTRE 16,5 KW;BT CLIENTI LIBERI F3     ;Altri trasporti ferroviari di passeggeri                                                                                                                                                                                                                       ;1;0.01;97.51
BASSA TENSIONE POTENZA DISPONIBILE OLTRE 16,5 KW;BT CLIENTI LIBERI F3     ;Altri trasporti terrestri di passeggeri                                                                                                                                                                                                                        ;1;0.01;97.52
BASSA TENSIONE POTENZA DISPONIBILE OLTRE 16,5 KW;BT CLIENTI LIBERI F3     ;Altri trasporti terrestri di passeggeri n.c.a.                                                                                                                                                                                                                 ;1;0.01;97.53
BASSA TENSIONE POTENZA IMPEGNATA FINO 1,5 KW;BT CLIENTI LIBERI F3     ;Commercio al dettaglio di tabacco in qualsiasi forma                                                                                                                                                                                                           ;1;0.01;97.54
BASSA TENSIONE POTENZA IMPEGNATA FINO 1,5 KW;BT CLIENTI LIBERI F3     ;Edizione di software                                                                                                                                                                                                                                           ;1;0.01;97.55
BASSA TENSIONE POTENZA IMPEGNATA FINO 1,5 KW;BT CLIENTI LIBERI F3     ;Fornitura di vapore e aria condizionata                                                                                                                                                                                                                        ;1;0.01;97.56
BASSA TENSIONE POTENZA IMPEGNATA FINO 1,5 KW;BT CLIENTI LIBERI F3     ;Gestione di parcheggi e autorimesse                                                                                                                                                                                                                            ;1;0.01;97.57
BASSA TENSIONE POTENZA IMPEGNATA FINO 1,5 KW;BT CLIENTI LIBERI F3     ;Magazzinaggio e deposito                                                                                                                                                                                                                                       ;1;0.01;97.58
BASSA TENSIONE POTENZA IMPEGNATA FINO 1,5 KW;BT CLIENTI LIBERI F3     ;Attività di altre organizzazioni associative n.c.a.                                                                                                                                                                                                            ;1;0.01;97.59
BASSA TENSIONE POTENZA IMPEGNATA FINO 1,5 KW;BT CLIENTI LIBERI F3     ;Attività di altre organizzazioni associative varie n.c.a.                                                                                                                                                                                                      ;1;0.01;97.6
BASSA TENSIONE POTENZA IMPEGNATA FINO 1,5 KW;BT CLIENTI LIBERI F3     ;Caccia, cattura di animali e servizi connessi                                                                                                                                                                                                                  ;1;0.01;97.61
BASSA TENSIONE POTENZA IMPEGNATA FINO 1,5 KW;BT CLIENTI LIBERI F3     ;2022Altre attività di trasporti terrestri di passeggeri n.c.a.                                                                                                                                                                                                 ;1;0.01;97.62
BASSA TENSIONE POTENZA IMPEGNATA FINO 1,5 KW;BT CLIENTI LIBERI F3     ;2022Altre attività professionali, scientifiche e tecniche n.c.a.                                                                                                                                                                                               ;1;0.01;97.63
BASSA TENSIONE POTENZA DISPONIBILE OLTRE 16,5 KW;BT CLIENTI LIBERI F3     ;Attività di assistenza infermieristica residenziale                                                                                                                                                                                                            ;1;0.01;97.64
BASSA TENSIONE POTENZA IMPEGNATA DA 1,6 A 3 KW;BT FASCE ORARIE F3       ;Servizi di alloggio di alberghi e simili                                                                                                                                                                                                                       ;1;0.01;97.65
BASSA TENSIONE POTENZA IMPEGNATA DA 1,6 A 3 KW;BT FASCE ORARIE F3       ;Servizi generali degli edifici per abitazioni private                                                                                                                                                                                                          ;1;0.01;97.66
BASSA TENSIONE POTENZA IMPEGNATA DA 10,1 A 15 KW;BT CLIENTI LIBERI F3     ;2022Altre attività di intrattenimento e di divertimento n.c.a.                                                                                                                                                                                                 ;1;0.01;97.67
BASSA TENSIONE POTENZA IMPEGNATA DA 10,1 A 15 KW;BT CLIENTI LIBERI F3     ;2022Altri servizi di prenotazione e altre attività di assistenza turistica non svolte dalle agenzie di viaggio n.c.a.                                                                                                                                          ;1;0.01;97.68
BASSA TENSIONE POTENZA IMPEGNATA DA 1,6 A 3 KW;BT CLIENTI LIBERI F3     ;Sartoria e confezione su misura di abbigliamento esterno                                                                                                                                                                                                       ;1;0.01;97.69
BASSA TENSIONE POTENZA IMPEGNATA DA 1,6 A 3 KW;BT CLIENTI LIBERI F3     ;Telecomunicazioni                                                                                                                                                                                                                                              ;1;0.01;97.7
BASSA TENSIONE POTENZA IMPEGNATA DA 1,6 A 3 KW;BT CLIENTI LIBERI F3     ;Trasporto di linea di passeggeri su strada                                                                                                                                                                                                                     ;1;0.01;97.71
BASSA TENSIONE POTENZA IMPEGNATA DA 1,6 A 3 KW;BT CLIENTI LIBERI F3     ;Trasporto non di linea di passeggeri su strada                                                                                                                                                                                                                 ;1;0.01;97.72
BASSA TENSIONE POTENZA IMPEGNATA DA 1,6 A 3 KW;BT FASCE ORARIE F3       ;2022ALTRE ATTIVITÀ DI SERVIZI PER LA PERSONA                                                                                                                                                                                                                   ;1;0.01;97.73
BASSA TENSIONE POTENZA IMPEGNATA DA 1,6 A 3 KW;BT FASCE ORARIE F3       ;Allevamento di animali                                                                                                                                                                                                                                         ;1;0.01;97.74
BASSA TENSIONE POTENZA IMPEGNATA DA 1,6 A 3 KW;BT CLIENTI LIBERI F3     ;Fabbricazione di feltro e altri prodotti tessili diversi n.c.a.                                                                                                                                                                                                ;1;0.01;97.75
BASSA TENSIONE POTENZA IMPEGNATA DA 1,6 A 3 KW;BT CLIENTI LIBERI F3     ;Fabbricazione di prodotti in legno, sughero, paglia e materiali da intreccio                                                                                                                                                                                   ;1;0.01;97.76
BASSA TENSIONE POTENZA IMPEGNATA DA 1,6 A 3 KW;BT CLIENTI LIBERI F3     ;Formazione sportiva e ricreativa                                                                                                                                                                                                                               ;1;0.01;97.77
BASSA TENSIONE POTENZA IMPEGNATA DA 1,6 A 3 KW;BT CLIENTI LIBERI F3     ;Gestione di parcheggi e autorimesse                                                                                                                                                                                                                            ;1;0.01;97.78
BASSA TENSIONE POTENZA IMPEGNATA DA 1,6 A 3 KW;BT CLIENTI LIBERI F3     ;Gestione di progetti relativi a opere di ingegneria integrata                                                                                                                                                                                                  ;1;0.01;97.79
BASSA TENSIONE POTENZA IMPEGNATA DA 1,6 A 3 KW;BT CLIENTI LIBERI F3     ;Installazione di altre macchine e apparecchiature industriali                                                                                                                                                                                                  ;1;0.01;97.8
BASSA TENSIONE POTENZA IMPEGNATA DA 10,1 A 15 KW;BT CLIENTI LIBERI F3     ;2022Riparazioni meccaniche di autoveicoli                                                                                                                                                                                                                      ;1;0.01;97.81
BASSA TENSIONE POTENZA IMPEGNATA DA 1,6 A 3 KW;BT CLIENTI LIBERI F3     ;Installazione di impianti di spegnimento di incendi                                                                                                                                                                                                            ;1;0.01;97.82
BASSA TENSIONE POTENZA IMPEGNATA DA 1,6 A 3 KW;BT CLIENTI LIBERI F3     ;Installazione di impianti elettrici                                                                                                                                                                                                                            ;1;0.01;97.83
BASSA TENSIONE POTENZA IMPEGNATA DA 1,6 A 3 KW;BT CLIENTI LIBERI F3     ;Noleggio e leasing operativo di biciclette                                                                                                                                                                                                                     ;1;0.01;97.84
BASSA TENSIONE POTENZA IMPEGNATA DA 1,6 A 3 KW;BT CLIENTI LIBERI F3     ;Produzione di beni indifferenziati per uso proprio da parte di famiglie e convivenze                                                                                                                                                                           ;1;0.01;97.85
BASSA TENSIONE POTENZA IMPEGNATA DA 1,6 A 3 KW;BT CLIENTI LIBERI F3     ;Commercio al dettaglio di prodotti farmaceutici                                                                                                                                                                                                                ;1;0.01;97.86
BASSA TENSIONE POTENZA IMPEGNATA DA 1,6 A 3 KW;BT CLIENTI LIBERI F3     ;Commercio al dettaglio di tende                                                                                                                                                                                                                                ;1;0.01;97.87
BASSA TENSIONE POTENZA IMPEGNATA DA 1,6 A 3 KW;BT CLIENTI LIBERI F3     ;Commercio al dettaglio di tessuti per abbigliamento e arredamento                                                                                                                                                                                              ;1;0.01;97.88
BASSA TENSIONE POTENZA IMPEGNATA DA 10,1 A 15 KW;BT CLIENTI LIBERI F3     ;2022Ristorazione senza somministrazione con preparazione di cibi da asporto                                                                                                                                                                                    ;1;0.01;97.89
BASSA TENSIONE POTENZA IMPEGNATA DA 10,1 A 15 KW;BT CLIENTI LIBERI F3     ;2022Servizi degli istituti di bellezza                                                                                                                                                                                                                         ;1;0.01;97.9
BASSA TENSIONE POTENZA IMPEGNATA DA 10,1 A 15 KW;BT CLIENTI LIBERI F3     ;Allevamento di animali                                                                                                                                                                                                                                         ;1;0.01;97.91
BASSA TENSIONE POTENZA IMPEGNATA DA 10,1 A 15 KW;BT CLIENTI LIBERI F3     ;Altre attività creditizie                                                                                                                                                                                                                                      ;1;0.01;97.92
BASSA TENSIONE POTENZA IMPEGNATA DA 10,1 A 15 KW;BT CLIENTI LIBERI F3     ;Altre intermediazioni monetarie fornite da istituti monetari diversi dalla banca centrale                                                                                                                                                                      ;1;0.01;97.93
BASSA TENSIONE POTENZA IMPEGNATA DA 10,1 A 15 KW;BT CLIENTI LIBERI F3     ;Altri servizi di istruzione e formazione n.c.a.                                                                                                                                                                                                                ;1;0.01;97.94
BASSA TENSIONE POTENZA IMPEGNATA DA 1,6 A 3 KW;BT FASCE ORARIE F3       ;Attività di programmazione e trasmissione televisive e di distribuzione di video                                                                                                                                                                               ;1;0.01;97.95
BASSA TENSIONE POTENZA IMPEGNATA DA 1,6 A 3 KW;BT FASCE ORARIE F3       ;Attività legali e giuridiche                                                                                                                                                                                                                                   ;1;0.01;97.96
BASSA TENSIONE POTENZA IMPEGNATA DA 10,1 A 15 KW;BT CLIENTI LIBERI F3     ;Raccolta, trattamento e fornitura di acqua                                                                                                                                                                                                                     ;1;0.01;97.97
BASSA TENSIONE POTENZA IMPEGNATA DA 10,1 A 15 KW;BT CLIENTI LIBERI F3     ;Tinteggiatura e posa in opera di vetri                                                                                                                                                                                                                         ;1;0.01;97.98
BASSA TENSIONE POTENZA IMPEGNATA DA 10,1 A 15 KW;BT F3 UPSA               ;Produzione di energia elettrica da fonti non rinnovabili                                                                                                                                                                                                       ;1;0.01;97.99
BASSA TENSIONE POTENZA IMPEGNATA DA 10,1 A 15 KW;BT CLIENTI LIBERI F3     ;Attività dei club sportivi                                                                                                                                                                                                                                     ;1;0.01;98.0
BASSA TENSIONE POTENZA IMPEGNATA DA 10,1 A 15 KW;BT CLIENTI LIBERI F3     ;Attività di assistenza residenziale per anziani o persone con disabilità fisiche                                                                                                                                                                               ;1;0.01;98.01
BASSA TENSIONE POTENZA IMPEGNATA DA 10,1 A 15 KW;BT CLIENTI LIBERI F3     ;Attività di assistenza sociale non residenziale per anziani o persone con disabilità                                                                                                                                                                           ;1;0.01;98.02
BASSA TENSIONE POTENZA IMPEGNATA DA 10,1 A 15 KW;BT CLIENTI LIBERI F3     ;Attività di servizi integrati agli edifici                                                                                                                                                                                                                     ;1;0.01;98.03
BASSA TENSIONE POTENZA IMPEGNATA DA 10,1 A 15 KW;BT CLIENTI LIBERI F3     ;Attività di somministrazione di bevande                                                                                                                                                                                                                        ;1;0.01;98.04
BASSA TENSIONE POTENZA IMPEGNATA DA 10,1 A 15 KW;BT CLIENTI LIBERI F3     ;Attività di somministrazione di bevande in bar e caffetterie                                                                                                                                                                                                   ;1;0.01;98.05
BASSA TENSIONE POTENZA IMPEGNATA DA 10,1 A 15 KW;BT CLIENTI LIBERI F3     ;Attività odontoiatriche                                                                                                                                                                                                                                        ;1;0.01;98.06
BASSA TENSIONE POTENZA IMPEGNATA DA 10,1 A 15 KW;BT CLIENTI LIBERI F3     ;Coltivazioni agricole associate all'allevamento di animali: attività mista                                                                                                                                                                                     ;1;0.01;98.07
BASSA TENSIONE POTENZA IMPEGNATA DA 10,1 A 15 KW;BT CLIENTI LIBERI F3     ;Commercio al dettaglio di animali da compagnia e alimenti per animali da compagnia                                                                                                                                                                             ;1;0.01;98.08
BASSA TENSIONE POTENZA IMPEGNATA DA 10,1 A 15 KW;BT CLIENTI LIBERI F3     ;Commercio al dettaglio di carne e di prodotti a base di carne                                                                                                                                                                                                  ;1;0.01;98.09
BASSA TENSIONE POTENZA IMPEGNATA DA 10,1 A 15 KW;BT CLIENTI LIBERI F3     ;Fabbricazione di altre macchine di impiego generale n.c.a.                                                                                                                                                                                                     ;1;0.01;98.1
BASSA TENSIONE POTENZA IMPEGNATA DA 10,1 A 15 KW;BT CLIENTI LIBERI F3     ;2022Gestione di impianti sportivi polivalenti                                                                                                                                                                                                                  ;1;0.01;98.11
BASSA TENSIONE POTENZA IMPEGNATA DA 10,1 A 15 KW;BT CLIENTI LIBERI F3     ;2022Rifugi di montagna                                                                                                                                                                                                                                         ;1;0.01;98.12
BASSA TENSIONE POTENZA IMPEGNATA DA 10,1 A 15 KW;BT CLIENTI LIBERI F3     ;Intonacatura                                                                                                                                                                                                                                                   ;1;0.01;98.13
BASSA TENSIONE POTENZA IMPEGNATA DA 10,1 A 15 KW;BT CLIENTI LIBERI F3     ;Lavori di muratura                                                                                                                                                                                                                                             ;1;0.01;98.14
BASSA TENSIONE POTENZA IMPEGNATA DA 1,6 A 3 KW;BT CLIENTI LIBERI F3     ;Commercio al dettaglio non specializzato con prevalenza di mobili e articoli per uso domestico                                                                                                                                                                 ;1;0.01;98.15
BASSA TENSIONE POTENZA IMPEGNATA DA 1,6 A 3 KW;BT CLIENTI LIBERI F3     ;Commercio all'ingrosso di altri prodotti tessili                                                                                                                                                                                                               ;1;0.01;98.16
BASSA TENSIONE POTENZA IMPEGNATA DA 1,6 A 3 KW;BT CLIENTI LIBERI F3     ;Edizione di riviste e periodici                                                                                                                                                                                                                                ;1;0.01;98.17
BASSA TENSIONE POTENZA IMPEGNATA DA 1,6 A 3 KW;BT CLIENTI LIBERI F3     ;Fabbricazione di apparecchiature per le comunicazioni                                                                                                                                                                                                          ;1;0.01;98.18
BASSA TENSIONE POTENZA IMPEGNATA DA 1,6 A 3 KW;BT CLIENTI LIBERI F3     ;Fabbricazione di autoveicoli                                                                                                                                                                                                                                   ;1;0.01;98.19
BASSA TENSIONE POTENZA IMPEGNATA DA 1,6 A 3 KW;BT CLIENTI LIBERI F3     ;Fabbricazione di bigiotteria e articoli simili                                                                                                                                                                                                                 ;1;0.01;98.2
BASSA TENSIONE POTENZA IMPEGNATA DA 1,6 A 3 KW;BT CLIENTI LIBERI F3     ;Fabbricazione di calzature, escluse parti in cuoio per calzature                                                                                                                                                                                               ;1;0.01;98.21
BASSA TENSIONE POTENZA IMPEGNATA DA 1,6 A 3 KW;BT CLIENTI LIBERI F3     ;Coltivazione di spezie, piante aromatiche e farmaceutiche                                                                                                                                                                                                      ;1;0.01;98.22
BASSA TENSIONE POTENZA IMPEGNATA DA 1,6 A 3 KW;BT CLIENTI LIBERI F3     ;Commercio al dettaglio di apparecchiature informatiche e di comunicazione                                                                                                                                                                                      ;1;0.01;98.23
BASSA TENSIONE POTENZA IMPEGNATA DA 10,1 A 15 KW;BT CLIENTI LIBERI F3     ;Magazzinaggio e deposito non refrigerato                                                                                                                                                                                                                       ;1;0.01;98.24
BASSA TENSIONE POTENZA IMPEGNATA DA 10,1 A 15 KW;BT CLIENTI LIBERI F3     ;Posa in opera di porte blindate                                                                                                                                                                                                                                ;1;0.01;98.25
BASSA TENSIONE POTENZA IMPEGNATA DA 10,1 A 15 KW;BT CLIENTI LIBERI F3     ;Produzione di pane e prodotti di panetteria simili                                                                                                                                                                                                             ;1;0.01;98.26
BASSA TENSIONE POTENZA IMPEGNATA DA 10,1 A 15 KW;BT CLIENTI LIBERI F3     ;Produzione di prodotti di pasticceria freschi                                                                                                                                                                                                                  ;1;0.01;98.27
BASSA TENSIONE POTENZA IMPEGNATA DA 10,1 A 15 KW;BT CLIENTI LIBERI F3     ;Raccolta di rifiuti non pericolosi                                                                                                                                                                                                                             ;1;0.01;98.28
BASSA TENSIONE POTENZA IMPEGNATA DA 1,6 A 3 KW;BT CLIENTI LIBERI F3     ;Commercio al dettaglio di articoli di cancelleria                                                                                                                                                                                                              ;1;0.01;98.29
BASSA TENSIONE POTENZA IMPEGNATA DA 1,6 A 3 KW;BT CLIENTI LIBERI F3     ;Commercio al dettaglio di filati per maglieria e merceria                                                                                                                                                                                                      ;1;0.01;98.3
BASSA TENSIONE POTENZA IMPEGNATA DA 1,6 A 3 KW;BT CLIENTI LIBERI F3     ;Commercio al dettaglio di frutta e verdura fresca                                                                                                                                                                                                              ;1;0.01;98.31
BASSA TENSIONE POTENZA IMPEGNATA DA 1,6 A 3 KW;BT CLIENTI LIBERI F3     ;Commercio al dettaglio di giochi e giocattoli                                                                                                                                                                                                                  ;1;0.01;98.32
BASSA TENSIONE POTENZA IMPEGNATA DA 1,6 A 3 KW;BT CLIENTI LIBERI F3     ;Commercio al dettaglio di giornali, altre pubblicazioni periodiche e articoli di cancelleria                                                                                                                                                                   ;1;0.01;98.33
BASSA TENSIONE POTENZA IMPEGNATA DA 1,6 A 3 KW;BT CLIENTI LIBERI F3     ;Attività di organizzazioni associative culturali e ricreative                                                                                                                                                                                                  ;1;0.01;98.34
BASSA TENSIONE POTENZA IMPEGNATA DA 1,6 A 3 KW;BT CLIENTI LIBERI F3     ;Attività di progettazione di interni                                                                                                                                                                                                                           ;1;0.01;98.35
BASSA TENSIONE POTENZA IMPEGNATA DA 1,6 A 3 KW;BT CLIENTI LIBERI F3     ;Attività di scuole guida                                                                                                                                                                                                                                       ;1;0.01;98.36
BASSA TENSIONE POTENZA IMPEGNATA DA 3,1 A 6 KW;BT CLIENTI LIBERI F3     ;2022Altri servizi di istruzione n.c.a.                                                                                                                                                                                                                         ;1;0.01;98.37
BASSA TENSIONE POTENZA IMPEGNATA DA 3,1 A 6 KW;BT CLIENTI LIBERI F3     ;2022Attività di musei                                                                                                                                                                                                                                          ;1;0.01;98.38
BASSA TENSIONE POTENZA IMPEGNATA DA 3,1 A 6 KW;BT CLIENTI LIBERI F3     ;2022Attività di tatuaggio e piercing                                                                                                                                                                                                                           ;1;0.01;98.39
BASSA TENSIONE POTENZA IMPEGNATA DA 3,1 A 6 KW;BT CLIENTI LIBERI F3     ;2022Attività svolta dai Centri di assistenza fiscale (Caf)                                                                                                                                                                                                     ;1;0.01;98.4
BASSA TENSIONE POTENZA IMPEGNATA DA 3,1 A 6 KW;BT CLIENTI LIBERI F3     ;2022Commercio al dettaglio di articoli di profumeria, prodotti per toletta e per l'igiene personale                                                                                                                                                            ;1;0.01;98.41
BASSA TENSIONE POTENZA IMPEGNATA DA 10,1 A 15 KW;BT CLIENTI LIBERI F3     ;Fabbricazione di apparecchi non elettrici per uso domestico                                                                                                                                                                                                    ;1;0.01;98.42
BASSA TENSIONE POTENZA IMPEGNATA DA 10,1 A 15 KW;BT CLIENTI LIBERI F3     ;Fabbricazione di macchine per la deformazione dei metalli e di altre macchine utensili per la lavorazione dei metalli                                                                                                                                          ;1;0.01;98.43
BASSA TENSIONE POTENZA IMPEGNATA DA 10,1 A 15 KW;BT CLIENTI LIBERI F3     ;Fabbricazione di strutture metalliche e di parti di strutture metalliche                                                                                                                                                                                       ;1;0.01;98.44
BASSA TENSIONE POTENZA IMPEGNATA DA 3,1 A 6 KW;BT CLIENTI LIBERI F3     ;2022Servizi integrati di supporto per le funzioni d'ufficio                                                                                                                                                                                                    ;1;0.01;98.45
BASSA TENSIONE POTENZA IMPEGNATA DA 3,1 A 6 KW;BT CLIENTI LIBERI F3     ;2022Commercio al dettaglio di calzature e accessori                                                                                                                                                                                                            ;1;0.01;98.46
BASSA TENSIONE POTENZA IMPEGNATA DA 3,1 A 6 KW;BT CLIENTI LIBERI F3     ;2022Commercio al dettaglio di generi di monopolio (tabaccherie)                                                                                                                                                                                                ;1;0.01;98.47
BASSA TENSIONE POTENZA IMPEGNATA DA 3,1 A 6 KW;BT CLIENTI LIBERI F3     ;2022Commercio al dettaglio di materiali da costruzione, ceramiche e piastrelle                                                                                                                                                                                 ;1;0.01;98.48
BASSA TENSIONE POTENZA IMPEGNATA DA 3,1 A 6 KW;BT CLIENTI LIBERI F3     ;2022Commercio al dettaglio di mobili per la casa                                                                                                                                                                                                               ;1;0.01;98.49
BASSA TENSIONE POTENZA IMPEGNATA DA 3,1 A 6 KW;BT CLIENTI LIBERI F3     ;2022Commercio al dettaglio di mobili, di articoli per l'illuminazione e altri articoli per la casa in esercizi specializzati                                                                                                                                   ;1;0.01;98.5
BASSA TENSIONE POTENZA IMPEGNATA DA 3,1 A 6 KW;BT CLIENTI LIBERI F3     ;2022Commercio al dettaglio di prodotti macrobiotici e dietetici                                                                                                                                                                                                ;1;0.01;98.51
BASSA TENSIONE POTENZA IMPEGNATA DA 3,1 A 6 KW;BT CLIENTI LIBERI F3     ;2022Commercio all'ingrosso di calzature e accessori                                                                                                                                                                                                            ;1;0.01;98.52
BASSA TENSIONE POTENZA IMPEGNATA DA 3,1 A 6 KW;BT CLIENTI LIBERI F3     ;2022Consulenza agraria                                                                                                                                                                                                                                         ;1;0.01;98.53
BASSA TENSIONE POTENZA IMPEGNATA DA 3,1 A 6 KW;BT CLIENTI LIBERI F3     ;2022Corsi sportivi e ricreativi                                                                                                                                                                                                                                ;1;0.01;98.54
BASSA TENSIONE POTENZA IMPEGNATA DA 3,1 A 6 KW;BT CLIENTI LIBERI F3     ;2022Fabbricazione di mobili per arredo domestico                                                                                                                                                                                                               ;1;0.01;98.55
BASSA TENSIONE POTENZA IMPEGNATA DA 3,1 A 6 KW;BT CLIENTI LIBERI F3     ;2022Fabbricazione di porte e finestre in legno (escluse porte blindate)                                                                                                                                                                                        ;1;0.01;98.56
BASSA TENSIONE POTENZA IMPEGNATA DA 3,1 A 6 KW;BT CLIENTI LIBERI F3     ;2022Fabbricazione di stand, strutture simili per convegni e fiere e altri elementi in legno e di falegnameria per l'edilizia                                                                                                                                   ;1;0.01;98.57
BASSA TENSIONE POTENZA IMPEGNATA DA 3,1 A 6 KW;BT CLIENTI LIBERI F3     ;"2022Fabbricazione di utensileria ad azionamento manuale; parti intercambiabili per macchine utensili                                                                                                                                                           ";1;0.01;98.58
BASSA TENSIONE POTENZA IMPEGNATA DA 3,1 A 6 KW;BT CLIENTI LIBERI F3     ;2022Altre attività professionali, scientifiche e tecniche n.c.a.                                                                                                                                                                                               ;1;0.01;98.59
BASSA TENSIONE POTENZA IMPEGNATA DA 1,6 A 3 KW;BT CLIENTI LIBERI F3     ;Commercio al dettaglio di articoli di biancheria intima                                                                                                                                                                                                        ;1;0.01;98.6
BASSA TENSIONE POTENZA IMPEGNATA DA 3,1 A 6 KW;BT CLIENTI LIBERI F3     ;2022Organizzazione di feste e cerimonie                                                                                                                                                                                                                        ;1;0.01;98.61
BASSA TENSIONE POTENZA IMPEGNATA DA 1,6 A 3 KW;BT CLIENTI LIBERI F3     ;Attività di servizi di intermediazione per il commercio al dettaglio non specializzato di articoli di seconda mano                                                                                                                                             ;1;0.01;98.62
BASSA TENSIONE POTENZA IMPEGNATA DA 1,6 A 3 KW;BT CLIENTI LIBERI F3     ;Attività di somministrazione di bevande                                                                                                                                                                                                                        ;1;0.01;98.63
BASSA TENSIONE POTENZA IMPEGNATA DA 1,6 A 3 KW;BT CLIENTI LIBERI F3     ;Attività di somministrazione di bevande in bar e caffetterie                                                                                                                                                                                                   ;1;0.01;98.64
BASSA TENSIONE POTENZA IMPEGNATA DA 1,6 A 3 KW;BT CLIENTI LIBERI F3     ;Attività fotografiche fornite da fotoreporter                                                                                                                                                                                                                  ;1;0.01;98.65
BASSA TENSIONE POTENZA IMPEGNATA DA 1,6 A 3 KW;BT CLIENTI LIBERI F3     ;Attività generali di amministrazione pubblica                                                                                                                                                                                                                  ;1;0.01;98.66
BASSA TENSIONE POTENZA IMPEGNATA DA 1,6 A 3 KW;BT CLIENTI LIBERI F3     ;Attività sportive                                                                                                                                                                                                                                              ;1;0.01;98.67
BASSA TENSIONE POTENZA IMPEGNATA DA 1,6 A 3 KW;BT CLIENTI LIBERI F3     ;Coltivazione di altre colture agricole non permanenti                                                                                                                                                                                                          ;1;0.01;98.68
BASSA TENSIONE POTENZA IMPEGNATA DA 1,6 A 3 KW;BT CLIENTI LIBERI F3     ;Altri lavori di costruzione specializzati n.c.a.                                                                                                                                                                                                               ;1;0.01;98.69
BASSA TENSIONE POTENZA IMPEGNATA DA 1,6 A 3 KW;BT CLIENTI LIBERI F3     ;Assicurazioni                                                                                                                                                                                                                                                  ;1;0.01;98.7
BASSA TENSIONE POTENZA IMPEGNATA DA 3,1 A 6 KW;BT CLIENTI LIBERI F3     ;2022Produzione di software non connesso all'edizione                                                                                                                                                                                                           ;1;0.01;98.71
BASSA TENSIONE POTENZA IMPEGNATA DA 3,1 A 6 KW;BT CLIENTI LIBERI F3     ;2022Ristoranti e attività di ristorazione mobile                                                                                                                                                                                                               ;1;0.01;98.72
BASSA TENSIONE POTENZA IMPEGNATA DA 3,1 A 6 KW;BT CLIENTI LIBERI F3     ;2022Ristorazione con somministrazione                                                                                                                                                                                                                          ;1;0.01;98.73
BASSA TENSIONE POTENZA IMPEGNATA DA 3,1 A 6 KW;BT CLIENTI LIBERI F3     ;2022Servizi degli istituti di bellezza                                                                                                                                                                                                                         ;1;0.01;98.74
BASSA TENSIONE POTENZA IMPEGNATA DA 3,1 A 6 KW;BT CLIENTI LIBERI F3     ;2022Servizi dei parrucchieri e di altri trattamenti estetici                                                                                                                                                                                                   ;1;0.01;98.75
BASSA TENSIONE POTENZA IMPEGNATA DA 3,1 A 6 KW;BT CLIENTI LIBERI F3     ;2022Servizi di cura degli animali da compagnia (esclusi i servizi veterinari)                                                                                                                                                                                  ;1;0.01;98.76
BASSA TENSIONE POTENZA IMPEGNATA DA 3,1 A 6 KW;BT CLIENTI LIBERI F3     ;2022Trasporto terrestre di passeggeri in aree urbane e suburbane                                                                                                                                                                                               ;1;0.01;98.77
BASSA TENSIONE POTENZA IMPEGNATA DA 3,1 A 6 KW;BT CLIENTI LIBERI F3     ;Affitto e gestione di beni immobili propri o in locazione                                                                                                                                                                                                      ;1;0.01;98.78
BASSA TENSIONE POTENZA IMPEGNATA DA 3,1 A 6 KW;BT CLIENTI LIBERI F3     ;Allevamento di altri bovini e bufalini                                                                                                                                                                                                                         ;1;0.01;98.79
BASSA TENSIONE POTENZA IMPEGNATA DA 1,6 A 3 KW;BT CLIENTI LIBERI F3     ;Attività dei club sportivi                                                                                                                                                                                                                                     ;1;0.01;98.8
BASSA TENSIONE POTENZA IMPEGNATA DA 1,6 A 3 KW;BT CLIENTI LIBERI F3     ;Attività di associazioni professionali                                                                                                                                                                                                                         ;1;0.01;98.81
BASSA TENSIONE POTENZA IMPEGNATA DA 1,6 A 3 KW;BT CLIENTI LIBERI F3     ;Attività di cartografia e aerofotogrammetria                                                                                                                                                                                                                   ;1;0.01;98.82
BASSA TENSIONE POTENZA IMPEGNATA DA 1,6 A 3 KW;BT CLIENTI LIBERI F3     ;Attività di consulenza finanziaria fornite da consulenti finanziari abilitati all'offerta fuori sede                                                                                                                                                           ;1;0.01;98.83
BASSA TENSIONE POTENZA IMPEGNATA DA 1,6 A 3 KW;BT CLIENTI LIBERI F3     ;Attività di fisioterapia                                                                                                                                                                                                                                       ;1;0.01;98.84
BASSA TENSIONE POTENZA IMPEGNATA DA 1,6 A 3 KW;BT CLIENTI LIBERI F3     ;2022Servizi dei parrucchieri e di altri trattamenti estetici                                                                                                                                                                                                   ;1;0.01;98.85
BASSA TENSIONE POTENZA IMPEGNATA DA 1,6 A 3 KW;BT CLIENTI LIBERI F3     ;2022Servizi di centri per il benessere fisico (esclusi gli stabilimenti termali)                                                                                                                                                                               ;1;0.01;98.86
BASSA TENSIONE POTENZA IMPEGNATA DA 1,6 A 3 KW;BT CLIENTI LIBERI F3     ;2022Servizi di cura degli animali da compagnia (esclusi i servizi veterinari)                                                                                                                                                                                  ;1;0.01;98.87
BASSA TENSIONE POTENZA IMPEGNATA DA 1,6 A 3 KW;BT CLIENTI LIBERI F3     ;2022Servizi forniti da revisori contabili, periti, consulenti ed altri soggetti che svolgono attività in materia di amministrazione, contabilità e tributi                                                                                                     ;1;0.01;98.88
BASSA TENSIONE POTENZA IMPEGNATA DA 3,1 A 6 KW;BT CLIENTI LIBERI F3     ;Altre attività di telecomunicazioni n.c.a.                                                                                                                                                                                                                     ;1;0.01;98.89
BASSA TENSIONE POTENZA IMPEGNATA DA 3,1 A 6 KW;BT CLIENTI LIBERI F3     ;Altri lavori vari di costruzione specializzati n.c.a.                                                                                                                                                                                                          ;1;0.01;98.9
BASSA TENSIONE POTENZA IMPEGNATA DA 3,1 A 6 KW;BT CLIENTI LIBERI F3     ;2022Gestione di impianti sportivi polivalenti                                                                                                                                                                                                                  ;1;0.01;98.91
BASSA TENSIONE POTENZA IMPEGNATA DA 3,1 A 6 KW;BT CLIENTI LIBERI F3     ;2022Installazione, riparazione e manutenzione di ascensori e scale mobili                                                                                                                                                                                      ;1;0.01;98.92
BASSA TENSIONE POTENZA IMPEGNATA DA 3,1 A 6 KW;BT CLIENTI LIBERI F3     ;Commercio al dettaglio di biciclette                                                                                                                                                                                                                           ;1;0.01;98.93
BASSA TENSIONE POTENZA IMPEGNATA DA 3,1 A 6 KW;BT CLIENTI LIBERI F3     ;Commercio al dettaglio di carburanti per autotrazione                                                                                                                                                                                                          ;1;0.01;98.94
BASSA TENSIONE POTENZA IMPEGNATA DA 3,1 A 6 KW;BT CLIENTI LIBERI F3     ;Attività di altre organizzazioni associative n.c.a.                                                                                                                                                                                                            ;1;0.01;98.95
BASSA TENSIONE POTENZA IMPEGNATA DA 3,1 A 6 KW;BT CLIENTI LIBERI F3     ;Attività di assistenza diurna per l'infanzia                                                                                                                                                                                                                   ;1;0.01;98.96
BASSA TENSIONE POTENZA IMPEGNATA DA 3,1 A 6 KW;BT CLIENTI LIBERI F3     ;"Attività di contabilità, controllo e revisione contabile; consulenza fiscale                                                                                                                                                                                   ";1;0.01;98.97
BASSA TENSIONE POTENZA IMPEGNATA DA 3,1 A 6 KW;BT CLIENTI LIBERI F3     ;Attività di ingegneria                                                                                                                                                                                                                                         ;1;0.01;98.98
BASSA TENSIONE POTENZA IMPEGNATA DA 3,1 A 6 KW;BT CLIENTI LIBERI F3     ;Attività di organizzazioni associative filantropiche                                                                                                                                                                                                           ;1;0.01;98.99
BASSA TENSIONE POTENZA IMPEGNATA DA 3,1 A 6 KW;BT CLIENTI LIBERI F3     ;Attività di organizzazioni ed enti sportivi e promozione di eventi sportivi                                                                                                                                                                                    ;1;0.01;99.0
BASSA TENSIONE POTENZA IMPEGNATA DA 3,1 A 6 KW;BT CLIENTI LIBERI F3     ;Attività di produzione cinematografica, di video e programmi televisivi                                                                                                                                                                                        ;1;0.01;99.01
BASSA TENSIONE POTENZA IMPEGNATA DA 3,1 A 6 KW;BT CLIENTI LIBERI F3     ;Attività di servizi di catering per eventi, catering su base contrattuale e altri servizi di ristorazione                                                                                                                                                      ;1;0.01;99.02
BASSA TENSIONE POTENZA IMPEGNATA DA 3,1 A 6 KW;BT CLIENTI LIBERI F3     ;Attività di somministrazione di bevande in bar e caffetterie                                                                                                                                                                                                   ;1;0.01;99.03
BASSA TENSIONE POTENZA IMPEGNATA DA 3,1 A 6 KW;BT CLIENTI LIBERI F3     ;Attività di sviluppo e stampa e altre attività fotografiche                                                                                                                                                                                                    ;1;0.01;99.04
BASSA TENSIONE POTENZA IMPEGNATA DA 3,1 A 6 KW;BT CLIENTI LIBERI F3     ;Attività di telecomunicazioni fisse, mobili e satellitari                                                                                                                                                                                                      ;1;0.01;99.05
BASSA TENSIONE POTENZA IMPEGNATA DA 3,1 A 6 KW;BT CLIENTI LIBERI F3     ;Attività notarili                                                                                                                                                                                                                                              ;1;0.01;99.06
BASSA TENSIONE POTENZA IMPEGNATA DA 3,1 A 6 KW;BT CLIENTI LIBERI F3     ;2022Taglio e piallatura del legno                                                                                                                                                                                                                              ;1;0.01;99.07
BASSA TENSIONE POTENZA IMPEGNATA DA 3,1 A 6 KW;BT CLIENTI LIBERI F3     ;2022Trasporto mediante noleggio di autovetture da rimessa con conducente                                                                                                                                                                                       ;1;0.01;99.08
BASSA TENSIONE POTENZA IMPEGNATA DA 3,1 A 6 KW;BT CLIENTI LIBERI F3     ;Coltivazione di altre colture agricole non permanenti                                                                                                                                                                                                          ;1;0.01;99.09
BASSA TENSIONE POTENZA IMPEGNATA DA 1,6 A 3 KW;BT CLIENTI LIBERI F3     ;2022Taglio e piallatura del legno                                                                                                                                                                                                                              ;1;0.01;99.1
BASSA TENSIONE POTENZA IMPEGNATA DA 1,6 A 3 KW;BT CLIENTI LIBERI F3     ;Abitazioni private                                                                                                                                                                                                                                             ;1;0.01;99.11
BASSA TENSIONE POTENZA IMPEGNATA DA 1,6 A 3 KW;BT CLIENTI LIBERI F3     ;Allevamento di altri bovini e bufalini                                                                                                                                                                                                                         ;1;0.01;99.12
BASSA TENSIONE POTENZA IMPEGNATA DA 1,6 A 3 KW;BT CLIENTI LIBERI F3     ;Allevamento di ovini e caprini                                                                                                                                                                                                                                 ;1;0.01;99.13
BASSA TENSIONE POTENZA IMPEGNATA DA 1,6 A 3 KW;BT CLIENTI LIBERI F3     ;Altre attività fotografiche specializzate                                                                                                                                                                                                                      ;1;0.01;99.14
BASSA TENSIONE POTENZA IMPEGNATA DA 1,6 A 3 KW;BT CLIENTI LIBERI F3     ;Altre attività immobiliari per conto terzi                                                                                                                                                                                                                     ;1;0.01;99.15
BASSA TENSIONE POTENZA IMPEGNATA DA 1,6 A 3 KW;BT CLIENTI LIBERI F3     ;2022Elaborazione dei dati, hosting e attività connesse                                                                                                                                                                                                         ;1;0.01;99.16
BASSA TENSIONE POTENZA IMPEGNATA DA 1,6 A 3 KW;BT CLIENTI LIBERI F3     ;2022Erboristerie                                                                                                                                                                                                                                               ;1;0.01;99.17
BASSA TENSIONE POTENZA IMPEGNATA DA 1,6 A 3 KW;BT CLIENTI LIBERI F3     ;2022Fabbricazione di altri prodotti in legno, sughero, paglia e materiali da intreccio                                                                                                                                                                         ;1;0.01;99.18
BASSA TENSIONE POTENZA IMPEGNATA DA 1,6 A 3 KW;BT CLIENTI LIBERI F3     ;2022Fabbricazione di altri prodotti vari in legno (esclusi i mobili)                                                                                                                                                                                           ;1;0.01;99.19
BASSA TENSIONE POTENZA IMPEGNATA DA 1,6 A 3 KW;BT CLIENTI LIBERI F3     ;2022Fabbricazione di mobili per arredo domestico                                                                                                                                                                                                               ;1;0.01;99.2
BASSA TENSIONE POTENZA IMPEGNATA DA 3,1 A 6 KW;BT CLIENTI LIBERI F3     ;Commercio al dettaglio di articoli di abbigliamento di seconda mano                                                                                                                                                                                            ;1;0.01;99.21
BASSA TENSIONE POTENZA IMPEGNATA DA 3,1 A 6 KW;BT CLIENTI LIBERI F3     ;Commercio al dettaglio di articoli di abbigliamento in pelle e pelliccia                                                                                                                                                                                       ;1;0.01;99.22
BASSA TENSIONE POTENZA IMPEGNATA DA 3,1 A 6 KW;BT CLIENTI LIBERI F3     ;Commercio al dettaglio di articoli di cancelleria                                                                                                                                                                                                              ;1;0.01;99.23
BASSA TENSIONE POTENZA IMPEGNATA DA 3,1 A 6 KW;BT CLIENTI LIBERI F3     ;Commercio al dettaglio di articoli di seconda mano                                                                                                                                                                                                             ;1;0.01;99.24
BASSA TENSIONE POTENZA IMPEGNATA DA 3,1 A 6 KW;BT CLIENTI LIBERI F3     ;Lavorazione di pietre preziose e semipreziose                                                                                                                                                                                                                  ;1;0.01;99.25
BASSA TENSIONE POTENZA IMPEGNATA DA 3,1 A 6 KW;BT CLIENTI LIBERI F3     ;Lavori di muratura                                                                                                                                                                                                                                             ;1;0.01;99.26
BASSA TENSIONE POTENZA IMPEGNATA DA 3,1 A 6 KW;BT CLIENTI LIBERI F3     ;Posa in opera di infissi                                                                                                                                                                                                                                       ;1;0.01;99.27
BASSA TENSIONE POTENZA IMPEGNATA DA 3,1 A 6 KW;BT CLIENTI LIBERI F3     ;Produzione di prodotti di pasticceria freschi                                                                                                                                                                                                                  ;1;0.01;99.28
BASSA TENSIONE POTENZA IMPEGNATA DA 3,1 A 6 KW;BT CLIENTI LIBERI F3     ;Produzione di servizi indifferenziati per uso proprio da parte di famiglie e convivenze                                                                                                                                                                        ;1;0.01;99.29
BASSA TENSIONE POTENZA IMPEGNATA DA 3,1 A 6 KW;BT CLIENTI LIBERI F3     ;Commercio al dettaglio di filati per maglieria e merceria                                                                                                                                                                                                      ;1;0.01;99.3
BASSA TENSIONE POTENZA IMPEGNATA DA 3,1 A 6 KW;BT CLIENTI LIBERI F3     ;Commercio al dettaglio di fiori, piante e fertilizzanti                                                                                                                                                                                                        ;1;0.01;99.31
BASSA TENSIONE POTENZA IMPEGNATA DA 3,1 A 6 KW;BT CLIENTI LIBERI F3     ;Commercio al dettaglio di orologi e articoli di gioielleria                                                                                                                                                                                                    ;1;0.01;99.32
BASSA TENSIONE POTENZA IMPEGNATA DA 3,1 A 6 KW;BT CLIENTI LIBERI F3     ;Commercio al dettaglio di pane                                                                                                                                                                                                                                 ;1;0.01;99.33
BASSA TENSIONE POTENZA IMPEGNATA DA 3,1 A 6 KW;BT CLIENTI LIBERI F3     ;Commercio al dettaglio di pasticceria e dolciumi                                                                                                                                                                                                               ;1;0.01;99.34
BASSA TENSIONE POTENZA IMPEGNATA DA 3,1 A 6 KW;BT CLIENTI LIBERI F3     ;Commercio al dettaglio di prodotti tessili                                                                                                                                                                                                                     ;1;0.01;99.35
BASSA TENSIONE POTENZA IMPEGNATA DA 3,1 A 6 KW;BT CLIENTI LIBERI F3     ;Commercio al dettaglio non specializzato con prevalenza di mobili e articoli per uso domestico                                                                                                                                                                 ;1;0.01;99.36
BASSA TENSIONE POTENZA IMPEGNATA DA 3,1 A 6 KW;BT CLIENTI LIBERI F3     ;Commercio all'ingrosso di altre attrezzature e articoli sportivi                                                                                                                                                                                               ;1;0.01;99.37
BASSA TENSIONE POTENZA IMPEGNATA DA 3,1 A 6 KW;BT CLIENTI LIBERI F3     ;Commercio all'ingrosso di bevande analcoliche                                                                                                                                                                                                                  ;1;0.01;99.38
BASSA TENSIONE POTENZA IMPEGNATA DA 3,1 A 6 KW;BT CLIENTI LIBERI F3     ;Fabbricazione di altri prodotti in metallo n.c.a.                                                                                                                                                                                                              ;1;0.01;99.39
BASSA TENSIONE POTENZA IMPEGNATA DA 3,1 A 6 KW;BT CLIENTI LIBERI F3     ;Fabbricazione di apparecchi per uso domestico                                                                                                                                                                                                                  ;1;0.01;99.4
BASSA TENSIONE POTENZA IMPEGNATA DA 3,1 A 6 KW;BT CLIENTI LIBERI F3     ;Fabbricazione di materiali da costruzione in terracotta                                                                                                                                                                                                        ;1;0.01;99.41
BASSA TENSIONE POTENZA IMPEGNATA DA 3,1 A 6 KW;BT CLIENTI LIBERI F3     ;Fabbricazione di strutture metalliche e di parti di strutture metalliche                                                                                                                                                                                       ;1;0.01;99.42
BASSA TENSIONE POTENZA IMPEGNATA DA 3,1 A 6 KW;BT CLIENTI LIBERI F3     ;Gestione di parcheggi e autorimesse                                                                                                                                                                                                                            ;1;0.01;99.43
BASSA TENSIONE POTENZA IMPEGNATA DA 3,1 A 6 KW;BT CLIENTI LIBERI F3     ;Installazione di impianti elettrici                                                                                                                                                                                                                            ;1;0.01;99.44
BASSA TENSIONE POTENZA IMPEGNATA DA 1,6 A 3 KW;BT CLIENTI LIBERI F3     ;2022Gelaterie e pasticcerie                                                                                                                                                                                                                                    ;1;0.01;99.45
BASSA TENSIONE POTENZA IMPEGNATA DA 1,6 A 3 KW;BT CLIENTI LIBERI F3     ;2022Gestione di uffici temporanei, uffici residence                                                                                                                                                                                                            ;1;0.01;99.46
BASSA TENSIONE POTENZA IMPEGNATA DA 1,6 A 3 KW;BT CLIENTI LIBERI F3     ;2022Minimercati ed altri esercizi non specializzati di alimentari vari                                                                                                                                                                                         ;1;0.01;99.47
BASSA TENSIONE POTENZA IMPEGNATA DA 1,6 A 3 KW;BT CLIENTI LIBERI F3     ;2022Noleggio di strutture ed attrezzature per manifestazioni e spettacoli: impianti luce ed audio senza operatore, palchi, stand ed addobbi luminosi                                                                                                           ;1;0.01;99.48
BASSA TENSIONE POTENZA IMPEGNATA DA 1,6 A 3 KW;BT CLIENTI LIBERI F3     ;2022Organizzazione di convegni e fiere                                                                                                                                                                                                                         ;1;0.01;99.49
BASSA TENSIONE POTENZA IMPEGNATA DA 1,6 A 3 KW;BT CLIENTI LIBERI F3     ;2022Richiesta certificati e disbrigo pratiche                                                                                                                                                                                                                  ;1;0.01;99.5
BASSA TENSIONE POTENZA IMPEGNATA DA 1,6 A 3 KW;BT CLIENTI LIBERI F3     ;2022Ristoranti e attività di ristorazione mobile                                                                                                                                                                                                               ;1;0.01;99.51
BASSA TENSIONE POTENZA IMPEGNATA DA 1,6 A 3 KW;BT CLIENTI LIBERI F3     ;2022Sartoria e confezione su misura di abbigliamento esterno                                                                                                                                                                                                   ;1;0.01;99.52
BASSA TENSIONE POTENZA IMPEGNATA DA 1,6 A 3 KW;BT CLIENTI LIBERI F3     ;2022Commercio al dettaglio di generi di monopolio (tabaccherie)                                                                                                                                                                                                ;1;0.01;99.53
BASSA TENSIONE POTENZA IMPEGNATA DA 1,6 A 3 KW;BT CLIENTI LIBERI F3     ;2022Commercio al dettaglio di indumenti e altri oggetti usati                                                                                                                                                                                                  ;1;0.01;99.54
BASSA TENSIONE POTENZA IMPEGNATA DA 1,6 A 3 KW;BT CLIENTI LIBERI F3     ;2022Commercio al dettaglio di materiale per ottica e fotografia                                                                                                                                                                                                ;1;0.01;99.55
BASSA TENSIONE POTENZA IMPEGNATA DA 3,1 A 6 KW;BT CLIENTI LIBERI F3     ;Installazione di impianti idraulici, di riscaldamento e di condizionamento dell'aria                                                                                                                                                                           ;1;0.01;99.56
BASSA TENSIONE POTENZA IMPEGNATA DA 3,1 A 6 KW;BT CLIENTI LIBERI F3     ;Ricerca e sviluppo sperimentale nel campo delle altre scienze naturali e dell'ingegneria                                                                                                                                                                       ;1;0.01;99.57
BASSA TENSIONE POTENZA IMPEGNATA DA 3,1 A 6 KW;BT CLIENTI LIBERI F3     ;Riproduzione delle piante                                                                                                                                                                                                                                      ;1;0.01;99.58
BASSA TENSIONE POTENZA IMPEGNATA DA 3,1 A 6 KW;BT CLIENTI LIBERI F3     ;Rivestimento di mobili e oggetti di arredamento per la casa imbottiti                                                                                                                                                                                          ;1;0.01;99.59
BASSA TENSIONE POTENZA IMPEGNATA DA 1,6 A 3 KW;BT CLIENTI LIBERI F3     ;2022Commercio al dettaglio di mobili, di articoli per l'illuminazione e altri articoli per la casa in esercizi specializzati                                                                                                                                   ;1;0.01;99.6
BASSA TENSIONE POTENZA IMPEGNATA DA 1,6 A 3 KW;BT CLIENTI LIBERI F3     ;2022Commercio al dettaglio di oggetti d'arte (incluse le gallerie d'arte)                                                                                                                                                                                      ;1;0.01;99.61
BASSA TENSIONE POTENZA IMPEGNATA DA 1,6 A 3 KW;BT CLIENTI LIBERI F3     ;2022Commercio al dettaglio di utensili per la casa, di cristallerie e vasellame                                                                                                                                                                                ;1;0.01;99.62
BASSA TENSIONE POTENZA IMPEGNATA DA 1,6 A 3 KW;BT CLIENTI LIBERI F3     ;2022Confezione di altro abbigliamento esterno                                                                                                                                                                                                                  ;1;0.01;99.63
BASSA TENSIONE POTENZA IMPEGNATA DA 1,6 A 3 KW;BT CLIENTI LIBERI F3     ;2022Confezione di articoli in pelliccia                                                                                                                                                                                                                        ;1;0.01;99.64
BASSA TENSIONE POTENZA IMPEGNATA DA 1,6 A 3 KW;BT CLIENTI LIBERI F3     ;2022Consulenza nel settore delle tecnologie dell'informatica                                                                                                                                                                                                   ;1;0.01;99.65
BASSA TENSIONE POTENZA IMPEGNATA DA 1,6 A 3 KW;BT CLIENTI LIBERI F3     ;2022Edizione di riviste e periodici                                                                                                                                                                                                                            ;1;0.01;99.66
BASSA TENSIONE POTENZA IMPEGNATA DA 1,6 A 3 KW;BT CLIENTI LIBERI F3     ;2022Altre elaborazioni elettroniche di dati                                                                                                                                                                                                                    ;1;0.01;99.67
BASSA TENSIONE POTENZA IMPEGNATA DA 1,6 A 3 KW;BT CLIENTI LIBERI F3     ;2022Altre rappresentazioni artistiche                                                                                                                                                                                                                          ;1;0.01;99.68
BASSA TENSIONE POTENZA IMPEGNATA DA 1,6 A 3 KW;BT CLIENTI LIBERI F3     ;2022Altri lavori di completamento e di finitura degli edifici n.c.a.                                                                                                                                                                                           ;1;0.01;99.69
BASSA TENSIONE POTENZA IMPEGNATA DA 1,6 A 3 KW;BT CLIENTI LIBERI F3     ;2022Altri servizi di istruzione n.c.a.                                                                                                                                                                                                                         ;1;0.01;99.7
BASSA TENSIONE POTENZA IMPEGNATA DA 3,1 A 6 KW;BT CLIENTI LIBERI F3     ;Servizi di parrucchieri e barbieri                                                                                                                                                                                                                             ;1;0.01;99.71
BASSA TENSIONE POTENZA IMPEGNATA DA 3,1 A 6 KW;BT CLIENTI LIBERI F3     ;Servizi veterinari                                                                                                                                                                                                                                             ;1;0.01;99.72
BASSA TENSIONE POTENZA IMPEGNATA DA 6,1 A 10 KW;BT CLIENTI LIBERI F3     ;2022Ipermercati                                                                                                                                                                                                                                                ;1;0.01;99.73
BASSA TENSIONE POTENZA IMPEGNATA DA 6,1 A 10 KW;BT CLIENTI LIBERI F3     ;2022Ordine pubblico e sicurezza nazionale                                                                                                                                                                                                                      ;1;0.01;99.74
BASSA TENSIONE POTENZA IMPEGNATA DA 6,1 A 10 KW;BT CLIENTI LIBERI F3     ;2022Riparazione di carrozzerie di autoveicoli                                                                                                                                                                                                                  ;1;0.01;99.75
BASSA TENSIONE POTENZA IMPEGNATA DA 3,1 A 6 KW;BT F3 UPSA               ;Produzione di energia elettrica da fonti non rinnovabili                                                                                                                                                                                                       ;1;0.01;99.76
BASSA TENSIONE POTENZA IMPEGNATA DA 6,1 A 10 KW;BT CLIENTI LIBERI F3     ;2022Altre attività dei servizi connessi alle tecnologie dell'informatica n.c.a.                                                                                                                                                                                ;1;0.01;99.77
BASSA TENSIONE POTENZA IMPEGNATA DA 6,1 A 10 KW;BT CLIENTI LIBERI F3     ;2022Altre attività di intrattenimento e di divertimento n.c.a.                                                                                                                                                                                                 ;1;0.01;99.78
BASSA TENSIONE POTENZA IMPEGNATA DA 6,1 A 10 KW;BT CLIENTI LIBERI F3     ;2022Altre attività di manutenzione e di riparazione di autoveicoli                                                                                                                                                                                             ;1;0.01;99.79
BASSA TENSIONE POTENZA IMPEGNATA DA 6,1 A 10 KW;BT CLIENTI LIBERI F3     ;2022Altre creazioni artistiche e letterarie                                                                                                                                                                                                                    ;1;0.01;99.8
BASSA TENSIONE POTENZA IMPEGNATA DA 6,1 A 10 KW;BT CLIENTI LIBERI F3     ;2022Altri lavori di completamento e di finitura degli edifici                                                                                                                                                                                                  ;1;0.01;99.81
BASSA TENSIONE POTENZA IMPEGNATA DA 6,1 A 10 KW;BT CLIENTI LIBERI F3     ;2022Altri servizi di assistenza sanitaria                                                                                                                                                                                                                      ;1;0.01;99.82
BASSA TENSIONE POTENZA IMPEGNATA DA 6,1 A 10 KW;BT CLIENTI LIBERI F3     ;2022Altri servizi di prenotazione e altre attività di assistenza turistica non svolte dalle agenzie di viaggio n.c.a.                                                                                                                                          ;1;0.01;99.83
BASSA TENSIONE POTENZA IMPEGNATA DA 6,1 A 10 KW;BT CLIENTI LIBERI F3     ;2022Amministrazione di condomini e gestione di beni immobili per conto terzi                                                                                                                                                                                   ;1;0.01;99.84
BASSA TENSIONE POTENZA IMPEGNATA DA 6,1 A 10 KW;BT CLIENTI LIBERI F3     ;2022Attività di biblioteche ed archivi                                                                                                                                                                                                                         ;1;0.01;99.85
BASSA TENSIONE POTENZA IMPEGNATA DA 6,1 A 10 KW;BT CLIENTI LIBERI F3     ;2022Attività di condomini                                                                                                                                                                                                                                      ;1;0.01;99.86
BASSA TENSIONE POTENZA IMPEGNATA DA 6,1 A 10 KW;BT CLIENTI LIBERI F3     ;2022Commercio al dettaglio di indumenti e altri oggetti usati                                                                                                                                                                                                  ;1;0.01;99.87
BASSA TENSIONE POTENZA IMPEGNATA DA 3,1 A 6 KW;BT CLIENTI LIBERI F3     ;Regolamentazione dei servizi culturali e di altri servizi sociali                                                                                                                                                                                              ;1;0.01;99.88
BASSA TENSIONE POTENZA IMPEGNATA DA 6,1 A 10 KW;BT CLIENTI LIBERI F3     ;2022Commercio al dettaglio di saponi, detersivi, prodotti per la lucidatura e affini                                                                                                                                                                           ;1;0.01;99.89
BASSA TENSIONE POTENZA IMPEGNATA DA 6,1 A 10 KW;BT CLIENTI LIBERI F3     ;2022Commercio al dettaglio di utensili per la casa, di cristallerie e vasellame                                                                                                                                                                                ;1;0.01;99.9
BASSA TENSIONE POTENZA IMPEGNATA DA 6,1 A 10 KW;BT CLIENTI LIBERI F3     ;2022Consulenza imprenditoriale e altra consulenza amministrativo-gestionale                                                                                                                                                                                    ;1;0.01;99.91
BASSA TENSIONE POTENZA IMPEGNATA DA 1,6 A 3 KW;BT CLIENTI LIBERI F3     ;2022Attività di condomini                                                                                                                                                                                                                                      ;1;0.01;99.92
BASSA TENSIONE POTENZA IMPEGNATA DA 1,6 A 3 KW;BT CLIENTI LIBERI F3     ;2022Attività di ristorazione connesse alle aziende agricole                                                                                                                                                                                                    ;1;0.01;99.93
BASSA TENSIONE POTENZA IMPEGNATA DA 1,6 A 3 KW;BT CLIENTI LIBERI F3     ;2022Attività svolta da psicologi                                                                                                                                                                                                                               ;1;0.01;99.94
BASSA TENSIONE POTENZA IMPEGNATA DA 1,6 A 3 KW;BT CLIENTI LIBERI F3     ;2022Colonie marine e montane                                                                                                                                                                                                                                   ;1;0.01;99.95
BASSA TENSIONE POTENZA IMPEGNATA DA 1,6 A 3 KW;BT CLIENTI LIBERI F3     ;2022Coltivazione di cereali (escluso il riso)                                                                                                                                                                                                                  ;1;0.01;99.96
BASSA TENSIONE POTENZA IMPEGNATA DA 1,6 A 3 KW;BT CLIENTI LIBERI F3     ;2022Commercio al dettaglio di articoli da regalo e per fumatori                                                                                                                                                                                                ;1;0.01;99.97
BASSA TENSIONE POTENZA IMPEGNATA DA 1,6 A 3 KW;BT CLIENTI LIBERI F3     ;2022Commercio al dettaglio di articoli medicali e ortopedici in esercizi specializzati                                                                                                                                                                         ;1;0.01;99.98
BASSA TENSIONE POTENZA DISPONIBILE OLTRE 16,5 KW;BT CLIENTI LIBERI F3     ;Taglio e lavorazione di pietre e di marmo                                                                                                                                                                                                                      ;1;0.01;99.99
BASSA TENSIONE POTENZA DISPONIBILE OLTRE 16,5 KW;BT CLIENTI LIBERI F3     ;Taglio e piallatura del legno                                                                                                                                                                                                                                  ;1;0.01;100.0
BASSA TENSIONE POTENZA DISPONIBILE OLTRE 16,5 KW;BT CLIENTI LIBERI F3     ;Trasporto aereo non di linea di passeggeri                                                                                                                                                                                                                     ;1;0.01;100.01
BASSA TENSIONE POTENZA DISPONIBILE OLTRE 16,5 KW;BT CLIENTI LIBERI F3     ;Trasporto di linea di passeggeri su strada                                                                                                                                                                                                                     ;1;0.01;100.02
BASSA TENSIONE POTENZA DISPONIBILE OLTRE 16,5 KW;BT CLIENTI LIBERI F3     ;Trasporto di merci su strada e servizi di trasloco                                                                                                                                                                                                             ;1;0.01;100.03
BASSA TENSIONE POTENZA IMPEGNATA DA 6,1 A 10 KW;BT CLIENTI LIBERI F3     ;2022Consulenza nel settore delle tecnologie dell'informatica                                                                                                                                                                                                   ;1;0.01;100.04
BASSA TENSIONE POTENZA IMPEGNATA DA 6,1 A 10 KW;BT CLIENTI LIBERI F3     ;2022Servizi di manicure e pedicure                                                                                                                                                                                                                             ;1;0.01;100.05
BASSA TENSIONE POTENZA IMPEGNATA DA 6,1 A 10 KW;BT CLIENTI LIBERI F3     ;2022Servizi forniti da commercialisti                                                                                                                                                                                                                          ;1;0.01;100.06
BASSA TENSIONE POTENZA IMPEGNATA DA 1,6 A 3 KW;BT CLIENTI LIBERI F3     ;2022Altre attività di consulenza tecnica n.c.a.                                                                                                                                                                                                                ;1;0.01;100.07
BASSA TENSIONE POTENZA IMPEGNATA DA 1,6 A 3 KW;BT CLIENTI LIBERI F3     ;2022Altre attività di design                                                                                                                                                                                                                                   ;1;0.01;100.08
BASSA TENSIONE POTENZA IMPEGNATA DA 1,6 A 3 KW;BT CLIENTI LIBERI F3     ;2022Altre attività di intrattenimento e di divertimento n.c.a.                                                                                                                                                                                                 ;1;0.01;100.09
BASSA TENSIONE POTENZA IMPEGNATA DA 1,6 A 3 KW;BT CLIENTI LIBERI F3     ;2022Altre attività professionali, scientifiche e tecniche n.c.a.                                                                                                                                                                                               ;1;0.01;100.1
BASSA TENSIONE POTENZA DISPONIBILE OLTRE 16,5 KW;BT CLIENTI LIBERI F3     ;Produzione di energia elettrica da fonti rinnovabili                                                                                                                                                                                                           ;1;0.01;100.11
BASSA TENSIONE POTENZA DISPONIBILE OLTRE 16,5 KW;BT CLIENTI LIBERI F3     ;Produzione di prodotti di pasticceria freschi                                                                                                                                                                                                                  ;1;0.01;100.12
BASSA TENSIONE POTENZA IMPEGNATA DA 6,1 A 10 KW;BT CLIENTI LIBERI F3     ;2022Taglio e piallatura del legno                                                                                                                                                                                                                              ;1;0.01;100.13
BASSA TENSIONE POTENZA IMPEGNATA DA 6,1 A 10 KW;BT CLIENTI LIBERI F3     ;2022Telecomunicazioni fisse                                                                                                                                                                                                                                    ;1;0.01;100.14
BASSA TENSIONE POTENZA IMPEGNATA DA 6,1 A 10 KW;BT CLIENTI LIBERI F3     ;Allevamento di ovini e caprini                                                                                                                                                                                                                                 ;1;0.01;100.15
BASSA TENSIONE POTENZA IMPEGNATA DA 6,1 A 10 KW;BT CLIENTI LIBERI F3     ;Altre attività creditizie                                                                                                                                                                                                                                      ;1;0.01;100.16
BASSA TENSIONE POTENZA IMPEGNATA DA 6,1 A 10 KW;BT CLIENTI LIBERI F3     ;Altre intermediazioni monetarie fornite da istituti monetari diversi dalla banca centrale                                                                                                                                                                      ;1;0.01;100.17
BASSA TENSIONE POTENZA IMPEGNATA DA 6,1 A 10 KW;BT CLIENTI LIBERI F3     ;2022Commercio al dettaglio di materiale per ottica e fotografia                                                                                                                                                                                                ;1;0.01;100.18
BASSA TENSIONE POTENZA IMPEGNATA DA 6,1 A 10 KW;BT CLIENTI LIBERI F3     ;2022Commercio al dettaglio di materiali da costruzione, ceramiche e piastrelle                                                                                                                                                                                 ;1;0.01;100.19
BASSA TENSIONE POTENZA IMPEGNATA DA 6,1 A 10 KW;BT CLIENTI LIBERI F3     ;2022Commercio al dettaglio di oggetti d'arte (incluse le gallerie d'arte)                                                                                                                                                                                      ;1;0.01;100.2
BASSA TENSIONE POTENZA IMPEGNATA DA 6,1 A 10 KW;BT CLIENTI LIBERI F3     ;Attività di rivendita di telecomunicazioni e attività di servizi di intermediazione per telecomunicazioni                                                                                                                                                      ;1;0.01;100.21
BASSA TENSIONE POTENZA DISPONIBILE OLTRE 16,5 KW;BT CLIENTI LIBERI F3     ;Raccolta dei rifiuti                                                                                                                                                                                                                                           ;1;0.01;100.22
BASSA TENSIONE POTENZA DISPONIBILE OLTRE 16,5 KW;BT CLIENTI LIBERI F3     ;Rivestimento di pavimenti e di pareti                                                                                                                                                                                                                          ;1;0.01;100.23
BASSA TENSIONE POTENZA DISPONIBILE OLTRE 16,5 KW;BT CLIENTI LIBERI F3     ;Servizi di aree di campeggio e aree attrezzate per veicoli ricreazionali                                                                                                                                                                                       ;1;0.01;100.24
BASSA TENSIONE POTENZA DISPONIBILE OLTRE 16,5 KW;BT CLIENTI LIBERI F3     ;Servizi veterinari                                                                                                                                                                                                                                             ;1;0.01;100.25
BASSA TENSIONE POTENZA DISPONIBILE OLTRE 16,5 KW;BT CLIENTI LIBERI F3     ;Fabbricazione di serrature e cerniere                                                                                                                                                                                                                          ;1;0.01;100.26
BASSA TENSIONE POTENZA DISPONIBILE OLTRE 16,5 KW;BT CLIENTI LIBERI F3     ;Gestione di altri impianti sportivi                                                                                                                                                                                                                            ;1;0.01;100.27
BASSA TENSIONE POTENZA DISPONIBILE OLTRE 16,5 KW;BT CLIENTI LIBERI F3     ;Gestione di impianti sportivi                                                                                                                                                                                                                                  ;1;0.01;100.28
BASSA TENSIONE POTENZA DISPONIBILE OLTRE 16,5 KW;BT CLIENTI LIBERI F3     ;Gestione di parcheggi e autorimesse                                                                                                                                                                                                                            ;1;0.01;100.29
BASSA TENSIONE POTENZA IMPEGNATA DA 6,1 A 10 KW;BT CLIENTI LIBERI F3     ;Attività di telecomunicazioni fisse                                                                                                                                                                                                                            ;1;0.01;100.3
BASSA TENSIONE POTENZA IMPEGNATA DA 6,1 A 10 KW;BT CLIENTI LIBERI F3     ;Attività postali con obbligo di servizio universale                                                                                                                                                                                                            ;1;0.01;100.31
BASSA TENSIONE POTENZA IMPEGNATA DA 6,1 A 10 KW;BT CLIENTI LIBERI F3     ;Campeggi                                                                                                                                                                                                                                                       ;1;0.01;100.32
BASSA TENSIONE POTENZA IMPEGNATA DA 6,1 A 10 KW;BT CLIENTI LIBERI F3     ;Colonnine private di ricarica veicoli elettrici                                                                                                                                                                                                                ;1;0.01;100.33
BASSA TENSIONE POTENZA IMPEGNATA DA 6,1 A 10 KW;BT CLIENTI LIBERI F3     ;Coltivazione di colture agricole non permanenti                                                                                                                                                                                                                ;1;0.01;100.34
BASSA TENSIONE POTENZA IMPEGNATA DA 6,1 A 10 KW;BT CLIENTI LIBERI F3     ;Commercio al dettaglio di altri prodotti vari non di seconda mano n.c.a.                                                                                                                                                                                       ;1;0.01;100.35
BASSA TENSIONE POTENZA IMPEGNATA DA 6,1 A 10 KW;BT CLIENTI LIBERI F3     ;2022Ristorazione senza somministrazione con preparazione di cibi da asporto                                                                                                                                                                                    ;1;0.01;100.36
BASSA TENSIONE POTENZA DISPONIBILE OLTRE 16,5 KW;BT CLIENTI LIBERI F3     ;Lavorazione di pietre preziose e semipreziose                                                                                                                                                                                                                  ;1;0.01;100.37
BASSA TENSIONE POTENZA DISPONIBILE OLTRE 16,5 KW;BT CLIENTI LIBERI F3     ;Lavorazione e conservazione di frutta e ortaggi                                                                                                                                                                                                                ;1;0.01;100.38
BASSA TENSIONE POTENZA DISPONIBILE OLTRE 16,5 KW;BT CLIENTI LIBERI F3     ;Noleggio e leasing operativo di altre attrezzature e articoli sportivi e ricreativi                                                                                                                                                                            ;1;0.01;100.39
BASSA TENSIONE POTENZA DISPONIBILE OLTRE 16,5 KW;BT CLIENTI LIBERI F3     ;Noleggio e leasing operativo di attrezzature e articoli sportivi e ricreativi                                                                                                                                                                                  ;1;0.01;100.4
BASSA TENSIONE POTENZA DISPONIBILE OLTRE 16,5 KW;BT CLIENTI LIBERI F3     ;Preparazione del cantiere edile                                                                                                                                                                                                                                ;1;0.01;100.41
BASSA TENSIONE POTENZA DISPONIBILE OLTRE 16,5 KW;BT CLIENTI LIBERI F3     ;Produzione di birra                                                                                                                                                                                                                                            ;1;0.01;100.42
BASSA TENSIONE POTENZA DISPONIBILE OLTRE 16,5 KW;BT CLIENTI LIBERI F3     ;Coltivazione di altri alberi da frutto, frutti di bosco e frutta in guscio                                                                                                                                                                                     ;1;0.01;100.43
BASSA TENSIONE POTENZA IMPEGNATA DA 6,1 A 10 KW;BT CLIENTI LIBERI F3     ;Commercio al dettaglio non specializzato con prevalenza di prodotti alimentari, bevande o tabacchi                                                                                                                                                             ;1;0.01;100.44
BASSA TENSIONE POTENZA IMPEGNATA DA 6,1 A 10 KW;BT CLIENTI LIBERI F3     ;Commercio all'ingrosso di autoveicoli                                                                                                                                                                                                                          ;1;0.01;100.45
BASSA TENSIONE POTENZA IMPEGNATA DA 6,1 A 10 KW;BT CLIENTI LIBERI F3     ;Costruzione di edifici residenziali e non residenziali                                                                                                                                                                                                         ;1;0.01;100.46
BASSA TENSIONE POTENZA IMPEGNATA DA 6,1 A 10 KW;BT CLIENTI LIBERI F3     ;Fabbricazione di altri prodotti di carpenteria in legno e falegnameria per l'edilizia                                                                                                                                                                          ;1;0.01;100.47
BASSA TENSIONE POTENZA IMPEGNATA DA 6,1 A 10 KW;BT CLIENTI LIBERI F3     ;Fabbricazione di elementi da costruzione in metallo                                                                                                                                                                                                            ;1;0.01;100.48
BASSA TENSIONE POTENZA IMPEGNATA DA 6,1 A 10 KW;BT CLIENTI LIBERI F3     ;Fabbricazione di strutture metalliche e di parti di strutture metalliche                                                                                                                                                                                       ;1;0.01;100.49
BASSA TENSIONE POTENZA IMPEGNATA DA 6,1 A 10 KW;BT CLIENTI LIBERI F3     ;Gestione di parcheggi e autorimesse                                                                                                                                                                                                                            ;1;0.01;100.5
BASSA TENSIONE POTENZA IMPEGNATA DA 6,1 A 10 KW;BT CLIENTI LIBERI F3     ;Installazione di apparecchiature per le comunicazioni e di apparecchiature radiotelevisive                                                                                                                                                                     ;1;0.01;100.51
BASSA TENSIONE POTENZA IMPEGNATA DA 6,1 A 10 KW;BT CLIENTI LIBERI F3     ;Attività di altre organizzazioni associative                                                                                                                                                                                                                   ;1;0.01;100.52
BASSA TENSIONE POTENZA DISPONIBILE OLTRE 16,5 KW;BT CLIENTI LIBERI F3     ;Commercio al dettaglio non specializzato con prevalenza di prodotti alimentari, bevande o tabacchi                                                                                                                                                             ;1;0.01;100.53
BASSA TENSIONE POTENZA DISPONIBILE OLTRE 16,5 KW;BT CLIENTI LIBERI F3     ;Commercio all'ingrosso di motocicli                                                                                                                                                                                                                            ;1;0.01;100.54
BASSA TENSIONE POTENZA DISPONIBILE OLTRE 16,5 KW;BT CLIENTI LIBERI F3     ;Estrazione di pietre ornamentali, calcare, pietra di gesso, ardesia e altre pietre                                                                                                                                                                             ;1;0.01;100.55
BASSA TENSIONE POTENZA DISPONIBILE OLTRE 16,5 KW;BT CLIENTI LIBERI F3     ;Fabbricazione di articoli da viaggio, borse, pelletteria e selleria di qualsiasi materiale                                                                                                                                                                     ;1;0.01;100.56
BASSA TENSIONE POTENZA DISPONIBILE OLTRE 16,5 KW;BT CLIENTI LIBERI F3     ;Attività dei club sportivi                                                                                                                                                                                                                                     ;1;0.01;100.57
BASSA TENSIONE POTENZA DISPONIBILE OLTRE 16,5 KW;BT CLIENTI LIBERI F3     ;Attività di altre organizzazioni associative                                                                                                                                                                                                                   ;1;0.01;100.58
BASSA TENSIONE POTENZA DISPONIBILE OLTRE 16,5 KW;BT CLIENTI LIBERI F3     ;Attività di altre organizzazioni associative n.c.a.                                                                                                                                                                                                            ;1;0.01;100.59
BASSA TENSIONE POTENZA DISPONIBILE OLTRE 16,5 KW;BT CLIENTI LIBERI F3     ;Attività di assistenza diurna per l'infanzia                                                                                                                                                                                                                   ;1;0.01;100.6
BASSA TENSIONE POTENZA IMPEGNATA DA 6,1 A 10 KW;BT CLIENTI LIBERI F3     ;Rivestimento di pavimenti e di pareti                                                                                                                                                                                                                          ;1;0.01;100.61
BASSA TENSIONE POTENZA IMPEGNATA DA 6,1 A 10 KW;BT CLIENTI LIBERI F3     ;Servizi di alloggio per vacanze e altri soggiorni di breve durata                                                                                                                                                                                              ;1;0.01;100.62
BASSA TENSIONE POTENZA IMPEGNATA DA 6,1 A 10 KW;BT CLIENTI LIBERI F3     ;Servizi veterinari                                                                                                                                                                                                                                             ;1;0.01;100.63
BASSA TENSIONE POTENZA IMPEGNATA DA 6,1 A 10 KW;BT CLIENTI LIBERI F3     ;Trasporto di merci su strada                                                                                                                                                                                                                                   ;1;0.01;100.64
BASSA TENSIONE POTENZA IMPEGNATA DA 6,1 A 10 KW;BT CLIENTI LIBERI F3     ;Commercio al dettaglio di bevande                                                                                                                                                                                                                              ;1;0.01;100.65
BASSA TENSIONE POTENZA IMPEGNATA DA 6,1 A 10 KW;BT CLIENTI LIBERI F3     ;Commercio al dettaglio di carburanti per autotrazione                                                                                                                                                                                                          ;1;0.01;100.66
BASSA TENSIONE POTENZA DISPONIBILE OLTRE 16,5 KW;BT CLIENTI LIBERI F3     ;Installazione di altri impianti termo-idraulici                                                                                                                                                                                                                ;1;0.01;100.67
BASSA TENSIONE POTENZA DISPONIBILE OLTRE 16,5 KW;BT CLIENTI LIBERI F3     ;Istruzione prescolastica                                                                                                                                                                                                                                       ;1;0.01;100.68
BASSA TENSIONE POTENZA DISPONIBILE OLTRE 16,5 KW;BT CLIENTI LIBERI F3     ;Attività di assistenza residenziale per anziani o persone con disabilità fisiche                                                                                                                                                                               ;1;0.01;100.69
BASSA TENSIONE POTENZA DISPONIBILE OLTRE 16,5 KW;BT CLIENTI LIBERI F3     ;Attività di organizzazioni associative a scopo patriottico                                                                                                                                                                                                     ;1;0.01;100.7
BASSA TENSIONE POTENZA DISPONIBILE OLTRE 16,5 KW;BT CLIENTI LIBERI F3     ;Attività di pulizia generale di edifici                                                                                                                                                                                                                        ;1;0.01;100.71
BASSA TENSIONE POTENZA DISPONIBILE OLTRE 16,5 KW;BT CLIENTI LIBERI F3     ;2022Produzione di paste alimentari, di cuscus e di prodotti farinacei simili                                                                                                                                                                                   ;1;0.01;100.72
BASSA TENSIONE POTENZA DISPONIBILE OLTRE 16,5 KW;BT CLIENTI LIBERI F3     ;2022Riparazioni meccaniche di autoveicoli                                                                                                                                                                                                                      ;1;0.01;100.73
BASSA TENSIONE POTENZA DISPONIBILE OLTRE 16,5 KW;BT CLIENTI LIBERI F3     ;2022Ristoranti e attività di ristorazione mobile                                                                                                                                                                                                               ;1;0.01;100.74
BASSA TENSIONE POTENZA IMPEGNATA FINO 1,5 KW;BT CLIENTI LIBERI F3     ;2022Attività degli orti botanici, dei giardini zoologici e delle riserve naturali                                                                                                                                                                              ;1;0.01;100.75
BASSA TENSIONE POTENZA IMPEGNATA FINO 1,5 KW;BT CLIENTI LIBERI F3     ;2022Coltivazione di cereali (escluso il riso)                                                                                                                                                                                                                  ;1;0.01;100.76
BASSA TENSIONE POTENZA IMPEGNATA FINO 1,5 KW;BT CLIENTI LIBERI F3     ;2022Commercio al dettaglio di generi di monopolio (tabaccherie)                                                                                                                                                                                                ;1;0.01;100.77
BASSA TENSIONE POTENZA IMPEGNATA FINO 1,5 KW;BT CLIENTI LIBERI F3     ;2022Commercio all'ingrosso di computer, apparecchiature informatiche periferiche e di software                                                                                                                                                                 ;1;0.01;100.78
BASSA TENSIONE POTENZA IMPEGNATA FINO 1,5 KW;BT CLIENTI LIBERI F3     ;2022Consulenza nel settore delle tecnologie dell'informatica                                                                                                                                                                                                   ;1;0.01;100.79
BASSA TENSIONE POTENZA IMPEGNATA DA 6,1 A 10 KW;BT CLIENTI LIBERI F3     ;Istruzione secondaria e post-secondaria non terziaria                                                                                                                                                                                                          ;1;0.01;100.8
BASSA TENSIONE POTENZA IMPEGNATA DA 6,1 A 10 KW;BT CLIENTI LIBERI F3     ;Noleggio e leasing operativo di altre attrezzature e articoli sportivi e ricreativi                                                                                                                                                                            ;1;0.01;100.81
BASSA TENSIONE POTENZA IMPEGNATA DA 6,1 A 10 KW;BT CLIENTI LIBERI F3     ;Produzione di beni indifferenziati per uso proprio da parte di famiglie e convivenze                                                                                                                                                                           ;1;0.01;100.82
BASSA TENSIONE POTENZA IMPEGNATA DA 6,1 A 10 KW;BT CLIENTI LIBERI F3     ;Produzione di prodotti di pasticceria freschi                                                                                                                                                                                                                  ;1;0.01;100.83
BASSA TENSIONE POTENZA DISPONIBILE OLTRE 16,5 KW;BT CLIENTI LIBERI F3     ;Commercio al dettaglio non specializzato con prevalenza di altri prodotti alimentari, bevande o tabacchi                                                                                                                                                       ;1;0.01;100.84
DOMESTICI;USI DOMESTICI NON RESID. ;2022Ristoranti e attività di ristorazione mobile                                                                                                                                                                                                               ;1;0.01;100.85
BASSA TENSIONE POTENZA DISPONIBILE OLTRE 16,5 KW;BT CLIENTI LIBERI F3     ;2022Compravendita di beni immobili effettuata su beni propri                                                                                                                                                                                                   ;1;0.01;100.86
BASSA TENSIONE POTENZA DISPONIBILE OLTRE 16,5 KW;BT CLIENTI LIBERI F3     ;2022Altre attività professionali n.c.a.                                                                                                                                                                                                                        ;1;0.01;100.87
BASSA TENSIONE POTENZA DISPONIBILE OLTRE 16,5 KW;BT CLIENTI LIBERI F3     ;2022Amministrazione di condomini e gestione di beni immobili per conto terzi                                                                                                                                                                                   ;1;0.01;100.88
BASSA TENSIONE POTENZA DISPONIBILE OLTRE 16,5 KW;BT CLIENTI LIBERI F3     ;2022Discount di alimentari                                                                                                                                                                                                                                     ;1;0.01;100.89
BASSA TENSIONE POTENZA DISPONIBILE OLTRE 16,5 KW;BT CLIENTI LIBERI F3     ;2022Fabbricazione di altri prodotti vari in legno (esclusi i mobili)                                                                                                                                                                                           ;1;0.01;100.9
DOMESTICI;USI DOMESTICI NON RESID. ;Allevamento di animali                                                                                                                                                                                                                                         ;1;0.01;100.91
DOMESTICI;USI DOMESTICI NON RESID. ;Attività di servizi di intermediazione per attività immobiliari                                                                                                                                                                                                ;1;0.01;100.92
DOMESTICI;USI DOMESTICI NON RESID. ;Lavori di muratura                                                                                                                                                                                                                                             ;1;0.01;100.93
DOMESTICI;USI DOMESTICI NON RESID. ;Servizi generali degli edifici per abitazioni private                                                                                                                                                                                                          ;1;0.01;100.94
DOMESTICI;USI DOMESTICI NR PUNTA   ;Abitazioni private                                                                                                                                                                                                                                             ;1;0.01;100.95
BASSA TENSIONE POTENZA DISPONIBILE OLTRE 16,5 KW;BT CLIENTI LIBERI F3     ;2022Commercio al dettaglio di mobili per la casa                                                                                                                                                                                                               ;1;0.01;100.96
BASSA TENSIONE POTENZA IMPEGNATA FINO 1,5 KW;BT CLIENTI LIBERI F3     ;Allevamento di ovini e caprini                                                                                                                                                                                                                                 ;1;0.01;100.97
BASSA TENSIONE POTENZA IMPEGNATA FINO 1,5 KW;BT CLIENTI LIBERI F3     ;Altre intermediazioni monetarie fornite da istituti monetari diversi dalla banca centrale                                                                                                                                                                      ;1;0.01;100.98
BASSA TENSIONE POTENZA IMPEGNATA FINO 1,5 KW;BT CLIENTI LIBERI F3     ;Altri trasporti terrestri di passeggeri                                                                                                                                                                                                                        ;1;0.01;100.99
BASSA TENSIONE POTENZA IMPEGNATA FINO 1,5 KW;BT CLIENTI LIBERI F3     ;Amministrazione dello Stato e delle politiche economiche, sociali e ambientali della comunità                                                                                                                                                                  ;1;0.01;101.0
BASSA TENSIONE POTENZA IMPEGNATA DA 10,1 A 15 KW;BT CLIENTI LIBERI F3     ;2022Aree di campeggio e aree attrezzate per camper e roulotte                                                                                                                                                                                                  ;1;0.01;101.01
BASSA TENSIONE POTENZA IMPEGNATA DA 10,1 A 15 KW;BT CLIENTI LIBERI F3     ;2022Attività dei vigili del fuoco                                                                                                                                                                                                                              ;1;0.01;101.02
BASSA TENSIONE POTENZA IMPEGNATA DA 10,1 A 15 KW;BT CLIENTI LIBERI F3     ;2022Coltivazione di fiori in colture protette                                                                                                                                                                                                                  ;1;0.01;101.03
BASSA TENSIONE POTENZA IMPEGNATA DA 10,1 A 15 KW;BT CLIENTI LIBERI F3     ;2022Fabbricazione di mobili per arredo domestico                                                                                                                                                                                                               ;1;0.01;101.04
BASSA TENSIONE POTENZA IMPEGNATA DA 1,6 A 3 KW;BT CLIENTI LIBERI F3     ;Produzione di pane e prodotti di panetteria simili                                                                                                                                                                                                             ;1;0.01;101.05
BASSA TENSIONE POTENZA IMPEGNATA DA 1,6 A 3 KW;BT CLIENTI LIBERI F3     ;Regolamentazione dei servizi culturali e di altri servizi sociali                                                                                                                                                                                              ;1;0.01;101.06
BASSA TENSIONE POTENZA IMPEGNATA DA 1,6 A 3 KW;BT CLIENTI LIBERI F3     ;Riparazione e manutenzione di mobili e di oggetti di arredamento per la casa                                                                                                                                                                                   ;1;0.01;101.07
BASSA TENSIONE POTENZA IMPEGNATA DA 1,6 A 3 KW;BT CLIENTI LIBERI F3     ;Rivestimento di pavimenti e di pareti                                                                                                                                                                                                                          ;1;0.01;101.08
BASSA TENSIONE POTENZA DISPONIBILE OLTRE 16,5 KW;BT CLIENTI LIBERI F3     ;2022Gestione di attrazioni e attività di spettacolo in forma itinerante (giostre) o di attività dello spettacolo viaggiante svolte con attrezzature smontabili, in spazi pubblici e privati                                                                    ;1;0.01;101.09
BASSA TENSIONE POTENZA DISPONIBILE OLTRE 16,5 KW;BT CLIENTI LIBERI F3     ;2022Gestioni di funicolari, ski-lift e seggiovie se non facenti parte dei sistemi di transito urbano o suburbano                                                                                                                                               ;1;0.01;101.1
BASSA TENSIONE POTENZA DISPONIBILE OLTRE 16,5 KW;BT CLIENTI LIBERI F3     ;2022Ordine pubblico e sicurezza nazionale                                                                                                                                                                                                                      ;1;0.01;101.11
BASSA TENSIONE POTENZA DISPONIBILE OLTRE 16,5 KW;BT CLIENTI LIBERI F3     ;2022Ospedali e case di cura generici                                                                                                                                                                                                                           ;1;0.01;101.12
BASSA TENSIONE POTENZA DISPONIBILE OLTRE 16,5 KW;BT CLIENTI LIBERI F3     ;2022Preparazione del cantiere edile e sistemazione del terreno                                                                                                                                                                                                 ;1;0.01;101.13
BASSA TENSIONE POTENZA IMPEGNATA FINO 1,5 KW;BT FASCE ORARIE F3       ;Allevamento di animali                                                                                                                                                                                                                                         ;1;0.01;101.14
BASSA TENSIONE POTENZA IMPEGNATA FINO 1,5 KW;BT FASCE ORARIE F3       ;Commercio al dettaglio di articoli di cancelleria                                                                                                                                                                                                              ;1;0.01;101.15
DOMESTICI;USI DOMESTICI NON RESID. ;2022Compravendita di beni immobili effettuata su beni propri                                                                                                                                                                                                   ;1;0.01;101.16
