POD;N_Righe;N_Mesi;Tot_NaN_Q;Tot_Celle;Completezza [%]
99999E00000053;2084;17;16;200064;99.99
99999E00003208;1042;17;8;100032;99.99
99999E00003209;1042;17;8;100032;99.99
99999E00003382;798;13;8;76608;99.99
99999E00003384;798;13;8;76608;99.99
99999E00003519;1100;18;8;105600;99.99
99999E00003632;980;16;8;94080;99.99
99999E00003633;858;14;8;82368;99.99
99999E00003678;980;16;8;94080;99.99
99999E00010019;1042;17;8;100032;99.99
99999E00010036;1100;18;8;105600;99.99
99999E00010037;1100;18;8;105600;99.99
99999E00010038;1563;17;12;150048;99.99
99999E00010045;1100;18;8;105600;99.99
99999E00010048;1100;18;8;105600;99.99
99999E00010050;1100;18;8;105600;99.99
99999E00010056;1100;18;8;105600;99.99
99999E00010057;1042;17;8;100032;99.99
99999E00010059;1100;18;8;105600;99.99
99999E00010062;1100;18;8;105600;99.99
99999E00010069;1042;17;8;100032;99.99
99999E00010076;920;15;8;88320;99.99
99999E00010080;1042;17;8;100032;99.99
99999E00010081;920;15;8;88320;99.99
99999E00010082;920;15;8;88320;99.99
99999E00010083;858;14;8;82368;99.99
99999E00010095;1042;17;8;100032;99.99
99999E00010098;980;16;8;94080;99.99
99999E00010105;1042;17;8;100032;99.99
99999E00010109;980;16;8;94080;99.99
99999E00010110;980;16;8;94080;99.99
99999E00010113;858;14;8;82368;99.99
99999E00010117;1100;18;8;105600;99.99
99999E00010121;1042;17;8;100032;99.99
99999E00010122;920;15;8;88320;99.99
99999E00010123;920;15;8;88320;99.99
99999E00010127;798;13;8;76608;99.99
99999E00010128;798;13;8;76608;99.99
99999E00010129;798;13;8;76608;99.99
99999E00010130;1042;17;8;100032;99.99
99999E00010131;798;13;8;76608;99.99
99999E00010132;798;13;8;76608;99.99
99999E00010133;1042;17;8;100032;99.99
99999E00010135;798;13;8;76608;99.99
99999E00010136;1042;17;8;100032;99.99
99999E00010137;1042;17;8;100032;99.99
99999E00010138;1042;17;8;100032;99.99
99999E00010139;1042;17;8;100032;99.99
99999E00010141;920;15;8;88320;99.99
99999E00010142;920;15;8;88320;99.99
99999E00010148;980;16;8;94080;99.99
99999E00010151;980;16;8;94080;99.99
99999E00010152;920;15;8;88320;99.99
99999E00010153;920;15;8;88320;99.99
99999E00010154;980;16;8;94080;99.99
99999E00010155;798;13;8;76608;99.99
99999E00010156;798;13;8;76608;99.99
99999E00010161;1100;18;8;105600;99.99
99999E00010162;1100;18;8;105600;99.99
99999E00010164;1100;18;8;105600;99.99
99999E00010169;1102;18;8;105792;99.99
99999E00010175;980;16;8;94080;99.99
99999E00010178;920;15;8;88320;99.99
99999E00010182;798;13;8;76608;99.99
99999E00010183;778;15;0;74688;100.0
99999E00010193;920;15;8;88320;99.99
99999E00010217;1042;17;8;100032;99.99
99999E00010218;1042;17;8;100032;99.99
99999E00010219;920;15;8;88320;99.99
99999E00010220;920;15;8;88320;99.99
99999E00010225;920;15;8;88320;99.99
99999E00010226;980;16;8;94080;99.99
99999E00010227;798;13;8;76608;99.99
99999E00010235;920;15;8;88320;99.99
99999E00010237;920;15;8;88320;99.99
99999E00010239;980;16;8;94080;99.99
99999E00010242;920;15;8;88320;99.99
99999E00010251;858;14;8;82368;99.99
99999E00010263;1042;17;8;100032;99.99
99999E00010264;1042;17;8;100032;99.99
99999E00010265;1042;17;8;100032;99.99
99999E00010290;1042;17;8;100032;99.99
99999E00010291;1042;17;8;100032;99.99
99999E00010292;1042;17;8;100032;99.99
99999E00010293;1042;17;8;100032;99.99
99999E00010294;1042;17;8;100032;99.99
99999E00010314;798;13;8;76608;99.99
99999E00010324;1042;17;8;100032;99.99
99999E00010335;858;14;8;82368;99.99
99999E00010336;980;16;8;94080;99.99
99999E00010340;920;15;8;88320;99.99
99999E00010341;920;15;8;88320;99.99
99999E00010343;920;15;8;88320;99.99
99999E00010346;920;15;8;88320;99.99
99999E00010348;920;15;8;88320;99.99
99999E00010353;920;15;8;88320;99.99
99999E00010356;980;16;8;94080;99.99
99999E00010359;980;16;8;94080;99.99
99999E00010370;1042;17;8;100032;99.99
99999E00010380;980;16;8;94080;99.99
99999E00010385;798;13;8;76608;99.99
99999E00010387;920;15;8;88320;99.99
99999E00010388;980;16;8;94080;99.99
99999E00010390;920;15;8;88320;99.99
99999E00010398;980;16;8;94080;99.99
99999E00010400;1100;18;8;105600;99.99
99999E00010408;798;13;8;76608;99.99
99999E00010414;920;15;8;88320;99.99
99999E00010422;798;13;8;76608;99.99
99999E00010425;858;14;8;82368;99.99
99999E00010426;920;15;8;88320;99.99
99999E00010427;1100;18;8;105600;99.99
99999E00010429;920;15;8;88320;99.99
99999E00010430;920;15;8;88320;99.99
99999E00010431;920;15;8;88320;99.99
99999E00010438;980;16;8;94080;99.99
99999E00010443;1100;18;8;105600;99.99
99999E00010445;1100;18;8;105600;99.99
99999E00010451;1100;18;8;105600;99.99
99999E00010455;1100;18;8;105600;99.99
99999E00010457;1100;18;8;105600;99.99
99999E00010482;1100;18;8;105600;99.99
99999E00010483;980;16;8;94080;99.99
99999E00010487;1100;18;8;105600;99.99
99999E00010488;920;15;8;88320;99.99
99999E00010492;920;15;8;88320;99.99
99999E00010500;1100;18;8;105600;99.99
99999E00010505;1100;18;8;105600;99.99
99999E00010506;1100;18;8;105600;99.99
99999E00010507;1100;18;8;105600;99.99
99999E00010508;1100;18;8;105600;99.99
99999E00010510;1100;18;8;105600;99.99
99999E00010511;1100;18;8;105600;99.99
99999E00010519;1100;18;8;105600;99.99
99999E00010526;1100;18;8;105600;99.99
99999E00010529;1100;18;8;105600;99.99
99999E00010530;1100;18;8;105600;99.99
99999E00010531;1100;18;8;105600;99.99
99999E00010534;1100;18;8;105600;99.99
99999E00010540;1100;18;8;105600;99.99
99999E00010541;1100;18;8;105600;99.99
99999E00010544;1100;18;8;105600;99.99
99999E00010550;1042;17;8;100032;99.99
99999E00010566;1100;18;8;105600;99.99
99999E00010570;1100;18;8;105600;99.99
99999E00010576;1100;18;8;105600;99.99
99999E00010583;1100;18;8;105600;99.99
99999E00010590;1100;18;8;105600;99.99
99999E00010592;1100;18;8;105600;99.99
99999E00010594;1100;18;8;105600;99.99
99999E00010596;1100;18;8;105600;99.99
99999E00010598;1100;18;8;105600;99.99
99999E00010600;1100;18;8;105600;99.99
99999E00010611;1100;18;8;105600;99.99
99999E00010621;1042;17;8;100032;99.99
99999E00010622;1100;18;8;105600;99.99
99999E00010623;1100;18;8;105600;99.99
99999E00010628;1100;18;8;105600;99.99
99999E00010629;1100;18;8;105600;99.99
99999E00010631;1100;18;8;105600;99.99
99999E00010632;1100;18;8;105600;99.99
99999E00010637;1100;18;8;105600;99.99
99999E00010638;1100;18;8;105600;99.99
99999E00010642;1100;18;20;105600;99.98
99999E00010644;1100;18;8;105600;99.99
99999E00010647;1100;18;8;105600;99.99
99999E00010651;1100;18;8;105600;99.99
99999E00010661;1100;18;12;105600;99.99
99999E00010663;1100;18;8;105600;99.99
99999E00010665;1100;18;8;105600;99.99
99999E00010670;1100;18;8;105600;99.99
99999E00010671;1100;18;8;105600;99.99
99999E00010673;1100;18;8;105600;99.99
99999E00010674;1100;18;8;105600;99.99
99999E00010675;1100;18;8;105600;99.99
99999E00010679;1100;18;8;105600;99.99
99999E00010680;1100;18;8;105600;99.99
99999E00010682;1100;18;8;105600;99.99
99999E00010684;1100;18;8;105600;99.99
99999E00010690;1100;18;8;105600;99.99
99999E00010695;1100;18;8;105600;99.99
99999E00010699;1100;18;8;105600;99.99
99999E00010709;1100;18;8;105600;99.99
99999E00010710;1100;18;8;105600;99.99
99999E00010714;1100;18;8;105600;99.99
99999E00010716;1100;18;8;105600;99.99
99999E00010717;1100;18;8;105600;99.99
99999E00010720;1100;18;8;105600;99.99
99999E00010721;1100;18;8;105600;99.99
99999E00010722;1100;18;8;105600;99.99
99999E00010739;1100;18;8;105600;99.99
99999E00010740;1100;18;8;105600;99.99
99999E00010742;1100;18;8;105600;99.99
99999E00010743;1102;18;8;105792;99.99
99999E00010752;1100;18;8;105600;99.99
99999E00010765;920;15;8;88320;99.99
99999E00010770;980;16;8;94080;99.99
99999E00010778;920;15;8;88320;99.99
99999E00010782;924;16;8;88704;99.99
99999E00010783;920;15;8;88320;99.99
99999E00010784;920;15;8;88320;99.99
99999E00010790;980;16;8;94080;99.99
99999E00010791;980;16;8;94080;99.99
99999E00010800;920;15;8;88320;99.99
99999E00010807;1100;18;8;105600;99.99
99999E00010810;920;15;8;88320;99.99
99999E00010823;1042;17;8;100032;99.99
99999E00010826;1100;18;8;105600;99.99
99999E00010828;1100;18;8;105600;99.99
99999E00010833;1100;18;8;105600;99.99
99999E00010834;1100;18;8;105600;99.99
99999E00010835;1100;18;8;105600;99.99
99999E00010841;1042;17;8;100032;99.99
99999E00010848;1100;18;8;105600;99.99
99999E00010852;1100;18;8;105600;99.99
99999E00010862;1100;18;8;105600;99.99
99999E00010863;1100;18;8;105600;99.99
99999E00010868;1100;18;8;105600;99.99
99999E00010874;1042;17;8;100032;99.99
99999E00010881;1042;17;8;100032;99.99
99999E00010889;858;14;8;82368;99.99
99999E00010901;980;16;8;94080;99.99
99999E00010911;1100;18;8;105600;99.99
99999E00010920;1100;18;8;105600;99.99
99999E00010923;1100;18;8;105600;99.99
99999E00010926;798;13;8;76608;99.99
99999E00010930;980;16;8;94080;99.99
99999E00010931;980;16;8;94080;99.99
99999E00010933;1100;18;8;105600;99.99
99999E00010938;980;16;8;94080;99.99
99999E00010941;920;15;8;88320;99.99
99999E00010943;920;15;8;88320;99.99
99999E00010944;980;16;8;94080;99.99
99999E00010945;858;14;8;82368;99.99
99999E00010949;980;16;8;94080;99.99
99999E00010952;798;13;8;76608;99.99
99999E00010953;798;13;8;76608;99.99
99999E00010967;1100;18;8;105600;99.99
99999E00010969;1042;17;8;100032;99.99
99999E00010974;920;15;8;88320;99.99
99999E00010976;798;13;8;76608;99.99
99999E00010977;980;16;8;94080;99.99
99999E00010980;980;16;8;94080;99.99
99999E00010981;920;15;8;88320;99.99
99999E00010989;980;16;8;94080;99.99
99999E00011001;1100;18;8;105600;99.99
99999E00011004;1100;18;8;105600;99.99
99999E00011006;1100;18;8;105600;99.99
99999E00011009;1100;18;8;105600;99.99
99999E00011014;1100;18;8;105600;99.99
99999E00011016;1100;18;8;105600;99.99
99999E00011033;1100;18;8;105600;99.99
99999E00011034;1100;18;8;105600;99.99
99999E00011037;1042;17;8;100032;99.99
99999E00011041;1042;17;8;100032;99.99
99999E00011042;1100;18;8;105600;99.99
99999E00011044;858;14;8;82368;99.99
99999E00011075;980;16;8;94080;99.99
99999E00011125;920;15;8;88320;99.99
99999E00011129;858;14;8;82368;99.99
99999E00011130;858;14;8;82368;99.99
99999E00011132;1042;17;8;100032;99.99
99999E00011135;920;15;8;88320;99.99
99999E00011136;1042;17;8;100032;99.99
99999E00011149;798;13;8;76608;99.99
99999E00011154;858;14;8;82368;99.99
99999E00011168;980;16;8;94080;99.99
99999E00011189;920;15;8;88320;99.99
99999E00011191;920;15;8;88320;99.99
99999E00011197;980;16;8;94080;99.99
99999E00011202;980;16;8;94080;99.99
99999E00011204;920;15;8;88320;99.99
99999E00011208;920;15;8;88320;99.99
99999E00011213;1100;18;8;105600;99.99
99999E00011214;1100;18;8;105600;99.99
99999E00011219;920;15;8;88320;99.99
99999E00011220;920;15;8;88320;99.99
99999E00011228;1162;18;8;111552;99.99
99999E00011237;978;16;8;93888;99.99
99999E00011239;920;15;8;88320;99.99
99999E00011246;980;16;8;94080;99.99
99999E00011247;1100;18;8;105600;99.99
99999E00011248;980;16;8;94080;99.99
99999E00011252;980;16;8;94080;99.99
99999E00011255;1042;17;8;100032;99.99
99999E00011257;920;15;8;88320;99.99
99999E00011258;920;15;8;88320;99.99
99999E00011260;980;16;8;94080;99.99
99999E00011261;980;16;8;94080;99.99
99999E00011262;980;16;8;94080;99.99
99999E00011264;858;14;8;82368;99.99
99999E00011267;1042;17;8;100032;99.99
99999E00011269;920;15;8;88320;99.99
99999E00011274;980;16;8;94080;99.99
99999E00011276;1042;17;8;100032;99.99
99999E00011278;920;15;8;88320;99.99
99999E00011285;1100;18;8;105600;99.99
99999E00011310;1100;18;8;105600;99.99
99999E00011311;1100;18;8;105600;99.99
99999E00011313;1100;18;8;105600;99.99
99999E00011314;1100;18;8;105600;99.99
99999E00011322;1650;18;12;158400;99.99
99999E00011324;1100;18;8;105600;99.99
99999E00011326;1042;17;8;100032;99.99
99999E00011328;1100;18;8;105600;99.99
99999E00011329;1100;18;8;105600;99.99
99999E00011331;1042;17;8;100032;99.99
99999E00011337;980;16;8;94080;99.99
99999E00011339;920;15;8;88320;99.99
99999E00011341;920;15;8;88320;99.99
99999E00011342;920;15;8;88320;99.99
99999E00011345;1042;17;8;100032;99.99
99999E00011369;920;15;8;88320;99.99
99999E00011439;798;13;8;76608;99.99
99999E00011478;798;13;8;76608;99.99
99999E00011481;798;13;8;76608;99.99
99999E00011482;798;13;8;76608;99.99
99999E00011484;798;13;8;76608;99.99
99999E00011522;920;15;8;88320;99.99
99999E00011525;858;14;8;82368;99.99
99999E00011533;1042;17;8;100032;99.99
99999E00011539;1042;17;8;100032;99.99
99999E00011548;858;14;8;82368;99.99
99999E00011552;858;14;8;82368;99.99
99999E00011553;798;13;8;76608;99.99
99999E00011559;1686;18;16;161856;99.99
99999E00011571;920;15;8;88320;99.99
99999E00011574;980;16;8;94080;99.99
99999E00011580;1100;18;8;105600;99.99
99999E00011583;980;16;8;94080;99.99
99999E00011592;980;16;8;94080;99.99
99999E00011600;920;15;8;88320;99.99
99999E00011601;1100;18;8;105600;99.99
99999E00011602;1100;18;8;105600;99.99
99999E00011603;1100;18;8;105600;99.99
99999E00011604;1100;18;8;105600;99.99
99999E00011606;1100;18;8;105600;99.99
99999E00011608;1100;18;8;105600;99.99
99999E00011613;920;15;8;88320;99.99
99999E00011614;920;15;8;88320;99.99
99999E00011615;1042;17;8;100032;99.99
99999E00011630;920;15;8;88320;99.99
99999E00011644;1100;18;8;105600;99.99
99999E00011650;1100;18;8;105600;99.99
99999E00011653;1100;18;8;105600;99.99
99999E00011655;1100;18;8;105600;99.99
99999E00011657;1100;18;8;105600;99.99
99999E00011704;1960;16;16;188160;99.99
99999E00011717;1100;18;8;105600;99.99
99999E00011722;920;15;8;88320;99.99
99999E00011728;920;15;8;88320;99.99
99999E00011730;920;15;8;88320;99.99
99999E00011731;920;15;8;88320;99.99
99999E00011733;920;15;8;88320;99.99
99999E00011734;920;15;8;88320;99.99
99999E00011736;980;16;8;94080;99.99
99999E00011739;1042;17;8;100032;99.99
99999E00011740;1840;15;16;176640;99.99
99999E00011743;920;15;8;88320;99.99
99999E00011744;920;15;8;88320;99.99
99999E00011745;858;14;8;82368;99.99
99999E00011750;980;16;8;94080;99.99
99999E00011751;1042;17;8;100032;99.99
99999E00011752;980;16;8;94080;99.99
99999E00011753;980;16;8;94080;99.99
99999E00011754;1042;17;8;100032;99.99
99999E00011755;1042;17;8;100032;99.99
99999E00011756;798;13;8;76608;99.99
99999E00011758;980;16;8;94080;99.99
99999E00011759;980;16;8;94080;99.99
99999E00011764;920;15;8;88320;99.99
99999E00011766;798;13;8;76608;99.99
99999E00011770;920;15;8;88320;99.99
99999E00011772;980;16;8;94080;99.99
99999E00011783;1100;18;8;105600;99.99
99999E00011787;1100;18;8;105600;99.99
99999E00011788;1100;18;8;105600;99.99
99999E00011793;1100;18;8;105600;99.99
99999E00011804;1100;18;8;105600;99.99
99999E00011809;1100;18;8;105600;99.99
99999E00011810;1042;17;8;100032;99.99
99999E00011817;1656;18;71;158976;99.96
99999E00011818;1100;18;8;105600;99.99
99999E00011819;1100;18;8;105600;99.99
99999E00011823;1100;18;8;105600;99.99
99999E00011826;1098;18;8;105408;99.99
99999E00011829;1650;18;12;158400;99.99
99999E00011831;1100;18;8;105600;99.99
99999E00011834;1100;18;8;105600;99.99
99999E00011840;1100;18;8;105600;99.99
99999E00011844;1100;18;8;105600;99.99
99999E00011854;1100;18;8;105600;99.99
99999E00011857;1042;17;8;100032;99.99
99999E00011859;1100;18;8;105600;99.99
99999E00011860;1100;18;8;105600;99.99
99999E00011862;1042;17;8;100032;99.99
99999E00011865;1100;18;8;105600;99.99
99999E00011872;1100;18;8;105600;99.99
99999E00011873;1100;18;8;105600;99.99
99999E00011874;1100;18;8;105600;99.99
99999E00011883;1100;18;8;105600;99.99
99999E00011891;798;13;8;76608;99.99
99999E00011893;1100;18;8;105600;99.99
99999E00011894;1100;18;8;105600;99.99
99999E00011900;1100;18;8;105600;99.99
99999E00011903;1100;18;8;105600;99.99
99999E00011906;1100;18;8;105600;99.99
99999E00011914;1100;18;8;105600;99.99
99999E00011916;1100;18;8;105600;99.99
99999E00011920;1042;17;8;100032;99.99
99999E00011922;1100;18;8;105600;99.99
99999E00011924;1100;18;8;105600;99.99
99999E00011926;1100;18;8;105600;99.99
99999E00011928;1100;18;8;105600;99.99
99999E00011932;1100;18;8;105600;99.99
99999E00011933;1650;18;12;158400;99.99
99999E00011937;1100;18;12;105600;99.99
99999E00011938;1100;18;8;105600;99.99
99999E00011940;1042;17;8;100032;99.99
99999E00011942;1100;18;8;105600;99.99
99999E00011943;1100;18;8;105600;99.99
99999E00011948;1100;18;8;105600;99.99
99999E00011949;1100;18;8;105600;99.99
99999E00011950;1100;18;8;105600;99.99
99999E00011951;1042;17;8;100032;99.99
99999E00011953;1100;18;8;105600;99.99
99999E00011957;920;15;8;88320;99.99
99999E00011959;920;15;8;88320;99.99
99999E00011963;920;15;8;88320;99.99
99999E00011964;980;16;8;94080;99.99
99999E00011965;1042;17;8;100032;99.99
99999E00011966;1042;17;8;100032;99.99
99999E00011979;980;16;8;94080;99.99
99999E00011980;980;16;8;94080;99.99
99999E00011982;980;16;8;94080;99.99
99999E00011984;798;13;8;76608;99.99
99999E00011985;1042;17;8;100032;99.99
99999E00011991;920;15;8;88320;99.99
99999E00011996;1100;18;8;105600;99.99
99999E00011999;1100;18;8;105600;99.99
99999E00012002;920;15;8;88320;99.99
99999E00012003;920;15;8;88320;99.99
99999E00012014;920;15;8;88320;99.99
99999E00012024;1042;17;8;100032;99.99
99999E00012028;1100;18;8;105600;99.99
99999E00012029;1100;18;8;105600;99.99
99999E00012030;1100;18;8;105600;99.99
99999E00012032;1100;18;8;105600;99.99
99999E00012034;1100;18;8;105600;99.99
99999E00012035;1100;18;8;105600;99.99
99999E00012037;1100;18;8;105600;99.99
99999E00012040;1100;18;8;105600;99.99
99999E00012050;1082;18;8;103872;99.99
99999E00012052;1100;18;8;105600;99.99
99999E00012054;1042;17;8;100032;99.99
99999E00012057;1042;17;8;100032;99.99
99999E00012058;1100;18;8;105600;99.99
99999E00012060;1100;18;8;105600;99.99
99999E00012063;1042;17;8;100032;99.99
99999E00012069;1100;18;8;105600;99.99
99999E00012075;1100;18;8;105600;99.99
99999E00012076;1100;18;8;105600;99.99
99999E00012077;980;16;8;94080;99.99
99999E00012099;798;13;8;76608;99.99
99999E00012125;980;16;8;94080;99.99
99999E00012126;920;15;8;88320;99.99
99999E00012127;980;16;8;94080;99.99
99999E00012136;980;16;8;94080;99.99
99999E00012156;920;15;8;88320;99.99
99999E00012160;920;15;8;88320;99.99
99999E00012163;920;15;8;88320;99.99
99999E00012165;980;16;8;94080;99.99
99999E00012167;798;13;8;76608;99.99
99999E00012169;798;13;8;76608;99.99
99999E00012177;980;16;8;94080;99.99
99999E00012179;980;16;8;94080;99.99
99999E00012181;890;15;8;85440;99.99
99999E00012182;1100;18;8;105600;99.99
99999E00012186;920;15;8;88320;99.99
99999E00012190;798;13;8;76608;99.99
99999E00012191;920;15;8;88320;99.99
99999E00012195;920;15;8;88320;99.99
99999E00012280;798;13;8;76608;99.99
99999E00012282;798;13;8;76608;99.99
99999E00012294;858;14;8;82368;99.99
99999E00012303;798;13;8;76608;99.99
99999E00012309;920;15;8;88320;99.99
99999E00012310;798;13;8;76608;99.99
99999E00012319;1100;18;8;105600;99.99
99999E00012331;858;14;8;82368;99.99
99999E00012332;980;16;8;94080;99.99
99999E00012347;858;14;8;82368;99.99
99999E00012351;1100;18;8;105600;99.99
99999E00012376;1042;17;8;100032;99.99
99999E00012377;1042;17;8;100032;99.99
99999E00012426;920;15;8;88320;99.99
99999E00012432;980;16;8;94080;99.99
99999E00012435;1100;18;8;105600;99.99
99999E00012440;1100;18;8;105600;99.99
99999E00012442;1100;18;8;105600;99.99
99999E00012449;1042;17;8;100032;99.99
99999E00012450;1100;18;8;105600;99.99
99999E00012467;1100;18;8;105600;99.99
99999E00012468;1100;18;8;105600;99.99
99999E00012471;1100;18;8;105600;99.99
99999E00012472;1100;18;8;105600;99.99
99999E00012473;1100;18;8;105600;99.99
99999E00012474;980;16;8;94080;99.99
99999E00012485;798;13;8;76608;99.99
99999E00012495;920;15;8;88320;99.99
99999E00012496;920;15;8;88320;99.99
99999E00012505;980;16;8;94080;99.99
99999E00012514;920;15;8;88320;99.99
99999E00012517;1100;18;8;105600;99.99
99999E00012521;920;15;8;88320;99.99
99999E00012527;798;13;8;76608;99.99
99999E00012530;798;13;8;76608;99.99
99999E00012531;798;13;8;76608;99.99
99999E00012532;798;13;8;76608;99.99
99999E00012534;798;13;8;76608;99.99
99999E00012535;920;15;8;88320;99.99
99999E00012538;1042;17;8;100032;99.99
99999E00012560;980;16;8;94080;99.99
99999E00012563;980;16;8;94080;99.99
99999E00012581;920;15;8;88320;99.99
99999E00012583;920;15;8;88320;99.99
99999E00012584;920;15;8;88320;99.99
99999E00012591;858;14;8;82368;99.99
99999E00012593;798;13;8;76608;99.99
99999E00012594;798;13;8;76608;99.99
99999E00012595;858;14;8;82368;99.99
99999E00012615;920;15;8;88320;99.99
99999E00012616;798;13;8;76608;99.99
99999E00012618;980;16;8;94080;99.99
99999E00012621;1042;17;8;100032;99.99
99999E00012622;798;13;8;76608;99.99
99999E00012624;1042;17;8;100032;99.99
99999E00012627;920;15;8;88320;99.99
99999E00012631;980;16;8;94080;99.99
99999E00012632;920;15;8;88320;99.99
99999E00012642;980;16;8;94080;99.99
99999E00012647;1042;17;8;100032;99.99
99999E00012648;1042;17;8;100032;99.99
99999E00012649;1042;17;8;100032;99.99
99999E00012652;980;16;8;94080;99.99
99999E00012653;980;16;8;94080;99.99
99999E00012656;1042;17;8;100032;99.99
99999E00012658;980;16;8;94080;99.99
99999E00012660;1650;18;12;158400;99.99
99999E00012661;980;16;8;94080;99.99
99999E00012663;980;16;8;94080;99.99
99999E00012665;920;15;8;88320;99.99
99999E00012666;920;15;8;88320;99.99
99999E00012669;980;16;8;94080;99.99
99999E00012671;1042;17;8;100032;99.99
99999E00012675;980;16;8;94080;99.99
99999E00012676;920;15;8;88320;99.99
99999E00012677;920;15;8;88320;99.99
99999E00012683;980;16;8;94080;99.99
99999E00012689;858;14;8;82368;99.99
99999E00012693;920;15;8;88320;99.99
99999E00012694;840;14;8;80640;99.99
99999E00012696;920;15;8;88320;99.99
99999E00012699;980;16;8;94080;99.99
99999E00012700;980;16;8;94080;99.99
99999E00012701;920;15;8;88320;99.99
99999E00012703;798;13;8;76608;99.99
99999E00012705;920;15;8;88320;99.99
99999E00012706;1100;18;8;105600;99.99
99999E00012707;1100;18;8;105600;99.99
99999E00012708;980;16;8;94080;99.99
99999E00012745;980;16;8;94080;99.99
99999E00012747;920;15;8;88320;99.99
99999E00012754;920;15;8;88320;99.99
99999E00012763;1042;17;8;100032;99.99
99999E00012764;1042;17;8;100032;99.99
99999E00012765;1042;17;8;100032;99.99
99999E00012767;1042;17;8;100032;99.99
99999E00012769;1042;17;8;100032;99.99
99999E00012772;798;13;8;76608;99.99
99999E00012778;920;15;8;88320;99.99
99999E00012797;1100;18;8;105600;99.99
99999E00012798;920;15;8;88320;99.99
99999E00012802;1100;18;8;105600;99.99
99999E00012825;1100;18;8;105600;99.99
99999E00012831;1100;18;8;105600;99.99
99999E00012834;920;15;8;88320;99.99
99999E00012849;980;16;8;94080;99.99
99999E00012850;980;16;8;94080;99.99
99999E00012853;1100;18;8;105600;99.99
99999E00012855;1100;18;8;105600;99.99
99999E00012915;1042;17;8;100032;99.99
99999E00012917;1100;18;8;105600;99.99
99999E00012923;1100;18;8;105600;99.99
99999E00012926;1100;18;8;105600;99.99
99999E00012929;1100;18;8;105600;99.99
99999E00012936;1100;18;8;105600;99.99
99999E00012938;1100;18;8;105600;99.99
99999E00012952;920;15;8;88320;99.99
99999E00012955;980;16;8;94080;99.99
99999E00012957;858;14;8;82368;99.99
99999E00012958;920;15;8;88320;99.99
99999E00012960;858;14;8;82368;99.99
99999E00012962;920;15;8;88320;99.99
99999E00012964;920;15;8;88320;99.99
99999E00012965;920;15;8;88320;99.99
99999E00012966;798;13;8;76608;99.99
99999E00012969;950;16;0;91200;100.0
99999E00012971;980;16;8;94080;99.99
99999E00012972;980;16;8;94080;99.99
99999E00012973;980;16;8;94080;99.99
99999E00012974;980;16;8;94080;99.99
99999E00012977;920;15;8;88320;99.99
99999E00012980;980;16;8;94080;99.99
99999E00012990;858;14;8;82368;99.99
99999E00013006;920;15;8;88320;99.99
99999E00013007;980;16;8;94080;99.99
99999E00013008;980;16;8;94080;99.99
99999E00013010;920;15;8;88320;99.99
99999E00013022;920;15;8;88320;99.99
99999E00013030;1042;17;8;100032;99.99
99999E00013035;920;15;8;88320;99.99
99999E00013038;1042;17;8;100032;99.99
99999E00013039;798;13;8;76608;99.99
99999E00013040;920;15;8;88320;99.99
99999E00013044;920;15;8;88320;99.99
99999E00013076;980;16;8;94080;99.99
99999E00013080;920;15;8;88320;99.99
99999E00013081;980;16;8;94080;99.99
99999E00013084;920;15;8;88320;99.99
99999E00013085;980;16;8;94080;99.99
99999E00013090;1100;18;8;105600;99.99
99999E00013112;1100;18;8;105600;99.99
99999E00013131;1100;18;8;105600;99.99
99999E00013140;1042;17;8;100032;99.99
99999E00013141;980;16;8;94080;99.99
99999E00013142;980;16;8;94080;99.99
99999E00013145;920;15;8;88320;99.99
99999E00013147;858;14;8;82368;99.99
99999E00013148;920;15;8;88320;99.99
99999E00013156;1100;18;8;105600;99.99
99999E00013158;1100;18;8;105600;99.99
99999E00013162;1100;18;8;105600;99.99
99999E00013163;1100;18;8;105600;99.99
99999E00013164;1042;17;8;100032;99.99
99999E00013172;980;16;8;94080;99.99
99999E00013173;798;13;8;76608;99.99
99999E00013175;980;16;8;94080;99.99
99999E00013178;1100;18;8;105600;99.99
99999E00013193;980;16;8;94080;99.99
99999E00013194;980;16;8;94080;99.99
99999E00013195;980;16;8;94080;99.99
99999E00013196;980;16;8;94080;99.99
99999E00013241;1100;18;8;105600;99.99
99999E00013247;1100;18;8;105600;99.99
99999E00013291;1100;18;8;105600;99.99
99999E00013311;920;15;8;88320;99.99
99999E00013314;980;16;8;94080;99.99
99999E00013320;1042;17;8;100032;99.99
99999E00013325;1960;16;16;188160;99.99
99999E00013332;858;14;8;82368;99.99
99999E00013337;858;14;8;82368;99.99
99999E00013346;1100;18;8;105600;99.99
99999E00013376;1100;18;8;105600;99.99
99999E00013417;1042;17;8;100032;99.99
99999E00013419;980;16;8;94080;99.99
99999E00013421;920;15;8;88320;99.99
99999E00013422;1042;17;8;100032;99.99
99999E00013428;1100;18;8;105600;99.99
99999E00013436;980;16;8;94080;99.99
99999E00013437;1100;18;8;105600;99.99
99999E00013450;980;16;8;94080;99.99
99999E00013453;980;16;8;94080;99.99
99999E00013459;1100;18;8;105600;99.99
99999E00013462;920;15;8;88320;99.99
99999E00013557;1100;18;8;105600;99.99
99999E00013578;1100;18;8;105600;99.99
99999E00013586;1100;18;8;105600;99.99
99999E00013587;980;16;8;94080;99.99
99999E00013588;980;16;8;94080;99.99
99999E00013589;980;16;8;94080;99.99
99999E00013590;980;16;8;94080;99.99
99999E00013594;1100;18;8;105600;99.99
99999E00013601;1100;18;8;105600;99.99
99999E00013602;1100;18;8;105600;99.99
99999E00013606;1100;18;8;105600;99.99
99999E00013607;1100;18;8;105600;99.99
99999E00013613;1100;18;8;105600;99.99
99999E00013618;1100;18;8;105600;99.99
99999E00013622;1100;18;8;105600;99.99
99999E00013628;1100;18;8;105600;99.99
99999E00013630;1100;18;8;105600;99.99
99999E00013645;1100;18;8;105600;99.99
99999E00013646;1100;18;8;105600;99.99
99999E00013651;1018;17;8;97728;99.99
99999E00013664;1100;18;8;105600;99.99
99999E00013667;1100;18;8;105600;99.99
99999E00013671;1100;18;8;105600;99.99
99999E00013697;980;16;8;94080;99.99
99999E00013699;920;15;8;88320;99.99
99999E00013703;920;15;8;88320;99.99
99999E00013737;980;16;8;94080;99.99
99999E00013743;1100;18;8;105600;99.99
99999E00013753;980;16;8;94080;99.99
99999E00013770;1100;18;8;105600;99.99
99999E00013776;920;15;8;88320;99.99
99999E00013777;920;15;8;88320;99.99
99999E00013783;1042;17;8;100032;99.99
99999E00013786;980;16;8;94080;99.99
99999E00013787;1042;17;8;100032;99.99
99999E00013789;920;15;8;88320;99.99
99999E00013823;1042;17;8;100032;99.99
99999E00013825;980;16;8;94080;99.99
99999E00013826;920;15;8;88320;99.99
99999E00013827;980;16;8;94080;99.99
99999E00013832;920;15;8;88320;99.99
99999E00013835;1042;17;8;100032;99.99
99999E00013836;980;16;8;94080;99.99
99999E00013841;798;13;8;76608;99.99
99999E00013846;1100;18;8;105600;99.99
99999E00013849;858;14;8;82368;99.99
99999E00013853;920;15;8;88320;99.99
99999E00013854;858;14;8;82368;99.99
99999E00013867;920;15;8;88320;99.99
99999E00013876;920;15;8;88320;99.99
99999E00013878;1042;17;8;100032;99.99
99999E00013883;1100;18;8;105600;99.99
99999E00013887;1100;18;8;105600;99.99
99999E00013895;1100;18;8;105600;99.99
99999E00013907;980;16;8;94080;99.99
99999E00013918;1100;18;8;105600;99.99
99999E00013925;1100;18;8;105600;99.99
99999E00013928;1100;18;8;105600;99.99
99999E00013934;1100;18;8;105600;99.99
99999E00013935;1100;18;8;105600;99.99
99999E00013938;1100;18;8;105600;99.99
99999E00013941;1100;18;8;105600;99.99
99999E00013942;1100;18;8;105600;99.99
99999E00013943;1650;18;12;158400;99.99
99999E00013945;1100;18;8;105600;99.99
99999E00013946;1100;18;8;105600;99.99
99999E00013953;1202;16;12;115392;99.99
99999E00013957;858;14;8;82368;99.99
99999E00013958;980;16;8;94080;99.99
99999E00013960;920;15;8;88320;99.99
99999E00013961;1042;17;8;100032;99.99
99999E00013965;2115;17;20;203040;99.99
99999E00013973;980;16;8;94080;99.99
99999E00013974;920;15;8;88320;99.99
99999E00013975;920;15;8;88320;99.99
99999E00013976;920;15;8;88320;99.99
99999E00013978;858;14;8;82368;99.99
99999E00013980;920;15;8;88320;99.99
99999E00013981;980;16;8;94080;99.99
99999E00013984;920;15;8;88320;99.99
99999E00013988;858;14;8;82368;99.99
99999E00013994;1042;17;8;100032;99.99
99999E00014000;920;15;8;88320;99.99
99999E00014007;920;15;8;88320;99.99
99999E00014018;798;13;8;76608;99.99
99999E00014022;1100;18;8;105600;99.99
99999E00014027;1100;18;8;105600;99.99
99999E00014030;1100;18;8;105600;99.99
99999E00014034;1100;18;8;105600;99.99
99999E00014041;980;16;8;94080;99.99
99999E00014044;1100;18;8;105600;99.99
99999E00014045;1100;18;8;105600;99.99
99999E00014051;920;15;8;88320;99.99
99999E00014052;920;15;8;88320;99.99
99999E00014060;980;16;8;94080;99.99
99999E00014061;920;15;8;88320;99.99
99999E00014062;1100;18;8;105600;99.99
99999E00014066;858;14;8;82368;99.99
99999E00014097;980;16;8;94080;99.99
99999E00014098;920;15;8;88320;99.99
99999E00014099;1042;17;8;100032;99.99
99999E00014100;980;16;8;94080;99.99
99999E00014102;858;14;8;82368;99.99
99999E00014109;920;15;8;88320;99.99
99999E00014116;798;13;8;76608;99.99
99999E00014130;1100;18;8;105600;99.99
99999E00014133;1100;18;8;105600;99.99
99999E00014140;920;15;8;88320;99.99
99999E00014141;920;15;8;88320;99.99
99999E00014142;980;16;8;94080;99.99
99999E00014143;1042;17;8;100032;99.99
99999E00014145;1042;17;8;100032;99.99
99999E00014146;1042;17;8;100032;99.99
99999E00014153;1042;17;8;100032;99.99
99999E00014156;920;15;8;88320;99.99
99999E00014157;920;15;8;88320;99.99
99999E00014159;920;15;8;88320;99.99
99999E00014160;920;15;8;88320;99.99
99999E00014163;1100;18;8;105600;99.99
99999E00014170;980;16;8;94080;99.99
99999E00014172;920;15;8;88320;99.99
99999E00014175;920;15;8;88320;99.99
99999E00014222;1100;18;8;105600;99.99
99999E00014229;920;15;8;88320;99.99
99999E00014230;980;16;8;94080;99.99
99999E00014232;980;16;8;94080;99.99
99999E00014233;920;15;8;88320;99.99
99999E00014235;920;15;8;88320;99.99
99999E00014239;980;16;8;94080;99.99
99999E00014280;920;15;8;88320;99.99
99999E00014289;920;15;8;88320;99.99
99999E00014290;920;15;8;88320;99.99
99999E00014297;1100;18;8;105600;99.99
99999E00014300;920;15;8;88320;99.99
99999E00014301;1100;18;8;105600;99.99
99999E00014303;1100;18;8;105600;99.99
99999E00014308;1100;18;8;105600;99.99
99999E00014311;1100;18;8;105600;99.99
99999E00014319;858;14;8;82368;99.99
99999E00014330;1100;18;8;105600;99.99
99999E00014336;1100;18;8;105600;99.99
99999E00014338;1100;18;8;105600;99.99
99999E00014340;1650;18;12;158400;99.99
99999E00014341;1650;18;12;158400;99.99
99999E00014343;1100;18;8;105600;99.99
99999E00014350;1100;18;8;105600;99.99
99999E00014353;980;16;8;94080;99.99
99999E00014354;980;16;8;94080;99.99
99999E00014361;920;15;8;88320;99.99
99999E00014365;980;16;8;94080;99.99
99999E00014368;980;16;8;94080;99.99
99999E00014374;1100;18;8;105600;99.99
99999E00014392;980;16;8;94080;99.99
99999E00014393;858;14;8;82368;99.99
99999E00014399;1042;17;8;100032;99.99
99999E00014401;1042;17;8;100032;99.99
99999E00014402;980;16;8;94080;99.99
99999E00014404;920;15;8;88320;99.99
99999E00014411;980;16;8;94080;99.99
99999E00014414;1042;17;8;100032;99.99
99999E00014417;1100;18;8;105600;99.99
99999E00014419;1100;18;8;105600;99.99
99999E00014428;1100;18;8;105600;99.99
99999E00014430;1100;18;8;105600;99.99
99999E00014444;1100;18;8;105600;99.99
99999E00014451;1042;17;8;100032;99.99
99999E00014456;1100;18;8;105600;99.99
99999E00014457;1100;18;8;105600;99.99
99999E00014458;1100;18;8;105600;99.99
99999E00014460;1100;18;8;105600;99.99
99999E00014466;1100;18;8;105600;99.99
99999E00014467;1100;18;8;105600;99.99
99999E00014471;1650;18;12;158400;99.99
99999E00014483;1100;18;8;105600;99.99
99999E00014484;1506;18;16;144576;99.99
99999E00014486;1042;17;8;100032;99.99
99999E00014487;1100;18;8;105600;99.99
99999E00014491;1014;17;8;97344;99.99
99999E00014492;1100;18;8;105600;99.99
99999E00014495;1100;18;8;105600;99.99
99999E00014497;988;17;8;94848;99.99
99999E00014502;1100;18;8;105600;99.99
99999E00014503;1100;18;8;105600;99.99
99999E00014505;1100;18;8;105600;99.99
99999E00014507;1100;18;8;105600;99.99
99999E00014508;1042;17;8;100032;99.99
99999E00014511;1100;18;8;105600;99.99
99999E00014519;1100;18;8;105600;99.99
99999E00014520;1100;18;8;105600;99.99
99999E00014522;1100;18;8;105600;99.99
99999E00014527;1100;18;8;105600;99.99
99999E00014530;920;15;8;88320;99.99
99999E00014531;1042;17;8;100032;99.99
99999E00014536;1042;17;8;100032;99.99
99999E00014540;1042;17;8;100032;99.99
99999E00014541;1042;17;8;100032;99.99
99999E00014554;1100;18;8;105600;99.99
99999E00014566;858;14;8;82368;99.99
99999E00014567;858;14;8;82368;99.99
99999E00014611;980;16;8;94080;99.99
99999E00014617;1100;18;8;105600;99.99
99999E00014618;1100;18;8;105600;99.99
99999E00014624;980;16;8;94080;99.99
99999E00014625;980;16;8;94080;99.99
99999E00014626;980;16;8;94080;99.99
99999E00014627;980;16;8;94080;99.99
99999E00014631;1042;17;8;100032;99.99
99999E00014633;1100;18;8;105600;99.99
99999E00014634;1100;18;8;105600;99.99
99999E00014638;838;14;8;80448;99.99
99999E00014642;1100;18;8;105600;99.99
99999E00014644;1100;18;8;105600;99.99
99999E00014645;920;15;8;88320;99.99
99999E00014649;980;16;8;94080;99.99
99999E00014650;1042;17;8;100032;99.99
99999E00014651;920;15;8;88320;99.99
99999E00014656;980;16;8;94080;99.99
99999E00014657;1042;17;8;100032;99.99
99999E00014660;1042;17;8;100032;99.99
99999E00014661;1042;17;8;100032;99.99
99999E00014662;1042;17;8;100032;99.99
99999E00014671;980;16;8;94080;99.99
99999E00014672;1042;17;8;100032;99.99
99999E00014674;1100;18;8;105600;99.99
99999E00014676;980;16;8;94080;99.99
99999E00014679;920;15;8;88320;99.99
99999E00014696;1042;17;8;100032;99.99
99999E00014697;1042;17;8;100032;99.99
99999E00014698;1042;17;8;100032;99.99
99999E00014700;1042;17;8;100032;99.99
99999E00014722;1042;17;8;100032;99.99
99999E00014723;1042;17;8;100032;99.99
99999E00014725;920;15;8;88320;99.99
99999E00014727;920;15;8;88320;99.99
99999E00014728;920;15;8;88320;99.99
99999E00014734;920;15;8;88320;99.99
99999E00014739;858;14;8;82368;99.99
99999E00014747;920;15;8;88320;99.99
99999E00014748;920;15;8;88320;99.99
99999E00014755;858;14;8;82368;99.99
99999E00014761;798;13;8;76608;99.99
99999E00014765;1716;14;16;164736;99.99
99999E00014774;980;16;8;94080;99.99
99999E00014777;1042;17;8;100032;99.99
99999E00014778;980;16;8;94080;99.99
99999E00014779;980;16;8;94080;99.99
99999E00014784;858;14;8;82368;99.99
99999E00014786;1100;18;8;105600;99.99
99999E00014789;1100;18;8;105600;99.99
99999E00014791;980;16;8;94080;99.99
99999E00014794;920;15;8;88320;99.99
99999E00014806;920;15;8;88320;99.99
99999E00014807;980;16;8;94080;99.99
99999E00014808;980;16;8;94080;99.99
99999E00014809;798;13;8;76608;99.99
99999E00014810;980;16;8;94080;99.99
99999E00014814;798;13;8;76608;99.99
99999E00014816;980;16;8;94080;99.99
99999E00014817;858;14;8;82368;99.99
99999E00014821;980;16;8;94080;99.99
99999E00014822;858;14;8;82368;99.99
99999E00014823;858;14;8;82368;99.99
99999E00014824;858;14;8;82368;99.99
99999E00014825;858;14;8;82368;99.99
99999E00014833;1100;18;8;105600;99.99
99999E00014836;920;15;8;88320;99.99
99999E00014837;1042;17;8;100032;99.99
99999E00014840;1100;18;8;105600;99.99
99999E00014842;1100;18;8;105600;99.99
99999E00014845;1100;18;8;105600;99.99
99999E00014850;1100;18;8;105600;99.99
99999E00014851;1650;18;12;158400;99.99
99999E00014859;1100;18;8;105600;99.99
99999E00014863;1100;18;8;105600;99.99
99999E00014866;1100;18;8;105600;99.99
99999E00014868;1100;18;8;105600;99.99
99999E00014869;1100;18;8;105600;99.99
99999E00014871;1100;18;8;105600;99.99
99999E00014875;1100;18;8;105600;99.99
99999E00014877;920;15;8;88320;99.99
99999E00014885;980;16;8;94080;99.99
99999E00014892;920;15;8;88320;99.99
99999E00014895;980;16;8;94080;99.99
99999E00014901;1100;18;8;105600;99.99
99999E00014906;1042;17;8;100032;99.99
99999E00014907;1042;17;8;100032;99.99
99999E00014909;858;14;8;82368;99.99
99999E00014910;920;15;8;88320;99.99
99999E00014911;920;15;8;88320;99.99
99999E00014912;980;16;8;94080;99.99
99999E00014913;920;15;8;88320;99.99
99999E00014967;980;16;8;94080;99.99
99999E00014968;980;16;8;94080;99.99
99999E00014973;858;14;8;82368;99.99
99999E00014983;1100;18;8;105600;99.99
99999E00014990;980;16;8;94080;99.99
99999E00014995;1100;18;8;105600;99.99
99999E00014996;1100;18;8;105600;99.99
99999E00014997;1650;18;12;158400;99.99
99999E00015000;858;14;8;82368;99.99
99999E00015002;980;16;8;94080;99.99
99999E00015011;920;15;8;88320;99.99
99999E00015012;920;15;8;88320;99.99
99999E00015013;920;15;8;88320;99.99
99999E00015015;798;13;8;76608;99.99
99999E00015021;980;16;8;94080;99.99
99999E00015024;980;16;8;94080;99.99
99999E00015043;980;16;8;94080;99.99
99999E00015044;1042;17;8;100032;99.99
99999E00015045;920;15;8;88320;99.99
99999E00015046;920;15;8;88320;99.99
99999E00015052;980;16;8;94080;99.99
99999E00015054;920;15;8;88320;99.99
99999E00015056;980;16;8;94080;99.99
99999E00015060;980;16;8;94080;99.99
99999E00015064;1100;18;8;105600;99.99
99999E00015068;920;15;8;88320;99.99
99999E00015070;980;16;8;94080;99.99
99999E00015072;980;16;8;94080;99.99
99999E00015075;920;15;8;88320;99.99
99999E00015078;1042;17;8;100032;99.99
99999E00015079;920;15;8;88320;99.99
99999E00015081;798;13;8;76608;99.99
99999E00015092;1100;18;8;105600;99.99
99999E00015095;1100;18;8;105600;99.99
99999E00015099;1100;18;8;105600;99.99
99999E00015103;1100;18;8;105600;99.99
99999E00015104;1100;18;8;105600;99.99
99999E00015106;1100;18;8;105600;99.99
99999E00015108;1042;17;8;100032;99.99
99999E00015111;1100;18;8;105600;99.99
99999E00015117;980;16;8;94080;99.99
99999E00015119;1100;18;8;105600;99.99
99999E00015120;1100;18;8;105600;99.99
99999E00015122;920;15;8;88320;99.99
99999E00015125;920;15;8;88320;99.99
99999E00015126;980;16;8;94080;99.99
99999E00015127;920;15;8;88320;99.99
99999E00015129;1100;18;8;105600;99.99
99999E00015131;1100;18;8;105600;99.99
99999E00015132;1100;18;8;105600;99.99
99999E00015135;1100;18;8;105600;99.99
99999E00015136;1100;18;8;105600;99.99
99999E00015139;920;15;8;88320;99.99
99999E00015141;1650;18;12;158400;99.99
99999E00015145;920;15;8;88320;99.99
99999E00015146;920;15;8;88320;99.99
99999E00015153;920;15;8;88320;99.99
99999E00015156;798;13;8;76608;99.99
99999E00015159;1100;18;8;105600;99.99
99999E00015166;1042;17;8;100032;99.99
99999E00015167;980;16;8;94080;99.99
99999E00015169;1042;17;8;100032;99.99
99999E00015170;1100;18;8;105600;99.99
99999E00015197;980;16;8;94080;99.99
99999E00015198;980;16;8;94080;99.99
99999E00015204;1100;18;8;105600;99.99
99999E00015243;980;16;8;94080;99.99
99999E00015244;1100;18;8;105600;99.99
99999E00015251;1042;17;8;100032;99.99
99999E00015257;1100;18;8;105600;99.99
99999E00015260;980;16;8;94080;99.99
99999E00015263;980;16;8;94080;99.99
99999E00015264;980;16;8;94080;99.99
99999E00015265;980;16;8;94080;99.99
99999E00015266;980;16;8;94080;99.99
99999E00015281;1042;17;8;100032;99.99
99999E00015285;1100;18;8;105600;99.99
99999E00015289;1100;18;8;105600;99.99
99999E00015290;1100;18;8;105600;99.99
99999E00015295;1650;18;12;158400;99.99
99999E00015308;920;15;8;88320;99.99
99999E00015335;1042;17;8;100032;99.99
99999E00015386;1100;18;8;105600;99.99
99999E00015402;1042;17;8;100032;99.99
99999E00015404;1042;17;8;100032;99.99
99999E00015429;1042;17;8;100032;99.99
99999E00015469;858;14;8;82368;99.99
99999E00015539;980;16;8;94080;99.99
99999E00015543;858;14;8;82368;99.99
99999E00015544;858;14;8;82368;99.99
99999E00015545;980;16;8;94080;99.99
99999E00015549;1100;18;8;105600;99.99
99999E00015553;920;15;8;88320;99.99
99999E00015554;980;16;8;94080;99.99
99999E00015558;920;15;8;88320;99.99
99999E00015563;1042;17;8;100032;99.99
99999E00015569;920;15;8;88320;99.99
99999E00015574;858;14;8;82368;99.99
99999E00015584;1042;17;8;100032;99.99
99999E00015593;1287;14;12;123552;99.99
99999E00015597;1287;14;12;123552;99.99
99999E00015598;858;14;8;82368;99.99
99999E00015600;1042;17;8;100032;99.99
99999E00015638;980;16;8;94080;99.99
99999E00015640;858;14;8;82368;99.99
99999E00015641;1042;17;8;100032;99.99
99999E00015643;920;15;8;88320;99.99
99999E00015644;920;15;8;88320;99.99
99999E00015650;1042;17;8;100032;99.99
99999E00015652;1042;17;8;100032;99.99
99999E00015653;1042;17;8;100032;99.99
99999E00015654;1042;17;8;100032;99.99
99999E00015655;1042;17;8;100032;99.99
99999E00015660;1100;18;8;105600;99.99
99999E00015661;1100;18;8;105600;99.99
99999E00015675;1100;18;8;105600;99.99
99999E00015678;1100;18;8;105600;99.99
99999E00015680;1100;18;8;105600;99.99
99999E00015699;1100;18;8;105600;99.99
99999E00015710;1100;18;8;105600;99.99
99999E00015714;1100;18;8;105600;99.99
99999E00015722;1650;18;12;158400;99.99
99999E00015728;1042;17;8;100032;99.99
99999E00015738;1100;18;8;105600;99.99
99999E00015742;1100;18;8;105600;99.99
99999E00015743;1100;18;8;105600;99.99
99999E00015744;1100;18;8;105600;99.99
99999E00015751;1100;18;8;105600;99.99
99999E00015752;858;14;8;82368;99.99
99999E00015775;980;16;8;94080;99.99
99999E00015776;980;16;8;94080;99.99
99999E00015778;980;16;8;94080;99.99
99999E00015784;1100;18;8;105600;99.99
99999E00015815;1100;18;8;105600;99.99
99999E00015833;920;15;8;88320;99.99
99999E00015834;1100;18;8;105600;99.99
99999E00015849;920;15;8;88320;99.99
99999E00015850;980;16;8;94080;99.99
99999E00015853;1100;18;8;105600;99.99
99999E00015858;920;15;8;88320;99.99
99999E00015910;858;14;8;82368;99.99
99999E00015911;980;16;8;94080;99.99
99999E00015912;1650;18;12;158400;99.99
99999E00015914;858;14;8;82368;99.99
99999E00015917;1100;18;8;105600;99.99
99999E00015919;980;16;8;94080;99.99
99999E00015922;980;16;8;94080;99.99
99999E00015927;920;15;8;88320;99.99
99999E00015929;1563;17;12;150048;99.99
99999E00015936;1042;17;8;100032;99.99
99999E00015937;1100;18;8;105600;99.99
99999E00015940;1100;18;8;105600;99.99
99999E00015950;980;16;8;94080;99.99
99999E00015959;858;14;8;82368;99.99
99999E00015964;1100;18;8;105600;99.99
99999E00015966;1100;18;8;105600;99.99
99999E00015969;798;13;8;76608;99.99
99999E00015970;858;14;8;82368;99.99
99999E00015979;920;15;8;88320;99.99
99999E00015980;858;14;8;82368;99.99
99999E00015988;1100;18;8;105600;99.99
99999E00015991;1100;18;8;105600;99.99
99999E00015992;1100;18;8;105600;99.99
99999E00015998;1100;18;8;105600;99.99
99999E00015999;1100;18;8;105600;99.99
99999E00016002;1100;18;8;105600;99.99
99999E00016004;1100;18;8;105600;99.99
99999E00016005;1100;18;8;105600;99.99
99999E00016013;1100;18;8;105600;99.99
99999E00016020;1100;18;8;105600;99.99
99999E00016031;1042;17;8;100032;99.99
99999E00016039;1042;17;8;100032;99.99
99999E00016040;920;15;8;88320;99.99
99999E00016041;920;15;8;88320;99.99
99999E00016044;920;15;8;88320;99.99
99999E00016045;1042;17;8;100032;99.99
99999E00016047;1100;18;8;105600;99.99
99999E00016060;1100;18;8;105600;99.99
99999E00016064;920;15;8;88320;99.99
99999E00016076;1100;18;8;105600;99.99
99999E00016083;1100;18;8;105600;99.99
99999E00016087;1042;17;8;100032;99.99
99999E00016088;920;15;8;88320;99.99
99999E00016089;920;15;8;88320;99.99
99999E00016090;920;15;8;88320;99.99
99999E00016091;920;15;8;88320;99.99
99999E00016092;920;15;8;88320;99.99
99999E00016099;1100;18;8;105600;99.99
99999E00016109;1042;17;8;100032;99.99
99999E00016119;1100;18;8;105600;99.99
99999E00016124;980;16;8;94080;99.99
99999E00016126;980;16;8;94080;99.99
99999E00016127;980;16;8;94080;99.99
99999E00016128;980;16;8;94080;99.99
99999E00016129;980;16;8;94080;99.99
99999E00016131;980;16;8;94080;99.99
99999E00016141;980;16;8;94080;99.99
99999E00016150;920;15;8;88320;99.99
99999E00016202;980;16;8;94080;99.99
99999E00016228;920;15;8;88320;99.99
99999E00016229;920;15;8;88320;99.99
99999E00016231;920;15;8;88320;99.99
99999E00016238;1100;18;20;105600;99.98
99999E00016239;1100;18;8;105600;99.99
99999E00016240;920;15;8;88320;99.99
99999E00016258;920;15;8;88320;99.99
99999E00016263;980;16;8;94080;99.99
99999E00016266;980;16;8;94080;99.99
99999E00016275;858;14;8;82368;99.99
99999E00016276;1042;17;8;100032;99.99
99999E00016296;858;14;8;82368;99.99
99999E00016300;858;14;8;82368;99.99
99999E00016301;858;14;8;82368;99.99
99999E00016302;858;14;8;82368;99.99
99999E00016303;858;14;8;82368;99.99
99999E00016306;858;14;8;82368;99.99
99999E00016310;858;14;8;82368;99.99
99999E00016312;858;14;8;82368;99.99
99999E00016348;980;16;8;94080;99.99
99999E00016354;920;15;8;88320;99.99
99999E00016356;1100;18;8;105600;99.99
99999E00016360;1100;18;8;105600;99.99
99999E00016364;858;14;8;82368;99.99
99999E00016367;858;14;8;82368;99.99
99999E00016369;920;15;8;88320;99.99
99999E00016380;920;15;8;88320;99.99
99999E00016384;920;15;8;88320;99.99
99999E00016387;1650;18;12;158400;99.99
99999E00016399;914;16;8;87744;99.99
99999E00016408;1100;18;8;105600;99.99
99999E00016409;1100;18;8;105600;99.99
99999E00016413;1100;18;8;105600;99.99
99999E00016420;936;16;8;89856;99.99
99999E00016423;1100;18;8;105600;99.99
99999E00016429;1100;18;8;105600;99.99
99999E00016430;1100;18;8;105600;99.99
99999E00016433;1100;18;8;105600;99.99
99999E00016448;1100;18;8;105600;99.99
99999E00016452;1100;18;8;105600;99.99
99999E00016460;1100;18;8;105600;99.99
99999E00016462;1100;18;8;105600;99.99
99999E00016467;1100;18;8;105600;99.99
99999E00016468;1042;17;8;100032;99.99
99999E00016473;1042;17;8;100032;99.99
99999E00016474;798;13;8;76608;99.99
99999E00016485;1100;18;8;105600;99.99
99999E00016486;1100;18;8;105600;99.99
99999E00016495;980;16;8;94080;99.99
99999E00016496;920;15;8;88320;99.99
99999E00016498;920;15;8;88320;99.99
99999E00016499;920;15;8;88320;99.99
99999E00016501;920;15;8;88320;99.99
99999E00016506;1042;17;8;100032;99.99
99999E00016522;1042;17;8;100032;99.99
99999E00016524;980;16;8;94080;99.99
99999E00016525;920;15;8;88320;99.99
99999E00016578;920;15;8;88320;99.99
99999E00016583;920;15;8;88320;99.99
99999E00016586;1042;17;8;100032;99.99
99999E00016676;1100;18;8;105600;99.99
99999E00016679;1100;18;8;105600;99.99
99999E00016687;892;15;8;85632;99.99
99999E00016714;980;16;8;94080;99.99
99999E00016727;1042;17;8;100032;99.99
99999E00016733;858;14;8;82368;99.99
99999E00016737;920;15;8;88320;99.99
99999E00016739;798;13;8;76608;99.99
99999E00016742;920;15;8;88320;99.99
99999E00016749;980;16;8;94080;99.99
99999E00016750;920;15;8;88320;99.99
99999E00016754;980;16;8;94080;99.99
99999E00016755;1042;17;8;100032;99.99
99999E00016774;920;15;8;88320;99.99
99999E00016777;920;15;8;88320;99.99
99999E00016779;798;13;8;76608;99.99
99999E00016781;920;15;8;88320;99.99
99999E00016782;1042;17;8;100032;99.99
99999E00016783;798;13;8;76608;99.99
99999E00016784;1042;17;8;100032;99.99
99999E00016785;980;16;8;94080;99.99
99999E00016786;1042;17;8;100032;99.99
99999E00016788;1042;17;8;100032;99.99
99999E00016789;798;13;8;76608;99.99
99999E00016790;1042;17;8;100032;99.99
99999E00016791;798;13;8;76608;99.99
99999E00016794;1042;17;8;100032;99.99
99999E00016796;980;16;8;94080;99.99
99999E00016797;1042;17;8;100032;99.99
99999E00016798;1042;17;8;100032;99.99
99999E00016800;1042;17;8;100032;99.99
99999E00016801;1042;17;8;100032;99.99
99999E00016802;1042;17;8;100032;99.99
99999E00016803;1042;17;8;100032;99.99
99999E00016804;1042;17;8;100032;99.99
99999E00016805;1042;17;8;100032;99.99
99999E00016806;1042;17;8;100032;99.99
99999E00016807;1042;17;8;100032;99.99
99999E00016808;1042;17;8;100032;99.99
99999E00016809;1042;17;8;100032;99.99
99999E00016811;980;16;8;94080;99.99
99999E00016813;980;16;8;94080;99.99
99999E00016814;920;15;8;88320;99.99
99999E00016820;858;14;8;82368;99.99
99999E00016822;980;16;8;94080;99.99
99999E00016823;1042;17;8;100032;99.99
99999E00016824;1042;17;8;100032;99.99
99999E00016831;1100;18;8;105600;99.99
99999E00016832;1100;18;8;105600;99.99
99999E00016833;1100;18;8;105600;99.99
99999E00016842;920;15;8;88320;99.99
99999E00016854;920;15;8;88320;99.99
99999E00016879;858;14;8;82368;99.99
99999E00016880;858;14;8;82368;99.99
99999E00016883;858;14;8;82368;99.99
99999E00016906;1100;18;8;105600;99.99
99999E00016949;1042;17;8;100032;99.99
99999E00016951;858;14;8;82368;99.99
99999E00016957;1100;18;8;105600;99.99
99999E00016962;980;16;8;94080;99.99
99999E00016963;1100;18;8;105600;99.99
99999E00017016;1042;17;8;100032;99.99
99999E00017017;1042;17;8;100032;99.99
99999E00017024;920;15;8;88320;99.99
99999E00017025;920;15;8;88320;99.99
99999E00017047;1100;18;8;105600;99.99
99999E00017065;920;15;8;88320;99.99
99999E00017069;920;15;8;88320;99.99
99999E00017071;980;16;8;94080;99.99
99999E00017072;798;13;8;76608;99.99
99999E00017081;980;16;8;94080;99.99
99999E00017086;980;16;8;94080;99.99
99999E00017089;798;13;8;76608;99.99
99999E00017108;1042;17;8;100032;99.99
99999E00017109;1042;17;8;100032;99.99
99999E00017114;1100;18;8;105600;99.99
99999E00017123;1650;18;12;158400;99.99
99999E00017124;1100;18;8;105600;99.99
99999E00017133;1042;17;8;100032;99.99
99999E00017139;1042;17;8;100032;99.99
99999E00017147;1042;17;8;100032;99.99
99999E00017161;920;15;8;88320;99.99
99999E00017162;980;16;8;94080;99.99
99999E00017171;1100;18;8;105600;99.99
99999E00017174;858;14;8;82368;99.99
99999E00017176;1042;17;8;100032;99.99
99999E00017188;1100;18;8;105600;99.99
99999E00017197;920;15;8;88320;99.99
99999E00017204;858;14;8;82368;99.99
99999E00017209;920;15;8;88320;99.99
99999E00017213;1100;18;8;105600;99.99
99999E00017216;1042;17;8;100032;99.99
99999E00017220;1042;17;8;100032;99.99
99999E00017222;1042;17;8;100032;99.99
99999E00017231;1042;17;8;100032;99.99
99999E00017232;1100;18;8;105600;99.99
99999E00017234;1100;18;8;105600;99.99
99999E00017238;1100;18;8;105600;99.99
99999E00017239;1042;17;8;100032;99.99
99999E00017247;1100;18;8;105600;99.99
99999E00017253;1100;18;8;105600;99.99
99999E00017254;1100;18;8;105600;99.99
99999E00017256;1042;17;8;100032;99.99
99999E00017274;1100;18;8;105600;99.99
99999E00017284;1100;18;8;105600;99.99
99999E00017287;920;15;8;88320;99.99
99999E00020015;798;13;8;76608;99.99
99999E00020049;1100;18;8;105600;99.99
99999E00020060;1100;18;8;105600;99.99
99999E00020066;1042;17;8;100032;99.99
99999E00020097;1100;18;8;105600;99.99
99999E00020098;980;16;8;94080;99.99
99999E00020110;1100;18;8;105600;99.99
99999E00020129;980;16;8;94080;99.99
99999E00020150;1100;18;8;105600;99.99
99999E00020194;1100;18;8;105600;99.99
99999E00020210;1100;18;8;105600;99.99
99999E00020211;1100;18;8;105600;99.99
99999E00020227;980;16;8;94080;99.99
99999E00020228;980;16;8;94080;99.99
99999E00020231;1100;18;8;105600;99.99
99999E00020232;1100;18;8;105600;99.99
99999E00020233;1100;18;8;105600;99.99
99999E00020262;1042;17;8;100032;99.99
99999E00020263;858;14;8;82368;99.99
99999E00020264;858;14;8;82368;99.99
99999E00020277;1100;18;8;105600;99.99
99999E00020279;798;13;8;76608;99.99
99999E00020281;798;13;8;76608;99.99
99999E00020286;798;13;8;76608;99.99
99999E00020287;798;13;8;76608;99.99
99999E00020298;1100;18;8;105600;99.99
99999E00020323;1100;18;8;105600;99.99
99999E00020334;1100;18;8;105600;99.99
99999E00020341;1100;18;8;105600;99.99
99999E00020355;1100;18;8;105600;99.99
99999E00020356;920;15;8;88320;99.99
99999E00020372;920;15;8;88320;99.99
99999E00020373;920;15;8;88320;99.99
99999E00020380;1960;16;16;188160;99.99
99999E00020386;920;15;8;88320;99.99
99999E00020387;920;15;8;88320;99.99
99999E00020392;920;15;8;88320;99.99
99999E00020395;980;16;8;94080;99.99
99999E00020400;920;15;8;88320;99.99
99999E00020430;1100;18;8;105600;99.99
99999E00020431;980;16;8;94080;99.99
99999E00020458;920;15;8;88320;99.99
99999E00020459;798;13;8;76608;99.99
99999E00020477;1100;18;8;105600;99.99
99999E00020491;920;15;8;88320;99.99
99999E00020509;980;16;8;94080;99.99
99999E00020513;858;14;8;82368;99.99
99999E00020516;1100;18;8;105600;99.99
99999E00020519;1470;16;107;141120;99.92
99999E00020520;1100;18;8;105600;99.99
99999E00020529;1100;18;8;105600;99.99
99999E00020538;1100;18;8;105600;99.99
99999E00020542;1100;18;8;105600;99.99
99999E00020543;1100;18;8;105600;99.99
99999E00020552;980;16;8;94080;99.99
99999E00020570;920;15;8;88320;99.99
99999E00020571;1100;18;8;105600;99.99
99999E00020572;1042;17;8;100032;99.99
99999E00020573;858;14;8;82368;99.99
99999E00020583;920;15;8;88320;99.99
99999E00020590;980;16;8;94080;99.99
99999E00020601;980;16;8;94080;99.99
99999E00020613;1100;18;8;105600;99.99
99999E00020649;858;14;8;82368;99.99
99999E00020650;1042;17;8;100032;99.99
99999E00020653;920;15;8;88320;99.99
99999E00020654;920;15;8;88320;99.99
99999E00020656;920;15;8;88320;99.99
99999E00020697;1100;18;8;105600;99.99
99999E00020714;1100;18;8;105600;99.99
99999E00020716;920;15;8;88320;99.99
99999E00020739;1042;17;8;100032;99.99
99999E00020744;1100;18;8;105600;99.99
99999E00020746;1100;18;8;105600;99.99
99999E00020754;1100;18;8;105600;99.99
99999E00020771;1042;17;8;100032;99.99
99999E00020774;2200;18;16;211200;99.99
99999E00020790;798;13;8;76608;99.99
99999E00020809;1042;17;8;100032;99.99
99999E00020813;980;16;8;94080;99.99
99999E00020814;920;15;8;88320;99.99
99999E00020823;1100;18;8;105600;99.99
99999E00020828;798;13;8;76608;99.99
99999E00020841;798;13;8;76608;99.99
99999E00020842;798;13;8;76608;99.99
99999E00020852;1100;18;8;105600;99.99
99999E00020882;1100;18;8;105600;99.99
99999E00020883;1100;18;8;105600;99.99
99999E00020886;1042;17;8;100032;99.99
99999E00020894;1650;18;12;158400;99.99
99999E00020896;798;13;8;76608;99.99
99999E00020897;798;13;8;76608;99.99
99999E00020898;798;13;8;76608;99.99
99999E00020903;1100;18;8;105600;99.99
99999E00020906;980;16;8;94080;99.99
99999E00020908;1100;18;8;105600;99.99
99999E00020922;1100;18;8;105600;99.99
99999E00020924;920;15;8;88320;99.99
99999E00020930;1042;17;8;100032;99.99
99999E00020935;980;16;8;94080;99.99
99999E00020936;920;15;8;88320;99.99
99999E00020938;920;15;8;88320;99.99
99999E00020957;1100;18;8;105600;99.99
99999E00020964;1716;14;16;164736;99.99
99999E00020974;984;17;8;94464;99.99
99999E00020983;858;14;8;82368;99.99
99999E00020988;920;15;8;88320;99.99
99999E00020990;920;15;8;88320;99.99
99999E00021006;1100;18;8;105600;99.99
99999E00021029;920;15;8;88320;99.99
99999E00021041;1042;17;8;100032;99.99
99999E00021043;1042;17;8;100032;99.99
99999E00021044;1042;17;8;100032;99.99
99999E00021047;1100;18;8;105600;99.99
99999E00021058;920;15;8;88320;99.99
99999E00021068;1100;18;8;105600;99.99
99999E00021072;1100;18;8;105600;99.99
99999E00021083;798;13;8;76608;99.99
99999E00021087;1100;18;8;105600;99.99
99999E00021090;1042;17;8;100032;99.99
99999E00021111;858;14;8;82368;99.99
99999E00021135;2200;18;16;211200;99.99
99999E00021136;1100;18;8;105600;99.99
99999E00021173;1100;18;8;105600;99.99
99999E00021184;1098;18;8;105408;99.99
99999E00021185;1100;18;8;105600;99.99
99999E00021203;798;13;8;76608;99.99
99999E00021204;1042;17;8;100032;99.99
99999E00021210;1100;18;8;105600;99.99
99999E00021245;1100;18;8;105600;99.99
99999E00021248;1100;18;8;105600;99.99
99999E00021268;1100;18;8;105600;99.99
99999E00021272;1256;17;8;120576;99.99
99999E00021276;920;15;8;88320;99.99
99999E00021278;1042;17;8;100032;99.99
99999E00021279;1042;17;8;100032;99.99
99999E00021293;920;15;8;88320;99.99
99999E00021302;1100;18;8;105600;99.99
99999E00021315;1100;18;8;105600;99.99
99999E00021318;1100;18;8;105600;99.99
99999E00021333;1100;18;8;105600;99.99
99999E00021346;1100;18;8;105600;99.99
99999E00021349;1100;18;8;105600;99.99
99999E00021381;1042;17;8;100032;99.99
99999E00021382;1042;17;8;100032;99.99
99999E00021383;1042;17;8;100032;99.99
99999E00021391;920;15;8;88320;99.99
99999E00021401;920;15;8;88320;99.99
99999E00021410;1100;18;8;105600;99.99
99999E00021419;1650;18;12;158400;99.99
99999E00021424;1563;17;12;150048;99.99
99999E00021425;964;17;8;92544;99.99
99999E00021427;1100;18;8;105600;99.99
99999E00021510;1100;18;8;105600;99.99
99999E00021513;1100;18;8;105600;99.99
99999E00021518;920;15;8;88320;99.99
99999E00021537;980;16;8;94080;99.99
99999E00021541;920;15;8;88320;99.99
99999E00021562;1100;18;8;105600;99.99
99999E00021566;980;16;8;94080;99.99
99999E00021580;1100;18;8;105600;99.99
99999E00021590;1100;18;8;105600;99.99
99999E00021609;858;14;8;82368;99.99
99999E00021613;1100;18;8;105600;99.99
99999E00021615;980;16;8;94080;99.99
99999E00021618;858;14;8;82368;99.99
99999E00021633;858;14;8;82368;99.99
99999E00021646;1100;18;8;105600;99.99
99999E00021651;858;14;8;82368;99.99
99999E00021662;1100;18;8;105600;99.99
99999E00021663;1100;18;8;105600;99.99
99999E00021675;920;15;8;88320;99.99
99999E00021701;1100;18;8;105600;99.99
99999E00021704;980;16;8;94080;99.99
99999E00021713;1042;17;8;100032;99.99
99999E00021731;920;15;8;88320;99.99
99999E00021755;1100;18;8;105600;99.99
99999E00021788;1100;18;8;105600;99.99
99999E00021796;980;16;8;94080;99.99
99999E00021801;1100;18;8;105600;99.99
99999E00021815;1042;17;8;100032;99.99
99999E00021816;1100;18;8;105600;99.99
99999E00021817;1100;18;8;105600;99.99
99999E00021823;1100;18;8;105600;99.99
99999E00021843;798;13;8;76608;99.99
99999E00021844;980;16;8;94080;99.99
99999E00021846;1100;18;8;105600;99.99
99999E00021851;1100;18;8;105600;99.99
99999E00021856;1042;17;8;100032;99.99
99999E00021870;1100;18;8;105600;99.99
99999E00021871;1042;17;8;100032;99.99
99999E00021878;920;15;8;88320;99.99
99999E00021881;1840;15;16;176640;99.99
99999E00021886;1437;18;12;137952;99.99
99999E00021906;980;16;8;94080;99.99
99999E00021915;1042;17;8;100032;99.99
99999E00021923;1100;18;8;105600;99.99
99999E00021930;798;13;8;76608;99.99
99999E00021931;798;13;8;76608;99.99
99999E00021937;980;16;8;94080;99.99
99999E00021956;1100;18;8;105600;99.99
99999E00021961;1100;18;8;105600;99.99
99999E00021967;1042;17;8;100032;99.99
99999E00021968;1042;17;8;100032;99.99
99999E00021974;980;16;8;94080;99.99
99999E00021975;980;16;8;94080;99.99
99999E00021976;980;16;8;94080;99.99
99999E00021985;1042;17;8;100032;99.99
99999E00021997;1100;18;8;105600;99.99
99999E00021998;920;15;8;88320;99.99
99999E00022001;980;16;8;94080;99.99
99999E00022005;1042;17;8;100032;99.99
99999E00022016;798;13;8;76608;99.99
99999E00022017;798;13;8;76608;99.99
99999E00022021;1100;18;8;105600;99.99
99999E00022028;988;17;8;94848;99.99
99999E00022036;920;15;8;88320;99.99
99999E00022043;1100;18;8;105600;99.99
99999E00022044;980;16;8;94080;99.99
99999E00022048;1100;18;8;105600;99.99
99999E00022058;920;15;8;88320;99.99
99999E00022065;2145;14;20;205920;99.99
99999E00022079;920;15;8;88320;99.99
99999E00022087;1042;17;8;100032;99.99
99999E00022088;1042;17;8;100032;99.99
99999E00022089;858;14;8;82368;99.99
99999E00022092;1042;17;8;100032;99.99
99999E00022097;1100;18;8;105600;99.99
99999E00022104;1100;18;8;105600;99.99
99999E00022108;920;15;8;88320;99.99
99999E00022111;980;16;8;94080;99.99
99999E00022112;920;15;8;88320;99.99
99999E00022116;980;16;8;94080;99.99
99999E00022120;1100;18;8;105600;99.99
99999E00022126;1716;14;16;164736;99.99
99999E00022134;1100;18;8;105600;99.99
99999E00022146;858;14;8;82368;99.99
99999E00022149;1100;18;8;105600;99.99
99999E00022151;1455;18;12;139680;99.99
99999E00022156;920;15;8;88320;99.99
99999E00022157;920;15;8;88320;99.99
99999E00022158;920;15;8;88320;99.99
99999E00022160;920;15;8;88320;99.99
99999E00022161;920;15;8;88320;99.99
99999E00022162;920;15;8;88320;99.99
99999E00022163;920;15;8;88320;99.99
99999E00022176;858;14;8;82368;99.99
99999E00022180;798;13;8;76608;99.99
99999E00022185;920;15;8;88320;99.99
99999E00022195;920;15;8;88320;99.99
99999E00022197;920;15;8;88320;99.99
99999E00022201;980;16;8;94080;99.99
99999E00022202;980;16;8;94080;99.99
99999E00022208;1100;18;8;105600;99.99
99999E00022209;858;14;8;82368;99.99
99999E00022211;1100;18;8;105600;99.99
99999E00022212;1100;18;8;105600;99.99
99999E00022223;1100;18;8;105600;99.99
99999E00022224;980;16;8;94080;99.99
99999E00022225;980;16;8;94080;99.99
99999E00022228;1100;18;8;105600;99.99
99999E00022276;1100;18;8;105600;99.99
99999E00022293;1100;18;8;105600;99.99
99999E00022299;1100;18;8;105600;99.99
99999E00022304;1100;18;8;105600;99.99
99999E00022316;1100;18;8;105600;99.99
99999E00022335;980;16;8;94080;99.99
99999E00022337;920;15;8;88320;99.99
99999E00022340;1100;18;8;105600;99.99
99999E00022347;1100;18;8;105600;99.99
99999E00022354;1100;18;8;105600;99.99
99999E00022366;1100;18;8;105600;99.99
99999E00022376;1042;17;8;100032;99.99
99999E00022384;1100;18;8;105600;99.99
99999E00022393;1100;18;8;105600;99.99
99999E00022405;920;15;8;88320;99.99
99999E00022411;1042;17;8;100032;99.99
99999E00022427;1100;18;8;105600;99.99
99999E00022435;1100;18;8;105600;99.99
99999E00022444;980;16;8;94080;99.99
99999E00022446;1100;18;8;105600;99.99
99999E00022454;1100;18;8;105600;99.99
99999E00022464;1100;18;8;105600;99.99
99999E00022465;1100;18;8;105600;99.99
99999E00022467;1100;18;8;105600;99.99
99999E00022468;1100;18;8;105600;99.99
99999E00022476;1100;18;8;105600;99.99
99999E00022478;920;15;8;88320;99.99
99999E00022479;920;15;8;88320;99.99
99999E00022487;920;15;8;88320;99.99
99999E00022490;858;14;8;82368;99.99
99999E00022494;1100;18;8;105600;99.99
99999E00022500;858;14;8;82368;99.99
99999E00022502;858;14;8;82368;99.99
99999E00022510;980;16;8;94080;99.99
99999E00022519;980;16;8;94080;99.99
99999E00022541;1100;18;8;105600;99.99
99999E00022551;1042;17;8;100032;99.99
99999E00022565;1650;18;12;158400;99.99
99999E00022578;1042;17;8;100032;99.99
99999E00022580;980;16;8;94080;99.99
99999E00022591;1100;18;8;105600;99.99
99999E00022601;920;15;8;88320;99.99
99999E00022604;920;15;8;88320;99.99
99999E00022610;858;14;8;82368;99.99
99999E00022611;920;15;8;88320;99.99
99999E00022612;1100;18;8;105600;99.99
99999E00022613;1100;18;8;105600;99.99
99999E00022614;1100;18;8;105600;99.99
99999E00022615;1100;18;8;105600;99.99
99999E00022624;1042;17;8;100032;99.99
99999E00022625;1100;18;8;105600;99.99
99999E00022626;1100;18;8;105600;99.99
99999E00022647;1100;18;8;105600;99.99
99999E00022650;920;15;8;88320;99.99
99999E00022652;996;18;8;95616;99.99
99999E00022674;858;14;8;82368;99.99
99999E00022680;1100;18;8;105600;99.99
99999E00022695;1100;18;8;105600;99.99
99999E00022698;858;14;8;82368;99.99
99999E00022699;858;14;8;82368;99.99
99999E00022700;858;14;8;82368;99.99
99999E00022701;858;14;8;82368;99.99
99999E00022724;1100;18;8;105600;99.99
99999E00022763;1100;18;8;105600;99.99
99999E00022776;920;15;8;88320;99.99
99999E00022803;1100;18;8;105600;99.99
99999E00022806;1042;17;8;100032;99.99
99999E00022813;1650;18;12;158400;99.99
99999E00022827;858;14;8;82368;99.99
99999E00022861;980;16;8;94080;99.99
99999E00022862;980;16;8;94080;99.99
99999E00022879;1100;18;8;105600;99.99
99999E00022892;1100;18;8;105600;99.99
99999E00022916;1100;18;8;105600;99.99
99999E00022917;1100;18;8;105600;99.99
99999E00022948;1100;18;8;105600;99.99
99999E00022952;1100;18;8;105600;99.99
99999E00022969;980;16;8;94080;99.99
99999E00022990;1100;18;8;105600;99.99
99999E00023002;1100;18;8;105600;99.99
99999E00023019;1042;17;8;100032;99.99
99999E00023020;980;16;8;94080;99.99
99999E00023026;858;14;8;82368;99.99
99999E00023046;920;15;8;88320;99.99
99999E00023050;1100;18;8;105600;99.99
99999E00023052;1100;18;8;105600;99.99
99999E00023065;1042;17;8;100032;99.99
99999E00023070;1042;17;8;100032;99.99
99999E00023081;1100;18;8;105600;99.99
99999E00023082;1100;18;8;105600;99.99
99999E00023092;1100;18;8;105600;99.99
99999E00023095;1042;17;8;100032;99.99
99999E00023103;1042;17;8;100032;99.99
99999E00023113;1100;18;8;105600;99.99
99999E00023140;920;15;8;88320;99.99
99999E00023200;920;15;8;88320;99.99
99999E00023227;858;14;8;82368;99.99
99999E00023230;1100;18;8;105600;99.99
99999E00023231;1100;18;8;105600;99.99
99999E00023232;1100;18;8;105600;99.99
99999E00023235;1042;17;8;100032;99.99
99999E00023236;1042;17;8;100032;99.99
99999E00023242;920;15;8;88320;99.99
99999E00023247;1042;17;8;100032;99.99
99999E00023248;1042;17;8;100032;99.99
99999E00023249;1042;17;8;100032;99.99
99999E00023250;920;15;8;88320;99.99
99999E00023255;1100;18;8;105600;99.99
99999E00023269;856;14;8;82176;99.99
99999E00023270;920;15;8;88320;99.99
99999E00023280;920;15;8;88320;99.99
99999E00023287;920;15;8;88320;99.99
99999E00023291;1100;18;8;105600;99.99
99999E00023299;858;14;8;82368;99.99
99999E00023302;1100;18;8;105600;99.99
99999E00023303;1100;18;8;105600;99.99
99999E00023306;1100;18;8;105600;99.99
99999E00023311;1042;17;8;100032;99.99
99999E00023313;1100;18;8;105600;99.99
99999E00023318;1100;18;8;105600;99.99
99999E00023320;1100;18;8;105600;99.99
99999E00023324;1042;17;8;100032;99.99
99999E00023326;920;15;8;88320;99.99
99999E00023328;1100;18;8;105600;99.99
99999E00023329;1100;18;8;105600;99.99
99999E00023331;1100;18;8;105600;99.99
99999E00023334;920;15;8;88320;99.99
99999E00023377;1100;18;8;105600;99.99
99999E00023380;1100;18;8;105600;99.99
99999E00023382;1100;18;8;105600;99.99
99999E00023429;1042;17;8;100032;99.99
99999E00023437;798;13;8;76608;99.99
99999E00023441;1650;18;12;158400;99.99
99999E00023452;1100;18;8;105600;99.99
99999E00023459;1100;18;8;105600;99.99
99999E00023482;1042;17;8;100032;99.99
99999E00023485;1100;18;8;105600;99.99
99999E00023486;1100;18;8;105600;99.99
99999E00023490;980;16;8;94080;99.99
99999E00023491;858;14;8;82368;99.99
99999E00023492;920;15;8;88320;99.99
99999E00023494;920;15;8;88320;99.99
99999E00023502;1100;18;8;105600;99.99
99999E00023503;1100;18;8;105600;99.99
99999E00023504;1650;18;12;158400;99.99
99999E00023509;1100;18;8;105600;99.99
99999E00023517;1100;18;8;105600;99.99
99999E00023521;2084;17;16;200064;99.99
99999E00023524;1100;18;8;105600;99.99
99999E00023525;920;15;8;88320;99.99
99999E00023543;1100;18;8;105600;99.99
99999E00023546;1100;18;8;105600;99.99
99999E00023574;1042;17;8;100032;99.99
99999E00023589;980;16;8;94080;99.99
99999E00023600;920;15;8;88320;99.99
99999E00023608;1042;17;8;100032;99.99
99999E00023610;920;15;8;88320;99.99
99999E00023616;980;16;8;94080;99.99
99999E00023634;1100;18;8;105600;99.99
99999E00023678;1042;17;8;100032;99.99
99999E00023695;980;16;8;94080;99.99
99999E00023696;920;15;8;88320;99.99
99999E00023697;920;15;8;88320;99.99
99999E00023698;1100;18;8;105600;99.99
99999E00023700;1100;18;8;105600;99.99
99999E00023702;920;15;8;88320;99.99
99999E00023717;920;15;8;88320;99.99
99999E00023721;858;14;8;82368;99.99
99999E00023723;1042;17;8;100032;99.99
99999E00023753;858;14;8;82368;99.99
99999E00023769;1650;18;12;158400;99.99
99999E00023771;1100;18;8;105600;99.99
99999E00023773;980;16;8;94080;99.99
99999E00023777;1650;18;12;158400;99.99
99999E00023786;920;15;8;88320;99.99
99999E00023804;980;16;8;94080;99.99
99999E00023810;1100;18;8;105600;99.99
99999E00023813;1042;17;8;100032;99.99
99999E00023818;1100;18;8;105600;99.99
99999E00023819;1100;18;8;105600;99.99
99999E00023825;920;15;8;88320;99.99
99999E00023827;920;15;8;88320;99.99
99999E00023840;1100;18;8;105600;99.99
99999E00023851;858;14;8;82368;99.99
99999E00023852;858;14;8;82368;99.99
99999E00023860;858;14;8;82368;99.99
99999E00023861;858;14;8;82368;99.99
99999E00023863;858;14;8;82368;99.99
99999E00023866;858;14;8;82368;99.99
99999E00023880;1100;18;8;105600;99.99
99999E00023896;920;15;8;88320;99.99
99999E00023897;920;15;8;88320;99.99
99999E00023911;920;15;8;88320;99.99
99999E00023912;1100;18;8;105600;99.99
99999E00023916;980;16;8;94080;99.99
99999E00023923;858;14;8;82368;99.99
99999E00023926;1100;18;8;105600;99.99
99999E00023934;920;15;8;88320;99.99
99999E00023935;920;15;8;88320;99.99
99999E00023948;1100;18;8;105600;99.99
99999E00023951;1100;18;8;105600;99.99
99999E00023956;858;14;8;82368;99.99
99999E00023959;798;13;8;76608;99.99
99999E00023967;980;16;8;94080;99.99
99999E00023980;1100;18;8;105600;99.99
99999E00023981;1100;18;8;105600;99.99
99999E00023984;1100;18;8;105600;99.99
99999E00023999;1100;18;8;105600;99.99
99999E00024001;1100;18;8;105600;99.99
99999E00024002;1100;18;8;105600;99.99
99999E00024005;1100;18;8;105600;99.99
99999E00024008;1386;18;12;133056;99.99
99999E00024009;1100;18;8;105600;99.99
99999E00024013;1042;17;8;100032;99.99
99999E00024018;1368;18;12;131328;99.99
99999E00024019;1100;18;8;105600;99.99
99999E00024025;1100;18;8;105600;99.99
99999E00024065;1100;18;8;105600;99.99
99999E00024080;1100;18;8;105600;99.99
99999E00024088;858;14;8;82368;99.99
99999E00024096;1100;18;8;105600;99.99
99999E00024099;1100;18;8;105600;99.99
99999E00024104;858;14;8;82368;99.99
99999E00024129;858;14;8;82368;99.99
99999E00024130;1100;18;8;105600;99.99
99999E00024132;1100;18;8;105600;99.99
99999E00024133;1104;18;8;105984;99.99
99999E00024154;1100;18;8;105600;99.99
99999E00024155;1100;18;8;105600;99.99
99999E00024188;980;16;8;94080;99.99
99999E00024194;798;13;8;76608;99.99
99999E00024208;1100;18;8;105600;99.99
99999E00024225;1100;18;8;105600;99.99
99999E00024230;1100;18;8;105600;99.99
99999E00024232;920;15;8;88320;99.99
99999E00024238;1042;17;8;100032;99.99
99999E00024247;1100;18;8;105600;99.99
99999E00024299;920;15;8;88320;99.99
99999E00024304;1100;18;8;105600;99.99
99999E00024305;1042;17;8;100032;99.99
99999E00024327;1100;18;8;105600;99.99
99999E00024333;1100;18;8;105600;99.99
99999E00024342;858;14;8;82368;99.99
99999E00024343;1042;17;8;100032;99.99
99999E00024366;1100;18;8;105600;99.99
99999E00024386;980;16;8;94080;99.99
99999E00024397;1042;17;8;100032;99.99
99999E00024413;798;13;8;76608;99.99
99999E00024414;798;13;8;76608;99.99
99999E00024415;798;13;8;76608;99.99
99999E00024425;876;15;8;84096;99.99
99999E00024428;920;15;8;88320;99.99
99999E00024429;1100;18;8;105600;99.99
99999E00024441;1100;18;8;105600;99.99
99999E00024463;1100;18;8;105600;99.99
99999E00024469;858;14;8;82368;99.99
99999E00024475;1100;18;8;105600;99.99
99999E00024491;1100;18;8;105600;99.99
99999E00024502;1650;18;20;158400;99.99
99999E00024503;1100;18;8;105600;99.99
99999E00024506;1100;18;8;105600;99.99
99999E00024510;858;14;8;82368;99.99
99999E00024514;920;15;8;88320;99.99
99999E00024516;1100;18;8;105600;99.99
99999E00024521;1100;18;8;105600;99.99
99999E00024523;920;15;8;88320;99.99
99999E00024552;1042;17;8;100032;99.99
99999E00024570;1100;18;8;105600;99.99
99999E00024580;1100;18;8;105600;99.99
99999E00024581;1100;18;8;105600;99.99
99999E00024592;1100;18;8;105600;99.99
99999E00024596;1042;17;8;100032;99.99
99999E00024598;1042;17;8;100032;99.99
99999E00024607;1100;18;8;105600;99.99
99999E00024616;980;16;8;94080;99.99
99999E00024617;980;16;8;94080;99.99
99999E00024618;980;16;8;94080;99.99
99999E00024619;980;16;8;94080;99.99
99999E00024620;858;14;8;82368;99.99
99999E00024625;1100;18;8;105600;99.99
99999E00024626;1100;18;8;105600;99.99
99999E00024627;1100;18;8;105600;99.99
99999E00024630;1042;17;8;100032;99.99
99999E00024640;1100;18;8;105600;99.99
99999E00024644;1100;18;8;105600;99.99
99999E00024649;1100;18;8;105600;99.99
99999E00024652;858;14;8;82368;99.99
99999E00024669;1100;18;8;105600;99.99
99999E00024670;1042;17;8;100032;99.99
99999E00024671;1100;18;8;105600;99.99
99999E00024683;1650;18;12;158400;99.99
99999E00024687;1100;18;8;105600;99.99
99999E00024688;920;15;8;88320;99.99
99999E00024691;920;15;8;88320;99.99
99999E00024692;920;15;8;88320;99.99
99999E00024695;920;15;8;88320;99.99
99999E00024697;1100;18;8;105600;99.99
99999E00024704;1100;18;8;105600;99.99
99999E00024716;920;15;8;88320;99.99
99999E00024726;1100;18;8;105600;99.99
99999E00024732;798;13;8;76608;99.99
99999E00024737;1100;18;8;105600;99.99
99999E00024748;1100;18;8;105600;99.99
99999E00024760;1100;18;8;105600;99.99
99999E00024761;1100;18;8;105600;99.99
99999E00024821;1100;18;8;105600;99.99
99999E00024822;1100;18;8;105600;99.99
99999E00024824;1042;17;8;100032;99.99
99999E00024831;858;14;8;82368;99.99
99999E00024866;1042;17;8;100032;99.99
99999E00024872;1100;18;8;105600;99.99
99999E00024890;1100;18;8;105600;99.99
99999E00024894;2494;18;20;239424;99.99
99999E00024895;1042;17;8;100032;99.99
99999E00024900;1100;18;8;105600;99.99
99999E00024921;1650;18;12;158400;99.99
99999E00024934;920;15;8;88320;99.99
99999E00024935;798;13;8;76608;99.99
99999E00024942;920;15;8;88320;99.99
99999E00024952;980;16;8;94080;99.99
99999E00024960;920;15;8;88320;99.99
99999E00024965;920;15;8;88320;99.99
99999E00024967;798;13;8;76608;99.99
99999E00024978;980;16;8;94080;99.99
99999E00024983;1100;18;8;105600;99.99
99999E00024986;1100;18;8;105600;99.99
99999E00024988;1100;18;8;105600;99.99
99999E00024990;858;14;8;82368;99.99
99999E00025005;1100;18;8;105600;99.99
99999E00025008;920;15;8;88320;99.99
99999E00025010;920;15;8;88320;99.99
99999E00025021;1100;18;8;105600;99.99
99999E00025028;1100;18;8;105600;99.99
99999E00025029;920;15;8;88320;99.99
99999E00025030;1100;18;8;105600;99.99
99999E00025033;858;14;8;82368;99.99
99999E00025041;1100;18;8;105600;99.99
99999E00025047;1100;18;8;105600;99.99
99999E00025049;1100;18;8;105600;99.99
99999E00025050;1100;18;8;105600;99.99
99999E00025074;1100;18;8;105600;99.99
99999E00025097;1100;18;8;105600;99.99
99999E00025109;920;15;8;88320;99.99
99999E00025118;1100;18;8;105600;99.99
99999E00025122;798;13;8;76608;99.99
99999E00025124;1100;18;8;105600;99.99
99999E00025138;858;14;8;82368;99.99
99999E00025140;798;13;8;76608;99.99
99999E00025141;920;15;8;88320;99.99
99999E00025146;1100;18;8;105600;99.99
99999E00025154;980;16;8;94080;99.99
99999E00025155;980;16;8;94080;99.99
99999E00025160;1100;18;8;105600;99.99
99999E00025179;1100;18;8;105600;99.99
99999E00025181;920;15;8;88320;99.99
99999E00025190;1100;18;8;105600;99.99
99999E00025199;980;16;8;94080;99.99
99999E00025202;1100;18;8;105600;99.99
99999E00025208;1100;18;8;105600;99.99
99999E00025217;980;16;8;94080;99.99
99999E00025218;980;16;8;94080;99.99
99999E00025219;980;16;8;94080;99.99
99999E00025220;798;13;8;76608;99.99
99999E00025221;980;16;8;94080;99.99
99999E00025222;980;16;8;94080;99.99
99999E00025223;980;16;8;94080;99.99
99999E00025224;920;15;8;88320;99.99
99999E00025225;798;13;8;76608;99.99
99999E00025235;1100;18;8;105600;99.99
99999E00025238;1042;17;8;100032;99.99
99999E00025239;1042;17;8;100032;99.99
99999E00025240;1100;18;8;105600;99.99
99999E00025255;920;15;8;88320;99.99
99999E00025265;2200;18;16;211200;99.99
99999E00025267;1100;18;8;105600;99.99
99999E00025276;858;14;8;82368;99.99
99999E00025284;980;16;8;94080;99.99
99999E00025286;1042;17;8;100032;99.99
99999E00025292;920;15;8;88320;99.99
99999E00025304;1100;18;8;105600;99.99
99999E00025310;920;15;8;88320;99.99
99999E00025313;1100;18;8;105600;99.99
99999E00025314;1100;18;8;105600;99.99
99999E00025330;1100;18;8;105600;99.99
99999E00025338;1100;18;8;105600;99.99
99999E00025353;1042;17;8;100032;99.99
99999E00025358;1100;18;8;105600;99.99
99999E00025359;1042;17;8;100032;99.99
99999E00025361;980;16;8;94080;99.99
99999E00025362;1100;18;8;105600;99.99
99999E00025373;1100;18;8;105600;99.99
99999E00025376;858;14;8;82368;99.99
99999E00025379;1100;18;8;105600;99.99
99999E00025387;1100;18;8;105600;99.99
99999E00025460;858;14;8;82368;99.99
99999E00025481;920;15;8;88320;99.99
99999E00025482;1042;17;8;100032;99.99
99999E00025490;980;16;8;94080;99.99
99999E00025495;1960;16;16;188160;99.99
99999E00025499;980;16;8;94080;99.99
99999E00025500;1042;17;8;100032;99.99
99999E00025501;1100;18;8;105600;99.99
99999E00025507;1100;18;8;105600;99.99
99999E00025516;1100;18;8;105600;99.99
99999E00025532;1100;18;8;105600;99.99
99999E00025533;1100;18;8;105600;99.99
99999E00025534;1100;18;8;105600;99.99
99999E00025544;1100;18;8;105600;99.99
99999E00025547;1100;18;8;105600;99.99
99999E00025548;1100;18;8;105600;99.99
99999E00025552;1100;18;8;105600;99.99
99999E00025555;1042;17;8;100032;99.99
99999E00025559;980;16;8;94080;99.99
99999E00025560;920;15;8;88320;99.99
99999E00025570;1100;18;8;105600;99.99
99999E00025581;920;15;8;88320;99.99
99999E00025582;858;14;8;82368;99.99
99999E00025583;920;15;8;88320;99.99
99999E00025586;858;14;8;82368;99.99
99999E00025590;1100;18;8;105600;99.99
99999E00025591;1650;18;12;158400;99.99
99999E00025598;1100;18;8;105600;99.99
99999E00025600;1100;18;8;105600;99.99
99999E00025602;722;12;8;69312;99.99
99999E00025611;1100;18;8;105600;99.99
99999E00025613;1100;18;8;105600;99.99
99999E00025614;1100;18;8;105600;99.99
99999E00025615;1100;18;8;105600;99.99
99999E00025616;1100;18;8;105600;99.99
99999E00025617;798;13;8;76608;99.99
99999E00025618;798;13;8;76608;99.99
99999E00025620;798;13;8;76608;99.99
99999E00025621;798;13;8;76608;99.99
99999E00025623;798;13;8;76608;99.99
99999E00025633;920;15;8;88320;99.99
99999E00025634;858;14;8;82368;99.99
99999E00025635;920;15;8;88320;99.99
99999E00025637;920;15;8;88320;99.99
99999E00025640;920;15;8;88320;99.99
99999E00025645;920;15;8;88320;99.99
99999E00025647;920;15;8;88320;99.99
99999E00025648;920;15;8;88320;99.99
99999E00025649;920;15;8;88320;99.99
99999E00025650;920;15;8;88320;99.99
99999E00025653;798;13;8;76608;99.99
99999E00025654;920;15;8;88320;99.99
99999E00025660;980;16;8;94080;99.99
99999E00025666;858;14;8;82368;99.99
99999E00025668;1042;17;8;100032;99.99
99999E00025669;980;16;8;94080;99.99
99999E00025670;1100;18;8;105600;99.99
99999E00025673;1100;18;8;105600;99.99
99999E00025677;1042;17;8;100032;99.99
99999E00025678;1100;18;8;105600;99.99
99999E00025679;980;16;8;94080;99.99
99999E00025681;858;14;8;82368;99.99
99999E00025685;1100;18;8;105600;99.99
99999E00025687;798;13;8;76608;99.99
99999E00025688;798;13;8;76608;99.99
99999E00025690;1042;17;8;100032;99.99
99999E00025697;1100;18;8;105600;99.99
99999E00025698;1100;18;8;105600;99.99
99999E00025699;1100;18;8;105600;99.99
99999E00025702;1100;18;12;105600;99.99
99999E00025703;1100;18;8;105600;99.99
99999E00025704;1100;18;8;105600;99.99
99999E00025707;1042;17;8;100032;99.99
99999E00025712;1100;18;8;105600;99.99
99999E00025714;1100;18;8;105600;99.99
99999E00025723;980;16;8;94080;99.99
99999E00025735;1100;18;8;105600;99.99
99999E00025736;1100;18;8;105600;99.99
99999E00025764;1100;18;8;105600;99.99
99999E00025765;1042;17;8;100032;99.99
99999E00025772;1100;18;8;105600;99.99
99999E00025773;1100;18;8;105600;99.99
99999E00025775;1100;18;8;105600;99.99
99999E00025776;1100;18;8;105600;99.99
99999E00025778;1100;18;8;105600;99.99
99999E00025780;1100;18;8;105600;99.99
99999E00025781;1100;18;8;105600;99.99
99999E00025789;1100;18;8;105600;99.99
99999E00025790;1100;18;8;105600;99.99
99999E00025795;1042;17;8;100032;99.99
99999E00025801;1042;17;8;100032;99.99
99999E00025804;2232;18;77;214272;99.96
99999E00025806;1100;18;8;105600;99.99
99999E00025817;1840;15;16;176640;99.99
99999E00025826;1100;18;8;105600;99.99
99999E00025831;920;15;8;88320;99.99
99999E00025839;920;15;8;88320;99.99
99999E00025841;920;15;8;88320;99.99
99999E00025843;980;16;8;94080;99.99
99999E00025846;1100;18;8;105600;99.99
99999E00025852;920;15;8;88320;99.99
99999E00025856;1100;18;8;105600;99.99
99999E00025868;1042;17;8;100032;99.99
99999E00025870;1100;18;8;105600;99.99
99999E00025873;1650;18;12;158400;99.99
99999E00025883;1042;17;8;100032;99.99
99999E00025887;1100;18;8;105600;99.99
99999E00025888;920;15;8;88320;99.99
99999E00025891;920;15;8;88320;99.99
99999E00025894;1100;18;8;105600;99.99
99999E00025903;858;14;8;82368;99.99
99999E00025910;858;14;8;82368;99.99
99999E00025912;1042;17;8;100032;99.99
99999E00025913;1042;17;8;100032;99.99
99999E00025915;920;15;8;88320;99.99
99999E00025922;1100;18;8;105600;99.99
99999E00025927;1650;18;12;158400;99.99
99999E00025933;798;13;8;76608;99.99
99999E00025944;1287;14;12;123552;99.99
99999E00025949;1042;17;8;100032;99.99
99999E00025950;1840;15;16;176640;99.99
99999E00025969;1100;18;8;105600;99.99
99999E00025989;1716;14;16;164736;99.99
99999E00025990;1100;18;8;105600;99.99
99999E00025991;1100;18;8;105600;99.99
99999E00026004;920;15;8;88320;99.99
99999E00026007;920;15;8;88320;99.99
99999E00026008;908;15;8;87168;99.99
99999E00026009;980;16;8;94080;99.99
99999E00026011;1100;18;8;105600;99.99
99999E00026013;1100;18;8;105600;99.99
99999E00026018;798;13;8;76608;99.99
99999E00026019;1042;17;8;100032;99.99
99999E00026020;980;16;8;94080;99.99
99999E00026029;858;14;8;82368;99.99
99999E00026032;798;13;8;76608;99.99
99999E00026039;1100;18;8;105600;99.99
99999E00026040;1650;18;12;158400;99.99
99999E00026042;920;15;8;88320;99.99
99999E00026043;920;15;8;88320;99.99
99999E00026047;920;15;8;88320;99.99
99999E00026048;1100;18;8;105600;99.99
99999E00026049;1100;18;12;105600;99.99
99999E00026050;1100;18;8;105600;99.99
99999E00026051;798;13;8;76608;99.99
99999E00026052;920;15;8;88320;99.99
99999E00026053;980;16;8;94080;99.99
99999E00026055;960;16;8;92160;99.99
99999E00026062;858;14;8;82368;99.99
99999E00026068;1716;14;16;164736;99.99
99999E00026075;858;14;8;82368;99.99
99999E00026083;1042;17;8;100032;99.99
99999E00026089;1100;18;8;105600;99.99
99999E00026100;1100;18;8;105600;99.99
99999E00026107;2200;18;16;211200;99.99
99999E00026112;1100;18;8;105600;99.99
99999E00026158;1100;18;8;105600;99.99
99999E00026159;1100;18;8;105600;99.99
99999E00026160;2200;18;16;211200;99.99
99999E00026161;1100;18;8;105600;99.99
99999E00026168;980;16;8;94080;99.99
99999E00026178;1100;18;8;105600;99.99
99999E00026179;920;15;8;88320;99.99
99999E00026188;1100;18;8;105600;99.99
99999E00026189;1100;18;8;105600;99.99
99999E00026193;1100;18;8;105600;99.99
99999E00026195;2165;15;20;207840;99.99
99999E00026221;1100;18;8;105600;99.99
99999E00026225;1100;18;8;105600;99.99
99999E00026227;1100;18;8;105600;99.99
99999E00026233;1100;18;8;105600;99.99
99999E00026234;1100;18;8;105600;99.99
99999E00026250;858;14;8;82368;99.99
99999E00026251;858;14;8;82368;99.99
99999E00026252;858;14;8;82368;99.99
99999E00026254;858;14;8;82368;99.99
99999E00026276;1100;18;8;105600;99.99
99999E00026279;1100;18;8;105600;99.99
99999E00026282;1100;18;8;105600;99.99
99999E00026283;1100;18;8;105600;99.99
99999E00026285;1100;18;8;105600;99.99
99999E00026290;1100;18;8;105600;99.99
99999E00026307;1650;18;12;158400;99.99
99999E00026329;920;15;8;88320;99.99
99999E00026330;798;13;8;76608;99.99
99999E00026345;1100;18;8;105600;99.99
99999E00026346;1100;18;8;105600;99.99
99999E00026364;1100;18;8;105600;99.99
99999E00026369;1100;18;8;105600;99.99
99999E00026383;1100;18;8;105600;99.99
99999E00026391;1100;18;8;105600;99.99
99999E00026401;1100;18;8;105600;99.99
99999E00026402;1100;18;8;105600;99.99
99999E00026409;798;13;8;76608;99.99
99999E00026411;920;15;8;88320;99.99
99999E00026414;1100;18;8;105600;99.99
99999E00026419;920;15;8;88320;99.99
99999E00026423;980;16;8;94080;99.99
99999E00026450;1042;17;8;100032;99.99
99999E00026455;1100;18;8;105600;99.99
99999E00026456;1100;18;8;105600;99.99
99999E00026457;1100;18;8;105600;99.99
99999E00026465;1318;18;8;126528;99.99
99999E00026467;1042;17;8;100032;99.99
99999E00026471;858;14;8;82368;99.99
99999E00026473;1100;18;8;105600;99.99
99999E00026477;1042;17;8;100032;99.99
99999E00026481;920;15;8;88320;99.99
99999E00026483;1100;18;8;105600;99.99
99999E00026498;1042;17;8;100032;99.99
99999E00026500;1100;18;8;105600;99.99
99999E00026502;1100;18;8;105600;99.99
99999E00026504;980;16;8;94080;99.99
99999E00026505;980;16;8;94080;99.99
99999E00026506;980;16;8;94080;99.99
99999E00026517;1042;17;8;100032;99.99
99999E00026518;1042;17;8;100032;99.99
99999E00026519;1042;17;8;100032;99.99
99999E00026520;798;13;8;76608;99.99
99999E00026530;1100;18;8;105600;99.99
99999E00026533;1100;18;8;105600;99.99
99999E00026537;1100;18;8;105600;99.99
99999E00026550;798;13;8;76608;99.99
99999E00026551;920;15;8;88320;99.99
99999E00026554;798;13;8;76608;99.99
99999E00026556;1100;18;8;105600;99.99
99999E00026566;980;16;8;94080;99.99
99999E00026572;858;14;8;82368;99.99
99999E00026574;1100;18;8;105600;99.99
99999E00026575;920;15;8;88320;99.99
99999E00026577;920;15;8;88320;99.99
99999E00026590;2084;17;16;200064;99.99
99999E00026591;1100;18;8;105600;99.99
99999E00026594;2200;18;16;211200;99.99
99999E00026603;1100;18;8;105600;99.99
99999E00026631;1100;18;8;105600;99.99
99999E00026642;1100;18;8;105600;99.99
99999E00026644;1716;14;16;164736;99.99
99999E00026648;798;13;8;76608;99.99
99999E00026650;2230;17;20;214080;99.99
99999E00026658;2084;17;16;200064;99.99
99999E00026674;920;15;8;88320;99.99
99999E00026686;1100;18;8;105600;99.99
99999E00026687;1042;17;8;100032;99.99
99999E00026692;1100;18;8;105600;99.99
99999E00026697;1042;17;8;100032;99.99
99999E00026701;1716;14;16;164736;99.99
99999E00026708;1100;18;8;105600;99.99
99999E00026709;1100;18;8;105600;99.99
99999E00026719;1960;16;16;188160;99.99
99999E00026720;980;16;8;94080;99.99
99999E00026723;920;15;8;88320;99.99
99999E00026728;2200;18;16;211200;99.99
99999E00026731;920;15;8;88320;99.99
99999E00026734;1100;18;8;105600;99.99
99999E00026745;858;14;8;82368;99.99
99999E00026758;1100;18;8;105600;99.99
99999E00026773;2200;18;16;211200;99.99
99999E00026774;1314;18;8;126144;99.99
99999E00026776;1100;18;8;105600;99.99
99999E00026777;1100;18;8;105600;99.99
99999E00026778;1960;16;16;188160;99.99
99999E00026789;1100;18;8;105600;99.99
99999E00026798;1100;18;8;105600;99.99
99999E00026808;920;15;8;88320;99.99
99999E00026818;858;14;8;82368;99.99
99999E00026834;1100;18;8;105600;99.99
99999E00026835;1100;18;12;105600;99.99
99999E00026841;1100;18;8;105600;99.99
99999E00026850;2200;18;16;211200;99.99
99999E00026857;1100;18;8;105600;99.99
99999E00026858;1716;14;16;164736;99.99
99999E00026870;1100;18;8;105600;99.99
99999E00026871;1100;18;8;105600;99.99
99999E00026886;1100;18;8;105600;99.99
99999E00026888;1716;14;16;164736;99.99
99999E00026895;858;14;8;82368;99.99
99999E00026903;980;16;8;94080;99.99
99999E00026909;920;15;8;88320;99.99
99999E00026914;2450;16;20;235200;99.99
99999E00026916;1042;17;8;100032;99.99
99999E00026917;1042;17;8;100032;99.99
99999E00026925;920;15;8;88320;99.99
99999E00026927;1100;18;8;105600;99.99
99999E00026932;920;15;8;88320;99.99
99999E00026952;980;16;8;94080;99.99
99999E00026953;1100;18;8;105600;99.99
99999E00026954;1100;18;8;105600;99.99
99999E00026956;2084;17;16;200064;99.99
99999E00026958;1100;18;8;105600;99.99
99999E00026959;1100;18;8;105600;99.99
99999E00026960;1100;18;8;105600;99.99
99999E00026961;920;15;8;88320;99.99
99999E00026965;1716;14;16;164736;99.99
99999E00026975;1100;18;8;105600;99.99
99999E00026977;1100;18;8;105600;99.99
99999E00026985;798;13;8;76608;99.99
99999E00026988;1100;18;8;105600;99.99
99999E00026989;1100;18;8;105600;99.99
99999E00026992;798;13;8;76608;99.99
99999E00026993;2750;18;20;264000;99.99
99999E00026995;1100;18;8;105600;99.99
99999E00026996;1716;14;16;164736;99.99
99999E00027000;1042;17;8;100032;99.99
99999E00027007;1100;18;8;105600;99.99
99999E00027016;1042;17;8;100032;99.99
99999E00027024;1100;18;8;105600;99.99
99999E00027027;1100;18;8;105600;99.99
99999E00027039;1042;17;8;100032;99.99
99999E00027041;1100;18;8;105600;99.99
99999E00027047;1100;18;8;105600;99.99
99999E00027055;2200;18;16;211200;99.99
99999E00027058;1650;18;12;158400;99.99
99999E00027061;1100;18;8;105600;99.99
99999E00027064;1042;17;8;100032;99.99
99999E00027083;858;14;8;82368;99.99
99999E00027086;1287;14;12;123552;99.99
99999E00027094;858;14;8;82368;99.99
99999E00027097;920;15;8;88320;99.99
99999E00027098;798;13;8;76608;99.99
99999E00027108;1042;17;8;100032;99.99
99999E00027117;1100;18;8;105600;99.99
99999E00027121;858;14;8;82368;99.99
99999E00027122;1042;17;8;100032;99.99
99999E00027127;1100;18;8;105600;99.99
99999E00027132;858;14;8;82368;99.99
99999E00027135;1100;18;8;105600;99.99
99999E00027143;1100;18;8;105600;99.99
99999E00027152;1100;18;8;105600;99.99
99999E00027159;816;14;8;78336;99.99
99999E00027161;1042;17;8;100032;99.99
99999E00027167;920;15;8;88320;99.99
99999E00027168;798;13;8;76608;99.99
99999E00027177;1042;17;8;100032;99.99
99999E00027180;1042;17;8;100032;99.99
99999E00027182;1100;18;8;105600;99.99
99999E00027191;1100;18;8;105600;99.99
99999E00027199;1100;18;8;105600;99.99
99999E00027207;1100;18;8;105600;99.99
99999E00027216;798;13;8;76608;99.99
99999E00027218;980;16;8;94080;99.99
99999E00027219;1100;18;8;105600;99.99
99999E00027220;1100;18;8;105600;99.99
99999E00027221;1100;18;8;105600;99.99
99999E00027223;1100;18;8;105600;99.99
99999E00027225;1100;18;8;105600;99.99
99999E00027227;1100;18;8;105600;99.99
99999E00027228;1042;17;8;100032;99.99
99999E00027229;858;14;8;82368;99.99
99999E00027234;1042;17;8;100032;99.99
99999E00027235;1563;17;12;150048;99.99
99999E00027240;1042;17;8;100032;99.99
99999E00027247;1100;18;8;105600;99.99
99999E00027250;858;14;8;82368;99.99
99999E00027256;1100;18;8;105600;99.99
99999E00027262;1100;18;8;105600;99.99
99999E00027265;1100;18;8;105600;99.99
99999E00027281;858;14;8;82368;99.99
99999E00027295;1042;17;8;100032;99.99
99999E00027298;1100;18;8;105600;99.99
99999E00027301;798;13;8;76608;99.99
99999E00027302;858;14;8;82368;99.99
99999E00027327;1100;18;8;105600;99.99
99999E00027340;798;13;8;76608;99.99
99999E00027368;1100;18;8;105600;99.99
99999E00027376;1100;18;8;105600;99.99
99999E00027379;1100;18;8;105600;99.99
99999E00027380;858;14;8;82368;99.99
99999E00027383;798;13;8;76608;99.99
99999E00027400;1100;18;8;105600;99.99
99999E00027402;798;13;8;76608;99.99
99999E00027404;1042;17;8;100032;99.99
99999E00027417;1100;18;8;105600;99.99
99999E00027432;920;15;8;88320;99.99
99999E00027441;1100;18;8;105600;99.99
99999E00027442;798;13;8;76608;99.99
99999E00027454;1552;18;12;148992;99.99
99999E00027464;1100;18;8;105600;99.99
99999E00027466;1960;16;16;188160;99.99
99999E00027470;1100;18;8;105600;99.99
99999E00027473;1100;18;8;105600;99.99
99999E00027476;1100;18;8;105600;99.99
99999E00027485;1100;18;8;105600;99.99
99999E00027488;858;14;8;82368;99.99
99999E00027494;2200;18;16;211200;99.99
99999E00027497;1100;18;8;105600;99.99
99999E00027503;1100;18;8;105600;99.99
99999E00027512;1100;18;8;105600;99.99
99999E00027515;1042;17;8;100032;99.99
99999E00027516;1042;17;8;100032;99.99
99999E00027518;1716;14;16;164736;99.99
99999E00027520;858;14;8;82368;99.99
99999E00027525;1100;18;8;105600;99.99
99999E00027529;1716;14;16;164736;99.99
99999E00027541;920;15;8;88320;99.99
99999E00027550;1100;18;8;105600;99.99
99999E00027572;920;15;8;88320;99.99
99999E00027580;858;14;8;82368;99.99
99999E00027587;1100;18;8;105600;99.99
99999E00027590;1100;18;16;105600;99.98
99999E00027593;980;16;8;94080;99.99
99999E00027595;2084;17;16;200064;99.99
99999E00027598;1100;18;8;105600;99.99
99999E00027637;920;15;8;88320;99.99
99999E00027658;980;16;8;94080;99.99
99999E00027661;1100;18;8;105600;99.99
99999E00027668;1042;17;8;100032;99.99
99999E00027669;1042;17;8;100032;99.99
99999E00027675;920;15;8;88320;99.99
99999E00027676;1100;18;8;105600;99.99
99999E00027678;980;16;8;94080;99.99
99999E00027686;920;15;8;88320;99.99
99999E00027703;1650;18;12;158400;99.99
99999E00027705;1100;18;8;105600;99.99
99999E00027711;1100;18;8;105600;99.99
99999E00027712;1100;18;8;105600;99.99
99999E00027715;1100;18;8;105600;99.99
99999E00027719;1100;18;8;105600;99.99
99999E00027722;1100;18;8;105600;99.99
99999E00027727;1100;18;8;105600;99.99
99999E00027729;1100;18;8;105600;99.99
99999E00027731;1100;18;8;105600;99.99
99999E00027732;1100;18;8;105600;99.99
99999E00027734;1100;18;8;105600;99.99
99999E00027737;1100;18;8;105600;99.99
99999E00027740;1100;18;8;105600;99.99
99999E00027741;1100;18;8;105600;99.99
99999E00027746;1100;18;8;105600;99.99
99999E00027748;1100;18;8;105600;99.99
99999E00027751;1100;18;8;105600;99.99
99999E00027752;1100;18;8;105600;99.99
99999E00027753;1100;18;8;105600;99.99
99999E00027759;1100;18;8;105600;99.99
99999E00027766;1100;18;8;105600;99.99
99999E00027768;1100;18;8;105600;99.99
99999E00027770;1100;18;8;105600;99.99
99999E00027773;1100;18;8;105600;99.99
99999E00027776;1100;18;8;105600;99.99
99999E00027787;920;15;8;88320;99.99
99999E00027793;1100;18;8;105600;99.99
99999E00027801;980;16;8;94080;99.99
99999E00027812;920;15;8;88320;99.99
99999E00027821;920;15;8;88320;99.99
99999E00027822;1042;17;8;100032;99.99
99999E00027823;858;14;8;82368;99.99
99999E00027835;798;13;8;76608;99.99
99999E00027836;2200;18;16;211200;99.99
99999E00027837;1100;18;8;105600;99.99
99999E00027846;2200;18;16;211200;99.99
99999E00027848;1100;18;8;105600;99.99
99999E00027851;2200;18;16;211200;99.99
99999E00027853;1042;17;8;100032;99.99
99999E00027860;1042;17;8;100032;99.99
99999E00027861;1042;17;8;100032;99.99
99999E00027869;1042;17;8;100032;99.99
99999E00027870;980;16;8;94080;99.99
99999E00027871;1042;17;8;100032;99.99
99999E00027891;1100;18;8;105600;99.99
99999E00027901;858;14;8;82368;99.99
99999E00027905;920;15;8;88320;99.99
99999E00027906;1100;18;8;105600;99.99
99999E00027911;1100;18;8;105600;99.99
99999E00027912;1100;18;8;105600;99.99
99999E00027914;1100;18;8;105600;99.99
99999E00027919;1100;18;8;105600;99.99
99999E00027920;1100;18;8;105600;99.99
99999E00027921;1100;18;8;105600;99.99
99999E00027922;1100;18;8;105600;99.99
99999E00027927;1100;18;8;105600;99.99
99999E00027928;2200;18;16;211200;99.99
99999E00027931;1100;18;8;105600;99.99
99999E00027932;1100;18;8;105600;99.99
99999E00027933;1100;18;8;105600;99.99
99999E00027936;798;13;8;76608;99.99
99999E00027937;1100;18;8;105600;99.99
99999E00027938;1100;18;8;105600;99.99
99999E00027940;1100;18;8;105600;99.99
99999E00027948;1100;18;8;105600;99.99
99999E00027949;1100;18;8;105600;99.99
99999E00027950;1042;17;8;100032;99.99
99999E00027955;1100;18;8;105600;99.99
99999E00027958;1100;18;8;105600;99.99
99999E00027961;1100;18;8;105600;99.99
99999E00027962;1100;18;8;105600;99.99
99999E00027963;1100;18;8;105600;99.99
99999E00027964;1042;17;8;100032;99.99
99999E00027966;1100;18;8;105600;99.99
99999E00027976;1100;18;8;105600;99.99
99999E00027979;1100;18;8;105600;99.99
99999E00027980;1042;17;8;100032;99.99
99999E00027982;1100;18;8;105600;99.99
99999E00027986;1100;18;8;105600;99.99
99999E00027987;1100;18;8;105600;99.99
99999E00027990;1100;18;8;105600;99.99
99999E00027993;1100;18;8;105600;99.99
99999E00027997;1100;18;8;105600;99.99
99999E00028000;1100;18;8;105600;99.99
99999E00028007;1100;18;8;105600;99.99
99999E00028008;1100;18;8;105600;99.99
99999E00028010;980;16;8;94080;99.99
99999E00028016;1100;18;8;105600;99.99
99999E00028017;1100;18;8;105600;99.99
99999E00028018;1100;18;8;105600;99.99
99999E00028022;1840;15;16;176640;99.99
99999E00028031;1650;18;12;158400;99.99
99999E00028032;1042;17;8;100032;99.99
99999E00028037;1100;18;8;105600;99.99
99999E00028039;2476;18;20;237696;99.99
99999E00028046;798;13;8;76608;99.99
99999E00028048;920;15;8;88320;99.99
99999E00028052;1100;18;8;105600;99.99
99999E00028069;1100;18;8;105600;99.99
99999E00028080;1042;17;8;100032;99.99
99999E00028083;920;15;8;88320;99.99
99999E00028112;1098;18;8;105408;99.99
99999E00028124;1100;18;8;105600;99.99
99999E00028128;992;17;8;95232;99.99
99999E00028140;1100;18;8;105600;99.99
99999E00028143;1100;18;8;105600;99.99
99999E00028155;1042;17;8;100032;99.99
99999E00028156;1042;17;8;100032;99.99
99999E00028157;1042;17;8;100032;99.99
99999E00028158;1042;17;8;100032;99.99
99999E00028163;920;15;8;88320;99.99
99999E00028174;920;15;8;88320;99.99
99999E00028175;1100;18;8;105600;99.99
99999E00028192;1100;18;8;105600;99.99
99999E00028200;1100;18;8;105600;99.99
99999E00028204;980;16;8;94080;99.99
99999E00028216;1042;17;8;100032;99.99
99999E00028220;798;13;8;76608;99.99
99999E00028221;1100;18;8;105600;99.99
99999E00028223;1650;18;12;158400;99.99
99999E00028225;1042;17;8;100032;99.99
99999E00028234;1042;17;8;100032;99.99
99999E00028235;1100;18;8;105600;99.99
99999E00028238;1100;18;8;105600;99.99
99999E00028239;980;16;8;94080;99.99
99999E00028241;798;13;8;76608;99.99
99999E00028242;798;13;8;76608;99.99
99999E00028243;1042;17;8;100032;99.99
99999E00028244;920;15;8;88320;99.99
99999E00028257;1100;18;8;105600;99.99
99999E00028269;980;16;8;94080;99.99
99999E00028286;1042;17;8;100032;99.99
99999E00028305;1042;17;8;100032;99.99
99999E00028312;1100;18;8;105600;99.99
99999E00028327;1100;18;8;105600;99.99
99999E00028346;1100;18;8;105600;99.99
99999E00028352;1100;18;8;105600;99.99
99999E00028363;1100;18;8;105600;99.99
99999E00028376;1042;17;8;100032;99.99
99999E00028383;1042;17;8;100032;99.99
99999E00028387;1100;18;8;105600;99.99
99999E00028388;920;15;8;88320;99.99
99999E00028394;920;15;8;88320;99.99
99999E00028397;980;16;8;94080;99.99
99999E00028400;858;14;8;82368;99.99
99999E00028411;920;15;8;88320;99.99
99999E00028412;920;15;8;88320;99.99
99999E00028414;798;13;8;76608;99.99
99999E00028415;1042;17;8;100032;99.99
99999E00028427;1100;18;8;105600;99.99
99999E00028428;2202;18;16;211392;99.99
99999E00028429;1100;18;8;105600;99.99
99999E00028431;920;15;8;88320;99.99
99999E00028439;798;13;8;76608;99.99
99999E00028441;1092;18;8;104832;99.99
99999E00028453;1042;17;8;100032;99.99
99999E00028456;1042;17;8;100032;99.99
99999E00028457;1042;17;8;100032;99.99
99999E00028458;1042;17;8;100032;99.99
99999E00028459;1042;17;8;100032;99.99
99999E00028462;1042;17;8;100032;99.99
99999E00028463;1042;17;8;100032;99.99
99999E00028465;1042;17;8;100032;99.99
99999E00028466;1042;17;8;100032;99.99
99999E00028484;798;13;8;76608;99.99
99999E00028489;858;14;8;82368;99.99
99999E00028492;798;13;8;76608;99.99
99999E00028494;798;13;8;76608;99.99
99999E00028502;1100;18;8;105600;99.99
99999E00028503;858;14;8;82368;99.99
99999E00028504;1100;18;8;105600;99.99
99999E00028508;1100;18;8;105600;99.99
99999E00028510;2145;14;20;205920;99.99
99999E00028514;1100;18;8;105600;99.99
99999E00028531;920;15;8;88320;99.99
99999E00028532;1100;18;8;105600;99.99
99999E00028547;1042;17;8;100032;99.99
99999E00028548;980;16;8;94080;99.99
99999E00028551;1100;18;8;105600;99.99
99999E00028556;1042;17;8;100032;99.99
99999E00028557;1100;18;8;105600;99.99
99999E00028559;1100;18;8;105600;99.99
99999E00028583;1052;18;8;100992;99.99
99999E00028584;920;15;8;88320;99.99
99999E00028588;1100;18;8;105600;99.99
99999E00028589;1100;18;8;105600;99.99
99999E00028590;1042;17;8;100032;99.99
99999E00028594;980;16;8;94080;99.99
99999E00028596;980;16;8;94080;99.99
99999E00028600;1960;16;16;188160;99.99
99999E00028610;858;14;8;82368;99.99
99999E00028614;1100;18;8;105600;99.99
99999E00028622;1472;12;16;141312;99.99
99999E00028624;2145;14;20;205920;99.99
99999E00028642;1716;14;16;164736;99.99
99999E00028648;798;13;8;76608;99.99
99999E00028653;920;15;8;88320;99.99
99999E00028677;1100;18;8;105600;99.99
99999E00028701;1100;18;8;105600;99.99
99999E00028722;1100;18;8;105600;99.99
99999E00028728;1100;18;8;105600;99.99
99999E00028737;1650;18;12;158400;99.99
99999E00028740;858;14;8;82368;99.99
99999E00028747;920;15;8;88320;99.99
99999E00028754;1100;18;8;105600;99.99
99999E00028756;920;15;8;88320;99.99
99999E00028763;858;14;8;82368;99.99
99999E00028768;1505;18;12;144480;99.99
99999E00028769;1650;18;12;158400;99.99
99999E00028773;920;15;8;88320;99.99
99999E00028777;1100;18;8;105600;99.99
99999E00028789;1042;17;8;100032;99.99
99999E00028794;858;14;8;82368;99.99
99999E00028795;858;14;8;82368;99.99
99999E00028806;858;14;8;82368;99.99
99999E00028811;798;13;8;76608;99.99
99999E00028815;1235;16;12;118560;99.99
99999E00028816;920;15;8;88320;99.99
99999E00028821;858;14;8;82368;99.99
99999E00028834;798;13;8;76608;99.99
99999E00028839;980;16;8;94080;99.99
99999E00028849;920;15;8;88320;99.99
99999E00028850;920;15;8;88320;99.99
99999E00028858;858;14;8;82368;99.99
99999E00028862;920;15;8;88320;99.99
99999E00028864;1100;18;8;105600;99.99
99999E00028875;920;15;8;88320;99.99
99999E00028876;1650;18;12;158400;99.99
99999E00028879;920;15;8;88320;99.99
99999E00028884;1716;14;16;164736;99.99
99999E00028899;1042;17;8;100032;99.99
99999E00028906;920;15;8;88320;99.99
99999E00028913;920;15;8;88320;99.99
99999E00028919;920;15;8;88320;99.99
99999E00028923;1100;18;8;105600;99.99
99999E00028924;1100;18;8;105600;99.99
99999E00028926;920;15;8;88320;99.99
99999E00028928;1100;18;8;105600;99.99
99999E00028930;920;15;8;88320;99.99
99999E00028937;858;14;8;82368;99.99
99999E00028941;920;15;8;88320;99.99
99999E00028942;858;14;8;82368;99.99
99999E00028945;980;16;8;94080;99.99
99999E00028946;920;15;8;88320;99.99
99999E00028951;1042;17;8;100032;99.99
99999E00028952;1716;14;16;164736;99.99
99999E00028955;1042;17;8;100032;99.99
99999E00028961;1960;16;16;188160;99.99
99999E00028963;1100;18;8;105600;99.99
99999E00028965;1563;17;12;150048;99.99
99999E00028968;916;15;8;87936;99.99
99999E00028973;1650;18;12;158400;99.99
99999E00028974;920;15;8;88320;99.99
99999E00028977;1100;18;8;105600;99.99
99999E00028983;920;15;8;88320;99.99
99999E00028986;1100;18;8;105600;99.99
99999E00029002;920;15;8;88320;99.99
99999E00029007;1100;18;8;105600;99.99
99999E00029008;1100;18;8;105600;99.99
99999E00029010;920;15;8;88320;99.99
99999E00029016;920;15;8;88320;99.99
99999E00029017;920;15;8;88320;99.99
99999E00029019;1100;18;8;105600;99.99
99999E00029022;858;14;8;82368;99.99
99999E00029023;2200;18;16;211200;99.99
99999E00029035;798;13;8;76608;99.99
99999E00029042;1227;18;8;117792;99.99
99999E00029045;1100;18;8;105600;99.99
99999E00029050;920;15;8;88320;99.99
99999E00029071;798;13;8;76608;99.99
99999E00029072;798;13;8;76608;99.99
99999E00029073;798;13;8;76608;99.99
99999E00029086;1100;18;8;105600;99.99
99999E00029096;920;15;8;88320;99.99
99999E00029097;858;14;8;82368;99.99
99999E00029105;920;15;8;88320;99.99
99999E00029111;812;14;8;77952;99.99
99999E00029120;920;15;8;88320;99.99
99999E00029137;1100;18;8;105600;99.99
99999E00029139;1042;17;8;100032;99.99
99999E00029144;1100;18;8;105600;99.99
99999E00029147;798;13;8;76608;99.99
99999E00029153;920;15;8;88320;99.99
99999E00029154;920;15;8;88320;99.99
99999E00029156;1100;18;8;105600;99.99
99999E00029158;980;16;8;94080;99.99
99999E00029159;980;16;8;94080;99.99
99999E00029164;1042;17;8;100032;99.99
99999E00029165;1042;17;8;100032;99.99
99999E00029166;1042;17;8;100032;99.99
99999E00029167;1042;17;8;100032;99.99
99999E00029170;920;15;8;88320;99.99
99999E00029171;1100;18;8;105600;99.99
99999E00029172;920;15;8;88320;99.99
99999E00029173;920;15;8;88320;99.99
99999E00029181;1042;17;8;100032;99.99
99999E00029182;1100;18;8;105600;99.99
99999E00029186;1100;18;8;105600;99.99
99999E00029189;798;13;8;76608;99.99
99999E00029194;1100;18;8;105600;99.99
99999E00029207;1050;17;8;100800;99.99
99999E00029211;920;15;8;88320;99.99
99999E00029213;2036;18;16;195456;99.99
99999E00029221;1100;18;8;105600;99.99
99999E00029224;1100;18;8;105600;99.99
99999E00029225;1042;17;8;100032;99.99
99999E00029226;1100;18;8;105600;99.99
99999E00029227;798;13;8;76608;99.99
99999E00029231;1100;18;8;105600;99.99
99999E00029234;1100;18;8;105600;99.99
99999E00029241;2450;16;20;235200;99.99
99999E00029246;1042;17;8;100032;99.99
99999E00029250;1100;18;8;105600;99.99
99999E00029259;1100;18;8;105600;99.99
99999E00029270;1100;18;8;105600;99.99
99999E00029277;980;16;8;94080;99.99
99999E00029288;1100;18;8;105600;99.99
99999E00029292;1151;18;8;110496;99.99
99999E00029297;2300;15;20;220800;99.99
99999E00029298;920;15;8;88320;99.99
99999E00029299;920;15;8;88320;99.99
99999E00029306;798;13;8;76608;99.99
99999E00029313;1100;18;8;105600;99.99
99999E00029326;980;16;8;94080;99.99
99999E00029327;858;14;8;82368;99.99
99999E00029338;920;15;8;88320;99.99
99999E00029339;1650;18;12;158400;99.99
99999E00029374;1100;18;8;105600;99.99
99999E00029392;1100;18;8;105600;99.99
99999E00029397;1100;18;8;105600;99.99
99999E00029399;1563;17;12;150048;99.99
99999E00029411;2200;18;16;211200;99.99
99999E00029412;920;15;8;88320;99.99
99999E00029413;1100;18;8;105600;99.99
99999E00029415;1100;18;8;105600;99.99
99999E00029416;1100;18;8;105600;99.99
99999E00029440;858;14;8;82368;99.99
99999E00029442;1042;17;8;100032;99.99
99999E00029443;1042;17;8;100032;99.99
99999E00029449;1100;18;8;105600;99.99
99999E00029450;1100;18;8;105600;99.99
99999E00029456;1100;18;8;105600;99.99
99999E00029458;1100;18;8;105600;99.99
99999E00029465;2084;17;16;200064;99.99
99999E00029473;1042;17;8;100032;99.99
99999E00029474;1042;17;8;100032;99.99
99999E00029475;920;15;8;88320;99.99
99999E00029477;858;14;8;82368;99.99
99999E00029478;920;15;8;88320;99.99
99999E00029481;1100;18;8;105600;99.99
99999E00029488;1100;18;8;105600;99.99
99999E00029489;1100;18;8;105600;99.99
99999E00029498;1100;18;8;105600;99.99
99999E00029499;1100;18;8;105600;99.99
99999E00029503;858;14;8;82368;99.99
99999E00029504;858;14;8;82368;99.99
99999E00029507;858;14;8;82368;99.99
99999E00029517;1100;18;8;105600;99.99
99999E00029518;1100;18;8;105600;99.99
99999E00029523;1100;18;8;105600;99.99
99999E00029524;1100;18;8;105600;99.99
99999E00029529;1100;18;8;105600;99.99
99999E00029535;920;15;8;88320;99.99
99999E00029544;858;14;8;82368;99.99
99999E00029563;858;14;8;82368;99.99
99999E00029570;1100;18;8;105600;99.99
99999E00029572;1650;18;12;158400;99.99
99999E00029574;1042;17;8;100032;99.99
99999E00029578;1100;18;8;105600;99.99
99999E00029583;1100;18;8;105600;99.99
99999E00029587;1100;18;8;105600;99.99
99999E00029588;1100;18;8;105600;99.99
99999E00029589;920;15;8;88320;99.99
99999E00029591;858;14;8;82368;99.99
99999E00029604;2200;18;16;211200;99.99
99999E00029606;858;14;8;82368;99.99
99999E00029609;1314;18;8;126144;99.99
99999E00029612;858;14;8;82368;99.99
99999E00029636;858;14;8;82368;99.99
99999E00029658;980;16;8;94080;99.99
99999E00029660;1100;18;8;105600;99.99
99999E00029668;1100;18;8;105600;99.99
99999E00029675;1042;17;8;100032;99.99
99999E00029685;920;15;8;88320;99.99
99999E00029691;1100;18;8;105600;99.99
99999E00029702;1042;17;8;100032;99.99
99999E00029711;1100;18;8;105600;99.99
99999E00029713;980;16;8;94080;99.99
99999E00029716;1100;18;8;105600;99.99
99999E00029718;1100;18;8;105600;99.99
99999E00029721;920;15;8;88320;99.99
99999E00029722;1100;18;8;105600;99.99
99999E00029723;980;16;8;94080;99.99
99999E00029733;1840;15;16;176640;99.99
99999E00029736;1100;18;8;105600;99.99
99999E00029737;1840;15;16;176640;99.99
99999E00029739;1100;18;8;105600;99.99
99999E00029743;980;16;8;94080;99.99
99999E00029744;920;15;8;88320;99.99
99999E00029745;1100;18;8;105600;99.99
99999E00029749;1650;18;16;158400;99.99
99999E00029752;920;15;8;88320;99.99
99999E00029753;1042;17;8;100032;99.99
99999E00029767;920;15;8;88320;99.99
99999E00029772;920;15;8;88320;99.99
99999E00029782;1100;18;8;105600;99.99
99999E00029783;920;15;8;88320;99.99
99999E00029788;1100;18;8;105600;99.99
99999E00029789;1100;18;8;105600;99.99
99999E00029791;1100;18;8;105600;99.99
99999E00029794;1100;18;8;105600;99.99
99999E00029804;1650;18;12;158400;99.99
99999E00029806;920;15;8;88320;99.99
99999E00029807;1100;18;8;105600;99.99
99999E00029808;1100;18;8;105600;99.99
99999E00029812;1100;18;8;105600;99.99
99999E00029813;1100;18;8;105600;99.99
99999E00029816;1100;18;8;105600;99.99
99999E00029818;1100;18;8;105600;99.99
99999E00029821;1100;18;8;105600;99.99
99999E00029822;1100;18;8;105600;99.99
99999E00029823;1100;18;8;105600;99.99
99999E00029824;1042;17;8;100032;99.99
99999E00029825;920;15;8;88320;99.99
99999E00029830;1650;18;12;158400;99.99
99999E00029831;1100;18;8;105600;99.99
99999E00029833;980;16;8;94080;99.99
99999E00029835;1042;17;8;100032;99.99
99999E00029836;1042;17;8;100032;99.99
99999E00029837;920;15;8;88320;99.99
99999E00029838;1650;18;12;158400;99.99
99999E00029841;858;14;8;82368;99.99
99999E00029842;1716;14;16;164736;99.99
99999E00029847;980;16;8;94080;99.99
99999E00029849;798;13;8;76608;99.99
99999E00029857;980;16;8;94080;99.99
99999E00029859;980;16;8;94080;99.99
99999E00029860;980;16;8;94080;99.99
99999E00029869;1100;18;8;105600;99.99
99999E00029873;858;14;8;82368;99.99
99999E00029874;858;14;8;82368;99.99
99999E00029875;858;14;8;82368;99.99
99999E00029876;858;14;8;82368;99.99
99999E00029879;920;15;8;88320;99.99
99999E00029883;858;14;8;82368;99.99
99999E00029894;1100;18;8;105600;99.99
99999E00029895;1100;18;8;105600;99.99
99999E00029899;980;16;8;94080;99.99
99999E00029906;920;15;8;88320;99.99
99999E00029907;980;16;8;94080;99.99
99999E00029912;980;16;8;94080;99.99
99999E00029916;920;15;8;88320;99.99
99999E00029923;920;15;8;88320;99.99
99999E00029925;920;15;8;88320;99.99
99999E00029926;920;15;8;88320;99.99
99999E00029934;1100;18;8;105600;99.99
99999E00029936;980;16;8;94080;99.99
99999E00029937;920;15;8;88320;99.99
99999E00029939;858;14;8;82368;99.99
99999E00029941;1100;18;8;105600;99.99
99999E00029958;1650;18;12;158400;99.99
99999E00029963;920;15;8;88320;99.99
99999E00029964;920;15;8;88320;99.99
99999E00029967;1042;17;8;100032;99.99
99999E00029972;1100;18;8;105600;99.99
99999E00029973;1100;18;8;105600;99.99
99999E00029976;1100;18;8;105600;99.99
99999E00029979;1100;18;8;105600;99.99
99999E00029980;920;15;8;88320;99.99
99999E00029987;1100;18;8;105600;99.99
99999E00029988;1100;18;8;105600;99.99
99999E00030002;980;16;8;94080;99.99
99999E00030007;1100;18;8;105600;99.99
99999E00030022;1100;18;8;105600;99.99
99999E00030026;798;13;8;76608;99.99
99999E00030035;920;15;8;88320;99.99
99999E00030037;1100;18;8;105600;99.99
99999E00030045;1100;18;8;105600;99.99
99999E00030047;980;16;8;94080;99.99
99999E00030049;1100;18;8;105600;99.99
99999E00030051;1042;17;8;100032;99.99
99999E00030054;1100;18;8;105600;99.99
99999E00030068;1100;18;8;105600;99.99
99999E00030069;1770;18;16;169920;99.99
99999E00030074;1042;17;8;100032;99.99
99999E00030076;1042;17;8;100032;99.99
99999E00030080;920;15;8;88320;99.99
99999E00030085;980;16;8;94080;99.99
99999E00030098;1100;18;8;105600;99.99
99999E00030100;1100;18;8;105600;99.99
99999E00030103;1716;14;16;164736;99.99
99999E00030105;980;16;8;94080;99.99
99999E00030114;1716;14;16;164736;99.99
99999E00030122;1100;18;8;105600;99.99
99999E00030123;1100;18;8;105600;99.99
99999E00030124;1650;18;12;158400;99.99
99999E00030125;1100;18;8;105600;99.99
99999E00030126;1100;18;8;105600;99.99
99999E00030131;858;14;8;82368;99.99
99999E00030132;1100;18;8;105600;99.99
99999E00030133;1100;18;8;105600;99.99
99999E00030134;1100;18;8;105600;99.99
99999E00030146;980;16;8;94080;99.99
99999E00030148;1100;18;8;105600;99.99
99999E00030149;980;16;8;94080;99.99
99999E00030151;858;14;8;82368;99.99
99999E00030155;1100;18;8;105600;99.99
99999E00030158;798;13;8;76608;99.99
99999E00030165;1100;18;8;105600;99.99
99999E00030171;920;15;8;88320;99.99
99999E00030177;858;14;8;82368;99.99
99999E00030180;1020;17;8;97920;99.99
99999E00030183;2780;18;20;266880;99.99
99999E00030187;1100;18;8;105600;99.99
99999E00030193;858;14;8;82368;99.99
99999E00030197;858;14;8;82368;99.99
99999E00030198;980;16;8;94080;99.99
99999E00030213;1100;18;8;105600;99.99
99999E00030229;1042;17;8;100032;99.99
99999E00030233;1716;14;16;164736;99.99
99999E00030248;1100;18;8;105600;99.99
99999E00030256;1100;18;8;105600;99.99
99999E00030263;1100;18;8;105600;99.99
99999E00030264;798;13;8;76608;99.99
99999E00030270;1100;18;8;105600;99.99
99999E00030271;1100;18;8;105600;99.99
99999E00030275;980;16;8;94080;99.99
99999E00030277;920;15;8;88320;99.99
99999E00030281;1042;17;8;100032;99.99
99999E00030283;1100;18;8;105600;99.99
99999E00030286;1100;18;8;105600;99.99
99999E00030289;1100;18;8;105600;99.99
99999E00030290;980;16;8;94080;99.99
99999E00030291;1084;18;8;104064;99.99
99999E00030310;1650;18;12;158400;99.99
99999E00030315;1100;18;8;105600;99.99
99999E00030323;920;15;8;88320;99.99
99999E00030325;980;16;8;94080;99.99
99999E00030328;798;13;8;76608;99.99
99999E00030335;1100;18;8;105600;99.99
99999E00030348;980;16;8;94080;99.99
99999E00030350;980;16;8;94080;99.99
99999E00030355;1100;18;8;105600;99.99
99999E00030359;1100;18;8;105600;99.99
99999E00030361;1100;18;8;105600;99.99
99999E00030365;1100;18;8;105600;99.99
99999E00030366;1100;18;8;105600;99.99
99999E00030371;1100;18;8;105600;99.99
99999E00030372;1100;18;8;105600;99.99
99999E00030374;1100;18;8;105600;99.99
99999E00030384;1100;18;8;105600;99.99
99999E00030387;1100;18;8;105600;99.99
99999E00030389;1042;17;8;100032;99.99
99999E00030390;1100;18;8;105600;99.99
99999E00030391;1100;18;8;105600;99.99
99999E00030405;920;15;8;88320;99.99
99999E00030406;920;15;8;88320;99.99
99999E00030407;1100;18;8;105600;99.99
99999E00030409;980;16;8;94080;99.99
99999E00030410;980;16;8;94080;99.99
99999E00030411;980;16;8;94080;99.99
99999E00030415;1100;18;8;105600;99.99
99999E00030422;1100;18;8;105600;99.99
99999E00030429;980;16;8;94080;99.99
99999E00030433;1042;17;8;100032;99.99
99999E00030437;1100;18;8;105600;99.99
99999E00030438;1100;18;8;105600;99.99
99999E00030440;1100;18;8;105600;99.99
99999E00030442;1100;18;8;105600;99.99
99999E00030443;1100;18;8;105600;99.99
99999E00030445;798;13;8;76608;99.99
99999E00030454;1840;15;16;176640;99.99
99999E00030458;1042;17;8;100032;99.99
99999E00030459;1100;18;8;105600;99.99
99999E00030480;1100;18;8;105600;99.99
99999E00030481;1100;18;8;105600;99.99
99999E00030486;1100;18;8;105600;99.99
99999E00030487;1100;18;8;105600;99.99
99999E00030492;1100;18;8;105600;99.99
99999E00030496;858;14;8;82368;99.99
99999E00030498;1100;18;8;105600;99.99
99999E00030500;1042;17;8;100032;99.99
99999E00030501;858;14;8;82368;99.99
99999E00030503;1042;17;8;100032;99.99
99999E00030508;1100;18;8;105600;99.99
99999E00030509;858;14;8;82368;99.99
99999E00030512;2145;14;20;205920;99.99
99999E00030515;1100;18;8;105600;99.99
99999E00030517;920;15;8;88320;99.99
99999E00030518;920;15;8;88320;99.99
99999E00030527;1100;18;8;105600;99.99
99999E00030528;1100;18;8;105600;99.99
99999E00030530;1100;18;8;105600;99.99
99999E00030532;980;16;8;94080;99.99
99999E00030533;798;13;8;76608;99.99
99999E00030537;1042;17;8;100032;99.99
99999E00030540;1650;18;12;158400;99.99
99999E00030547;1100;18;8;105600;99.99
99999E00030549;920;15;8;88320;99.99
99999E00030551;1100;18;8;105600;99.99
99999E00030554;1100;18;8;105600;99.99
99999E00030565;1100;18;8;105600;99.99
99999E00030573;1100;18;8;105600;99.99
99999E00030576;1042;17;8;100032;99.99
99999E00030577;980;16;8;94080;99.99
99999E00030581;920;15;8;88320;99.99
99999E00030582;1100;18;8;105600;99.99
99999E00030586;920;15;8;88320;99.99
99999E00030587;980;16;8;94080;99.99
99999E00030588;920;15;8;88320;99.99
99999E00030589;1100;18;8;105600;99.99
99999E00030595;1100;18;8;105600;99.99
99999E00030597;1100;18;8;105600;99.99
99999E00030599;858;14;8;82368;99.99
99999E00030602;920;15;8;88320;99.99
99999E00030611;920;15;8;88320;99.99
99999E00030618;980;16;8;94080;99.99
99999E00030622;1100;18;8;105600;99.99
99999E00030631;1100;18;8;105600;99.99
99999E00030632;1650;18;12;158400;99.99
99999E00030634;1100;18;8;105600;99.99
99999E00030641;1042;17;8;100032;99.99
99999E00030642;1100;18;8;105600;99.99
99999E00030647;858;14;8;82368;99.99
99999E00030653;1563;17;12;150048;99.99
99999E00030670;1100;18;8;105600;99.99
99999E00030675;1042;17;8;100032;99.99
99999E00030676;980;16;8;94080;99.99
99999E00030677;1042;17;8;100032;99.99
99999E00030678;980;16;8;94080;99.99
99999E00030679;920;15;8;88320;99.99
99999E00030680;920;15;8;88320;99.99
99999E00030681;1100;18;8;105600;99.99
99999E00030683;1100;18;8;105600;99.99
99999E00030688;798;13;8;76608;99.99
99999E00030694;1100;18;8;105600;99.99
99999E00030697;1100;18;8;105600;99.99
99999E00030698;1100;18;8;105600;99.99
99999E00030700;1100;18;8;105600;99.99
99999E00030714;1100;18;8;105600;99.99
99999E00030715;920;15;8;88320;99.99
99999E00030726;1100;18;8;105600;99.99
99999E00030753;1042;17;8;100032;99.99
99999E00030754;798;13;8;76608;99.99
99999E00030769;1100;18;8;105600;99.99
99999E00030789;920;15;8;88320;99.99
99999E00030790;858;14;8;82368;99.99
99999E00030794;858;14;8;82368;99.99
99999E00030797;1100;18;8;105600;99.99
99999E00030814;1100;18;8;105600;99.99
99999E00030826;980;16;8;94080;99.99
99999E00030829;1100;18;8;105600;99.99
99999E00030832;920;15;8;88320;99.99
99999E00030835;2200;18;16;211200;99.99
99999E00030838;1100;18;8;105600;99.99
99999E00030842;980;16;8;94080;99.99
99999E00030843;1042;17;8;100032;99.99
99999E00030844;980;16;8;94080;99.99
99999E00030848;920;15;8;88320;99.99
99999E00030850;980;16;8;94080;99.99
99999E00030861;1100;18;8;105600;99.99
99999E00030863;1100;18;8;105600;99.99
99999E00030878;1100;18;8;105600;99.99
99999E00030883;1100;18;8;105600;99.99
99999E00030894;820;14;8;78720;99.99
99999E00030903;980;16;8;94080;99.99
99999E00030915;1650;18;12;158400;99.99
99999E00030919;1716;14;16;164736;99.99
99999E00030920;1100;18;8;105600;99.99
99999E00030921;798;13;8;76608;99.99
99999E00030922;1650;18;12;158400;99.99
99999E00030926;1100;18;8;105600;99.99
99999E00030928;1100;18;8;105600;99.99
99999E00030938;1100;18;8;105600;99.99
99999E00030939;1100;18;8;105600;99.99
99999E00030942;1042;17;8;100032;99.99
99999E00030944;1100;18;8;105600;99.99
99999E00030952;1100;18;8;105600;99.99
99999E00030953;1100;18;8;105600;99.99
99999E00030956;1100;18;16;105600;99.98
99999E00030957;1042;17;8;100032;99.99
99999E00030958;1100;18;8;105600;99.99
99999E00030959;1100;18;8;105600;99.99
99999E00030970;1100;18;8;105600;99.99
99999E00030974;920;15;8;88320;99.99
99999E00030988;1100;18;8;105600;99.99
99999E00030994;858;14;8;82368;99.99
99999E00030995;980;16;8;94080;99.99
99999E00031005;1100;18;8;105600;99.99
99999E00031012;858;14;8;82368;99.99
99999E00031016;858;14;8;82368;99.99
99999E00031022;1650;18;12;158400;99.99
99999E00031034;858;14;8;82368;99.99
99999E00031042;1100;18;8;105600;99.99
99999E00031063;858;14;8;82368;99.99
99999E00031066;858;14;8;82368;99.99
99999E00031071;858;14;8;82368;99.99
99999E00031074;920;15;8;88320;99.99
99999E00031081;920;15;8;88320;99.99
99999E00031082;980;16;8;94080;99.99
99999E00031083;1100;18;8;105600;99.99
99999E00031084;1650;18;12;158400;99.99
99999E00031085;798;13;8;76608;99.99
99999E00031088;920;15;8;88320;99.99
99999E00031089;740;13;8;71040;99.99
99999E00031093;920;15;8;88320;99.99
99999E00031098;1100;18;8;105600;99.99
99999E00031102;920;15;8;88320;99.99
99999E00031112;920;15;8;88320;99.99
99999E00031122;858;14;8;82368;99.99
99999E00031123;920;15;8;88320;99.99
99999E00031128;1100;18;8;105600;99.99
99999E00031130;1100;18;8;105600;99.99
99999E00031131;1100;18;8;105600;99.99
99999E00031136;858;14;8;82368;99.99
99999E00031138;920;15;8;88320;99.99
99999E00031143;858;14;8;82368;99.99
99999E00031144;1960;16;16;188160;99.99
99999E00031148;1042;17;8;100032;99.99
99999E00031155;1042;17;8;100032;99.99
99999E00031162;1100;18;8;105600;99.99
99999E00031163;1100;18;8;105600;99.99
99999E00031169;798;13;8;76608;99.99
99999E00031170;1100;18;8;105600;99.99
99999E00031172;980;16;8;94080;99.99
99999E00031173;980;16;8;94080;99.99
99999E00031174;980;16;8;94080;99.99
99999E00031175;980;16;8;94080;99.99
99999E00031185;920;15;8;88320;99.99
99999E00031188;2145;14;20;205920;99.99
99999E00031191;920;15;8;88320;99.99
99999E00031193;858;14;8;82368;99.99
99999E00031194;1100;18;8;105600;99.99
99999E00031202;1100;18;8;105600;99.99
99999E00031218;1992;14;20;191232;99.99
99999E00031219;858;14;8;82368;99.99
99999E00031223;980;16;8;94080;99.99
99999E00031226;1100;18;8;105600;99.99
99999E00031227;1100;18;8;105600;99.99
99999E00031233;1100;18;8;105600;99.99
99999E00031235;1100;18;8;105600;99.99
99999E00031242;1042;17;8;100032;99.99
99999E00031258;1100;18;8;105600;99.99
99999E00031264;980;16;8;94080;99.99
99999E00031269;1100;18;8;105600;99.99
99999E00031282;2216;18;16;212736;99.99
99999E00031289;1042;17;8;100032;99.99
99999E00031296;1100;18;8;105600;99.99
99999E00031300;1100;18;8;105600;99.99
99999E00031303;1042;17;8;100032;99.99
99999E00031304;1100;18;16;105600;99.98
99999E00031306;1042;17;8;100032;99.99
99999E00031307;1042;17;8;100032;99.99
99999E00031309;920;15;8;88320;99.99
99999E00031312;1100;18;8;105600;99.99
99999E00031320;1100;18;8;105600;99.99
99999E00031329;858;14;8;82368;99.99
99999E00031336;1563;17;12;150048;99.99
99999E00031340;1100;18;8;105600;99.99
99999E00031343;1100;18;8;105600;99.99
99999E00031347;1100;18;8;105600;99.99
99999E00031359;1100;18;8;105600;99.99
99999E00031360;1100;18;8;105600;99.99
99999E00031369;1716;14;16;164736;99.99
99999E00031370;1472;12;16;141312;99.99
99999E00031372;858;14;8;82368;99.99
99999E00031374;798;13;8;76608;99.99
99999E00031376;858;14;8;82368;99.99
99999E00031377;858;14;8;82368;99.99
99999E00031378;920;15;8;88320;99.99
99999E00031379;980;16;8;94080;99.99
99999E00031381;858;14;8;82368;99.99
99999E00031382;858;14;8;82368;99.99
99999E00031385;980;16;8;94080;99.99
99999E00031386;858;14;8;82368;99.99
99999E00031387;858;14;8;82368;99.99
99999E00031388;1042;17;8;100032;99.99
99999E00031389;980;16;8;94080;99.99
99999E00031393;1716;14;16;164736;99.99
99999E00031394;920;15;8;88320;99.99
99999E00031425;920;15;8;88320;99.99
99999E00031426;920;15;8;88320;99.99
99999E00031432;858;14;8;82368;99.99
99999E00031433;858;14;8;82368;99.99
99999E00031434;858;14;8;82368;99.99
99999E00031435;980;16;8;94080;99.99
99999E00031446;1100;18;8;105600;99.99
99999E00031452;980;16;8;94080;99.99
99999E00031463;980;16;8;94080;99.99
99999E00031482;920;15;8;88320;99.99
99999E00031490;1100;18;8;105600;99.99
99999E00031497;1042;17;8;100032;99.99
99999E00031498;1100;18;8;105600;99.99
99999E00031499;920;15;8;88320;99.99
99999E00031508;1100;18;8;105600;99.99
99999E00031518;1042;17;8;100032;99.99
99999E00031542;980;16;8;94080;99.99
99999E00031543;920;15;8;88320;99.99
99999E00031544;1042;17;8;100032;99.99
99999E00031558;1650;18;12;158400;99.99
99999E00031566;1100;18;8;105600;99.99
99999E00031570;1100;18;16;105600;99.98
99999E00031583;858;14;8;82368;99.99
99999E00031610;1100;18;8;105600;99.99
99999E00031612;1100;18;8;105600;99.99
99999E00031613;920;15;8;88320;99.99
99999E00031618;1100;18;8;105600;99.99
99999E00031626;1100;18;8;105600;99.99
99999E00031639;1151;18;8;110496;99.99
99999E00031651;1100;18;8;105600;99.99
99999E00031652;858;14;8;82368;99.99
99999E00031656;1100;18;8;105600;99.99
99999E00031669;980;16;8;94080;99.99
99999E00031672;858;14;8;82368;99.99
99999E00031679;1100;18;8;105600;99.99
99999E00031692;920;15;8;88320;99.99
99999E00031700;1650;18;12;158400;99.99
99999E00031701;858;14;8;82368;99.99
99999E00031702;980;16;8;94080;99.99
99999E00031703;980;16;8;94080;99.99
99999E00031704;980;16;8;94080;99.99
99999E00031705;1470;16;12;141120;99.99
99999E00031714;980;16;8;94080;99.99
99999E00031715;980;16;8;94080;99.99
99999E00031717;1100;18;8;105600;99.99
99999E00031718;1100;18;8;105600;99.99
99999E00031725;1100;18;8;105600;99.99
99999E00031729;1100;18;8;105600;99.99
99999E00031733;1650;18;12;158400;99.99
99999E00031750;1100;18;8;105600;99.99
99999E00031755;1100;18;8;105600;99.99
99999E00031756;1100;18;8;105600;99.99
99999E00031760;980;16;8;94080;99.99
99999E00031761;1100;18;8;105600;99.99
99999E00031763;1100;18;8;105600;99.99
99999E00031778;858;14;8;82368;99.99
99999E00031797;1100;18;8;105600;99.99
99999E00031800;798;13;8;76608;99.99
99999E00031807;1100;18;8;105600;99.99
99999E00031808;920;15;8;88320;99.99
99999E00031809;1042;17;8;100032;99.99
99999E00031817;858;14;8;82368;99.99
99999E00031821;1100;18;8;105600;99.99
99999E00031823;1100;18;8;105600;99.99
99999E00031834;920;15;8;88320;99.99
99999E00031837;1100;18;8;105600;99.99
99999E00031838;1100;18;8;105600;99.99
99999E00031839;1100;18;8;105600;99.99
99999E00031840;1100;18;12;105600;99.99
99999E00031841;1100;18;8;105600;99.99
99999E00031843;1100;18;8;105600;99.99
99999E00031849;1100;18;8;105600;99.99
99999E00031851;1100;18;8;105600;99.99
99999E00031852;1100;18;8;105600;99.99
99999E00031861;1100;18;8;105600;99.99
99999E00031864;1100;18;8;105600;99.99
99999E00031871;858;14;8;82368;99.99
99999E00031873;1100;18;8;105600;99.99
99999E00031874;980;16;8;94080;99.99
99999E00031875;980;16;8;94080;99.99
99999E00031885;1716;14;16;164736;99.99
99999E00031886;1716;14;16;164736;99.99
99999E00031910;1100;18;8;105600;99.99
99999E00031914;980;16;8;94080;99.99
99999E00031915;858;14;8;82368;99.99
99999E00031930;1100;18;8;105600;99.99
99999E00031931;1100;18;8;105600;99.99
99999E00031942;980;16;8;94080;99.99
99999E00031945;1100;18;8;105600;99.99
99999E00031946;1100;18;8;105600;99.99
99999E00031952;1100;18;8;105600;99.99
99999E00031953;798;13;8;76608;99.99
99999E00031955;920;15;8;88320;99.99
99999E00031964;1100;18;8;105600;99.99
99999E00031966;1100;18;8;105600;99.99
99999E00031969;920;15;8;88320;99.99
99999E00031971;980;16;8;94080;99.99
99999E00031979;920;15;8;88320;99.99
99999E00031980;1100;18;8;105600;99.99
99999E00031993;1100;18;8;105600;99.99
99999E00032000;980;16;8;94080;99.99
99999E00032020;980;16;8;94080;99.99
99999E00032021;858;14;8;82368;99.99
99999E00032022;858;14;8;82368;99.99
99999E00032033;920;15;8;88320;99.99
99999E00032034;1840;15;16;176640;99.99
99999E00032047;1100;18;8;105600;99.99
99999E00032062;1100;18;8;105600;99.99
99999E00032066;1100;18;8;105600;99.99
99999E00032068;920;15;8;88320;99.99
99999E00032087;1100;18;8;105600;99.99
99999E00032089;798;13;8;76608;99.99
99999E00032096;1100;18;8;105600;99.99
99999E00032098;798;13;8;76608;99.99
99999E00032099;980;16;8;94080;99.99
99999E00032100;920;15;8;88320;99.99
99999E00032109;1100;18;8;105600;99.99
99999E00032110;1100;18;8;105600;99.99
99999E00032116;1100;18;8;105600;99.99
99999E00032121;798;13;8;76608;99.99
99999E00032122;2084;17;16;200064;99.99
99999E00032132;1100;18;8;105600;99.99
99999E00032136;1716;14;16;164736;99.99
99999E00032152;1100;18;8;105600;99.99
99999E00032155;1100;18;8;105600;99.99
99999E00032161;1100;18;8;105600;99.99
99999E00032169;1100;18;8;105600;99.99
99999E00032173;1042;17;8;100032;99.99
99999E00032177;798;13;8;76608;99.99
99999E00032179;980;16;8;94080;99.99
99999E00032180;1042;17;8;100032;99.99
99999E00032181;858;14;8;82368;99.99
99999E00032182;920;15;8;88320;99.99
99999E00032183;798;13;8;76608;99.99
99999E00032208;1100;18;8;105600;99.99
99999E00032214;1100;18;8;105600;99.99
99999E00032220;858;14;8;82368;99.99
99999E00032228;1650;18;12;158400;99.99
99999E00032234;2200;18;16;211200;99.99
99999E00032237;1042;17;8;100032;99.99
99999E00032238;920;15;8;88320;99.99
99999E00032242;980;16;8;94080;99.99
99999E00032260;798;13;8;76608;99.99
99999E00032264;1100;18;8;105600;99.99
99999E00032265;980;16;8;94080;99.99
99999E00032267;798;13;8;76608;99.99
99999E00032278;1042;17;8;100032;99.99
99999E00032282;1042;17;8;100032;99.99
99999E00032283;1100;18;8;105600;99.99
99999E00032288;1100;18;8;105600;99.99
99999E00032289;1100;18;8;105600;99.99
99999E00032291;1100;18;8;105600;99.99
99999E00032294;968;16;8;92928;99.99
99999E00032298;798;13;8;76608;99.99
99999E00032299;918;15;8;88128;99.99
99999E00032300;2750;18;20;264000;99.99
99999E00032302;920;15;8;88320;99.99
99999E00032303;798;13;8;76608;99.99
99999E00032308;1100;18;8;105600;99.99
99999E00032317;1100;18;8;105600;99.99
99999E00032321;1042;17;8;100032;99.99
99999E00032330;2750;18;20;264000;99.99
99999E00032341;1042;17;8;100032;99.99
99999E00032343;1100;18;8;105600;99.99
99999E00032346;920;15;8;88320;99.99
99999E00032347;980;16;8;94080;99.99
99999E00032349;1100;18;8;105600;99.99
99999E00032358;798;13;8;76608;99.99
99999E00032367;1042;17;8;100032;99.99
99999E00032370;1100;18;8;105600;99.99
99999E00032374;1042;17;8;100032;99.99
99999E00032377;980;16;8;94080;99.99
99999E00032380;1100;18;8;105600;99.99
99999E00032385;920;15;8;88320;99.99
99999E00032389;888;16;8;85248;99.99
99999E00032390;1042;17;8;100032;99.99
99999E00032392;1716;14;16;164736;99.99
99999E00032393;1960;16;16;188160;99.99
99999E00032399;1100;18;8;105600;99.99
99999E00032400;980;16;8;94080;99.99
99999E00032401;980;16;8;94080;99.99
99999E00032405;1960;16;16;188160;99.99
99999E00032410;1042;17;8;100032;99.99
99999E00032420;858;14;8;82368;99.99
99999E00032422;1100;18;8;105600;99.99
99999E00032423;920;15;8;88320;99.99
99999E00032424;920;15;8;88320;99.99
99999E00032429;858;14;8;82368;99.99
99999E00032437;1100;18;8;105600;99.99
99999E00032439;980;16;8;94080;99.99
99999E00032445;1840;15;16;176640;99.99
99999E00032447;1100;18;8;105600;99.99
99999E00032451;920;15;8;88320;99.99
99999E00032454;858;14;8;82368;99.99
99999E00032455;1716;14;16;164736;99.99
99999E00032461;980;16;8;94080;99.99
99999E00032462;920;15;8;88320;99.99
99999E00032463;2145;14;20;205920;99.99
99999E00032468;1716;14;16;164736;99.99
99999E00032471;832;14;8;79872;99.99
99999E00032472;1100;18;8;105600;99.99
99999E00032481;858;14;8;82368;99.99
99999E00032482;1840;15;16;176640;99.99
99999E00032490;920;15;8;88320;99.99
99999E00032491;920;15;8;88320;99.99
99999E00032492;980;16;8;94080;99.99
99999E00032499;1042;17;8;100032;99.99
99999E00032500;980;16;8;94080;99.99
99999E00032502;858;14;8;82368;99.99
99999E00032504;980;16;8;94080;99.99
99999E00032505;798;13;8;76608;99.99
99999E00032510;920;15;8;88320;99.99
99999E00032517;1100;18;8;105600;99.99
99999E00032519;1100;18;8;105600;99.99
99999E00032523;858;14;8;82368;99.99
99999E00032524;1100;18;8;105600;99.99
99999E00032525;858;14;8;82368;99.99
99999E00032531;920;15;8;88320;99.99
99999E00032532;1100;18;8;105600;99.99
99999E00032535;858;14;8;82368;99.99
99999E00032538;980;16;8;94080;99.99
99999E00032552;1042;17;8;100032;99.99
99999E00032553;1042;17;8;100032;99.99
99999E00032558;1100;18;8;105600;99.99
99999E00032566;920;15;8;88320;99.99
99999E00032575;1100;18;8;105600;99.99
99999E00032578;1100;18;8;105600;99.99
99999E00032582;1042;17;8;100032;99.99
99999E00032586;980;16;8;94080;99.99
99999E00032587;920;15;8;88320;99.99
99999E00032588;1042;17;8;100032;99.99
99999E00032590;798;13;8;76608;99.99
99999E00032591;1100;18;8;105600;99.99
99999E00032600;858;14;8;82368;99.99
99999E00032606;1042;17;8;100032;99.99
99999E00032607;1100;18;8;105600;99.99
99999E00032608;1100;18;8;105600;99.99
99999E00032613;898;15;8;86208;99.99
99999E00032615;920;15;8;88320;99.99
99999E00032616;980;16;8;94080;99.99
99999E00032625;1100;18;8;105600;99.99
99999E00032630;1100;18;8;105600;99.99
99999E00032631;1100;18;8;105600;99.99
99999E00032632;1100;18;8;105600;99.99
99999E00032636;1042;17;8;100032;99.99
99999E00032640;980;16;8;94080;99.99
99999E00032641;920;15;8;88320;99.99
99999E00032659;1042;17;8;100032;99.99
99999E00032669;920;15;8;88320;99.99
99999E00032670;1100;18;8;105600;99.99
99999E00032671;920;15;8;88320;99.99
99999E00032673;858;14;8;82368;99.99
99999E00032676;980;16;8;94080;99.99
99999E00032682;1100;18;8;105600;99.99
99999E00032684;858;14;8;82368;99.99
99999E00032686;1100;18;8;105600;99.99
99999E00032688;1100;18;8;105600;99.99
99999E00032700;980;16;8;94080;99.99
99999E00032710;920;15;8;88320;99.99
99999E00032717;798;13;8;76608;99.99
99999E00032723;1100;18;8;105600;99.99
99999E00032724;920;15;8;88320;99.99
99999E00032729;980;16;8;94080;99.99
99999E00032733;1042;17;8;100032;99.99
99999E00032734;920;15;8;88320;99.99
99999E00032745;980;16;8;94080;99.99
99999E00032750;980;16;8;94080;99.99
99999E00032765;1100;18;8;105600;99.99
99999E00032766;1100;18;8;105600;99.99
99999E00032773;1100;18;8;105600;99.99
99999E00032775;798;13;8;76608;99.99
99999E00032777;920;15;8;88320;99.99
99999E00032778;920;15;8;88320;99.99
99999E00032786;858;14;8;82368;99.99
99999E00032792;858;14;8;82368;99.99
99999E00032794;980;16;8;94080;99.99
99999E00032795;980;16;8;94080;99.99
99999E00032796;980;16;8;94080;99.99
99999E00032797;980;16;8;94080;99.99
99999E00032798;980;16;8;94080;99.99
99999E00032799;980;16;8;94080;99.99
99999E00032800;980;16;8;94080;99.99
99999E00032801;980;16;8;94080;99.99
99999E00032802;980;16;8;94080;99.99
99999E00032803;980;16;8;94080;99.99
99999E00032804;980;16;8;94080;99.99
99999E00032805;980;16;8;94080;99.99
99999E00032811;2200;18;16;211200;99.99
99999E00032814;1100;18;8;105600;99.99
99999E00032819;1020;17;8;97920;99.99
99999E00032824;920;15;8;88320;99.99
99999E00032825;798;13;8;76608;99.99
99999E00032840;1100;18;8;105600;99.99
99999E00032843;920;15;8;88320;99.99
99999E00032848;920;15;8;88320;99.99
99999E00032851;920;15;8;88320;99.99
99999E00032853;920;15;8;88320;99.99
99999E00032860;1100;18;8;105600;99.99
99999E00032876;1100;18;8;105600;99.99
99999E00032887;1100;18;8;105600;99.99
99999E00032888;1100;18;8;105600;99.99
99999E00032889;1100;18;8;105600;99.99
99999E00032890;980;16;8;94080;99.99
99999E00032891;980;16;8;94080;99.99
99999E00032892;1100;18;8;105600;99.99
99999E00032893;1100;18;8;105600;99.99
99999E00032895;1100;18;8;105600;99.99
99999E00032901;1100;18;8;105600;99.99
99999E00032906;1650;18;12;158400;99.99
99999E00032907;1100;18;8;105600;99.99
99999E00032908;1100;18;8;105600;99.99
99999E00032910;1100;18;8;105600;99.99
99999E00032913;1100;18;8;105600;99.99
99999E00032915;1100;18;8;105600;99.99
99999E00032920;1100;18;8;105600;99.99
99999E00032929;1100;18;8;105600;99.99
99999E00032930;1042;17;8;100032;99.99
99999E00032931;1100;18;8;105600;99.99
99999E00032937;1100;18;8;105600;99.99
99999E00032939;980;16;8;94080;99.99
99999E00032940;1100;18;8;105600;99.99
99999E00032957;1100;18;8;105600;99.99
99999E00032958;1042;17;8;100032;99.99
99999E00032960;1100;18;8;105600;99.99
99999E00032961;1042;17;8;100032;99.99
99999E00032962;1042;17;8;100032;99.99
99999E00032967;1042;17;8;100032;99.99
99999E00032985;1100;18;8;105600;99.99
99999E00032986;1100;18;8;105600;99.99
99999E00032992;1100;18;8;105600;99.99
99999E00032995;1100;18;8;105600;99.99
99999E00032996;2750;18;20;264000;99.99
99999E00033000;798;13;8;76608;99.99
99999E00033006;980;16;8;94080;99.99
99999E00033008;1100;18;8;105600;99.99
99999E00033009;1100;18;8;105600;99.99
99999E00033010;1100;18;8;105600;99.99
99999E00033014;1042;17;8;100032;99.99
99999E00033015;2200;18;16;211200;99.99
99999E00033016;1042;17;8;100032;99.99
99999E00033027;1042;17;8;100032;99.99
99999E00033033;920;15;8;88320;99.99
99999E00033046;1100;18;8;105600;99.99
99999E00033052;858;14;8;82368;99.99
99999E00033055;980;16;8;94080;99.99
99999E00033064;920;15;8;88320;99.99
99999E00033069;1100;18;8;105600;99.99
99999E00033075;858;14;8;82368;99.99
99999E00033076;858;14;8;82368;99.99
99999E00033092;1275;18;8;122400;99.99
99999E00033094;980;16;8;94080;99.99
99999E00033099;980;16;8;94080;99.99
99999E00033104;1100;18;8;105600;99.99
99999E00033108;1100;18;8;105600;99.99
99999E00033118;920;15;8;88320;99.99
99999E00033124;1100;18;8;105600;99.99
99999E00033126;2200;18;16;211200;99.99
99999E00033129;2145;14;20;205920;99.99
99999E00033130;1100;18;8;105600;99.99
99999E00033133;1100;18;8;105600;99.99
99999E00033134;1100;18;8;105600;99.99
99999E00033158;876;15;8;84096;99.99
99999E00033160;1100;18;8;105600;99.99
99999E00033163;1716;14;16;164736;99.99
99999E00033166;980;16;8;94080;99.99
99999E00033167;980;16;8;94080;99.99
99999E00033171;1100;18;8;105600;99.99
99999E00033173;920;15;8;88320;99.99
99999E00033175;980;16;8;94080;99.99
99999E00033180;798;13;8;76608;99.99
99999E00033181;798;13;8;76608;99.99
99999E00033182;1100;18;8;105600;99.99
99999E00033188;920;15;8;88320;99.99
99999E00033189;858;14;8;82368;99.99
99999E00033190;1100;18;8;105600;99.99
99999E00033200;858;14;8;82368;99.99
99999E00033201;980;16;8;94080;99.99
99999E00033203;920;15;8;88320;99.99
99999E00033204;1042;17;8;100032;99.99
99999E00033207;920;15;8;88320;99.99
99999E00033208;1042;17;8;100032;99.99
99999E00033212;980;16;8;94080;99.99
99999E00033218;980;16;8;94080;99.99
99999E00033222;798;13;8;76608;99.99
99999E00033226;920;15;8;88320;99.99
99999E00033227;1100;18;8;105600;99.99
99999E00033238;920;15;8;88320;99.99
99999E00033239;980;16;8;94080;99.99
99999E00033247;1100;18;8;105600;99.99
99999E00033248;920;15;8;88320;99.99
99999E00033249;1100;18;8;105600;99.99
99999E00033250;1100;18;8;105600;99.99
99999E00033255;980;16;8;94080;99.99
99999E00033256;1100;18;8;105600;99.99
99999E00033258;1100;18;8;105600;99.99
99999E00033260;1100;18;8;105600;99.99
99999E00033266;1100;18;8;105600;99.99
99999E00033268;1100;18;8;105600;99.99
99999E00033270;1840;15;16;176640;99.99
99999E00033298;1100;18;8;105600;99.99
99999E00033301;2128;18;16;204288;99.99
99999E00033302;920;15;8;88320;99.99
99999E00033305;1100;18;8;105600;99.99
99999E00033308;980;16;8;94080;99.99
99999E00033330;980;16;8;94080;99.99
99999E00033331;1100;18;8;105600;99.99
99999E00033335;1100;18;8;105600;99.99
99999E00033336;980;16;8;94080;99.99
99999E00033342;858;14;8;82368;99.99
99999E00033344;858;14;8;82368;99.99
99999E00033351;798;13;8;76608;99.99
99999E00033353;920;15;8;88320;99.99
99999E00033359;1100;18;8;105600;99.99
99999E00033364;1046;18;8;100416;99.99
99999E00033365;858;14;8;82368;99.99
99999E00033370;1100;18;8;105600;99.99
99999E00033374;920;15;8;88320;99.99
99999E00033376;1100;18;8;105600;99.99
99999E00033386;920;15;8;88320;99.99
99999E00033387;1960;16;16;188160;99.99
99999E00033388;980;16;8;94080;99.99
99999E00033391;858;14;8;82368;99.99
99999E00033392;1100;18;8;105600;99.99
99999E00033399;1100;18;8;105600;99.99
99999E00033401;858;14;8;82368;99.99
99999E00033409;1716;14;16;164736;99.99
99999E00033410;1100;18;8;105600;99.99
99999E00033415;1100;18;8;105600;99.99
99999E00033420;1100;18;8;105600;99.99
99999E00033424;858;14;8;82368;99.99
99999E00033433;858;14;8;82368;99.99
99999E00033437;1100;18;8;105600;99.99
99999E00033449;858;14;8;82368;99.99
99999E00033467;1100;18;8;105600;99.99
99999E00033476;1100;18;8;105600;99.99
99999E00033477;980;16;8;94080;99.99
99999E00033484;1100;18;8;105600;99.99
99999E00033486;1100;18;8;105600;99.99
99999E00033488;1100;18;8;105600;99.99
99999E00033494;1100;18;8;105600;99.99
99999E00033497;1100;18;8;105600;99.99
99999E00033498;980;16;8;94080;99.99
99999E00033504;1042;17;8;100032;99.99
99999E00033506;1100;18;8;105600;99.99
99999E00033513;1716;14;16;164736;99.99
99999E00033514;1100;18;8;105600;99.99
99999E00033515;1100;18;8;105600;99.99
99999E00033517;1100;18;8;105600;99.99
99999E00033520;920;15;8;88320;99.99
99999E00033521;920;15;8;88320;99.99
99999E00033522;858;14;8;82368;99.99
99999E00033523;980;16;8;94080;99.99
99999E00033524;980;16;8;94080;99.99
99999E00033531;980;16;8;94080;99.99
99999E00033536;1100;18;8;105600;99.99
99999E00033541;1042;17;8;100032;99.99
99999E00033546;1100;18;8;105600;99.99
99999E00033547;1100;18;8;105600;99.99
99999E00033551;1042;17;8;100032;99.99
99999E00033552;1100;18;8;105600;99.99
99999E00033558;1960;16;16;188160;99.99
99999E00033561;1650;18;12;158400;99.99
99999E00033563;920;15;8;88320;99.99
99999E00033570;920;15;8;88320;99.99
99999E00033589;920;15;8;88320;99.99
99999E00033592;1100;18;8;105600;99.99
99999E00033595;1100;18;8;105600;99.99
99999E00033633;858;14;8;82368;99.99
99999E00033637;1100;18;8;105600;99.99
99999E00033638;1100;18;8;105600;99.99
99999E00033650;1042;17;8;100032;99.99
99999E00033661;1100;18;8;105600;99.99
99999E00033668;980;16;8;94080;99.99
99999E00033671;1100;18;8;105600;99.99
99999E00033674;1042;17;8;100032;99.99
99999E00033676;980;16;8;94080;99.99
99999E00033678;858;14;8;82368;99.99
99999E00033679;1100;18;8;105600;99.99
99999E00033680;798;13;8;76608;99.99
99999E00033695;1100;18;8;105600;99.99
99999E00033700;1716;14;16;164736;99.99
99999E00033711;1100;18;8;105600;99.99
99999E00033713;1100;18;8;105600;99.99
99999E00033714;1100;18;8;105600;99.99
99999E00033717;980;16;8;94080;99.99
99999E00033724;1100;18;8;105600;99.99
99999E00033725;858;14;8;82368;99.99
99999E00033728;798;13;8;76608;99.99
99999E00033729;892;15;8;85632;99.99
99999E00033731;1042;17;8;100032;99.99
99999E00033742;1100;18;8;105600;99.99
99999E00033745;980;16;8;94080;99.99
99999E00033746;1100;18;8;105600;99.99
99999E00033751;1100;18;8;105600;99.99
99999E00033754;798;13;8;76608;99.99
99999E00033755;798;13;8;76608;99.99
99999E00033756;798;13;8;76608;99.99
99999E00033757;798;13;8;76608;99.99
99999E00033758;798;13;8;76608;99.99
99999E00033759;798;13;8;76608;99.99
99999E00033763;920;15;8;88320;99.99
99999E00033767;980;16;8;94080;99.99
99999E00033771;1100;18;8;105600;99.99
99999E00033772;1596;13;16;153216;99.99
99999E00033774;920;15;8;88320;99.99
99999E00033779;798;13;8;76608;99.99
99999E00033787;1042;17;8;100032;99.99
99999E00033788;920;15;8;88320;99.99
99999E00033789;980;16;8;94080;99.99
99999E00033794;1100;18;8;105600;99.99
99999E00033798;920;15;8;88320;99.99
99999E00033799;1100;18;8;105600;99.99
99999E00033800;920;15;8;88320;99.99
99999E00033802;980;16;8;94080;99.99
99999E00033807;980;16;8;94080;99.99
99999E00033811;980;16;8;94080;99.99
99999E00033814;1042;17;8;100032;99.99
99999E00033818;1100;18;8;105600;99.99
99999E00033819;798;13;8;76608;99.99
99999E00033822;1042;17;8;100032;99.99
99999E00033824;920;15;8;88320;99.99
99999E00033825;1716;14;16;164736;99.99
99999E00033827;1384;12;16;132864;99.99
99999E00033829;920;15;8;88320;99.99
99999E00033830;1100;18;16;105600;99.98
99999E00033836;980;16;8;94080;99.99
99999E00033837;1100;18;8;105600;99.99
99999E00033842;980;16;8;94080;99.99
99999E00033846;980;16;8;94080;99.99
99999E00033857;1100;18;8;105600;99.99
99999E00033859;858;14;8;82368;99.99
99999E00033864;1100;18;8;105600;99.99
99999E00033870;1100;18;8;105600;99.99
99999E00033872;1100;18;8;105600;99.99
99999E00033878;980;16;8;94080;99.99
99999E00033879;980;16;8;94080;99.99
99999E00033883;920;15;8;88320;99.99
99999E00033884;1100;18;8;105600;99.99
99999E00033887;1100;18;8;105600;99.99
99999E00033888;1042;17;8;100032;99.99
99999E00033891;920;15;8;88320;99.99
99999E00033892;920;15;8;88320;99.99
99999E00033899;858;14;8;82368;99.99
99999E00033901;1100;18;8;105600;99.99
99999E00033902;980;16;8;94080;99.99
99999E00033903;980;16;8;94080;99.99
99999E00033915;1650;18;12;158400;99.99
99999E00033917;980;16;8;94080;99.99
99999E00033923;1100;18;8;105600;99.99
99999E00033928;1100;18;8;105600;99.99
99999E00033929;980;16;8;94080;99.99
99999E00033932;1100;18;8;105600;99.99
99999E00033933;1100;18;8;105600;99.99
99999E00033936;1100;18;8;105600;99.99
99999E00033952;980;16;8;94080;99.99
99999E00033956;1100;18;8;105600;99.99
99999E00033960;1100;18;8;105600;99.99
99999E00033963;798;13;8;76608;99.99
99999E00033964;798;13;8;76608;99.99
99999E00033971;1100;18;8;105600;99.99
99999E00033972;920;15;8;88320;99.99
99999E00033978;1100;18;8;105600;99.99
99999E00033982;1100;18;8;105600;99.99
99999E00033987;920;15;8;88320;99.99
99999E00033998;858;14;8;82368;99.99
99999E00034000;998;18;8;95808;99.99
99999E00034003;1100;18;8;105600;99.99
99999E00034004;980;16;8;94080;99.99
99999E00034006;1042;17;8;100032;99.99
99999E00034010;1100;18;8;105600;99.99
99999E00034018;980;16;8;94080;99.99
99999E00034032;1100;18;8;105600;99.99
99999E00034035;920;15;8;88320;99.99
99999E00034039;1100;18;8;105600;99.99
99999E00034041;980;16;8;94080;99.99
99999E00034043;1100;18;8;105600;99.99
99999E00034047;980;16;8;94080;99.99
99999E00034049;1100;18;8;105600;99.99
99999E00034054;1100;18;8;105600;99.99
99999E00034057;1042;17;8;100032;99.99
99999E00034059;1100;18;8;105600;99.99
99999E00034062;2200;18;16;211200;99.99
99999E00034063;1100;18;8;105600;99.99
99999E00034067;980;16;8;94080;99.99
99999E00034072;980;16;8;94080;99.99
99999E00034075;920;15;8;88320;99.99
99999E00034076;920;15;8;88320;99.99
99999E00034079;2200;18;16;211200;99.99
99999E00034087;980;16;8;94080;99.99
99999E00034088;980;16;8;94080;99.99
99999E00034089;980;16;8;94080;99.99
99999E00034090;980;16;8;94080;99.99
99999E00034093;858;14;8;82368;99.99
99999E00034097;1100;18;8;105600;99.99
99999E00034103;1100;18;8;105600;99.99
99999E00034129;1100;18;8;105600;99.99
99999E00034134;980;16;8;94080;99.99
99999E00034144;980;16;8;94080;99.99
99999E00034146;1042;17;8;100032;99.99
99999E00034152;1100;18;8;105600;99.99
99999E00034153;1100;18;8;105600;99.99
99999E00034154;1100;18;8;105600;99.99
99999E00034164;980;16;8;94080;99.99
99999E00034182;980;16;8;94080;99.99
99999E00034189;1100;18;8;105600;99.99
99999E00034214;858;14;8;82368;99.99
99999E00034215;1100;18;8;105600;99.99
99999E00034234;858;14;8;82368;99.99
99999E00034236;1100;18;8;105600;99.99
99999E00034245;1100;18;12;105600;99.99
99999E00034246;1100;18;8;105600;99.99
99999E00034257;980;16;8;94080;99.99
99999E00034258;1100;18;8;105600;99.99
99999E00034268;1042;17;8;100032;99.99
99999E00034272;1100;18;8;105600;99.99
99999E00034277;1100;18;8;105600;99.99
99999E00034280;1100;18;8;105600;99.99
99999E00034283;1100;18;8;105600;99.99
99999E00034285;1100;18;8;105600;99.99
99999E00034293;1100;18;8;105600;99.99
99999E00034294;858;14;8;82368;99.99
99999E00034297;1042;17;8;100032;99.99
99999E00034299;1042;17;8;100032;99.99
99999E00034308;1100;18;8;105600;99.99
99999E00034312;1100;18;8;105600;99.99
99999E00034316;1100;18;8;105600;99.99
99999E00034321;1100;18;8;105600;99.99
99999E00034325;920;15;8;88320;99.99
99999E00034326;920;15;8;88320;99.99
99999E00034327;980;16;8;94080;99.99
99999E00034328;1100;18;8;105600;99.99
99999E00034330;980;16;8;94080;99.99
99999E00034331;1100;18;8;105600;99.99
99999E00034333;980;16;8;94080;99.99
99999E00034335;980;16;8;94080;99.99
99999E00034336;980;16;8;94080;99.99
99999E00034337;980;16;8;94080;99.99
99999E00034338;980;16;8;94080;99.99
99999E00034339;980;16;8;94080;99.99
99999E00034344;1100;18;8;105600;99.99
99999E00034357;858;14;8;82368;99.99
99999E00034363;1100;18;8;105600;99.99
99999E00034366;1042;17;8;100032;99.99
99999E00034369;1840;15;16;176640;99.99
99999E00034370;1100;18;8;105600;99.99
99999E00034371;980;16;8;94080;99.99
99999E00034372;920;15;8;88320;99.99
99999E00034378;1357;17;12;130272;99.99
99999E00034379;920;15;8;88320;99.99
99999E00034387;1100;18;16;105600;99.98
99999E00034388;920;15;8;88320;99.99
99999E00034389;1716;14;16;164736;99.99
99999E00034402;1042;17;8;100032;99.99
99999E00034405;980;16;8;94080;99.99
99999E00034406;1042;17;8;100032;99.99
99999E00034418;980;16;8;94080;99.99
99999E00034419;798;13;8;76608;99.99
99999E00034420;980;16;8;94080;99.99
99999E00034421;1100;18;8;105600;99.99
99999E00034443;1100;18;8;105600;99.99
99999E00034444;1100;18;8;105600;99.99
99999E00034445;920;15;8;88320;99.99
99999E00034449;920;15;8;88320;99.99
99999E00034452;1100;18;8;105600;99.99
99999E00034455;920;15;8;88320;99.99
99999E00034459;980;16;8;94080;99.99
99999E00034460;1100;18;8;105600;99.99
99999E00034461;920;15;8;88320;99.99
99999E00034463;858;14;8;82368;99.99
99999E00034465;1100;18;8;105600;99.99
99999E00034466;920;15;8;88320;99.99
99999E00034471;1776;15;16;170496;99.99
99999E00034472;1100;18;8;105600;99.99
99999E00034473;1100;18;8;105600;99.99
99999E00034480;1042;17;8;100032;99.99
99999E00034484;1100;18;8;105600;99.99
99999E00034486;1042;17;8;100032;99.99
99999E00034493;858;14;8;82368;99.99
99999E00034494;1100;18;8;105600;99.99
99999E00034503;798;13;8;76608;99.99
99999E00034506;1042;17;8;100032;99.99
99999E00034507;1100;18;8;105600;99.99
99999E00034510;980;16;8;94080;99.99
99999E00034512;1840;15;16;176640;99.99
99999E00034513;1414;18;8;135744;99.99
99999E00034517;858;14;8;82368;99.99
99999E00034519;920;15;8;88320;99.99
99999E00034520;920;15;8;88320;99.99
99999E00034522;980;16;8;94080;99.99
99999E00034523;980;16;8;94080;99.99
99999E00034524;858;14;8;82368;99.99
99999E00034525;980;16;8;94080;99.99
99999E00034526;980;16;8;94080;99.99
99999E00034530;920;15;8;88320;99.99
99999E00034535;1100;18;8;105600;99.99
99999E00034536;1100;18;8;105600;99.99
99999E00034537;1100;18;8;105600;99.99
99999E00034540;1042;17;8;100032;99.99
99999E00034544;920;15;8;88320;99.99
99999E00034545;2605;17;20;250080;99.99
99999E00034547;1100;18;8;105600;99.99
99999E00034552;1100;18;8;105600;99.99
99999E00034554;1100;18;8;105600;99.99
99999E00034555;1042;17;8;100032;99.99
99999E00034556;1100;18;8;105600;99.99
99999E00034578;980;16;8;94080;99.99
99999E00034581;1042;17;8;100032;99.99
99999E00034585;1042;17;8;100032;99.99
99999E00034587;920;15;8;88320;99.99
99999E00034594;858;14;8;82368;99.99
99999E00034597;1100;18;8;105600;99.99
99999E00034600;1042;17;8;100032;99.99
99999E00034601;1042;17;8;100032;99.99
99999E00034605;1650;18;12;158400;99.99
99999E00034606;920;15;8;88320;99.99
99999E00034608;1042;17;8;100032;99.99
99999E00034609;1042;17;8;100032;99.99
99999E00034621;1100;18;8;105600;99.99
99999E00034623;1100;18;8;105600;99.99
99999E00034631;1100;18;8;105600;99.99
99999E00034634;920;15;8;88320;99.99
99999E00034641;1042;17;8;100032;99.99
99999E00034648;980;16;8;94080;99.99
99999E00034652;1100;18;8;105600;99.99
99999E00034665;1100;18;8;105600;99.99
99999E00034669;920;15;8;88320;99.99
99999E00034679;920;15;8;88320;99.99
99999E00034680;920;15;8;88320;99.99
99999E00034683;1100;18;8;105600;99.99
99999E00034685;858;14;8;82368;99.99
99999E00034687;1100;18;8;105600;99.99
99999E00034690;1106;18;65;106176;99.94
99999E00034692;1100;18;8;105600;99.99
99999E00034697;798;13;8;76608;99.99
99999E00034720;1100;18;8;105600;99.99
99999E00034734;1100;18;8;105600;99.99
99999E00034735;1100;18;8;105600;99.99
99999E00034746;1563;17;12;150048;99.99
99999E00034747;1042;17;8;100032;99.99
99999E00034750;920;15;8;88320;99.99
99999E00034752;1732;15;16;166272;99.99
99999E00034753;1100;18;8;105600;99.99
99999E00034755;1650;18;12;158400;99.99
99999E00034759;980;16;8;94080;99.99
99999E00034760;920;15;8;88320;99.99
99999E00034784;1100;18;8;105600;99.99
99999E00034787;920;15;8;88320;99.99
99999E00034788;920;15;8;88320;99.99
99999E00034796;980;16;8;94080;99.99
99999E00034797;920;15;8;88320;99.99
99999E00034803;980;16;8;94080;99.99
99999E00034804;1100;18;8;105600;99.99
99999E00034809;980;16;8;94080;99.99
99999E00034810;1840;15;16;176640;99.99
99999E00034813;920;15;8;88320;99.99
99999E00034815;1100;18;8;105600;99.99
99999E00034818;1100;18;8;105600;99.99
99999E00034821;1100;18;8;105600;99.99
99999E00034822;1100;18;8;105600;99.99
99999E00034827;798;13;8;76608;99.99
99999E00034829;980;16;8;94080;99.99
99999E00034833;858;14;8;82368;99.99
99999E00034837;1100;18;8;105600;99.99
99999E00034841;858;14;8;82368;99.99
99999E00034850;1100;18;8;105600;99.99
99999E00034856;1100;18;8;105600;99.99
99999E00034858;1100;18;8;105600;99.99
99999E00034872;1100;18;8;105600;99.99
99999E00034875;1100;18;8;105600;99.99
99999E00034878;1042;17;8;100032;99.99
99999E00034880;858;14;8;82368;99.99
99999E00034884;1100;18;8;105600;99.99
99999E00034886;858;14;8;82368;99.99
99999E00034887;1100;18;8;105600;99.99
99999E00034891;1042;17;8;100032;99.99
99999E00034898;920;15;8;88320;99.99
99999E00034899;1042;17;8;100032;99.99
99999E00034903;1100;18;8;105600;99.99
99999E00040039;1100;18;8;105600;99.99
99999E00040067;920;15;8;88320;99.99
99999E00040070;920;15;8;88320;99.99
99999E00040071;1650;18;12;158400;99.99
99999E00040072;1100;18;8;105600;99.99
99999E00040080;1042;17;8;100032;99.99
99999E00040091;920;15;8;88320;99.99
99999E00040098;1100;18;8;105600;99.99
99999E00040099;1100;18;8;105600;99.99
99999E00040105;980;16;8;94080;99.99
99999E00040106;980;16;8;94080;99.99
99999E00040107;980;16;8;94080;99.99
99999E00040109;980;16;8;94080;99.99
99999E00040111;980;16;8;94080;99.99
99999E00040112;980;16;8;94080;99.99
99999E00040118;1100;18;8;105600;99.99
99999E00040120;1100;18;8;105600;99.99
99999E00040121;1100;18;8;105600;99.99
99999E00040122;1100;18;8;105600;99.99
99999E00040123;1100;18;8;105600;99.99
99999E00040134;1100;18;8;105600;99.99
99999E00040137;858;14;8;82368;99.99
99999E00040139;1650;18;12;158400;99.99
99999E00040150;920;15;8;88320;99.99
99999E00040157;1100;18;8;105600;99.99
99999E00040177;980;16;8;94080;99.99
99999E00040182;1100;18;8;105600;99.99
99999E00040193;980;16;8;94080;99.99
99999E00040194;1100;18;8;105600;99.99
99999E00040203;1100;18;8;105600;99.99
99999E00040204;1102;18;8;105792;99.99
99999E00040208;1100;18;8;105600;99.99
99999E00040209;1100;18;8;105600;99.99
99999E00040210;1100;18;8;105600;99.99
99999E00040211;1100;18;8;105600;99.99
99999E00040212;1100;18;8;105600;99.99
99999E00040213;1100;18;8;105600;99.99
99999E00040223;1100;18;8;105600;99.99
99999E00040241;1100;18;8;105600;99.99
99999E00040264;858;14;8;82368;99.99
99999E00040268;980;16;8;94080;99.99
99999E00040269;858;14;8;82368;99.99
99999E00040270;858;14;8;82368;99.99
99999E00040295;1100;18;8;105600;99.99
99999E00040313;644;12;0;61824;100.0
99999E00040314;1100;18;8;105600;99.99
99999E00040318;1100;18;8;105600;99.99
99999E00040320;1100;18;8;105600;99.99
99999E00040321;1100;18;8;105600;99.99
99999E00040337;1042;17;8;100032;99.99
99999E00040339;1100;18;8;105600;99.99
99999E00040344;980;16;8;94080;99.99
99999E00040345;980;16;8;94080;99.99
99999E00040346;980;16;8;94080;99.99
99999E00040347;980;16;8;94080;99.99
99999E00040348;980;16;8;94080;99.99
99999E00040349;980;16;8;94080;99.99
99999E00040351;1716;14;16;164736;99.99
99999E00040352;2200;18;16;211200;99.99
99999E00040357;858;14;8;82368;99.99
99999E00040359;1100;18;8;105600;99.99
99999E00040360;1100;18;8;105600;99.99
99999E00040361;920;15;8;88320;99.99
99999E00040364;858;14;8;82368;99.99
99999E00040370;980;16;8;94080;99.99
99999E00040376;920;15;8;88320;99.99
99999E00040377;1100;18;8;105600;99.99
99999E00040378;1100;18;8;105600;99.99
99999E00040379;920;15;8;88320;99.99
99999E00040380;920;15;8;88320;99.99
99999E00040381;920;15;8;88320;99.99
99999E00040382;920;15;8;88320;99.99
99999E00040384;980;16;8;94080;99.99
99999E00040388;1100;18;8;105600;99.99
99999E00040390;1100;18;8;105600;99.99
99999E00040398;1840;15;16;176640;99.99
99999E00040400;980;16;8;94080;99.99
99999E00040401;980;16;8;94080;99.99
99999E00040402;980;16;8;94080;99.99
99999E00040403;980;16;8;94080;99.99
99999E00040404;980;16;8;94080;99.99
99999E00040405;980;16;8;94080;99.99
99999E00040406;980;16;8;94080;99.99
99999E00040407;980;16;8;94080;99.99
99999E00040408;980;16;8;94080;99.99
99999E00040411;1100;18;8;105600;99.99
99999E00040413;1650;18;32;158400;99.98
99999E00040414;1563;17;12;150048;99.99
99999E00040415;1563;17;12;150048;99.99
99999E00040416;1042;17;8;100032;99.99
99999E00040419;1100;18;8;105600;99.99
99999E00040428;1042;17;8;100032;99.99
99999E00040433;1100;18;8;105600;99.99
99999E00040434;1100;18;8;105600;99.99
99999E00040436;1042;17;8;100032;99.99
99999E00040440;1100;18;8;105600;99.99
99999E00040441;1100;18;8;105600;99.99
99999E00040455;1650;18;12;158400;99.99
99999E00040468;1100;18;8;105600;99.99
99999E00040477;858;14;8;82368;99.99
99999E00040485;858;14;8;82368;99.99
99999E00040487;1100;18;8;105600;99.99
99999E00040489;1100;18;8;105600;99.99
99999E00040503;1042;17;8;100032;99.99
99999E00040504;1042;17;8;100032;99.99
99999E00040505;1042;17;8;100032;99.99
99999E00040506;1042;17;8;100032;99.99
99999E00040507;1042;17;8;100032;99.99
99999E00040508;1042;17;8;100032;99.99
99999E00040509;1042;17;8;100032;99.99
99999E00040510;1042;17;8;100032;99.99
99999E00040511;2084;17;16;200064;99.99
99999E00040512;1042;17;8;100032;99.99
99999E00040513;1042;17;8;100032;99.99
99999E00040514;1042;17;8;100032;99.99
99999E00040515;1100;18;8;105600;99.99
99999E00040524;1100;18;8;105600;99.99
99999E00040569;858;14;8;82368;99.99
99999E00040612;1100;18;8;105600;99.99
99999E00040613;1100;18;8;105600;99.99
99999E00040619;1100;18;8;105600;99.99
99999E00040651;2200;18;16;211200;99.99
99999E00040652;798;13;8;76608;99.99
99999E00040660;858;14;8;82368;99.99
99999E00040669;1100;18;8;105600;99.99
99999E00040670;1100;18;8;105600;99.99
99999E00040704;1100;18;8;105600;99.99
99999E00040705;1100;18;8;105600;99.99
99999E00040706;1100;18;8;105600;99.99
99999E00040707;1100;18;8;105600;99.99
99999E00040709;1100;18;8;105600;99.99
99999E00040710;1100;18;8;105600;99.99
99999E00040711;1100;18;8;105600;99.99
99999E00040712;1100;18;8;105600;99.99
99999E00040713;1100;18;8;105600;99.99
99999E00040714;1100;18;8;105600;99.99
99999E00040715;1100;18;8;105600;99.99
99999E00040716;1100;18;8;105600;99.99
99999E00040717;1100;18;8;105600;99.99
99999E00040718;1100;18;8;105600;99.99
99999E00040726;1100;18;8;105600;99.99
99999E00040742;1100;18;8;105600;99.99
99999E00040748;920;15;8;88320;99.99
99999E00040779;1100;18;8;105600;99.99
99999E00040825;798;13;8;76608;99.99
99999E00040826;798;13;8;76608;99.99
99999E00040827;798;13;8;76608;99.99
99999E00040828;858;14;8;82368;99.99
99999E00040833;858;14;8;82368;99.99
99999E00040839;622;13;8;59712;99.99
99999E00040887;1100;18;8;105600;99.99
99999E00040896;920;15;8;88320;99.99
99999E00040907;1100;18;8;105600;99.99
99999E00040954;1100;18;8;105600;99.99
99999E00040963;798;13;8;76608;99.99
99999E00040966;1100;18;8;105600;99.99
99999E00040969;1100;18;8;105600;99.99
99999E00040972;1100;18;8;105600;99.99
99999E00040993;1100;18;8;105600;99.99
99999E00041045;1100;18;8;105600;99.99
99999E00041046;1100;18;8;105600;99.99
99999E00041058;920;15;8;88320;99.99
99999E00041144;1650;18;12;158400;99.99
99999E00041145;858;14;8;82368;99.99
99999E00041166;1650;18;12;158400;99.99
99999E00041167;1650;18;12;158400;99.99
99999E00041169;1042;17;8;100032;99.99
99999E00041170;1042;17;8;100032;99.99
99999E00041177;1100;18;8;105600;99.99
99999E00041178;1100;18;8;105600;99.99
99999E00041180;1100;18;8;105600;99.99
99999E00041182;1100;18;8;105600;99.99
99999E00041183;1100;18;8;105600;99.99
99999E00041195;1716;14;16;164736;99.99
99999E00041202;1716;14;16;164736;99.99
99999E00041203;1100;18;8;105600;99.99
99999E00041204;1100;18;8;105600;99.99
99999E00041205;858;14;8;82368;99.99
99999E00041210;1100;18;8;105600;99.99
99999E00041224;1100;18;8;105600;99.99
99999E00639916;858;14;8;82368;99.99
99999E00639917;1716;14;16;164736;99.99
99999E00656629;858;14;8;82368;99.99
99999E10004622;1100;18;8;105600;99.99
99999E10004625;1100;18;8;105600;99.99
99999E10004633;1650;18;12;158400;99.99
99999E10004638;1650;18;12;158400;99.99
99999E10004644;1650;18;12;158400;99.99
99999E10004655;1650;18;12;158400;99.99
99999E10004671;1100;18;8;105600;99.99
99999E10004678;1100;18;8;105600;99.99
99999E10004699;1100;18;8;105600;99.99
99999E10004700;1042;17;8;100032;99.99
99999E10004701;1042;17;8;100032;99.99
99999E10004711;1100;18;8;105600;99.99
99999E10004722;1960;16;16;188160;99.99
99999E10004730;1100;18;8;105600;99.99
99999E10004737;1100;18;8;105600;99.99
99999E10004739;1100;18;8;105600;99.99
99999E10004741;1100;18;8;105600;99.99
99999E10004743;1100;18;8;105600;99.99
99999E10004746;1100;18;8;105600;99.99
99999E10004747;1100;18;8;105600;99.99
99999E10004749;1100;18;8;105600;99.99
99999E10004752;1100;18;8;105600;99.99
99999E10004754;1100;18;8;105600;99.99
99999E10004756;1100;18;8;105600;99.99
99999E10004757;1100;18;8;105600;99.99
99999E10004758;1100;18;8;105600;99.99
99999E10004759;1100;18;8;105600;99.99
99999E10004760;1100;18;8;105600;99.99
99999E10004761;1100;18;8;105600;99.99
99999E10004762;1100;18;8;105600;99.99
99999E10004763;1100;18;8;105600;99.99
99999E10004764;1100;18;8;105600;99.99
99999E10004765;1100;18;8;105600;99.99
99999E10004766;1100;18;8;105600;99.99
99999E10004775;1100;18;8;105600;99.99
99999E10004783;1100;18;8;105600;99.99
99999E10004795;1100;18;8;105600;99.99
99999E10004798;1100;18;8;105600;99.99
99999E10004800;2200;18;16;211200;99.99
99999E10004808;1100;18;8;105600;99.99
99999E10004825;858;14;8;82368;99.99
99999E10004828;1100;18;8;105600;99.99
99999E10004837;1100;18;8;105600;99.99
99999E10004846;1100;18;8;105600;99.99
99999E10004850;1042;17;8;100032;99.99
99999E10004856;1650;18;12;158400;99.99
99999E10004861;980;16;8;94080;99.99
99999E10004866;1100;18;8;105600;99.99
99999E10004885;980;16;8;94080;99.99
99999E10004886;980;16;8;94080;99.99
99999E10004887;980;16;8;94080;99.99
99999E10004891;1100;18;8;105600;99.99
99999E10004896;920;15;8;88320;99.99
99999E10004901;980;16;8;94080;99.99
99999E10004910;1100;18;8;105600;99.99
99999E10004912;980;16;8;94080;99.99
99999E10004914;1100;18;8;105600;99.99
99999E10004915;1650;18;12;158400;99.99
99999E10004916;1650;18;12;158400;99.99
99999E10004917;1100;18;8;105600;99.99
99999E10004933;1100;18;8;105600;99.99
99999E10004936;1100;18;8;105600;99.99
99999E10004938;1100;18;8;105600;99.99
99999E10004939;1100;18;8;105600;99.99
99999E10004940;1100;18;8;105600;99.99
99999E10004941;1100;18;8;105600;99.99
99999E10004943;1100;18;8;105600;99.99
99999E10004946;1100;18;8;105600;99.99
99999E10004947;1100;18;8;105600;99.99
99999E10004948;1100;18;8;105600;99.99
99999E10004951;1100;18;8;105600;99.99
99999E10004955;1100;18;8;105600;99.99
99999E10004968;1100;18;8;105600;99.99
99999E10004971;1100;18;8;105600;99.99
99999E10004975;1100;18;8;105600;99.99
99999E10004976;1100;18;8;105600;99.99
99999E10004979;1100;18;8;105600;99.99
99999E10004982;1287;14;12;123552;99.99
99999E10004983;858;14;8;82368;99.99
99999E10004985;1659;18;12;159264;99.99
99999E10004986;1100;18;8;105600;99.99
99999E10004987;1100;18;8;105600;99.99
99999E10004990;1100;18;8;105600;99.99
99999E10004997;1100;18;8;105600;99.99
99999E10004998;1100;18;8;105600;99.99
99999E10004999;1650;18;12;158400;99.99
99999E10005008;1100;18;8;105600;99.99
99999E10005010;858;14;8;82368;99.99
99999E10005015;1287;14;12;123552;99.99
99999E10005016;1100;18;8;105600;99.99
99999E10005017;1100;18;8;105600;99.99
99999E10005018;1100;18;8;105600;99.99
99999E10005020;1100;18;8;105600;99.99
99999E10005021;1100;18;8;105600;99.99
99999E10005025;1100;18;8;105600;99.99
99999E10005026;1100;18;8;105600;99.99
99999E10005029;1100;18;8;105600;99.99
99999E10005038;858;14;8;82368;99.99
99999E10005043;1100;18;8;105600;99.99
99999E10005044;1100;18;8;105600;99.99
99999E10005046;1100;18;8;105600;99.99
99999E10005051;1650;18;12;158400;99.99
99999E10005054;1100;18;8;105600;99.99
99999E10005055;1100;18;8;105600;99.99
99999E10005057;1100;18;8;105600;99.99
99999E10005060;1100;18;8;105600;99.99
99999E10005061;1100;18;8;105600;99.99
99999E10005064;1100;18;8;105600;99.99
99999E10005067;1100;18;8;105600;99.99
99999E10005068;858;14;8;82368;99.99
99999E10005087;1100;18;8;105600;99.99
99999E10005103;1100;18;8;105600;99.99
99999E10005107;1100;18;8;105600;99.99
99999E10005118;2605;17;20;250080;99.99
99999E10005139;1100;18;8;105600;99.99
99999E10005142;1100;18;8;105600;99.99
99999E10005143;1650;18;12;158400;99.99
99999E10005146;1100;18;8;105600;99.99
99999E10005152;1100;18;8;105600;99.99
99999E10005158;858;14;8;82368;99.99
99999E20000009;1100;18;8;105600;99.99
99999E20000010;858;14;8;82368;99.99
99999E20000011;1100;18;8;105600;99.99
99999E20000013;1100;18;8;105600;99.99
99999E20000016;1100;18;8;105600;99.99
99999E20000017;1100;18;8;105600;99.99
99999E20000020;1100;18;8;105600;99.99
99999E20000023;1995;13;20;191520;99.99
99999E20000033;2200;18;16;211200;99.99
99999E20000034;980;16;8;94080;99.99
99999E20000035;980;16;8;94080;99.99
99999E20000044;1100;18;8;105600;99.99
99999E20000045;1100;18;8;105600;99.99
99999E20000049;1100;18;8;105600;99.99
99999E20000050;1100;18;8;105600;99.99
99999E20000052;980;16;8;94080;99.99
99999E20000058;1100;18;8;105600;99.99
99999E20000075;1100;18;8;105600;99.99
99999E20000076;1100;18;8;105600;99.99
99999E20000087;1100;18;8;105600;99.99
99999E20000088;1100;18;8;105600;99.99
99999E20000091;1100;18;8;105600;99.99
99999E20000095;1100;18;8;105600;99.99
99999E20000097;980;16;8;94080;99.99
99999E20000099;1100;18;8;105600;99.99
99999E20000104;1100;18;8;105600;99.99
99999E20000107;1100;18;8;105600;99.99
99999E20000108;1100;18;8;105600;99.99
99999E20000110;1100;18;8;105600;99.99
99999E20000129;1650;18;12;158400;99.99
99999E20000133;1100;18;8;105600;99.99
99999E20000135;1100;18;8;105600;99.99
99999E20000141;1100;18;8;105600;99.99
99999E20000148;858;14;8;82368;99.99
99999E20000149;858;14;8;82368;99.99
99999E20000152;858;14;8;82368;99.99
99999E20000165;1100;18;8;105600;99.99
99999E20000167;858;14;8;82368;99.99
99999E20000168;1716;14;16;164736;99.99
99999E20000178;1100;18;8;105600;99.99
99999E20000180;1650;18;12;158400;99.99
99999E20000192;858;14;8;82368;99.99
99999E20000193;858;14;8;82368;99.99
99999E20000195;858;14;8;82368;99.99
99999E20000198;1100;18;8;105600;99.99
99999E20000199;980;16;8;94080;99.99
99999E20000209;1100;18;8;105600;99.99
99999E20000221;1100;18;8;105600;99.99
99999E20000229;1100;18;8;105600;99.99
99999E20000235;980;16;8;94080;99.99
99999E20000236;1100;18;8;105600;99.99
99999E20000237;920;15;8;88320;99.99
99999E20000243;1100;18;8;105600;99.99
99999E20000252;2200;18;16;211200;99.99
99999E20000256;2200;18;16;211200;99.99
99999E20000260;980;16;8;94080;99.99
99999E20000264;920;15;8;88320;99.99
99999E20000269;1100;18;8;105600;99.99
99999E20000291;980;16;8;94080;99.99
99999E20000292;980;16;8;94080;99.99
99999E20000293;1100;18;8;105600;99.99
99999E20000301;1100;18;8;105600;99.99
99999E20000303;1100;18;8;105600;99.99
99999E20000304;1650;18;12;158400;99.99
99999E20000305;1100;18;8;105600;99.99
99999E20000312;1100;18;8;105600;99.99
99999E20000320;1100;18;8;105600;99.99
99999E20000321;1100;18;8;105600;99.99
99999E20000333;858;14;8;82368;99.99
99999E20000340;1100;18;8;105600;99.99
99999E20000342;998;17;8;95808;99.99
99999E20000344;858;14;8;82368;99.99
99999E20000352;1042;17;8;100032;99.99
99999E20000353;1042;17;8;100032;99.99
99999E20000354;1100;18;8;105600;99.99
99999E20000361;1650;18;12;158400;99.99
99999E20000384;1100;18;8;105600;99.99
99999E20000386;1100;18;8;105600;99.99
99999E20000388;1100;18;8;105600;99.99
99999E20000392;920;15;8;88320;99.99
99999E20000400;1042;17;8;100032;99.99
99999E20000409;1100;18;8;105600;99.99
99999E20000415;1100;18;8;105600;99.99
99999E20000447;858;14;8;82368;99.99
99999E20000448;798;13;8;76608;99.99
99999E20000449;858;14;8;82368;99.99
99999E20000462;858;14;8;82368;99.99
99999E20000467;1100;18;8;105600;99.99
99999E20000468;798;13;8;76608;99.99
99999E20000469;798;13;8;76608;99.99
99999E20000471;798;13;8;76608;99.99
99999E20000472;798;13;8;76608;99.99
99999E20000473;798;13;8;76608;99.99
99999E20000474;798;13;8;76608;99.99
99999E20000480;798;13;8;76608;99.99
99999E20000481;798;13;8;76608;99.99
99999E20000484;1042;17;8;100032;99.99
99999E20000494;1100;18;8;105600;99.99
99999E20000498;1100;18;8;105600;99.99
99999E20000502;1100;18;8;105600;99.99
99999E20000505;1100;18;8;105600;99.99
99999E20000519;980;16;8;94080;99.99
99999E20000524;1100;18;8;105600;99.99
99999E20000526;1100;18;8;105600;99.99
99999E20000527;1100;18;8;105600;99.99
99999E20000528;1042;17;8;100032;99.99
99999E20000539;1100;18;8;105600;99.99
99999E20000547;1042;17;8;100032;99.99
99999E20000548;1042;17;8;100032;99.99
99999E20000549;1042;17;8;100032;99.99
99999E20000550;1100;18;8;105600;99.99
99999E20000556;1100;18;8;105600;99.99
99999E20000564;1100;18;8;105600;99.99
99999E20000569;1100;18;8;105600;99.99
99999E20000571;1100;18;8;105600;99.99
99999E20000599;1563;17;12;150048;99.99
99999E20000603;1100;18;8;105600;99.99
99999E20000613;1100;18;8;105600;99.99
99999E20000615;1100;18;8;105600;99.99
99999E20000618;1100;18;8;105600;99.99
99999E20000624;732;12;0;70272;100.0
99999E20000626;1100;18;8;105600;99.99
99999E20000650;1100;18;8;105600;99.99
99999E20000661;2200;18;16;211200;99.99
99999E20000662;858;14;8;82368;99.99
99999E20000663;1100;18;8;105600;99.99
99999E20000667;980;16;8;94080;99.99
99999E20000684;1100;18;8;105600;99.99
99999E20000685;858;14;8;82368;99.99
99999E20000691;1100;18;8;105600;99.99
99999E20000696;858;14;8;82368;99.99
99999E20000697;1491;18;12;143136;99.99
99999E20000700;1100;18;8;105600;99.99
99999E20000702;1100;18;8;105600;99.99
99999E20000703;1100;18;8;105600;99.99
99999E20000708;1100;18;8;105600;99.99
99999E20000713;980;16;8;94080;99.99
99999E20000720;1100;18;8;105600;99.99
99999E20000722;1100;18;8;105600;99.99
99999E20000727;1100;18;8;105600;99.99
99999E20000729;1100;18;8;105600;99.99
99999E20000730;1100;18;8;105600;99.99
99999E20000734;1100;18;8;105600;99.99
99999E20000735;1100;18;8;105600;99.99
99999E20000737;1100;18;8;105600;99.99
99999E20000741;858;14;8;82368;99.99
99999E20000745;1042;17;24;100032;99.98
99999E20000752;1100;18;8;105600;99.99
99999E20000756;1100;18;8;105600;99.99
99999E20000761;1100;18;8;105600;99.99
99999E20000790;2300;15;20;220800;99.99
99999E20000791;1100;18;8;105600;99.99
99999E20000807;1100;18;8;105600;99.99
99999E20000811;1100;18;8;105600;99.99
99999E20000812;858;14;8;82368;99.99
99999E20000815;1100;18;8;105600;99.99
99999E20000834;2200;18;16;211200;99.99
99999E20000835;2200;18;16;211200;99.99
99999E20000848;1100;18;8;105600;99.99
99999E20000849;1100;18;8;105600;99.99
99999E20000853;1100;18;8;105600;99.99
99999E20000855;1100;18;8;105600;99.99
99999E20000866;1100;18;8;105600;99.99
99999E20000872;858;14;8;82368;99.99
99999E20000873;858;14;8;82368;99.99
99999E20000877;920;15;8;88320;99.99
99999E20000885;1100;18;8;105600;99.99
99999E20000892;858;14;8;82368;99.99
99999E20000893;858;14;8;82368;99.99
99999E20000894;920;15;8;88320;99.99
99999E20000895;920;15;8;88320;99.99
99999E20000897;1650;18;12;158400;99.99
99999E20000898;1650;18;12;158400;99.99
99999E20000899;1100;18;8;105600;99.99
99999E20000903;920;15;8;88320;99.99
99999E20000906;920;15;8;88320;99.99
99999E20000909;858;14;8;82368;99.99
99999E30430500;1100;18;8;105600;99.99
99999E30430511;1100;18;8;105600;99.99
99999E30430514;1100;18;8;105600;99.99
99999E30430516;1100;18;8;105600;99.99
99999E30430518;1100;18;8;105600;99.99
99999E30430526;1100;18;8;105600;99.99
99999E30430529;1100;18;8;105600;99.99
99999E30430533;1100;18;8;105600;99.99
99999E30461097;1100;18;8;105600;99.99
99999E30461099;1100;18;8;105600;99.99
99999E30461109;1100;18;8;105600;99.99
99999E30461111;1100;18;8;105600;99.99
99999E30461114;1100;18;8;105600;99.99
99999E30594372;736;12;8;70656;99.99
99999E30594373;736;12;8;70656;99.99
99999E30594374;736;12;8;70656;99.99
99999E30594375;736;12;8;70656;99.99
99999E30594376;736;12;8;70656;99.99
99999E30594377;736;12;8;70656;99.99
99999E30594378;736;12;8;70656;99.99
99999E30594379;736;12;8;70656;99.99
99999E30594380;736;12;8;70656;99.99
99999E30594381;950;12;8;91200;99.99
99999E30594382;1104;12;12;105984;99.99
99999E30594383;736;12;8;70656;99.99
99999E30594384;736;12;8;70656;99.99
99999E30594385;736;12;8;70656;99.99
99999E30594386;736;12;8;70656;99.99
99999E30594387;736;12;8;70656;99.99
99999E30594388;736;12;8;70656;99.99
99999E30594390;736;12;8;70656;99.99
99999E30594391;736;12;8;70656;99.99
99999E30594392;736;12;8;70656;99.99
99999E30594393;736;12;8;70656;99.99
99999E30594394;736;12;8;70656;99.99
99999E30594395;1104;12;12;105984;99.99
99999E30594396;736;12;8;70656;99.99
99999E30594399;736;12;8;70656;99.99
99999E30594400;736;12;8;70656;99.99
99999E30594401;736;12;8;70656;99.99
99999E30594402;736;12;8;70656;99.99
99999E30594403;736;12;8;70656;99.99
99999E30594404;736;12;8;70656;99.99
99999E30594405;736;12;8;70656;99.99
99999E30594406;736;12;8;70656;99.99
99999E30594407;736;12;8;70656;99.99
99999E30594408;736;12;8;70656;99.99
99999E30594409;736;12;8;70656;99.99
99999E30594410;736;12;8;70656;99.99
99999E30594411;736;12;8;70656;99.99
99999E30594412;736;12;8;70656;99.99
99999E30594413;736;12;8;70656;99.99
99999E30594414;736;12;8;70656;99.99
99999E30594415;736;12;8;70656;99.99
99999E30594416;736;12;8;70656;99.99
99999E30594417;736;12;8;70656;99.99
99999E30594418;736;12;8;70656;99.99
99999E30594419;736;12;8;70656;99.99
99999E30594420;736;12;8;70656;99.99
99999E30594424;736;12;8;70656;99.99
99999E30594425;736;12;8;70656;99.99
99999E30594426;736;12;8;70656;99.99
99999E30594427;736;12;8;70656;99.99
99999E30594428;736;12;8;70656;99.99
99999E30594429;736;12;8;70656;99.99
99999E30594430;736;12;8;70656;99.99
99999E30594431;736;12;8;70656;99.99
99999E30594432;736;12;8;70656;99.99
99999E30594433;736;12;8;70656;99.99
99999E30594434;736;12;8;70656;99.99
99999E30594435;736;12;8;70656;99.99
99999E30594436;736;12;8;70656;99.99
99999E30594437;736;12;8;70656;99.99
99999E30594438;736;12;8;70656;99.99
99999E30594439;736;12;8;70656;99.99
99999E30594440;736;12;8;70656;99.99
99999E30594441;736;12;8;70656;99.99
99999E30594442;736;12;8;70656;99.99
99999E30594443;706;12;8;67776;99.99
99999E30594444;736;12;8;70656;99.99
99999E30594445;736;12;8;70656;99.99
99999E30594446;736;12;8;70656;99.99
99999E30594447;736;12;8;70656;99.99
99999E30594448;736;12;8;70656;99.99
99999E30594449;736;12;8;70656;99.99
99999E30594450;736;12;8;70656;99.99
99999E30594451;736;12;8;70656;99.99
99999E30594452;736;12;8;70656;99.99
99999E30594453;736;12;8;70656;99.99
99999E30594454;736;12;8;70656;99.99
99999E30594455;736;12;8;70656;99.99
99999E30594456;736;12;8;70656;99.99
99999E30594457;736;12;8;70656;99.99
99999E30594458;736;12;8;70656;99.99
99999E30594459;736;12;8;70656;99.99
99999E30594460;736;12;8;70656;99.99
99999E30594461;736;12;8;70656;99.99
99999E30594462;736;12;8;70656;99.99
99999E30594463;736;12;8;70656;99.99
99999E30594464;736;12;8;70656;99.99
99999E30594465;736;12;8;70656;99.99
99999E30594466;736;12;8;70656;99.99
99999E30594467;736;12;8;70656;99.99
99999E30594468;736;12;8;70656;99.99
99999E30594469;736;12;8;70656;99.99
99999E30594470;736;12;8;70656;99.99
99999E30594471;736;12;8;70656;99.99
99999E30594472;736;12;8;70656;99.99
99999E30594473;736;12;8;70656;99.99
99999E30594474;736;12;8;70656;99.99
99999E30594475;736;12;8;70656;99.99
99999E30594476;736;12;8;70656;99.99
99999E30594477;736;12;8;70656;99.99
99999E30594478;736;12;8;70656;99.99
99999E30594479;736;12;8;70656;99.99
99999E30594480;736;12;8;70656;99.99
99999E30594482;736;12;8;70656;99.99
99999E30594484;736;12;8;70656;99.99
99999E30594485;736;12;8;70656;99.99
99999E30594486;736;12;8;70656;99.99
99999E30594487;736;12;8;70656;99.99
99999E30594488;736;12;8;70656;99.99
99999E30594489;736;12;8;70656;99.99
99999E30594490;736;12;8;70656;99.99
99999E30594492;736;12;8;70656;99.99
99999E30594493;736;12;8;70656;99.99
99999E30594494;736;12;8;70656;99.99
99999E30594495;736;12;8;70656;99.99
99999E30594496;736;12;8;70656;99.99
99999E30594497;736;12;8;70656;99.99
99999E30594498;736;12;8;70656;99.99
99999E30594499;736;12;8;70656;99.99
99999E30594500;736;12;8;70656;99.99
99999E30594501;736;12;8;70656;99.99
99999E30594502;736;12;8;70656;99.99
99999E30594503;736;12;8;70656;99.99
99999E30594504;1104;12;12;105984;99.99
99999E30594505;736;12;8;70656;99.99
99999E30594506;736;12;8;70656;99.99
99999E30594507;736;12;8;70656;99.99
99999E30594508;736;12;8;70656;99.99
99999E30594509;736;12;8;70656;99.99
99999E30594510;736;12;8;70656;99.99
99999E30594511;736;12;8;70656;99.99
99999E30594512;736;12;8;70656;99.99
99999E30594513;736;12;8;70656;99.99
99999E30594514;1104;12;12;105984;99.99
99999E30594515;736;12;8;70656;99.99
99999E30594516;736;12;8;70656;99.99
99999E30594517;736;12;8;70656;99.99
99999E30594518;736;12;8;70656;99.99
99999E30594519;736;12;8;70656;99.99
99999E30594520;736;12;8;70656;99.99
99999E30594521;736;12;8;70656;99.99
99999E30594524;736;12;8;70656;99.99
99999E30594525;736;12;8;70656;99.99
99999E30594526;1104;12;12;105984;99.99
99999E30594527;736;12;8;70656;99.99
99999E30594528;736;12;8;70656;99.99
99999E30594529;736;12;8;70656;99.99
99999E30594530;736;12;8;70656;99.99
99999E30594532;736;12;8;70656;99.99
99999E30617066;2200;18;16;211200;99.99
99999E30617068;1100;18;8;105600;99.99
99999E30617070;1100;18;8;105600;99.99
99999E30617072;1100;18;8;105600;99.99
99999E30617074;1100;18;8;105600;99.99
99999E30617076;1100;18;8;105600;99.99
99999E30617089;2200;18;16;211200;99.99
99999E30639920;736;12;8;70656;99.99
99999E30639921;736;12;8;70656;99.99
99999E30639923;736;12;8;70656;99.99
99999E30639924;736;12;8;70656;99.99
99999E30639925;736;12;8;70656;99.99
99999E30639926;736;12;8;70656;99.99
99999E30639927;736;12;8;70656;99.99
99999E30639928;736;12;8;70656;99.99
99999E30639929;736;12;8;70656;99.99
99999E30639931;736;12;8;70656;99.99
99999E30639932;1104;12;12;105984;99.99
99999E30639934;736;12;8;70656;99.99
99999E30639935;736;12;8;70656;99.99
99999E30639936;736;12;8;70656;99.99
99999E30639937;736;12;8;70656;99.99
99999E30639938;736;12;8;70656;99.99
99999E30639939;736;12;8;70656;99.99
99999E30639940;736;12;8;70656;99.99
99999E30639941;736;12;8;70656;99.99
99999E30639942;736;12;8;70656;99.99
99999E30639943;736;12;8;70656;99.99
99999E30639944;736;12;8;70656;99.99
99999E30639945;736;12;8;70656;99.99
99999E30639946;736;12;8;70656;99.99
99999E30639947;736;12;8;70656;99.99
99999E30639948;736;12;8;70656;99.99
99999E30639950;736;12;8;70656;99.99
99999E30639951;736;12;8;70656;99.99
99999E30639953;736;12;8;70656;99.99
99999E30639954;736;12;8;70656;99.99
99999E30639955;736;12;8;70656;99.99
99999E30639956;736;12;8;70656;99.99
99999E30639958;736;12;8;70656;99.99
99999E30639960;736;12;8;70656;99.99
99999E30639963;736;12;8;70656;99.99
99999E30656656;736;12;8;70656;99.99
99999E30656667;728;12;8;69888;99.99
99999E30656670;736;12;8;70656;99.99
99999E30656686;736;12;8;70656;99.99
99999E30656702;736;12;8;70656;99.99
99999E30684619;1100;18;8;105600;99.99
99999E30689151;736;12;8;70656;99.99
99999E30702102;736;12;8;70656;99.99
99999E30707582;1100;18;8;105600;99.99
99999E30707923;736;12;8;70656;99.99
99999E30708456;1100;18;8;105600;99.99
99999E30708610;736;12;8;70656;99.99
99999E30721527;1100;18;8;105600;99.99
99999E30722932;1100;18;8;105600;99.99
99999E30730712;736;12;8;70656;99.99
99999E30730775;736;12;8;70656;99.99
99999E30740981;736;12;8;70656;99.99
99999E30755146;736;12;8;70656;99.99
99999E30798243;736;12;8;70656;99.99
99999E30798244;736;12;8;70656;99.99
99999E30798245;736;12;8;70656;99.99
99999E30798246;736;12;8;70656;99.99
99999E30798249;736;12;8;70656;99.99
99999E30798252;736;12;8;70656;99.99
99999E30798253;736;12;8;70656;99.99
99999E30798254;736;12;8;70656;99.99
99999E30800823;1100;18;8;105600;99.99
99999E30809668;1100;18;8;105600;99.99
99999E30827449;736;12;8;70656;99.99
99999E30832432;736;12;8;70656;99.99
99999E30835265;736;12;8;70656;99.99
99999E30835269;736;12;8;70656;99.99
99999E30838101;736;12;8;70656;99.99
99999E30907953;736;12;8;70656;99.99
99999E30918930;736;12;8;70656;99.99
99999E30938369;736;12;8;70656;99.99
99999E30938371;736;12;8;70656;99.99
99999E30938372;736;12;8;70656;99.99
99999E30938373;736;12;8;70656;99.99
99999E30938374;736;12;8;70656;99.99
99999E30938380;736;12;8;70656;99.99
99999E30938381;736;12;8;70656;99.99
99999E30938382;736;12;8;70656;99.99
99999E30938383;736;12;8;70656;99.99
99999E31003248;1472;12;16;141312;99.99
99999E31012625;736;12;8;70656;99.99
99999E31012626;1100;18;8;105600;99.99
99999E31014488;736;12;8;70656;99.99
99999E31023709;736;12;8;70656;99.99
99999E31025941;736;12;8;70656;99.99
99999E31028219;1100;18;8;105600;99.99
99999E31028436;736;12;8;70656;99.99
99999E31029382;736;12;8;70656;99.99
99999E40000011;1100;18;8;105600;99.99
99999E40000025;980;16;8;94080;99.99
99999E40000026;736;12;8;70656;99.99
99999E40000028;1100;18;8;105600;99.99
99999E40000066;1100;18;8;105600;99.99
99999E40000068;858;14;8;82368;99.99
99999E40000074;2634;18;20;252864;99.99
99999E40000084;980;16;8;94080;99.99
99999E40000087;858;14;8;82368;99.99
99999E40000094;858;14;8;82368;99.99
99999E40000096;798;13;8;76608;99.99
99999E40000097;1100;18;8;105600;99.99
99999E40000103;980;16;8;94080;99.99
99999E40000106;900;15;8;86400;99.99
99999E40000107;1100;18;8;105600;99.99
99999E40000112;1100;18;8;105600;99.99
99999E40000116;1100;18;8;105600;99.99
99999E40000122;1100;18;8;105600;99.99
99999E40000123;1100;18;8;105600;99.99
99999E40000124;1100;18;8;105600;99.99
99999E40000125;1100;18;8;105600;99.99
99999E40000129;1100;18;8;105600;99.99
99999E40000130;798;13;8;76608;99.99
99999E40000150;1100;18;8;105600;99.99
99999E40000151;1100;18;8;105600;99.99
99999E40000152;798;13;8;76608;99.99
99999E40000155;1840;15;16;176640;99.99
99999E40000156;858;14;8;82368;99.99
99999E40000158;798;13;8;76608;99.99
99999E40000161;1100;18;8;105600;99.99
99999E40000163;1100;18;8;105600;99.99
99999E40000164;1100;18;8;105600;99.99
99999E40000172;1100;18;8;105600;99.99
99999E40000174;1100;18;8;105600;99.99
99999E40000178;1100;18;8;105600;99.99
99999E40000181;1100;18;8;105600;99.99
99999E40000186;1100;18;8;105600;99.99
99999E40000187;1100;18;8;105600;99.99
99999E40000188;1100;18;8;105600;99.99
99999E40000191;1100;18;8;105600;99.99
99999E40000192;1100;18;8;105600;99.99
99999E40000193;1100;18;8;105600;99.99
99999E40000206;1100;18;8;105600;99.99
99999E40000208;798;13;8;76608;99.99
99999E40000211;1100;18;8;105600;99.99
99999E40000225;1042;17;8;100032;99.99
99999E40000235;1472;12;16;141312;99.99
99999E40000240;920;15;8;88320;99.99
99999E40000245;1472;12;16;141312;99.99
99999E40000254;1100;18;8;105600;99.99
99999E40000262;1840;15;16;176640;99.99
99999E40000269;1100;18;8;105600;99.99
99999E40000271;1100;18;8;105600;99.99
99999E40000278;1472;12;16;141312;99.99
99999E40000282;980;16;8;94080;99.99
99999E40000292;1100;18;8;105600;99.99
99999E40000295;798;13;8;76608;99.99
99999E40000298;1470;16;107;141120;99.92
99999E40000300;1100;18;8;105600;99.99
99999E40000314;1472;12;16;141312;99.99
99999E40000323;1100;18;12;105600;99.99
99999E40000336;908;15;8;87168;99.99
99999E40000338;736;12;8;70656;99.99
99999E40000346;920;15;8;88320;99.99
99999E40000368;1100;18;8;105600;99.99
99999E40000371;1100;18;8;105600;99.99
99999E40000385;858;14;8;82368;99.99
99999E40000393;1100;18;8;105600;99.99
99999E40000401;1100;18;8;105600;99.99
99999E40000405;980;16;8;94080;99.99
99999E40000407;1042;17;8;100032;99.99
99999E40000412;1100;18;8;105600;99.99
99999E40000416;1100;18;8;105600;99.99
99999E40000429;1650;18;12;158400;99.99
99999E40000434;858;14;8;82368;99.99
99999E40000439;1042;17;8;100032;99.99
99999E40000444;1100;18;8;105600;99.99
99999E40000445;920;15;8;88320;99.99
99999E40000446;1100;18;8;105600;99.99
99999E40000456;858;14;8;82368;99.99
99999E40000459;1716;14;16;164736;99.99
99999E40000461;1716;14;16;164736;99.99
99999E40000471;1100;18;8;105600;99.99
99999E40000473;1108;18;41;106368;99.96
99999E40000485;2200;18;16;211200;99.99
99999E40000489;1100;18;8;105600;99.99
99999E40000493;1100;18;8;105600;99.99
99999E40000494;1100;18;8;105600;99.99
99999E40000503;1100;18;8;105600;99.99
99999E40000504;736;12;8;70656;99.99
99999E40000505;1100;18;8;105600;99.99
99999E40000512;736;12;8;70656;99.99
99999E40000518;1650;18;12;158400;99.99
99999E40000520;980;16;8;94080;99.99
99999E40000521;980;16;8;94080;99.99
99999E40000522;980;16;8;94080;99.99
99999E40000523;980;16;8;94080;99.99
99999E40000524;980;16;8;94080;99.99
99999E40000525;1100;18;8;105600;99.99
99999E40000526;980;16;8;94080;99.99
99999E40000527;1100;18;8;105600;99.99
99999E40000531;798;13;8;76608;99.99
99999E40000535;858;14;8;82368;99.99
99999E40000537;1100;18;8;105600;99.99
99999E40000539;1100;18;8;105600;99.99
99999E40000540;1650;18;12;158400;99.99
99999E40000541;980;16;8;94080;99.99
99999E40000543;1100;18;8;105600;99.99
99999E40000544;1100;18;8;105600;99.99
99999E40000553;1100;18;8;105600;99.99
99999E40000554;2750;18;20;264000;99.99
99999E40000557;1100;18;8;105600;99.99
99999E40000559;1100;18;8;105600;99.99
99999E40000561;736;12;8;70656;99.99
99999E40000563;858;14;8;82368;99.99
99999E40000574;1100;18;8;105600;99.99
99999E40000575;1287;14;12;123552;99.99
99999E40000576;1030;17;8;98880;99.99
99999E40000582;1100;18;8;105600;99.99
99999E40000588;1100;18;8;105600;99.99
99999E40000605;1100;18;8;105600;99.99
99999E40000615;1840;15;16;176640;99.99
99999E40000621;1100;18;8;105600;99.99
99999E40000628;1100;18;8;105600;99.99
99999E40000630;736;12;8;70656;99.99
99999E40000633;858;14;8;82368;99.99
99999E40000636;736;12;8;70656;99.99
99999E40000646;1100;18;8;105600;99.99
99999E40000660;1065;12;12;102240;99.99
99999E40000661;1100;18;8;105600;99.99
99999E40000666;1650;18;12;158400;99.99
99999E40000681;1100;18;8;105600;99.99
99999E40000683;980;16;8;94080;99.99
99999E40000688;1100;18;8;105600;99.99
99999E40000690;1100;18;8;105600;99.99
99999E40000692;1100;18;8;105600;99.99
99999E40000704;2200;18;16;211200;99.99
99999E40000705;980;16;8;94080;99.99
99999E40000716;1716;14;16;164736;99.99
99999E40000718;1650;18;12;158400;99.99
99999E40000722;780;13;8;74880;99.99
99999E40000723;780;13;8;74880;99.99
99999E40000724;1100;18;8;105600;99.99
99999E40000728;1100;18;8;105600;99.99
99999E40000733;1100;18;8;105600;99.99
99999E40000735;2145;14;20;205920;99.99
99999E40000744;798;13;8;76608;99.99
99999E40000745;798;13;8;76608;99.99
99999E40000746;798;13;8;76608;99.99
99999E40000747;798;13;8;76608;99.99
99999E40000748;798;13;8;76608;99.99
99999E40000751;1100;18;8;105600;99.99
99999E40000754;1093;12;12;104928;99.99
99999E40000757;1100;18;8;105600;99.99
99999E40000758;1042;17;8;100032;99.99
99999E40000761;1716;14;16;164736;99.99
99999E40000764;980;16;8;94080;99.99
99999E40000765;1100;18;8;105600;99.99
99999E40000768;1100;18;8;105600;99.99
99999E40000770;1104;12;12;105984;99.99
99999E40000771;1100;18;8;105600;99.99
99999E40000797;1100;18;8;105600;99.99
99999E40000799;1042;17;8;100032;99.99
99999E40000806;1100;18;8;105600;99.99
99999E40000807;1100;18;8;105600;99.99
99999E40000813;1042;17;8;100032;99.99
99999E40000819;736;12;8;70656;99.99
99999E40000823;1100;18;8;105600;99.99
99999E40000825;1650;18;12;158400;99.99
99999E40000830;1100;18;8;105600;99.99
99999E40000831;1100;18;8;105600;99.99
99999E40000850;858;14;8;82368;99.99
99999E40000862;1100;18;8;105600;99.99
99999E40000863;1100;18;8;105600;99.99
99999E40000867;1100;18;8;105600;99.99
99999E40000877;1960;16;16;188160;99.99
99999E40000883;1100;18;8;105600;99.99
99999E40000886;736;12;8;70656;99.99
99999E40000887;1100;18;8;105600;99.99
99999E40000893;1100;18;8;105600;99.99
99999E40000898;980;16;8;94080;99.99
99999E40000912;1073;12;12;103008;99.99
99999E40000918;1042;17;8;100032;99.99
99999E40000928;1100;18;8;105600;99.99
99999E40000933;1995;13;20;191520;99.99
99999E40000935;1100;18;8;105600;99.99
99999E40000946;1100;18;8;105600;99.99
99999E40000948;1100;18;8;105600;99.99
99999E40000954;1065;12;12;102240;99.99
99999E40000960;1100;18;8;105600;99.99
99999E40000961;1070;18;8;102720;99.99
99999E40000962;1034;18;8;99264;99.99
99999E40000963;1100;18;8;105600;99.99
99999E40000966;806;14;8;77376;99.99
99999E40000968;1100;18;8;105600;99.99
99999E40000976;1098;18;8;105408;99.99
99999E40000990;966;16;8;92736;99.99
99999E40000991;910;16;8;87360;99.99
99999E40000992;1004;17;8;96384;99.99
99999E40001025;824;14;8;79104;99.99
99999E40001030;808;14;8;77568;99.99
99999E40001043;780;13;8;74880;99.99
99999E40001065;714;12;8;68544;99.99
99999E40001074;692;12;8;66432;99.99
99999E40001084;680;12;8;65280;99.99
